asset,conditionId,timestamp,timestamp_utc,price,source
80565288195959230151185052980976311228475022733379902952712338826972942332490,0x635d4fdd418b1d335b74dbfee01b7e8a9e8003ca60ad4501a0d231b2e87584bd,1778268005,2026-05-08T19:20:05+00:00,0.875,clob_prices_history
80565288195959230151185052980976311228475022733379902952712338826972942332490,0x635d4fdd418b1d335b74dbfee01b7e8a9e8003ca60ad4501a0d231b2e87584bd,1778268005,2026-05-08T19:20:05+00:00,0.875,clob_prices_history
80565288195959230151185052980976311228475022733379902952712338826972942332490,0x635d4fdd418b1d335b74dbfee01b7e8a9e8003ca60ad4501a0d231b2e87584bd,1778268005,2026-05-08T19:20:05+00:00,0.875,clob_prices_history
80565288195959230151185052980976311228475022733379902952712338826972942332490,0x635d4fdd418b1d335b74dbfee01b7e8a9e8003ca60ad4501a0d231b2e87584bd,1778268005,2026-05-08T19:20:05+00:00,0.875,clob_prices_history
80565288195959230151185052980976311228475022733379902952712338826972942332490,0x635d4fdd418b1d335b74dbfee01b7e8a9e8003ca60ad4501a0d231b2e87584bd,1778268005,2026-05-08T19:20:05+00:00,0.875,clob_prices_history
80565288195959230151185052980976311228475022733379902952712338826972942332490,0x635d4fdd418b1d335b74dbfee01b7e8a9e8003ca60ad4501a0d231b2e87584bd,1778268005,2026-05-08T19:20:05+00:00,0.875,clob_prices_history
80565288195959230151185052980976311228475022733379902952712338826972942332490,0x635d4fdd418b1d335b74dbfee01b7e8a9e8003ca60ad4501a0d231b2e87584bd,1778268005,2026-05-08T19:20:05+00:00,0.875,clob_prices_history
80565288195959230151185052980976311228475022733379902952712338826972942332490,0x635d4fdd418b1d335b74dbfee01b7e8a9e8003ca60ad4501a0d231b2e87584bd,1777593620,2026-05-01T00:00:20+00:00,0.75,clob_prices_history
80565288195959230151185052980976311228475022733379902952712338826972942332490,0x635d4fdd418b1d335b74dbfee01b7e8a9e8003ca60ad4501a0d231b2e87584bd,1777594506,2026-05-01T00:15:06+00:00,0.77,clob_prices_history
80565288195959230151185052980976311228475022733379902952712338826972942332490,0x635d4fdd418b1d335b74dbfee01b7e8a9e8003ca60ad4501a0d231b2e87584bd,1777595406,2026-05-01T00:30:06+00:00,0.765,clob_prices_history
80565288195959230151185052980976311228475022733379902952712338826972942332490,0x635d4fdd418b1d335b74dbfee01b7e8a9e8003ca60ad4501a0d231b2e87584bd,1777596304,2026-05-01T00:45:04+00:00,0.765,clob_prices_history
80565288195959230151185052980976311228475022733379902952712338826972942332490,0x635d4fdd418b1d335b74dbfee01b7e8a9e8003ca60ad4501a0d231b2e87584bd,1777597220,2026-05-01T01:00:20+00:00,0.77,clob_prices_history
80565288195959230151185052980976311228475022733379902952712338826972942332490,0x635d4fdd418b1d335b74dbfee01b7e8a9e8003ca60ad4501a0d231b2e87584bd,1777598105,2026-05-01T01:15:05+00:00,0.775,clob_prices_history
80565288195959230151185052980976311228475022733379902952712338826972942332490,0x635d4fdd418b1d335b74dbfee01b7e8a9e8003ca60ad4501a0d231b2e87584bd,1777599006,2026-05-01T01:30:06+00:00,0.77,clob_prices_history
80565288195959230151185052980976311228475022733379902952712338826972942332490,0x635d4fdd418b1d335b74dbfee01b7e8a9e8003ca60ad4501a0d231b2e87584bd,1777599904,2026-05-01T01:45:04+00:00,0.77,clob_prices_history
80565288195959230151185052980976311228475022733379902952712338826972942332490,0x635d4fdd418b1d335b74dbfee01b7e8a9e8003ca60ad4501a0d231b2e87584bd,1777600808,2026-05-01T02:00:08+00:00,0.77,clob_prices_history
80565288195959230151185052980976311228475022733379902952712338826972942332490,0x635d4fdd418b1d335b74dbfee01b7e8a9e8003ca60ad4501a0d231b2e87584bd,1777601705,2026-05-01T02:15:05+00:00,0.77,clob_prices_history
80565288195959230151185052980976311228475022733379902952712338826972942332490,0x635d4fdd418b1d335b74dbfee01b7e8a9e8003ca60ad4501a0d231b2e87584bd,1777602607,2026-05-01T02:30:07+00:00,0.77,clob_prices_history
80565288195959230151185052980976311228475022733379902952712338826972942332490,0x635d4fdd418b1d335b74dbfee01b7e8a9e8003ca60ad4501a0d231b2e87584bd,1777603517,2026-05-01T02:45:17+00:00,0.775,clob_prices_history
80565288195959230151185052980976311228475022733379902952712338826972942332490,0x635d4fdd418b1d335b74dbfee01b7e8a9e8003ca60ad4501a0d231b2e87584bd,1777604410,2026-05-01T03:00:10+00:00,0.775,clob_prices_history
80565288195959230151185052980976311228475022733379902952712338826972942332490,0x635d4fdd418b1d335b74dbfee01b7e8a9e8003ca60ad4501a0d231b2e87584bd,1777605304,2026-05-01T03:15:04+00:00,0.77,clob_prices_history
80565288195959230151185052980976311228475022733379902952712338826972942332490,0x635d4fdd418b1d335b74dbfee01b7e8a9e8003ca60ad4501a0d231b2e87584bd,1777606208,2026-05-01T03:30:08+00:00,0.77,clob_prices_history
80565288195959230151185052980976311228475022733379902952712338826972942332490,0x635d4fdd418b1d335b74dbfee01b7e8a9e8003ca60ad4501a0d231b2e87584bd,1777607106,2026-05-01T03:45:06+00:00,0.775,clob_prices_history
80565288195959230151185052980976311228475022733379902952712338826972942332490,0x635d4fdd418b1d335b74dbfee01b7e8a9e8003ca60ad4501a0d231b2e87584bd,1777608015,2026-05-01T04:00:15+00:00,0.77,clob_prices_history
80565288195959230151185052980976311228475022733379902952712338826972942332490,0x635d4fdd418b1d335b74dbfee01b7e8a9e8003ca60ad4501a0d231b2e87584bd,1777608906,2026-05-01T04:15:06+00:00,0.76,clob_prices_history
80565288195959230151185052980976311228475022733379902952712338826972942332490,0x635d4fdd418b1d335b74dbfee01b7e8a9e8003ca60ad4501a0d231b2e87584bd,1777609806,2026-05-01T04:30:06+00:00,0.775,clob_prices_history
80565288195959230151185052980976311228475022733379902952712338826972942332490,0x635d4fdd418b1d335b74dbfee01b7e8a9e8003ca60ad4501a0d231b2e87584bd,1777610705,2026-05-01T04:45:05+00:00,0.77,clob_prices_history
80565288195959230151185052980976311228475022733379902952712338826972942332490,0x635d4fdd418b1d335b74dbfee01b7e8a9e8003ca60ad4501a0d231b2e87584bd,1777611612,2026-05-01T05:00:12+00:00,0.77,clob_prices_history
80565288195959230151185052980976311228475022733379902952712338826972942332490,0x635d4fdd418b1d335b74dbfee01b7e8a9e8003ca60ad4501a0d231b2e87584bd,1777612504,2026-05-01T05:15:04+00:00,0.76,clob_prices_history
80565288195959230151185052980976311228475022733379902952712338826972942332490,0x635d4fdd418b1d335b74dbfee01b7e8a9e8003ca60ad4501a0d231b2e87584bd,1777613406,2026-05-01T05:30:06+00:00,0.755,clob_prices_history
80565288195959230151185052980976311228475022733379902952712338826972942332490,0x635d4fdd418b1d335b74dbfee01b7e8a9e8003ca60ad4501a0d231b2e87584bd,1777614306,2026-05-01T05:45:06+00:00,0.755,clob_prices_history
80565288195959230151185052980976311228475022733379902952712338826972942332490,0x635d4fdd418b1d335b74dbfee01b7e8a9e8003ca60ad4501a0d231b2e87584bd,1777615214,2026-05-01T06:00:14+00:00,0.755,clob_prices_history
80565288195959230151185052980976311228475022733379902952712338826972942332490,0x635d4fdd418b1d335b74dbfee01b7e8a9e8003ca60ad4501a0d231b2e87584bd,1777616104,2026-05-01T06:15:04+00:00,0.745,clob_prices_history
80565288195959230151185052980976311228475022733379902952712338826972942332490,0x635d4fdd418b1d335b74dbfee01b7e8a9e8003ca60ad4501a0d231b2e87584bd,1777617020,2026-05-01T06:30:20+00:00,0.75,clob_prices_history
80565288195959230151185052980976311228475022733379902952712338826972942332490,0x635d4fdd418b1d335b74dbfee01b7e8a9e8003ca60ad4501a0d231b2e87584bd,1777617918,2026-05-01T06:45:18+00:00,0.75,clob_prices_history
80565288195959230151185052980976311228475022733379902952712338826972942332490,0x635d4fdd418b1d335b74dbfee01b7e8a9e8003ca60ad4501a0d231b2e87584bd,1777618809,2026-05-01T07:00:09+00:00,0.755,clob_prices_history
80565288195959230151185052980976311228475022733379902952712338826972942332490,0x635d4fdd418b1d335b74dbfee01b7e8a9e8003ca60ad4501a0d231b2e87584bd,1777619705,2026-05-01T07:15:05+00:00,0.755,clob_prices_history
80565288195959230151185052980976311228475022733379902952712338826972942332490,0x635d4fdd418b1d335b74dbfee01b7e8a9e8003ca60ad4501a0d231b2e87584bd,1777620605,2026-05-01T07:30:05+00:00,0.76,clob_prices_history
80565288195959230151185052980976311228475022733379902952712338826972942332490,0x635d4fdd418b1d335b74dbfee01b7e8a9e8003ca60ad4501a0d231b2e87584bd,1777621508,2026-05-01T07:45:08+00:00,0.765,clob_prices_history
80565288195959230151185052980976311228475022733379902952712338826972942332490,0x635d4fdd418b1d335b74dbfee01b7e8a9e8003ca60ad4501a0d231b2e87584bd,1777622408,2026-05-01T08:00:08+00:00,0.775,clob_prices_history
80565288195959230151185052980976311228475022733379902952712338826972942332490,0x635d4fdd418b1d335b74dbfee01b7e8a9e8003ca60ad4501a0d231b2e87584bd,1777623307,2026-05-01T08:15:07+00:00,0.77,clob_prices_history
80565288195959230151185052980976311228475022733379902952712338826972942332490,0x635d4fdd418b1d335b74dbfee01b7e8a9e8003ca60ad4501a0d231b2e87584bd,1777624212,2026-05-01T08:30:12+00:00,0.775,clob_prices_history
80565288195959230151185052980976311228475022733379902952712338826972942332490,0x635d4fdd418b1d335b74dbfee01b7e8a9e8003ca60ad4501a0d231b2e87584bd,1777625109,2026-05-01T08:45:09+00:00,0.775,clob_prices_history
80565288195959230151185052980976311228475022733379902952712338826972942332490,0x635d4fdd418b1d335b74dbfee01b7e8a9e8003ca60ad4501a0d231b2e87584bd,1777626010,2026-05-01T09:00:10+00:00,0.775,clob_prices_history
80565288195959230151185052980976311228475022733379902952712338826972942332490,0x635d4fdd418b1d335b74dbfee01b7e8a9e8003ca60ad4501a0d231b2e87584bd,1777626905,2026-05-01T09:15:05+00:00,0.77,clob_prices_history
80565288195959230151185052980976311228475022733379902952712338826972942332490,0x635d4fdd418b1d335b74dbfee01b7e8a9e8003ca60ad4501a0d231b2e87584bd,1777627807,2026-05-01T09:30:07+00:00,0.76,clob_prices_history
80565288195959230151185052980976311228475022733379902952712338826972942332490,0x635d4fdd418b1d335b74dbfee01b7e8a9e8003ca60ad4501a0d231b2e87584bd,1777628704,2026-05-01T09:45:04+00:00,0.75,clob_prices_history
80565288195959230151185052980976311228475022733379902952712338826972942332490,0x635d4fdd418b1d335b74dbfee01b7e8a9e8003ca60ad4501a0d231b2e87584bd,1777629607,2026-05-01T10:00:07+00:00,0.765,clob_prices_history
80565288195959230151185052980976311228475022733379902952712338826972942332490,0x635d4fdd418b1d335b74dbfee01b7e8a9e8003ca60ad4501a0d231b2e87584bd,1777630518,2026-05-01T10:15:18+00:00,0.74,clob_prices_history
80565288195959230151185052980976311228475022733379902952712338826972942332490,0x635d4fdd418b1d335b74dbfee01b7e8a9e8003ca60ad4501a0d231b2e87584bd,1777631407,2026-05-01T10:30:07+00:00,0.735,clob_prices_history
80565288195959230151185052980976311228475022733379902952712338826972942332490,0x635d4fdd418b1d335b74dbfee01b7e8a9e8003ca60ad4501a0d231b2e87584bd,1777632305,2026-05-01T10:45:05+00:00,0.755,clob_prices_history
80565288195959230151185052980976311228475022733379902952712338826972942332490,0x635d4fdd418b1d335b74dbfee01b7e8a9e8003ca60ad4501a0d231b2e87584bd,1777633206,2026-05-01T11:00:06+00:00,0.75,clob_prices_history
80565288195959230151185052980976311228475022733379902952712338826972942332490,0x635d4fdd418b1d335b74dbfee01b7e8a9e8003ca60ad4501a0d231b2e87584bd,1777634111,2026-05-01T11:15:11+00:00,0.755,clob_prices_history
80565288195959230151185052980976311228475022733379902952712338826972942332490,0x635d4fdd418b1d335b74dbfee01b7e8a9e8003ca60ad4501a0d231b2e87584bd,1777635007,2026-05-01T11:30:07+00:00,0.755,clob_prices_history
80565288195959230151185052980976311228475022733379902952712338826972942332490,0x635d4fdd418b1d335b74dbfee01b7e8a9e8003ca60ad4501a0d231b2e87584bd,1777635907,2026-05-01T11:45:07+00:00,0.76,clob_prices_history
80565288195959230151185052980976311228475022733379902952712338826972942332490,0x635d4fdd418b1d335b74dbfee01b7e8a9e8003ca60ad4501a0d231b2e87584bd,1777636812,2026-05-01T12:00:12+00:00,0.76,clob_prices_history
80565288195959230151185052980976311228475022733379902952712338826972942332490,0x635d4fdd418b1d335b74dbfee01b7e8a9e8003ca60ad4501a0d231b2e87584bd,1777637705,2026-05-01T12:15:05+00:00,0.765,clob_prices_history
80565288195959230151185052980976311228475022733379902952712338826972942332490,0x635d4fdd418b1d335b74dbfee01b7e8a9e8003ca60ad4501a0d231b2e87584bd,1777638608,2026-05-01T12:30:08+00:00,0.76,clob_prices_history
80565288195959230151185052980976311228475022733379902952712338826972942332490,0x635d4fdd418b1d335b74dbfee01b7e8a9e8003ca60ad4501a0d231b2e87584bd,1777639505,2026-05-01T12:45:05+00:00,0.755,clob_prices_history
80565288195959230151185052980976311228475022733379902952712338826972942332490,0x635d4fdd418b1d335b74dbfee01b7e8a9e8003ca60ad4501a0d231b2e87584bd,1777640407,2026-05-01T13:00:07+00:00,0.75,clob_prices_history
80565288195959230151185052980976311228475022733379902952712338826972942332490,0x635d4fdd418b1d335b74dbfee01b7e8a9e8003ca60ad4501a0d231b2e87584bd,1777641304,2026-05-01T13:15:04+00:00,0.755,clob_prices_history
80565288195959230151185052980976311228475022733379902952712338826972942332490,0x635d4fdd418b1d335b74dbfee01b7e8a9e8003ca60ad4501a0d231b2e87584bd,1777642208,2026-05-01T13:30:08+00:00,0.755,clob_prices_history
80565288195959230151185052980976311228475022733379902952712338826972942332490,0x635d4fdd418b1d335b74dbfee01b7e8a9e8003ca60ad4501a0d231b2e87584bd,1777643109,2026-05-01T13:45:09+00:00,0.745,clob_prices_history
80565288195959230151185052980976311228475022733379902952712338826972942332490,0x635d4fdd418b1d335b74dbfee01b7e8a9e8003ca60ad4501a0d231b2e87584bd,1777644007,2026-05-01T14:00:07+00:00,0.745,clob_prices_history
80565288195959230151185052980976311228475022733379902952712338826972942332490,0x635d4fdd418b1d335b74dbfee01b7e8a9e8003ca60ad4501a0d231b2e87584bd,1777644909,2026-05-01T14:15:09+00:00,0.75,clob_prices_history
80565288195959230151185052980976311228475022733379902952712338826972942332490,0x635d4fdd418b1d335b74dbfee01b7e8a9e8003ca60ad4501a0d231b2e87584bd,1777645809,2026-05-01T14:30:09+00:00,0.75,clob_prices_history
80565288195959230151185052980976311228475022733379902952712338826972942332490,0x635d4fdd418b1d335b74dbfee01b7e8a9e8003ca60ad4501a0d231b2e87584bd,1777646708,2026-05-01T14:45:08+00:00,0.765,clob_prices_history
80565288195959230151185052980976311228475022733379902952712338826972942332490,0x635d4fdd418b1d335b74dbfee01b7e8a9e8003ca60ad4501a0d231b2e87584bd,1777647614,2026-05-01T15:00:14+00:00,0.74,clob_prices_history
80565288195959230151185052980976311228475022733379902952712338826972942332490,0x635d4fdd418b1d335b74dbfee01b7e8a9e8003ca60ad4501a0d231b2e87584bd,1777648520,2026-05-01T15:15:20+00:00,0.745,clob_prices_history
80565288195959230151185052980976311228475022733379902952712338826972942332490,0x635d4fdd418b1d335b74dbfee01b7e8a9e8003ca60ad4501a0d231b2e87584bd,1777649420,2026-05-01T15:30:20+00:00,0.755,clob_prices_history
80565288195959230151185052980976311228475022733379902952712338826972942332490,0x635d4fdd418b1d335b74dbfee01b7e8a9e8003ca60ad4501a0d231b2e87584bd,1777650305,2026-05-01T15:45:05+00:00,0.755,clob_prices_history
80565288195959230151185052980976311228475022733379902952712338826972942332490,0x635d4fdd418b1d335b74dbfee01b7e8a9e8003ca60ad4501a0d231b2e87584bd,1777651206,2026-05-01T16:00:06+00:00,0.76,clob_prices_history
80565288195959230151185052980976311228475022733379902952712338826972942332490,0x635d4fdd418b1d335b74dbfee01b7e8a9e8003ca60ad4501a0d231b2e87584bd,1777652104,2026-05-01T16:15:04+00:00,0.76,clob_prices_history
80565288195959230151185052980976311228475022733379902952712338826972942332490,0x635d4fdd418b1d335b74dbfee01b7e8a9e8003ca60ad4501a0d231b2e87584bd,1777653006,2026-05-01T16:30:06+00:00,0.76,clob_prices_history
80565288195959230151185052980976311228475022733379902952712338826972942332490,0x635d4fdd418b1d335b74dbfee01b7e8a9e8003ca60ad4501a0d231b2e87584bd,1777653906,2026-05-01T16:45:06+00:00,0.755,clob_prices_history
80565288195959230151185052980976311228475022733379902952712338826972942332490,0x635d4fdd418b1d335b74dbfee01b7e8a9e8003ca60ad4501a0d231b2e87584bd,1777654823,2026-05-01T17:00:23+00:00,0.735,clob_prices_history
80565288195959230151185052980976311228475022733379902952712338826972942332490,0x635d4fdd418b1d335b74dbfee01b7e8a9e8003ca60ad4501a0d231b2e87584bd,1777655717,2026-05-01T17:15:17+00:00,0.73,clob_prices_history
80565288195959230151185052980976311228475022733379902952712338826972942332490,0x635d4fdd418b1d335b74dbfee01b7e8a9e8003ca60ad4501a0d231b2e87584bd,1777656607,2026-05-01T17:30:07+00:00,0.73,clob_prices_history
80565288195959230151185052980976311228475022733379902952712338826972942332490,0x635d4fdd418b1d335b74dbfee01b7e8a9e8003ca60ad4501a0d231b2e87584bd,1777657505,2026-05-01T17:45:05+00:00,0.74,clob_prices_history
80565288195959230151185052980976311228475022733379902952712338826972942332490,0x635d4fdd418b1d335b74dbfee01b7e8a9e8003ca60ad4501a0d231b2e87584bd,1777658414,2026-05-01T18:00:14+00:00,0.755,clob_prices_history
80565288195959230151185052980976311228475022733379902952712338826972942332490,0x635d4fdd418b1d335b74dbfee01b7e8a9e8003ca60ad4501a0d231b2e87584bd,1777659304,2026-05-01T18:15:04+00:00,0.735,clob_prices_history
80565288195959230151185052980976311228475022733379902952712338826972942332490,0x635d4fdd418b1d335b74dbfee01b7e8a9e8003ca60ad4501a0d231b2e87584bd,1777660209,2026-05-01T18:30:09+00:00,0.73,clob_prices_history
80565288195959230151185052980976311228475022733379902952712338826972942332490,0x635d4fdd418b1d335b74dbfee01b7e8a9e8003ca60ad4501a0d231b2e87584bd,1777661108,2026-05-01T18:45:08+00:00,0.73,clob_prices_history
80565288195959230151185052980976311228475022733379902952712338826972942332490,0x635d4fdd418b1d335b74dbfee01b7e8a9e8003ca60ad4501a0d231b2e87584bd,1777662008,2026-05-01T19:00:08+00:00,0.725,clob_prices_history
80565288195959230151185052980976311228475022733379902952712338826972942332490,0x635d4fdd418b1d335b74dbfee01b7e8a9e8003ca60ad4501a0d231b2e87584bd,1777662906,2026-05-01T19:15:06+00:00,0.73,clob_prices_history
80565288195959230151185052980976311228475022733379902952712338826972942332490,0x635d4fdd418b1d335b74dbfee01b7e8a9e8003ca60ad4501a0d231b2e87584bd,1777663809,2026-05-01T19:30:09+00:00,0.725,clob_prices_history
80565288195959230151185052980976311228475022733379902952712338826972942332490,0x635d4fdd418b1d335b74dbfee01b7e8a9e8003ca60ad4501a0d231b2e87584bd,1777666505,2026-05-01T20:15:05+00:00,0.725,clob_prices_history
80565288195959230151185052980976311228475022733379902952712338826972942332490,0x635d4fdd418b1d335b74dbfee01b7e8a9e8003ca60ad4501a0d231b2e87584bd,1777667406,2026-05-01T20:30:06+00:00,0.72,clob_prices_history
80565288195959230151185052980976311228475022733379902952712338826972942332490,0x635d4fdd418b1d335b74dbfee01b7e8a9e8003ca60ad4501a0d231b2e87584bd,1777668305,2026-05-01T20:45:05+00:00,0.725,clob_prices_history
80565288195959230151185052980976311228475022733379902952712338826972942332490,0x635d4fdd418b1d335b74dbfee01b7e8a9e8003ca60ad4501a0d231b2e87584bd,1777669214,2026-05-01T21:00:14+00:00,0.715,clob_prices_history
80565288195959230151185052980976311228475022733379902952712338826972942332490,0x635d4fdd418b1d335b74dbfee01b7e8a9e8003ca60ad4501a0d231b2e87584bd,1777670107,2026-05-01T21:15:07+00:00,0.72,clob_prices_history
80565288195959230151185052980976311228475022733379902952712338826972942332490,0x635d4fdd418b1d335b74dbfee01b7e8a9e8003ca60ad4501a0d231b2e87584bd,1777671006,2026-05-01T21:30:06+00:00,0.72,clob_prices_history
80565288195959230151185052980976311228475022733379902952712338826972942332490,0x635d4fdd418b1d335b74dbfee01b7e8a9e8003ca60ad4501a0d231b2e87584bd,1777671904,2026-05-01T21:45:04+00:00,0.725,clob_prices_history
80565288195959230151185052980976311228475022733379902952712338826972942332490,0x635d4fdd418b1d335b74dbfee01b7e8a9e8003ca60ad4501a0d231b2e87584bd,1777672806,2026-05-01T22:00:06+00:00,0.72,clob_prices_history
80565288195959230151185052980976311228475022733379902952712338826972942332490,0x635d4fdd418b1d335b74dbfee01b7e8a9e8003ca60ad4501a0d231b2e87584bd,1777673709,2026-05-01T22:15:09+00:00,0.725,clob_prices_history
80565288195959230151185052980976311228475022733379902952712338826972942332490,0x635d4fdd418b1d335b74dbfee01b7e8a9e8003ca60ad4501a0d231b2e87584bd,1777674609,2026-05-01T22:30:09+00:00,0.73,clob_prices_history
80565288195959230151185052980976311228475022733379902952712338826972942332490,0x635d4fdd418b1d335b74dbfee01b7e8a9e8003ca60ad4501a0d231b2e87584bd,1777675509,2026-05-01T22:45:09+00:00,0.73,clob_prices_history
80565288195959230151185052980976311228475022733379902952712338826972942332490,0x635d4fdd418b1d335b74dbfee01b7e8a9e8003ca60ad4501a0d231b2e87584bd,1777676407,2026-05-01T23:00:07+00:00,0.73,clob_prices_history
80565288195959230151185052980976311228475022733379902952712338826972942332490,0x635d4fdd418b1d335b74dbfee01b7e8a9e8003ca60ad4501a0d231b2e87584bd,1777677311,2026-05-01T23:15:11+00:00,0.73,clob_prices_history
80565288195959230151185052980976311228475022733379902952712338826972942332490,0x635d4fdd418b1d335b74dbfee01b7e8a9e8003ca60ad4501a0d231b2e87584bd,1777678210,2026-05-01T23:30:10+00:00,0.71,clob_prices_history
80565288195959230151185052980976311228475022733379902952712338826972942332490,0x635d4fdd418b1d335b74dbfee01b7e8a9e8003ca60ad4501a0d231b2e87584bd,1777679109,2026-05-01T23:45:09+00:00,0.715,clob_prices_history
80565288195959230151185052980976311228475022733379902952712338826972942332490,0x635d4fdd418b1d335b74dbfee01b7e8a9e8003ca60ad4501a0d231b2e87584bd,1777680013,2026-05-02T00:00:13+00:00,0.71,clob_prices_history
80565288195959230151185052980976311228475022733379902952712338826972942332490,0x635d4fdd418b1d335b74dbfee01b7e8a9e8003ca60ad4501a0d231b2e87584bd,1777680908,2026-05-02T00:15:08+00:00,0.705,clob_prices_history
80565288195959230151185052980976311228475022733379902952712338826972942332490,0x635d4fdd418b1d335b74dbfee01b7e8a9e8003ca60ad4501a0d231b2e87584bd,1777681809,2026-05-02T00:30:09+00:00,0.705,clob_prices_history
80565288195959230151185052980976311228475022733379902952712338826972942332490,0x635d4fdd418b1d335b74dbfee01b7e8a9e8003ca60ad4501a0d231b2e87584bd,1777682708,2026-05-02T00:45:08+00:00,0.71,clob_prices_history
80565288195959230151185052980976311228475022733379902952712338826972942332490,0x635d4fdd418b1d335b74dbfee01b7e8a9e8003ca60ad4501a0d231b2e87584bd,1777683606,2026-05-02T01:00:06+00:00,0.715,clob_prices_history
80565288195959230151185052980976311228475022733379902952712338826972942332490,0x635d4fdd418b1d335b74dbfee01b7e8a9e8003ca60ad4501a0d231b2e87584bd,1777684509,2026-05-02T01:15:09+00:00,0.71,clob_prices_history
80565288195959230151185052980976311228475022733379902952712338826972942332490,0x635d4fdd418b1d335b74dbfee01b7e8a9e8003ca60ad4501a0d231b2e87584bd,1777685410,2026-05-02T01:30:10+00:00,0.71,clob_prices_history
80565288195959230151185052980976311228475022733379902952712338826972942332490,0x635d4fdd418b1d335b74dbfee01b7e8a9e8003ca60ad4501a0d231b2e87584bd,1777686308,2026-05-02T01:45:08+00:00,0.71,clob_prices_history
80565288195959230151185052980976311228475022733379902952712338826972942332490,0x635d4fdd418b1d335b74dbfee01b7e8a9e8003ca60ad4501a0d231b2e87584bd,1777687210,2026-05-02T02:00:10+00:00,0.705,clob_prices_history
80565288195959230151185052980976311228475022733379902952712338826972942332490,0x635d4fdd418b1d335b74dbfee01b7e8a9e8003ca60ad4501a0d231b2e87584bd,1777688107,2026-05-02T02:15:07+00:00,0.735,clob_prices_history
80565288195959230151185052980976311228475022733379902952712338826972942332490,0x635d4fdd418b1d335b74dbfee01b7e8a9e8003ca60ad4501a0d231b2e87584bd,1777689023,2026-05-02T02:30:23+00:00,0.72,clob_prices_history
80565288195959230151185052980976311228475022733379902952712338826972942332490,0x635d4fdd418b1d335b74dbfee01b7e8a9e8003ca60ad4501a0d231b2e87584bd,1777689906,2026-05-02T02:45:06+00:00,0.72,clob_prices_history
80565288195959230151185052980976311228475022733379902952712338826972942332490,0x635d4fdd418b1d335b74dbfee01b7e8a9e8003ca60ad4501a0d231b2e87584bd,1777690811,2026-05-02T03:00:11+00:00,0.72,clob_prices_history
80565288195959230151185052980976311228475022733379902952712338826972942332490,0x635d4fdd418b1d335b74dbfee01b7e8a9e8003ca60ad4501a0d231b2e87584bd,1777691704,2026-05-02T03:15:04+00:00,0.715,clob_prices_history
80565288195959230151185052980976311228475022733379902952712338826972942332490,0x635d4fdd418b1d335b74dbfee01b7e8a9e8003ca60ad4501a0d231b2e87584bd,1777692606,2026-05-02T03:30:06+00:00,0.715,clob_prices_history
80565288195959230151185052980976311228475022733379902952712338826972942332490,0x635d4fdd418b1d335b74dbfee01b7e8a9e8003ca60ad4501a0d231b2e87584bd,1777693508,2026-05-02T03:45:08+00:00,0.715,clob_prices_history
80565288195959230151185052980976311228475022733379902952712338826972942332490,0x635d4fdd418b1d335b74dbfee01b7e8a9e8003ca60ad4501a0d231b2e87584bd,1777694407,2026-05-02T04:00:07+00:00,0.725,clob_prices_history
80565288195959230151185052980976311228475022733379902952712338826972942332490,0x635d4fdd418b1d335b74dbfee01b7e8a9e8003ca60ad4501a0d231b2e87584bd,1777695306,2026-05-02T04:15:06+00:00,0.75,clob_prices_history
80565288195959230151185052980976311228475022733379902952712338826972942332490,0x635d4fdd418b1d335b74dbfee01b7e8a9e8003ca60ad4501a0d231b2e87584bd,1777696222,2026-05-02T04:30:22+00:00,0.725,clob_prices_history
80565288195959230151185052980976311228475022733379902952712338826972942332490,0x635d4fdd418b1d335b74dbfee01b7e8a9e8003ca60ad4501a0d231b2e87584bd,1777697119,2026-05-02T04:45:19+00:00,0.73,clob_prices_history
80565288195959230151185052980976311228475022733379902952712338826972942332490,0x635d4fdd418b1d335b74dbfee01b7e8a9e8003ca60ad4501a0d231b2e87584bd,1777698009,2026-05-02T05:00:09+00:00,0.73,clob_prices_history
80565288195959230151185052980976311228475022733379902952712338826972942332490,0x635d4fdd418b1d335b74dbfee01b7e8a9e8003ca60ad4501a0d231b2e87584bd,1777698907,2026-05-02T05:15:07+00:00,0.73,clob_prices_history
80565288195959230151185052980976311228475022733379902952712338826972942332490,0x635d4fdd418b1d335b74dbfee01b7e8a9e8003ca60ad4501a0d231b2e87584bd,1777699809,2026-05-02T05:30:09+00:00,0.705,clob_prices_history
80565288195959230151185052980976311228475022733379902952712338826972942332490,0x635d4fdd418b1d335b74dbfee01b7e8a9e8003ca60ad4501a0d231b2e87584bd,1777700707,2026-05-02T05:45:07+00:00,0.705,clob_prices_history
80565288195959230151185052980976311228475022733379902952712338826972942332490,0x635d4fdd418b1d335b74dbfee01b7e8a9e8003ca60ad4501a0d231b2e87584bd,1777701610,2026-05-02T06:00:10+00:00,0.735,clob_prices_history
80565288195959230151185052980976311228475022733379902952712338826972942332490,0x635d4fdd418b1d335b74dbfee01b7e8a9e8003ca60ad4501a0d231b2e87584bd,1777702504,2026-05-02T06:15:04+00:00,0.725,clob_prices_history
80565288195959230151185052980976311228475022733379902952712338826972942332490,0x635d4fdd418b1d335b74dbfee01b7e8a9e8003ca60ad4501a0d231b2e87584bd,1777703406,2026-05-02T06:30:06+00:00,0.735,clob_prices_history
80565288195959230151185052980976311228475022733379902952712338826972942332490,0x635d4fdd418b1d335b74dbfee01b7e8a9e8003ca60ad4501a0d231b2e87584bd,1777704308,2026-05-02T06:45:08+00:00,0.7,clob_prices_history
80565288195959230151185052980976311228475022733379902952712338826972942332490,0x635d4fdd418b1d335b74dbfee01b7e8a9e8003ca60ad4501a0d231b2e87584bd,1777705225,2026-05-02T07:00:25+00:00,0.7,clob_prices_history
80565288195959230151185052980976311228475022733379902952712338826972942332490,0x635d4fdd418b1d335b74dbfee01b7e8a9e8003ca60ad4501a0d231b2e87584bd,1777706107,2026-05-02T07:15:07+00:00,0.705,clob_prices_history
80565288195959230151185052980976311228475022733379902952712338826972942332490,0x635d4fdd418b1d335b74dbfee01b7e8a9e8003ca60ad4501a0d231b2e87584bd,1777707007,2026-05-02T07:30:07+00:00,0.7,clob_prices_history
80565288195959230151185052980976311228475022733379902952712338826972942332490,0x635d4fdd418b1d335b74dbfee01b7e8a9e8003ca60ad4501a0d231b2e87584bd,1777707906,2026-05-02T07:45:06+00:00,0.715,clob_prices_history
80565288195959230151185052980976311228475022733379902952712338826972942332490,0x635d4fdd418b1d335b74dbfee01b7e8a9e8003ca60ad4501a0d231b2e87584bd,1777708820,2026-05-02T08:00:20+00:00,0.7,clob_prices_history
80565288195959230151185052980976311228475022733379902952712338826972942332490,0x635d4fdd418b1d335b74dbfee01b7e8a9e8003ca60ad4501a0d231b2e87584bd,1777709706,2026-05-02T08:15:06+00:00,0.695,clob_prices_history
80565288195959230151185052980976311228475022733379902952712338826972942332490,0x635d4fdd418b1d335b74dbfee01b7e8a9e8003ca60ad4501a0d231b2e87584bd,1777710606,2026-05-02T08:30:06+00:00,0.695,clob_prices_history
80565288195959230151185052980976311228475022733379902952712338826972942332490,0x635d4fdd418b1d335b74dbfee01b7e8a9e8003ca60ad4501a0d231b2e87584bd,1777711505,2026-05-02T08:45:05+00:00,0.7,clob_prices_history
80565288195959230151185052980976311228475022733379902952712338826972942332490,0x635d4fdd418b1d335b74dbfee01b7e8a9e8003ca60ad4501a0d231b2e87584bd,1777712414,2026-05-02T09:00:14+00:00,0.7,clob_prices_history
80565288195959230151185052980976311228475022733379902952712338826972942332490,0x635d4fdd418b1d335b74dbfee01b7e8a9e8003ca60ad4501a0d231b2e87584bd,1777713310,2026-05-02T09:15:10+00:00,0.695,clob_prices_history
80565288195959230151185052980976311228475022733379902952712338826972942332490,0x635d4fdd418b1d335b74dbfee01b7e8a9e8003ca60ad4501a0d231b2e87584bd,1777714210,2026-05-02T09:30:10+00:00,0.7,clob_prices_history
80565288195959230151185052980976311228475022733379902952712338826972942332490,0x635d4fdd418b1d335b74dbfee01b7e8a9e8003ca60ad4501a0d231b2e87584bd,1777715107,2026-05-02T09:45:07+00:00,0.705,clob_prices_history
80565288195959230151185052980976311228475022733379902952712338826972942332490,0x635d4fdd418b1d335b74dbfee01b7e8a9e8003ca60ad4501a0d231b2e87584bd,1777716007,2026-05-02T10:00:07+00:00,0.71,clob_prices_history
80565288195959230151185052980976311228475022733379902952712338826972942332490,0x635d4fdd418b1d335b74dbfee01b7e8a9e8003ca60ad4501a0d231b2e87584bd,1777716906,2026-05-02T10:15:06+00:00,0.72,clob_prices_history
80565288195959230151185052980976311228475022733379902952712338826972942332490,0x635d4fdd418b1d335b74dbfee01b7e8a9e8003ca60ad4501a0d231b2e87584bd,1777717810,2026-05-02T10:30:10+00:00,0.715,clob_prices_history
80565288195959230151185052980976311228475022733379902952712338826972942332490,0x635d4fdd418b1d335b74dbfee01b7e8a9e8003ca60ad4501a0d231b2e87584bd,1777718706,2026-05-02T10:45:06+00:00,0.725,clob_prices_history
80565288195959230151185052980976311228475022733379902952712338826972942332490,0x635d4fdd418b1d335b74dbfee01b7e8a9e8003ca60ad4501a0d231b2e87584bd,1777719607,2026-05-02T11:00:07+00:00,0.715,clob_prices_history
80565288195959230151185052980976311228475022733379902952712338826972942332490,0x635d4fdd418b1d335b74dbfee01b7e8a9e8003ca60ad4501a0d231b2e87584bd,1777720508,2026-05-02T11:15:08+00:00,0.715,clob_prices_history
80565288195959230151185052980976311228475022733379902952712338826972942332490,0x635d4fdd418b1d335b74dbfee01b7e8a9e8003ca60ad4501a0d231b2e87584bd,1777721408,2026-05-02T11:30:08+00:00,0.715,clob_prices_history
80565288195959230151185052980976311228475022733379902952712338826972942332490,0x635d4fdd418b1d335b74dbfee01b7e8a9e8003ca60ad4501a0d231b2e87584bd,1777722305,2026-05-02T11:45:05+00:00,0.715,clob_prices_history
80565288195959230151185052980976311228475022733379902952712338826972942332490,0x635d4fdd418b1d335b74dbfee01b7e8a9e8003ca60ad4501a0d231b2e87584bd,1777723211,2026-05-02T12:00:11+00:00,0.715,clob_prices_history
80565288195959230151185052980976311228475022733379902952712338826972942332490,0x635d4fdd418b1d335b74dbfee01b7e8a9e8003ca60ad4501a0d231b2e87584bd,1777724105,2026-05-02T12:15:05+00:00,0.715,clob_prices_history
80565288195959230151185052980976311228475022733379902952712338826972942332490,0x635d4fdd418b1d335b74dbfee01b7e8a9e8003ca60ad4501a0d231b2e87584bd,1777725013,2026-05-02T12:30:13+00:00,0.715,clob_prices_history
80565288195959230151185052980976311228475022733379902952712338826972942332490,0x635d4fdd418b1d335b74dbfee01b7e8a9e8003ca60ad4501a0d231b2e87584bd,1777725907,2026-05-02T12:45:07+00:00,0.715,clob_prices_history
80565288195959230151185052980976311228475022733379902952712338826972942332490,0x635d4fdd418b1d335b74dbfee01b7e8a9e8003ca60ad4501a0d231b2e87584bd,1777726810,2026-05-02T13:00:10+00:00,0.72,clob_prices_history
80565288195959230151185052980976311228475022733379902952712338826972942332490,0x635d4fdd418b1d335b74dbfee01b7e8a9e8003ca60ad4501a0d231b2e87584bd,1777727709,2026-05-02T13:15:09+00:00,0.725,clob_prices_history
80565288195959230151185052980976311228475022733379902952712338826972942332490,0x635d4fdd418b1d335b74dbfee01b7e8a9e8003ca60ad4501a0d231b2e87584bd,1777728618,2026-05-02T13:30:18+00:00,0.715,clob_prices_history
80565288195959230151185052980976311228475022733379902952712338826972942332490,0x635d4fdd418b1d335b74dbfee01b7e8a9e8003ca60ad4501a0d231b2e87584bd,1777729508,2026-05-02T13:45:08+00:00,0.715,clob_prices_history
80565288195959230151185052980976311228475022733379902952712338826972942332490,0x635d4fdd418b1d335b74dbfee01b7e8a9e8003ca60ad4501a0d231b2e87584bd,1777730408,2026-05-02T14:00:08+00:00,0.71,clob_prices_history
80565288195959230151185052980976311228475022733379902952712338826972942332490,0x635d4fdd418b1d335b74dbfee01b7e8a9e8003ca60ad4501a0d231b2e87584bd,1777731307,2026-05-02T14:15:07+00:00,0.72,clob_prices_history
80565288195959230151185052980976311228475022733379902952712338826972942332490,0x635d4fdd418b1d335b74dbfee01b7e8a9e8003ca60ad4501a0d231b2e87584bd,1777732206,2026-05-02T14:30:06+00:00,0.725,clob_prices_history
80565288195959230151185052980976311228475022733379902952712338826972942332490,0x635d4fdd418b1d335b74dbfee01b7e8a9e8003ca60ad4501a0d231b2e87584bd,1777733106,2026-05-02T14:45:06+00:00,0.72,clob_prices_history
80565288195959230151185052980976311228475022733379902952712338826972942332490,0x635d4fdd418b1d335b74dbfee01b7e8a9e8003ca60ad4501a0d231b2e87584bd,1777734012,2026-05-02T15:00:12+00:00,0.725,clob_prices_history
80565288195959230151185052980976311228475022733379902952712338826972942332490,0x635d4fdd418b1d335b74dbfee01b7e8a9e8003ca60ad4501a0d231b2e87584bd,1777734906,2026-05-02T15:15:06+00:00,0.715,clob_prices_history
80565288195959230151185052980976311228475022733379902952712338826972942332490,0x635d4fdd418b1d335b74dbfee01b7e8a9e8003ca60ad4501a0d231b2e87584bd,1777735821,2026-05-02T15:30:21+00:00,0.73,clob_prices_history
80565288195959230151185052980976311228475022733379902952712338826972942332490,0x635d4fdd418b1d335b74dbfee01b7e8a9e8003ca60ad4501a0d231b2e87584bd,1777736708,2026-05-02T15:45:08+00:00,0.725,clob_prices_history
80565288195959230151185052980976311228475022733379902952712338826972942332490,0x635d4fdd418b1d335b74dbfee01b7e8a9e8003ca60ad4501a0d231b2e87584bd,1777737608,2026-05-02T16:00:08+00:00,0.715,clob_prices_history
80565288195959230151185052980976311228475022733379902952712338826972942332490,0x635d4fdd418b1d335b74dbfee01b7e8a9e8003ca60ad4501a0d231b2e87584bd,1777738509,2026-05-02T16:15:09+00:00,0.715,clob_prices_history
80565288195959230151185052980976311228475022733379902952712338826972942332490,0x635d4fdd418b1d335b74dbfee01b7e8a9e8003ca60ad4501a0d231b2e87584bd,1777739409,2026-05-02T16:30:09+00:00,0.715,clob_prices_history
80565288195959230151185052980976311228475022733379902952712338826972942332490,0x635d4fdd418b1d335b74dbfee01b7e8a9e8003ca60ad4501a0d231b2e87584bd,1777740307,2026-05-02T16:45:07+00:00,0.72,clob_prices_history
80565288195959230151185052980976311228475022733379902952712338826972942332490,0x635d4fdd418b1d335b74dbfee01b7e8a9e8003ca60ad4501a0d231b2e87584bd,1777741212,2026-05-02T17:00:12+00:00,0.715,clob_prices_history
80565288195959230151185052980976311228475022733379902952712338826972942332490,0x635d4fdd418b1d335b74dbfee01b7e8a9e8003ca60ad4501a0d231b2e87584bd,1777742106,2026-05-02T17:15:06+00:00,0.725,clob_prices_history
80565288195959230151185052980976311228475022733379902952712338826972942332490,0x635d4fdd418b1d335b74dbfee01b7e8a9e8003ca60ad4501a0d231b2e87584bd,1777743010,2026-05-02T17:30:10+00:00,0.725,clob_prices_history
80565288195959230151185052980976311228475022733379902952712338826972942332490,0x635d4fdd418b1d335b74dbfee01b7e8a9e8003ca60ad4501a0d231b2e87584bd,1777743911,2026-05-02T17:45:11+00:00,0.745,clob_prices_history
80565288195959230151185052980976311228475022733379902952712338826972942332490,0x635d4fdd418b1d335b74dbfee01b7e8a9e8003ca60ad4501a0d231b2e87584bd,1777744812,2026-05-02T18:00:12+00:00,0.745,clob_prices_history
80565288195959230151185052980976311228475022733379902952712338826972942332490,0x635d4fdd418b1d335b74dbfee01b7e8a9e8003ca60ad4501a0d231b2e87584bd,1777745708,2026-05-02T18:15:08+00:00,0.745,clob_prices_history
80565288195959230151185052980976311228475022733379902952712338826972942332490,0x635d4fdd418b1d335b74dbfee01b7e8a9e8003ca60ad4501a0d231b2e87584bd,1777746610,2026-05-02T18:30:10+00:00,0.715,clob_prices_history
80565288195959230151185052980976311228475022733379902952712338826972942332490,0x635d4fdd418b1d335b74dbfee01b7e8a9e8003ca60ad4501a0d231b2e87584bd,1777747509,2026-05-02T18:45:09+00:00,0.715,clob_prices_history
80565288195959230151185052980976311228475022733379902952712338826972942332490,0x635d4fdd418b1d335b74dbfee01b7e8a9e8003ca60ad4501a0d231b2e87584bd,1777748410,2026-05-02T19:00:10+00:00,0.72,clob_prices_history
80565288195959230151185052980976311228475022733379902952712338826972942332490,0x635d4fdd418b1d335b74dbfee01b7e8a9e8003ca60ad4501a0d231b2e87584bd,1777749308,2026-05-02T19:15:08+00:00,0.725,clob_prices_history
80565288195959230151185052980976311228475022733379902952712338826972942332490,0x635d4fdd418b1d335b74dbfee01b7e8a9e8003ca60ad4501a0d231b2e87584bd,1777750213,2026-05-02T19:30:13+00:00,0.7,clob_prices_history
80565288195959230151185052980976311228475022733379902952712338826972942332490,0x635d4fdd418b1d335b74dbfee01b7e8a9e8003ca60ad4501a0d231b2e87584bd,1777751105,2026-05-02T19:45:05+00:00,0.715,clob_prices_history
80565288195959230151185052980976311228475022733379902952712338826972942332490,0x635d4fdd418b1d335b74dbfee01b7e8a9e8003ca60ad4501a0d231b2e87584bd,1777752010,2026-05-02T20:00:10+00:00,0.72,clob_prices_history
80565288195959230151185052980976311228475022733379902952712338826972942332490,0x635d4fdd418b1d335b74dbfee01b7e8a9e8003ca60ad4501a0d231b2e87584bd,1777752908,2026-05-02T20:15:08+00:00,0.7,clob_prices_history
80565288195959230151185052980976311228475022733379902952712338826972942332490,0x635d4fdd418b1d335b74dbfee01b7e8a9e8003ca60ad4501a0d231b2e87584bd,1777753807,2026-05-02T20:30:07+00:00,0.72,clob_prices_history
80565288195959230151185052980976311228475022733379902952712338826972942332490,0x635d4fdd418b1d335b74dbfee01b7e8a9e8003ca60ad4501a0d231b2e87584bd,1777754709,2026-05-02T20:45:09+00:00,0.735,clob_prices_history
80565288195959230151185052980976311228475022733379902952712338826972942332490,0x635d4fdd418b1d335b74dbfee01b7e8a9e8003ca60ad4501a0d231b2e87584bd,1777755612,2026-05-02T21:00:12+00:00,0.735,clob_prices_history
80565288195959230151185052980976311228475022733379902952712338826972942332490,0x635d4fdd418b1d335b74dbfee01b7e8a9e8003ca60ad4501a0d231b2e87584bd,1777756506,2026-05-02T21:15:06+00:00,0.74,clob_prices_history
80565288195959230151185052980976311228475022733379902952712338826972942332490,0x635d4fdd418b1d335b74dbfee01b7e8a9e8003ca60ad4501a0d231b2e87584bd,1777757406,2026-05-02T21:30:06+00:00,0.715,clob_prices_history
80565288195959230151185052980976311228475022733379902952712338826972942332490,0x635d4fdd418b1d335b74dbfee01b7e8a9e8003ca60ad4501a0d231b2e87584bd,1777758312,2026-05-02T21:45:12+00:00,0.735,clob_prices_history
80565288195959230151185052980976311228475022733379902952712338826972942332490,0x635d4fdd418b1d335b74dbfee01b7e8a9e8003ca60ad4501a0d231b2e87584bd,1777759207,2026-05-02T22:00:07+00:00,0.735,clob_prices_history
80565288195959230151185052980976311228475022733379902952712338826972942332490,0x635d4fdd418b1d335b74dbfee01b7e8a9e8003ca60ad4501a0d231b2e87584bd,1777760106,2026-05-02T22:15:06+00:00,0.745,clob_prices_history
80565288195959230151185052980976311228475022733379902952712338826972942332490,0x635d4fdd418b1d335b74dbfee01b7e8a9e8003ca60ad4501a0d231b2e87584bd,1777761006,2026-05-02T22:30:06+00:00,0.755,clob_prices_history
80565288195959230151185052980976311228475022733379902952712338826972942332490,0x635d4fdd418b1d335b74dbfee01b7e8a9e8003ca60ad4501a0d231b2e87584bd,1777761905,2026-05-02T22:45:05+00:00,0.745,clob_prices_history
80565288195959230151185052980976311228475022733379902952712338826972942332490,0x635d4fdd418b1d335b74dbfee01b7e8a9e8003ca60ad4501a0d231b2e87584bd,1777762808,2026-05-02T23:00:08+00:00,0.7,clob_prices_history
80565288195959230151185052980976311228475022733379902952712338826972942332490,0x635d4fdd418b1d335b74dbfee01b7e8a9e8003ca60ad4501a0d231b2e87584bd,1777763705,2026-05-02T23:15:05+00:00,0.705,clob_prices_history
80565288195959230151185052980976311228475022733379902952712338826972942332490,0x635d4fdd418b1d335b74dbfee01b7e8a9e8003ca60ad4501a0d231b2e87584bd,1777764610,2026-05-02T23:30:10+00:00,0.72,clob_prices_history
80565288195959230151185052980976311228475022733379902952712338826972942332490,0x635d4fdd418b1d335b74dbfee01b7e8a9e8003ca60ad4501a0d231b2e87584bd,1777765505,2026-05-02T23:45:05+00:00,0.71,clob_prices_history
80565288195959230151185052980976311228475022733379902952712338826972942332490,0x635d4fdd418b1d335b74dbfee01b7e8a9e8003ca60ad4501a0d231b2e87584bd,1777766407,2026-05-03T00:00:07+00:00,0.695,clob_prices_history
80565288195959230151185052980976311228475022733379902952712338826972942332490,0x635d4fdd418b1d335b74dbfee01b7e8a9e8003ca60ad4501a0d231b2e87584bd,1777767306,2026-05-03T00:15:06+00:00,0.72,clob_prices_history
80565288195959230151185052980976311228475022733379902952712338826972942332490,0x635d4fdd418b1d335b74dbfee01b7e8a9e8003ca60ad4501a0d231b2e87584bd,1777768205,2026-05-03T00:30:05+00:00,0.71,clob_prices_history
80565288195959230151185052980976311228475022733379902952712338826972942332490,0x635d4fdd418b1d335b74dbfee01b7e8a9e8003ca60ad4501a0d231b2e87584bd,1777769104,2026-05-03T00:45:04+00:00,0.725,clob_prices_history
80565288195959230151185052980976311228475022733379902952712338826972942332490,0x635d4fdd418b1d335b74dbfee01b7e8a9e8003ca60ad4501a0d231b2e87584bd,1777770007,2026-05-03T01:00:07+00:00,0.73,clob_prices_history
80565288195959230151185052980976311228475022733379902952712338826972942332490,0x635d4fdd418b1d335b74dbfee01b7e8a9e8003ca60ad4501a0d231b2e87584bd,1777770920,2026-05-03T01:15:20+00:00,0.73,clob_prices_history
80565288195959230151185052980976311228475022733379902952712338826972942332490,0x635d4fdd418b1d335b74dbfee01b7e8a9e8003ca60ad4501a0d231b2e87584bd,1777771806,2026-05-03T01:30:06+00:00,0.72,clob_prices_history
80565288195959230151185052980976311228475022733379902952712338826972942332490,0x635d4fdd418b1d335b74dbfee01b7e8a9e8003ca60ad4501a0d231b2e87584bd,1777772706,2026-05-03T01:45:06+00:00,0.74,clob_prices_history
80565288195959230151185052980976311228475022733379902952712338826972942332490,0x635d4fdd418b1d335b74dbfee01b7e8a9e8003ca60ad4501a0d231b2e87584bd,1777773607,2026-05-03T02:00:07+00:00,0.725,clob_prices_history
80565288195959230151185052980976311228475022733379902952712338826972942332490,0x635d4fdd418b1d335b74dbfee01b7e8a9e8003ca60ad4501a0d231b2e87584bd,1777774506,2026-05-03T02:15:06+00:00,0.735,clob_prices_history
80565288195959230151185052980976311228475022733379902952712338826972942332490,0x635d4fdd418b1d335b74dbfee01b7e8a9e8003ca60ad4501a0d231b2e87584bd,1777775404,2026-05-03T02:30:04+00:00,0.74,clob_prices_history
80565288195959230151185052980976311228475022733379902952712338826972942332490,0x635d4fdd418b1d335b74dbfee01b7e8a9e8003ca60ad4501a0d231b2e87584bd,1777776306,2026-05-03T02:45:06+00:00,0.74,clob_prices_history
80565288195959230151185052980976311228475022733379902952712338826972942332490,0x635d4fdd418b1d335b74dbfee01b7e8a9e8003ca60ad4501a0d231b2e87584bd,1777777205,2026-05-03T03:00:05+00:00,0.74,clob_prices_history
80565288195959230151185052980976311228475022733379902952712338826972942332490,0x635d4fdd418b1d335b74dbfee01b7e8a9e8003ca60ad4501a0d231b2e87584bd,1777778105,2026-05-03T03:15:05+00:00,0.735,clob_prices_history
80565288195959230151185052980976311228475022733379902952712338826972942332490,0x635d4fdd418b1d335b74dbfee01b7e8a9e8003ca60ad4501a0d231b2e87584bd,1777779005,2026-05-03T03:30:05+00:00,0.735,clob_prices_history
80565288195959230151185052980976311228475022733379902952712338826972942332490,0x635d4fdd418b1d335b74dbfee01b7e8a9e8003ca60ad4501a0d231b2e87584bd,1777779921,2026-05-03T03:45:21+00:00,0.735,clob_prices_history
80565288195959230151185052980976311228475022733379902952712338826972942332490,0x635d4fdd418b1d335b74dbfee01b7e8a9e8003ca60ad4501a0d231b2e87584bd,1777780804,2026-05-03T04:00:04+00:00,0.73,clob_prices_history
80565288195959230151185052980976311228475022733379902952712338826972942332490,0x635d4fdd418b1d335b74dbfee01b7e8a9e8003ca60ad4501a0d231b2e87584bd,1777781705,2026-05-03T04:15:05+00:00,0.715,clob_prices_history
80565288195959230151185052980976311228475022733379902952712338826972942332490,0x635d4fdd418b1d335b74dbfee01b7e8a9e8003ca60ad4501a0d231b2e87584bd,1777782605,2026-05-03T04:30:05+00:00,0.705,clob_prices_history
80565288195959230151185052980976311228475022733379902952712338826972942332490,0x635d4fdd418b1d335b74dbfee01b7e8a9e8003ca60ad4501a0d231b2e87584bd,1777783505,2026-05-03T04:45:05+00:00,0.725,clob_prices_history
80565288195959230151185052980976311228475022733379902952712338826972942332490,0x635d4fdd418b1d335b74dbfee01b7e8a9e8003ca60ad4501a0d231b2e87584bd,1777784406,2026-05-03T05:00:06+00:00,0.715,clob_prices_history
80565288195959230151185052980976311228475022733379902952712338826972942332490,0x635d4fdd418b1d335b74dbfee01b7e8a9e8003ca60ad4501a0d231b2e87584bd,1777785307,2026-05-03T05:15:07+00:00,0.705,clob_prices_history
80565288195959230151185052980976311228475022733379902952712338826972942332490,0x635d4fdd418b1d335b74dbfee01b7e8a9e8003ca60ad4501a0d231b2e87584bd,1777786207,2026-05-03T05:30:07+00:00,0.715,clob_prices_history
80565288195959230151185052980976311228475022733379902952712338826972942332490,0x635d4fdd418b1d335b74dbfee01b7e8a9e8003ca60ad4501a0d231b2e87584bd,1777787104,2026-05-03T05:45:04+00:00,0.71,clob_prices_history
80565288195959230151185052980976311228475022733379902952712338826972942332490,0x635d4fdd418b1d335b74dbfee01b7e8a9e8003ca60ad4501a0d231b2e87584bd,1777788005,2026-05-03T06:00:05+00:00,0.705,clob_prices_history
80565288195959230151185052980976311228475022733379902952712338826972942332490,0x635d4fdd418b1d335b74dbfee01b7e8a9e8003ca60ad4501a0d231b2e87584bd,1777788916,2026-05-03T06:15:16+00:00,0.725,clob_prices_history
80565288195959230151185052980976311228475022733379902952712338826972942332490,0x635d4fdd418b1d335b74dbfee01b7e8a9e8003ca60ad4501a0d231b2e87584bd,1777789805,2026-05-03T06:30:05+00:00,0.72,clob_prices_history
80565288195959230151185052980976311228475022733379902952712338826972942332490,0x635d4fdd418b1d335b74dbfee01b7e8a9e8003ca60ad4501a0d231b2e87584bd,1777790707,2026-05-03T06:45:07+00:00,0.72,clob_prices_history
80565288195959230151185052980976311228475022733379902952712338826972942332490,0x635d4fdd418b1d335b74dbfee01b7e8a9e8003ca60ad4501a0d231b2e87584bd,1777791610,2026-05-03T07:00:10+00:00,0.72,clob_prices_history
80565288195959230151185052980976311228475022733379902952712338826972942332490,0x635d4fdd418b1d335b74dbfee01b7e8a9e8003ca60ad4501a0d231b2e87584bd,1777792506,2026-05-03T07:15:06+00:00,0.72,clob_prices_history
80565288195959230151185052980976311228475022733379902952712338826972942332490,0x635d4fdd418b1d335b74dbfee01b7e8a9e8003ca60ad4501a0d231b2e87584bd,1777793406,2026-05-03T07:30:06+00:00,0.72,clob_prices_history
80565288195959230151185052980976311228475022733379902952712338826972942332490,0x635d4fdd418b1d335b74dbfee01b7e8a9e8003ca60ad4501a0d231b2e87584bd,1777794307,2026-05-03T07:45:07+00:00,0.72,clob_prices_history
80565288195959230151185052980976311228475022733379902952712338826972942332490,0x635d4fdd418b1d335b74dbfee01b7e8a9e8003ca60ad4501a0d231b2e87584bd,1777795204,2026-05-03T08:00:04+00:00,0.72,clob_prices_history
80565288195959230151185052980976311228475022733379902952712338826972942332490,0x635d4fdd418b1d335b74dbfee01b7e8a9e8003ca60ad4501a0d231b2e87584bd,1777796108,2026-05-03T08:15:08+00:00,0.72,clob_prices_history
80565288195959230151185052980976311228475022733379902952712338826972942332490,0x635d4fdd418b1d335b74dbfee01b7e8a9e8003ca60ad4501a0d231b2e87584bd,1777797007,2026-05-03T08:30:07+00:00,0.72,clob_prices_history
80565288195959230151185052980976311228475022733379902952712338826972942332490,0x635d4fdd418b1d335b74dbfee01b7e8a9e8003ca60ad4501a0d231b2e87584bd,1777797904,2026-05-03T08:45:04+00:00,0.72,clob_prices_history
80565288195959230151185052980976311228475022733379902952712338826972942332490,0x635d4fdd418b1d335b74dbfee01b7e8a9e8003ca60ad4501a0d231b2e87584bd,1777798807,2026-05-03T09:00:07+00:00,0.735,clob_prices_history
80565288195959230151185052980976311228475022733379902952712338826972942332490,0x635d4fdd418b1d335b74dbfee01b7e8a9e8003ca60ad4501a0d231b2e87584bd,1777799708,2026-05-03T09:15:08+00:00,0.735,clob_prices_history
80565288195959230151185052980976311228475022733379902952712338826972942332490,0x635d4fdd418b1d335b74dbfee01b7e8a9e8003ca60ad4501a0d231b2e87584bd,1777800607,2026-05-03T09:30:07+00:00,0.735,clob_prices_history
80565288195959230151185052980976311228475022733379902952712338826972942332490,0x635d4fdd418b1d335b74dbfee01b7e8a9e8003ca60ad4501a0d231b2e87584bd,1777801508,2026-05-03T09:45:08+00:00,0.73,clob_prices_history
80565288195959230151185052980976311228475022733379902952712338826972942332490,0x635d4fdd418b1d335b74dbfee01b7e8a9e8003ca60ad4501a0d231b2e87584bd,1777802408,2026-05-03T10:00:08+00:00,0.735,clob_prices_history
80565288195959230151185052980976311228475022733379902952712338826972942332490,0x635d4fdd418b1d335b74dbfee01b7e8a9e8003ca60ad4501a0d231b2e87584bd,1777803306,2026-05-03T10:15:06+00:00,0.735,clob_prices_history
80565288195959230151185052980976311228475022733379902952712338826972942332490,0x635d4fdd418b1d335b74dbfee01b7e8a9e8003ca60ad4501a0d231b2e87584bd,1777804207,2026-05-03T10:30:07+00:00,0.735,clob_prices_history
80565288195959230151185052980976311228475022733379902952712338826972942332490,0x635d4fdd418b1d335b74dbfee01b7e8a9e8003ca60ad4501a0d231b2e87584bd,1777805107,2026-05-03T10:45:07+00:00,0.735,clob_prices_history
80565288195959230151185052980976311228475022733379902952712338826972942332490,0x635d4fdd418b1d335b74dbfee01b7e8a9e8003ca60ad4501a0d231b2e87584bd,1777806022,2026-05-03T11:00:22+00:00,0.74,clob_prices_history
80565288195959230151185052980976311228475022733379902952712338826972942332490,0x635d4fdd418b1d335b74dbfee01b7e8a9e8003ca60ad4501a0d231b2e87584bd,1777806905,2026-05-03T11:15:05+00:00,0.74,clob_prices_history
80565288195959230151185052980976311228475022733379902952712338826972942332490,0x635d4fdd418b1d335b74dbfee01b7e8a9e8003ca60ad4501a0d231b2e87584bd,1777807807,2026-05-03T11:30:07+00:00,0.74,clob_prices_history
80565288195959230151185052980976311228475022733379902952712338826972942332490,0x635d4fdd418b1d335b74dbfee01b7e8a9e8003ca60ad4501a0d231b2e87584bd,1777808707,2026-05-03T11:45:07+00:00,0.74,clob_prices_history
80565288195959230151185052980976311228475022733379902952712338826972942332490,0x635d4fdd418b1d335b74dbfee01b7e8a9e8003ca60ad4501a0d231b2e87584bd,1777809609,2026-05-03T12:00:09+00:00,0.755,clob_prices_history
80565288195959230151185052980976311228475022733379902952712338826972942332490,0x635d4fdd418b1d335b74dbfee01b7e8a9e8003ca60ad4501a0d231b2e87584bd,1777810518,2026-05-03T12:15:18+00:00,0.755,clob_prices_history
80565288195959230151185052980976311228475022733379902952712338826972942332490,0x635d4fdd418b1d335b74dbfee01b7e8a9e8003ca60ad4501a0d231b2e87584bd,1777811409,2026-05-03T12:30:09+00:00,0.755,clob_prices_history
80565288195959230151185052980976311228475022733379902952712338826972942332490,0x635d4fdd418b1d335b74dbfee01b7e8a9e8003ca60ad4501a0d231b2e87584bd,1777812307,2026-05-03T12:45:07+00:00,0.755,clob_prices_history
80565288195959230151185052980976311228475022733379902952712338826972942332490,0x635d4fdd418b1d335b74dbfee01b7e8a9e8003ca60ad4501a0d231b2e87584bd,1777813208,2026-05-03T13:00:08+00:00,0.75,clob_prices_history
80565288195959230151185052980976311228475022733379902952712338826972942332490,0x635d4fdd418b1d335b74dbfee01b7e8a9e8003ca60ad4501a0d231b2e87584bd,1777814107,2026-05-03T13:15:07+00:00,0.73,clob_prices_history
80565288195959230151185052980976311228475022733379902952712338826972942332490,0x635d4fdd418b1d335b74dbfee01b7e8a9e8003ca60ad4501a0d231b2e87584bd,1777815006,2026-05-03T13:30:06+00:00,0.725,clob_prices_history
80565288195959230151185052980976311228475022733379902952712338826972942332490,0x635d4fdd418b1d335b74dbfee01b7e8a9e8003ca60ad4501a0d231b2e87584bd,1777815906,2026-05-03T13:45:06+00:00,0.73,clob_prices_history
80565288195959230151185052980976311228475022733379902952712338826972942332490,0x635d4fdd418b1d335b74dbfee01b7e8a9e8003ca60ad4501a0d231b2e87584bd,1777816807,2026-05-03T14:00:07+00:00,0.74,clob_prices_history
80565288195959230151185052980976311228475022733379902952712338826972942332490,0x635d4fdd418b1d335b74dbfee01b7e8a9e8003ca60ad4501a0d231b2e87584bd,1777817707,2026-05-03T14:15:07+00:00,0.74,clob_prices_history
80565288195959230151185052980976311228475022733379902952712338826972942332490,0x635d4fdd418b1d335b74dbfee01b7e8a9e8003ca60ad4501a0d231b2e87584bd,1777818604,2026-05-03T14:30:04+00:00,0.725,clob_prices_history
80565288195959230151185052980976311228475022733379902952712338826972942332490,0x635d4fdd418b1d335b74dbfee01b7e8a9e8003ca60ad4501a0d231b2e87584bd,1777819508,2026-05-03T14:45:08+00:00,0.74,clob_prices_history
80565288195959230151185052980976311228475022733379902952712338826972942332490,0x635d4fdd418b1d335b74dbfee01b7e8a9e8003ca60ad4501a0d231b2e87584bd,1777820409,2026-05-03T15:00:09+00:00,0.735,clob_prices_history
80565288195959230151185052980976311228475022733379902952712338826972942332490,0x635d4fdd418b1d335b74dbfee01b7e8a9e8003ca60ad4501a0d231b2e87584bd,1777821306,2026-05-03T15:15:06+00:00,0.74,clob_prices_history
80565288195959230151185052980976311228475022733379902952712338826972942332490,0x635d4fdd418b1d335b74dbfee01b7e8a9e8003ca60ad4501a0d231b2e87584bd,1777822207,2026-05-03T15:30:07+00:00,0.73,clob_prices_history
80565288195959230151185052980976311228475022733379902952712338826972942332490,0x635d4fdd418b1d335b74dbfee01b7e8a9e8003ca60ad4501a0d231b2e87584bd,1777823109,2026-05-03T15:45:09+00:00,0.73,clob_prices_history
80565288195959230151185052980976311228475022733379902952712338826972942332490,0x635d4fdd418b1d335b74dbfee01b7e8a9e8003ca60ad4501a0d231b2e87584bd,1777824008,2026-05-03T16:00:08+00:00,0.74,clob_prices_history
80565288195959230151185052980976311228475022733379902952712338826972942332490,0x635d4fdd418b1d335b74dbfee01b7e8a9e8003ca60ad4501a0d231b2e87584bd,1777824906,2026-05-03T16:15:06+00:00,0.735,clob_prices_history
80565288195959230151185052980976311228475022733379902952712338826972942332490,0x635d4fdd418b1d335b74dbfee01b7e8a9e8003ca60ad4501a0d231b2e87584bd,1777825806,2026-05-03T16:30:06+00:00,0.74,clob_prices_history
80565288195959230151185052980976311228475022733379902952712338826972942332490,0x635d4fdd418b1d335b74dbfee01b7e8a9e8003ca60ad4501a0d231b2e87584bd,1777826706,2026-05-03T16:45:06+00:00,0.735,clob_prices_history
80565288195959230151185052980976311228475022733379902952712338826972942332490,0x635d4fdd418b1d335b74dbfee01b7e8a9e8003ca60ad4501a0d231b2e87584bd,1777827611,2026-05-03T17:00:11+00:00,0.74,clob_prices_history
80565288195959230151185052980976311228475022733379902952712338826972942332490,0x635d4fdd418b1d335b74dbfee01b7e8a9e8003ca60ad4501a0d231b2e87584bd,1777828507,2026-05-03T17:15:07+00:00,0.745,clob_prices_history
80565288195959230151185052980976311228475022733379902952712338826972942332490,0x635d4fdd418b1d335b74dbfee01b7e8a9e8003ca60ad4501a0d231b2e87584bd,1777829407,2026-05-03T17:30:07+00:00,0.75,clob_prices_history
80565288195959230151185052980976311228475022733379902952712338826972942332490,0x635d4fdd418b1d335b74dbfee01b7e8a9e8003ca60ad4501a0d231b2e87584bd,1777830309,2026-05-03T17:45:09+00:00,0.745,clob_prices_history
80565288195959230151185052980976311228475022733379902952712338826972942332490,0x635d4fdd418b1d335b74dbfee01b7e8a9e8003ca60ad4501a0d231b2e87584bd,1777831208,2026-05-03T18:00:08+00:00,0.75,clob_prices_history
80565288195959230151185052980976311228475022733379902952712338826972942332490,0x635d4fdd418b1d335b74dbfee01b7e8a9e8003ca60ad4501a0d231b2e87584bd,1777832109,2026-05-03T18:15:09+00:00,0.75,clob_prices_history
80565288195959230151185052980976311228475022733379902952712338826972942332490,0x635d4fdd418b1d335b74dbfee01b7e8a9e8003ca60ad4501a0d231b2e87584bd,1777833007,2026-05-03T18:30:07+00:00,0.75,clob_prices_history
80565288195959230151185052980976311228475022733379902952712338826972942332490,0x635d4fdd418b1d335b74dbfee01b7e8a9e8003ca60ad4501a0d231b2e87584bd,1777833920,2026-05-03T18:45:20+00:00,0.75,clob_prices_history
80565288195959230151185052980976311228475022733379902952712338826972942332490,0x635d4fdd418b1d335b74dbfee01b7e8a9e8003ca60ad4501a0d231b2e87584bd,1777834807,2026-05-03T19:00:07+00:00,0.75,clob_prices_history
80565288195959230151185052980976311228475022733379902952712338826972942332490,0x635d4fdd418b1d335b74dbfee01b7e8a9e8003ca60ad4501a0d231b2e87584bd,1777835708,2026-05-03T19:15:08+00:00,0.75,clob_prices_history
80565288195959230151185052980976311228475022733379902952712338826972942332490,0x635d4fdd418b1d335b74dbfee01b7e8a9e8003ca60ad4501a0d231b2e87584bd,1777836606,2026-05-03T19:30:06+00:00,0.75,clob_prices_history
80565288195959230151185052980976311228475022733379902952712338826972942332490,0x635d4fdd418b1d335b74dbfee01b7e8a9e8003ca60ad4501a0d231b2e87584bd,1777837506,2026-05-03T19:45:06+00:00,0.75,clob_prices_history
80565288195959230151185052980976311228475022733379902952712338826972942332490,0x635d4fdd418b1d335b74dbfee01b7e8a9e8003ca60ad4501a0d231b2e87584bd,1777838407,2026-05-03T20:00:07+00:00,0.755,clob_prices_history
80565288195959230151185052980976311228475022733379902952712338826972942332490,0x635d4fdd418b1d335b74dbfee01b7e8a9e8003ca60ad4501a0d231b2e87584bd,1777839306,2026-05-03T20:15:06+00:00,0.755,clob_prices_history
80565288195959230151185052980976311228475022733379902952712338826972942332490,0x635d4fdd418b1d335b74dbfee01b7e8a9e8003ca60ad4501a0d231b2e87584bd,1777840210,2026-05-03T20:30:10+00:00,0.755,clob_prices_history
80565288195959230151185052980976311228475022733379902952712338826972942332490,0x635d4fdd418b1d335b74dbfee01b7e8a9e8003ca60ad4501a0d231b2e87584bd,1777841108,2026-05-03T20:45:08+00:00,0.72,clob_prices_history
80565288195959230151185052980976311228475022733379902952712338826972942332490,0x635d4fdd418b1d335b74dbfee01b7e8a9e8003ca60ad4501a0d231b2e87584bd,1777842007,2026-05-03T21:00:07+00:00,0.735,clob_prices_history
80565288195959230151185052980976311228475022733379902952712338826972942332490,0x635d4fdd418b1d335b74dbfee01b7e8a9e8003ca60ad4501a0d231b2e87584bd,1777842905,2026-05-03T21:15:05+00:00,0.735,clob_prices_history
80565288195959230151185052980976311228475022733379902952712338826972942332490,0x635d4fdd418b1d335b74dbfee01b7e8a9e8003ca60ad4501a0d231b2e87584bd,1777843806,2026-05-03T21:30:06+00:00,0.725,clob_prices_history
80565288195959230151185052980976311228475022733379902952712338826972942332490,0x635d4fdd418b1d335b74dbfee01b7e8a9e8003ca60ad4501a0d231b2e87584bd,1777844717,2026-05-03T21:45:17+00:00,0.71,clob_prices_history
80565288195959230151185052980976311228475022733379902952712338826972942332490,0x635d4fdd418b1d335b74dbfee01b7e8a9e8003ca60ad4501a0d231b2e87584bd,1777845609,2026-05-03T22:00:09+00:00,0.735,clob_prices_history
80565288195959230151185052980976311228475022733379902952712338826972942332490,0x635d4fdd418b1d335b74dbfee01b7e8a9e8003ca60ad4501a0d231b2e87584bd,1777846510,2026-05-03T22:15:10+00:00,0.725,clob_prices_history
80565288195959230151185052980976311228475022733379902952712338826972942332490,0x635d4fdd418b1d335b74dbfee01b7e8a9e8003ca60ad4501a0d231b2e87584bd,1777847406,2026-05-03T22:30:06+00:00,0.71,clob_prices_history
80565288195959230151185052980976311228475022733379902952712338826972942332490,0x635d4fdd418b1d335b74dbfee01b7e8a9e8003ca60ad4501a0d231b2e87584bd,1777848304,2026-05-03T22:45:04+00:00,0.725,clob_prices_history
80565288195959230151185052980976311228475022733379902952712338826972942332490,0x635d4fdd418b1d335b74dbfee01b7e8a9e8003ca60ad4501a0d231b2e87584bd,1777849204,2026-05-03T23:00:04+00:00,0.72,clob_prices_history
80565288195959230151185052980976311228475022733379902952712338826972942332490,0x635d4fdd418b1d335b74dbfee01b7e8a9e8003ca60ad4501a0d231b2e87584bd,1777850104,2026-05-03T23:15:04+00:00,0.735,clob_prices_history
80565288195959230151185052980976311228475022733379902952712338826972942332490,0x635d4fdd418b1d335b74dbfee01b7e8a9e8003ca60ad4501a0d231b2e87584bd,1777851006,2026-05-03T23:30:06+00:00,0.735,clob_prices_history
80565288195959230151185052980976311228475022733379902952712338826972942332490,0x635d4fdd418b1d335b74dbfee01b7e8a9e8003ca60ad4501a0d231b2e87584bd,1777851904,2026-05-03T23:45:04+00:00,0.735,clob_prices_history
80565288195959230151185052980976311228475022733379902952712338826972942332490,0x635d4fdd418b1d335b74dbfee01b7e8a9e8003ca60ad4501a0d231b2e87584bd,1777852807,2026-05-04T00:00:07+00:00,0.75,clob_prices_history
80565288195959230151185052980976311228475022733379902952712338826972942332490,0x635d4fdd418b1d335b74dbfee01b7e8a9e8003ca60ad4501a0d231b2e87584bd,1777853705,2026-05-04T00:15:05+00:00,0.75,clob_prices_history
80565288195959230151185052980976311228475022733379902952712338826972942332490,0x635d4fdd418b1d335b74dbfee01b7e8a9e8003ca60ad4501a0d231b2e87584bd,1777854605,2026-05-04T00:30:05+00:00,0.75,clob_prices_history
80565288195959230151185052980976311228475022733379902952712338826972942332490,0x635d4fdd418b1d335b74dbfee01b7e8a9e8003ca60ad4501a0d231b2e87584bd,1777855506,2026-05-04T00:45:06+00:00,0.75,clob_prices_history
80565288195959230151185052980976311228475022733379902952712338826972942332490,0x635d4fdd418b1d335b74dbfee01b7e8a9e8003ca60ad4501a0d231b2e87584bd,1777856404,2026-05-04T01:00:04+00:00,0.75,clob_prices_history
80565288195959230151185052980976311228475022733379902952712338826972942332490,0x635d4fdd418b1d335b74dbfee01b7e8a9e8003ca60ad4501a0d231b2e87584bd,1777857304,2026-05-04T01:15:04+00:00,0.735,clob_prices_history
80565288195959230151185052980976311228475022733379902952712338826972942332490,0x635d4fdd418b1d335b74dbfee01b7e8a9e8003ca60ad4501a0d231b2e87584bd,1777858205,2026-05-04T01:30:05+00:00,0.74,clob_prices_history
80565288195959230151185052980976311228475022733379902952712338826972942332490,0x635d4fdd418b1d335b74dbfee01b7e8a9e8003ca60ad4501a0d231b2e87584bd,1777859104,2026-05-04T01:45:04+00:00,0.74,clob_prices_history
80565288195959230151185052980976311228475022733379902952712338826972942332490,0x635d4fdd418b1d335b74dbfee01b7e8a9e8003ca60ad4501a0d231b2e87584bd,1777860006,2026-05-04T02:00:06+00:00,0.72,clob_prices_history
80565288195959230151185052980976311228475022733379902952712338826972942332490,0x635d4fdd418b1d335b74dbfee01b7e8a9e8003ca60ad4501a0d231b2e87584bd,1777860904,2026-05-04T02:15:04+00:00,0.74,clob_prices_history
80565288195959230151185052980976311228475022733379902952712338826972942332490,0x635d4fdd418b1d335b74dbfee01b7e8a9e8003ca60ad4501a0d231b2e87584bd,1777861806,2026-05-04T02:30:06+00:00,0.735,clob_prices_history
80565288195959230151185052980976311228475022733379902952712338826972942332490,0x635d4fdd418b1d335b74dbfee01b7e8a9e8003ca60ad4501a0d231b2e87584bd,1777862706,2026-05-04T02:45:06+00:00,0.73,clob_prices_history
80565288195959230151185052980976311228475022733379902952712338826972942332490,0x635d4fdd418b1d335b74dbfee01b7e8a9e8003ca60ad4501a0d231b2e87584bd,1777863621,2026-05-04T03:00:21+00:00,0.72,clob_prices_history
80565288195959230151185052980976311228475022733379902952712338826972942332490,0x635d4fdd418b1d335b74dbfee01b7e8a9e8003ca60ad4501a0d231b2e87584bd,1777864505,2026-05-04T03:15:05+00:00,0.745,clob_prices_history
80565288195959230151185052980976311228475022733379902952712338826972942332490,0x635d4fdd418b1d335b74dbfee01b7e8a9e8003ca60ad4501a0d231b2e87584bd,1777865405,2026-05-04T03:30:05+00:00,0.725,clob_prices_history
80565288195959230151185052980976311228475022733379902952712338826972942332490,0x635d4fdd418b1d335b74dbfee01b7e8a9e8003ca60ad4501a0d231b2e87584bd,1777866304,2026-05-04T03:45:04+00:00,0.745,clob_prices_history
80565288195959230151185052980976311228475022733379902952712338826972942332490,0x635d4fdd418b1d335b74dbfee01b7e8a9e8003ca60ad4501a0d231b2e87584bd,1777867206,2026-05-04T04:00:06+00:00,0.745,clob_prices_history
80565288195959230151185052980976311228475022733379902952712338826972942332490,0x635d4fdd418b1d335b74dbfee01b7e8a9e8003ca60ad4501a0d231b2e87584bd,1777868116,2026-05-04T04:15:16+00:00,0.725,clob_prices_history
80565288195959230151185052980976311228475022733379902952712338826972942332490,0x635d4fdd418b1d335b74dbfee01b7e8a9e8003ca60ad4501a0d231b2e87584bd,1777869005,2026-05-04T04:30:05+00:00,0.725,clob_prices_history
80565288195959230151185052980976311228475022733379902952712338826972942332490,0x635d4fdd418b1d335b74dbfee01b7e8a9e8003ca60ad4501a0d231b2e87584bd,1777869904,2026-05-04T04:45:04+00:00,0.745,clob_prices_history
80565288195959230151185052980976311228475022733379902952712338826972942332490,0x635d4fdd418b1d335b74dbfee01b7e8a9e8003ca60ad4501a0d231b2e87584bd,1777870806,2026-05-04T05:00:06+00:00,0.745,clob_prices_history
80565288195959230151185052980976311228475022733379902952712338826972942332490,0x635d4fdd418b1d335b74dbfee01b7e8a9e8003ca60ad4501a0d231b2e87584bd,1777871704,2026-05-04T05:15:04+00:00,0.745,clob_prices_history
80565288195959230151185052980976311228475022733379902952712338826972942332490,0x635d4fdd418b1d335b74dbfee01b7e8a9e8003ca60ad4501a0d231b2e87584bd,1777872607,2026-05-04T05:30:07+00:00,0.75,clob_prices_history
80565288195959230151185052980976311228475022733379902952712338826972942332490,0x635d4fdd418b1d335b74dbfee01b7e8a9e8003ca60ad4501a0d231b2e87584bd,1777873506,2026-05-04T05:45:06+00:00,0.76,clob_prices_history
80565288195959230151185052980976311228475022733379902952712338826972942332490,0x635d4fdd418b1d335b74dbfee01b7e8a9e8003ca60ad4501a0d231b2e87584bd,1777874407,2026-05-04T06:00:07+00:00,0.75,clob_prices_history
80565288195959230151185052980976311228475022733379902952712338826972942332490,0x635d4fdd418b1d335b74dbfee01b7e8a9e8003ca60ad4501a0d231b2e87584bd,1777875307,2026-05-04T06:15:07+00:00,0.745,clob_prices_history
80565288195959230151185052980976311228475022733379902952712338826972942332490,0x635d4fdd418b1d335b74dbfee01b7e8a9e8003ca60ad4501a0d231b2e87584bd,1777876221,2026-05-04T06:30:21+00:00,0.74,clob_prices_history
80565288195959230151185052980976311228475022733379902952712338826972942332490,0x635d4fdd418b1d335b74dbfee01b7e8a9e8003ca60ad4501a0d231b2e87584bd,1777877104,2026-05-04T06:45:04+00:00,0.735,clob_prices_history
80565288195959230151185052980976311228475022733379902952712338826972942332490,0x635d4fdd418b1d335b74dbfee01b7e8a9e8003ca60ad4501a0d231b2e87584bd,1777878006,2026-05-04T07:00:06+00:00,0.735,clob_prices_history
80565288195959230151185052980976311228475022733379902952712338826972942332490,0x635d4fdd418b1d335b74dbfee01b7e8a9e8003ca60ad4501a0d231b2e87584bd,1777878904,2026-05-04T07:15:04+00:00,0.75,clob_prices_history
80565288195959230151185052980976311228475022733379902952712338826972942332490,0x635d4fdd418b1d335b74dbfee01b7e8a9e8003ca60ad4501a0d231b2e87584bd,1777879804,2026-05-04T07:30:04+00:00,0.74,clob_prices_history
80565288195959230151185052980976311228475022733379902952712338826972942332490,0x635d4fdd418b1d335b74dbfee01b7e8a9e8003ca60ad4501a0d231b2e87584bd,1777880707,2026-05-04T07:45:07+00:00,0.75,clob_prices_history
80565288195959230151185052980976311228475022733379902952712338826972942332490,0x635d4fdd418b1d335b74dbfee01b7e8a9e8003ca60ad4501a0d231b2e87584bd,1777881606,2026-05-04T08:00:06+00:00,0.735,clob_prices_history
80565288195959230151185052980976311228475022733379902952712338826972942332490,0x635d4fdd418b1d335b74dbfee01b7e8a9e8003ca60ad4501a0d231b2e87584bd,1777882505,2026-05-04T08:15:05+00:00,0.75,clob_prices_history
80565288195959230151185052980976311228475022733379902952712338826972942332490,0x635d4fdd418b1d335b74dbfee01b7e8a9e8003ca60ad4501a0d231b2e87584bd,1777883405,2026-05-04T08:30:05+00:00,0.75,clob_prices_history
80565288195959230151185052980976311228475022733379902952712338826972942332490,0x635d4fdd418b1d335b74dbfee01b7e8a9e8003ca60ad4501a0d231b2e87584bd,1777884304,2026-05-04T08:45:04+00:00,0.75,clob_prices_history
80565288195959230151185052980976311228475022733379902952712338826972942332490,0x635d4fdd418b1d335b74dbfee01b7e8a9e8003ca60ad4501a0d231b2e87584bd,1777885206,2026-05-04T09:00:06+00:00,0.745,clob_prices_history
80565288195959230151185052980976311228475022733379902952712338826972942332490,0x635d4fdd418b1d335b74dbfee01b7e8a9e8003ca60ad4501a0d231b2e87584bd,1777886105,2026-05-04T09:15:05+00:00,0.75,clob_prices_history
80565288195959230151185052980976311228475022733379902952712338826972942332490,0x635d4fdd418b1d335b74dbfee01b7e8a9e8003ca60ad4501a0d231b2e87584bd,1777887005,2026-05-04T09:30:05+00:00,0.735,clob_prices_history
80565288195959230151185052980976311228475022733379902952712338826972942332490,0x635d4fdd418b1d335b74dbfee01b7e8a9e8003ca60ad4501a0d231b2e87584bd,1777887904,2026-05-04T09:45:04+00:00,0.75,clob_prices_history
80565288195959230151185052980976311228475022733379902952712338826972942332490,0x635d4fdd418b1d335b74dbfee01b7e8a9e8003ca60ad4501a0d231b2e87584bd,1777888807,2026-05-04T10:00:07+00:00,0.745,clob_prices_history
80565288195959230151185052980976311228475022733379902952712338826972942332490,0x635d4fdd418b1d335b74dbfee01b7e8a9e8003ca60ad4501a0d231b2e87584bd,1777889705,2026-05-04T10:15:05+00:00,0.745,clob_prices_history
80565288195959230151185052980976311228475022733379902952712338826972942332490,0x635d4fdd418b1d335b74dbfee01b7e8a9e8003ca60ad4501a0d231b2e87584bd,1777890604,2026-05-04T10:30:04+00:00,0.74,clob_prices_history
80565288195959230151185052980976311228475022733379902952712338826972942332490,0x635d4fdd418b1d335b74dbfee01b7e8a9e8003ca60ad4501a0d231b2e87584bd,1777891504,2026-05-04T10:45:04+00:00,0.75,clob_prices_history
80565288195959230151185052980976311228475022733379902952712338826972942332490,0x635d4fdd418b1d335b74dbfee01b7e8a9e8003ca60ad4501a0d231b2e87584bd,1777892406,2026-05-04T11:00:06+00:00,0.75,clob_prices_history
80565288195959230151185052980976311228475022733379902952712338826972942332490,0x635d4fdd418b1d335b74dbfee01b7e8a9e8003ca60ad4501a0d231b2e87584bd,1777893305,2026-05-04T11:15:05+00:00,0.76,clob_prices_history
80565288195959230151185052980976311228475022733379902952712338826972942332490,0x635d4fdd418b1d335b74dbfee01b7e8a9e8003ca60ad4501a0d231b2e87584bd,1777894209,2026-05-04T11:30:09+00:00,0.735,clob_prices_history
80565288195959230151185052980976311228475022733379902952712338826972942332490,0x635d4fdd418b1d335b74dbfee01b7e8a9e8003ca60ad4501a0d231b2e87584bd,1777895104,2026-05-04T11:45:04+00:00,0.72,clob_prices_history
80565288195959230151185052980976311228475022733379902952712338826972942332490,0x635d4fdd418b1d335b74dbfee01b7e8a9e8003ca60ad4501a0d231b2e87584bd,1777896006,2026-05-04T12:00:06+00:00,0.725,clob_prices_history
80565288195959230151185052980976311228475022733379902952712338826972942332490,0x635d4fdd418b1d335b74dbfee01b7e8a9e8003ca60ad4501a0d231b2e87584bd,1777896904,2026-05-04T12:15:04+00:00,0.725,clob_prices_history
80565288195959230151185052980976311228475022733379902952712338826972942332490,0x635d4fdd418b1d335b74dbfee01b7e8a9e8003ca60ad4501a0d231b2e87584bd,1777897817,2026-05-04T12:30:17+00:00,0.725,clob_prices_history
80565288195959230151185052980976311228475022733379902952712338826972942332490,0x635d4fdd418b1d335b74dbfee01b7e8a9e8003ca60ad4501a0d231b2e87584bd,1777898704,2026-05-04T12:45:04+00:00,0.735,clob_prices_history
80565288195959230151185052980976311228475022733379902952712338826972942332490,0x635d4fdd418b1d335b74dbfee01b7e8a9e8003ca60ad4501a0d231b2e87584bd,1777899608,2026-05-04T13:00:08+00:00,0.715,clob_prices_history
80565288195959230151185052980976311228475022733379902952712338826972942332490,0x635d4fdd418b1d335b74dbfee01b7e8a9e8003ca60ad4501a0d231b2e87584bd,1777900504,2026-05-04T13:15:04+00:00,0.715,clob_prices_history
80565288195959230151185052980976311228475022733379902952712338826972942332490,0x635d4fdd418b1d335b74dbfee01b7e8a9e8003ca60ad4501a0d231b2e87584bd,1777901405,2026-05-04T13:30:05+00:00,0.705,clob_prices_history
80565288195959230151185052980976311228475022733379902952712338826972942332490,0x635d4fdd418b1d335b74dbfee01b7e8a9e8003ca60ad4501a0d231b2e87584bd,1777902305,2026-05-04T13:45:05+00:00,0.72,clob_prices_history
80565288195959230151185052980976311228475022733379902952712338826972942332490,0x635d4fdd418b1d335b74dbfee01b7e8a9e8003ca60ad4501a0d231b2e87584bd,1777903206,2026-05-04T14:00:06+00:00,0.715,clob_prices_history
80565288195959230151185052980976311228475022733379902952712338826972942332490,0x635d4fdd418b1d335b74dbfee01b7e8a9e8003ca60ad4501a0d231b2e87584bd,1777904104,2026-05-04T14:15:04+00:00,0.72,clob_prices_history
80565288195959230151185052980976311228475022733379902952712338826972942332490,0x635d4fdd418b1d335b74dbfee01b7e8a9e8003ca60ad4501a0d231b2e87584bd,1777905005,2026-05-04T14:30:05+00:00,0.725,clob_prices_history
80565288195959230151185052980976311228475022733379902952712338826972942332490,0x635d4fdd418b1d335b74dbfee01b7e8a9e8003ca60ad4501a0d231b2e87584bd,1777905908,2026-05-04T14:45:08+00:00,0.735,clob_prices_history
80565288195959230151185052980976311228475022733379902952712338826972942332490,0x635d4fdd418b1d335b74dbfee01b7e8a9e8003ca60ad4501a0d231b2e87584bd,1777906808,2026-05-04T15:00:08+00:00,0.735,clob_prices_history
80565288195959230151185052980976311228475022733379902952712338826972942332490,0x635d4fdd418b1d335b74dbfee01b7e8a9e8003ca60ad4501a0d231b2e87584bd,1777907707,2026-05-04T15:15:07+00:00,0.735,clob_prices_history
80565288195959230151185052980976311228475022733379902952712338826972942332490,0x635d4fdd418b1d335b74dbfee01b7e8a9e8003ca60ad4501a0d231b2e87584bd,1777908606,2026-05-04T15:30:06+00:00,0.735,clob_prices_history
80565288195959230151185052980976311228475022733379902952712338826972942332490,0x635d4fdd418b1d335b74dbfee01b7e8a9e8003ca60ad4501a0d231b2e87584bd,1777909506,2026-05-04T15:45:06+00:00,0.745,clob_prices_history
80565288195959230151185052980976311228475022733379902952712338826972942332490,0x635d4fdd418b1d335b74dbfee01b7e8a9e8003ca60ad4501a0d231b2e87584bd,1777910405,2026-05-04T16:00:05+00:00,0.745,clob_prices_history
80565288195959230151185052980976311228475022733379902952712338826972942332490,0x635d4fdd418b1d335b74dbfee01b7e8a9e8003ca60ad4501a0d231b2e87584bd,1777911306,2026-05-04T16:15:06+00:00,0.745,clob_prices_history
80565288195959230151185052980976311228475022733379902952712338826972942332490,0x635d4fdd418b1d335b74dbfee01b7e8a9e8003ca60ad4501a0d231b2e87584bd,1777912209,2026-05-04T16:30:09+00:00,0.755,clob_prices_history
80565288195959230151185052980976311228475022733379902952712338826972942332490,0x635d4fdd418b1d335b74dbfee01b7e8a9e8003ca60ad4501a0d231b2e87584bd,1777913105,2026-05-04T16:45:05+00:00,0.735,clob_prices_history
80565288195959230151185052980976311228475022733379902952712338826972942332490,0x635d4fdd418b1d335b74dbfee01b7e8a9e8003ca60ad4501a0d231b2e87584bd,1777914008,2026-05-04T17:00:08+00:00,0.72,clob_prices_history
80565288195959230151185052980976311228475022733379902952712338826972942332490,0x635d4fdd418b1d335b74dbfee01b7e8a9e8003ca60ad4501a0d231b2e87584bd,1777914908,2026-05-04T17:15:08+00:00,0.715,clob_prices_history
80565288195959230151185052980976311228475022733379902952712338826972942332490,0x635d4fdd418b1d335b74dbfee01b7e8a9e8003ca60ad4501a0d231b2e87584bd,1777915808,2026-05-04T17:30:08+00:00,0.725,clob_prices_history
80565288195959230151185052980976311228475022733379902952712338826972942332490,0x635d4fdd418b1d335b74dbfee01b7e8a9e8003ca60ad4501a0d231b2e87584bd,1777916709,2026-05-04T17:45:09+00:00,0.735,clob_prices_history
80565288195959230151185052980976311228475022733379902952712338826972942332490,0x635d4fdd418b1d335b74dbfee01b7e8a9e8003ca60ad4501a0d231b2e87584bd,1777917608,2026-05-04T18:00:08+00:00,0.665,clob_prices_history
80565288195959230151185052980976311228475022733379902952712338826972942332490,0x635d4fdd418b1d335b74dbfee01b7e8a9e8003ca60ad4501a0d231b2e87584bd,1777918508,2026-05-04T18:15:08+00:00,0.665,clob_prices_history
80565288195959230151185052980976311228475022733379902952712338826972942332490,0x635d4fdd418b1d335b74dbfee01b7e8a9e8003ca60ad4501a0d231b2e87584bd,1777919411,2026-05-04T18:30:11+00:00,0.665,clob_prices_history
80565288195959230151185052980976311228475022733379902952712338826972942332490,0x635d4fdd418b1d335b74dbfee01b7e8a9e8003ca60ad4501a0d231b2e87584bd,1777920308,2026-05-04T18:45:08+00:00,0.665,clob_prices_history
80565288195959230151185052980976311228475022733379902952712338826972942332490,0x635d4fdd418b1d335b74dbfee01b7e8a9e8003ca60ad4501a0d231b2e87584bd,1777921209,2026-05-04T19:00:09+00:00,0.665,clob_prices_history
80565288195959230151185052980976311228475022733379902952712338826972942332490,0x635d4fdd418b1d335b74dbfee01b7e8a9e8003ca60ad4501a0d231b2e87584bd,1777922106,2026-05-04T19:15:06+00:00,0.665,clob_prices_history
80565288195959230151185052980976311228475022733379902952712338826972942332490,0x635d4fdd418b1d335b74dbfee01b7e8a9e8003ca60ad4501a0d231b2e87584bd,1777923008,2026-05-04T19:30:08+00:00,0.66,clob_prices_history
80565288195959230151185052980976311228475022733379902952712338826972942332490,0x635d4fdd418b1d335b74dbfee01b7e8a9e8003ca60ad4501a0d231b2e87584bd,1777923907,2026-05-04T19:45:07+00:00,0.655,clob_prices_history
80565288195959230151185052980976311228475022733379902952712338826972942332490,0x635d4fdd418b1d335b74dbfee01b7e8a9e8003ca60ad4501a0d231b2e87584bd,1777924810,2026-05-04T20:00:10+00:00,0.65,clob_prices_history
80565288195959230151185052980976311228475022733379902952712338826972942332490,0x635d4fdd418b1d335b74dbfee01b7e8a9e8003ca60ad4501a0d231b2e87584bd,1777925706,2026-05-04T20:15:06+00:00,0.69,clob_prices_history
80565288195959230151185052980976311228475022733379902952712338826972942332490,0x635d4fdd418b1d335b74dbfee01b7e8a9e8003ca60ad4501a0d231b2e87584bd,1777926606,2026-05-04T20:30:06+00:00,0.68,clob_prices_history
80565288195959230151185052980976311228475022733379902952712338826972942332490,0x635d4fdd418b1d335b74dbfee01b7e8a9e8003ca60ad4501a0d231b2e87584bd,1777927505,2026-05-04T20:45:05+00:00,0.665,clob_prices_history
80565288195959230151185052980976311228475022733379902952712338826972942332490,0x635d4fdd418b1d335b74dbfee01b7e8a9e8003ca60ad4501a0d231b2e87584bd,1777928409,2026-05-04T21:00:09+00:00,0.68,clob_prices_history
80565288195959230151185052980976311228475022733379902952712338826972942332490,0x635d4fdd418b1d335b74dbfee01b7e8a9e8003ca60ad4501a0d231b2e87584bd,1777929307,2026-05-04T21:15:07+00:00,0.68,clob_prices_history
80565288195959230151185052980976311228475022733379902952712338826972942332490,0x635d4fdd418b1d335b74dbfee01b7e8a9e8003ca60ad4501a0d231b2e87584bd,1777930205,2026-05-04T21:30:05+00:00,0.68,clob_prices_history
80565288195959230151185052980976311228475022733379902952712338826972942332490,0x635d4fdd418b1d335b74dbfee01b7e8a9e8003ca60ad4501a0d231b2e87584bd,1777931105,2026-05-04T21:45:05+00:00,0.68,clob_prices_history
80565288195959230151185052980976311228475022733379902952712338826972942332490,0x635d4fdd418b1d335b74dbfee01b7e8a9e8003ca60ad4501a0d231b2e87584bd,1777932008,2026-05-04T22:00:08+00:00,0.685,clob_prices_history
80565288195959230151185052980976311228475022733379902952712338826972942332490,0x635d4fdd418b1d335b74dbfee01b7e8a9e8003ca60ad4501a0d231b2e87584bd,1777932904,2026-05-04T22:15:04+00:00,0.685,clob_prices_history
80565288195959230151185052980976311228475022733379902952712338826972942332490,0x635d4fdd418b1d335b74dbfee01b7e8a9e8003ca60ad4501a0d231b2e87584bd,1777933807,2026-05-04T22:30:07+00:00,0.695,clob_prices_history
80565288195959230151185052980976311228475022733379902952712338826972942332490,0x635d4fdd418b1d335b74dbfee01b7e8a9e8003ca60ad4501a0d231b2e87584bd,1777934707,2026-05-04T22:45:07+00:00,0.69,clob_prices_history
80565288195959230151185052980976311228475022733379902952712338826972942332490,0x635d4fdd418b1d335b74dbfee01b7e8a9e8003ca60ad4501a0d231b2e87584bd,1777935606,2026-05-04T23:00:06+00:00,0.7,clob_prices_history
80565288195959230151185052980976311228475022733379902952712338826972942332490,0x635d4fdd418b1d335b74dbfee01b7e8a9e8003ca60ad4501a0d231b2e87584bd,1777936507,2026-05-04T23:15:07+00:00,0.69,clob_prices_history
80565288195959230151185052980976311228475022733379902952712338826972942332490,0x635d4fdd418b1d335b74dbfee01b7e8a9e8003ca60ad4501a0d231b2e87584bd,1777937412,2026-05-04T23:30:12+00:00,0.655,clob_prices_history
80565288195959230151185052980976311228475022733379902952712338826972942332490,0x635d4fdd418b1d335b74dbfee01b7e8a9e8003ca60ad4501a0d231b2e87584bd,1777938306,2026-05-04T23:45:06+00:00,0.645,clob_prices_history
80565288195959230151185052980976311228475022733379902952712338826972942332490,0x635d4fdd418b1d335b74dbfee01b7e8a9e8003ca60ad4501a0d231b2e87584bd,1777939220,2026-05-05T00:00:20+00:00,0.645,clob_prices_history
80565288195959230151185052980976311228475022733379902952712338826972942332490,0x635d4fdd418b1d335b74dbfee01b7e8a9e8003ca60ad4501a0d231b2e87584bd,1777940107,2026-05-05T00:15:07+00:00,0.655,clob_prices_history
80565288195959230151185052980976311228475022733379902952712338826972942332490,0x635d4fdd418b1d335b74dbfee01b7e8a9e8003ca60ad4501a0d231b2e87584bd,1777941011,2026-05-05T00:30:11+00:00,0.655,clob_prices_history
80565288195959230151185052980976311228475022733379902952712338826972942332490,0x635d4fdd418b1d335b74dbfee01b7e8a9e8003ca60ad4501a0d231b2e87584bd,1777941906,2026-05-05T00:45:06+00:00,0.67,clob_prices_history
80565288195959230151185052980976311228475022733379902952712338826972942332490,0x635d4fdd418b1d335b74dbfee01b7e8a9e8003ca60ad4501a0d231b2e87584bd,1777942808,2026-05-05T01:00:08+00:00,0.68,clob_prices_history
80565288195959230151185052980976311228475022733379902952712338826972942332490,0x635d4fdd418b1d335b74dbfee01b7e8a9e8003ca60ad4501a0d231b2e87584bd,1777943707,2026-05-05T01:15:07+00:00,0.68,clob_prices_history
80565288195959230151185052980976311228475022733379902952712338826972942332490,0x635d4fdd418b1d335b74dbfee01b7e8a9e8003ca60ad4501a0d231b2e87584bd,1777944609,2026-05-05T01:30:09+00:00,0.67,clob_prices_history
80565288195959230151185052980976311228475022733379902952712338826972942332490,0x635d4fdd418b1d335b74dbfee01b7e8a9e8003ca60ad4501a0d231b2e87584bd,1777945533,2026-05-05T01:45:33+00:00,0.68,clob_prices_history
80565288195959230151185052980976311228475022733379902952712338826972942332490,0x635d4fdd418b1d335b74dbfee01b7e8a9e8003ca60ad4501a0d231b2e87584bd,1777946408,2026-05-05T02:00:08+00:00,0.64,clob_prices_history
80565288195959230151185052980976311228475022733379902952712338826972942332490,0x635d4fdd418b1d335b74dbfee01b7e8a9e8003ca60ad4501a0d231b2e87584bd,1777947304,2026-05-05T02:15:04+00:00,0.635,clob_prices_history
80565288195959230151185052980976311228475022733379902952712338826972942332490,0x635d4fdd418b1d335b74dbfee01b7e8a9e8003ca60ad4501a0d231b2e87584bd,1777948207,2026-05-05T02:30:07+00:00,0.66,clob_prices_history
80565288195959230151185052980976311228475022733379902952712338826972942332490,0x635d4fdd418b1d335b74dbfee01b7e8a9e8003ca60ad4501a0d231b2e87584bd,1777949118,2026-05-05T02:45:18+00:00,0.655,clob_prices_history
80565288195959230151185052980976311228475022733379902952712338826972942332490,0x635d4fdd418b1d335b74dbfee01b7e8a9e8003ca60ad4501a0d231b2e87584bd,1777950010,2026-05-05T03:00:10+00:00,0.64,clob_prices_history
80565288195959230151185052980976311228475022733379902952712338826972942332490,0x635d4fdd418b1d335b74dbfee01b7e8a9e8003ca60ad4501a0d231b2e87584bd,1777950905,2026-05-05T03:15:05+00:00,0.64,clob_prices_history
80565288195959230151185052980976311228475022733379902952712338826972942332490,0x635d4fdd418b1d335b74dbfee01b7e8a9e8003ca60ad4501a0d231b2e87584bd,1777951806,2026-05-05T03:30:06+00:00,0.65,clob_prices_history
80565288195959230151185052980976311228475022733379902952712338826972942332490,0x635d4fdd418b1d335b74dbfee01b7e8a9e8003ca60ad4501a0d231b2e87584bd,1777952706,2026-05-05T03:45:06+00:00,0.67,clob_prices_history
80565288195959230151185052980976311228475022733379902952712338826972942332490,0x635d4fdd418b1d335b74dbfee01b7e8a9e8003ca60ad4501a0d231b2e87584bd,1777953610,2026-05-05T04:00:10+00:00,0.66,clob_prices_history
80565288195959230151185052980976311228475022733379902952712338826972942332490,0x635d4fdd418b1d335b74dbfee01b7e8a9e8003ca60ad4501a0d231b2e87584bd,1777954505,2026-05-05T04:15:05+00:00,0.67,clob_prices_history
80565288195959230151185052980976311228475022733379902952712338826972942332490,0x635d4fdd418b1d335b74dbfee01b7e8a9e8003ca60ad4501a0d231b2e87584bd,1777955418,2026-05-05T04:30:18+00:00,0.69,clob_prices_history
80565288195959230151185052980976311228475022733379902952712338826972942332490,0x635d4fdd418b1d335b74dbfee01b7e8a9e8003ca60ad4501a0d231b2e87584bd,1777956307,2026-05-05T04:45:07+00:00,0.725,clob_prices_history
80565288195959230151185052980976311228475022733379902952712338826972942332490,0x635d4fdd418b1d335b74dbfee01b7e8a9e8003ca60ad4501a0d231b2e87584bd,1777957208,2026-05-05T05:00:08+00:00,0.76,clob_prices_history
80565288195959230151185052980976311228475022733379902952712338826972942332490,0x635d4fdd418b1d335b74dbfee01b7e8a9e8003ca60ad4501a0d231b2e87584bd,1777958107,2026-05-05T05:15:07+00:00,0.77,clob_prices_history
80565288195959230151185052980976311228475022733379902952712338826972942332490,0x635d4fdd418b1d335b74dbfee01b7e8a9e8003ca60ad4501a0d231b2e87584bd,1777959010,2026-05-05T05:30:10+00:00,0.77,clob_prices_history
80565288195959230151185052980976311228475022733379902952712338826972942332490,0x635d4fdd418b1d335b74dbfee01b7e8a9e8003ca60ad4501a0d231b2e87584bd,1777959907,2026-05-05T05:45:07+00:00,0.775,clob_prices_history
80565288195959230151185052980976311228475022733379902952712338826972942332490,0x635d4fdd418b1d335b74dbfee01b7e8a9e8003ca60ad4501a0d231b2e87584bd,1777960818,2026-05-05T06:00:18+00:00,0.775,clob_prices_history
80565288195959230151185052980976311228475022733379902952712338826972942332490,0x635d4fdd418b1d335b74dbfee01b7e8a9e8003ca60ad4501a0d231b2e87584bd,1777961705,2026-05-05T06:15:05+00:00,0.77,clob_prices_history
80565288195959230151185052980976311228475022733379902952712338826972942332490,0x635d4fdd418b1d335b74dbfee01b7e8a9e8003ca60ad4501a0d231b2e87584bd,1777962607,2026-05-05T06:30:07+00:00,0.78,clob_prices_history
80565288195959230151185052980976311228475022733379902952712338826972942332490,0x635d4fdd418b1d335b74dbfee01b7e8a9e8003ca60ad4501a0d231b2e87584bd,1777963507,2026-05-05T06:45:07+00:00,0.775,clob_prices_history
80565288195959230151185052980976311228475022733379902952712338826972942332490,0x635d4fdd418b1d335b74dbfee01b7e8a9e8003ca60ad4501a0d231b2e87584bd,1777964409,2026-05-05T07:00:09+00:00,0.775,clob_prices_history
80565288195959230151185052980976311228475022733379902952712338826972942332490,0x635d4fdd418b1d335b74dbfee01b7e8a9e8003ca60ad4501a0d231b2e87584bd,1777965305,2026-05-05T07:15:05+00:00,0.775,clob_prices_history
80565288195959230151185052980976311228475022733379902952712338826972942332490,0x635d4fdd418b1d335b74dbfee01b7e8a9e8003ca60ad4501a0d231b2e87584bd,1777966205,2026-05-05T07:30:05+00:00,0.775,clob_prices_history
80565288195959230151185052980976311228475022733379902952712338826972942332490,0x635d4fdd418b1d335b74dbfee01b7e8a9e8003ca60ad4501a0d231b2e87584bd,1777967106,2026-05-05T07:45:06+00:00,0.775,clob_prices_history
80565288195959230151185052980976311228475022733379902952712338826972942332490,0x635d4fdd418b1d335b74dbfee01b7e8a9e8003ca60ad4501a0d231b2e87584bd,1777968005,2026-05-05T08:00:05+00:00,0.775,clob_prices_history
80565288195959230151185052980976311228475022733379902952712338826972942332490,0x635d4fdd418b1d335b74dbfee01b7e8a9e8003ca60ad4501a0d231b2e87584bd,1777968905,2026-05-05T08:15:05+00:00,0.78,clob_prices_history
80565288195959230151185052980976311228475022733379902952712338826972942332490,0x635d4fdd418b1d335b74dbfee01b7e8a9e8003ca60ad4501a0d231b2e87584bd,1777969807,2026-05-05T08:30:07+00:00,0.78,clob_prices_history
80565288195959230151185052980976311228475022733379902952712338826972942332490,0x635d4fdd418b1d335b74dbfee01b7e8a9e8003ca60ad4501a0d231b2e87584bd,1777970722,2026-05-05T08:45:22+00:00,0.78,clob_prices_history
80565288195959230151185052980976311228475022733379902952712338826972942332490,0x635d4fdd418b1d335b74dbfee01b7e8a9e8003ca60ad4501a0d231b2e87584bd,1777971607,2026-05-05T09:00:07+00:00,0.78,clob_prices_history
80565288195959230151185052980976311228475022733379902952712338826972942332490,0x635d4fdd418b1d335b74dbfee01b7e8a9e8003ca60ad4501a0d231b2e87584bd,1777972504,2026-05-05T09:15:04+00:00,0.78,clob_prices_history
80565288195959230151185052980976311228475022733379902952712338826972942332490,0x635d4fdd418b1d335b74dbfee01b7e8a9e8003ca60ad4501a0d231b2e87584bd,1777973406,2026-05-05T09:30:06+00:00,0.78,clob_prices_history
80565288195959230151185052980976311228475022733379902952712338826972942332490,0x635d4fdd418b1d335b74dbfee01b7e8a9e8003ca60ad4501a0d231b2e87584bd,1777974306,2026-05-05T09:45:06+00:00,0.78,clob_prices_history
80565288195959230151185052980976311228475022733379902952712338826972942332490,0x635d4fdd418b1d335b74dbfee01b7e8a9e8003ca60ad4501a0d231b2e87584bd,1777975206,2026-05-05T10:00:06+00:00,0.78,clob_prices_history
80565288195959230151185052980976311228475022733379902952712338826972942332490,0x635d4fdd418b1d335b74dbfee01b7e8a9e8003ca60ad4501a0d231b2e87584bd,1777976104,2026-05-05T10:15:04+00:00,0.78,clob_prices_history
80565288195959230151185052980976311228475022733379902952712338826972942332490,0x635d4fdd418b1d335b74dbfee01b7e8a9e8003ca60ad4501a0d231b2e87584bd,1777977007,2026-05-05T10:30:07+00:00,0.78,clob_prices_history
80565288195959230151185052980976311228475022733379902952712338826972942332490,0x635d4fdd418b1d335b74dbfee01b7e8a9e8003ca60ad4501a0d231b2e87584bd,1777977907,2026-05-05T10:45:07+00:00,0.78,clob_prices_history
80565288195959230151185052980976311228475022733379902952712338826972942332490,0x635d4fdd418b1d335b74dbfee01b7e8a9e8003ca60ad4501a0d231b2e87584bd,1777978806,2026-05-05T11:00:06+00:00,0.78,clob_prices_history
80565288195959230151185052980976311228475022733379902952712338826972942332490,0x635d4fdd418b1d335b74dbfee01b7e8a9e8003ca60ad4501a0d231b2e87584bd,1777979705,2026-05-05T11:15:05+00:00,0.78,clob_prices_history
80565288195959230151185052980976311228475022733379902952712338826972942332490,0x635d4fdd418b1d335b74dbfee01b7e8a9e8003ca60ad4501a0d231b2e87584bd,1777980606,2026-05-05T11:30:06+00:00,0.78,clob_prices_history
80565288195959230151185052980976311228475022733379902952712338826972942332490,0x635d4fdd418b1d335b74dbfee01b7e8a9e8003ca60ad4501a0d231b2e87584bd,1777981506,2026-05-05T11:45:06+00:00,0.78,clob_prices_history
80565288195959230151185052980976311228475022733379902952712338826972942332490,0x635d4fdd418b1d335b74dbfee01b7e8a9e8003ca60ad4501a0d231b2e87584bd,1777982411,2026-05-05T12:00:11+00:00,0.78,clob_prices_history
80565288195959230151185052980976311228475022733379902952712338826972942332490,0x635d4fdd418b1d335b74dbfee01b7e8a9e8003ca60ad4501a0d231b2e87584bd,1777983305,2026-05-05T12:15:05+00:00,0.785,clob_prices_history
80565288195959230151185052980976311228475022733379902952712338826972942332490,0x635d4fdd418b1d335b74dbfee01b7e8a9e8003ca60ad4501a0d231b2e87584bd,1777984208,2026-05-05T12:30:08+00:00,0.785,clob_prices_history
80565288195959230151185052980976311228475022733379902952712338826972942332490,0x635d4fdd418b1d335b74dbfee01b7e8a9e8003ca60ad4501a0d231b2e87584bd,1777985107,2026-05-05T12:45:07+00:00,0.785,clob_prices_history
80565288195959230151185052980976311228475022733379902952712338826972942332490,0x635d4fdd418b1d335b74dbfee01b7e8a9e8003ca60ad4501a0d231b2e87584bd,1777986008,2026-05-05T13:00:08+00:00,0.78,clob_prices_history
80565288195959230151185052980976311228475022733379902952712338826972942332490,0x635d4fdd418b1d335b74dbfee01b7e8a9e8003ca60ad4501a0d231b2e87584bd,1777986906,2026-05-05T13:15:06+00:00,0.78,clob_prices_history
80565288195959230151185052980976311228475022733379902952712338826972942332490,0x635d4fdd418b1d335b74dbfee01b7e8a9e8003ca60ad4501a0d231b2e87584bd,1777987805,2026-05-05T13:30:05+00:00,0.78,clob_prices_history
80565288195959230151185052980976311228475022733379902952712338826972942332490,0x635d4fdd418b1d335b74dbfee01b7e8a9e8003ca60ad4501a0d231b2e87584bd,1777988708,2026-05-05T13:45:08+00:00,0.78,clob_prices_history
80565288195959230151185052980976311228475022733379902952712338826972942332490,0x635d4fdd418b1d335b74dbfee01b7e8a9e8003ca60ad4501a0d231b2e87584bd,1777989609,2026-05-05T14:00:09+00:00,0.78,clob_prices_history
80565288195959230151185052980976311228475022733379902952712338826972942332490,0x635d4fdd418b1d335b74dbfee01b7e8a9e8003ca60ad4501a0d231b2e87584bd,1777990504,2026-05-05T14:15:04+00:00,0.78,clob_prices_history
80565288195959230151185052980976311228475022733379902952712338826972942332490,0x635d4fdd418b1d335b74dbfee01b7e8a9e8003ca60ad4501a0d231b2e87584bd,1777991407,2026-05-05T14:30:07+00:00,0.78,clob_prices_history
80565288195959230151185052980976311228475022733379902952712338826972942332490,0x635d4fdd418b1d335b74dbfee01b7e8a9e8003ca60ad4501a0d231b2e87584bd,1777992307,2026-05-05T14:45:07+00:00,0.78,clob_prices_history
80565288195959230151185052980976311228475022733379902952712338826972942332490,0x635d4fdd418b1d335b74dbfee01b7e8a9e8003ca60ad4501a0d231b2e87584bd,1777993209,2026-05-05T15:00:09+00:00,0.78,clob_prices_history
80565288195959230151185052980976311228475022733379902952712338826972942332490,0x635d4fdd418b1d335b74dbfee01b7e8a9e8003ca60ad4501a0d231b2e87584bd,1777994105,2026-05-05T15:15:05+00:00,0.78,clob_prices_history
80565288195959230151185052980976311228475022733379902952712338826972942332490,0x635d4fdd418b1d335b74dbfee01b7e8a9e8003ca60ad4501a0d231b2e87584bd,1777995012,2026-05-05T15:30:12+00:00,0.78,clob_prices_history
80565288195959230151185052980976311228475022733379902952712338826972942332490,0x635d4fdd418b1d335b74dbfee01b7e8a9e8003ca60ad4501a0d231b2e87584bd,1777995905,2026-05-05T15:45:05+00:00,0.78,clob_prices_history
80565288195959230151185052980976311228475022733379902952712338826972942332490,0x635d4fdd418b1d335b74dbfee01b7e8a9e8003ca60ad4501a0d231b2e87584bd,1777996819,2026-05-05T16:00:19+00:00,0.78,clob_prices_history
80565288195959230151185052980976311228475022733379902952712338826972942332490,0x635d4fdd418b1d335b74dbfee01b7e8a9e8003ca60ad4501a0d231b2e87584bd,1777997708,2026-05-05T16:15:08+00:00,0.775,clob_prices_history
80565288195959230151185052980976311228475022733379902952712338826972942332490,0x635d4fdd418b1d335b74dbfee01b7e8a9e8003ca60ad4501a0d231b2e87584bd,1777998606,2026-05-05T16:30:06+00:00,0.78,clob_prices_history
80565288195959230151185052980976311228475022733379902952712338826972942332490,0x635d4fdd418b1d335b74dbfee01b7e8a9e8003ca60ad4501a0d231b2e87584bd,1777999506,2026-05-05T16:45:06+00:00,0.775,clob_prices_history
80565288195959230151185052980976311228475022733379902952712338826972942332490,0x635d4fdd418b1d335b74dbfee01b7e8a9e8003ca60ad4501a0d231b2e87584bd,1778000410,2026-05-05T17:00:10+00:00,0.775,clob_prices_history
80565288195959230151185052980976311228475022733379902952712338826972942332490,0x635d4fdd418b1d335b74dbfee01b7e8a9e8003ca60ad4501a0d231b2e87584bd,1778001306,2026-05-05T17:15:06+00:00,0.775,clob_prices_history
80565288195959230151185052980976311228475022733379902952712338826972942332490,0x635d4fdd418b1d335b74dbfee01b7e8a9e8003ca60ad4501a0d231b2e87584bd,1778002206,2026-05-05T17:30:06+00:00,0.775,clob_prices_history
80565288195959230151185052980976311228475022733379902952712338826972942332490,0x635d4fdd418b1d335b74dbfee01b7e8a9e8003ca60ad4501a0d231b2e87584bd,1778003116,2026-05-05T17:45:16+00:00,0.775,clob_prices_history
80565288195959230151185052980976311228475022733379902952712338826972942332490,0x635d4fdd418b1d335b74dbfee01b7e8a9e8003ca60ad4501a0d231b2e87584bd,1778004007,2026-05-05T18:00:07+00:00,0.765,clob_prices_history
80565288195959230151185052980976311228475022733379902952712338826972942332490,0x635d4fdd418b1d335b74dbfee01b7e8a9e8003ca60ad4501a0d231b2e87584bd,1778004904,2026-05-05T18:15:04+00:00,0.785,clob_prices_history
80565288195959230151185052980976311228475022733379902952712338826972942332490,0x635d4fdd418b1d335b74dbfee01b7e8a9e8003ca60ad4501a0d231b2e87584bd,1778005806,2026-05-05T18:30:06+00:00,0.785,clob_prices_history
80565288195959230151185052980976311228475022733379902952712338826972942332490,0x635d4fdd418b1d335b74dbfee01b7e8a9e8003ca60ad4501a0d231b2e87584bd,1778006708,2026-05-05T18:45:08+00:00,0.78,clob_prices_history
80565288195959230151185052980976311228475022733379902952712338826972942332490,0x635d4fdd418b1d335b74dbfee01b7e8a9e8003ca60ad4501a0d231b2e87584bd,1778007607,2026-05-05T19:00:07+00:00,0.78,clob_prices_history
80565288195959230151185052980976311228475022733379902952712338826972942332490,0x635d4fdd418b1d335b74dbfee01b7e8a9e8003ca60ad4501a0d231b2e87584bd,1778008505,2026-05-05T19:15:05+00:00,0.785,clob_prices_history
80565288195959230151185052980976311228475022733379902952712338826972942332490,0x635d4fdd418b1d335b74dbfee01b7e8a9e8003ca60ad4501a0d231b2e87584bd,1778009419,2026-05-05T19:30:19+00:00,0.78,clob_prices_history
80565288195959230151185052980976311228475022733379902952712338826972942332490,0x635d4fdd418b1d335b74dbfee01b7e8a9e8003ca60ad4501a0d231b2e87584bd,1778010318,2026-05-05T19:45:18+00:00,0.78,clob_prices_history
80565288195959230151185052980976311228475022733379902952712338826972942332490,0x635d4fdd418b1d335b74dbfee01b7e8a9e8003ca60ad4501a0d231b2e87584bd,1778011209,2026-05-05T20:00:09+00:00,0.78,clob_prices_history
80565288195959230151185052980976311228475022733379902952712338826972942332490,0x635d4fdd418b1d335b74dbfee01b7e8a9e8003ca60ad4501a0d231b2e87584bd,1778012106,2026-05-05T20:15:06+00:00,0.79,clob_prices_history
80565288195959230151185052980976311228475022733379902952712338826972942332490,0x635d4fdd418b1d335b74dbfee01b7e8a9e8003ca60ad4501a0d231b2e87584bd,1778013006,2026-05-05T20:30:06+00:00,0.79,clob_prices_history
80565288195959230151185052980976311228475022733379902952712338826972942332490,0x635d4fdd418b1d335b74dbfee01b7e8a9e8003ca60ad4501a0d231b2e87584bd,1778013905,2026-05-05T20:45:05+00:00,0.785,clob_prices_history
80565288195959230151185052980976311228475022733379902952712338826972942332490,0x635d4fdd418b1d335b74dbfee01b7e8a9e8003ca60ad4501a0d231b2e87584bd,1778014806,2026-05-05T21:00:06+00:00,0.82,clob_prices_history
80565288195959230151185052980976311228475022733379902952712338826972942332490,0x635d4fdd418b1d335b74dbfee01b7e8a9e8003ca60ad4501a0d231b2e87584bd,1778015704,2026-05-05T21:15:04+00:00,0.825,clob_prices_history
80565288195959230151185052980976311228475022733379902952712338826972942332490,0x635d4fdd418b1d335b74dbfee01b7e8a9e8003ca60ad4501a0d231b2e87584bd,1778016606,2026-05-05T21:30:06+00:00,0.825,clob_prices_history
80565288195959230151185052980976311228475022733379902952712338826972942332490,0x635d4fdd418b1d335b74dbfee01b7e8a9e8003ca60ad4501a0d231b2e87584bd,1778017504,2026-05-05T21:45:04+00:00,0.825,clob_prices_history
80565288195959230151185052980976311228475022733379902952712338826972942332490,0x635d4fdd418b1d335b74dbfee01b7e8a9e8003ca60ad4501a0d231b2e87584bd,1778018419,2026-05-05T22:00:19+00:00,0.825,clob_prices_history
80565288195959230151185052980976311228475022733379902952712338826972942332490,0x635d4fdd418b1d335b74dbfee01b7e8a9e8003ca60ad4501a0d231b2e87584bd,1778019304,2026-05-05T22:15:04+00:00,0.825,clob_prices_history
80565288195959230151185052980976311228475022733379902952712338826972942332490,0x635d4fdd418b1d335b74dbfee01b7e8a9e8003ca60ad4501a0d231b2e87584bd,1778020207,2026-05-05T22:30:07+00:00,0.835,clob_prices_history
80565288195959230151185052980976311228475022733379902952712338826972942332490,0x635d4fdd418b1d335b74dbfee01b7e8a9e8003ca60ad4501a0d231b2e87584bd,1778021105,2026-05-05T22:45:05+00:00,0.835,clob_prices_history
80565288195959230151185052980976311228475022733379902952712338826972942332490,0x635d4fdd418b1d335b74dbfee01b7e8a9e8003ca60ad4501a0d231b2e87584bd,1778022006,2026-05-05T23:00:06+00:00,0.835,clob_prices_history
80565288195959230151185052980976311228475022733379902952712338826972942332490,0x635d4fdd418b1d335b74dbfee01b7e8a9e8003ca60ad4501a0d231b2e87584bd,1778022908,2026-05-05T23:15:08+00:00,0.835,clob_prices_history
80565288195959230151185052980976311228475022733379902952712338826972942332490,0x635d4fdd418b1d335b74dbfee01b7e8a9e8003ca60ad4501a0d231b2e87584bd,1778023809,2026-05-05T23:30:09+00:00,0.835,clob_prices_history
80565288195959230151185052980976311228475022733379902952712338826972942332490,0x635d4fdd418b1d335b74dbfee01b7e8a9e8003ca60ad4501a0d231b2e87584bd,1778024706,2026-05-05T23:45:06+00:00,0.835,clob_prices_history
80565288195959230151185052980976311228475022733379902952712338826972942332490,0x635d4fdd418b1d335b74dbfee01b7e8a9e8003ca60ad4501a0d231b2e87584bd,1778025611,2026-05-06T00:00:11+00:00,0.835,clob_prices_history
80565288195959230151185052980976311228475022733379902952712338826972942332490,0x635d4fdd418b1d335b74dbfee01b7e8a9e8003ca60ad4501a0d231b2e87584bd,1778026518,2026-05-06T00:15:18+00:00,0.835,clob_prices_history
80565288195959230151185052980976311228475022733379902952712338826972942332490,0x635d4fdd418b1d335b74dbfee01b7e8a9e8003ca60ad4501a0d231b2e87584bd,1778027408,2026-05-06T00:30:08+00:00,0.835,clob_prices_history
80565288195959230151185052980976311228475022733379902952712338826972942332490,0x635d4fdd418b1d335b74dbfee01b7e8a9e8003ca60ad4501a0d231b2e87584bd,1778028307,2026-05-06T00:45:07+00:00,0.835,clob_prices_history
80565288195959230151185052980976311228475022733379902952712338826972942332490,0x635d4fdd418b1d335b74dbfee01b7e8a9e8003ca60ad4501a0d231b2e87584bd,1778029209,2026-05-06T01:00:09+00:00,0.835,clob_prices_history
80565288195959230151185052980976311228475022733379902952712338826972942332490,0x635d4fdd418b1d335b74dbfee01b7e8a9e8003ca60ad4501a0d231b2e87584bd,1778030107,2026-05-06T01:15:07+00:00,0.83,clob_prices_history
80565288195959230151185052980976311228475022733379902952712338826972942332490,0x635d4fdd418b1d335b74dbfee01b7e8a9e8003ca60ad4501a0d231b2e87584bd,1778031008,2026-05-06T01:30:08+00:00,0.835,clob_prices_history
80565288195959230151185052980976311228475022733379902952712338826972942332490,0x635d4fdd418b1d335b74dbfee01b7e8a9e8003ca60ad4501a0d231b2e87584bd,1778031904,2026-05-06T01:45:04+00:00,0.835,clob_prices_history
80565288195959230151185052980976311228475022733379902952712338826972942332490,0x635d4fdd418b1d335b74dbfee01b7e8a9e8003ca60ad4501a0d231b2e87584bd,1778032807,2026-05-06T02:00:07+00:00,0.835,clob_prices_history
80565288195959230151185052980976311228475022733379902952712338826972942332490,0x635d4fdd418b1d335b74dbfee01b7e8a9e8003ca60ad4501a0d231b2e87584bd,1778033709,2026-05-06T02:15:09+00:00,0.835,clob_prices_history
80565288195959230151185052980976311228475022733379902952712338826972942332490,0x635d4fdd418b1d335b74dbfee01b7e8a9e8003ca60ad4501a0d231b2e87584bd,1778034606,2026-05-06T02:30:06+00:00,0.835,clob_prices_history
80565288195959230151185052980976311228475022733379902952712338826972942332490,0x635d4fdd418b1d335b74dbfee01b7e8a9e8003ca60ad4501a0d231b2e87584bd,1778035507,2026-05-06T02:45:07+00:00,0.835,clob_prices_history
80565288195959230151185052980976311228475022733379902952712338826972942332490,0x635d4fdd418b1d335b74dbfee01b7e8a9e8003ca60ad4501a0d231b2e87584bd,1778036407,2026-05-06T03:00:07+00:00,0.835,clob_prices_history
80565288195959230151185052980976311228475022733379902952712338826972942332490,0x635d4fdd418b1d335b74dbfee01b7e8a9e8003ca60ad4501a0d231b2e87584bd,1778037305,2026-05-06T03:15:05+00:00,0.835,clob_prices_history
80565288195959230151185052980976311228475022733379902952712338826972942332490,0x635d4fdd418b1d335b74dbfee01b7e8a9e8003ca60ad4501a0d231b2e87584bd,1778038207,2026-05-06T03:30:07+00:00,0.835,clob_prices_history
80565288195959230151185052980976311228475022733379902952712338826972942332490,0x635d4fdd418b1d335b74dbfee01b7e8a9e8003ca60ad4501a0d231b2e87584bd,1778039104,2026-05-06T03:45:04+00:00,0.835,clob_prices_history
80565288195959230151185052980976311228475022733379902952712338826972942332490,0x635d4fdd418b1d335b74dbfee01b7e8a9e8003ca60ad4501a0d231b2e87584bd,1778040008,2026-05-06T04:00:08+00:00,0.835,clob_prices_history
80565288195959230151185052980976311228475022733379902952712338826972942332490,0x635d4fdd418b1d335b74dbfee01b7e8a9e8003ca60ad4501a0d231b2e87584bd,1778040905,2026-05-06T04:15:05+00:00,0.825,clob_prices_history
80565288195959230151185052980976311228475022733379902952712338826972942332490,0x635d4fdd418b1d335b74dbfee01b7e8a9e8003ca60ad4501a0d231b2e87584bd,1778041807,2026-05-06T04:30:07+00:00,0.825,clob_prices_history
80565288195959230151185052980976311228475022733379902952712338826972942332490,0x635d4fdd418b1d335b74dbfee01b7e8a9e8003ca60ad4501a0d231b2e87584bd,1778042710,2026-05-06T04:45:10+00:00,0.825,clob_prices_history
80565288195959230151185052980976311228475022733379902952712338826972942332490,0x635d4fdd418b1d335b74dbfee01b7e8a9e8003ca60ad4501a0d231b2e87584bd,1778043607,2026-05-06T05:00:07+00:00,0.825,clob_prices_history
80565288195959230151185052980976311228475022733379902952712338826972942332490,0x635d4fdd418b1d335b74dbfee01b7e8a9e8003ca60ad4501a0d231b2e87584bd,1778044506,2026-05-06T05:15:06+00:00,0.825,clob_prices_history
80565288195959230151185052980976311228475022733379902952712338826972942332490,0x635d4fdd418b1d335b74dbfee01b7e8a9e8003ca60ad4501a0d231b2e87584bd,1778045421,2026-05-06T05:30:21+00:00,0.825,clob_prices_history
80565288195959230151185052980976311228475022733379902952712338826972942332490,0x635d4fdd418b1d335b74dbfee01b7e8a9e8003ca60ad4501a0d231b2e87584bd,1778046304,2026-05-06T05:45:04+00:00,0.825,clob_prices_history
80565288195959230151185052980976311228475022733379902952712338826972942332490,0x635d4fdd418b1d335b74dbfee01b7e8a9e8003ca60ad4501a0d231b2e87584bd,1778047223,2026-05-06T06:00:23+00:00,0.825,clob_prices_history
80565288195959230151185052980976311228475022733379902952712338826972942332490,0x635d4fdd418b1d335b74dbfee01b7e8a9e8003ca60ad4501a0d231b2e87584bd,1778048104,2026-05-06T06:15:04+00:00,0.825,clob_prices_history
80565288195959230151185052980976311228475022733379902952712338826972942332490,0x635d4fdd418b1d335b74dbfee01b7e8a9e8003ca60ad4501a0d231b2e87584bd,1778049009,2026-05-06T06:30:09+00:00,0.825,clob_prices_history
80565288195959230151185052980976311228475022733379902952712338826972942332490,0x635d4fdd418b1d335b74dbfee01b7e8a9e8003ca60ad4501a0d231b2e87584bd,1778049908,2026-05-06T06:45:08+00:00,0.825,clob_prices_history
80565288195959230151185052980976311228475022733379902952712338826972942332490,0x635d4fdd418b1d335b74dbfee01b7e8a9e8003ca60ad4501a0d231b2e87584bd,1778050813,2026-05-06T07:00:13+00:00,0.825,clob_prices_history
80565288195959230151185052980976311228475022733379902952712338826972942332490,0x635d4fdd418b1d335b74dbfee01b7e8a9e8003ca60ad4501a0d231b2e87584bd,1778051706,2026-05-06T07:15:06+00:00,0.825,clob_prices_history
80565288195959230151185052980976311228475022733379902952712338826972942332490,0x635d4fdd418b1d335b74dbfee01b7e8a9e8003ca60ad4501a0d231b2e87584bd,1778052607,2026-05-06T07:30:07+00:00,0.825,clob_prices_history
80565288195959230151185052980976311228475022733379902952712338826972942332490,0x635d4fdd418b1d335b74dbfee01b7e8a9e8003ca60ad4501a0d231b2e87584bd,1778053504,2026-05-06T07:45:04+00:00,0.825,clob_prices_history
80565288195959230151185052980976311228475022733379902952712338826972942332490,0x635d4fdd418b1d335b74dbfee01b7e8a9e8003ca60ad4501a0d231b2e87584bd,1778054406,2026-05-06T08:00:06+00:00,0.825,clob_prices_history
80565288195959230151185052980976311228475022733379902952712338826972942332490,0x635d4fdd418b1d335b74dbfee01b7e8a9e8003ca60ad4501a0d231b2e87584bd,1778055305,2026-05-06T08:15:05+00:00,0.825,clob_prices_history
80565288195959230151185052980976311228475022733379902952712338826972942332490,0x635d4fdd418b1d335b74dbfee01b7e8a9e8003ca60ad4501a0d231b2e87584bd,1778056207,2026-05-06T08:30:07+00:00,0.825,clob_prices_history
80565288195959230151185052980976311228475022733379902952712338826972942332490,0x635d4fdd418b1d335b74dbfee01b7e8a9e8003ca60ad4501a0d231b2e87584bd,1778057106,2026-05-06T08:45:06+00:00,0.825,clob_prices_history
80565288195959230151185052980976311228475022733379902952712338826972942332490,0x635d4fdd418b1d335b74dbfee01b7e8a9e8003ca60ad4501a0d231b2e87584bd,1778058009,2026-05-06T09:00:09+00:00,0.825,clob_prices_history
80565288195959230151185052980976311228475022733379902952712338826972942332490,0x635d4fdd418b1d335b74dbfee01b7e8a9e8003ca60ad4501a0d231b2e87584bd,1778058905,2026-05-06T09:15:05+00:00,0.825,clob_prices_history
80565288195959230151185052980976311228475022733379902952712338826972942332490,0x635d4fdd418b1d335b74dbfee01b7e8a9e8003ca60ad4501a0d231b2e87584bd,1778059809,2026-05-06T09:30:09+00:00,0.825,clob_prices_history
80565288195959230151185052980976311228475022733379902952712338826972942332490,0x635d4fdd418b1d335b74dbfee01b7e8a9e8003ca60ad4501a0d231b2e87584bd,1778060707,2026-05-06T09:45:07+00:00,0.825,clob_prices_history
80565288195959230151185052980976311228475022733379902952712338826972942332490,0x635d4fdd418b1d335b74dbfee01b7e8a9e8003ca60ad4501a0d231b2e87584bd,1778061610,2026-05-06T10:00:10+00:00,0.83,clob_prices_history
80565288195959230151185052980976311228475022733379902952712338826972942332490,0x635d4fdd418b1d335b74dbfee01b7e8a9e8003ca60ad4501a0d231b2e87584bd,1778062507,2026-05-06T10:15:07+00:00,0.83,clob_prices_history
80565288195959230151185052980976311228475022733379902952712338826972942332490,0x635d4fdd418b1d335b74dbfee01b7e8a9e8003ca60ad4501a0d231b2e87584bd,1778063406,2026-05-06T10:30:06+00:00,0.835,clob_prices_history
80565288195959230151185052980976311228475022733379902952712338826972942332490,0x635d4fdd418b1d335b74dbfee01b7e8a9e8003ca60ad4501a0d231b2e87584bd,1778064306,2026-05-06T10:45:06+00:00,0.83,clob_prices_history
80565288195959230151185052980976311228475022733379902952712338826972942332490,0x635d4fdd418b1d335b74dbfee01b7e8a9e8003ca60ad4501a0d231b2e87584bd,1778065208,2026-05-06T11:00:08+00:00,0.83,clob_prices_history
80565288195959230151185052980976311228475022733379902952712338826972942332490,0x635d4fdd418b1d335b74dbfee01b7e8a9e8003ca60ad4501a0d231b2e87584bd,1778066107,2026-05-06T11:15:07+00:00,0.83,clob_prices_history
80565288195959230151185052980976311228475022733379902952712338826972942332490,0x635d4fdd418b1d335b74dbfee01b7e8a9e8003ca60ad4501a0d231b2e87584bd,1778067007,2026-05-06T11:30:07+00:00,0.83,clob_prices_history
80565288195959230151185052980976311228475022733379902952712338826972942332490,0x635d4fdd418b1d335b74dbfee01b7e8a9e8003ca60ad4501a0d231b2e87584bd,1778067905,2026-05-06T11:45:05+00:00,0.83,clob_prices_history
80565288195959230151185052980976311228475022733379902952712338826972942332490,0x635d4fdd418b1d335b74dbfee01b7e8a9e8003ca60ad4501a0d231b2e87584bd,1778068810,2026-05-06T12:00:10+00:00,0.83,clob_prices_history
80565288195959230151185052980976311228475022733379902952712338826972942332490,0x635d4fdd418b1d335b74dbfee01b7e8a9e8003ca60ad4501a0d231b2e87584bd,1778069706,2026-05-06T12:15:06+00:00,0.83,clob_prices_history
80565288195959230151185052980976311228475022733379902952712338826972942332490,0x635d4fdd418b1d335b74dbfee01b7e8a9e8003ca60ad4501a0d231b2e87584bd,1778070619,2026-05-06T12:30:19+00:00,0.83,clob_prices_history
80565288195959230151185052980976311228475022733379902952712338826972942332490,0x635d4fdd418b1d335b74dbfee01b7e8a9e8003ca60ad4501a0d231b2e87584bd,1778071505,2026-05-06T12:45:05+00:00,0.835,clob_prices_history
80565288195959230151185052980976311228475022733379902952712338826972942332490,0x635d4fdd418b1d335b74dbfee01b7e8a9e8003ca60ad4501a0d231b2e87584bd,1778072408,2026-05-06T13:00:08+00:00,0.83,clob_prices_history
80565288195959230151185052980976311228475022733379902952712338826972942332490,0x635d4fdd418b1d335b74dbfee01b7e8a9e8003ca60ad4501a0d231b2e87584bd,1778073308,2026-05-06T13:15:08+00:00,0.83,clob_prices_history
80565288195959230151185052980976311228475022733379902952712338826972942332490,0x635d4fdd418b1d335b74dbfee01b7e8a9e8003ca60ad4501a0d231b2e87584bd,1778074206,2026-05-06T13:30:06+00:00,0.835,clob_prices_history
80565288195959230151185052980976311228475022733379902952712338826972942332490,0x635d4fdd418b1d335b74dbfee01b7e8a9e8003ca60ad4501a0d231b2e87584bd,1778075108,2026-05-06T13:45:08+00:00,0.835,clob_prices_history
80565288195959230151185052980976311228475022733379902952712338826972942332490,0x635d4fdd418b1d335b74dbfee01b7e8a9e8003ca60ad4501a0d231b2e87584bd,1778076011,2026-05-06T14:00:11+00:00,0.835,clob_prices_history
80565288195959230151185052980976311228475022733379902952712338826972942332490,0x635d4fdd418b1d335b74dbfee01b7e8a9e8003ca60ad4501a0d231b2e87584bd,1778076918,2026-05-06T14:15:18+00:00,0.835,clob_prices_history
80565288195959230151185052980976311228475022733379902952712338826972942332490,0x635d4fdd418b1d335b74dbfee01b7e8a9e8003ca60ad4501a0d231b2e87584bd,1778077806,2026-05-06T14:30:06+00:00,0.835,clob_prices_history
80565288195959230151185052980976311228475022733379902952712338826972942332490,0x635d4fdd418b1d335b74dbfee01b7e8a9e8003ca60ad4501a0d231b2e87584bd,1778078706,2026-05-06T14:45:06+00:00,0.835,clob_prices_history
80565288195959230151185052980976311228475022733379902952712338826972942332490,0x635d4fdd418b1d335b74dbfee01b7e8a9e8003ca60ad4501a0d231b2e87584bd,1778079612,2026-05-06T15:00:12+00:00,0.83,clob_prices_history
80565288195959230151185052980976311228475022733379902952712338826972942332490,0x635d4fdd418b1d335b74dbfee01b7e8a9e8003ca60ad4501a0d231b2e87584bd,1778080506,2026-05-06T15:15:06+00:00,0.83,clob_prices_history
80565288195959230151185052980976311228475022733379902952712338826972942332490,0x635d4fdd418b1d335b74dbfee01b7e8a9e8003ca60ad4501a0d231b2e87584bd,1778081408,2026-05-06T15:30:08+00:00,0.83,clob_prices_history
80565288195959230151185052980976311228475022733379902952712338826972942332490,0x635d4fdd418b1d335b74dbfee01b7e8a9e8003ca60ad4501a0d231b2e87584bd,1778082305,2026-05-06T15:45:05+00:00,0.83,clob_prices_history
80565288195959230151185052980976311228475022733379902952712338826972942332490,0x635d4fdd418b1d335b74dbfee01b7e8a9e8003ca60ad4501a0d231b2e87584bd,1778083207,2026-05-06T16:00:07+00:00,0.83,clob_prices_history
80565288195959230151185052980976311228475022733379902952712338826972942332490,0x635d4fdd418b1d335b74dbfee01b7e8a9e8003ca60ad4501a0d231b2e87584bd,1778084106,2026-05-06T16:15:06+00:00,0.83,clob_prices_history
80565288195959230151185052980976311228475022733379902952712338826972942332490,0x635d4fdd418b1d335b74dbfee01b7e8a9e8003ca60ad4501a0d231b2e87584bd,1778085005,2026-05-06T16:30:05+00:00,0.83,clob_prices_history
80565288195959230151185052980976311228475022733379902952712338826972942332490,0x635d4fdd418b1d335b74dbfee01b7e8a9e8003ca60ad4501a0d231b2e87584bd,1778085905,2026-05-06T16:45:05+00:00,0.83,clob_prices_history
80565288195959230151185052980976311228475022733379902952712338826972942332490,0x635d4fdd418b1d335b74dbfee01b7e8a9e8003ca60ad4501a0d231b2e87584bd,1778086813,2026-05-06T17:00:13+00:00,0.83,clob_prices_history
80565288195959230151185052980976311228475022733379902952712338826972942332490,0x635d4fdd418b1d335b74dbfee01b7e8a9e8003ca60ad4501a0d231b2e87584bd,1778087708,2026-05-06T17:15:08+00:00,0.83,clob_prices_history
80565288195959230151185052980976311228475022733379902952712338826972942332490,0x635d4fdd418b1d335b74dbfee01b7e8a9e8003ca60ad4501a0d231b2e87584bd,1778088609,2026-05-06T17:30:09+00:00,0.83,clob_prices_history
80565288195959230151185052980976311228475022733379902952712338826972942332490,0x635d4fdd418b1d335b74dbfee01b7e8a9e8003ca60ad4501a0d231b2e87584bd,1778089506,2026-05-06T17:45:06+00:00,0.83,clob_prices_history
80565288195959230151185052980976311228475022733379902952712338826972942332490,0x635d4fdd418b1d335b74dbfee01b7e8a9e8003ca60ad4501a0d231b2e87584bd,1778090409,2026-05-06T18:00:09+00:00,0.83,clob_prices_history
80565288195959230151185052980976311228475022733379902952712338826972942332490,0x635d4fdd418b1d335b74dbfee01b7e8a9e8003ca60ad4501a0d231b2e87584bd,1778091306,2026-05-06T18:15:06+00:00,0.83,clob_prices_history
80565288195959230151185052980976311228475022733379902952712338826972942332490,0x635d4fdd418b1d335b74dbfee01b7e8a9e8003ca60ad4501a0d231b2e87584bd,1778092209,2026-05-06T18:30:09+00:00,0.83,clob_prices_history
80565288195959230151185052980976311228475022733379902952712338826972942332490,0x635d4fdd418b1d335b74dbfee01b7e8a9e8003ca60ad4501a0d231b2e87584bd,1778093109,2026-05-06T18:45:09+00:00,0.83,clob_prices_history
80565288195959230151185052980976311228475022733379902952712338826972942332490,0x635d4fdd418b1d335b74dbfee01b7e8a9e8003ca60ad4501a0d231b2e87584bd,1778094007,2026-05-06T19:00:07+00:00,0.835,clob_prices_history
80565288195959230151185052980976311228475022733379902952712338826972942332490,0x635d4fdd418b1d335b74dbfee01b7e8a9e8003ca60ad4501a0d231b2e87584bd,1778094905,2026-05-06T19:15:05+00:00,0.825,clob_prices_history
80565288195959230151185052980976311228475022733379902952712338826972942332490,0x635d4fdd418b1d335b74dbfee01b7e8a9e8003ca60ad4501a0d231b2e87584bd,1778095806,2026-05-06T19:30:06+00:00,0.825,clob_prices_history
80565288195959230151185052980976311228475022733379902952712338826972942332490,0x635d4fdd418b1d335b74dbfee01b7e8a9e8003ca60ad4501a0d231b2e87584bd,1778096705,2026-05-06T19:45:05+00:00,0.825,clob_prices_history
80565288195959230151185052980976311228475022733379902952712338826972942332490,0x635d4fdd418b1d335b74dbfee01b7e8a9e8003ca60ad4501a0d231b2e87584bd,1778097608,2026-05-06T20:00:08+00:00,0.825,clob_prices_history
80565288195959230151185052980976311228475022733379902952712338826972942332490,0x635d4fdd418b1d335b74dbfee01b7e8a9e8003ca60ad4501a0d231b2e87584bd,1778098514,2026-05-06T20:15:14+00:00,0.825,clob_prices_history
80565288195959230151185052980976311228475022733379902952712338826972942332490,0x635d4fdd418b1d335b74dbfee01b7e8a9e8003ca60ad4501a0d231b2e87584bd,1778099408,2026-05-06T20:30:08+00:00,0.825,clob_prices_history
80565288195959230151185052980976311228475022733379902952712338826972942332490,0x635d4fdd418b1d335b74dbfee01b7e8a9e8003ca60ad4501a0d231b2e87584bd,1778100319,2026-05-06T20:45:19+00:00,0.825,clob_prices_history
80565288195959230151185052980976311228475022733379902952712338826972942332490,0x635d4fdd418b1d335b74dbfee01b7e8a9e8003ca60ad4501a0d231b2e87584bd,1778101258,2026-05-06T21:00:58+00:00,0.825,clob_prices_history
80565288195959230151185052980976311228475022733379902952712338826972942332490,0x635d4fdd418b1d335b74dbfee01b7e8a9e8003ca60ad4501a0d231b2e87584bd,1778103904,2026-05-06T21:45:04+00:00,0.83,clob_prices_history
80565288195959230151185052980976311228475022733379902952712338826972942332490,0x635d4fdd418b1d335b74dbfee01b7e8a9e8003ca60ad4501a0d231b2e87584bd,1778104806,2026-05-06T22:00:06+00:00,0.83,clob_prices_history
80565288195959230151185052980976311228475022733379902952712338826972942332490,0x635d4fdd418b1d335b74dbfee01b7e8a9e8003ca60ad4501a0d231b2e87584bd,1778105705,2026-05-06T22:15:05+00:00,0.83,clob_prices_history
80565288195959230151185052980976311228475022733379902952712338826972942332490,0x635d4fdd418b1d335b74dbfee01b7e8a9e8003ca60ad4501a0d231b2e87584bd,1778106606,2026-05-06T22:30:06+00:00,0.83,clob_prices_history
80565288195959230151185052980976311228475022733379902952712338826972942332490,0x635d4fdd418b1d335b74dbfee01b7e8a9e8003ca60ad4501a0d231b2e87584bd,1778107505,2026-05-06T22:45:05+00:00,0.83,clob_prices_history
80565288195959230151185052980976311228475022733379902952712338826972942332490,0x635d4fdd418b1d335b74dbfee01b7e8a9e8003ca60ad4501a0d231b2e87584bd,1778108408,2026-05-06T23:00:08+00:00,0.825,clob_prices_history
80565288195959230151185052980976311228475022733379902952712338826972942332490,0x635d4fdd418b1d335b74dbfee01b7e8a9e8003ca60ad4501a0d231b2e87584bd,1778109305,2026-05-06T23:15:05+00:00,0.825,clob_prices_history
80565288195959230151185052980976311228475022733379902952712338826972942332490,0x635d4fdd418b1d335b74dbfee01b7e8a9e8003ca60ad4501a0d231b2e87584bd,1778110205,2026-05-06T23:30:05+00:00,0.825,clob_prices_history
80565288195959230151185052980976311228475022733379902952712338826972942332490,0x635d4fdd418b1d335b74dbfee01b7e8a9e8003ca60ad4501a0d231b2e87584bd,1778111106,2026-05-06T23:45:06+00:00,0.825,clob_prices_history
80565288195959230151185052980976311228475022733379902952712338826972942332490,0x635d4fdd418b1d335b74dbfee01b7e8a9e8003ca60ad4501a0d231b2e87584bd,1778112011,2026-05-07T00:00:11+00:00,0.815,clob_prices_history
80565288195959230151185052980976311228475022733379902952712338826972942332490,0x635d4fdd418b1d335b74dbfee01b7e8a9e8003ca60ad4501a0d231b2e87584bd,1778112904,2026-05-07T00:15:04+00:00,0.82,clob_prices_history
80565288195959230151185052980976311228475022733379902952712338826972942332490,0x635d4fdd418b1d335b74dbfee01b7e8a9e8003ca60ad4501a0d231b2e87584bd,1778113807,2026-05-07T00:30:07+00:00,0.82,clob_prices_history
80565288195959230151185052980976311228475022733379902952712338826972942332490,0x635d4fdd418b1d335b74dbfee01b7e8a9e8003ca60ad4501a0d231b2e87584bd,1778114704,2026-05-07T00:45:04+00:00,0.82,clob_prices_history
80565288195959230151185052980976311228475022733379902952712338826972942332490,0x635d4fdd418b1d335b74dbfee01b7e8a9e8003ca60ad4501a0d231b2e87584bd,1778115606,2026-05-07T01:00:06+00:00,0.82,clob_prices_history
80565288195959230151185052980976311228475022733379902952712338826972942332490,0x635d4fdd418b1d335b74dbfee01b7e8a9e8003ca60ad4501a0d231b2e87584bd,1778116506,2026-05-07T01:15:06+00:00,0.82,clob_prices_history
80565288195959230151185052980976311228475022733379902952712338826972942332490,0x635d4fdd418b1d335b74dbfee01b7e8a9e8003ca60ad4501a0d231b2e87584bd,1778117405,2026-05-07T01:30:05+00:00,0.82,clob_prices_history
80565288195959230151185052980976311228475022733379902952712338826972942332490,0x635d4fdd418b1d335b74dbfee01b7e8a9e8003ca60ad4501a0d231b2e87584bd,1778118304,2026-05-07T01:45:04+00:00,0.815,clob_prices_history
80565288195959230151185052980976311228475022733379902952712338826972942332490,0x635d4fdd418b1d335b74dbfee01b7e8a9e8003ca60ad4501a0d231b2e87584bd,1778119207,2026-05-07T02:00:07+00:00,0.82,clob_prices_history
80565288195959230151185052980976311228475022733379902952712338826972942332490,0x635d4fdd418b1d335b74dbfee01b7e8a9e8003ca60ad4501a0d231b2e87584bd,1778120105,2026-05-07T02:15:05+00:00,0.82,clob_prices_history
80565288195959230151185052980976311228475022733379902952712338826972942332490,0x635d4fdd418b1d335b74dbfee01b7e8a9e8003ca60ad4501a0d231b2e87584bd,1778121006,2026-05-07T02:30:06+00:00,0.82,clob_prices_history
80565288195959230151185052980976311228475022733379902952712338826972942332490,0x635d4fdd418b1d335b74dbfee01b7e8a9e8003ca60ad4501a0d231b2e87584bd,1778121904,2026-05-07T02:45:04+00:00,0.82,clob_prices_history
80565288195959230151185052980976311228475022733379902952712338826972942332490,0x635d4fdd418b1d335b74dbfee01b7e8a9e8003ca60ad4501a0d231b2e87584bd,1778122807,2026-05-07T03:00:07+00:00,0.82,clob_prices_history
80565288195959230151185052980976311228475022733379902952712338826972942332490,0x635d4fdd418b1d335b74dbfee01b7e8a9e8003ca60ad4501a0d231b2e87584bd,1778123705,2026-05-07T03:15:05+00:00,0.82,clob_prices_history
80565288195959230151185052980976311228475022733379902952712338826972942332490,0x635d4fdd418b1d335b74dbfee01b7e8a9e8003ca60ad4501a0d231b2e87584bd,1778124605,2026-05-07T03:30:05+00:00,0.82,clob_prices_history
80565288195959230151185052980976311228475022733379902952712338826972942332490,0x635d4fdd418b1d335b74dbfee01b7e8a9e8003ca60ad4501a0d231b2e87584bd,1778125504,2026-05-07T03:45:04+00:00,0.82,clob_prices_history
80565288195959230151185052980976311228475022733379902952712338826972942332490,0x635d4fdd418b1d335b74dbfee01b7e8a9e8003ca60ad4501a0d231b2e87584bd,1778126405,2026-05-07T04:00:05+00:00,0.82,clob_prices_history
80565288195959230151185052980976311228475022733379902952712338826972942332490,0x635d4fdd418b1d335b74dbfee01b7e8a9e8003ca60ad4501a0d231b2e87584bd,1778127320,2026-05-07T04:15:20+00:00,0.82,clob_prices_history
80565288195959230151185052980976311228475022733379902952712338826972942332490,0x635d4fdd418b1d335b74dbfee01b7e8a9e8003ca60ad4501a0d231b2e87584bd,1778128206,2026-05-07T04:30:06+00:00,0.82,clob_prices_history
80565288195959230151185052980976311228475022733379902952712338826972942332490,0x635d4fdd418b1d335b74dbfee01b7e8a9e8003ca60ad4501a0d231b2e87584bd,1778129105,2026-05-07T04:45:05+00:00,0.82,clob_prices_history
80565288195959230151185052980976311228475022733379902952712338826972942332490,0x635d4fdd418b1d335b74dbfee01b7e8a9e8003ca60ad4501a0d231b2e87584bd,1778130007,2026-05-07T05:00:07+00:00,0.82,clob_prices_history
80565288195959230151185052980976311228475022733379902952712338826972942332490,0x635d4fdd418b1d335b74dbfee01b7e8a9e8003ca60ad4501a0d231b2e87584bd,1778130905,2026-05-07T05:15:05+00:00,0.815,clob_prices_history
80565288195959230151185052980976311228475022733379902952712338826972942332490,0x635d4fdd418b1d335b74dbfee01b7e8a9e8003ca60ad4501a0d231b2e87584bd,1778131805,2026-05-07T05:30:05+00:00,0.82,clob_prices_history
80565288195959230151185052980976311228475022733379902952712338826972942332490,0x635d4fdd418b1d335b74dbfee01b7e8a9e8003ca60ad4501a0d231b2e87584bd,1778132717,2026-05-07T05:45:17+00:00,0.82,clob_prices_history
80565288195959230151185052980976311228475022733379902952712338826972942332490,0x635d4fdd418b1d335b74dbfee01b7e8a9e8003ca60ad4501a0d231b2e87584bd,1778133607,2026-05-07T06:00:07+00:00,0.82,clob_prices_history
80565288195959230151185052980976311228475022733379902952712338826972942332490,0x635d4fdd418b1d335b74dbfee01b7e8a9e8003ca60ad4501a0d231b2e87584bd,1778134504,2026-05-07T06:15:04+00:00,0.82,clob_prices_history
80565288195959230151185052980976311228475022733379902952712338826972942332490,0x635d4fdd418b1d335b74dbfee01b7e8a9e8003ca60ad4501a0d231b2e87584bd,1778135406,2026-05-07T06:30:06+00:00,0.82,clob_prices_history
80565288195959230151185052980976311228475022733379902952712338826972942332490,0x635d4fdd418b1d335b74dbfee01b7e8a9e8003ca60ad4501a0d231b2e87584bd,1778136317,2026-05-07T06:45:17+00:00,0.82,clob_prices_history
80565288195959230151185052980976311228475022733379902952712338826972942332490,0x635d4fdd418b1d335b74dbfee01b7e8a9e8003ca60ad4501a0d231b2e87584bd,1778137210,2026-05-07T07:00:10+00:00,0.82,clob_prices_history
80565288195959230151185052980976311228475022733379902952712338826972942332490,0x635d4fdd418b1d335b74dbfee01b7e8a9e8003ca60ad4501a0d231b2e87584bd,1778138105,2026-05-07T07:15:05+00:00,0.82,clob_prices_history
80565288195959230151185052980976311228475022733379902952712338826972942332490,0x635d4fdd418b1d335b74dbfee01b7e8a9e8003ca60ad4501a0d231b2e87584bd,1778139005,2026-05-07T07:30:05+00:00,0.82,clob_prices_history
80565288195959230151185052980976311228475022733379902952712338826972942332490,0x635d4fdd418b1d335b74dbfee01b7e8a9e8003ca60ad4501a0d231b2e87584bd,1778139905,2026-05-07T07:45:05+00:00,0.82,clob_prices_history
80565288195959230151185052980976311228475022733379902952712338826972942332490,0x635d4fdd418b1d335b74dbfee01b7e8a9e8003ca60ad4501a0d231b2e87584bd,1778140822,2026-05-07T08:00:22+00:00,0.82,clob_prices_history
80565288195959230151185052980976311228475022733379902952712338826972942332490,0x635d4fdd418b1d335b74dbfee01b7e8a9e8003ca60ad4501a0d231b2e87584bd,1778141704,2026-05-07T08:15:04+00:00,0.82,clob_prices_history
80565288195959230151185052980976311228475022733379902952712338826972942332490,0x635d4fdd418b1d335b74dbfee01b7e8a9e8003ca60ad4501a0d231b2e87584bd,1778142605,2026-05-07T08:30:05+00:00,0.82,clob_prices_history
80565288195959230151185052980976311228475022733379902952712338826972942332490,0x635d4fdd418b1d335b74dbfee01b7e8a9e8003ca60ad4501a0d231b2e87584bd,1778143505,2026-05-07T08:45:05+00:00,0.825,clob_prices_history
80565288195959230151185052980976311228475022733379902952712338826972942332490,0x635d4fdd418b1d335b74dbfee01b7e8a9e8003ca60ad4501a0d231b2e87584bd,1778144405,2026-05-07T09:00:05+00:00,0.825,clob_prices_history
80565288195959230151185052980976311228475022733379902952712338826972942332490,0x635d4fdd418b1d335b74dbfee01b7e8a9e8003ca60ad4501a0d231b2e87584bd,1778145304,2026-05-07T09:15:04+00:00,0.825,clob_prices_history
80565288195959230151185052980976311228475022733379902952712338826972942332490,0x635d4fdd418b1d335b74dbfee01b7e8a9e8003ca60ad4501a0d231b2e87584bd,1778146210,2026-05-07T09:30:10+00:00,0.825,clob_prices_history
80565288195959230151185052980976311228475022733379902952712338826972942332490,0x635d4fdd418b1d335b74dbfee01b7e8a9e8003ca60ad4501a0d231b2e87584bd,1778147105,2026-05-07T09:45:05+00:00,0.825,clob_prices_history
80565288195959230151185052980976311228475022733379902952712338826972942332490,0x635d4fdd418b1d335b74dbfee01b7e8a9e8003ca60ad4501a0d231b2e87584bd,1778148006,2026-05-07T10:00:06+00:00,0.825,clob_prices_history
80565288195959230151185052980976311228475022733379902952712338826972942332490,0x635d4fdd418b1d335b74dbfee01b7e8a9e8003ca60ad4501a0d231b2e87584bd,1778148904,2026-05-07T10:15:04+00:00,0.825,clob_prices_history
80565288195959230151185052980976311228475022733379902952712338826972942332490,0x635d4fdd418b1d335b74dbfee01b7e8a9e8003ca60ad4501a0d231b2e87584bd,1778149805,2026-05-07T10:30:05+00:00,0.825,clob_prices_history
80565288195959230151185052980976311228475022733379902952712338826972942332490,0x635d4fdd418b1d335b74dbfee01b7e8a9e8003ca60ad4501a0d231b2e87584bd,1778150704,2026-05-07T10:45:04+00:00,0.82,clob_prices_history
80565288195959230151185052980976311228475022733379902952712338826972942332490,0x635d4fdd418b1d335b74dbfee01b7e8a9e8003ca60ad4501a0d231b2e87584bd,1778151606,2026-05-07T11:00:06+00:00,0.82,clob_prices_history
80565288195959230151185052980976311228475022733379902952712338826972942332490,0x635d4fdd418b1d335b74dbfee01b7e8a9e8003ca60ad4501a0d231b2e87584bd,1778152504,2026-05-07T11:15:04+00:00,0.82,clob_prices_history
80565288195959230151185052980976311228475022733379902952712338826972942332490,0x635d4fdd418b1d335b74dbfee01b7e8a9e8003ca60ad4501a0d231b2e87584bd,1778153406,2026-05-07T11:30:06+00:00,0.82,clob_prices_history
80565288195959230151185052980976311228475022733379902952712338826972942332490,0x635d4fdd418b1d335b74dbfee01b7e8a9e8003ca60ad4501a0d231b2e87584bd,1778154305,2026-05-07T11:45:05+00:00,0.825,clob_prices_history
80565288195959230151185052980976311228475022733379902952712338826972942332490,0x635d4fdd418b1d335b74dbfee01b7e8a9e8003ca60ad4501a0d231b2e87584bd,1778155219,2026-05-07T12:00:19+00:00,0.825,clob_prices_history
80565288195959230151185052980976311228475022733379902952712338826972942332490,0x635d4fdd418b1d335b74dbfee01b7e8a9e8003ca60ad4501a0d231b2e87584bd,1778156104,2026-05-07T12:15:04+00:00,0.825,clob_prices_history
80565288195959230151185052980976311228475022733379902952712338826972942332490,0x635d4fdd418b1d335b74dbfee01b7e8a9e8003ca60ad4501a0d231b2e87584bd,1778157005,2026-05-07T12:30:05+00:00,0.825,clob_prices_history
80565288195959230151185052980976311228475022733379902952712338826972942332490,0x635d4fdd418b1d335b74dbfee01b7e8a9e8003ca60ad4501a0d231b2e87584bd,1778157906,2026-05-07T12:45:06+00:00,0.82,clob_prices_history
80565288195959230151185052980976311228475022733379902952712338826972942332490,0x635d4fdd418b1d335b74dbfee01b7e8a9e8003ca60ad4501a0d231b2e87584bd,1778158805,2026-05-07T13:00:05+00:00,0.825,clob_prices_history
80565288195959230151185052980976311228475022733379902952712338826972942332490,0x635d4fdd418b1d335b74dbfee01b7e8a9e8003ca60ad4501a0d231b2e87584bd,1778159705,2026-05-07T13:15:05+00:00,0.825,clob_prices_history
80565288195959230151185052980976311228475022733379902952712338826972942332490,0x635d4fdd418b1d335b74dbfee01b7e8a9e8003ca60ad4501a0d231b2e87584bd,1778160606,2026-05-07T13:30:06+00:00,0.825,clob_prices_history
80565288195959230151185052980976311228475022733379902952712338826972942332490,0x635d4fdd418b1d335b74dbfee01b7e8a9e8003ca60ad4501a0d231b2e87584bd,1778161514,2026-05-07T13:45:14+00:00,0.83,clob_prices_history
80565288195959230151185052980976311228475022733379902952712338826972942332490,0x635d4fdd418b1d335b74dbfee01b7e8a9e8003ca60ad4501a0d231b2e87584bd,1778162418,2026-05-07T14:00:18+00:00,0.83,clob_prices_history
80565288195959230151185052980976311228475022733379902952712338826972942332490,0x635d4fdd418b1d335b74dbfee01b7e8a9e8003ca60ad4501a0d231b2e87584bd,1778163305,2026-05-07T14:15:05+00:00,0.83,clob_prices_history
80565288195959230151185052980976311228475022733379902952712338826972942332490,0x635d4fdd418b1d335b74dbfee01b7e8a9e8003ca60ad4501a0d231b2e87584bd,1778164206,2026-05-07T14:30:06+00:00,0.83,clob_prices_history
80565288195959230151185052980976311228475022733379902952712338826972942332490,0x635d4fdd418b1d335b74dbfee01b7e8a9e8003ca60ad4501a0d231b2e87584bd,1778165104,2026-05-07T14:45:04+00:00,0.83,clob_prices_history
80565288195959230151185052980976311228475022733379902952712338826972942332490,0x635d4fdd418b1d335b74dbfee01b7e8a9e8003ca60ad4501a0d231b2e87584bd,1778166021,2026-05-07T15:00:21+00:00,0.83,clob_prices_history
80565288195959230151185052980976311228475022733379902952712338826972942332490,0x635d4fdd418b1d335b74dbfee01b7e8a9e8003ca60ad4501a0d231b2e87584bd,1778166905,2026-05-07T15:15:05+00:00,0.83,clob_prices_history
80565288195959230151185052980976311228475022733379902952712338826972942332490,0x635d4fdd418b1d335b74dbfee01b7e8a9e8003ca60ad4501a0d231b2e87584bd,1778167806,2026-05-07T15:30:06+00:00,0.83,clob_prices_history
80565288195959230151185052980976311228475022733379902952712338826972942332490,0x635d4fdd418b1d335b74dbfee01b7e8a9e8003ca60ad4501a0d231b2e87584bd,1778168704,2026-05-07T15:45:04+00:00,0.83,clob_prices_history
80565288195959230151185052980976311228475022733379902952712338826972942332490,0x635d4fdd418b1d335b74dbfee01b7e8a9e8003ca60ad4501a0d231b2e87584bd,1778169605,2026-05-07T16:00:05+00:00,0.83,clob_prices_history
80565288195959230151185052980976311228475022733379902952712338826972942332490,0x635d4fdd418b1d335b74dbfee01b7e8a9e8003ca60ad4501a0d231b2e87584bd,1778170505,2026-05-07T16:15:05+00:00,0.83,clob_prices_history
80565288195959230151185052980976311228475022733379902952712338826972942332490,0x635d4fdd418b1d335b74dbfee01b7e8a9e8003ca60ad4501a0d231b2e87584bd,1778171420,2026-05-07T16:30:20+00:00,0.83,clob_prices_history
80565288195959230151185052980976311228475022733379902952712338826972942332490,0x635d4fdd418b1d335b74dbfee01b7e8a9e8003ca60ad4501a0d231b2e87584bd,1778172306,2026-05-07T16:45:06+00:00,0.835,clob_prices_history
80565288195959230151185052980976311228475022733379902952712338826972942332490,0x635d4fdd418b1d335b74dbfee01b7e8a9e8003ca60ad4501a0d231b2e87584bd,1778173215,2026-05-07T17:00:15+00:00,0.83,clob_prices_history
80565288195959230151185052980976311228475022733379902952712338826972942332490,0x635d4fdd418b1d335b74dbfee01b7e8a9e8003ca60ad4501a0d231b2e87584bd,1778174108,2026-05-07T17:15:08+00:00,0.83,clob_prices_history
80565288195959230151185052980976311228475022733379902952712338826972942332490,0x635d4fdd418b1d335b74dbfee01b7e8a9e8003ca60ad4501a0d231b2e87584bd,1778175011,2026-05-07T17:30:11+00:00,0.83,clob_prices_history
80565288195959230151185052980976311228475022733379902952712338826972942332490,0x635d4fdd418b1d335b74dbfee01b7e8a9e8003ca60ad4501a0d231b2e87584bd,1778175908,2026-05-07T17:45:08+00:00,0.83,clob_prices_history
80565288195959230151185052980976311228475022733379902952712338826972942332490,0x635d4fdd418b1d335b74dbfee01b7e8a9e8003ca60ad4501a0d231b2e87584bd,1778176808,2026-05-07T18:00:08+00:00,0.83,clob_prices_history
80565288195959230151185052980976311228475022733379902952712338826972942332490,0x635d4fdd418b1d335b74dbfee01b7e8a9e8003ca60ad4501a0d231b2e87584bd,1778177705,2026-05-07T18:15:05+00:00,0.83,clob_prices_history
80565288195959230151185052980976311228475022733379902952712338826972942332490,0x635d4fdd418b1d335b74dbfee01b7e8a9e8003ca60ad4501a0d231b2e87584bd,1778178606,2026-05-07T18:30:06+00:00,0.83,clob_prices_history
80565288195959230151185052980976311228475022733379902952712338826972942332490,0x635d4fdd418b1d335b74dbfee01b7e8a9e8003ca60ad4501a0d231b2e87584bd,1778179504,2026-05-07T18:45:04+00:00,0.83,clob_prices_history
80565288195959230151185052980976311228475022733379902952712338826972942332490,0x635d4fdd418b1d335b74dbfee01b7e8a9e8003ca60ad4501a0d231b2e87584bd,1778180407,2026-05-07T19:00:07+00:00,0.83,clob_prices_history
80565288195959230151185052980976311228475022733379902952712338826972942332490,0x635d4fdd418b1d335b74dbfee01b7e8a9e8003ca60ad4501a0d231b2e87584bd,1778181309,2026-05-07T19:15:09+00:00,0.83,clob_prices_history
80565288195959230151185052980976311228475022733379902952712338826972942332490,0x635d4fdd418b1d335b74dbfee01b7e8a9e8003ca60ad4501a0d231b2e87584bd,1778182212,2026-05-07T19:30:12+00:00,0.83,clob_prices_history
80565288195959230151185052980976311228475022733379902952712338826972942332490,0x635d4fdd418b1d335b74dbfee01b7e8a9e8003ca60ad4501a0d231b2e87584bd,1778183105,2026-05-07T19:45:05+00:00,0.83,clob_prices_history
80565288195959230151185052980976311228475022733379902952712338826972942332490,0x635d4fdd418b1d335b74dbfee01b7e8a9e8003ca60ad4501a0d231b2e87584bd,1778184010,2026-05-07T20:00:10+00:00,0.83,clob_prices_history
80565288195959230151185052980976311228475022733379902952712338826972942332490,0x635d4fdd418b1d335b74dbfee01b7e8a9e8003ca60ad4501a0d231b2e87584bd,1778184905,2026-05-07T20:15:05+00:00,0.83,clob_prices_history
80565288195959230151185052980976311228475022733379902952712338826972942332490,0x635d4fdd418b1d335b74dbfee01b7e8a9e8003ca60ad4501a0d231b2e87584bd,1778185814,2026-05-07T20:30:14+00:00,0.83,clob_prices_history
80565288195959230151185052980976311228475022733379902952712338826972942332490,0x635d4fdd418b1d335b74dbfee01b7e8a9e8003ca60ad4501a0d231b2e87584bd,1778186716,2026-05-07T20:45:16+00:00,0.83,clob_prices_history
80565288195959230151185052980976311228475022733379902952712338826972942332490,0x635d4fdd418b1d335b74dbfee01b7e8a9e8003ca60ad4501a0d231b2e87584bd,1778187612,2026-05-07T21:00:12+00:00,0.83,clob_prices_history
80565288195959230151185052980976311228475022733379902952712338826972942332490,0x635d4fdd418b1d335b74dbfee01b7e8a9e8003ca60ad4501a0d231b2e87584bd,1778188505,2026-05-07T21:15:05+00:00,0.83,clob_prices_history
80565288195959230151185052980976311228475022733379902952712338826972942332490,0x635d4fdd418b1d335b74dbfee01b7e8a9e8003ca60ad4501a0d231b2e87584bd,1778189406,2026-05-07T21:30:06+00:00,0.875,clob_prices_history
80565288195959230151185052980976311228475022733379902952712338826972942332490,0x635d4fdd418b1d335b74dbfee01b7e8a9e8003ca60ad4501a0d231b2e87584bd,1778190310,2026-05-07T21:45:10+00:00,0.875,clob_prices_history
80565288195959230151185052980976311228475022733379902952712338826972942332490,0x635d4fdd418b1d335b74dbfee01b7e8a9e8003ca60ad4501a0d231b2e87584bd,1778191207,2026-05-07T22:00:07+00:00,0.875,clob_prices_history
80565288195959230151185052980976311228475022733379902952712338826972942332490,0x635d4fdd418b1d335b74dbfee01b7e8a9e8003ca60ad4501a0d231b2e87584bd,1778192106,2026-05-07T22:15:06+00:00,0.875,clob_prices_history
80565288195959230151185052980976311228475022733379902952712338826972942332490,0x635d4fdd418b1d335b74dbfee01b7e8a9e8003ca60ad4501a0d231b2e87584bd,1778193010,2026-05-07T22:30:10+00:00,0.88,clob_prices_history
80565288195959230151185052980976311228475022733379902952712338826972942332490,0x635d4fdd418b1d335b74dbfee01b7e8a9e8003ca60ad4501a0d231b2e87584bd,1778193904,2026-05-07T22:45:04+00:00,0.88,clob_prices_history
80565288195959230151185052980976311228475022733379902952712338826972942332490,0x635d4fdd418b1d335b74dbfee01b7e8a9e8003ca60ad4501a0d231b2e87584bd,1778194822,2026-05-07T23:00:22+00:00,0.875,clob_prices_history
80565288195959230151185052980976311228475022733379902952712338826972942332490,0x635d4fdd418b1d335b74dbfee01b7e8a9e8003ca60ad4501a0d231b2e87584bd,1778195705,2026-05-07T23:15:05+00:00,0.87,clob_prices_history
80565288195959230151185052980976311228475022733379902952712338826972942332490,0x635d4fdd418b1d335b74dbfee01b7e8a9e8003ca60ad4501a0d231b2e87584bd,1778196609,2026-05-07T23:30:09+00:00,0.87,clob_prices_history
80565288195959230151185052980976311228475022733379902952712338826972942332490,0x635d4fdd418b1d335b74dbfee01b7e8a9e8003ca60ad4501a0d231b2e87584bd,1778197507,2026-05-07T23:45:07+00:00,0.88,clob_prices_history
80565288195959230151185052980976311228475022733379902952712338826972942332490,0x635d4fdd418b1d335b74dbfee01b7e8a9e8003ca60ad4501a0d231b2e87584bd,1778198411,2026-05-08T00:00:11+00:00,0.875,clob_prices_history
80565288195959230151185052980976311228475022733379902952712338826972942332490,0x635d4fdd418b1d335b74dbfee01b7e8a9e8003ca60ad4501a0d231b2e87584bd,1778199306,2026-05-08T00:15:06+00:00,0.88,clob_prices_history
80565288195959230151185052980976311228475022733379902952712338826972942332490,0x635d4fdd418b1d335b74dbfee01b7e8a9e8003ca60ad4501a0d231b2e87584bd,1778200205,2026-05-08T00:30:05+00:00,0.875,clob_prices_history
80565288195959230151185052980976311228475022733379902952712338826972942332490,0x635d4fdd418b1d335b74dbfee01b7e8a9e8003ca60ad4501a0d231b2e87584bd,1778201120,2026-05-08T00:45:20+00:00,0.88,clob_prices_history
80565288195959230151185052980976311228475022733379902952712338826972942332490,0x635d4fdd418b1d335b74dbfee01b7e8a9e8003ca60ad4501a0d231b2e87584bd,1778202007,2026-05-08T01:00:07+00:00,0.88,clob_prices_history
80565288195959230151185052980976311228475022733379902952712338826972942332490,0x635d4fdd418b1d335b74dbfee01b7e8a9e8003ca60ad4501a0d231b2e87584bd,1778202905,2026-05-08T01:15:05+00:00,0.875,clob_prices_history
80565288195959230151185052980976311228475022733379902952712338826972942332490,0x635d4fdd418b1d335b74dbfee01b7e8a9e8003ca60ad4501a0d231b2e87584bd,1778203805,2026-05-08T01:30:05+00:00,0.88,clob_prices_history
80565288195959230151185052980976311228475022733379902952712338826972942332490,0x635d4fdd418b1d335b74dbfee01b7e8a9e8003ca60ad4501a0d231b2e87584bd,1778204705,2026-05-08T01:45:05+00:00,0.875,clob_prices_history
80565288195959230151185052980976311228475022733379902952712338826972942332490,0x635d4fdd418b1d335b74dbfee01b7e8a9e8003ca60ad4501a0d231b2e87584bd,1778205606,2026-05-08T02:00:06+00:00,0.875,clob_prices_history
80565288195959230151185052980976311228475022733379902952712338826972942332490,0x635d4fdd418b1d335b74dbfee01b7e8a9e8003ca60ad4501a0d231b2e87584bd,1778206505,2026-05-08T02:15:05+00:00,0.875,clob_prices_history
80565288195959230151185052980976311228475022733379902952712338826972942332490,0x635d4fdd418b1d335b74dbfee01b7e8a9e8003ca60ad4501a0d231b2e87584bd,1778207406,2026-05-08T02:30:06+00:00,0.87,clob_prices_history
80565288195959230151185052980976311228475022733379902952712338826972942332490,0x635d4fdd418b1d335b74dbfee01b7e8a9e8003ca60ad4501a0d231b2e87584bd,1778208305,2026-05-08T02:45:05+00:00,0.875,clob_prices_history
80565288195959230151185052980976311228475022733379902952712338826972942332490,0x635d4fdd418b1d335b74dbfee01b7e8a9e8003ca60ad4501a0d231b2e87584bd,1778209209,2026-05-08T03:00:09+00:00,0.875,clob_prices_history
80565288195959230151185052980976311228475022733379902952712338826972942332490,0x635d4fdd418b1d335b74dbfee01b7e8a9e8003ca60ad4501a0d231b2e87584bd,1778210105,2026-05-08T03:15:05+00:00,0.875,clob_prices_history
80565288195959230151185052980976311228475022733379902952712338826972942332490,0x635d4fdd418b1d335b74dbfee01b7e8a9e8003ca60ad4501a0d231b2e87584bd,1778211006,2026-05-08T03:30:06+00:00,0.88,clob_prices_history
80565288195959230151185052980976311228475022733379902952712338826972942332490,0x635d4fdd418b1d335b74dbfee01b7e8a9e8003ca60ad4501a0d231b2e87584bd,1778211905,2026-05-08T03:45:05+00:00,0.88,clob_prices_history
80565288195959230151185052980976311228475022733379902952712338826972942332490,0x635d4fdd418b1d335b74dbfee01b7e8a9e8003ca60ad4501a0d231b2e87584bd,1778212805,2026-05-08T04:00:05+00:00,0.88,clob_prices_history
80565288195959230151185052980976311228475022733379902952712338826972942332490,0x635d4fdd418b1d335b74dbfee01b7e8a9e8003ca60ad4501a0d231b2e87584bd,1778213706,2026-05-08T04:15:06+00:00,0.875,clob_prices_history
80565288195959230151185052980976311228475022733379902952712338826972942332490,0x635d4fdd418b1d335b74dbfee01b7e8a9e8003ca60ad4501a0d231b2e87584bd,1778214608,2026-05-08T04:30:08+00:00,0.875,clob_prices_history
80565288195959230151185052980976311228475022733379902952712338826972942332490,0x635d4fdd418b1d335b74dbfee01b7e8a9e8003ca60ad4501a0d231b2e87584bd,1778215506,2026-05-08T04:45:06+00:00,0.875,clob_prices_history
80565288195959230151185052980976311228475022733379902952712338826972942332490,0x635d4fdd418b1d335b74dbfee01b7e8a9e8003ca60ad4501a0d231b2e87584bd,1778216407,2026-05-08T05:00:07+00:00,0.875,clob_prices_history
80565288195959230151185052980976311228475022733379902952712338826972942332490,0x635d4fdd418b1d335b74dbfee01b7e8a9e8003ca60ad4501a0d231b2e87584bd,1778217304,2026-05-08T05:15:04+00:00,0.88,clob_prices_history
80565288195959230151185052980976311228475022733379902952712338826972942332490,0x635d4fdd418b1d335b74dbfee01b7e8a9e8003ca60ad4501a0d231b2e87584bd,1778218206,2026-05-08T05:30:06+00:00,0.875,clob_prices_history
80565288195959230151185052980976311228475022733379902952712338826972942332490,0x635d4fdd418b1d335b74dbfee01b7e8a9e8003ca60ad4501a0d231b2e87584bd,1778219118,2026-05-08T05:45:18+00:00,0.88,clob_prices_history
80565288195959230151185052980976311228475022733379902952712338826972942332490,0x635d4fdd418b1d335b74dbfee01b7e8a9e8003ca60ad4501a0d231b2e87584bd,1778220007,2026-05-08T06:00:07+00:00,0.875,clob_prices_history
80565288195959230151185052980976311228475022733379902952712338826972942332490,0x635d4fdd418b1d335b74dbfee01b7e8a9e8003ca60ad4501a0d231b2e87584bd,1778220904,2026-05-08T06:15:04+00:00,0.875,clob_prices_history
80565288195959230151185052980976311228475022733379902952712338826972942332490,0x635d4fdd418b1d335b74dbfee01b7e8a9e8003ca60ad4501a0d231b2e87584bd,1778221806,2026-05-08T06:30:06+00:00,0.875,clob_prices_history
80565288195959230151185052980976311228475022733379902952712338826972942332490,0x635d4fdd418b1d335b74dbfee01b7e8a9e8003ca60ad4501a0d231b2e87584bd,1778222705,2026-05-08T06:45:05+00:00,0.88,clob_prices_history
80565288195959230151185052980976311228475022733379902952712338826972942332490,0x635d4fdd418b1d335b74dbfee01b7e8a9e8003ca60ad4501a0d231b2e87584bd,1778223607,2026-05-08T07:00:07+00:00,0.875,clob_prices_history
80565288195959230151185052980976311228475022733379902952712338826972942332490,0x635d4fdd418b1d335b74dbfee01b7e8a9e8003ca60ad4501a0d231b2e87584bd,1778224505,2026-05-08T07:15:05+00:00,0.875,clob_prices_history
80565288195959230151185052980976311228475022733379902952712338826972942332490,0x635d4fdd418b1d335b74dbfee01b7e8a9e8003ca60ad4501a0d231b2e87584bd,1778225405,2026-05-08T07:30:05+00:00,0.875,clob_prices_history
80565288195959230151185052980976311228475022733379902952712338826972942332490,0x635d4fdd418b1d335b74dbfee01b7e8a9e8003ca60ad4501a0d231b2e87584bd,1778226305,2026-05-08T07:45:05+00:00,0.875,clob_prices_history
80565288195959230151185052980976311228475022733379902952712338826972942332490,0x635d4fdd418b1d335b74dbfee01b7e8a9e8003ca60ad4501a0d231b2e87584bd,1778227206,2026-05-08T08:00:06+00:00,0.88,clob_prices_history
80565288195959230151185052980976311228475022733379902952712338826972942332490,0x635d4fdd418b1d335b74dbfee01b7e8a9e8003ca60ad4501a0d231b2e87584bd,1778228106,2026-05-08T08:15:06+00:00,0.875,clob_prices_history
80565288195959230151185052980976311228475022733379902952712338826972942332490,0x635d4fdd418b1d335b74dbfee01b7e8a9e8003ca60ad4501a0d231b2e87584bd,1778229005,2026-05-08T08:30:05+00:00,0.87,clob_prices_history
80565288195959230151185052980976311228475022733379902952712338826972942332490,0x635d4fdd418b1d335b74dbfee01b7e8a9e8003ca60ad4501a0d231b2e87584bd,1778229906,2026-05-08T08:45:06+00:00,0.88,clob_prices_history
80565288195959230151185052980976311228475022733379902952712338826972942332490,0x635d4fdd418b1d335b74dbfee01b7e8a9e8003ca60ad4501a0d231b2e87584bd,1778230806,2026-05-08T09:00:06+00:00,0.875,clob_prices_history
80565288195959230151185052980976311228475022733379902952712338826972942332490,0x635d4fdd418b1d335b74dbfee01b7e8a9e8003ca60ad4501a0d231b2e87584bd,1778231705,2026-05-08T09:15:05+00:00,0.88,clob_prices_history
80565288195959230151185052980976311228475022733379902952712338826972942332490,0x635d4fdd418b1d335b74dbfee01b7e8a9e8003ca60ad4501a0d231b2e87584bd,1778232605,2026-05-08T09:30:05+00:00,0.88,clob_prices_history
80565288195959230151185052980976311228475022733379902952712338826972942332490,0x635d4fdd418b1d335b74dbfee01b7e8a9e8003ca60ad4501a0d231b2e87584bd,1778233506,2026-05-08T09:45:06+00:00,0.875,clob_prices_history
80565288195959230151185052980976311228475022733379902952712338826972942332490,0x635d4fdd418b1d335b74dbfee01b7e8a9e8003ca60ad4501a0d231b2e87584bd,1778234407,2026-05-08T10:00:07+00:00,0.88,clob_prices_history
80565288195959230151185052980976311228475022733379902952712338826972942332490,0x635d4fdd418b1d335b74dbfee01b7e8a9e8003ca60ad4501a0d231b2e87584bd,1778235304,2026-05-08T10:15:04+00:00,0.875,clob_prices_history
80565288195959230151185052980976311228475022733379902952712338826972942332490,0x635d4fdd418b1d335b74dbfee01b7e8a9e8003ca60ad4501a0d231b2e87584bd,1778236211,2026-05-08T10:30:11+00:00,0.875,clob_prices_history
80565288195959230151185052980976311228475022733379902952712338826972942332490,0x635d4fdd418b1d335b74dbfee01b7e8a9e8003ca60ad4501a0d231b2e87584bd,1778237105,2026-05-08T10:45:05+00:00,0.875,clob_prices_history
80565288195959230151185052980976311228475022733379902952712338826972942332490,0x635d4fdd418b1d335b74dbfee01b7e8a9e8003ca60ad4501a0d231b2e87584bd,1778238008,2026-05-08T11:00:08+00:00,0.875,clob_prices_history
80565288195959230151185052980976311228475022733379902952712338826972942332490,0x635d4fdd418b1d335b74dbfee01b7e8a9e8003ca60ad4501a0d231b2e87584bd,1778238914,2026-05-08T11:15:14+00:00,0.875,clob_prices_history
80565288195959230151185052980976311228475022733379902952712338826972942332490,0x635d4fdd418b1d335b74dbfee01b7e8a9e8003ca60ad4501a0d231b2e87584bd,1778239805,2026-05-08T11:30:05+00:00,0.88,clob_prices_history
80565288195959230151185052980976311228475022733379902952712338826972942332490,0x635d4fdd418b1d335b74dbfee01b7e8a9e8003ca60ad4501a0d231b2e87584bd,1778240705,2026-05-08T11:45:05+00:00,0.885,clob_prices_history
80565288195959230151185052980976311228475022733379902952712338826972942332490,0x635d4fdd418b1d335b74dbfee01b7e8a9e8003ca60ad4501a0d231b2e87584bd,1778241606,2026-05-08T12:00:06+00:00,0.875,clob_prices_history
80565288195959230151185052980976311228475022733379902952712338826972942332490,0x635d4fdd418b1d335b74dbfee01b7e8a9e8003ca60ad4501a0d231b2e87584bd,1778242504,2026-05-08T12:15:04+00:00,0.875,clob_prices_history
80565288195959230151185052980976311228475022733379902952712338826972942332490,0x635d4fdd418b1d335b74dbfee01b7e8a9e8003ca60ad4501a0d231b2e87584bd,1778243406,2026-05-08T12:30:06+00:00,0.875,clob_prices_history
80565288195959230151185052980976311228475022733379902952712338826972942332490,0x635d4fdd418b1d335b74dbfee01b7e8a9e8003ca60ad4501a0d231b2e87584bd,1778244305,2026-05-08T12:45:05+00:00,0.875,clob_prices_history
80565288195959230151185052980976311228475022733379902952712338826972942332490,0x635d4fdd418b1d335b74dbfee01b7e8a9e8003ca60ad4501a0d231b2e87584bd,1778245205,2026-05-08T13:00:05+00:00,0.875,clob_prices_history
80565288195959230151185052980976311228475022733379902952712338826972942332490,0x635d4fdd418b1d335b74dbfee01b7e8a9e8003ca60ad4501a0d231b2e87584bd,1778246106,2026-05-08T13:15:06+00:00,0.875,clob_prices_history
80565288195959230151185052980976311228475022733379902952712338826972942332490,0x635d4fdd418b1d335b74dbfee01b7e8a9e8003ca60ad4501a0d231b2e87584bd,1778247006,2026-05-08T13:30:06+00:00,0.875,clob_prices_history
80565288195959230151185052980976311228475022733379902952712338826972942332490,0x635d4fdd418b1d335b74dbfee01b7e8a9e8003ca60ad4501a0d231b2e87584bd,1778247905,2026-05-08T13:45:05+00:00,0.88,clob_prices_history
80565288195959230151185052980976311228475022733379902952712338826972942332490,0x635d4fdd418b1d335b74dbfee01b7e8a9e8003ca60ad4501a0d231b2e87584bd,1778248806,2026-05-08T14:00:06+00:00,0.88,clob_prices_history
80565288195959230151185052980976311228475022733379902952712338826972942332490,0x635d4fdd418b1d335b74dbfee01b7e8a9e8003ca60ad4501a0d231b2e87584bd,1778249705,2026-05-08T14:15:05+00:00,0.885,clob_prices_history
80565288195959230151185052980976311228475022733379902952712338826972942332490,0x635d4fdd418b1d335b74dbfee01b7e8a9e8003ca60ad4501a0d231b2e87584bd,1778250608,2026-05-08T14:30:08+00:00,0.885,clob_prices_history
80565288195959230151185052980976311228475022733379902952712338826972942332490,0x635d4fdd418b1d335b74dbfee01b7e8a9e8003ca60ad4501a0d231b2e87584bd,1778251518,2026-05-08T14:45:18+00:00,0.88,clob_prices_history
80565288195959230151185052980976311228475022733379902952712338826972942332490,0x635d4fdd418b1d335b74dbfee01b7e8a9e8003ca60ad4501a0d231b2e87584bd,1778252406,2026-05-08T15:00:06+00:00,0.88,clob_prices_history
80565288195959230151185052980976311228475022733379902952712338826972942332490,0x635d4fdd418b1d335b74dbfee01b7e8a9e8003ca60ad4501a0d231b2e87584bd,1778253307,2026-05-08T15:15:07+00:00,0.88,clob_prices_history
80565288195959230151185052980976311228475022733379902952712338826972942332490,0x635d4fdd418b1d335b74dbfee01b7e8a9e8003ca60ad4501a0d231b2e87584bd,1778254209,2026-05-08T15:30:09+00:00,0.88,clob_prices_history
80565288195959230151185052980976311228475022733379902952712338826972942332490,0x635d4fdd418b1d335b74dbfee01b7e8a9e8003ca60ad4501a0d231b2e87584bd,1778255108,2026-05-08T15:45:08+00:00,0.875,clob_prices_history
80565288195959230151185052980976311228475022733379902952712338826972942332490,0x635d4fdd418b1d335b74dbfee01b7e8a9e8003ca60ad4501a0d231b2e87584bd,1778256006,2026-05-08T16:00:06+00:00,0.88,clob_prices_history
80565288195959230151185052980976311228475022733379902952712338826972942332490,0x635d4fdd418b1d335b74dbfee01b7e8a9e8003ca60ad4501a0d231b2e87584bd,1778256905,2026-05-08T16:15:05+00:00,0.88,clob_prices_history
80565288195959230151185052980976311228475022733379902952712338826972942332490,0x635d4fdd418b1d335b74dbfee01b7e8a9e8003ca60ad4501a0d231b2e87584bd,1778257806,2026-05-08T16:30:06+00:00,0.88,clob_prices_history
80565288195959230151185052980976311228475022733379902952712338826972942332490,0x635d4fdd418b1d335b74dbfee01b7e8a9e8003ca60ad4501a0d231b2e87584bd,1778258705,2026-05-08T16:45:05+00:00,0.88,clob_prices_history
80565288195959230151185052980976311228475022733379902952712338826972942332490,0x635d4fdd418b1d335b74dbfee01b7e8a9e8003ca60ad4501a0d231b2e87584bd,1778259608,2026-05-08T17:00:08+00:00,0.88,clob_prices_history
80565288195959230151185052980976311228475022733379902952712338826972942332490,0x635d4fdd418b1d335b74dbfee01b7e8a9e8003ca60ad4501a0d231b2e87584bd,1778260504,2026-05-08T17:15:04+00:00,0.875,clob_prices_history
80565288195959230151185052980976311228475022733379902952712338826972942332490,0x635d4fdd418b1d335b74dbfee01b7e8a9e8003ca60ad4501a0d231b2e87584bd,1778261406,2026-05-08T17:30:06+00:00,0.88,clob_prices_history
80565288195959230151185052980976311228475022733379902952712338826972942332490,0x635d4fdd418b1d335b74dbfee01b7e8a9e8003ca60ad4501a0d231b2e87584bd,1778262305,2026-05-08T17:45:05+00:00,0.875,clob_prices_history
80565288195959230151185052980976311228475022733379902952712338826972942332490,0x635d4fdd418b1d335b74dbfee01b7e8a9e8003ca60ad4501a0d231b2e87584bd,1778263208,2026-05-08T18:00:08+00:00,0.875,clob_prices_history
80565288195959230151185052980976311228475022733379902952712338826972942332490,0x635d4fdd418b1d335b74dbfee01b7e8a9e8003ca60ad4501a0d231b2e87584bd,1778264106,2026-05-08T18:15:06+00:00,0.875,clob_prices_history
80565288195959230151185052980976311228475022733379902952712338826972942332490,0x635d4fdd418b1d335b74dbfee01b7e8a9e8003ca60ad4501a0d231b2e87584bd,1778265008,2026-05-08T18:30:08+00:00,0.875,clob_prices_history
80565288195959230151185052980976311228475022733379902952712338826972942332490,0x635d4fdd418b1d335b74dbfee01b7e8a9e8003ca60ad4501a0d231b2e87584bd,1778265919,2026-05-08T18:45:19+00:00,0.875,clob_prices_history
80565288195959230151185052980976311228475022733379902952712338826972942332490,0x635d4fdd418b1d335b74dbfee01b7e8a9e8003ca60ad4501a0d231b2e87584bd,1778266807,2026-05-08T19:00:07+00:00,0.875,clob_prices_history
80565288195959230151185052980976311228475022733379902952712338826972942332490,0x635d4fdd418b1d335b74dbfee01b7e8a9e8003ca60ad4501a0d231b2e87584bd,1778267722,2026-05-08T19:15:22+00:00,0.875,clob_prices_history
80565288195959230151185052980976311228475022733379902952712338826972942332490,0x635d4fdd418b1d335b74dbfee01b7e8a9e8003ca60ad4501a0d231b2e87584bd,1778268005,2026-05-08T19:20:05+00:00,0.875,clob_prices_history
