asset,conditionId,timestamp,timestamp_utc,price,source
19092623696003297467569975421979058337700248600915517773783333080689954481741,0xd65525f918d9957f6d72f34fe19b0819ca011207e4913d8a8f3855ab2b10ffd7,1770494425,2026-02-07T20:00:25+00:00,0.415,clob_prices_history
19092623696003297467569975421979058337700248600915517773783333080689954481741,0xd65525f918d9957f6d72f34fe19b0819ca011207e4913d8a8f3855ab2b10ffd7,1770495320,2026-02-07T20:15:20+00:00,0.405,clob_prices_history
19092623696003297467569975421979058337700248600915517773783333080689954481741,0xd65525f918d9957f6d72f34fe19b0819ca011207e4913d8a8f3855ab2b10ffd7,1770496225,2026-02-07T20:30:25+00:00,0.405,clob_prices_history
19092623696003297467569975421979058337700248600915517773783333080689954481741,0xd65525f918d9957f6d72f34fe19b0819ca011207e4913d8a8f3855ab2b10ffd7,1770497120,2026-02-07T20:45:20+00:00,0.405,clob_prices_history
19092623696003297467569975421979058337700248600915517773783333080689954481741,0xd65525f918d9957f6d72f34fe19b0819ca011207e4913d8a8f3855ab2b10ffd7,1770498039,2026-02-07T21:00:39+00:00,0.405,clob_prices_history
19092623696003297467569975421979058337700248600915517773783333080689954481741,0xd65525f918d9957f6d72f34fe19b0819ca011207e4913d8a8f3855ab2b10ffd7,1770498921,2026-02-07T21:15:21+00:00,0.405,clob_prices_history
19092623696003297467569975421979058337700248600915517773783333080689954481741,0xd65525f918d9957f6d72f34fe19b0819ca011207e4913d8a8f3855ab2b10ffd7,1770499825,2026-02-07T21:30:25+00:00,0.405,clob_prices_history
19092623696003297467569975421979058337700248600915517773783333080689954481741,0xd65525f918d9957f6d72f34fe19b0819ca011207e4913d8a8f3855ab2b10ffd7,1770500724,2026-02-07T21:45:24+00:00,0.41,clob_prices_history
19092623696003297467569975421979058337700248600915517773783333080689954481741,0xd65525f918d9957f6d72f34fe19b0819ca011207e4913d8a8f3855ab2b10ffd7,1770501625,2026-02-07T22:00:25+00:00,0.42,clob_prices_history
19092623696003297467569975421979058337700248600915517773783333080689954481741,0xd65525f918d9957f6d72f34fe19b0819ca011207e4913d8a8f3855ab2b10ffd7,1770502520,2026-02-07T22:15:20+00:00,0.42,clob_prices_history
19092623696003297467569975421979058337700248600915517773783333080689954481741,0xd65525f918d9957f6d72f34fe19b0819ca011207e4913d8a8f3855ab2b10ffd7,1770503425,2026-02-07T22:30:25+00:00,0.42,clob_prices_history
19092623696003297467569975421979058337700248600915517773783333080689954481741,0xd65525f918d9957f6d72f34fe19b0819ca011207e4913d8a8f3855ab2b10ffd7,1770504336,2026-02-07T22:45:36+00:00,0.42,clob_prices_history
19092623696003297467569975421979058337700248600915517773783333080689954481741,0xd65525f918d9957f6d72f34fe19b0819ca011207e4913d8a8f3855ab2b10ffd7,1770505225,2026-02-07T23:00:25+00:00,0.42,clob_prices_history
19092623696003297467569975421979058337700248600915517773783333080689954481741,0xd65525f918d9957f6d72f34fe19b0819ca011207e4913d8a8f3855ab2b10ffd7,1770506120,2026-02-07T23:15:20+00:00,0.415,clob_prices_history
19092623696003297467569975421979058337700248600915517773783333080689954481741,0xd65525f918d9957f6d72f34fe19b0819ca011207e4913d8a8f3855ab2b10ffd7,1770507029,2026-02-07T23:30:29+00:00,0.415,clob_prices_history
19092623696003297467569975421979058337700248600915517773783333080689954481741,0xd65525f918d9957f6d72f34fe19b0819ca011207e4913d8a8f3855ab2b10ffd7,1770507920,2026-02-07T23:45:20+00:00,0.415,clob_prices_history
19092623696003297467569975421979058337700248600915517773783333080689954481741,0xd65525f918d9957f6d72f34fe19b0819ca011207e4913d8a8f3855ab2b10ffd7,1770508841,2026-02-08T00:00:41+00:00,0.415,clob_prices_history
19092623696003297467569975421979058337700248600915517773783333080689954481741,0xd65525f918d9957f6d72f34fe19b0819ca011207e4913d8a8f3855ab2b10ffd7,1770509718,2026-02-08T00:15:18+00:00,0.42,clob_prices_history
19092623696003297467569975421979058337700248600915517773783333080689954481741,0xd65525f918d9957f6d72f34fe19b0819ca011207e4913d8a8f3855ab2b10ffd7,1770510624,2026-02-08T00:30:24+00:00,0.42,clob_prices_history
19092623696003297467569975421979058337700248600915517773783333080689954481741,0xd65525f918d9957f6d72f34fe19b0819ca011207e4913d8a8f3855ab2b10ffd7,1770511519,2026-02-08T00:45:19+00:00,0.42,clob_prices_history
19092623696003297467569975421979058337700248600915517773783333080689954481741,0xd65525f918d9957f6d72f34fe19b0819ca011207e4913d8a8f3855ab2b10ffd7,1770512426,2026-02-08T01:00:26+00:00,0.42,clob_prices_history
19092623696003297467569975421979058337700248600915517773783333080689954481741,0xd65525f918d9957f6d72f34fe19b0819ca011207e4913d8a8f3855ab2b10ffd7,1770513319,2026-02-08T01:15:19+00:00,0.42,clob_prices_history
19092623696003297467569975421979058337700248600915517773783333080689954481741,0xd65525f918d9957f6d72f34fe19b0819ca011207e4913d8a8f3855ab2b10ffd7,1770514225,2026-02-08T01:30:25+00:00,0.42,clob_prices_history
19092623696003297467569975421979058337700248600915517773783333080689954481741,0xd65525f918d9957f6d72f34fe19b0819ca011207e4913d8a8f3855ab2b10ffd7,1770515119,2026-02-08T01:45:19+00:00,0.425,clob_prices_history
19092623696003297467569975421979058337700248600915517773783333080689954481741,0xd65525f918d9957f6d72f34fe19b0819ca011207e4913d8a8f3855ab2b10ffd7,1770516025,2026-02-08T02:00:25+00:00,0.425,clob_prices_history
19092623696003297467569975421979058337700248600915517773783333080689954481741,0xd65525f918d9957f6d72f34fe19b0819ca011207e4913d8a8f3855ab2b10ffd7,1770516919,2026-02-08T02:15:19+00:00,0.42,clob_prices_history
19092623696003297467569975421979058337700248600915517773783333080689954481741,0xd65525f918d9957f6d72f34fe19b0819ca011207e4913d8a8f3855ab2b10ffd7,1770517824,2026-02-08T02:30:24+00:00,0.425,clob_prices_history
19092623696003297467569975421979058337700248600915517773783333080689954481741,0xd65525f918d9957f6d72f34fe19b0819ca011207e4913d8a8f3855ab2b10ffd7,1770518718,2026-02-08T02:45:18+00:00,0.42,clob_prices_history
19092623696003297467569975421979058337700248600915517773783333080689954481741,0xd65525f918d9957f6d72f34fe19b0819ca011207e4913d8a8f3855ab2b10ffd7,1770519628,2026-02-08T03:00:28+00:00,0.425,clob_prices_history
19092623696003297467569975421979058337700248600915517773783333080689954481741,0xd65525f918d9957f6d72f34fe19b0819ca011207e4913d8a8f3855ab2b10ffd7,1770520518,2026-02-08T03:15:18+00:00,0.425,clob_prices_history
19092623696003297467569975421979058337700248600915517773783333080689954481741,0xd65525f918d9957f6d72f34fe19b0819ca011207e4913d8a8f3855ab2b10ffd7,1770521424,2026-02-08T03:30:24+00:00,0.425,clob_prices_history
19092623696003297467569975421979058337700248600915517773783333080689954481741,0xd65525f918d9957f6d72f34fe19b0819ca011207e4913d8a8f3855ab2b10ffd7,1770522317,2026-02-08T03:45:17+00:00,0.425,clob_prices_history
19092623696003297467569975421979058337700248600915517773783333080689954481741,0xd65525f918d9957f6d72f34fe19b0819ca011207e4913d8a8f3855ab2b10ffd7,1770523253,2026-02-08T04:00:53+00:00,0.425,clob_prices_history
19092623696003297467569975421979058337700248600915517773783333080689954481741,0xd65525f918d9957f6d72f34fe19b0819ca011207e4913d8a8f3855ab2b10ffd7,1770524141,2026-02-08T04:15:41+00:00,0.425,clob_prices_history
19092623696003297467569975421979058337700248600915517773783333080689954481741,0xd65525f918d9957f6d72f34fe19b0819ca011207e4913d8a8f3855ab2b10ffd7,1770525036,2026-02-08T04:30:36+00:00,0.425,clob_prices_history
19092623696003297467569975421979058337700248600915517773783333080689954481741,0xd65525f918d9957f6d72f34fe19b0819ca011207e4913d8a8f3855ab2b10ffd7,1770525918,2026-02-08T04:45:18+00:00,0.42,clob_prices_history
19092623696003297467569975421979058337700248600915517773783333080689954481741,0xd65525f918d9957f6d72f34fe19b0819ca011207e4913d8a8f3855ab2b10ffd7,1770526824,2026-02-08T05:00:24+00:00,0.42,clob_prices_history
19092623696003297467569975421979058337700248600915517773783333080689954481741,0xd65525f918d9957f6d72f34fe19b0819ca011207e4913d8a8f3855ab2b10ffd7,1770527721,2026-02-08T05:15:21+00:00,0.465,clob_prices_history
19092623696003297467569975421979058337700248600915517773783333080689954481741,0xd65525f918d9957f6d72f34fe19b0819ca011207e4913d8a8f3855ab2b10ffd7,1770528623,2026-02-08T05:30:23+00:00,0.45,clob_prices_history
19092623696003297467569975421979058337700248600915517773783333080689954481741,0xd65525f918d9957f6d72f34fe19b0819ca011207e4913d8a8f3855ab2b10ffd7,1770529530,2026-02-08T05:45:30+00:00,0.44,clob_prices_history
19092623696003297467569975421979058337700248600915517773783333080689954481741,0xd65525f918d9957f6d72f34fe19b0819ca011207e4913d8a8f3855ab2b10ffd7,1770530431,2026-02-08T06:00:31+00:00,0.445,clob_prices_history
19092623696003297467569975421979058337700248600915517773783333080689954481741,0xd65525f918d9957f6d72f34fe19b0819ca011207e4913d8a8f3855ab2b10ffd7,1770531319,2026-02-08T06:15:19+00:00,0.445,clob_prices_history
19092623696003297467569975421979058337700248600915517773783333080689954481741,0xd65525f918d9957f6d72f34fe19b0819ca011207e4913d8a8f3855ab2b10ffd7,1770532225,2026-02-08T06:30:25+00:00,0.465,clob_prices_history
19092623696003297467569975421979058337700248600915517773783333080689954481741,0xd65525f918d9957f6d72f34fe19b0819ca011207e4913d8a8f3855ab2b10ffd7,1770533117,2026-02-08T06:45:17+00:00,0.455,clob_prices_history
19092623696003297467569975421979058337700248600915517773783333080689954481741,0xd65525f918d9957f6d72f34fe19b0819ca011207e4913d8a8f3855ab2b10ffd7,1770534039,2026-02-08T07:00:39+00:00,0.425,clob_prices_history
19092623696003297467569975421979058337700248600915517773783333080689954481741,0xd65525f918d9957f6d72f34fe19b0819ca011207e4913d8a8f3855ab2b10ffd7,1770534917,2026-02-08T07:15:17+00:00,0.43,clob_prices_history
19092623696003297467569975421979058337700248600915517773783333080689954481741,0xd65525f918d9957f6d72f34fe19b0819ca011207e4913d8a8f3855ab2b10ffd7,1770535823,2026-02-08T07:30:23+00:00,0.43,clob_prices_history
19092623696003297467569975421979058337700248600915517773783333080689954481741,0xd65525f918d9957f6d72f34fe19b0819ca011207e4913d8a8f3855ab2b10ffd7,1770536720,2026-02-08T07:45:20+00:00,0.425,clob_prices_history
19092623696003297467569975421979058337700248600915517773783333080689954481741,0xd65525f918d9957f6d72f34fe19b0819ca011207e4913d8a8f3855ab2b10ffd7,1770537623,2026-02-08T08:00:23+00:00,0.42,clob_prices_history
19092623696003297467569975421979058337700248600915517773783333080689954481741,0xd65525f918d9957f6d72f34fe19b0819ca011207e4913d8a8f3855ab2b10ffd7,1770538517,2026-02-08T08:15:17+00:00,0.42,clob_prices_history
19092623696003297467569975421979058337700248600915517773783333080689954481741,0xd65525f918d9957f6d72f34fe19b0819ca011207e4913d8a8f3855ab2b10ffd7,1770539423,2026-02-08T08:30:23+00:00,0.42,clob_prices_history
19092623696003297467569975421979058337700248600915517773783333080689954481741,0xd65525f918d9957f6d72f34fe19b0819ca011207e4913d8a8f3855ab2b10ffd7,1770540318,2026-02-08T08:45:18+00:00,0.42,clob_prices_history
19092623696003297467569975421979058337700248600915517773783333080689954481741,0xd65525f918d9957f6d72f34fe19b0819ca011207e4913d8a8f3855ab2b10ffd7,1770541245,2026-02-08T09:00:45+00:00,0.42,clob_prices_history
19092623696003297467569975421979058337700248600915517773783333080689954481741,0xd65525f918d9957f6d72f34fe19b0819ca011207e4913d8a8f3855ab2b10ffd7,1770542117,2026-02-08T09:15:17+00:00,0.42,clob_prices_history
19092623696003297467569975421979058337700248600915517773783333080689954481741,0xd65525f918d9957f6d72f34fe19b0819ca011207e4913d8a8f3855ab2b10ffd7,1770543026,2026-02-08T09:30:26+00:00,0.42,clob_prices_history
19092623696003297467569975421979058337700248600915517773783333080689954481741,0xd65525f918d9957f6d72f34fe19b0819ca011207e4913d8a8f3855ab2b10ffd7,1770543935,2026-02-08T09:45:35+00:00,0.42,clob_prices_history
19092623696003297467569975421979058337700248600915517773783333080689954481741,0xd65525f918d9957f6d72f34fe19b0819ca011207e4913d8a8f3855ab2b10ffd7,1770544839,2026-02-08T10:00:39+00:00,0.42,clob_prices_history
19092623696003297467569975421979058337700248600915517773783333080689954481741,0xd65525f918d9957f6d72f34fe19b0819ca011207e4913d8a8f3855ab2b10ffd7,1770545718,2026-02-08T10:15:18+00:00,0.42,clob_prices_history
19092623696003297467569975421979058337700248600915517773783333080689954481741,0xd65525f918d9957f6d72f34fe19b0819ca011207e4913d8a8f3855ab2b10ffd7,1770546626,2026-02-08T10:30:26+00:00,0.42,clob_prices_history
19092623696003297467569975421979058337700248600915517773783333080689954481741,0xd65525f918d9957f6d72f34fe19b0819ca011207e4913d8a8f3855ab2b10ffd7,1770547518,2026-02-08T10:45:18+00:00,0.42,clob_prices_history
19092623696003297467569975421979058337700248600915517773783333080689954481741,0xd65525f918d9957f6d72f34fe19b0819ca011207e4913d8a8f3855ab2b10ffd7,1770548423,2026-02-08T11:00:23+00:00,0.43,clob_prices_history
19092623696003297467569975421979058337700248600915517773783333080689954481741,0xd65525f918d9957f6d72f34fe19b0819ca011207e4913d8a8f3855ab2b10ffd7,1770549318,2026-02-08T11:15:18+00:00,0.42,clob_prices_history
19092623696003297467569975421979058337700248600915517773783333080689954481741,0xd65525f918d9957f6d72f34fe19b0819ca011207e4913d8a8f3855ab2b10ffd7,1770550225,2026-02-08T11:30:25+00:00,0.42,clob_prices_history
19092623696003297467569975421979058337700248600915517773783333080689954481741,0xd65525f918d9957f6d72f34fe19b0819ca011207e4913d8a8f3855ab2b10ffd7,1770551117,2026-02-08T11:45:17+00:00,0.42,clob_prices_history
19092623696003297467569975421979058337700248600915517773783333080689954481741,0xd65525f918d9957f6d72f34fe19b0819ca011207e4913d8a8f3855ab2b10ffd7,1770552055,2026-02-08T12:00:55+00:00,0.42,clob_prices_history
19092623696003297467569975421979058337700248600915517773783333080689954481741,0xd65525f918d9957f6d72f34fe19b0819ca011207e4913d8a8f3855ab2b10ffd7,1770552918,2026-02-08T12:15:18+00:00,0.42,clob_prices_history
19092623696003297467569975421979058337700248600915517773783333080689954481741,0xd65525f918d9957f6d72f34fe19b0819ca011207e4913d8a8f3855ab2b10ffd7,1770553849,2026-02-08T12:30:49+00:00,0.425,clob_prices_history
19092623696003297467569975421979058337700248600915517773783333080689954481741,0xd65525f918d9957f6d72f34fe19b0819ca011207e4913d8a8f3855ab2b10ffd7,1770554718,2026-02-08T12:45:18+00:00,0.425,clob_prices_history
19092623696003297467569975421979058337700248600915517773783333080689954481741,0xd65525f918d9957f6d72f34fe19b0819ca011207e4913d8a8f3855ab2b10ffd7,1770555639,2026-02-08T13:00:39+00:00,0.42,clob_prices_history
19092623696003297467569975421979058337700248600915517773783333080689954481741,0xd65525f918d9957f6d72f34fe19b0819ca011207e4913d8a8f3855ab2b10ffd7,1770556518,2026-02-08T13:15:18+00:00,0.42,clob_prices_history
19092623696003297467569975421979058337700248600915517773783333080689954481741,0xd65525f918d9957f6d72f34fe19b0819ca011207e4913d8a8f3855ab2b10ffd7,1770557423,2026-02-08T13:30:23+00:00,0.42,clob_prices_history
19092623696003297467569975421979058337700248600915517773783333080689954481741,0xd65525f918d9957f6d72f34fe19b0819ca011207e4913d8a8f3855ab2b10ffd7,1770558329,2026-02-08T13:45:29+00:00,0.42,clob_prices_history
19092623696003297467569975421979058337700248600915517773783333080689954481741,0xd65525f918d9957f6d72f34fe19b0819ca011207e4913d8a8f3855ab2b10ffd7,1770559223,2026-02-08T14:00:23+00:00,0.42,clob_prices_history
19092623696003297467569975421979058337700248600915517773783333080689954481741,0xd65525f918d9957f6d72f34fe19b0819ca011207e4913d8a8f3855ab2b10ffd7,1770560119,2026-02-08T14:15:19+00:00,0.42,clob_prices_history
19092623696003297467569975421979058337700248600915517773783333080689954481741,0xd65525f918d9957f6d72f34fe19b0819ca011207e4913d8a8f3855ab2b10ffd7,1770561023,2026-02-08T14:30:23+00:00,0.42,clob_prices_history
19092623696003297467569975421979058337700248600915517773783333080689954481741,0xd65525f918d9957f6d72f34fe19b0819ca011207e4913d8a8f3855ab2b10ffd7,1770561923,2026-02-08T14:45:23+00:00,0.42,clob_prices_history
19092623696003297467569975421979058337700248600915517773783333080689954481741,0xd65525f918d9957f6d72f34fe19b0819ca011207e4913d8a8f3855ab2b10ffd7,1770562848,2026-02-08T15:00:48+00:00,0.42,clob_prices_history
19092623696003297467569975421979058337700248600915517773783333080689954481741,0xd65525f918d9957f6d72f34fe19b0819ca011207e4913d8a8f3855ab2b10ffd7,1770563719,2026-02-08T15:15:19+00:00,0.43,clob_prices_history
19092623696003297467569975421979058337700248600915517773783333080689954481741,0xd65525f918d9957f6d72f34fe19b0819ca011207e4913d8a8f3855ab2b10ffd7,1770564625,2026-02-08T15:30:25+00:00,0.43,clob_prices_history
19092623696003297467569975421979058337700248600915517773783333080689954481741,0xd65525f918d9957f6d72f34fe19b0819ca011207e4913d8a8f3855ab2b10ffd7,1770565519,2026-02-08T15:45:19+00:00,0.43,clob_prices_history
19092623696003297467569975421979058337700248600915517773783333080689954481741,0xd65525f918d9957f6d72f34fe19b0819ca011207e4913d8a8f3855ab2b10ffd7,1770566424,2026-02-08T16:00:24+00:00,0.43,clob_prices_history
19092623696003297467569975421979058337700248600915517773783333080689954481741,0xd65525f918d9957f6d72f34fe19b0819ca011207e4913d8a8f3855ab2b10ffd7,1770567319,2026-02-08T16:15:19+00:00,0.43,clob_prices_history
19092623696003297467569975421979058337700248600915517773783333080689954481741,0xd65525f918d9957f6d72f34fe19b0819ca011207e4913d8a8f3855ab2b10ffd7,1770568224,2026-02-08T16:30:24+00:00,0.425,clob_prices_history
19092623696003297467569975421979058337700248600915517773783333080689954481741,0xd65525f918d9957f6d72f34fe19b0819ca011207e4913d8a8f3855ab2b10ffd7,1770569123,2026-02-08T16:45:23+00:00,0.42,clob_prices_history
19092623696003297467569975421979058337700248600915517773783333080689954481741,0xd65525f918d9957f6d72f34fe19b0819ca011207e4913d8a8f3855ab2b10ffd7,1770570039,2026-02-08T17:00:39+00:00,0.42,clob_prices_history
19092623696003297467569975421979058337700248600915517773783333080689954481741,0xd65525f918d9957f6d72f34fe19b0819ca011207e4913d8a8f3855ab2b10ffd7,1770570919,2026-02-08T17:15:19+00:00,0.42,clob_prices_history
19092623696003297467569975421979058337700248600915517773783333080689954481741,0xd65525f918d9957f6d72f34fe19b0819ca011207e4913d8a8f3855ab2b10ffd7,1770571849,2026-02-08T17:30:49+00:00,0.42,clob_prices_history
19092623696003297467569975421979058337700248600915517773783333080689954481741,0xd65525f918d9957f6d72f34fe19b0819ca011207e4913d8a8f3855ab2b10ffd7,1770572718,2026-02-08T17:45:18+00:00,0.42,clob_prices_history
19092623696003297467569975421979058337700248600915517773783333080689954481741,0xd65525f918d9957f6d72f34fe19b0819ca011207e4913d8a8f3855ab2b10ffd7,1770573628,2026-02-08T18:00:28+00:00,0.42,clob_prices_history
19092623696003297467569975421979058337700248600915517773783333080689954481741,0xd65525f918d9957f6d72f34fe19b0819ca011207e4913d8a8f3855ab2b10ffd7,1770574537,2026-02-08T18:15:37+00:00,0.42,clob_prices_history
19092623696003297467569975421979058337700248600915517773783333080689954481741,0xd65525f918d9957f6d72f34fe19b0819ca011207e4913d8a8f3855ab2b10ffd7,1770575425,2026-02-08T18:30:25+00:00,0.42,clob_prices_history
19092623696003297467569975421979058337700248600915517773783333080689954481741,0xd65525f918d9957f6d72f34fe19b0819ca011207e4913d8a8f3855ab2b10ffd7,1770576332,2026-02-08T18:45:32+00:00,0.42,clob_prices_history
19092623696003297467569975421979058337700248600915517773783333080689954481741,0xd65525f918d9957f6d72f34fe19b0819ca011207e4913d8a8f3855ab2b10ffd7,1770577223,2026-02-08T19:00:23+00:00,0.42,clob_prices_history
19092623696003297467569975421979058337700248600915517773783333080689954481741,0xd65525f918d9957f6d72f34fe19b0819ca011207e4913d8a8f3855ab2b10ffd7,1770578119,2026-02-08T19:15:19+00:00,0.42,clob_prices_history
19092623696003297467569975421979058337700248600915517773783333080689954481741,0xd65525f918d9957f6d72f34fe19b0819ca011207e4913d8a8f3855ab2b10ffd7,1770579024,2026-02-08T19:30:24+00:00,0.42,clob_prices_history
19092623696003297467569975421979058337700248600915517773783333080689954481741,0xd65525f918d9957f6d72f34fe19b0819ca011207e4913d8a8f3855ab2b10ffd7,1770579931,2026-02-08T19:45:31+00:00,0.415,clob_prices_history
19092623696003297467569975421979058337700248600915517773783333080689954481741,0xd65525f918d9957f6d72f34fe19b0819ca011207e4913d8a8f3855ab2b10ffd7,1770580826,2026-02-08T20:00:26+00:00,0.415,clob_prices_history
19092623696003297467569975421979058337700248600915517773783333080689954481741,0xd65525f918d9957f6d72f34fe19b0819ca011207e4913d8a8f3855ab2b10ffd7,1770581724,2026-02-08T20:15:24+00:00,0.415,clob_prices_history
19092623696003297467569975421979058337700248600915517773783333080689954481741,0xd65525f918d9957f6d72f34fe19b0819ca011207e4913d8a8f3855ab2b10ffd7,1770582623,2026-02-08T20:30:23+00:00,0.415,clob_prices_history
19092623696003297467569975421979058337700248600915517773783333080689954481741,0xd65525f918d9957f6d72f34fe19b0819ca011207e4913d8a8f3855ab2b10ffd7,1770583518,2026-02-08T20:45:18+00:00,0.4,clob_prices_history
19092623696003297467569975421979058337700248600915517773783333080689954481741,0xd65525f918d9957f6d72f34fe19b0819ca011207e4913d8a8f3855ab2b10ffd7,1770584436,2026-02-08T21:00:36+00:00,0.4,clob_prices_history
19092623696003297467569975421979058337700248600915517773783333080689954481741,0xd65525f918d9957f6d72f34fe19b0819ca011207e4913d8a8f3855ab2b10ffd7,1770585318,2026-02-08T21:15:18+00:00,0.4,clob_prices_history
19092623696003297467569975421979058337700248600915517773783333080689954481741,0xd65525f918d9957f6d72f34fe19b0819ca011207e4913d8a8f3855ab2b10ffd7,1770586222,2026-02-08T21:30:22+00:00,0.405,clob_prices_history
19092623696003297467569975421979058337700248600915517773783333080689954481741,0xd65525f918d9957f6d72f34fe19b0819ca011207e4913d8a8f3855ab2b10ffd7,1770587122,2026-02-08T21:45:22+00:00,0.41,clob_prices_history
19092623696003297467569975421979058337700248600915517773783333080689954481741,0xd65525f918d9957f6d72f34fe19b0819ca011207e4913d8a8f3855ab2b10ffd7,1770588025,2026-02-08T22:00:25+00:00,0.41,clob_prices_history
19092623696003297467569975421979058337700248600915517773783333080689954481741,0xd65525f918d9957f6d72f34fe19b0819ca011207e4913d8a8f3855ab2b10ffd7,1770588933,2026-02-08T22:15:33+00:00,0.41,clob_prices_history
19092623696003297467569975421979058337700248600915517773783333080689954481741,0xd65525f918d9957f6d72f34fe19b0819ca011207e4913d8a8f3855ab2b10ffd7,1770589825,2026-02-08T22:30:25+00:00,0.405,clob_prices_history
19092623696003297467569975421979058337700248600915517773783333080689954481741,0xd65525f918d9957f6d72f34fe19b0819ca011207e4913d8a8f3855ab2b10ffd7,1770590718,2026-02-08T22:45:18+00:00,0.4,clob_prices_history
19092623696003297467569975421979058337700248600915517773783333080689954481741,0xd65525f918d9957f6d72f34fe19b0819ca011207e4913d8a8f3855ab2b10ffd7,1770591623,2026-02-08T23:00:23+00:00,0.4,clob_prices_history
19092623696003297467569975421979058337700248600915517773783333080689954481741,0xd65525f918d9957f6d72f34fe19b0819ca011207e4913d8a8f3855ab2b10ffd7,1770592518,2026-02-08T23:15:18+00:00,0.4,clob_prices_history
19092623696003297467569975421979058337700248600915517773783333080689954481741,0xd65525f918d9957f6d72f34fe19b0819ca011207e4913d8a8f3855ab2b10ffd7,1770593427,2026-02-08T23:30:27+00:00,0.4,clob_prices_history
19092623696003297467569975421979058337700248600915517773783333080689954481741,0xd65525f918d9957f6d72f34fe19b0819ca011207e4913d8a8f3855ab2b10ffd7,1770594318,2026-02-08T23:45:18+00:00,0.4,clob_prices_history
19092623696003297467569975421979058337700248600915517773783333080689954481741,0xd65525f918d9957f6d72f34fe19b0819ca011207e4913d8a8f3855ab2b10ffd7,1770595241,2026-02-09T00:00:41+00:00,0.4,clob_prices_history
19092623696003297467569975421979058337700248600915517773783333080689954481741,0xd65525f918d9957f6d72f34fe19b0819ca011207e4913d8a8f3855ab2b10ffd7,1770596116,2026-02-09T00:15:16+00:00,0.385,clob_prices_history
19092623696003297467569975421979058337700248600915517773783333080689954481741,0xd65525f918d9957f6d72f34fe19b0819ca011207e4913d8a8f3855ab2b10ffd7,1770597023,2026-02-09T00:30:23+00:00,0.385,clob_prices_history
19092623696003297467569975421979058337700248600915517773783333080689954481741,0xd65525f918d9957f6d72f34fe19b0819ca011207e4913d8a8f3855ab2b10ffd7,1770597917,2026-02-09T00:45:17+00:00,0.385,clob_prices_history
19092623696003297467569975421979058337700248600915517773783333080689954481741,0xd65525f918d9957f6d72f34fe19b0819ca011207e4913d8a8f3855ab2b10ffd7,1770598824,2026-02-09T01:00:24+00:00,0.385,clob_prices_history
19092623696003297467569975421979058337700248600915517773783333080689954481741,0xd65525f918d9957f6d72f34fe19b0819ca011207e4913d8a8f3855ab2b10ffd7,1770599718,2026-02-09T01:15:18+00:00,0.385,clob_prices_history
19092623696003297467569975421979058337700248600915517773783333080689954481741,0xd65525f918d9957f6d72f34fe19b0819ca011207e4913d8a8f3855ab2b10ffd7,1770600621,2026-02-09T01:30:21+00:00,0.385,clob_prices_history
19092623696003297467569975421979058337700248600915517773783333080689954481741,0xd65525f918d9957f6d72f34fe19b0819ca011207e4913d8a8f3855ab2b10ffd7,1770601523,2026-02-09T01:45:23+00:00,0.385,clob_prices_history
19092623696003297467569975421979058337700248600915517773783333080689954481741,0xd65525f918d9957f6d72f34fe19b0819ca011207e4913d8a8f3855ab2b10ffd7,1770602423,2026-02-09T02:00:23+00:00,0.385,clob_prices_history
19092623696003297467569975421979058337700248600915517773783333080689954481741,0xd65525f918d9957f6d72f34fe19b0819ca011207e4913d8a8f3855ab2b10ffd7,1770603318,2026-02-09T02:15:18+00:00,0.385,clob_prices_history
19092623696003297467569975421979058337700248600915517773783333080689954481741,0xd65525f918d9957f6d72f34fe19b0819ca011207e4913d8a8f3855ab2b10ffd7,1770604222,2026-02-09T02:30:22+00:00,0.385,clob_prices_history
19092623696003297467569975421979058337700248600915517773783333080689954481741,0xd65525f918d9957f6d72f34fe19b0819ca011207e4913d8a8f3855ab2b10ffd7,1770605135,2026-02-09T02:45:35+00:00,0.385,clob_prices_history
19092623696003297467569975421979058337700248600915517773783333080689954481741,0xd65525f918d9957f6d72f34fe19b0819ca011207e4913d8a8f3855ab2b10ffd7,1770606028,2026-02-09T03:00:28+00:00,0.385,clob_prices_history
19092623696003297467569975421979058337700248600915517773783333080689954481741,0xd65525f918d9957f6d72f34fe19b0819ca011207e4913d8a8f3855ab2b10ffd7,1770606917,2026-02-09T03:15:17+00:00,0.385,clob_prices_history
19092623696003297467569975421979058337700248600915517773783333080689954481741,0xd65525f918d9957f6d72f34fe19b0819ca011207e4913d8a8f3855ab2b10ffd7,1770607822,2026-02-09T03:30:22+00:00,0.385,clob_prices_history
19092623696003297467569975421979058337700248600915517773783333080689954481741,0xd65525f918d9957f6d72f34fe19b0819ca011207e4913d8a8f3855ab2b10ffd7,1770608722,2026-02-09T03:45:22+00:00,0.385,clob_prices_history
19092623696003297467569975421979058337700248600915517773783333080689954481741,0xd65525f918d9957f6d72f34fe19b0819ca011207e4913d8a8f3855ab2b10ffd7,1770609633,2026-02-09T04:00:33+00:00,0.385,clob_prices_history
19092623696003297467569975421979058337700248600915517773783333080689954481741,0xd65525f918d9957f6d72f34fe19b0819ca011207e4913d8a8f3855ab2b10ffd7,1770610543,2026-02-09T04:15:43+00:00,0.385,clob_prices_history
19092623696003297467569975421979058337700248600915517773783333080689954481741,0xd65525f918d9957f6d72f34fe19b0819ca011207e4913d8a8f3855ab2b10ffd7,1770611435,2026-02-09T04:30:35+00:00,0.4,clob_prices_history
19092623696003297467569975421979058337700248600915517773783333080689954481741,0xd65525f918d9957f6d72f34fe19b0819ca011207e4913d8a8f3855ab2b10ffd7,1770612321,2026-02-09T04:45:21+00:00,0.4,clob_prices_history
19092623696003297467569975421979058337700248600915517773783333080689954481741,0xd65525f918d9957f6d72f34fe19b0819ca011207e4913d8a8f3855ab2b10ffd7,1770613222,2026-02-09T05:00:22+00:00,0.41,clob_prices_history
19092623696003297467569975421979058337700248600915517773783333080689954481741,0xd65525f918d9957f6d72f34fe19b0819ca011207e4913d8a8f3855ab2b10ffd7,1770614123,2026-02-09T05:15:23+00:00,0.41,clob_prices_history
19092623696003297467569975421979058337700248600915517773783333080689954481741,0xd65525f918d9957f6d72f34fe19b0819ca011207e4913d8a8f3855ab2b10ffd7,1770615022,2026-02-09T05:30:22+00:00,0.425,clob_prices_history
19092623696003297467569975421979058337700248600915517773783333080689954481741,0xd65525f918d9957f6d72f34fe19b0819ca011207e4913d8a8f3855ab2b10ffd7,1770615918,2026-02-09T05:45:18+00:00,0.425,clob_prices_history
19092623696003297467569975421979058337700248600915517773783333080689954481741,0xd65525f918d9957f6d72f34fe19b0819ca011207e4913d8a8f3855ab2b10ffd7,1770616829,2026-02-09T06:00:29+00:00,0.425,clob_prices_history
19092623696003297467569975421979058337700248600915517773783333080689954481741,0xd65525f918d9957f6d72f34fe19b0819ca011207e4913d8a8f3855ab2b10ffd7,1770617717,2026-02-09T06:15:17+00:00,0.425,clob_prices_history
19092623696003297467569975421979058337700248600915517773783333080689954481741,0xd65525f918d9957f6d72f34fe19b0819ca011207e4913d8a8f3855ab2b10ffd7,1770618622,2026-02-09T06:30:22+00:00,0.435,clob_prices_history
19092623696003297467569975421979058337700248600915517773783333080689954481741,0xd65525f918d9957f6d72f34fe19b0819ca011207e4913d8a8f3855ab2b10ffd7,1770619519,2026-02-09T06:45:19+00:00,0.435,clob_prices_history
19092623696003297467569975421979058337700248600915517773783333080689954481741,0xd65525f918d9957f6d72f34fe19b0819ca011207e4913d8a8f3855ab2b10ffd7,1770620423,2026-02-09T07:00:23+00:00,0.435,clob_prices_history
19092623696003297467569975421979058337700248600915517773783333080689954481741,0xd65525f918d9957f6d72f34fe19b0819ca011207e4913d8a8f3855ab2b10ffd7,1770621318,2026-02-09T07:15:18+00:00,0.435,clob_prices_history
19092623696003297467569975421979058337700248600915517773783333080689954481741,0xd65525f918d9957f6d72f34fe19b0819ca011207e4913d8a8f3855ab2b10ffd7,1770622222,2026-02-09T07:30:22+00:00,0.435,clob_prices_history
19092623696003297467569975421979058337700248600915517773783333080689954481741,0xd65525f918d9957f6d72f34fe19b0819ca011207e4913d8a8f3855ab2b10ffd7,1770623117,2026-02-09T07:45:17+00:00,0.435,clob_prices_history
19092623696003297467569975421979058337700248600915517773783333080689954481741,0xd65525f918d9957f6d72f34fe19b0819ca011207e4913d8a8f3855ab2b10ffd7,1770624037,2026-02-09T08:00:37+00:00,0.435,clob_prices_history
19092623696003297467569975421979058337700248600915517773783333080689954481741,0xd65525f918d9957f6d72f34fe19b0819ca011207e4913d8a8f3855ab2b10ffd7,1770624920,2026-02-09T08:15:20+00:00,0.435,clob_prices_history
19092623696003297467569975421979058337700248600915517773783333080689954481741,0xd65525f918d9957f6d72f34fe19b0819ca011207e4913d8a8f3855ab2b10ffd7,1770625825,2026-02-09T08:30:25+00:00,0.435,clob_prices_history
19092623696003297467569975421979058337700248600915517773783333080689954481741,0xd65525f918d9957f6d72f34fe19b0819ca011207e4913d8a8f3855ab2b10ffd7,1770626718,2026-02-09T08:45:18+00:00,0.435,clob_prices_history
19092623696003297467569975421979058337700248600915517773783333080689954481741,0xd65525f918d9957f6d72f34fe19b0819ca011207e4913d8a8f3855ab2b10ffd7,1770627638,2026-02-09T09:00:38+00:00,0.435,clob_prices_history
19092623696003297467569975421979058337700248600915517773783333080689954481741,0xd65525f918d9957f6d72f34fe19b0819ca011207e4913d8a8f3855ab2b10ffd7,1770628518,2026-02-09T09:15:18+00:00,0.435,clob_prices_history
19092623696003297467569975421979058337700248600915517773783333080689954481741,0xd65525f918d9957f6d72f34fe19b0819ca011207e4913d8a8f3855ab2b10ffd7,1770629422,2026-02-09T09:30:22+00:00,0.435,clob_prices_history
19092623696003297467569975421979058337700248600915517773783333080689954481741,0xd65525f918d9957f6d72f34fe19b0819ca011207e4913d8a8f3855ab2b10ffd7,1770630318,2026-02-09T09:45:18+00:00,0.435,clob_prices_history
19092623696003297467569975421979058337700248600915517773783333080689954481741,0xd65525f918d9957f6d72f34fe19b0819ca011207e4913d8a8f3855ab2b10ffd7,1770631222,2026-02-09T10:00:22+00:00,0.435,clob_prices_history
19092623696003297467569975421979058337700248600915517773783333080689954481741,0xd65525f918d9957f6d72f34fe19b0819ca011207e4913d8a8f3855ab2b10ffd7,1770632117,2026-02-09T10:15:17+00:00,0.425,clob_prices_history
19092623696003297467569975421979058337700248600915517773783333080689954481741,0xd65525f918d9957f6d72f34fe19b0819ca011207e4913d8a8f3855ab2b10ffd7,1770633026,2026-02-09T10:30:26+00:00,0.425,clob_prices_history
19092623696003297467569975421979058337700248600915517773783333080689954481741,0xd65525f918d9957f6d72f34fe19b0819ca011207e4913d8a8f3855ab2b10ffd7,1770633917,2026-02-09T10:45:17+00:00,0.425,clob_prices_history
19092623696003297467569975421979058337700248600915517773783333080689954481741,0xd65525f918d9957f6d72f34fe19b0819ca011207e4913d8a8f3855ab2b10ffd7,1770634821,2026-02-09T11:00:21+00:00,0.425,clob_prices_history
19092623696003297467569975421979058337700248600915517773783333080689954481741,0xd65525f918d9957f6d72f34fe19b0819ca011207e4913d8a8f3855ab2b10ffd7,1770635722,2026-02-09T11:15:22+00:00,0.425,clob_prices_history
19092623696003297467569975421979058337700248600915517773783333080689954481741,0xd65525f918d9957f6d72f34fe19b0819ca011207e4913d8a8f3855ab2b10ffd7,1770636629,2026-02-09T11:30:29+00:00,0.425,clob_prices_history
19092623696003297467569975421979058337700248600915517773783333080689954481741,0xd65525f918d9957f6d72f34fe19b0819ca011207e4913d8a8f3855ab2b10ffd7,1770637517,2026-02-09T11:45:17+00:00,0.425,clob_prices_history
19092623696003297467569975421979058337700248600915517773783333080689954481741,0xd65525f918d9957f6d72f34fe19b0819ca011207e4913d8a8f3855ab2b10ffd7,1770638458,2026-02-09T12:00:58+00:00,0.425,clob_prices_history
19092623696003297467569975421979058337700248600915517773783333080689954481741,0xd65525f918d9957f6d72f34fe19b0819ca011207e4913d8a8f3855ab2b10ffd7,1770639318,2026-02-09T12:15:18+00:00,0.425,clob_prices_history
19092623696003297467569975421979058337700248600915517773783333080689954481741,0xd65525f918d9957f6d72f34fe19b0819ca011207e4913d8a8f3855ab2b10ffd7,1770640227,2026-02-09T12:30:27+00:00,0.425,clob_prices_history
19092623696003297467569975421979058337700248600915517773783333080689954481741,0xd65525f918d9957f6d72f34fe19b0819ca011207e4913d8a8f3855ab2b10ffd7,1770641118,2026-02-09T12:45:18+00:00,0.425,clob_prices_history
19092623696003297467569975421979058337700248600915517773783333080689954481741,0xd65525f918d9957f6d72f34fe19b0819ca011207e4913d8a8f3855ab2b10ffd7,1770642022,2026-02-09T13:00:22+00:00,0.425,clob_prices_history
19092623696003297467569975421979058337700248600915517773783333080689954481741,0xd65525f918d9957f6d72f34fe19b0819ca011207e4913d8a8f3855ab2b10ffd7,1770642918,2026-02-09T13:15:18+00:00,0.425,clob_prices_history
19092623696003297467569975421979058337700248600915517773783333080689954481741,0xd65525f918d9957f6d72f34fe19b0819ca011207e4913d8a8f3855ab2b10ffd7,1770643826,2026-02-09T13:30:26+00:00,0.425,clob_prices_history
19092623696003297467569975421979058337700248600915517773783333080689954481741,0xd65525f918d9957f6d72f34fe19b0819ca011207e4913d8a8f3855ab2b10ffd7,1770644723,2026-02-09T13:45:23+00:00,0.425,clob_prices_history
19092623696003297467569975421979058337700248600915517773783333080689954481741,0xd65525f918d9957f6d72f34fe19b0819ca011207e4913d8a8f3855ab2b10ffd7,1770645623,2026-02-09T14:00:23+00:00,0.425,clob_prices_history
19092623696003297467569975421979058337700248600915517773783333080689954481741,0xd65525f918d9957f6d72f34fe19b0819ca011207e4913d8a8f3855ab2b10ffd7,1770646519,2026-02-09T14:15:19+00:00,0.425,clob_prices_history
19092623696003297467569975421979058337700248600915517773783333080689954481741,0xd65525f918d9957f6d72f34fe19b0819ca011207e4913d8a8f3855ab2b10ffd7,1770647424,2026-02-09T14:30:24+00:00,0.425,clob_prices_history
19092623696003297467569975421979058337700248600915517773783333080689954481741,0xd65525f918d9957f6d72f34fe19b0819ca011207e4913d8a8f3855ab2b10ffd7,1770648322,2026-02-09T14:45:22+00:00,0.43,clob_prices_history
19092623696003297467569975421979058337700248600915517773783333080689954481741,0xd65525f918d9957f6d72f34fe19b0819ca011207e4913d8a8f3855ab2b10ffd7,1770649240,2026-02-09T15:00:40+00:00,0.43,clob_prices_history
19092623696003297467569975421979058337700248600915517773783333080689954481741,0xd65525f918d9957f6d72f34fe19b0819ca011207e4913d8a8f3855ab2b10ffd7,1770650122,2026-02-09T15:15:22+00:00,0.43,clob_prices_history
19092623696003297467569975421979058337700248600915517773783333080689954481741,0xd65525f918d9957f6d72f34fe19b0819ca011207e4913d8a8f3855ab2b10ffd7,1770651023,2026-02-09T15:30:23+00:00,0.43,clob_prices_history
19092623696003297467569975421979058337700248600915517773783333080689954481741,0xd65525f918d9957f6d72f34fe19b0819ca011207e4913d8a8f3855ab2b10ffd7,1770651918,2026-02-09T15:45:18+00:00,0.435,clob_prices_history
19092623696003297467569975421979058337700248600915517773783333080689954481741,0xd65525f918d9957f6d72f34fe19b0819ca011207e4913d8a8f3855ab2b10ffd7,1770652848,2026-02-09T16:00:48+00:00,0.435,clob_prices_history
19092623696003297467569975421979058337700248600915517773783333080689954481741,0xd65525f918d9957f6d72f34fe19b0819ca011207e4913d8a8f3855ab2b10ffd7,1770653733,2026-02-09T16:15:33+00:00,0.435,clob_prices_history
19092623696003297467569975421979058337700248600915517773783333080689954481741,0xd65525f918d9957f6d72f34fe19b0819ca011207e4913d8a8f3855ab2b10ffd7,1770654626,2026-02-09T16:30:26+00:00,0.435,clob_prices_history
19092623696003297467569975421979058337700248600915517773783333080689954481741,0xd65525f918d9957f6d72f34fe19b0819ca011207e4913d8a8f3855ab2b10ffd7,1770655519,2026-02-09T16:45:19+00:00,0.435,clob_prices_history
19092623696003297467569975421979058337700248600915517773783333080689954481741,0xd65525f918d9957f6d72f34fe19b0819ca011207e4913d8a8f3855ab2b10ffd7,1770656421,2026-02-09T17:00:21+00:00,0.435,clob_prices_history
19092623696003297467569975421979058337700248600915517773783333080689954481741,0xd65525f918d9957f6d72f34fe19b0819ca011207e4913d8a8f3855ab2b10ffd7,1770657318,2026-02-09T17:15:18+00:00,0.435,clob_prices_history
19092623696003297467569975421979058337700248600915517773783333080689954481741,0xd65525f918d9957f6d72f34fe19b0819ca011207e4913d8a8f3855ab2b10ffd7,1770658223,2026-02-09T17:30:23+00:00,0.435,clob_prices_history
19092623696003297467569975421979058337700248600915517773783333080689954481741,0xd65525f918d9957f6d72f34fe19b0819ca011207e4913d8a8f3855ab2b10ffd7,1770659121,2026-02-09T17:45:21+00:00,0.43,clob_prices_history
19092623696003297467569975421979058337700248600915517773783333080689954481741,0xd65525f918d9957f6d72f34fe19b0819ca011207e4913d8a8f3855ab2b10ffd7,1770660038,2026-02-09T18:00:38+00:00,0.435,clob_prices_history
19092623696003297467569975421979058337700248600915517773783333080689954481741,0xd65525f918d9957f6d72f34fe19b0819ca011207e4913d8a8f3855ab2b10ffd7,1770660918,2026-02-09T18:15:18+00:00,0.435,clob_prices_history
19092623696003297467569975421979058337700248600915517773783333080689954481741,0xd65525f918d9957f6d72f34fe19b0819ca011207e4913d8a8f3855ab2b10ffd7,1770661828,2026-02-09T18:30:28+00:00,0.435,clob_prices_history
19092623696003297467569975421979058337700248600915517773783333080689954481741,0xd65525f918d9957f6d72f34fe19b0819ca011207e4913d8a8f3855ab2b10ffd7,1770662718,2026-02-09T18:45:18+00:00,0.43,clob_prices_history
19092623696003297467569975421979058337700248600915517773783333080689954481741,0xd65525f918d9957f6d72f34fe19b0819ca011207e4913d8a8f3855ab2b10ffd7,1770663624,2026-02-09T19:00:24+00:00,0.43,clob_prices_history
19092623696003297467569975421979058337700248600915517773783333080689954481741,0xd65525f918d9957f6d72f34fe19b0819ca011207e4913d8a8f3855ab2b10ffd7,1770664518,2026-02-09T19:15:18+00:00,0.43,clob_prices_history
19092623696003297467569975421979058337700248600915517773783333080689954481741,0xd65525f918d9957f6d72f34fe19b0819ca011207e4913d8a8f3855ab2b10ffd7,1770665423,2026-02-09T19:30:23+00:00,0.43,clob_prices_history
19092623696003297467569975421979058337700248600915517773783333080689954481741,0xd65525f918d9957f6d72f34fe19b0819ca011207e4913d8a8f3855ab2b10ffd7,1770666319,2026-02-09T19:45:19+00:00,0.43,clob_prices_history
19092623696003297467569975421979058337700248600915517773783333080689954481741,0xd65525f918d9957f6d72f34fe19b0819ca011207e4913d8a8f3855ab2b10ffd7,1770667222,2026-02-09T20:00:22+00:00,0.43,clob_prices_history
19092623696003297467569975421979058337700248600915517773783333080689954481741,0xd65525f918d9957f6d72f34fe19b0819ca011207e4913d8a8f3855ab2b10ffd7,1770668123,2026-02-09T20:15:23+00:00,0.43,clob_prices_history
19092623696003297467569975421979058337700248600915517773783333080689954481741,0xd65525f918d9957f6d72f34fe19b0819ca011207e4913d8a8f3855ab2b10ffd7,1770669025,2026-02-09T20:30:25+00:00,0.43,clob_prices_history
19092623696003297467569975421979058337700248600915517773783333080689954481741,0xd65525f918d9957f6d72f34fe19b0819ca011207e4913d8a8f3855ab2b10ffd7,1770669918,2026-02-09T20:45:18+00:00,0.43,clob_prices_history
19092623696003297467569975421979058337700248600915517773783333080689954481741,0xd65525f918d9957f6d72f34fe19b0819ca011207e4913d8a8f3855ab2b10ffd7,1770670835,2026-02-09T21:00:35+00:00,0.43,clob_prices_history
19092623696003297467569975421979058337700248600915517773783333080689954481741,0xd65525f918d9957f6d72f34fe19b0819ca011207e4913d8a8f3855ab2b10ffd7,1770671718,2026-02-09T21:15:18+00:00,0.43,clob_prices_history
19092623696003297467569975421979058337700248600915517773783333080689954481741,0xd65525f918d9957f6d72f34fe19b0819ca011207e4913d8a8f3855ab2b10ffd7,1770672623,2026-02-09T21:30:23+00:00,0.43,clob_prices_history
19092623696003297467569975421979058337700248600915517773783333080689954481741,0xd65525f918d9957f6d72f34fe19b0819ca011207e4913d8a8f3855ab2b10ffd7,1770673518,2026-02-09T21:45:18+00:00,0.43,clob_prices_history
19092623696003297467569975421979058337700248600915517773783333080689954481741,0xd65525f918d9957f6d72f34fe19b0819ca011207e4913d8a8f3855ab2b10ffd7,1770674422,2026-02-09T22:00:22+00:00,0.43,clob_prices_history
19092623696003297467569975421979058337700248600915517773783333080689954481741,0xd65525f918d9957f6d72f34fe19b0819ca011207e4913d8a8f3855ab2b10ffd7,1770675318,2026-02-09T22:15:18+00:00,0.43,clob_prices_history
19092623696003297467569975421979058337700248600915517773783333080689954481741,0xd65525f918d9957f6d72f34fe19b0819ca011207e4913d8a8f3855ab2b10ffd7,1770676222,2026-02-09T22:30:22+00:00,0.43,clob_prices_history
19092623696003297467569975421979058337700248600915517773783333080689954481741,0xd65525f918d9957f6d72f34fe19b0819ca011207e4913d8a8f3855ab2b10ffd7,1770677118,2026-02-09T22:45:18+00:00,0.43,clob_prices_history
19092623696003297467569975421979058337700248600915517773783333080689954481741,0xd65525f918d9957f6d72f34fe19b0819ca011207e4913d8a8f3855ab2b10ffd7,1770678023,2026-02-09T23:00:23+00:00,0.435,clob_prices_history
19092623696003297467569975421979058337700248600915517773783333080689954481741,0xd65525f918d9957f6d72f34fe19b0819ca011207e4913d8a8f3855ab2b10ffd7,1770678923,2026-02-09T23:15:23+00:00,0.435,clob_prices_history
19092623696003297467569975421979058337700248600915517773783333080689954481741,0xd65525f918d9957f6d72f34fe19b0819ca011207e4913d8a8f3855ab2b10ffd7,1770679827,2026-02-09T23:30:27+00:00,0.435,clob_prices_history
19092623696003297467569975421979058337700248600915517773783333080689954481741,0xd65525f918d9957f6d72f34fe19b0819ca011207e4913d8a8f3855ab2b10ffd7,1770680719,2026-02-09T23:45:19+00:00,0.435,clob_prices_history
19092623696003297467569975421979058337700248600915517773783333080689954481741,0xd65525f918d9957f6d72f34fe19b0819ca011207e4913d8a8f3855ab2b10ffd7,1770681644,2026-02-10T00:00:44+00:00,0.435,clob_prices_history
19092623696003297467569975421979058337700248600915517773783333080689954481741,0xd65525f918d9957f6d72f34fe19b0819ca011207e4913d8a8f3855ab2b10ffd7,1770682518,2026-02-10T00:15:18+00:00,0.435,clob_prices_history
19092623696003297467569975421979058337700248600915517773783333080689954481741,0xd65525f918d9957f6d72f34fe19b0819ca011207e4913d8a8f3855ab2b10ffd7,1770683422,2026-02-10T00:30:22+00:00,0.435,clob_prices_history
19092623696003297467569975421979058337700248600915517773783333080689954481741,0xd65525f918d9957f6d72f34fe19b0819ca011207e4913d8a8f3855ab2b10ffd7,1770684317,2026-02-10T00:45:17+00:00,0.435,clob_prices_history
19092623696003297467569975421979058337700248600915517773783333080689954481741,0xd65525f918d9957f6d72f34fe19b0819ca011207e4913d8a8f3855ab2b10ffd7,1770685223,2026-02-10T01:00:23+00:00,0.435,clob_prices_history
19092623696003297467569975421979058337700248600915517773783333080689954481741,0xd65525f918d9957f6d72f34fe19b0819ca011207e4913d8a8f3855ab2b10ffd7,1770686117,2026-02-10T01:15:17+00:00,0.435,clob_prices_history
19092623696003297467569975421979058337700248600915517773783333080689954481741,0xd65525f918d9957f6d72f34fe19b0819ca011207e4913d8a8f3855ab2b10ffd7,1770687023,2026-02-10T01:30:23+00:00,0.435,clob_prices_history
19092623696003297467569975421979058337700248600915517773783333080689954481741,0xd65525f918d9957f6d72f34fe19b0819ca011207e4913d8a8f3855ab2b10ffd7,1770687917,2026-02-10T01:45:17+00:00,0.435,clob_prices_history
19092623696003297467569975421979058337700248600915517773783333080689954481741,0xd65525f918d9957f6d72f34fe19b0819ca011207e4913d8a8f3855ab2b10ffd7,1770688836,2026-02-10T02:00:36+00:00,0.435,clob_prices_history
19092623696003297467569975421979058337700248600915517773783333080689954481741,0xd65525f918d9957f6d72f34fe19b0819ca011207e4913d8a8f3855ab2b10ffd7,1770689712,2026-02-10T02:15:12+00:00,0.435,clob_prices_history
19092623696003297467569975421979058337700248600915517773783333080689954481741,0xd65525f918d9957f6d72f34fe19b0819ca011207e4913d8a8f3855ab2b10ffd7,1770689738,2026-02-10T02:15:38+00:00,0.435,clob_prices_history
19092623696003297467569975421979058337700248600915517773783333080689954481741,0xd65525f918d9957f6d72f34fe19b0819ca011207e4913d8a8f3855ab2b10ffd7,1770690625,2026-02-10T02:30:25+00:00,0.44,clob_prices_history
19092623696003297467569975421979058337700248600915517773783333080689954481741,0xd65525f918d9957f6d72f34fe19b0819ca011207e4913d8a8f3855ab2b10ffd7,1770691518,2026-02-10T02:45:18+00:00,0.435,clob_prices_history
19092623696003297467569975421979058337700248600915517773783333080689954481741,0xd65525f918d9957f6d72f34fe19b0819ca011207e4913d8a8f3855ab2b10ffd7,1770692434,2026-02-10T03:00:34+00:00,0.435,clob_prices_history
19092623696003297467569975421979058337700248600915517773783333080689954481741,0xd65525f918d9957f6d72f34fe19b0819ca011207e4913d8a8f3855ab2b10ffd7,1770693319,2026-02-10T03:15:19+00:00,0.435,clob_prices_history
19092623696003297467569975421979058337700248600915517773783333080689954481741,0xd65525f918d9957f6d72f34fe19b0819ca011207e4913d8a8f3855ab2b10ffd7,1770694222,2026-02-10T03:30:22+00:00,0.435,clob_prices_history
19092623696003297467569975421979058337700248600915517773783333080689954481741,0xd65525f918d9957f6d72f34fe19b0819ca011207e4913d8a8f3855ab2b10ffd7,1770695118,2026-02-10T03:45:18+00:00,0.435,clob_prices_history
19092623696003297467569975421979058337700248600915517773783333080689954481741,0xd65525f918d9957f6d72f34fe19b0819ca011207e4913d8a8f3855ab2b10ffd7,1770696023,2026-02-10T04:00:23+00:00,0.435,clob_prices_history
19092623696003297467569975421979058337700248600915517773783333080689954481741,0xd65525f918d9957f6d72f34fe19b0819ca011207e4913d8a8f3855ab2b10ffd7,1770696917,2026-02-10T04:15:17+00:00,0.435,clob_prices_history
19092623696003297467569975421979058337700248600915517773783333080689954481741,0xd65525f918d9957f6d72f34fe19b0819ca011207e4913d8a8f3855ab2b10ffd7,1770697823,2026-02-10T04:30:23+00:00,0.435,clob_prices_history
19092623696003297467569975421979058337700248600915517773783333080689954481741,0xd65525f918d9957f6d72f34fe19b0819ca011207e4913d8a8f3855ab2b10ffd7,1770698717,2026-02-10T04:45:17+00:00,0.435,clob_prices_history
19092623696003297467569975421979058337700248600915517773783333080689954481741,0xd65525f918d9957f6d72f34fe19b0819ca011207e4913d8a8f3855ab2b10ffd7,1770699623,2026-02-10T05:00:23+00:00,0.435,clob_prices_history
19092623696003297467569975421979058337700248600915517773783333080689954481741,0xd65525f918d9957f6d72f34fe19b0819ca011207e4913d8a8f3855ab2b10ffd7,1770700520,2026-02-10T05:15:20+00:00,0.435,clob_prices_history
19092623696003297467569975421979058337700248600915517773783333080689954481741,0xd65525f918d9957f6d72f34fe19b0819ca011207e4913d8a8f3855ab2b10ffd7,1770701423,2026-02-10T05:30:23+00:00,0.435,clob_prices_history
19092623696003297467569975421979058337700248600915517773783333080689954481741,0xd65525f918d9957f6d72f34fe19b0819ca011207e4913d8a8f3855ab2b10ffd7,1770702317,2026-02-10T05:45:17+00:00,0.435,clob_prices_history
19092623696003297467569975421979058337700248600915517773783333080689954481741,0xd65525f918d9957f6d72f34fe19b0819ca011207e4913d8a8f3855ab2b10ffd7,1770703249,2026-02-10T06:00:49+00:00,0.435,clob_prices_history
19092623696003297467569975421979058337700248600915517773783333080689954481741,0xd65525f918d9957f6d72f34fe19b0819ca011207e4913d8a8f3855ab2b10ffd7,1770704117,2026-02-10T06:15:17+00:00,0.435,clob_prices_history
19092623696003297467569975421979058337700248600915517773783333080689954481741,0xd65525f918d9957f6d72f34fe19b0819ca011207e4913d8a8f3855ab2b10ffd7,1770705025,2026-02-10T06:30:25+00:00,0.435,clob_prices_history
19092623696003297467569975421979058337700248600915517773783333080689954481741,0xd65525f918d9957f6d72f34fe19b0819ca011207e4913d8a8f3855ab2b10ffd7,1770705917,2026-02-10T06:45:17+00:00,0.435,clob_prices_history
19092623696003297467569975421979058337700248600915517773783333080689954481741,0xd65525f918d9957f6d72f34fe19b0819ca011207e4913d8a8f3855ab2b10ffd7,1770706834,2026-02-10T07:00:34+00:00,0.435,clob_prices_history
19092623696003297467569975421979058337700248600915517773783333080689954481741,0xd65525f918d9957f6d72f34fe19b0819ca011207e4913d8a8f3855ab2b10ffd7,1770707717,2026-02-10T07:15:17+00:00,0.435,clob_prices_history
19092623696003297467569975421979058337700248600915517773783333080689954481741,0xd65525f918d9957f6d72f34fe19b0819ca011207e4913d8a8f3855ab2b10ffd7,1770708622,2026-02-10T07:30:22+00:00,0.435,clob_prices_history
19092623696003297467569975421979058337700248600915517773783333080689954481741,0xd65525f918d9957f6d72f34fe19b0819ca011207e4913d8a8f3855ab2b10ffd7,1770709520,2026-02-10T07:45:20+00:00,0.435,clob_prices_history
19092623696003297467569975421979058337700248600915517773783333080689954481741,0xd65525f918d9957f6d72f34fe19b0819ca011207e4913d8a8f3855ab2b10ffd7,1770710423,2026-02-10T08:00:23+00:00,0.435,clob_prices_history
19092623696003297467569975421979058337700248600915517773783333080689954481741,0xd65525f918d9957f6d72f34fe19b0819ca011207e4913d8a8f3855ab2b10ffd7,1770711317,2026-02-10T08:15:17+00:00,0.435,clob_prices_history
19092623696003297467569975421979058337700248600915517773783333080689954481741,0xd65525f918d9957f6d72f34fe19b0819ca011207e4913d8a8f3855ab2b10ffd7,1770712224,2026-02-10T08:30:24+00:00,0.435,clob_prices_history
19092623696003297467569975421979058337700248600915517773783333080689954481741,0xd65525f918d9957f6d72f34fe19b0819ca011207e4913d8a8f3855ab2b10ffd7,1770713122,2026-02-10T08:45:22+00:00,0.435,clob_prices_history
19092623696003297467569975421979058337700248600915517773783333080689954481741,0xd65525f918d9957f6d72f34fe19b0819ca011207e4913d8a8f3855ab2b10ffd7,1770714034,2026-02-10T09:00:34+00:00,0.435,clob_prices_history
19092623696003297467569975421979058337700248600915517773783333080689954481741,0xd65525f918d9957f6d72f34fe19b0819ca011207e4913d8a8f3855ab2b10ffd7,1770714917,2026-02-10T09:15:17+00:00,0.435,clob_prices_history
19092623696003297467569975421979058337700248600915517773783333080689954481741,0xd65525f918d9957f6d72f34fe19b0819ca011207e4913d8a8f3855ab2b10ffd7,1770715822,2026-02-10T09:30:22+00:00,0.435,clob_prices_history
19092623696003297467569975421979058337700248600915517773783333080689954481741,0xd65525f918d9957f6d72f34fe19b0819ca011207e4913d8a8f3855ab2b10ffd7,1770716717,2026-02-10T09:45:17+00:00,0.435,clob_prices_history
19092623696003297467569975421979058337700248600915517773783333080689954481741,0xd65525f918d9957f6d72f34fe19b0819ca011207e4913d8a8f3855ab2b10ffd7,1770717623,2026-02-10T10:00:23+00:00,0.435,clob_prices_history
19092623696003297467569975421979058337700248600915517773783333080689954481741,0xd65525f918d9957f6d72f34fe19b0819ca011207e4913d8a8f3855ab2b10ffd7,1770718517,2026-02-10T10:15:17+00:00,0.435,clob_prices_history
19092623696003297467569975421979058337700248600915517773783333080689954481741,0xd65525f918d9957f6d72f34fe19b0819ca011207e4913d8a8f3855ab2b10ffd7,1770719445,2026-02-10T10:30:45+00:00,0.435,clob_prices_history
19092623696003297467569975421979058337700248600915517773783333080689954481741,0xd65525f918d9957f6d72f34fe19b0819ca011207e4913d8a8f3855ab2b10ffd7,1770720317,2026-02-10T10:45:17+00:00,0.43,clob_prices_history
19092623696003297467569975421979058337700248600915517773783333080689954481741,0xd65525f918d9957f6d72f34fe19b0819ca011207e4913d8a8f3855ab2b10ffd7,1770721224,2026-02-10T11:00:24+00:00,0.43,clob_prices_history
19092623696003297467569975421979058337700248600915517773783333080689954481741,0xd65525f918d9957f6d72f34fe19b0819ca011207e4913d8a8f3855ab2b10ffd7,1770722117,2026-02-10T11:15:17+00:00,0.44,clob_prices_history
19092623696003297467569975421979058337700248600915517773783333080689954481741,0xd65525f918d9957f6d72f34fe19b0819ca011207e4913d8a8f3855ab2b10ffd7,1770723024,2026-02-10T11:30:24+00:00,0.44,clob_prices_history
19092623696003297467569975421979058337700248600915517773783333080689954481741,0xd65525f918d9957f6d72f34fe19b0819ca011207e4913d8a8f3855ab2b10ffd7,1770723921,2026-02-10T11:45:21+00:00,0.44,clob_prices_history
19092623696003297467569975421979058337700248600915517773783333080689954481741,0xd65525f918d9957f6d72f34fe19b0819ca011207e4913d8a8f3855ab2b10ffd7,1770724859,2026-02-10T12:00:59+00:00,0.44,clob_prices_history
19092623696003297467569975421979058337700248600915517773783333080689954481741,0xd65525f918d9957f6d72f34fe19b0819ca011207e4913d8a8f3855ab2b10ffd7,1770725717,2026-02-10T12:15:17+00:00,0.44,clob_prices_history
19092623696003297467569975421979058337700248600915517773783333080689954481741,0xd65525f918d9957f6d72f34fe19b0819ca011207e4913d8a8f3855ab2b10ffd7,1770726628,2026-02-10T12:30:28+00:00,0.44,clob_prices_history
19092623696003297467569975421979058337700248600915517773783333080689954481741,0xd65525f918d9957f6d72f34fe19b0819ca011207e4913d8a8f3855ab2b10ffd7,1770727521,2026-02-10T12:45:21+00:00,0.43,clob_prices_history
19092623696003297467569975421979058337700248600915517773783333080689954481741,0xd65525f918d9957f6d72f34fe19b0819ca011207e4913d8a8f3855ab2b10ffd7,1770728427,2026-02-10T13:00:27+00:00,0.435,clob_prices_history
19092623696003297467569975421979058337700248600915517773783333080689954481741,0xd65525f918d9957f6d72f34fe19b0819ca011207e4913d8a8f3855ab2b10ffd7,1770729317,2026-02-10T13:15:17+00:00,0.435,clob_prices_history
19092623696003297467569975421979058337700248600915517773783333080689954481741,0xd65525f918d9957f6d72f34fe19b0819ca011207e4913d8a8f3855ab2b10ffd7,1770730223,2026-02-10T13:30:23+00:00,0.44,clob_prices_history
19092623696003297467569975421979058337700248600915517773783333080689954481741,0xd65525f918d9957f6d72f34fe19b0819ca011207e4913d8a8f3855ab2b10ffd7,1770731117,2026-02-10T13:45:17+00:00,0.44,clob_prices_history
19092623696003297467569975421979058337700248600915517773783333080689954481741,0xd65525f918d9957f6d72f34fe19b0819ca011207e4913d8a8f3855ab2b10ffd7,1770732023,2026-02-10T14:00:23+00:00,0.44,clob_prices_history
19092623696003297467569975421979058337700248600915517773783333080689954481741,0xd65525f918d9957f6d72f34fe19b0819ca011207e4913d8a8f3855ab2b10ffd7,1770732923,2026-02-10T14:15:23+00:00,0.44,clob_prices_history
19092623696003297467569975421979058337700248600915517773783333080689954481741,0xd65525f918d9957f6d72f34fe19b0819ca011207e4913d8a8f3855ab2b10ffd7,1770733823,2026-02-10T14:30:23+00:00,0.44,clob_prices_history
19092623696003297467569975421979058337700248600915517773783333080689954481741,0xd65525f918d9957f6d72f34fe19b0819ca011207e4913d8a8f3855ab2b10ffd7,1770734719,2026-02-10T14:45:19+00:00,0.44,clob_prices_history
19092623696003297467569975421979058337700248600915517773783333080689954481741,0xd65525f918d9957f6d72f34fe19b0819ca011207e4913d8a8f3855ab2b10ffd7,1770735637,2026-02-10T15:00:37+00:00,0.44,clob_prices_history
19092623696003297467569975421979058337700248600915517773783333080689954481741,0xd65525f918d9957f6d72f34fe19b0819ca011207e4913d8a8f3855ab2b10ffd7,1770736530,2026-02-10T15:15:30+00:00,0.44,clob_prices_history
19092623696003297467569975421979058337700248600915517773783333080689954481741,0xd65525f918d9957f6d72f34fe19b0819ca011207e4913d8a8f3855ab2b10ffd7,1770737438,2026-02-10T15:30:38+00:00,0.44,clob_prices_history
19092623696003297467569975421979058337700248600915517773783333080689954481741,0xd65525f918d9957f6d72f34fe19b0819ca011207e4913d8a8f3855ab2b10ffd7,1770738319,2026-02-10T15:45:19+00:00,0.44,clob_prices_history
19092623696003297467569975421979058337700248600915517773783333080689954481741,0xd65525f918d9957f6d72f34fe19b0819ca011207e4913d8a8f3855ab2b10ffd7,1770739227,2026-02-10T16:00:27+00:00,0.44,clob_prices_history
19092623696003297467569975421979058337700248600915517773783333080689954481741,0xd65525f918d9957f6d72f34fe19b0819ca011207e4913d8a8f3855ab2b10ffd7,1770740118,2026-02-10T16:15:18+00:00,0.44,clob_prices_history
19092623696003297467569975421979058337700248600915517773783333080689954481741,0xd65525f918d9957f6d72f34fe19b0819ca011207e4913d8a8f3855ab2b10ffd7,1770741022,2026-02-10T16:30:22+00:00,0.43,clob_prices_history
19092623696003297467569975421979058337700248600915517773783333080689954481741,0xd65525f918d9957f6d72f34fe19b0819ca011207e4913d8a8f3855ab2b10ffd7,1770741919,2026-02-10T16:45:19+00:00,0.43,clob_prices_history
19092623696003297467569975421979058337700248600915517773783333080689954481741,0xd65525f918d9957f6d72f34fe19b0819ca011207e4913d8a8f3855ab2b10ffd7,1770742827,2026-02-10T17:00:27+00:00,0.43,clob_prices_history
19092623696003297467569975421979058337700248600915517773783333080689954481741,0xd65525f918d9957f6d72f34fe19b0819ca011207e4913d8a8f3855ab2b10ffd7,1770743733,2026-02-10T17:15:33+00:00,0.43,clob_prices_history
19092623696003297467569975421979058337700248600915517773783333080689954481741,0xd65525f918d9957f6d72f34fe19b0819ca011207e4913d8a8f3855ab2b10ffd7,1770744623,2026-02-10T17:30:23+00:00,0.43,clob_prices_history
19092623696003297467569975421979058337700248600915517773783333080689954481741,0xd65525f918d9957f6d72f34fe19b0819ca011207e4913d8a8f3855ab2b10ffd7,1770745522,2026-02-10T17:45:22+00:00,0.43,clob_prices_history
19092623696003297467569975421979058337700248600915517773783333080689954481741,0xd65525f918d9957f6d72f34fe19b0819ca011207e4913d8a8f3855ab2b10ffd7,1770746435,2026-02-10T18:00:35+00:00,0.43,clob_prices_history
19092623696003297467569975421979058337700248600915517773783333080689954481741,0xd65525f918d9957f6d72f34fe19b0819ca011207e4913d8a8f3855ab2b10ffd7,1770747318,2026-02-10T18:15:18+00:00,0.43,clob_prices_history
19092623696003297467569975421979058337700248600915517773783333080689954481741,0xd65525f918d9957f6d72f34fe19b0819ca011207e4913d8a8f3855ab2b10ffd7,1770748224,2026-02-10T18:30:24+00:00,0.425,clob_prices_history
19092623696003297467569975421979058337700248600915517773783333080689954481741,0xd65525f918d9957f6d72f34fe19b0819ca011207e4913d8a8f3855ab2b10ffd7,1770749117,2026-02-10T18:45:17+00:00,0.425,clob_prices_history
19092623696003297467569975421979058337700248600915517773783333080689954481741,0xd65525f918d9957f6d72f34fe19b0819ca011207e4913d8a8f3855ab2b10ffd7,1770750039,2026-02-10T19:00:39+00:00,0.425,clob_prices_history
19092623696003297467569975421979058337700248600915517773783333080689954481741,0xd65525f918d9957f6d72f34fe19b0819ca011207e4913d8a8f3855ab2b10ffd7,1770750918,2026-02-10T19:15:18+00:00,0.425,clob_prices_history
19092623696003297467569975421979058337700248600915517773783333080689954481741,0xd65525f918d9957f6d72f34fe19b0819ca011207e4913d8a8f3855ab2b10ffd7,1770751827,2026-02-10T19:30:27+00:00,0.425,clob_prices_history
19092623696003297467569975421979058337700248600915517773783333080689954481741,0xd65525f918d9957f6d72f34fe19b0819ca011207e4913d8a8f3855ab2b10ffd7,1770752719,2026-02-10T19:45:19+00:00,0.425,clob_prices_history
19092623696003297467569975421979058337700248600915517773783333080689954481741,0xd65525f918d9957f6d72f34fe19b0819ca011207e4913d8a8f3855ab2b10ffd7,1770753651,2026-02-10T20:00:51+00:00,0.425,clob_prices_history
19092623696003297467569975421979058337700248600915517773783333080689954481741,0xd65525f918d9957f6d72f34fe19b0819ca011207e4913d8a8f3855ab2b10ffd7,1770754518,2026-02-10T20:15:18+00:00,0.425,clob_prices_history
19092623696003297467569975421979058337700248600915517773783333080689954481741,0xd65525f918d9957f6d72f34fe19b0819ca011207e4913d8a8f3855ab2b10ffd7,1770755424,2026-02-10T20:30:24+00:00,0.425,clob_prices_history
19092623696003297467569975421979058337700248600915517773783333080689954481741,0xd65525f918d9957f6d72f34fe19b0819ca011207e4913d8a8f3855ab2b10ffd7,1770756317,2026-02-10T20:45:17+00:00,0.425,clob_prices_history
19092623696003297467569975421979058337700248600915517773783333080689954481741,0xd65525f918d9957f6d72f34fe19b0819ca011207e4913d8a8f3855ab2b10ffd7,1770757236,2026-02-10T21:00:36+00:00,0.425,clob_prices_history
19092623696003297467569975421979058337700248600915517773783333080689954481741,0xd65525f918d9957f6d72f34fe19b0819ca011207e4913d8a8f3855ab2b10ffd7,1770758122,2026-02-10T21:15:22+00:00,0.425,clob_prices_history
19092623696003297467569975421979058337700248600915517773783333080689954481741,0xd65525f918d9957f6d72f34fe19b0819ca011207e4913d8a8f3855ab2b10ffd7,1770759023,2026-02-10T21:30:23+00:00,0.425,clob_prices_history
19092623696003297467569975421979058337700248600915517773783333080689954481741,0xd65525f918d9957f6d72f34fe19b0819ca011207e4913d8a8f3855ab2b10ffd7,1770759944,2026-02-10T21:45:44+00:00,0.425,clob_prices_history
19092623696003297467569975421979058337700248600915517773783333080689954481741,0xd65525f918d9957f6d72f34fe19b0819ca011207e4913d8a8f3855ab2b10ffd7,1770760823,2026-02-10T22:00:23+00:00,0.425,clob_prices_history
19092623696003297467569975421979058337700248600915517773783333080689954481741,0xd65525f918d9957f6d72f34fe19b0819ca011207e4913d8a8f3855ab2b10ffd7,1770761717,2026-02-10T22:15:17+00:00,0.425,clob_prices_history
19092623696003297467569975421979058337700248600915517773783333080689954481741,0xd65525f918d9957f6d72f34fe19b0819ca011207e4913d8a8f3855ab2b10ffd7,1770762636,2026-02-10T22:30:36+00:00,0.425,clob_prices_history
19092623696003297467569975421979058337700248600915517773783333080689954481741,0xd65525f918d9957f6d72f34fe19b0819ca011207e4913d8a8f3855ab2b10ffd7,1770763523,2026-02-10T22:45:23+00:00,0.42,clob_prices_history
19092623696003297467569975421979058337700248600915517773783333080689954481741,0xd65525f918d9957f6d72f34fe19b0819ca011207e4913d8a8f3855ab2b10ffd7,1770764427,2026-02-10T23:00:27+00:00,0.42,clob_prices_history
19092623696003297467569975421979058337700248600915517773783333080689954481741,0xd65525f918d9957f6d72f34fe19b0819ca011207e4913d8a8f3855ab2b10ffd7,1770765317,2026-02-10T23:15:17+00:00,0.42,clob_prices_history
19092623696003297467569975421979058337700248600915517773783333080689954481741,0xd65525f918d9957f6d72f34fe19b0819ca011207e4913d8a8f3855ab2b10ffd7,1770766229,2026-02-10T23:30:29+00:00,0.42,clob_prices_history
19092623696003297467569975421979058337700248600915517773783333080689954481741,0xd65525f918d9957f6d72f34fe19b0819ca011207e4913d8a8f3855ab2b10ffd7,1770767118,2026-02-10T23:45:18+00:00,0.42,clob_prices_history
19092623696003297467569975421979058337700248600915517773783333080689954481741,0xd65525f918d9957f6d72f34fe19b0819ca011207e4913d8a8f3855ab2b10ffd7,1770768051,2026-02-11T00:00:51+00:00,0.42,clob_prices_history
19092623696003297467569975421979058337700248600915517773783333080689954481741,0xd65525f918d9957f6d72f34fe19b0819ca011207e4913d8a8f3855ab2b10ffd7,1770768918,2026-02-11T00:15:18+00:00,0.42,clob_prices_history
19092623696003297467569975421979058337700248600915517773783333080689954481741,0xd65525f918d9957f6d72f34fe19b0819ca011207e4913d8a8f3855ab2b10ffd7,1770769823,2026-02-11T00:30:23+00:00,0.42,clob_prices_history
19092623696003297467569975421979058337700248600915517773783333080689954481741,0xd65525f918d9957f6d72f34fe19b0819ca011207e4913d8a8f3855ab2b10ffd7,1770770717,2026-02-11T00:45:17+00:00,0.42,clob_prices_history
19092623696003297467569975421979058337700248600915517773783333080689954481741,0xd65525f918d9957f6d72f34fe19b0819ca011207e4913d8a8f3855ab2b10ffd7,1770771623,2026-02-11T01:00:23+00:00,0.42,clob_prices_history
19092623696003297467569975421979058337700248600915517773783333080689954481741,0xd65525f918d9957f6d72f34fe19b0819ca011207e4913d8a8f3855ab2b10ffd7,1770772522,2026-02-11T01:15:22+00:00,0.43,clob_prices_history
19092623696003297467569975421979058337700248600915517773783333080689954481741,0xd65525f918d9957f6d72f34fe19b0819ca011207e4913d8a8f3855ab2b10ffd7,1770773423,2026-02-11T01:30:23+00:00,0.43,clob_prices_history
19092623696003297467569975421979058337700248600915517773783333080689954481741,0xd65525f918d9957f6d72f34fe19b0819ca011207e4913d8a8f3855ab2b10ffd7,1770774318,2026-02-11T01:45:18+00:00,0.43,clob_prices_history
19092623696003297467569975421979058337700248600915517773783333080689954481741,0xd65525f918d9957f6d72f34fe19b0819ca011207e4913d8a8f3855ab2b10ffd7,1770775224,2026-02-11T02:00:24+00:00,0.43,clob_prices_history
19092623696003297467569975421979058337700248600915517773783333080689954481741,0xd65525f918d9957f6d72f34fe19b0819ca011207e4913d8a8f3855ab2b10ffd7,1770776129,2026-02-11T02:15:29+00:00,0.43,clob_prices_history
19092623696003297467569975421979058337700248600915517773783333080689954481741,0xd65525f918d9957f6d72f34fe19b0819ca011207e4913d8a8f3855ab2b10ffd7,1770777045,2026-02-11T02:30:45+00:00,0.43,clob_prices_history
19092623696003297467569975421979058337700248600915517773783333080689954481741,0xd65525f918d9957f6d72f34fe19b0819ca011207e4913d8a8f3855ab2b10ffd7,1770777923,2026-02-11T02:45:23+00:00,0.43,clob_prices_history
19092623696003297467569975421979058337700248600915517773783333080689954481741,0xd65525f918d9957f6d72f34fe19b0819ca011207e4913d8a8f3855ab2b10ffd7,1770778839,2026-02-11T03:00:39+00:00,0.425,clob_prices_history
19092623696003297467569975421979058337700248600915517773783333080689954481741,0xd65525f918d9957f6d72f34fe19b0819ca011207e4913d8a8f3855ab2b10ffd7,1770779717,2026-02-11T03:15:17+00:00,0.43,clob_prices_history
19092623696003297467569975421979058337700248600915517773783333080689954481741,0xd65525f918d9957f6d72f34fe19b0819ca011207e4913d8a8f3855ab2b10ffd7,1770780623,2026-02-11T03:30:23+00:00,0.43,clob_prices_history
19092623696003297467569975421979058337700248600915517773783333080689954481741,0xd65525f918d9957f6d72f34fe19b0819ca011207e4913d8a8f3855ab2b10ffd7,1770781517,2026-02-11T03:45:17+00:00,0.425,clob_prices_history
19092623696003297467569975421979058337700248600915517773783333080689954481741,0xd65525f918d9957f6d72f34fe19b0819ca011207e4913d8a8f3855ab2b10ffd7,1770782427,2026-02-11T04:00:27+00:00,0.43,clob_prices_history
19092623696003297467569975421979058337700248600915517773783333080689954481741,0xd65525f918d9957f6d72f34fe19b0819ca011207e4913d8a8f3855ab2b10ffd7,1770783317,2026-02-11T04:15:17+00:00,0.43,clob_prices_history
19092623696003297467569975421979058337700248600915517773783333080689954481741,0xd65525f918d9957f6d72f34fe19b0819ca011207e4913d8a8f3855ab2b10ffd7,1770784226,2026-02-11T04:30:26+00:00,0.43,clob_prices_history
19092623696003297467569975421979058337700248600915517773783333080689954481741,0xd65525f918d9957f6d72f34fe19b0819ca011207e4913d8a8f3855ab2b10ffd7,1770785117,2026-02-11T04:45:17+00:00,0.425,clob_prices_history
19092623696003297467569975421979058337700248600915517773783333080689954481741,0xd65525f918d9957f6d72f34fe19b0819ca011207e4913d8a8f3855ab2b10ffd7,1770786024,2026-02-11T05:00:24+00:00,0.425,clob_prices_history
19092623696003297467569975421979058337700248600915517773783333080689954481741,0xd65525f918d9957f6d72f34fe19b0819ca011207e4913d8a8f3855ab2b10ffd7,1770786918,2026-02-11T05:15:18+00:00,0.43,clob_prices_history
19092623696003297467569975421979058337700248600915517773783333080689954481741,0xd65525f918d9957f6d72f34fe19b0819ca011207e4913d8a8f3855ab2b10ffd7,1770787846,2026-02-11T05:30:46+00:00,0.425,clob_prices_history
19092623696003297467569975421979058337700248600915517773783333080689954481741,0xd65525f918d9957f6d72f34fe19b0819ca011207e4913d8a8f3855ab2b10ffd7,1770788718,2026-02-11T05:45:18+00:00,0.43,clob_prices_history
19092623696003297467569975421979058337700248600915517773783333080689954481741,0xd65525f918d9957f6d72f34fe19b0819ca011207e4913d8a8f3855ab2b10ffd7,1770789630,2026-02-11T06:00:30+00:00,0.43,clob_prices_history
19092623696003297467569975421979058337700248600915517773783333080689954481741,0xd65525f918d9957f6d72f34fe19b0819ca011207e4913d8a8f3855ab2b10ffd7,1770790542,2026-02-11T06:15:42+00:00,0.43,clob_prices_history
19092623696003297467569975421979058337700248600915517773783333080689954481741,0xd65525f918d9957f6d72f34fe19b0819ca011207e4913d8a8f3855ab2b10ffd7,1770791450,2026-02-11T06:30:50+00:00,0.43,clob_prices_history
19092623696003297467569975421979058337700248600915517773783333080689954481741,0xd65525f918d9957f6d72f34fe19b0819ca011207e4913d8a8f3855ab2b10ffd7,1770792329,2026-02-11T06:45:29+00:00,0.43,clob_prices_history
19092623696003297467569975421979058337700248600915517773783333080689954481741,0xd65525f918d9957f6d72f34fe19b0819ca011207e4913d8a8f3855ab2b10ffd7,1770793224,2026-02-11T07:00:24+00:00,0.43,clob_prices_history
19092623696003297467569975421979058337700248600915517773783333080689954481741,0xd65525f918d9957f6d72f34fe19b0819ca011207e4913d8a8f3855ab2b10ffd7,1770794145,2026-02-11T07:15:45+00:00,0.425,clob_prices_history
19092623696003297467569975421979058337700248600915517773783333080689954481741,0xd65525f918d9957f6d72f34fe19b0819ca011207e4913d8a8f3855ab2b10ffd7,1770795023,2026-02-11T07:30:23+00:00,0.385,clob_prices_history
19092623696003297467569975421979058337700248600915517773783333080689954481741,0xd65525f918d9957f6d72f34fe19b0819ca011207e4913d8a8f3855ab2b10ffd7,1770795923,2026-02-11T07:45:23+00:00,0.34,clob_prices_history
19092623696003297467569975421979058337700248600915517773783333080689954481741,0xd65525f918d9957f6d72f34fe19b0819ca011207e4913d8a8f3855ab2b10ffd7,1770796824,2026-02-11T08:00:24+00:00,0.34,clob_prices_history
19092623696003297467569975421979058337700248600915517773783333080689954481741,0xd65525f918d9957f6d72f34fe19b0819ca011207e4913d8a8f3855ab2b10ffd7,1770797718,2026-02-11T08:15:18+00:00,0.34,clob_prices_history
19092623696003297467569975421979058337700248600915517773783333080689954481741,0xd65525f918d9957f6d72f34fe19b0819ca011207e4913d8a8f3855ab2b10ffd7,1770798625,2026-02-11T08:30:25+00:00,0.34,clob_prices_history
19092623696003297467569975421979058337700248600915517773783333080689954481741,0xd65525f918d9957f6d72f34fe19b0819ca011207e4913d8a8f3855ab2b10ffd7,1770799517,2026-02-11T08:45:17+00:00,0.34,clob_prices_history
19092623696003297467569975421979058337700248600915517773783333080689954481741,0xd65525f918d9957f6d72f34fe19b0819ca011207e4913d8a8f3855ab2b10ffd7,1770800440,2026-02-11T09:00:40+00:00,0.34,clob_prices_history
19092623696003297467569975421979058337700248600915517773783333080689954481741,0xd65525f918d9957f6d72f34fe19b0819ca011207e4913d8a8f3855ab2b10ffd7,1770801344,2026-02-11T09:15:44+00:00,0.34,clob_prices_history
19092623696003297467569975421979058337700248600915517773783333080689954481741,0xd65525f918d9957f6d72f34fe19b0819ca011207e4913d8a8f3855ab2b10ffd7,1770802223,2026-02-11T09:30:23+00:00,0.34,clob_prices_history
19092623696003297467569975421979058337700248600915517773783333080689954481741,0xd65525f918d9957f6d72f34fe19b0819ca011207e4913d8a8f3855ab2b10ffd7,1770803122,2026-02-11T09:45:22+00:00,0.34,clob_prices_history
19092623696003297467569975421979058337700248600915517773783333080689954481741,0xd65525f918d9957f6d72f34fe19b0819ca011207e4913d8a8f3855ab2b10ffd7,1770804023,2026-02-11T10:00:23+00:00,0.34,clob_prices_history
19092623696003297467569975421979058337700248600915517773783333080689954481741,0xd65525f918d9957f6d72f34fe19b0819ca011207e4913d8a8f3855ab2b10ffd7,1770804918,2026-02-11T10:15:18+00:00,0.34,clob_prices_history
19092623696003297467569975421979058337700248600915517773783333080689954481741,0xd65525f918d9957f6d72f34fe19b0819ca011207e4913d8a8f3855ab2b10ffd7,1770805822,2026-02-11T10:30:22+00:00,0.33,clob_prices_history
19092623696003297467569975421979058337700248600915517773783333080689954481741,0xd65525f918d9957f6d72f34fe19b0819ca011207e4913d8a8f3855ab2b10ffd7,1770806717,2026-02-11T10:45:17+00:00,0.33,clob_prices_history
19092623696003297467569975421979058337700248600915517773783333080689954481741,0xd65525f918d9957f6d72f34fe19b0819ca011207e4913d8a8f3855ab2b10ffd7,1770807623,2026-02-11T11:00:23+00:00,0.33,clob_prices_history
19092623696003297467569975421979058337700248600915517773783333080689954481741,0xd65525f918d9957f6d72f34fe19b0819ca011207e4913d8a8f3855ab2b10ffd7,1770808517,2026-02-11T11:15:17+00:00,0.33,clob_prices_history
19092623696003297467569975421979058337700248600915517773783333080689954481741,0xd65525f918d9957f6d72f34fe19b0819ca011207e4913d8a8f3855ab2b10ffd7,1770809436,2026-02-11T11:30:36+00:00,0.33,clob_prices_history
19092623696003297467569975421979058337700248600915517773783333080689954481741,0xd65525f918d9957f6d72f34fe19b0819ca011207e4913d8a8f3855ab2b10ffd7,1770810320,2026-02-11T11:45:20+00:00,0.33,clob_prices_history
19092623696003297467569975421979058337700248600915517773783333080689954481741,0xd65525f918d9957f6d72f34fe19b0819ca011207e4913d8a8f3855ab2b10ffd7,1770811245,2026-02-11T12:00:45+00:00,0.33,clob_prices_history
19092623696003297467569975421979058337700248600915517773783333080689954481741,0xd65525f918d9957f6d72f34fe19b0819ca011207e4913d8a8f3855ab2b10ffd7,1770812147,2026-02-11T12:15:47+00:00,0.33,clob_prices_history
19092623696003297467569975421979058337700248600915517773783333080689954481741,0xd65525f918d9957f6d72f34fe19b0819ca011207e4913d8a8f3855ab2b10ffd7,1770813023,2026-02-11T12:30:23+00:00,0.33,clob_prices_history
19092623696003297467569975421979058337700248600915517773783333080689954481741,0xd65525f918d9957f6d72f34fe19b0819ca011207e4913d8a8f3855ab2b10ffd7,1770813918,2026-02-11T12:45:18+00:00,0.33,clob_prices_history
19092623696003297467569975421979058337700248600915517773783333080689954481741,0xd65525f918d9957f6d72f34fe19b0819ca011207e4913d8a8f3855ab2b10ffd7,1770814823,2026-02-11T13:00:23+00:00,0.33,clob_prices_history
19092623696003297467569975421979058337700248600915517773783333080689954481741,0xd65525f918d9957f6d72f34fe19b0819ca011207e4913d8a8f3855ab2b10ffd7,1770815717,2026-02-11T13:15:17+00:00,0.33,clob_prices_history
19092623696003297467569975421979058337700248600915517773783333080689954481741,0xd65525f918d9957f6d72f34fe19b0819ca011207e4913d8a8f3855ab2b10ffd7,1770816648,2026-02-11T13:30:48+00:00,0.33,clob_prices_history
19092623696003297467569975421979058337700248600915517773783333080689954481741,0xd65525f918d9957f6d72f34fe19b0819ca011207e4913d8a8f3855ab2b10ffd7,1770817522,2026-02-11T13:45:22+00:00,0.33,clob_prices_history
19092623696003297467569975421979058337700248600915517773783333080689954481741,0xd65525f918d9957f6d72f34fe19b0819ca011207e4913d8a8f3855ab2b10ffd7,1770818427,2026-02-11T14:00:27+00:00,0.33,clob_prices_history
19092623696003297467569975421979058337700248600915517773783333080689954481741,0xd65525f918d9957f6d72f34fe19b0819ca011207e4913d8a8f3855ab2b10ffd7,1770819319,2026-02-11T14:15:19+00:00,0.33,clob_prices_history
19092623696003297467569975421979058337700248600915517773783333080689954481741,0xd65525f918d9957f6d72f34fe19b0819ca011207e4913d8a8f3855ab2b10ffd7,1770820223,2026-02-11T14:30:23+00:00,0.33,clob_prices_history
19092623696003297467569975421979058337700248600915517773783333080689954481741,0xd65525f918d9957f6d72f34fe19b0819ca011207e4913d8a8f3855ab2b10ffd7,1770821119,2026-02-11T14:45:19+00:00,0.335,clob_prices_history
19092623696003297467569975421979058337700248600915517773783333080689954481741,0xd65525f918d9957f6d72f34fe19b0819ca011207e4913d8a8f3855ab2b10ffd7,1770822053,2026-02-11T15:00:53+00:00,0.335,clob_prices_history
19092623696003297467569975421979058337700248600915517773783333080689954481741,0xd65525f918d9957f6d72f34fe19b0819ca011207e4913d8a8f3855ab2b10ffd7,1770822918,2026-02-11T15:15:18+00:00,0.345,clob_prices_history
19092623696003297467569975421979058337700248600915517773783333080689954481741,0xd65525f918d9957f6d72f34fe19b0819ca011207e4913d8a8f3855ab2b10ffd7,1770823824,2026-02-11T15:30:24+00:00,0.345,clob_prices_history
19092623696003297467569975421979058337700248600915517773783333080689954481741,0xd65525f918d9957f6d72f34fe19b0819ca011207e4913d8a8f3855ab2b10ffd7,1770824722,2026-02-11T15:45:22+00:00,0.345,clob_prices_history
19092623696003297467569975421979058337700248600915517773783333080689954481741,0xd65525f918d9957f6d72f34fe19b0819ca011207e4913d8a8f3855ab2b10ffd7,1770825623,2026-02-11T16:00:23+00:00,0.345,clob_prices_history
19092623696003297467569975421979058337700248600915517773783333080689954481741,0xd65525f918d9957f6d72f34fe19b0819ca011207e4913d8a8f3855ab2b10ffd7,1770826518,2026-02-11T16:15:18+00:00,0.345,clob_prices_history
19092623696003297467569975421979058337700248600915517773783333080689954481741,0xd65525f918d9957f6d72f34fe19b0819ca011207e4913d8a8f3855ab2b10ffd7,1770827423,2026-02-11T16:30:23+00:00,0.345,clob_prices_history
19092623696003297467569975421979058337700248600915517773783333080689954481741,0xd65525f918d9957f6d72f34fe19b0819ca011207e4913d8a8f3855ab2b10ffd7,1770828323,2026-02-11T16:45:23+00:00,0.335,clob_prices_history
19092623696003297467569975421979058337700248600915517773783333080689954481741,0xd65525f918d9957f6d72f34fe19b0819ca011207e4913d8a8f3855ab2b10ffd7,1770829235,2026-02-11T17:00:35+00:00,0.335,clob_prices_history
19092623696003297467569975421979058337700248600915517773783333080689954481741,0xd65525f918d9957f6d72f34fe19b0819ca011207e4913d8a8f3855ab2b10ffd7,1770830118,2026-02-11T17:15:18+00:00,0.335,clob_prices_history
19092623696003297467569975421979058337700248600915517773783333080689954481741,0xd65525f918d9957f6d72f34fe19b0819ca011207e4913d8a8f3855ab2b10ffd7,1770831023,2026-02-11T17:30:23+00:00,0.335,clob_prices_history
19092623696003297467569975421979058337700248600915517773783333080689954481741,0xd65525f918d9957f6d72f34fe19b0819ca011207e4913d8a8f3855ab2b10ffd7,1770831921,2026-02-11T17:45:21+00:00,0.335,clob_prices_history
19092623696003297467569975421979058337700248600915517773783333080689954481741,0xd65525f918d9957f6d72f34fe19b0819ca011207e4913d8a8f3855ab2b10ffd7,1770832837,2026-02-11T18:00:37+00:00,0.335,clob_prices_history
19092623696003297467569975421979058337700248600915517773783333080689954481741,0xd65525f918d9957f6d72f34fe19b0819ca011207e4913d8a8f3855ab2b10ffd7,1770833718,2026-02-11T18:15:18+00:00,0.335,clob_prices_history
19092623696003297467569975421979058337700248600915517773783333080689954481741,0xd65525f918d9957f6d72f34fe19b0819ca011207e4913d8a8f3855ab2b10ffd7,1770834624,2026-02-11T18:30:24+00:00,0.335,clob_prices_history
19092623696003297467569975421979058337700248600915517773783333080689954481741,0xd65525f918d9957f6d72f34fe19b0819ca011207e4913d8a8f3855ab2b10ffd7,1770835518,2026-02-11T18:45:18+00:00,0.335,clob_prices_history
19092623696003297467569975421979058337700248600915517773783333080689954481741,0xd65525f918d9957f6d72f34fe19b0819ca011207e4913d8a8f3855ab2b10ffd7,1770836423,2026-02-11T19:00:23+00:00,0.335,clob_prices_history
19092623696003297467569975421979058337700248600915517773783333080689954481741,0xd65525f918d9957f6d72f34fe19b0819ca011207e4913d8a8f3855ab2b10ffd7,1770837319,2026-02-11T19:15:19+00:00,0.335,clob_prices_history
19092623696003297467569975421979058337700248600915517773783333080689954481741,0xd65525f918d9957f6d72f34fe19b0819ca011207e4913d8a8f3855ab2b10ffd7,1770838224,2026-02-11T19:30:24+00:00,0.335,clob_prices_history
19092623696003297467569975421979058337700248600915517773783333080689954481741,0xd65525f918d9957f6d72f34fe19b0819ca011207e4913d8a8f3855ab2b10ffd7,1770839119,2026-02-11T19:45:19+00:00,0.335,clob_prices_history
19092623696003297467569975421979058337700248600915517773783333080689954481741,0xd65525f918d9957f6d72f34fe19b0819ca011207e4913d8a8f3855ab2b10ffd7,1770840051,2026-02-11T20:00:51+00:00,0.335,clob_prices_history
19092623696003297467569975421979058337700248600915517773783333080689954481741,0xd65525f918d9957f6d72f34fe19b0819ca011207e4913d8a8f3855ab2b10ffd7,1770840919,2026-02-11T20:15:19+00:00,0.335,clob_prices_history
19092623696003297467569975421979058337700248600915517773783333080689954481741,0xd65525f918d9957f6d72f34fe19b0819ca011207e4913d8a8f3855ab2b10ffd7,1770841828,2026-02-11T20:30:28+00:00,0.335,clob_prices_history
19092623696003297467569975421979058337700248600915517773783333080689954481741,0xd65525f918d9957f6d72f34fe19b0819ca011207e4913d8a8f3855ab2b10ffd7,1770842719,2026-02-11T20:45:19+00:00,0.335,clob_prices_history
19092623696003297467569975421979058337700248600915517773783333080689954481741,0xd65525f918d9957f6d72f34fe19b0819ca011207e4913d8a8f3855ab2b10ffd7,1770843659,2026-02-11T21:00:59+00:00,0.335,clob_prices_history
19092623696003297467569975421979058337700248600915517773783333080689954481741,0xd65525f918d9957f6d72f34fe19b0819ca011207e4913d8a8f3855ab2b10ffd7,1770844519,2026-02-11T21:15:19+00:00,0.335,clob_prices_history
19092623696003297467569975421979058337700248600915517773783333080689954481741,0xd65525f918d9957f6d72f34fe19b0819ca011207e4913d8a8f3855ab2b10ffd7,1770845429,2026-02-11T21:30:29+00:00,0.335,clob_prices_history
19092623696003297467569975421979058337700248600915517773783333080689954481741,0xd65525f918d9957f6d72f34fe19b0819ca011207e4913d8a8f3855ab2b10ffd7,1770846331,2026-02-11T21:45:31+00:00,0.335,clob_prices_history
19092623696003297467569975421979058337700248600915517773783333080689954481741,0xd65525f918d9957f6d72f34fe19b0819ca011207e4913d8a8f3855ab2b10ffd7,1770847225,2026-02-11T22:00:25+00:00,0.31,clob_prices_history
19092623696003297467569975421979058337700248600915517773783333080689954481741,0xd65525f918d9957f6d72f34fe19b0819ca011207e4913d8a8f3855ab2b10ffd7,1770848120,2026-02-11T22:15:20+00:00,0.31,clob_prices_history
19092623696003297467569975421979058337700248600915517773783333080689954481741,0xd65525f918d9957f6d72f34fe19b0819ca011207e4913d8a8f3855ab2b10ffd7,1770849028,2026-02-11T22:30:28+00:00,0.31,clob_prices_history
19092623696003297467569975421979058337700248600915517773783333080689954481741,0xd65525f918d9957f6d72f34fe19b0819ca011207e4913d8a8f3855ab2b10ffd7,1770849919,2026-02-11T22:45:19+00:00,0.31,clob_prices_history
19092623696003297467569975421979058337700248600915517773783333080689954481741,0xd65525f918d9957f6d72f34fe19b0819ca011207e4913d8a8f3855ab2b10ffd7,1770850825,2026-02-11T23:00:25+00:00,0.31,clob_prices_history
19092623696003297467569975421979058337700248600915517773783333080689954481741,0xd65525f918d9957f6d72f34fe19b0819ca011207e4913d8a8f3855ab2b10ffd7,1770851719,2026-02-11T23:15:19+00:00,0.31,clob_prices_history
19092623696003297467569975421979058337700248600915517773783333080689954481741,0xd65525f918d9957f6d72f34fe19b0819ca011207e4913d8a8f3855ab2b10ffd7,1770852628,2026-02-11T23:30:28+00:00,0.31,clob_prices_history
19092623696003297467569975421979058337700248600915517773783333080689954481741,0xd65525f918d9957f6d72f34fe19b0819ca011207e4913d8a8f3855ab2b10ffd7,1770853518,2026-02-11T23:45:18+00:00,0.31,clob_prices_history
19092623696003297467569975421979058337700248600915517773783333080689954481741,0xd65525f918d9957f6d72f34fe19b0819ca011207e4913d8a8f3855ab2b10ffd7,1770854453,2026-02-12T00:00:53+00:00,0.31,clob_prices_history
19092623696003297467569975421979058337700248600915517773783333080689954481741,0xd65525f918d9957f6d72f34fe19b0819ca011207e4913d8a8f3855ab2b10ffd7,1770855318,2026-02-12T00:15:18+00:00,0.31,clob_prices_history
19092623696003297467569975421979058337700248600915517773783333080689954481741,0xd65525f918d9957f6d72f34fe19b0819ca011207e4913d8a8f3855ab2b10ffd7,1770856219,2026-02-12T00:30:19+00:00,0.31,clob_prices_history
19092623696003297467569975421979058337700248600915517773783333080689954481741,0xd65525f918d9957f6d72f34fe19b0819ca011207e4913d8a8f3855ab2b10ffd7,1770857117,2026-02-12T00:45:17+00:00,0.31,clob_prices_history
19092623696003297467569975421979058337700248600915517773783333080689954481741,0xd65525f918d9957f6d72f34fe19b0819ca011207e4913d8a8f3855ab2b10ffd7,1770858019,2026-02-12T01:00:19+00:00,0.31,clob_prices_history
19092623696003297467569975421979058337700248600915517773783333080689954481741,0xd65525f918d9957f6d72f34fe19b0819ca011207e4913d8a8f3855ab2b10ffd7,1770858918,2026-02-12T01:15:18+00:00,0.31,clob_prices_history
19092623696003297467569975421979058337700248600915517773783333080689954481741,0xd65525f918d9957f6d72f34fe19b0819ca011207e4913d8a8f3855ab2b10ffd7,1770859819,2026-02-12T01:30:19+00:00,0.31,clob_prices_history
19092623696003297467569975421979058337700248600915517773783333080689954481741,0xd65525f918d9957f6d72f34fe19b0819ca011207e4913d8a8f3855ab2b10ffd7,1770860718,2026-02-12T01:45:18+00:00,0.31,clob_prices_history
19092623696003297467569975421979058337700248600915517773783333080689954481741,0xd65525f918d9957f6d72f34fe19b0819ca011207e4913d8a8f3855ab2b10ffd7,1770861624,2026-02-12T02:00:24+00:00,0.31,clob_prices_history
19092623696003297467569975421979058337700248600915517773783333080689954481741,0xd65525f918d9957f6d72f34fe19b0819ca011207e4913d8a8f3855ab2b10ffd7,1770862531,2026-02-12T02:15:31+00:00,0.31,clob_prices_history
19092623696003297467569975421979058337700248600915517773783333080689954481741,0xd65525f918d9957f6d72f34fe19b0819ca011207e4913d8a8f3855ab2b10ffd7,1770863420,2026-02-12T02:30:20+00:00,0.31,clob_prices_history
19092623696003297467569975421979058337700248600915517773783333080689954481741,0xd65525f918d9957f6d72f34fe19b0819ca011207e4913d8a8f3855ab2b10ffd7,1770864318,2026-02-12T02:45:18+00:00,0.32,clob_prices_history
19092623696003297467569975421979058337700248600915517773783333080689954481741,0xd65525f918d9957f6d72f34fe19b0819ca011207e4913d8a8f3855ab2b10ffd7,1770865234,2026-02-12T03:00:34+00:00,0.32,clob_prices_history
19092623696003297467569975421979058337700248600915517773783333080689954481741,0xd65525f918d9957f6d72f34fe19b0819ca011207e4913d8a8f3855ab2b10ffd7,1770866117,2026-02-12T03:15:17+00:00,0.32,clob_prices_history
19092623696003297467569975421979058337700248600915517773783333080689954481741,0xd65525f918d9957f6d72f34fe19b0819ca011207e4913d8a8f3855ab2b10ffd7,1770867020,2026-02-12T03:30:20+00:00,0.32,clob_prices_history
19092623696003297467569975421979058337700248600915517773783333080689954481741,0xd65525f918d9957f6d72f34fe19b0819ca011207e4913d8a8f3855ab2b10ffd7,1770867918,2026-02-12T03:45:18+00:00,0.32,clob_prices_history
19092623696003297467569975421979058337700248600915517773783333080689954481741,0xd65525f918d9957f6d72f34fe19b0819ca011207e4913d8a8f3855ab2b10ffd7,1770868820,2026-02-12T04:00:20+00:00,0.325,clob_prices_history
19092623696003297467569975421979058337700248600915517773783333080689954481741,0xd65525f918d9957f6d72f34fe19b0819ca011207e4913d8a8f3855ab2b10ffd7,1770869741,2026-02-12T04:15:41+00:00,0.325,clob_prices_history
19092623696003297467569975421979058337700248600915517773783333080689954481741,0xd65525f918d9957f6d72f34fe19b0819ca011207e4913d8a8f3855ab2b10ffd7,1770870621,2026-02-12T04:30:21+00:00,0.325,clob_prices_history
19092623696003297467569975421979058337700248600915517773783333080689954481741,0xd65525f918d9957f6d72f34fe19b0819ca011207e4913d8a8f3855ab2b10ffd7,1770871543,2026-02-12T04:45:43+00:00,0.33,clob_prices_history
19092623696003297467569975421979058337700248600915517773783333080689954481741,0xd65525f918d9957f6d72f34fe19b0819ca011207e4913d8a8f3855ab2b10ffd7,1770872420,2026-02-12T05:00:20+00:00,0.325,clob_prices_history
19092623696003297467569975421979058337700248600915517773783333080689954481741,0xd65525f918d9957f6d72f34fe19b0819ca011207e4913d8a8f3855ab2b10ffd7,1770873321,2026-02-12T05:15:21+00:00,0.325,clob_prices_history
19092623696003297467569975421979058337700248600915517773783333080689954481741,0xd65525f918d9957f6d72f34fe19b0819ca011207e4913d8a8f3855ab2b10ffd7,1770874220,2026-02-12T05:30:20+00:00,0.325,clob_prices_history
19092623696003297467569975421979058337700248600915517773783333080689954481741,0xd65525f918d9957f6d72f34fe19b0819ca011207e4913d8a8f3855ab2b10ffd7,1770875153,2026-02-12T05:45:53+00:00,0.325,clob_prices_history
19092623696003297467569975421979058337700248600915517773783333080689954481741,0xd65525f918d9957f6d72f34fe19b0819ca011207e4913d8a8f3855ab2b10ffd7,1770876025,2026-02-12T06:00:25+00:00,0.325,clob_prices_history
19092623696003297467569975421979058337700248600915517773783333080689954481741,0xd65525f918d9957f6d72f34fe19b0819ca011207e4913d8a8f3855ab2b10ffd7,1770876943,2026-02-12T06:15:43+00:00,0.33,clob_prices_history
19092623696003297467569975421979058337700248600915517773783333080689954481741,0xd65525f918d9957f6d72f34fe19b0819ca011207e4913d8a8f3855ab2b10ffd7,1770877819,2026-02-12T06:30:19+00:00,0.325,clob_prices_history
19092623696003297467569975421979058337700248600915517773783333080689954481741,0xd65525f918d9957f6d72f34fe19b0819ca011207e4913d8a8f3855ab2b10ffd7,1770878720,2026-02-12T06:45:20+00:00,0.33,clob_prices_history
19092623696003297467569975421979058337700248600915517773783333080689954481741,0xd65525f918d9957f6d72f34fe19b0819ca011207e4913d8a8f3855ab2b10ffd7,1770879622,2026-02-12T07:00:22+00:00,0.33,clob_prices_history
19092623696003297467569975421979058337700248600915517773783333080689954481741,0xd65525f918d9957f6d72f34fe19b0819ca011207e4913d8a8f3855ab2b10ffd7,1770880517,2026-02-12T07:15:17+00:00,0.33,clob_prices_history
19092623696003297467569975421979058337700248600915517773783333080689954481741,0xd65525f918d9957f6d72f34fe19b0819ca011207e4913d8a8f3855ab2b10ffd7,1770881419,2026-02-12T07:30:19+00:00,0.33,clob_prices_history
19092623696003297467569975421979058337700248600915517773783333080689954481741,0xd65525f918d9957f6d72f34fe19b0819ca011207e4913d8a8f3855ab2b10ffd7,1770882318,2026-02-12T07:45:18+00:00,0.32,clob_prices_history
19092623696003297467569975421979058337700248600915517773783333080689954481741,0xd65525f918d9957f6d72f34fe19b0819ca011207e4913d8a8f3855ab2b10ffd7,1770883241,2026-02-12T08:00:41+00:00,0.32,clob_prices_history
19092623696003297467569975421979058337700248600915517773783333080689954481741,0xd65525f918d9957f6d72f34fe19b0819ca011207e4913d8a8f3855ab2b10ffd7,1770884117,2026-02-12T08:15:17+00:00,0.32,clob_prices_history
19092623696003297467569975421979058337700248600915517773783333080689954481741,0xd65525f918d9957f6d72f34fe19b0819ca011207e4913d8a8f3855ab2b10ffd7,1770885020,2026-02-12T08:30:20+00:00,0.32,clob_prices_history
19092623696003297467569975421979058337700248600915517773783333080689954481741,0xd65525f918d9957f6d72f34fe19b0819ca011207e4913d8a8f3855ab2b10ffd7,1770885919,2026-02-12T08:45:19+00:00,0.32,clob_prices_history
19092623696003297467569975421979058337700248600915517773783333080689954481741,0xd65525f918d9957f6d72f34fe19b0819ca011207e4913d8a8f3855ab2b10ffd7,1770886858,2026-02-12T09:00:58+00:00,0.32,clob_prices_history
19092623696003297467569975421979058337700248600915517773783333080689954481741,0xd65525f918d9957f6d72f34fe19b0819ca011207e4913d8a8f3855ab2b10ffd7,1770887718,2026-02-12T09:15:18+00:00,0.32,clob_prices_history
19092623696003297467569975421979058337700248600915517773783333080689954481741,0xd65525f918d9957f6d72f34fe19b0819ca011207e4913d8a8f3855ab2b10ffd7,1770888623,2026-02-12T09:30:23+00:00,0.32,clob_prices_history
19092623696003297467569975421979058337700248600915517773783333080689954481741,0xd65525f918d9957f6d72f34fe19b0819ca011207e4913d8a8f3855ab2b10ffd7,1770889518,2026-02-12T09:45:18+00:00,0.32,clob_prices_history
19092623696003297467569975421979058337700248600915517773783333080689954481741,0xd65525f918d9957f6d72f34fe19b0819ca011207e4913d8a8f3855ab2b10ffd7,1770890427,2026-02-12T10:00:27+00:00,0.32,clob_prices_history
19092623696003297467569975421979058337700248600915517773783333080689954481741,0xd65525f918d9957f6d72f34fe19b0819ca011207e4913d8a8f3855ab2b10ffd7,1770891330,2026-02-12T10:15:30+00:00,0.325,clob_prices_history
19092623696003297467569975421979058337700248600915517773783333080689954481741,0xd65525f918d9957f6d72f34fe19b0819ca011207e4913d8a8f3855ab2b10ffd7,1770892219,2026-02-12T10:30:19+00:00,0.325,clob_prices_history
19092623696003297467569975421979058337700248600915517773783333080689954481741,0xd65525f918d9957f6d72f34fe19b0819ca011207e4913d8a8f3855ab2b10ffd7,1770893142,2026-02-12T10:45:42+00:00,0.325,clob_prices_history
19092623696003297467569975421979058337700248600915517773783333080689954481741,0xd65525f918d9957f6d72f34fe19b0819ca011207e4913d8a8f3855ab2b10ffd7,1770894021,2026-02-12T11:00:21+00:00,0.32,clob_prices_history
19092623696003297467569975421979058337700248600915517773783333080689954481741,0xd65525f918d9957f6d72f34fe19b0819ca011207e4913d8a8f3855ab2b10ffd7,1770894920,2026-02-12T11:15:20+00:00,0.32,clob_prices_history
19092623696003297467569975421979058337700248600915517773783333080689954481741,0xd65525f918d9957f6d72f34fe19b0819ca011207e4913d8a8f3855ab2b10ffd7,1770895824,2026-02-12T11:30:24+00:00,0.32,clob_prices_history
19092623696003297467569975421979058337700248600915517773783333080689954481741,0xd65525f918d9957f6d72f34fe19b0819ca011207e4913d8a8f3855ab2b10ffd7,1770896717,2026-02-12T11:45:17+00:00,0.32,clob_prices_history
19092623696003297467569975421979058337700248600915517773783333080689954481741,0xd65525f918d9957f6d72f34fe19b0819ca011207e4913d8a8f3855ab2b10ffd7,1770897642,2026-02-12T12:00:42+00:00,0.32,clob_prices_history
19092623696003297467569975421979058337700248600915517773783333080689954481741,0xd65525f918d9957f6d72f34fe19b0819ca011207e4913d8a8f3855ab2b10ffd7,1770898517,2026-02-12T12:15:17+00:00,0.32,clob_prices_history
19092623696003297467569975421979058337700248600915517773783333080689954481741,0xd65525f918d9957f6d72f34fe19b0819ca011207e4913d8a8f3855ab2b10ffd7,1770899420,2026-02-12T12:30:20+00:00,0.32,clob_prices_history
19092623696003297467569975421979058337700248600915517773783333080689954481741,0xd65525f918d9957f6d72f34fe19b0819ca011207e4913d8a8f3855ab2b10ffd7,1770900319,2026-02-12T12:45:19+00:00,0.32,clob_prices_history
19092623696003297467569975421979058337700248600915517773783333080689954481741,0xd65525f918d9957f6d72f34fe19b0819ca011207e4913d8a8f3855ab2b10ffd7,1770901220,2026-02-12T13:00:20+00:00,0.32,clob_prices_history
19092623696003297467569975421979058337700248600915517773783333080689954481741,0xd65525f918d9957f6d72f34fe19b0819ca011207e4913d8a8f3855ab2b10ffd7,1770902118,2026-02-12T13:15:18+00:00,0.33,clob_prices_history
19092623696003297467569975421979058337700248600915517773783333080689954481741,0xd65525f918d9957f6d72f34fe19b0819ca011207e4913d8a8f3855ab2b10ffd7,1770903019,2026-02-12T13:30:19+00:00,0.33,clob_prices_history
19092623696003297467569975421979058337700248600915517773783333080689954481741,0xd65525f918d9957f6d72f34fe19b0819ca011207e4913d8a8f3855ab2b10ffd7,1770903928,2026-02-12T13:45:28+00:00,0.33,clob_prices_history
19092623696003297467569975421979058337700248600915517773783333080689954481741,0xd65525f918d9957f6d72f34fe19b0819ca011207e4913d8a8f3855ab2b10ffd7,1770904822,2026-02-12T14:00:22+00:00,0.33,clob_prices_history
19092623696003297467569975421979058337700248600915517773783333080689954481741,0xd65525f918d9957f6d72f34fe19b0819ca011207e4913d8a8f3855ab2b10ffd7,1770905722,2026-02-12T14:15:22+00:00,0.33,clob_prices_history
19092623696003297467569975421979058337700248600915517773783333080689954481741,0xd65525f918d9957f6d72f34fe19b0819ca011207e4913d8a8f3855ab2b10ffd7,1770906619,2026-02-12T14:30:19+00:00,0.33,clob_prices_history
19092623696003297467569975421979058337700248600915517773783333080689954481741,0xd65525f918d9957f6d72f34fe19b0819ca011207e4913d8a8f3855ab2b10ffd7,1770907518,2026-02-12T14:45:18+00:00,0.33,clob_prices_history
19092623696003297467569975421979058337700248600915517773783333080689954481741,0xd65525f918d9957f6d72f34fe19b0819ca011207e4913d8a8f3855ab2b10ffd7,1770908434,2026-02-12T15:00:34+00:00,0.33,clob_prices_history
19092623696003297467569975421979058337700248600915517773783333080689954481741,0xd65525f918d9957f6d72f34fe19b0819ca011207e4913d8a8f3855ab2b10ffd7,1770909333,2026-02-12T15:15:33+00:00,0.33,clob_prices_history
19092623696003297467569975421979058337700248600915517773783333080689954481741,0xd65525f918d9957f6d72f34fe19b0819ca011207e4913d8a8f3855ab2b10ffd7,1770910220,2026-02-12T15:30:20+00:00,0.33,clob_prices_history
19092623696003297467569975421979058337700248600915517773783333080689954481741,0xd65525f918d9957f6d72f34fe19b0819ca011207e4913d8a8f3855ab2b10ffd7,1770911119,2026-02-12T15:45:19+00:00,0.33,clob_prices_history
19092623696003297467569975421979058337700248600915517773783333080689954481741,0xd65525f918d9957f6d72f34fe19b0819ca011207e4913d8a8f3855ab2b10ffd7,1770912021,2026-02-12T16:00:21+00:00,0.33,clob_prices_history
19092623696003297467569975421979058337700248600915517773783333080689954481741,0xd65525f918d9957f6d72f34fe19b0819ca011207e4913d8a8f3855ab2b10ffd7,1770912919,2026-02-12T16:15:19+00:00,0.33,clob_prices_history
19092623696003297467569975421979058337700248600915517773783333080689954481741,0xd65525f918d9957f6d72f34fe19b0819ca011207e4913d8a8f3855ab2b10ffd7,1770913822,2026-02-12T16:30:22+00:00,0.33,clob_prices_history
19092623696003297467569975421979058337700248600915517773783333080689954481741,0xd65525f918d9957f6d72f34fe19b0819ca011207e4913d8a8f3855ab2b10ffd7,1770914720,2026-02-12T16:45:20+00:00,0.33,clob_prices_history
19092623696003297467569975421979058337700248600915517773783333080689954481741,0xd65525f918d9957f6d72f34fe19b0819ca011207e4913d8a8f3855ab2b10ffd7,1770915652,2026-02-12T17:00:52+00:00,0.33,clob_prices_history
19092623696003297467569975421979058337700248600915517773783333080689954481741,0xd65525f918d9957f6d72f34fe19b0819ca011207e4913d8a8f3855ab2b10ffd7,1770916519,2026-02-12T17:15:19+00:00,0.33,clob_prices_history
19092623696003297467569975421979058337700248600915517773783333080689954481741,0xd65525f918d9957f6d72f34fe19b0819ca011207e4913d8a8f3855ab2b10ffd7,1770917423,2026-02-12T17:30:23+00:00,0.33,clob_prices_history
19092623696003297467569975421979058337700248600915517773783333080689954481741,0xd65525f918d9957f6d72f34fe19b0819ca011207e4913d8a8f3855ab2b10ffd7,1770918320,2026-02-12T17:45:20+00:00,0.33,clob_prices_history
19092623696003297467569975421979058337700248600915517773783333080689954481741,0xd65525f918d9957f6d72f34fe19b0819ca011207e4913d8a8f3855ab2b10ffd7,1770919226,2026-02-12T18:00:26+00:00,0.33,clob_prices_history
19092623696003297467569975421979058337700248600915517773783333080689954481741,0xd65525f918d9957f6d72f34fe19b0819ca011207e4913d8a8f3855ab2b10ffd7,1770920124,2026-02-12T18:15:24+00:00,0.33,clob_prices_history
19092623696003297467569975421979058337700248600915517773783333080689954481741,0xd65525f918d9957f6d72f34fe19b0819ca011207e4913d8a8f3855ab2b10ffd7,1770921022,2026-02-12T18:30:22+00:00,0.33,clob_prices_history
19092623696003297467569975421979058337700248600915517773783333080689954481741,0xd65525f918d9957f6d72f34fe19b0819ca011207e4913d8a8f3855ab2b10ffd7,1770921918,2026-02-12T18:45:18+00:00,0.34,clob_prices_history
19092623696003297467569975421979058337700248600915517773783333080689954481741,0xd65525f918d9957f6d72f34fe19b0819ca011207e4913d8a8f3855ab2b10ffd7,1770922822,2026-02-12T19:00:22+00:00,0.34,clob_prices_history
19092623696003297467569975421979058337700248600915517773783333080689954481741,0xd65525f918d9957f6d72f34fe19b0819ca011207e4913d8a8f3855ab2b10ffd7,1770923732,2026-02-12T19:15:32+00:00,0.34,clob_prices_history
19092623696003297467569975421979058337700248600915517773783333080689954481741,0xd65525f918d9957f6d72f34fe19b0819ca011207e4913d8a8f3855ab2b10ffd7,1770924621,2026-02-12T19:30:21+00:00,0.34,clob_prices_history
19092623696003297467569975421979058337700248600915517773783333080689954481741,0xd65525f918d9957f6d72f34fe19b0819ca011207e4913d8a8f3855ab2b10ffd7,1770925524,2026-02-12T19:45:24+00:00,0.34,clob_prices_history
19092623696003297467569975421979058337700248600915517773783333080689954481741,0xd65525f918d9957f6d72f34fe19b0819ca011207e4913d8a8f3855ab2b10ffd7,1770926424,2026-02-12T20:00:24+00:00,0.34,clob_prices_history
19092623696003297467569975421979058337700248600915517773783333080689954481741,0xd65525f918d9957f6d72f34fe19b0819ca011207e4913d8a8f3855ab2b10ffd7,1770927319,2026-02-12T20:15:19+00:00,0.34,clob_prices_history
19092623696003297467569975421979058337700248600915517773783333080689954481741,0xd65525f918d9957f6d72f34fe19b0819ca011207e4913d8a8f3855ab2b10ffd7,1770929119,2026-02-12T20:45:19+00:00,0.325,clob_prices_history
19092623696003297467569975421979058337700248600915517773783333080689954481741,0xd65525f918d9957f6d72f34fe19b0819ca011207e4913d8a8f3855ab2b10ffd7,1770930923,2026-02-12T21:15:23+00:00,0.325,clob_prices_history
19092623696003297467569975421979058337700248600915517773783333080689954481741,0xd65525f918d9957f6d72f34fe19b0819ca011207e4913d8a8f3855ab2b10ffd7,1770931822,2026-02-12T21:30:22+00:00,0.33,clob_prices_history
19092623696003297467569975421979058337700248600915517773783333080689954481741,0xd65525f918d9957f6d72f34fe19b0819ca011207e4913d8a8f3855ab2b10ffd7,1770932719,2026-02-12T21:45:19+00:00,0.33,clob_prices_history
19092623696003297467569975421979058337700248600915517773783333080689954481741,0xd65525f918d9957f6d72f34fe19b0819ca011207e4913d8a8f3855ab2b10ffd7,1770933621,2026-02-12T22:00:21+00:00,0.335,clob_prices_history
19092623696003297467569975421979058337700248600915517773783333080689954481741,0xd65525f918d9957f6d72f34fe19b0819ca011207e4913d8a8f3855ab2b10ffd7,1770934519,2026-02-12T22:15:19+00:00,0.335,clob_prices_history
19092623696003297467569975421979058337700248600915517773783333080689954481741,0xd65525f918d9957f6d72f34fe19b0819ca011207e4913d8a8f3855ab2b10ffd7,1770935427,2026-02-12T22:30:27+00:00,0.335,clob_prices_history
19092623696003297467569975421979058337700248600915517773783333080689954481741,0xd65525f918d9957f6d72f34fe19b0819ca011207e4913d8a8f3855ab2b10ffd7,1770936319,2026-02-12T22:45:19+00:00,0.335,clob_prices_history
19092623696003297467569975421979058337700248600915517773783333080689954481741,0xd65525f918d9957f6d72f34fe19b0819ca011207e4913d8a8f3855ab2b10ffd7,1770937222,2026-02-12T23:00:22+00:00,0.335,clob_prices_history
19092623696003297467569975421979058337700248600915517773783333080689954481741,0xd65525f918d9957f6d72f34fe19b0819ca011207e4913d8a8f3855ab2b10ffd7,1770938120,2026-02-12T23:15:20+00:00,0.335,clob_prices_history
19092623696003297467569975421979058337700248600915517773783333080689954481741,0xd65525f918d9957f6d72f34fe19b0819ca011207e4913d8a8f3855ab2b10ffd7,1770939031,2026-02-12T23:30:31+00:00,0.335,clob_prices_history
19092623696003297467569975421979058337700248600915517773783333080689954481741,0xd65525f918d9957f6d72f34fe19b0819ca011207e4913d8a8f3855ab2b10ffd7,1770939920,2026-02-12T23:45:20+00:00,0.335,clob_prices_history
19092623696003297467569975421979058337700248600915517773783333080689954481741,0xd65525f918d9957f6d72f34fe19b0819ca011207e4913d8a8f3855ab2b10ffd7,1770940844,2026-02-13T00:00:44+00:00,0.335,clob_prices_history
19092623696003297467569975421979058337700248600915517773783333080689954481741,0xd65525f918d9957f6d72f34fe19b0819ca011207e4913d8a8f3855ab2b10ffd7,1770941719,2026-02-13T00:15:19+00:00,0.335,clob_prices_history
19092623696003297467569975421979058337700248600915517773783333080689954481741,0xd65525f918d9957f6d72f34fe19b0819ca011207e4913d8a8f3855ab2b10ffd7,1770942622,2026-02-13T00:30:22+00:00,0.335,clob_prices_history
19092623696003297467569975421979058337700248600915517773783333080689954481741,0xd65525f918d9957f6d72f34fe19b0819ca011207e4913d8a8f3855ab2b10ffd7,1770943518,2026-02-13T00:45:18+00:00,0.335,clob_prices_history
19092623696003297467569975421979058337700248600915517773783333080689954481741,0xd65525f918d9957f6d72f34fe19b0819ca011207e4913d8a8f3855ab2b10ffd7,1770944441,2026-02-13T01:00:41+00:00,0.335,clob_prices_history
19092623696003297467569975421979058337700248600915517773783333080689954481741,0xd65525f918d9957f6d72f34fe19b0819ca011207e4913d8a8f3855ab2b10ffd7,1770945319,2026-02-13T01:15:19+00:00,0.335,clob_prices_history
19092623696003297467569975421979058337700248600915517773783333080689954481741,0xd65525f918d9957f6d72f34fe19b0819ca011207e4913d8a8f3855ab2b10ffd7,1770946226,2026-02-13T01:30:26+00:00,0.335,clob_prices_history
19092623696003297467569975421979058337700248600915517773783333080689954481741,0xd65525f918d9957f6d72f34fe19b0819ca011207e4913d8a8f3855ab2b10ffd7,1770947124,2026-02-13T01:45:24+00:00,0.335,clob_prices_history
19092623696003297467569975421979058337700248600915517773783333080689954481741,0xd65525f918d9957f6d72f34fe19b0819ca011207e4913d8a8f3855ab2b10ffd7,1770948022,2026-02-13T02:00:22+00:00,0.335,clob_prices_history
19092623696003297467569975421979058337700248600915517773783333080689954481741,0xd65525f918d9957f6d72f34fe19b0819ca011207e4913d8a8f3855ab2b10ffd7,1770948919,2026-02-13T02:15:19+00:00,0.335,clob_prices_history
19092623696003297467569975421979058337700248600915517773783333080689954481741,0xd65525f918d9957f6d72f34fe19b0819ca011207e4913d8a8f3855ab2b10ffd7,1770949826,2026-02-13T02:30:26+00:00,0.335,clob_prices_history
19092623696003297467569975421979058337700248600915517773783333080689954481741,0xd65525f918d9957f6d72f34fe19b0819ca011207e4913d8a8f3855ab2b10ffd7,1770950722,2026-02-13T02:45:22+00:00,0.335,clob_prices_history
19092623696003297467569975421979058337700248600915517773783333080689954481741,0xd65525f918d9957f6d72f34fe19b0819ca011207e4913d8a8f3855ab2b10ffd7,1770951650,2026-02-13T03:00:50+00:00,0.335,clob_prices_history
19092623696003297467569975421979058337700248600915517773783333080689954481741,0xd65525f918d9957f6d72f34fe19b0819ca011207e4913d8a8f3855ab2b10ffd7,1770952520,2026-02-13T03:15:20+00:00,0.335,clob_prices_history
19092623696003297467569975421979058337700248600915517773783333080689954481741,0xd65525f918d9957f6d72f34fe19b0819ca011207e4913d8a8f3855ab2b10ffd7,1770953426,2026-02-13T03:30:26+00:00,0.335,clob_prices_history
19092623696003297467569975421979058337700248600915517773783333080689954481741,0xd65525f918d9957f6d72f34fe19b0819ca011207e4913d8a8f3855ab2b10ffd7,1770954319,2026-02-13T03:45:19+00:00,0.335,clob_prices_history
19092623696003297467569975421979058337700248600915517773783333080689954481741,0xd65525f918d9957f6d72f34fe19b0819ca011207e4913d8a8f3855ab2b10ffd7,1770955221,2026-02-13T04:00:21+00:00,0.335,clob_prices_history
19092623696003297467569975421979058337700248600915517773783333080689954481741,0xd65525f918d9957f6d72f34fe19b0819ca011207e4913d8a8f3855ab2b10ffd7,1770956132,2026-02-13T04:15:32+00:00,0.335,clob_prices_history
19092623696003297467569975421979058337700248600915517773783333080689954481741,0xd65525f918d9957f6d72f34fe19b0819ca011207e4913d8a8f3855ab2b10ffd7,1770957021,2026-02-13T04:30:21+00:00,0.335,clob_prices_history
19092623696003297467569975421979058337700248600915517773783333080689954481741,0xd65525f918d9957f6d72f34fe19b0819ca011207e4913d8a8f3855ab2b10ffd7,1770957918,2026-02-13T04:45:18+00:00,0.335,clob_prices_history
19092623696003297467569975421979058337700248600915517773783333080689954481741,0xd65525f918d9957f6d72f34fe19b0819ca011207e4913d8a8f3855ab2b10ffd7,1770958821,2026-02-13T05:00:21+00:00,0.335,clob_prices_history
19092623696003297467569975421979058337700248600915517773783333080689954481741,0xd65525f918d9957f6d72f34fe19b0819ca011207e4913d8a8f3855ab2b10ffd7,1770959720,2026-02-13T05:15:20+00:00,0.335,clob_prices_history
19092623696003297467569975421979058337700248600915517773783333080689954481741,0xd65525f918d9957f6d72f34fe19b0819ca011207e4913d8a8f3855ab2b10ffd7,1770960625,2026-02-13T05:30:25+00:00,0.335,clob_prices_history
19092623696003297467569975421979058337700248600915517773783333080689954481741,0xd65525f918d9957f6d72f34fe19b0819ca011207e4913d8a8f3855ab2b10ffd7,1770961518,2026-02-13T05:45:18+00:00,0.335,clob_prices_history
19092623696003297467569975421979058337700248600915517773783333080689954481741,0xd65525f918d9957f6d72f34fe19b0819ca011207e4913d8a8f3855ab2b10ffd7,1770962435,2026-02-13T06:00:35+00:00,0.335,clob_prices_history
19092623696003297467569975421979058337700248600915517773783333080689954481741,0xd65525f918d9957f6d72f34fe19b0819ca011207e4913d8a8f3855ab2b10ffd7,1770963317,2026-02-13T06:15:17+00:00,0.335,clob_prices_history
19092623696003297467569975421979058337700248600915517773783333080689954481741,0xd65525f918d9957f6d72f34fe19b0819ca011207e4913d8a8f3855ab2b10ffd7,1770964225,2026-02-13T06:30:25+00:00,0.335,clob_prices_history
19092623696003297467569975421979058337700248600915517773783333080689954481741,0xd65525f918d9957f6d72f34fe19b0819ca011207e4913d8a8f3855ab2b10ffd7,1770965118,2026-02-13T06:45:18+00:00,0.335,clob_prices_history
19092623696003297467569975421979058337700248600915517773783333080689954481741,0xd65525f918d9957f6d72f34fe19b0819ca011207e4913d8a8f3855ab2b10ffd7,1770966024,2026-02-13T07:00:24+00:00,0.335,clob_prices_history
19092623696003297467569975421979058337700248600915517773783333080689954481741,0xd65525f918d9957f6d72f34fe19b0819ca011207e4913d8a8f3855ab2b10ffd7,1770966918,2026-02-13T07:15:18+00:00,0.335,clob_prices_history
19092623696003297467569975421979058337700248600915517773783333080689954481741,0xd65525f918d9957f6d72f34fe19b0819ca011207e4913d8a8f3855ab2b10ffd7,1770967820,2026-02-13T07:30:20+00:00,0.335,clob_prices_history
19092623696003297467569975421979058337700248600915517773783333080689954481741,0xd65525f918d9957f6d72f34fe19b0819ca011207e4913d8a8f3855ab2b10ffd7,1770968718,2026-02-13T07:45:18+00:00,0.335,clob_prices_history
19092623696003297467569975421979058337700248600915517773783333080689954481741,0xd65525f918d9957f6d72f34fe19b0819ca011207e4913d8a8f3855ab2b10ffd7,1770969621,2026-02-13T08:00:21+00:00,0.335,clob_prices_history
19092623696003297467569975421979058337700248600915517773783333080689954481741,0xd65525f918d9957f6d72f34fe19b0819ca011207e4913d8a8f3855ab2b10ffd7,1770970519,2026-02-13T08:15:19+00:00,0.335,clob_prices_history
19092623696003297467569975421979058337700248600915517773783333080689954481741,0xd65525f918d9957f6d72f34fe19b0819ca011207e4913d8a8f3855ab2b10ffd7,1770971421,2026-02-13T08:30:21+00:00,0.335,clob_prices_history
19092623696003297467569975421979058337700248600915517773783333080689954481741,0xd65525f918d9957f6d72f34fe19b0819ca011207e4913d8a8f3855ab2b10ffd7,1770972318,2026-02-13T08:45:18+00:00,0.335,clob_prices_history
19092623696003297467569975421979058337700248600915517773783333080689954481741,0xd65525f918d9957f6d72f34fe19b0819ca011207e4913d8a8f3855ab2b10ffd7,1770973236,2026-02-13T09:00:36+00:00,0.335,clob_prices_history
19092623696003297467569975421979058337700248600915517773783333080689954481741,0xd65525f918d9957f6d72f34fe19b0819ca011207e4913d8a8f3855ab2b10ffd7,1770974125,2026-02-13T09:15:25+00:00,0.335,clob_prices_history
19092623696003297467569975421979058337700248600915517773783333080689954481741,0xd65525f918d9957f6d72f34fe19b0819ca011207e4913d8a8f3855ab2b10ffd7,1770975021,2026-02-13T09:30:21+00:00,0.335,clob_prices_history
19092623696003297467569975421979058337700248600915517773783333080689954481741,0xd65525f918d9957f6d72f34fe19b0819ca011207e4913d8a8f3855ab2b10ffd7,1770975923,2026-02-13T09:45:23+00:00,0.335,clob_prices_history
19092623696003297467569975421979058337700248600915517773783333080689954481741,0xd65525f918d9957f6d72f34fe19b0819ca011207e4913d8a8f3855ab2b10ffd7,1770976822,2026-02-13T10:00:22+00:00,0.335,clob_prices_history
19092623696003297467569975421979058337700248600915517773783333080689954481741,0xd65525f918d9957f6d72f34fe19b0819ca011207e4913d8a8f3855ab2b10ffd7,1770977719,2026-02-13T10:15:19+00:00,0.335,clob_prices_history
19092623696003297467569975421979058337700248600915517773783333080689954481741,0xd65525f918d9957f6d72f34fe19b0819ca011207e4913d8a8f3855ab2b10ffd7,1770978626,2026-02-13T10:30:26+00:00,0.335,clob_prices_history
19092623696003297467569975421979058337700248600915517773783333080689954481741,0xd65525f918d9957f6d72f34fe19b0819ca011207e4913d8a8f3855ab2b10ffd7,1770979518,2026-02-13T10:45:18+00:00,0.335,clob_prices_history
19092623696003297467569975421979058337700248600915517773783333080689954481741,0xd65525f918d9957f6d72f34fe19b0819ca011207e4913d8a8f3855ab2b10ffd7,1770980422,2026-02-13T11:00:22+00:00,0.335,clob_prices_history
19092623696003297467569975421979058337700248600915517773783333080689954481741,0xd65525f918d9957f6d72f34fe19b0819ca011207e4913d8a8f3855ab2b10ffd7,1770981319,2026-02-13T11:15:19+00:00,0.335,clob_prices_history
19092623696003297467569975421979058337700248600915517773783333080689954481741,0xd65525f918d9957f6d72f34fe19b0819ca011207e4913d8a8f3855ab2b10ffd7,1770982223,2026-02-13T11:30:23+00:00,0.335,clob_prices_history
19092623696003297467569975421979058337700248600915517773783333080689954481741,0xd65525f918d9957f6d72f34fe19b0819ca011207e4913d8a8f3855ab2b10ffd7,1770983118,2026-02-13T11:45:18+00:00,0.335,clob_prices_history
19092623696003297467569975421979058337700248600915517773783333080689954481741,0xd65525f918d9957f6d72f34fe19b0819ca011207e4913d8a8f3855ab2b10ffd7,1770984048,2026-02-13T12:00:48+00:00,0.335,clob_prices_history
19092623696003297467569975421979058337700248600915517773783333080689954481741,0xd65525f918d9957f6d72f34fe19b0819ca011207e4913d8a8f3855ab2b10ffd7,1770984918,2026-02-13T12:15:18+00:00,0.335,clob_prices_history
19092623696003297467569975421979058337700248600915517773783333080689954481741,0xd65525f918d9957f6d72f34fe19b0819ca011207e4913d8a8f3855ab2b10ffd7,1770985854,2026-02-13T12:30:54+00:00,0.335,clob_prices_history
19092623696003297467569975421979058337700248600915517773783333080689954481741,0xd65525f918d9957f6d72f34fe19b0819ca011207e4913d8a8f3855ab2b10ffd7,1770986718,2026-02-13T12:45:18+00:00,0.335,clob_prices_history
19092623696003297467569975421979058337700248600915517773783333080689954481741,0xd65525f918d9957f6d72f34fe19b0819ca011207e4913d8a8f3855ab2b10ffd7,1770987626,2026-02-13T13:00:26+00:00,0.335,clob_prices_history
19092623696003297467569975421979058337700248600915517773783333080689954481741,0xd65525f918d9957f6d72f34fe19b0819ca011207e4913d8a8f3855ab2b10ffd7,1770988520,2026-02-13T13:15:20+00:00,0.335,clob_prices_history
19092623696003297467569975421979058337700248600915517773783333080689954481741,0xd65525f918d9957f6d72f34fe19b0819ca011207e4913d8a8f3855ab2b10ffd7,1770989422,2026-02-13T13:30:22+00:00,0.335,clob_prices_history
19092623696003297467569975421979058337700248600915517773783333080689954481741,0xd65525f918d9957f6d72f34fe19b0819ca011207e4913d8a8f3855ab2b10ffd7,1770990319,2026-02-13T13:45:19+00:00,0.335,clob_prices_history
19092623696003297467569975421979058337700248600915517773783333080689954481741,0xd65525f918d9957f6d72f34fe19b0819ca011207e4913d8a8f3855ab2b10ffd7,1770991223,2026-02-13T14:00:23+00:00,0.335,clob_prices_history
19092623696003297467569975421979058337700248600915517773783333080689954481741,0xd65525f918d9957f6d72f34fe19b0819ca011207e4913d8a8f3855ab2b10ffd7,1770992118,2026-02-13T14:15:18+00:00,0.335,clob_prices_history
19092623696003297467569975421979058337700248600915517773783333080689954481741,0xd65525f918d9957f6d72f34fe19b0819ca011207e4913d8a8f3855ab2b10ffd7,1770993025,2026-02-13T14:30:25+00:00,0.335,clob_prices_history
19092623696003297467569975421979058337700248600915517773783333080689954481741,0xd65525f918d9957f6d72f34fe19b0819ca011207e4913d8a8f3855ab2b10ffd7,1770993918,2026-02-13T14:45:18+00:00,0.335,clob_prices_history
19092623696003297467569975421979058337700248600915517773783333080689954481741,0xd65525f918d9957f6d72f34fe19b0819ca011207e4913d8a8f3855ab2b10ffd7,1770994839,2026-02-13T15:00:39+00:00,0.335,clob_prices_history
19092623696003297467569975421979058337700248600915517773783333080689954481741,0xd65525f918d9957f6d72f34fe19b0819ca011207e4913d8a8f3855ab2b10ffd7,1770995719,2026-02-13T15:15:19+00:00,0.335,clob_prices_history
19092623696003297467569975421979058337700248600915517773783333080689954481741,0xd65525f918d9957f6d72f34fe19b0819ca011207e4913d8a8f3855ab2b10ffd7,1770996624,2026-02-13T15:30:24+00:00,0.335,clob_prices_history
19092623696003297467569975421979058337700248600915517773783333080689954481741,0xd65525f918d9957f6d72f34fe19b0819ca011207e4913d8a8f3855ab2b10ffd7,1770997522,2026-02-13T15:45:22+00:00,0.335,clob_prices_history
19092623696003297467569975421979058337700248600915517773783333080689954481741,0xd65525f918d9957f6d72f34fe19b0819ca011207e4913d8a8f3855ab2b10ffd7,1770997545,2026-02-13T15:45:45+00:00,0.335,clob_prices_history
19092623696003297467569975421979058337700248600915517773783333080689954481741,0xd65525f918d9957f6d72f34fe19b0819ca011207e4913d8a8f3855ab2b10ffd7,1770998427,2026-02-13T16:00:27+00:00,0.335,clob_prices_history
19092623696003297467569975421979058337700248600915517773783333080689954481741,0xd65525f918d9957f6d72f34fe19b0819ca011207e4913d8a8f3855ab2b10ffd7,1770999319,2026-02-13T16:15:19+00:00,0.33,clob_prices_history
19092623696003297467569975421979058337700248600915517773783333080689954481741,0xd65525f918d9957f6d72f34fe19b0819ca011207e4913d8a8f3855ab2b10ffd7,1771000222,2026-02-13T16:30:22+00:00,0.33,clob_prices_history
19092623696003297467569975421979058337700248600915517773783333080689954481741,0xd65525f918d9957f6d72f34fe19b0819ca011207e4913d8a8f3855ab2b10ffd7,1771001135,2026-02-13T16:45:35+00:00,0.33,clob_prices_history
19092623696003297467569975421979058337700248600915517773783333080689954481741,0xd65525f918d9957f6d72f34fe19b0819ca011207e4913d8a8f3855ab2b10ffd7,1771002050,2026-02-13T17:00:50+00:00,0.33,clob_prices_history
19092623696003297467569975421979058337700248600915517773783333080689954481741,0xd65525f918d9957f6d72f34fe19b0819ca011207e4913d8a8f3855ab2b10ffd7,1771002920,2026-02-13T17:15:20+00:00,0.33,clob_prices_history
19092623696003297467569975421979058337700248600915517773783333080689954481741,0xd65525f918d9957f6d72f34fe19b0819ca011207e4913d8a8f3855ab2b10ffd7,1771003827,2026-02-13T17:30:27+00:00,0.33,clob_prices_history
19092623696003297467569975421979058337700248600915517773783333080689954481741,0xd65525f918d9957f6d72f34fe19b0819ca011207e4913d8a8f3855ab2b10ffd7,1771004719,2026-02-13T17:45:19+00:00,0.32,clob_prices_history
19092623696003297467569975421979058337700248600915517773783333080689954481741,0xd65525f918d9957f6d72f34fe19b0819ca011207e4913d8a8f3855ab2b10ffd7,1771005636,2026-02-13T18:00:36+00:00,0.32,clob_prices_history
19092623696003297467569975421979058337700248600915517773783333080689954481741,0xd65525f918d9957f6d72f34fe19b0819ca011207e4913d8a8f3855ab2b10ffd7,1771006524,2026-02-13T18:15:24+00:00,0.32,clob_prices_history
19092623696003297467569975421979058337700248600915517773783333080689954481741,0xd65525f918d9957f6d72f34fe19b0819ca011207e4913d8a8f3855ab2b10ffd7,1771007423,2026-02-13T18:30:23+00:00,0.315,clob_prices_history
19092623696003297467569975421979058337700248600915517773783333080689954481741,0xd65525f918d9957f6d72f34fe19b0819ca011207e4913d8a8f3855ab2b10ffd7,1771008321,2026-02-13T18:45:21+00:00,0.315,clob_prices_history
19092623696003297467569975421979058337700248600915517773783333080689954481741,0xd65525f918d9957f6d72f34fe19b0819ca011207e4913d8a8f3855ab2b10ffd7,1771009223,2026-02-13T19:00:23+00:00,0.315,clob_prices_history
19092623696003297467569975421979058337700248600915517773783333080689954481741,0xd65525f918d9957f6d72f34fe19b0819ca011207e4913d8a8f3855ab2b10ffd7,1771010121,2026-02-13T19:15:21+00:00,0.31,clob_prices_history
19092623696003297467569975421979058337700248600915517773783333080689954481741,0xd65525f918d9957f6d72f34fe19b0819ca011207e4913d8a8f3855ab2b10ffd7,1771011023,2026-02-13T19:30:23+00:00,0.315,clob_prices_history
19092623696003297467569975421979058337700248600915517773783333080689954481741,0xd65525f918d9957f6d72f34fe19b0819ca011207e4913d8a8f3855ab2b10ffd7,1771011920,2026-02-13T19:45:20+00:00,0.315,clob_prices_history
19092623696003297467569975421979058337700248600915517773783333080689954481741,0xd65525f918d9957f6d72f34fe19b0819ca011207e4913d8a8f3855ab2b10ffd7,1771012828,2026-02-13T20:00:28+00:00,0.315,clob_prices_history
19092623696003297467569975421979058337700248600915517773783333080689954481741,0xd65525f918d9957f6d72f34fe19b0819ca011207e4913d8a8f3855ab2b10ffd7,1771013724,2026-02-13T20:15:24+00:00,0.315,clob_prices_history
19092623696003297467569975421979058337700248600915517773783333080689954481741,0xd65525f918d9957f6d72f34fe19b0819ca011207e4913d8a8f3855ab2b10ffd7,1771014625,2026-02-13T20:30:25+00:00,0.315,clob_prices_history
19092623696003297467569975421979058337700248600915517773783333080689954481741,0xd65525f918d9957f6d72f34fe19b0819ca011207e4913d8a8f3855ab2b10ffd7,1771015518,2026-02-13T20:45:18+00:00,0.32,clob_prices_history
19092623696003297467569975421979058337700248600915517773783333080689954481741,0xd65525f918d9957f6d72f34fe19b0819ca011207e4913d8a8f3855ab2b10ffd7,1771016438,2026-02-13T21:00:38+00:00,0.32,clob_prices_history
19092623696003297467569975421979058337700248600915517773783333080689954481741,0xd65525f918d9957f6d72f34fe19b0819ca011207e4913d8a8f3855ab2b10ffd7,1771017325,2026-02-13T21:15:25+00:00,0.32,clob_prices_history
19092623696003297467569975421979058337700248600915517773783333080689954481741,0xd65525f918d9957f6d72f34fe19b0819ca011207e4913d8a8f3855ab2b10ffd7,1771018222,2026-02-13T21:30:22+00:00,0.32,clob_prices_history
19092623696003297467569975421979058337700248600915517773783333080689954481741,0xd65525f918d9957f6d72f34fe19b0819ca011207e4913d8a8f3855ab2b10ffd7,1771019119,2026-02-13T21:45:19+00:00,0.32,clob_prices_history
19092623696003297467569975421979058337700248600915517773783333080689954481741,0xd65525f918d9957f6d72f34fe19b0819ca011207e4913d8a8f3855ab2b10ffd7,1771020023,2026-02-13T22:00:23+00:00,0.32,clob_prices_history
19092623696003297467569975421979058337700248600915517773783333080689954481741,0xd65525f918d9957f6d72f34fe19b0819ca011207e4913d8a8f3855ab2b10ffd7,1771020919,2026-02-13T22:15:19+00:00,0.32,clob_prices_history
19092623696003297467569975421979058337700248600915517773783333080689954481741,0xd65525f918d9957f6d72f34fe19b0819ca011207e4913d8a8f3855ab2b10ffd7,1771021829,2026-02-13T22:30:29+00:00,0.32,clob_prices_history
19092623696003297467569975421979058337700248600915517773783333080689954481741,0xd65525f918d9957f6d72f34fe19b0819ca011207e4913d8a8f3855ab2b10ffd7,1771022720,2026-02-13T22:45:20+00:00,0.32,clob_prices_history
19092623696003297467569975421979058337700248600915517773783333080689954481741,0xd65525f918d9957f6d72f34fe19b0819ca011207e4913d8a8f3855ab2b10ffd7,1771023624,2026-02-13T23:00:24+00:00,0.32,clob_prices_history
19092623696003297467569975421979058337700248600915517773783333080689954481741,0xd65525f918d9957f6d72f34fe19b0819ca011207e4913d8a8f3855ab2b10ffd7,1771024520,2026-02-13T23:15:20+00:00,0.32,clob_prices_history
19092623696003297467569975421979058337700248600915517773783333080689954481741,0xd65525f918d9957f6d72f34fe19b0819ca011207e4913d8a8f3855ab2b10ffd7,1771025423,2026-02-13T23:30:23+00:00,0.32,clob_prices_history
19092623696003297467569975421979058337700248600915517773783333080689954481741,0xd65525f918d9957f6d72f34fe19b0819ca011207e4913d8a8f3855ab2b10ffd7,1771026319,2026-02-13T23:45:19+00:00,0.32,clob_prices_history
19092623696003297467569975421979058337700248600915517773783333080689954481741,0xd65525f918d9957f6d72f34fe19b0819ca011207e4913d8a8f3855ab2b10ffd7,1771027249,2026-02-14T00:00:49+00:00,0.32,clob_prices_history
19092623696003297467569975421979058337700248600915517773783333080689954481741,0xd65525f918d9957f6d72f34fe19b0819ca011207e4913d8a8f3855ab2b10ffd7,1771028118,2026-02-14T00:15:18+00:00,0.32,clob_prices_history
19092623696003297467569975421979058337700248600915517773783333080689954481741,0xd65525f918d9957f6d72f34fe19b0819ca011207e4913d8a8f3855ab2b10ffd7,1771029024,2026-02-14T00:30:24+00:00,0.32,clob_prices_history
19092623696003297467569975421979058337700248600915517773783333080689954481741,0xd65525f918d9957f6d72f34fe19b0819ca011207e4913d8a8f3855ab2b10ffd7,1771029918,2026-02-14T00:45:18+00:00,0.32,clob_prices_history
19092623696003297467569975421979058337700248600915517773783333080689954481741,0xd65525f918d9957f6d72f34fe19b0819ca011207e4913d8a8f3855ab2b10ffd7,1771030823,2026-02-14T01:00:23+00:00,0.32,clob_prices_history
19092623696003297467569975421979058337700248600915517773783333080689954481741,0xd65525f918d9957f6d72f34fe19b0819ca011207e4913d8a8f3855ab2b10ffd7,1771031717,2026-02-14T01:15:17+00:00,0.32,clob_prices_history
19092623696003297467569975421979058337700248600915517773783333080689954481741,0xd65525f918d9957f6d72f34fe19b0819ca011207e4913d8a8f3855ab2b10ffd7,1771032625,2026-02-14T01:30:25+00:00,0.32,clob_prices_history
19092623696003297467569975421979058337700248600915517773783333080689954481741,0xd65525f918d9957f6d72f34fe19b0819ca011207e4913d8a8f3855ab2b10ffd7,1771033519,2026-02-14T01:45:19+00:00,0.31,clob_prices_history
19092623696003297467569975421979058337700248600915517773783333080689954481741,0xd65525f918d9957f6d72f34fe19b0819ca011207e4913d8a8f3855ab2b10ffd7,1771034427,2026-02-14T02:00:27+00:00,0.31,clob_prices_history
19092623696003297467569975421979058337700248600915517773783333080689954481741,0xd65525f918d9957f6d72f34fe19b0819ca011207e4913d8a8f3855ab2b10ffd7,1771035319,2026-02-14T02:15:19+00:00,0.31,clob_prices_history
19092623696003297467569975421979058337700248600915517773783333080689954481741,0xd65525f918d9957f6d72f34fe19b0819ca011207e4913d8a8f3855ab2b10ffd7,1771036223,2026-02-14T02:30:23+00:00,0.31,clob_prices_history
19092623696003297467569975421979058337700248600915517773783333080689954481741,0xd65525f918d9957f6d72f34fe19b0819ca011207e4913d8a8f3855ab2b10ffd7,1771037119,2026-02-14T02:45:19+00:00,0.31,clob_prices_history
19092623696003297467569975421979058337700248600915517773783333080689954481741,0xd65525f918d9957f6d72f34fe19b0819ca011207e4913d8a8f3855ab2b10ffd7,1771038027,2026-02-14T03:00:27+00:00,0.31,clob_prices_history
19092623696003297467569975421979058337700248600915517773783333080689954481741,0xd65525f918d9957f6d72f34fe19b0819ca011207e4913d8a8f3855ab2b10ffd7,1771038919,2026-02-14T03:15:19+00:00,0.32,clob_prices_history
19092623696003297467569975421979058337700248600915517773783333080689954481741,0xd65525f918d9957f6d72f34fe19b0819ca011207e4913d8a8f3855ab2b10ffd7,1771039822,2026-02-14T03:30:22+00:00,0.32,clob_prices_history
19092623696003297467569975421979058337700248600915517773783333080689954481741,0xd65525f918d9957f6d72f34fe19b0819ca011207e4913d8a8f3855ab2b10ffd7,1771040720,2026-02-14T03:45:20+00:00,0.32,clob_prices_history
19092623696003297467569975421979058337700248600915517773783333080689954481741,0xd65525f918d9957f6d72f34fe19b0819ca011207e4913d8a8f3855ab2b10ffd7,1771041624,2026-02-14T04:00:24+00:00,0.32,clob_prices_history
19092623696003297467569975421979058337700248600915517773783333080689954481741,0xd65525f918d9957f6d72f34fe19b0819ca011207e4913d8a8f3855ab2b10ffd7,1771042520,2026-02-14T04:15:20+00:00,0.32,clob_prices_history
19092623696003297467569975421979058337700248600915517773783333080689954481741,0xd65525f918d9957f6d72f34fe19b0819ca011207e4913d8a8f3855ab2b10ffd7,1771043423,2026-02-14T04:30:23+00:00,0.32,clob_prices_history
19092623696003297467569975421979058337700248600915517773783333080689954481741,0xd65525f918d9957f6d72f34fe19b0819ca011207e4913d8a8f3855ab2b10ffd7,1771044320,2026-02-14T04:45:20+00:00,0.32,clob_prices_history
19092623696003297467569975421979058337700248600915517773783333080689954481741,0xd65525f918d9957f6d72f34fe19b0819ca011207e4913d8a8f3855ab2b10ffd7,1771045224,2026-02-14T05:00:24+00:00,0.32,clob_prices_history
19092623696003297467569975421979058337700248600915517773783333080689954481741,0xd65525f918d9957f6d72f34fe19b0819ca011207e4913d8a8f3855ab2b10ffd7,1771046119,2026-02-14T05:15:19+00:00,0.32,clob_prices_history
19092623696003297467569975421979058337700248600915517773783333080689954481741,0xd65525f918d9957f6d72f34fe19b0819ca011207e4913d8a8f3855ab2b10ffd7,1771047024,2026-02-14T05:30:24+00:00,0.32,clob_prices_history
19092623696003297467569975421979058337700248600915517773783333080689954481741,0xd65525f918d9957f6d72f34fe19b0819ca011207e4913d8a8f3855ab2b10ffd7,1771047919,2026-02-14T05:45:19+00:00,0.32,clob_prices_history
19092623696003297467569975421979058337700248600915517773783333080689954481741,0xd65525f918d9957f6d72f34fe19b0819ca011207e4913d8a8f3855ab2b10ffd7,1771048839,2026-02-14T06:00:39+00:00,0.32,clob_prices_history
19092623696003297467569975421979058337700248600915517773783333080689954481741,0xd65525f918d9957f6d72f34fe19b0819ca011207e4913d8a8f3855ab2b10ffd7,1771049718,2026-02-14T06:15:18+00:00,0.32,clob_prices_history
19092623696003297467569975421979058337700248600915517773783333080689954481741,0xd65525f918d9957f6d72f34fe19b0819ca011207e4913d8a8f3855ab2b10ffd7,1771050626,2026-02-14T06:30:26+00:00,0.32,clob_prices_history
19092623696003297467569975421979058337700248600915517773783333080689954481741,0xd65525f918d9957f6d72f34fe19b0819ca011207e4913d8a8f3855ab2b10ffd7,1771051518,2026-02-14T06:45:18+00:00,0.32,clob_prices_history
19092623696003297467569975421979058337700248600915517773783333080689954481741,0xd65525f918d9957f6d72f34fe19b0819ca011207e4913d8a8f3855ab2b10ffd7,1771052425,2026-02-14T07:00:25+00:00,0.32,clob_prices_history
19092623696003297467569975421979058337700248600915517773783333080689954481741,0xd65525f918d9957f6d72f34fe19b0819ca011207e4913d8a8f3855ab2b10ffd7,1771053319,2026-02-14T07:15:19+00:00,0.315,clob_prices_history
19092623696003297467569975421979058337700248600915517773783333080689954481741,0xd65525f918d9957f6d72f34fe19b0819ca011207e4913d8a8f3855ab2b10ffd7,1771054223,2026-02-14T07:30:23+00:00,0.315,clob_prices_history
19092623696003297467569975421979058337700248600915517773783333080689954481741,0xd65525f918d9957f6d72f34fe19b0819ca011207e4913d8a8f3855ab2b10ffd7,1771055119,2026-02-14T07:45:19+00:00,0.315,clob_prices_history
19092623696003297467569975421979058337700248600915517773783333080689954481741,0xd65525f918d9957f6d72f34fe19b0819ca011207e4913d8a8f3855ab2b10ffd7,1771056026,2026-02-14T08:00:26+00:00,0.315,clob_prices_history
19092623696003297467569975421979058337700248600915517773783333080689954481741,0xd65525f918d9957f6d72f34fe19b0819ca011207e4913d8a8f3855ab2b10ffd7,1771056918,2026-02-14T08:15:18+00:00,0.31,clob_prices_history
19092623696003297467569975421979058337700248600915517773783333080689954481741,0xd65525f918d9957f6d72f34fe19b0819ca011207e4913d8a8f3855ab2b10ffd7,1771057846,2026-02-14T08:30:46+00:00,0.31,clob_prices_history
19092623696003297467569975421979058337700248600915517773783333080689954481741,0xd65525f918d9957f6d72f34fe19b0819ca011207e4913d8a8f3855ab2b10ffd7,1771058719,2026-02-14T08:45:19+00:00,0.31,clob_prices_history
19092623696003297467569975421979058337700248600915517773783333080689954481741,0xd65525f918d9957f6d72f34fe19b0819ca011207e4913d8a8f3855ab2b10ffd7,1771059642,2026-02-14T09:00:42+00:00,0.31,clob_prices_history
19092623696003297467569975421979058337700248600915517773783333080689954481741,0xd65525f918d9957f6d72f34fe19b0819ca011207e4913d8a8f3855ab2b10ffd7,1771060520,2026-02-14T09:15:20+00:00,0.31,clob_prices_history
19092623696003297467569975421979058337700248600915517773783333080689954481741,0xd65525f918d9957f6d72f34fe19b0819ca011207e4913d8a8f3855ab2b10ffd7,1771061429,2026-02-14T09:30:29+00:00,0.31,clob_prices_history
19092623696003297467569975421979058337700248600915517773783333080689954481741,0xd65525f918d9957f6d72f34fe19b0819ca011207e4913d8a8f3855ab2b10ffd7,1771062318,2026-02-14T09:45:18+00:00,0.31,clob_prices_history
19092623696003297467569975421979058337700248600915517773783333080689954481741,0xd65525f918d9957f6d72f34fe19b0819ca011207e4913d8a8f3855ab2b10ffd7,1771063224,2026-02-14T10:00:24+00:00,0.31,clob_prices_history
19092623696003297467569975421979058337700248600915517773783333080689954481741,0xd65525f918d9957f6d72f34fe19b0819ca011207e4913d8a8f3855ab2b10ffd7,1771064122,2026-02-14T10:15:22+00:00,0.31,clob_prices_history
19092623696003297467569975421979058337700248600915517773783333080689954481741,0xd65525f918d9957f6d72f34fe19b0819ca011207e4913d8a8f3855ab2b10ffd7,1771065027,2026-02-14T10:30:27+00:00,0.31,clob_prices_history
19092623696003297467569975421979058337700248600915517773783333080689954481741,0xd65525f918d9957f6d72f34fe19b0819ca011207e4913d8a8f3855ab2b10ffd7,1771065919,2026-02-14T10:45:19+00:00,0.31,clob_prices_history
19092623696003297467569975421979058337700248600915517773783333080689954481741,0xd65525f918d9957f6d72f34fe19b0819ca011207e4913d8a8f3855ab2b10ffd7,1771066829,2026-02-14T11:00:29+00:00,0.31,clob_prices_history
19092623696003297467569975421979058337700248600915517773783333080689954481741,0xd65525f918d9957f6d72f34fe19b0819ca011207e4913d8a8f3855ab2b10ffd7,1771067720,2026-02-14T11:15:20+00:00,0.32,clob_prices_history
19092623696003297467569975421979058337700248600915517773783333080689954481741,0xd65525f918d9957f6d72f34fe19b0819ca011207e4913d8a8f3855ab2b10ffd7,1771068624,2026-02-14T11:30:24+00:00,0.32,clob_prices_history
19092623696003297467569975421979058337700248600915517773783333080689954481741,0xd65525f918d9957f6d72f34fe19b0819ca011207e4913d8a8f3855ab2b10ffd7,1771069545,2026-02-14T11:45:45+00:00,0.32,clob_prices_history
19092623696003297467569975421979058337700248600915517773783333080689954481741,0xd65525f918d9957f6d72f34fe19b0819ca011207e4913d8a8f3855ab2b10ffd7,1771070453,2026-02-14T12:00:53+00:00,0.32,clob_prices_history
19092623696003297467569975421979058337700248600915517773783333080689954481741,0xd65525f918d9957f6d72f34fe19b0819ca011207e4913d8a8f3855ab2b10ffd7,1771071324,2026-02-14T12:15:24+00:00,0.32,clob_prices_history
19092623696003297467569975421979058337700248600915517773783333080689954481741,0xd65525f918d9957f6d72f34fe19b0819ca011207e4913d8a8f3855ab2b10ffd7,1771072225,2026-02-14T12:30:25+00:00,0.32,clob_prices_history
19092623696003297467569975421979058337700248600915517773783333080689954481741,0xd65525f918d9957f6d72f34fe19b0819ca011207e4913d8a8f3855ab2b10ffd7,1771073119,2026-02-14T12:45:19+00:00,0.32,clob_prices_history
19092623696003297467569975421979058337700248600915517773783333080689954481741,0xd65525f918d9957f6d72f34fe19b0819ca011207e4913d8a8f3855ab2b10ffd7,1771074023,2026-02-14T13:00:23+00:00,0.32,clob_prices_history
19092623696003297467569975421979058337700248600915517773783333080689954481741,0xd65525f918d9957f6d72f34fe19b0819ca011207e4913d8a8f3855ab2b10ffd7,1771074924,2026-02-14T13:15:24+00:00,0.32,clob_prices_history
19092623696003297467569975421979058337700248600915517773783333080689954481741,0xd65525f918d9957f6d72f34fe19b0819ca011207e4913d8a8f3855ab2b10ffd7,1771075824,2026-02-14T13:30:24+00:00,0.32,clob_prices_history
19092623696003297467569975421979058337700248600915517773783333080689954481741,0xd65525f918d9957f6d72f34fe19b0819ca011207e4913d8a8f3855ab2b10ffd7,1771076725,2026-02-14T13:45:25+00:00,0.32,clob_prices_history
19092623696003297467569975421979058337700248600915517773783333080689954481741,0xd65525f918d9957f6d72f34fe19b0819ca011207e4913d8a8f3855ab2b10ffd7,1771077624,2026-02-14T14:00:24+00:00,0.32,clob_prices_history
19092623696003297467569975421979058337700248600915517773783333080689954481741,0xd65525f918d9957f6d72f34fe19b0819ca011207e4913d8a8f3855ab2b10ffd7,1771078519,2026-02-14T14:15:19+00:00,0.32,clob_prices_history
19092623696003297467569975421979058337700248600915517773783333080689954481741,0xd65525f918d9957f6d72f34fe19b0819ca011207e4913d8a8f3855ab2b10ffd7,1771079428,2026-02-14T14:30:28+00:00,0.32,clob_prices_history
19092623696003297467569975421979058337700248600915517773783333080689954481741,0xd65525f918d9957f6d72f34fe19b0819ca011207e4913d8a8f3855ab2b10ffd7,1771080319,2026-02-14T14:45:19+00:00,0.32,clob_prices_history
19092623696003297467569975421979058337700248600915517773783333080689954481741,0xd65525f918d9957f6d72f34fe19b0819ca011207e4913d8a8f3855ab2b10ffd7,1771081240,2026-02-14T15:00:40+00:00,0.32,clob_prices_history
19092623696003297467569975421979058337700248600915517773783333080689954481741,0xd65525f918d9957f6d72f34fe19b0819ca011207e4913d8a8f3855ab2b10ffd7,1771082120,2026-02-14T15:15:20+00:00,0.32,clob_prices_history
19092623696003297467569975421979058337700248600915517773783333080689954481741,0xd65525f918d9957f6d72f34fe19b0819ca011207e4913d8a8f3855ab2b10ffd7,1771083025,2026-02-14T15:30:25+00:00,0.31,clob_prices_history
19092623696003297467569975421979058337700248600915517773783333080689954481741,0xd65525f918d9957f6d72f34fe19b0819ca011207e4913d8a8f3855ab2b10ffd7,1771083943,2026-02-14T15:45:43+00:00,0.31,clob_prices_history
19092623696003297467569975421979058337700248600915517773783333080689954481741,0xd65525f918d9957f6d72f34fe19b0819ca011207e4913d8a8f3855ab2b10ffd7,1771084825,2026-02-14T16:00:25+00:00,0.31,clob_prices_history
19092623696003297467569975421979058337700248600915517773783333080689954481741,0xd65525f918d9957f6d72f34fe19b0819ca011207e4913d8a8f3855ab2b10ffd7,1771085725,2026-02-14T16:15:25+00:00,0.31,clob_prices_history
19092623696003297467569975421979058337700248600915517773783333080689954481741,0xd65525f918d9957f6d72f34fe19b0819ca011207e4913d8a8f3855ab2b10ffd7,1771086625,2026-02-14T16:30:25+00:00,0.31,clob_prices_history
19092623696003297467569975421979058337700248600915517773783333080689954481741,0xd65525f918d9957f6d72f34fe19b0819ca011207e4913d8a8f3855ab2b10ffd7,1771087520,2026-02-14T16:45:20+00:00,0.31,clob_prices_history
19092623696003297467569975421979058337700248600915517773783333080689954481741,0xd65525f918d9957f6d72f34fe19b0819ca011207e4913d8a8f3855ab2b10ffd7,1771088437,2026-02-14T17:00:37+00:00,0.31,clob_prices_history
19092623696003297467569975421979058337700248600915517773783333080689954481741,0xd65525f918d9957f6d72f34fe19b0819ca011207e4913d8a8f3855ab2b10ffd7,1771089320,2026-02-14T17:15:20+00:00,0.31,clob_prices_history
19092623696003297467569975421979058337700248600915517773783333080689954481741,0xd65525f918d9957f6d72f34fe19b0819ca011207e4913d8a8f3855ab2b10ffd7,1771090231,2026-02-14T17:30:31+00:00,0.305,clob_prices_history
19092623696003297467569975421979058337700248600915517773783333080689954481741,0xd65525f918d9957f6d72f34fe19b0819ca011207e4913d8a8f3855ab2b10ffd7,1771091119,2026-02-14T17:45:19+00:00,0.305,clob_prices_history
19092623696003297467569975421979058337700248600915517773783333080689954481741,0xd65525f918d9957f6d72f34fe19b0819ca011207e4913d8a8f3855ab2b10ffd7,1771092038,2026-02-14T18:00:38+00:00,0.31,clob_prices_history
19092623696003297467569975421979058337700248600915517773783333080689954481741,0xd65525f918d9957f6d72f34fe19b0819ca011207e4913d8a8f3855ab2b10ffd7,1771092919,2026-02-14T18:15:19+00:00,0.31,clob_prices_history
19092623696003297467569975421979058337700248600915517773783333080689954481741,0xd65525f918d9957f6d72f34fe19b0819ca011207e4913d8a8f3855ab2b10ffd7,1771093826,2026-02-14T18:30:26+00:00,0.31,clob_prices_history
19092623696003297467569975421979058337700248600915517773783333080689954481741,0xd65525f918d9957f6d72f34fe19b0819ca011207e4913d8a8f3855ab2b10ffd7,1771094725,2026-02-14T18:45:25+00:00,0.31,clob_prices_history
19092623696003297467569975421979058337700248600915517773783333080689954481741,0xd65525f918d9957f6d72f34fe19b0819ca011207e4913d8a8f3855ab2b10ffd7,1771095626,2026-02-14T19:00:26+00:00,0.31,clob_prices_history
19092623696003297467569975421979058337700248600915517773783333080689954481741,0xd65525f918d9957f6d72f34fe19b0819ca011207e4913d8a8f3855ab2b10ffd7,1771096520,2026-02-14T19:15:20+00:00,0.31,clob_prices_history
19092623696003297467569975421979058337700248600915517773783333080689954481741,0xd65525f918d9957f6d72f34fe19b0819ca011207e4913d8a8f3855ab2b10ffd7,1771097424,2026-02-14T19:30:24+00:00,0.31,clob_prices_history
19092623696003297467569975421979058337700248600915517773783333080689954481741,0xd65525f918d9957f6d72f34fe19b0819ca011207e4913d8a8f3855ab2b10ffd7,1771098324,2026-02-14T19:45:24+00:00,0.31,clob_prices_history
19092623696003297467569975421979058337700248600915517773783333080689954481741,0xd65525f918d9957f6d72f34fe19b0819ca011207e4913d8a8f3855ab2b10ffd7,1771100120,2026-02-14T20:15:20+00:00,0.305,clob_prices_history
19092623696003297467569975421979058337700248600915517773783333080689954481741,0xd65525f918d9957f6d72f34fe19b0819ca011207e4913d8a8f3855ab2b10ffd7,1771101030,2026-02-14T20:30:30+00:00,0.305,clob_prices_history
19092623696003297467569975421979058337700248600915517773783333080689954481741,0xd65525f918d9957f6d72f34fe19b0819ca011207e4913d8a8f3855ab2b10ffd7,1771101918,2026-02-14T20:45:18+00:00,0.305,clob_prices_history
19092623696003297467569975421979058337700248600915517773783333080689954481741,0xd65525f918d9957f6d72f34fe19b0819ca011207e4913d8a8f3855ab2b10ffd7,1771102840,2026-02-14T21:00:40+00:00,0.305,clob_prices_history
19092623696003297467569975421979058337700248600915517773783333080689954481741,0xd65525f918d9957f6d72f34fe19b0819ca011207e4913d8a8f3855ab2b10ffd7,1771103719,2026-02-14T21:15:19+00:00,0.305,clob_prices_history
19092623696003297467569975421979058337700248600915517773783333080689954481741,0xd65525f918d9957f6d72f34fe19b0819ca011207e4913d8a8f3855ab2b10ffd7,1771104624,2026-02-14T21:30:24+00:00,0.305,clob_prices_history
19092623696003297467569975421979058337700248600915517773783333080689954481741,0xd65525f918d9957f6d72f34fe19b0819ca011207e4913d8a8f3855ab2b10ffd7,1771105525,2026-02-14T21:45:25+00:00,0.305,clob_prices_history
19092623696003297467569975421979058337700248600915517773783333080689954481741,0xd65525f918d9957f6d72f34fe19b0819ca011207e4913d8a8f3855ab2b10ffd7,1771106428,2026-02-14T22:00:28+00:00,0.305,clob_prices_history
19092623696003297467569975421979058337700248600915517773783333080689954481741,0xd65525f918d9957f6d72f34fe19b0819ca011207e4913d8a8f3855ab2b10ffd7,1771107320,2026-02-14T22:15:20+00:00,0.305,clob_prices_history
19092623696003297467569975421979058337700248600915517773783333080689954481741,0xd65525f918d9957f6d72f34fe19b0819ca011207e4913d8a8f3855ab2b10ffd7,1771108226,2026-02-14T22:30:26+00:00,0.305,clob_prices_history
19092623696003297467569975421979058337700248600915517773783333080689954481741,0xd65525f918d9957f6d72f34fe19b0819ca011207e4913d8a8f3855ab2b10ffd7,1771109119,2026-02-14T22:45:19+00:00,0.305,clob_prices_history
19092623696003297467569975421979058337700248600915517773783333080689954481741,0xd65525f918d9957f6d72f34fe19b0819ca011207e4913d8a8f3855ab2b10ffd7,1771110051,2026-02-14T23:00:51+00:00,0.305,clob_prices_history
19092623696003297467569975421979058337700248600915517773783333080689954481741,0xd65525f918d9957f6d72f34fe19b0819ca011207e4913d8a8f3855ab2b10ffd7,1771110918,2026-02-14T23:15:18+00:00,0.305,clob_prices_history
19092623696003297467569975421979058337700248600915517773783333080689954481741,0xd65525f918d9957f6d72f34fe19b0819ca011207e4913d8a8f3855ab2b10ffd7,1771111825,2026-02-14T23:30:25+00:00,0.305,clob_prices_history
19092623696003297467569975421979058337700248600915517773783333080689954481741,0xd65525f918d9957f6d72f34fe19b0819ca011207e4913d8a8f3855ab2b10ffd7,1771112718,2026-02-14T23:45:18+00:00,0.305,clob_prices_history
19092623696003297467569975421979058337700248600915517773783333080689954481741,0xd65525f918d9957f6d72f34fe19b0819ca011207e4913d8a8f3855ab2b10ffd7,1771113649,2026-02-15T00:00:49+00:00,0.305,clob_prices_history
19092623696003297467569975421979058337700248600915517773783333080689954481741,0xd65525f918d9957f6d72f34fe19b0819ca011207e4913d8a8f3855ab2b10ffd7,1771114523,2026-02-15T00:15:23+00:00,0.305,clob_prices_history
19092623696003297467569975421979058337700248600915517773783333080689954481741,0xd65525f918d9957f6d72f34fe19b0819ca011207e4913d8a8f3855ab2b10ffd7,1771115424,2026-02-15T00:30:24+00:00,0.305,clob_prices_history
19092623696003297467569975421979058337700248600915517773783333080689954481741,0xd65525f918d9957f6d72f34fe19b0819ca011207e4913d8a8f3855ab2b10ffd7,1771116325,2026-02-15T00:45:25+00:00,0.305,clob_prices_history
19092623696003297467569975421979058337700248600915517773783333080689954481741,0xd65525f918d9957f6d72f34fe19b0819ca011207e4913d8a8f3855ab2b10ffd7,1771117225,2026-02-15T01:00:25+00:00,0.305,clob_prices_history
19092623696003297467569975421979058337700248600915517773783333080689954481741,0xd65525f918d9957f6d72f34fe19b0819ca011207e4913d8a8f3855ab2b10ffd7,1771118120,2026-02-15T01:15:20+00:00,0.305,clob_prices_history
19092623696003297467569975421979058337700248600915517773783333080689954481741,0xd65525f918d9957f6d72f34fe19b0819ca011207e4913d8a8f3855ab2b10ffd7,1771119025,2026-02-15T01:30:25+00:00,0.305,clob_prices_history
19092623696003297467569975421979058337700248600915517773783333080689954481741,0xd65525f918d9957f6d72f34fe19b0819ca011207e4913d8a8f3855ab2b10ffd7,1771119919,2026-02-15T01:45:19+00:00,0.305,clob_prices_history
19092623696003297467569975421979058337700248600915517773783333080689954481741,0xd65525f918d9957f6d72f34fe19b0819ca011207e4913d8a8f3855ab2b10ffd7,1771120847,2026-02-15T02:00:47+00:00,0.305,clob_prices_history
19092623696003297467569975421979058337700248600915517773783333080689954481741,0xd65525f918d9957f6d72f34fe19b0819ca011207e4913d8a8f3855ab2b10ffd7,1771121718,2026-02-15T02:15:18+00:00,0.305,clob_prices_history
19092623696003297467569975421979058337700248600915517773783333080689954481741,0xd65525f918d9957f6d72f34fe19b0819ca011207e4913d8a8f3855ab2b10ffd7,1771122628,2026-02-15T02:30:28+00:00,0.305,clob_prices_history
19092623696003297467569975421979058337700248600915517773783333080689954481741,0xd65525f918d9957f6d72f34fe19b0819ca011207e4913d8a8f3855ab2b10ffd7,1771123518,2026-02-15T02:45:18+00:00,0.305,clob_prices_history
19092623696003297467569975421979058337700248600915517773783333080689954481741,0xd65525f918d9957f6d72f34fe19b0819ca011207e4913d8a8f3855ab2b10ffd7,1771124433,2026-02-15T03:00:33+00:00,0.305,clob_prices_history
19092623696003297467569975421979058337700248600915517773783333080689954481741,0xd65525f918d9957f6d72f34fe19b0819ca011207e4913d8a8f3855ab2b10ffd7,1771125318,2026-02-15T03:15:18+00:00,0.305,clob_prices_history
19092623696003297467569975421979058337700248600915517773783333080689954481741,0xd65525f918d9957f6d72f34fe19b0819ca011207e4913d8a8f3855ab2b10ffd7,1771126223,2026-02-15T03:30:23+00:00,0.305,clob_prices_history
19092623696003297467569975421979058337700248600915517773783333080689954481741,0xd65525f918d9957f6d72f34fe19b0819ca011207e4913d8a8f3855ab2b10ffd7,1771127119,2026-02-15T03:45:19+00:00,0.305,clob_prices_history
19092623696003297467569975421979058337700248600915517773783333080689954481741,0xd65525f918d9957f6d72f34fe19b0819ca011207e4913d8a8f3855ab2b10ffd7,1771128023,2026-02-15T04:00:23+00:00,0.305,clob_prices_history
19092623696003297467569975421979058337700248600915517773783333080689954481741,0xd65525f918d9957f6d72f34fe19b0819ca011207e4913d8a8f3855ab2b10ffd7,1771128918,2026-02-15T04:15:18+00:00,0.305,clob_prices_history
19092623696003297467569975421979058337700248600915517773783333080689954481741,0xd65525f918d9957f6d72f34fe19b0819ca011207e4913d8a8f3855ab2b10ffd7,1771129849,2026-02-15T04:30:49+00:00,0.305,clob_prices_history
19092623696003297467569975421979058337700248600915517773783333080689954481741,0xd65525f918d9957f6d72f34fe19b0819ca011207e4913d8a8f3855ab2b10ffd7,1771130745,2026-02-15T04:45:45+00:00,0.305,clob_prices_history
19092623696003297467569975421979058337700248600915517773783333080689954481741,0xd65525f918d9957f6d72f34fe19b0819ca011207e4913d8a8f3855ab2b10ffd7,1771131624,2026-02-15T05:00:24+00:00,0.305,clob_prices_history
19092623696003297467569975421979058337700248600915517773783333080689954481741,0xd65525f918d9957f6d72f34fe19b0819ca011207e4913d8a8f3855ab2b10ffd7,1771132524,2026-02-15T05:15:24+00:00,0.305,clob_prices_history
19092623696003297467569975421979058337700248600915517773783333080689954481741,0xd65525f918d9957f6d72f34fe19b0819ca011207e4913d8a8f3855ab2b10ffd7,1771133424,2026-02-15T05:30:24+00:00,0.305,clob_prices_history
19092623696003297467569975421979058337700248600915517773783333080689954481741,0xd65525f918d9957f6d72f34fe19b0819ca011207e4913d8a8f3855ab2b10ffd7,1771134318,2026-02-15T05:45:18+00:00,0.305,clob_prices_history
19092623696003297467569975421979058337700248600915517773783333080689954481741,0xd65525f918d9957f6d72f34fe19b0819ca011207e4913d8a8f3855ab2b10ffd7,1771135240,2026-02-15T06:00:40+00:00,0.305,clob_prices_history
19092623696003297467569975421979058337700248600915517773783333080689954481741,0xd65525f918d9957f6d72f34fe19b0819ca011207e4913d8a8f3855ab2b10ffd7,1771136122,2026-02-15T06:15:22+00:00,0.305,clob_prices_history
19092623696003297467569975421979058337700248600915517773783333080689954481741,0xd65525f918d9957f6d72f34fe19b0819ca011207e4913d8a8f3855ab2b10ffd7,1771137025,2026-02-15T06:30:25+00:00,0.305,clob_prices_history
19092623696003297467569975421979058337700248600915517773783333080689954481741,0xd65525f918d9957f6d72f34fe19b0819ca011207e4913d8a8f3855ab2b10ffd7,1771137918,2026-02-15T06:45:18+00:00,0.305,clob_prices_history
19092623696003297467569975421979058337700248600915517773783333080689954481741,0xd65525f918d9957f6d72f34fe19b0819ca011207e4913d8a8f3855ab2b10ffd7,1771138826,2026-02-15T07:00:26+00:00,0.305,clob_prices_history
19092623696003297467569975421979058337700248600915517773783333080689954481741,0xd65525f918d9957f6d72f34fe19b0819ca011207e4913d8a8f3855ab2b10ffd7,1771139719,2026-02-15T07:15:19+00:00,0.305,clob_prices_history
19092623696003297467569975421979058337700248600915517773783333080689954481741,0xd65525f918d9957f6d72f34fe19b0819ca011207e4913d8a8f3855ab2b10ffd7,1771140629,2026-02-15T07:30:29+00:00,0.305,clob_prices_history
19092623696003297467569975421979058337700248600915517773783333080689954481741,0xd65525f918d9957f6d72f34fe19b0819ca011207e4913d8a8f3855ab2b10ffd7,1771141531,2026-02-15T07:45:31+00:00,0.305,clob_prices_history
19092623696003297467569975421979058337700248600915517773783333080689954481741,0xd65525f918d9957f6d72f34fe19b0819ca011207e4913d8a8f3855ab2b10ffd7,1771142426,2026-02-15T08:00:26+00:00,0.305,clob_prices_history
19092623696003297467569975421979058337700248600915517773783333080689954481741,0xd65525f918d9957f6d72f34fe19b0819ca011207e4913d8a8f3855ab2b10ffd7,1771143318,2026-02-15T08:15:18+00:00,0.305,clob_prices_history
19092623696003297467569975421979058337700248600915517773783333080689954481741,0xd65525f918d9957f6d72f34fe19b0819ca011207e4913d8a8f3855ab2b10ffd7,1771144225,2026-02-15T08:30:25+00:00,0.305,clob_prices_history
19092623696003297467569975421979058337700248600915517773783333080689954481741,0xd65525f918d9957f6d72f34fe19b0819ca011207e4913d8a8f3855ab2b10ffd7,1771145119,2026-02-15T08:45:19+00:00,0.305,clob_prices_history
19092623696003297467569975421979058337700248600915517773783333080689954481741,0xd65525f918d9957f6d72f34fe19b0819ca011207e4913d8a8f3855ab2b10ffd7,1771146039,2026-02-15T09:00:39+00:00,0.305,clob_prices_history
19092623696003297467569975421979058337700248600915517773783333080689954481741,0xd65525f918d9957f6d72f34fe19b0819ca011207e4913d8a8f3855ab2b10ffd7,1771146924,2026-02-15T09:15:24+00:00,0.305,clob_prices_history
19092623696003297467569975421979058337700248600915517773783333080689954481741,0xd65525f918d9957f6d72f34fe19b0819ca011207e4913d8a8f3855ab2b10ffd7,1771147825,2026-02-15T09:30:25+00:00,0.305,clob_prices_history
19092623696003297467569975421979058337700248600915517773783333080689954481741,0xd65525f918d9957f6d72f34fe19b0819ca011207e4913d8a8f3855ab2b10ffd7,1771148719,2026-02-15T09:45:19+00:00,0.305,clob_prices_history
19092623696003297467569975421979058337700248600915517773783333080689954481741,0xd65525f918d9957f6d72f34fe19b0819ca011207e4913d8a8f3855ab2b10ffd7,1771149632,2026-02-15T10:00:32+00:00,0.305,clob_prices_history
19092623696003297467569975421979058337700248600915517773783333080689954481741,0xd65525f918d9957f6d72f34fe19b0819ca011207e4913d8a8f3855ab2b10ffd7,1771150519,2026-02-15T10:15:19+00:00,0.305,clob_prices_history
19092623696003297467569975421979058337700248600915517773783333080689954481741,0xd65525f918d9957f6d72f34fe19b0819ca011207e4913d8a8f3855ab2b10ffd7,1771151427,2026-02-15T10:30:27+00:00,0.305,clob_prices_history
19092623696003297467569975421979058337700248600915517773783333080689954481741,0xd65525f918d9957f6d72f34fe19b0819ca011207e4913d8a8f3855ab2b10ffd7,1771152319,2026-02-15T10:45:19+00:00,0.305,clob_prices_history
19092623696003297467569975421979058337700248600915517773783333080689954481741,0xd65525f918d9957f6d72f34fe19b0819ca011207e4913d8a8f3855ab2b10ffd7,1771153240,2026-02-15T11:00:40+00:00,0.305,clob_prices_history
19092623696003297467569975421979058337700248600915517773783333080689954481741,0xd65525f918d9957f6d72f34fe19b0819ca011207e4913d8a8f3855ab2b10ffd7,1771154119,2026-02-15T11:15:19+00:00,0.305,clob_prices_history
19092623696003297467569975421979058337700248600915517773783333080689954481741,0xd65525f918d9957f6d72f34fe19b0819ca011207e4913d8a8f3855ab2b10ffd7,1771155044,2026-02-15T11:30:44+00:00,0.305,clob_prices_history
19092623696003297467569975421979058337700248600915517773783333080689954481741,0xd65525f918d9957f6d72f34fe19b0819ca011207e4913d8a8f3855ab2b10ffd7,1771155918,2026-02-15T11:45:18+00:00,0.305,clob_prices_history
19092623696003297467569975421979058337700248600915517773783333080689954481741,0xd65525f918d9957f6d72f34fe19b0819ca011207e4913d8a8f3855ab2b10ffd7,1771156854,2026-02-15T12:00:54+00:00,0.305,clob_prices_history
19092623696003297467569975421979058337700248600915517773783333080689954481741,0xd65525f918d9957f6d72f34fe19b0819ca011207e4913d8a8f3855ab2b10ffd7,1771157720,2026-02-15T12:15:20+00:00,0.305,clob_prices_history
19092623696003297467569975421979058337700248600915517773783333080689954481741,0xd65525f918d9957f6d72f34fe19b0819ca011207e4913d8a8f3855ab2b10ffd7,1771158631,2026-02-15T12:30:31+00:00,0.305,clob_prices_history
19092623696003297467569975421979058337700248600915517773783333080689954481741,0xd65525f918d9957f6d72f34fe19b0819ca011207e4913d8a8f3855ab2b10ffd7,1771159523,2026-02-15T12:45:23+00:00,0.305,clob_prices_history
19092623696003297467569975421979058337700248600915517773783333080689954481741,0xd65525f918d9957f6d72f34fe19b0819ca011207e4913d8a8f3855ab2b10ffd7,1771160425,2026-02-15T13:00:25+00:00,0.31,clob_prices_history
19092623696003297467569975421979058337700248600915517773783333080689954481741,0xd65525f918d9957f6d72f34fe19b0819ca011207e4913d8a8f3855ab2b10ffd7,1771161322,2026-02-15T13:15:22+00:00,0.31,clob_prices_history
19092623696003297467569975421979058337700248600915517773783333080689954481741,0xd65525f918d9957f6d72f34fe19b0819ca011207e4913d8a8f3855ab2b10ffd7,1771162241,2026-02-15T13:30:41+00:00,0.31,clob_prices_history
19092623696003297467569975421979058337700248600915517773783333080689954481741,0xd65525f918d9957f6d72f34fe19b0819ca011207e4913d8a8f3855ab2b10ffd7,1771163124,2026-02-15T13:45:24+00:00,0.31,clob_prices_history
19092623696003297467569975421979058337700248600915517773783333080689954481741,0xd65525f918d9957f6d72f34fe19b0819ca011207e4913d8a8f3855ab2b10ffd7,1771164025,2026-02-15T14:00:25+00:00,0.315,clob_prices_history
19092623696003297467569975421979058337700248600915517773783333080689954481741,0xd65525f918d9957f6d72f34fe19b0819ca011207e4913d8a8f3855ab2b10ffd7,1771164920,2026-02-15T14:15:20+00:00,0.315,clob_prices_history
19092623696003297467569975421979058337700248600915517773783333080689954481741,0xd65525f918d9957f6d72f34fe19b0819ca011207e4913d8a8f3855ab2b10ffd7,1771165840,2026-02-15T14:30:40+00:00,0.315,clob_prices_history
19092623696003297467569975421979058337700248600915517773783333080689954481741,0xd65525f918d9957f6d72f34fe19b0819ca011207e4913d8a8f3855ab2b10ffd7,1771166720,2026-02-15T14:45:20+00:00,0.32,clob_prices_history
19092623696003297467569975421979058337700248600915517773783333080689954481741,0xd65525f918d9957f6d72f34fe19b0819ca011207e4913d8a8f3855ab2b10ffd7,1771167654,2026-02-15T15:00:54+00:00,0.32,clob_prices_history
19092623696003297467569975421979058337700248600915517773783333080689954481741,0xd65525f918d9957f6d72f34fe19b0819ca011207e4913d8a8f3855ab2b10ffd7,1771168535,2026-02-15T15:15:35+00:00,0.32,clob_prices_history
19092623696003297467569975421979058337700248600915517773783333080689954481741,0xd65525f918d9957f6d72f34fe19b0819ca011207e4913d8a8f3855ab2b10ffd7,1771169426,2026-02-15T15:30:26+00:00,0.32,clob_prices_history
19092623696003297467569975421979058337700248600915517773783333080689954481741,0xd65525f918d9957f6d72f34fe19b0819ca011207e4913d8a8f3855ab2b10ffd7,1771170319,2026-02-15T15:45:19+00:00,0.32,clob_prices_history
19092623696003297467569975421979058337700248600915517773783333080689954481741,0xd65525f918d9957f6d72f34fe19b0819ca011207e4913d8a8f3855ab2b10ffd7,1771171226,2026-02-15T16:00:26+00:00,0.32,clob_prices_history
19092623696003297467569975421979058337700248600915517773783333080689954481741,0xd65525f918d9957f6d72f34fe19b0819ca011207e4913d8a8f3855ab2b10ffd7,1771172139,2026-02-15T16:15:39+00:00,0.32,clob_prices_history
19092623696003297467569975421979058337700248600915517773783333080689954481741,0xd65525f918d9957f6d72f34fe19b0819ca011207e4913d8a8f3855ab2b10ffd7,1771173025,2026-02-15T16:30:25+00:00,0.32,clob_prices_history
19092623696003297467569975421979058337700248600915517773783333080689954481741,0xd65525f918d9957f6d72f34fe19b0819ca011207e4913d8a8f3855ab2b10ffd7,1771173924,2026-02-15T16:45:24+00:00,0.32,clob_prices_history
19092623696003297467569975421979058337700248600915517773783333080689954481741,0xd65525f918d9957f6d72f34fe19b0819ca011207e4913d8a8f3855ab2b10ffd7,1771174830,2026-02-15T17:00:30+00:00,0.32,clob_prices_history
19092623696003297467569975421979058337700248600915517773783333080689954481741,0xd65525f918d9957f6d72f34fe19b0819ca011207e4913d8a8f3855ab2b10ffd7,1771175720,2026-02-15T17:15:20+00:00,0.32,clob_prices_history
19092623696003297467569975421979058337700248600915517773783333080689954481741,0xd65525f918d9957f6d72f34fe19b0819ca011207e4913d8a8f3855ab2b10ffd7,1771176637,2026-02-15T17:30:37+00:00,0.32,clob_prices_history
19092623696003297467569975421979058337700248600915517773783333080689954481741,0xd65525f918d9957f6d72f34fe19b0819ca011207e4913d8a8f3855ab2b10ffd7,1771177520,2026-02-15T17:45:20+00:00,0.32,clob_prices_history
19092623696003297467569975421979058337700248600915517773783333080689954481741,0xd65525f918d9957f6d72f34fe19b0819ca011207e4913d8a8f3855ab2b10ffd7,1771178447,2026-02-15T18:00:47+00:00,0.32,clob_prices_history
19092623696003297467569975421979058337700248600915517773783333080689954481741,0xd65525f918d9957f6d72f34fe19b0819ca011207e4913d8a8f3855ab2b10ffd7,1771179320,2026-02-15T18:15:20+00:00,0.32,clob_prices_history
19092623696003297467569975421979058337700248600915517773783333080689954481741,0xd65525f918d9957f6d72f34fe19b0819ca011207e4913d8a8f3855ab2b10ffd7,1771180226,2026-02-15T18:30:26+00:00,0.32,clob_prices_history
19092623696003297467569975421979058337700248600915517773783333080689954481741,0xd65525f918d9957f6d72f34fe19b0819ca011207e4913d8a8f3855ab2b10ffd7,1771181133,2026-02-15T18:45:33+00:00,0.325,clob_prices_history
19092623696003297467569975421979058337700248600915517773783333080689954481741,0xd65525f918d9957f6d72f34fe19b0819ca011207e4913d8a8f3855ab2b10ffd7,1771182028,2026-02-15T19:00:28+00:00,0.325,clob_prices_history
19092623696003297467569975421979058337700248600915517773783333080689954481741,0xd65525f918d9957f6d72f34fe19b0819ca011207e4913d8a8f3855ab2b10ffd7,1771182939,2026-02-15T19:15:39+00:00,0.325,clob_prices_history
19092623696003297467569975421979058337700248600915517773783333080689954481741,0xd65525f918d9957f6d72f34fe19b0819ca011207e4913d8a8f3855ab2b10ffd7,1771183825,2026-02-15T19:30:25+00:00,0.325,clob_prices_history
19092623696003297467569975421979058337700248600915517773783333080689954481741,0xd65525f918d9957f6d72f34fe19b0819ca011207e4913d8a8f3855ab2b10ffd7,1771184733,2026-02-15T19:45:33+00:00,0.325,clob_prices_history
19092623696003297467569975421979058337700248600915517773783333080689954481741,0xd65525f918d9957f6d72f34fe19b0819ca011207e4913d8a8f3855ab2b10ffd7,1771185628,2026-02-15T20:00:28+00:00,0.325,clob_prices_history
19092623696003297467569975421979058337700248600915517773783333080689954481741,0xd65525f918d9957f6d72f34fe19b0819ca011207e4913d8a8f3855ab2b10ffd7,1771186519,2026-02-15T20:15:19+00:00,0.325,clob_prices_history
19092623696003297467569975421979058337700248600915517773783333080689954481741,0xd65525f918d9957f6d72f34fe19b0819ca011207e4913d8a8f3855ab2b10ffd7,1771187451,2026-02-15T20:30:51+00:00,0.325,clob_prices_history
19092623696003297467569975421979058337700248600915517773783333080689954481741,0xd65525f918d9957f6d72f34fe19b0819ca011207e4913d8a8f3855ab2b10ffd7,1771188320,2026-02-15T20:45:20+00:00,0.325,clob_prices_history
19092623696003297467569975421979058337700248600915517773783333080689954481741,0xd65525f918d9957f6d72f34fe19b0819ca011207e4913d8a8f3855ab2b10ffd7,1771189245,2026-02-15T21:00:45+00:00,0.325,clob_prices_history
19092623696003297467569975421979058337700248600915517773783333080689954481741,0xd65525f918d9957f6d72f34fe19b0819ca011207e4913d8a8f3855ab2b10ffd7,1771190133,2026-02-15T21:15:33+00:00,0.325,clob_prices_history
19092623696003297467569975421979058337700248600915517773783333080689954481741,0xd65525f918d9957f6d72f34fe19b0819ca011207e4913d8a8f3855ab2b10ffd7,1771191027,2026-02-15T21:30:27+00:00,0.325,clob_prices_history
19092623696003297467569975421979058337700248600915517773783333080689954481741,0xd65525f918d9957f6d72f34fe19b0819ca011207e4913d8a8f3855ab2b10ffd7,1771191919,2026-02-15T21:45:19+00:00,0.325,clob_prices_history
19092623696003297467569975421979058337700248600915517773783333080689954481741,0xd65525f918d9957f6d72f34fe19b0819ca011207e4913d8a8f3855ab2b10ffd7,1771192825,2026-02-15T22:00:25+00:00,0.325,clob_prices_history
19092623696003297467569975421979058337700248600915517773783333080689954481741,0xd65525f918d9957f6d72f34fe19b0819ca011207e4913d8a8f3855ab2b10ffd7,1771193722,2026-02-15T22:15:22+00:00,0.325,clob_prices_history
19092623696003297467569975421979058337700248600915517773783333080689954481741,0xd65525f918d9957f6d72f34fe19b0819ca011207e4913d8a8f3855ab2b10ffd7,1771194628,2026-02-15T22:30:28+00:00,0.325,clob_prices_history
19092623696003297467569975421979058337700248600915517773783333080689954481741,0xd65525f918d9957f6d72f34fe19b0819ca011207e4913d8a8f3855ab2b10ffd7,1771195520,2026-02-15T22:45:20+00:00,0.325,clob_prices_history
19092623696003297467569975421979058337700248600915517773783333080689954481741,0xd65525f918d9957f6d72f34fe19b0819ca011207e4913d8a8f3855ab2b10ffd7,1771196425,2026-02-15T23:00:25+00:00,0.325,clob_prices_history
19092623696003297467569975421979058337700248600915517773783333080689954481741,0xd65525f918d9957f6d72f34fe19b0819ca011207e4913d8a8f3855ab2b10ffd7,1771197320,2026-02-15T23:15:20+00:00,0.325,clob_prices_history
19092623696003297467569975421979058337700248600915517773783333080689954481741,0xd65525f918d9957f6d72f34fe19b0819ca011207e4913d8a8f3855ab2b10ffd7,1771198231,2026-02-15T23:30:31+00:00,0.325,clob_prices_history
19092623696003297467569975421979058337700248600915517773783333080689954481741,0xd65525f918d9957f6d72f34fe19b0819ca011207e4913d8a8f3855ab2b10ffd7,1771199120,2026-02-15T23:45:20+00:00,0.325,clob_prices_history
19092623696003297467569975421979058337700248600915517773783333080689954481741,0xd65525f918d9957f6d72f34fe19b0819ca011207e4913d8a8f3855ab2b10ffd7,1771200058,2026-02-16T00:00:58+00:00,0.325,clob_prices_history
19092623696003297467569975421979058337700248600915517773783333080689954481741,0xd65525f918d9957f6d72f34fe19b0819ca011207e4913d8a8f3855ab2b10ffd7,1771200919,2026-02-16T00:15:19+00:00,0.325,clob_prices_history
19092623696003297467569975421979058337700248600915517773783333080689954481741,0xd65525f918d9957f6d72f34fe19b0819ca011207e4913d8a8f3855ab2b10ffd7,1771201826,2026-02-16T00:30:26+00:00,0.325,clob_prices_history
19092623696003297467569975421979058337700248600915517773783333080689954481741,0xd65525f918d9957f6d72f34fe19b0819ca011207e4913d8a8f3855ab2b10ffd7,1771202730,2026-02-16T00:45:30+00:00,0.325,clob_prices_history
19092623696003297467569975421979058337700248600915517773783333080689954481741,0xd65525f918d9957f6d72f34fe19b0819ca011207e4913d8a8f3855ab2b10ffd7,1771203637,2026-02-16T01:00:37+00:00,0.325,clob_prices_history
19092623696003297467569975421979058337700248600915517773783333080689954481741,0xd65525f918d9957f6d72f34fe19b0819ca011207e4913d8a8f3855ab2b10ffd7,1771204519,2026-02-16T01:15:19+00:00,0.325,clob_prices_history
19092623696003297467569975421979058337700248600915517773783333080689954481741,0xd65525f918d9957f6d72f34fe19b0819ca011207e4913d8a8f3855ab2b10ffd7,1771205425,2026-02-16T01:30:25+00:00,0.325,clob_prices_history
19092623696003297467569975421979058337700248600915517773783333080689954481741,0xd65525f918d9957f6d72f34fe19b0819ca011207e4913d8a8f3855ab2b10ffd7,1771206319,2026-02-16T01:45:19+00:00,0.325,clob_prices_history
19092623696003297467569975421979058337700248600915517773783333080689954481741,0xd65525f918d9957f6d72f34fe19b0819ca011207e4913d8a8f3855ab2b10ffd7,1771207225,2026-02-16T02:00:25+00:00,0.325,clob_prices_history
19092623696003297467569975421979058337700248600915517773783333080689954481741,0xd65525f918d9957f6d72f34fe19b0819ca011207e4913d8a8f3855ab2b10ffd7,1771208120,2026-02-16T02:15:20+00:00,0.325,clob_prices_history
19092623696003297467569975421979058337700248600915517773783333080689954481741,0xd65525f918d9957f6d72f34fe19b0819ca011207e4913d8a8f3855ab2b10ffd7,1771209043,2026-02-16T02:30:43+00:00,0.325,clob_prices_history
19092623696003297467569975421979058337700248600915517773783333080689954481741,0xd65525f918d9957f6d72f34fe19b0819ca011207e4913d8a8f3855ab2b10ffd7,1771209919,2026-02-16T02:45:19+00:00,0.325,clob_prices_history
19092623696003297467569975421979058337700248600915517773783333080689954481741,0xd65525f918d9957f6d72f34fe19b0819ca011207e4913d8a8f3855ab2b10ffd7,1771210831,2026-02-16T03:00:31+00:00,0.325,clob_prices_history
19092623696003297467569975421979058337700248600915517773783333080689954481741,0xd65525f918d9957f6d72f34fe19b0819ca011207e4913d8a8f3855ab2b10ffd7,1771211719,2026-02-16T03:15:19+00:00,0.325,clob_prices_history
19092623696003297467569975421979058337700248600915517773783333080689954481741,0xd65525f918d9957f6d72f34fe19b0819ca011207e4913d8a8f3855ab2b10ffd7,1771212623,2026-02-16T03:30:23+00:00,0.325,clob_prices_history
19092623696003297467569975421979058337700248600915517773783333080689954481741,0xd65525f918d9957f6d72f34fe19b0819ca011207e4913d8a8f3855ab2b10ffd7,1771213519,2026-02-16T03:45:19+00:00,0.325,clob_prices_history
19092623696003297467569975421979058337700248600915517773783333080689954481741,0xd65525f918d9957f6d72f34fe19b0819ca011207e4913d8a8f3855ab2b10ffd7,1771214424,2026-02-16T04:00:24+00:00,0.325,clob_prices_history
19092623696003297467569975421979058337700248600915517773783333080689954481741,0xd65525f918d9957f6d72f34fe19b0819ca011207e4913d8a8f3855ab2b10ffd7,1771215324,2026-02-16T04:15:24+00:00,0.325,clob_prices_history
19092623696003297467569975421979058337700248600915517773783333080689954481741,0xd65525f918d9957f6d72f34fe19b0819ca011207e4913d8a8f3855ab2b10ffd7,1771216236,2026-02-16T04:30:36+00:00,0.325,clob_prices_history
19092623696003297467569975421979058337700248600915517773783333080689954481741,0xd65525f918d9957f6d72f34fe19b0819ca011207e4913d8a8f3855ab2b10ffd7,1771217130,2026-02-16T04:45:30+00:00,0.325,clob_prices_history
19092623696003297467569975421979058337700248600915517773783333080689954481741,0xd65525f918d9957f6d72f34fe19b0819ca011207e4913d8a8f3855ab2b10ffd7,1771218028,2026-02-16T05:00:28+00:00,0.325,clob_prices_history
19092623696003297467569975421979058337700248600915517773783333080689954481741,0xd65525f918d9957f6d72f34fe19b0819ca011207e4913d8a8f3855ab2b10ffd7,1771218920,2026-02-16T05:15:20+00:00,0.325,clob_prices_history
19092623696003297467569975421979058337700248600915517773783333080689954481741,0xd65525f918d9957f6d72f34fe19b0819ca011207e4913d8a8f3855ab2b10ffd7,1771219825,2026-02-16T05:30:25+00:00,0.325,clob_prices_history
19092623696003297467569975421979058337700248600915517773783333080689954481741,0xd65525f918d9957f6d72f34fe19b0819ca011207e4913d8a8f3855ab2b10ffd7,1771220719,2026-02-16T05:45:19+00:00,0.325,clob_prices_history
19092623696003297467569975421979058337700248600915517773783333080689954481741,0xd65525f918d9957f6d72f34fe19b0819ca011207e4913d8a8f3855ab2b10ffd7,1771221639,2026-02-16T06:00:39+00:00,0.325,clob_prices_history
19092623696003297467569975421979058337700248600915517773783333080689954481741,0xd65525f918d9957f6d72f34fe19b0819ca011207e4913d8a8f3855ab2b10ffd7,1771222519,2026-02-16T06:15:19+00:00,0.325,clob_prices_history
19092623696003297467569975421979058337700248600915517773783333080689954481741,0xd65525f918d9957f6d72f34fe19b0819ca011207e4913d8a8f3855ab2b10ffd7,1771223437,2026-02-16T06:30:37+00:00,0.325,clob_prices_history
19092623696003297467569975421979058337700248600915517773783333080689954481741,0xd65525f918d9957f6d72f34fe19b0819ca011207e4913d8a8f3855ab2b10ffd7,1771224319,2026-02-16T06:45:19+00:00,0.325,clob_prices_history
19092623696003297467569975421979058337700248600915517773783333080689954481741,0xd65525f918d9957f6d72f34fe19b0819ca011207e4913d8a8f3855ab2b10ffd7,1771225226,2026-02-16T07:00:26+00:00,0.325,clob_prices_history
19092623696003297467569975421979058337700248600915517773783333080689954481741,0xd65525f918d9957f6d72f34fe19b0819ca011207e4913d8a8f3855ab2b10ffd7,1771226119,2026-02-16T07:15:19+00:00,0.325,clob_prices_history
19092623696003297467569975421979058337700248600915517773783333080689954481741,0xd65525f918d9957f6d72f34fe19b0819ca011207e4913d8a8f3855ab2b10ffd7,1771227027,2026-02-16T07:30:27+00:00,0.325,clob_prices_history
19092623696003297467569975421979058337700248600915517773783333080689954481741,0xd65525f918d9957f6d72f34fe19b0819ca011207e4913d8a8f3855ab2b10ffd7,1771227921,2026-02-16T07:45:21+00:00,0.325,clob_prices_history
19092623696003297467569975421979058337700248600915517773783333080689954481741,0xd65525f918d9957f6d72f34fe19b0819ca011207e4913d8a8f3855ab2b10ffd7,1771228826,2026-02-16T08:00:26+00:00,0.325,clob_prices_history
19092623696003297467569975421979058337700248600915517773783333080689954481741,0xd65525f918d9957f6d72f34fe19b0819ca011207e4913d8a8f3855ab2b10ffd7,1771229719,2026-02-16T08:15:19+00:00,0.325,clob_prices_history
19092623696003297467569975421979058337700248600915517773783333080689954481741,0xd65525f918d9957f6d72f34fe19b0819ca011207e4913d8a8f3855ab2b10ffd7,1771230624,2026-02-16T08:30:24+00:00,0.325,clob_prices_history
19092623696003297467569975421979058337700248600915517773783333080689954481741,0xd65525f918d9957f6d72f34fe19b0819ca011207e4913d8a8f3855ab2b10ffd7,1771231519,2026-02-16T08:45:19+00:00,0.325,clob_prices_history
19092623696003297467569975421979058337700248600915517773783333080689954481741,0xd65525f918d9957f6d72f34fe19b0819ca011207e4913d8a8f3855ab2b10ffd7,1771233318,2026-02-16T09:15:18+00:00,0.325,clob_prices_history
19092623696003297467569975421979058337700248600915517773783333080689954481741,0xd65525f918d9957f6d72f34fe19b0819ca011207e4913d8a8f3855ab2b10ffd7,1771234224,2026-02-16T09:30:24+00:00,0.325,clob_prices_history
19092623696003297467569975421979058337700248600915517773783333080689954481741,0xd65525f918d9957f6d72f34fe19b0819ca011207e4913d8a8f3855ab2b10ffd7,1771235118,2026-02-16T09:45:18+00:00,0.325,clob_prices_history
19092623696003297467569975421979058337700248600915517773783333080689954481741,0xd65525f918d9957f6d72f34fe19b0819ca011207e4913d8a8f3855ab2b10ffd7,1771236025,2026-02-16T10:00:25+00:00,0.325,clob_prices_history
19092623696003297467569975421979058337700248600915517773783333080689954481741,0xd65525f918d9957f6d72f34fe19b0819ca011207e4913d8a8f3855ab2b10ffd7,1771236922,2026-02-16T10:15:22+00:00,0.325,clob_prices_history
19092623696003297467569975421979058337700248600915517773783333080689954481741,0xd65525f918d9957f6d72f34fe19b0819ca011207e4913d8a8f3855ab2b10ffd7,1771237824,2026-02-16T10:30:24+00:00,0.325,clob_prices_history
19092623696003297467569975421979058337700248600915517773783333080689954481741,0xd65525f918d9957f6d72f34fe19b0819ca011207e4913d8a8f3855ab2b10ffd7,1771238719,2026-02-16T10:45:19+00:00,0.325,clob_prices_history
19092623696003297467569975421979058337700248600915517773783333080689954481741,0xd65525f918d9957f6d72f34fe19b0819ca011207e4913d8a8f3855ab2b10ffd7,1771239625,2026-02-16T11:00:25+00:00,0.33,clob_prices_history
19092623696003297467569975421979058337700248600915517773783333080689954481741,0xd65525f918d9957f6d72f34fe19b0819ca011207e4913d8a8f3855ab2b10ffd7,1771240520,2026-02-16T11:15:20+00:00,0.33,clob_prices_history
19092623696003297467569975421979058337700248600915517773783333080689954481741,0xd65525f918d9957f6d72f34fe19b0819ca011207e4913d8a8f3855ab2b10ffd7,1771242335,2026-02-16T11:45:35+00:00,0.33,clob_prices_history
19092623696003297467569975421979058337700248600915517773783333080689954481741,0xd65525f918d9957f6d72f34fe19b0819ca011207e4913d8a8f3855ab2b10ffd7,1771244122,2026-02-16T12:15:22+00:00,0.33,clob_prices_history
19092623696003297467569975421979058337700248600915517773783333080689954481741,0xd65525f918d9957f6d72f34fe19b0819ca011207e4913d8a8f3855ab2b10ffd7,1771245038,2026-02-16T12:30:38+00:00,0.33,clob_prices_history
19092623696003297467569975421979058337700248600915517773783333080689954481741,0xd65525f918d9957f6d72f34fe19b0819ca011207e4913d8a8f3855ab2b10ffd7,1771245919,2026-02-16T12:45:19+00:00,0.33,clob_prices_history
19092623696003297467569975421979058337700248600915517773783333080689954481741,0xd65525f918d9957f6d72f34fe19b0819ca011207e4913d8a8f3855ab2b10ffd7,1771246830,2026-02-16T13:00:30+00:00,0.33,clob_prices_history
19092623696003297467569975421979058337700248600915517773783333080689954481741,0xd65525f918d9957f6d72f34fe19b0819ca011207e4913d8a8f3855ab2b10ffd7,1771247734,2026-02-16T13:15:34+00:00,0.33,clob_prices_history
19092623696003297467569975421979058337700248600915517773783333080689954481741,0xd65525f918d9957f6d72f34fe19b0819ca011207e4913d8a8f3855ab2b10ffd7,1771248628,2026-02-16T13:30:28+00:00,0.33,clob_prices_history
19092623696003297467569975421979058337700248600915517773783333080689954481741,0xd65525f918d9957f6d72f34fe19b0819ca011207e4913d8a8f3855ab2b10ffd7,1771249519,2026-02-16T13:45:19+00:00,0.33,clob_prices_history
19092623696003297467569975421979058337700248600915517773783333080689954481741,0xd65525f918d9957f6d72f34fe19b0819ca011207e4913d8a8f3855ab2b10ffd7,1771250427,2026-02-16T14:00:27+00:00,0.33,clob_prices_history
19092623696003297467569975421979058337700248600915517773783333080689954481741,0xd65525f918d9957f6d72f34fe19b0819ca011207e4913d8a8f3855ab2b10ffd7,1771251319,2026-02-16T14:15:19+00:00,0.33,clob_prices_history
19092623696003297467569975421979058337700248600915517773783333080689954481741,0xd65525f918d9957f6d72f34fe19b0819ca011207e4913d8a8f3855ab2b10ffd7,1771252224,2026-02-16T14:30:24+00:00,0.33,clob_prices_history
19092623696003297467569975421979058337700248600915517773783333080689954481741,0xd65525f918d9957f6d72f34fe19b0819ca011207e4913d8a8f3855ab2b10ffd7,1771253120,2026-02-16T14:45:20+00:00,0.33,clob_prices_history
19092623696003297467569975421979058337700248600915517773783333080689954481741,0xd65525f918d9957f6d72f34fe19b0819ca011207e4913d8a8f3855ab2b10ffd7,1771254924,2026-02-16T15:15:24+00:00,0.33,clob_prices_history
19092623696003297467569975421979058337700248600915517773783333080689954481741,0xd65525f918d9957f6d72f34fe19b0819ca011207e4913d8a8f3855ab2b10ffd7,1771255831,2026-02-16T15:30:31+00:00,0.345,clob_prices_history
19092623696003297467569975421979058337700248600915517773783333080689954481741,0xd65525f918d9957f6d72f34fe19b0819ca011207e4913d8a8f3855ab2b10ffd7,1771256720,2026-02-16T15:45:20+00:00,0.335,clob_prices_history
19092623696003297467569975421979058337700248600915517773783333080689954481741,0xd65525f918d9957f6d72f34fe19b0819ca011207e4913d8a8f3855ab2b10ffd7,1771257626,2026-02-16T16:00:26+00:00,0.335,clob_prices_history
19092623696003297467569975421979058337700248600915517773783333080689954481741,0xd65525f918d9957f6d72f34fe19b0819ca011207e4913d8a8f3855ab2b10ffd7,1771258520,2026-02-16T16:15:20+00:00,0.335,clob_prices_history
19092623696003297467569975421979058337700248600915517773783333080689954481741,0xd65525f918d9957f6d72f34fe19b0819ca011207e4913d8a8f3855ab2b10ffd7,1771259426,2026-02-16T16:30:26+00:00,0.335,clob_prices_history
19092623696003297467569975421979058337700248600915517773783333080689954481741,0xd65525f918d9957f6d72f34fe19b0819ca011207e4913d8a8f3855ab2b10ffd7,1771260325,2026-02-16T16:45:25+00:00,0.335,clob_prices_history
19092623696003297467569975421979058337700248600915517773783333080689954481741,0xd65525f918d9957f6d72f34fe19b0819ca011207e4913d8a8f3855ab2b10ffd7,1771261225,2026-02-16T17:00:25+00:00,0.335,clob_prices_history
19092623696003297467569975421979058337700248600915517773783333080689954481741,0xd65525f918d9957f6d72f34fe19b0819ca011207e4913d8a8f3855ab2b10ffd7,1771262120,2026-02-16T17:15:20+00:00,0.335,clob_prices_history
19092623696003297467569975421979058337700248600915517773783333080689954481741,0xd65525f918d9957f6d72f34fe19b0819ca011207e4913d8a8f3855ab2b10ffd7,1771263027,2026-02-16T17:30:27+00:00,0.335,clob_prices_history
19092623696003297467569975421979058337700248600915517773783333080689954481741,0xd65525f918d9957f6d72f34fe19b0819ca011207e4913d8a8f3855ab2b10ffd7,1771263920,2026-02-16T17:45:20+00:00,0.335,clob_prices_history
19092623696003297467569975421979058337700248600915517773783333080689954481741,0xd65525f918d9957f6d72f34fe19b0819ca011207e4913d8a8f3855ab2b10ffd7,1771264846,2026-02-16T18:00:46+00:00,0.34,clob_prices_history
19092623696003297467569975421979058337700248600915517773783333080689954481741,0xd65525f918d9957f6d72f34fe19b0819ca011207e4913d8a8f3855ab2b10ffd7,1771265719,2026-02-16T18:15:19+00:00,0.34,clob_prices_history
19092623696003297467569975421979058337700248600915517773783333080689954481741,0xd65525f918d9957f6d72f34fe19b0819ca011207e4913d8a8f3855ab2b10ffd7,1771266626,2026-02-16T18:30:26+00:00,0.34,clob_prices_history
19092623696003297467569975421979058337700248600915517773783333080689954481741,0xd65525f918d9957f6d72f34fe19b0819ca011207e4913d8a8f3855ab2b10ffd7,1771267520,2026-02-16T18:45:20+00:00,0.34,clob_prices_history
19092623696003297467569975421979058337700248600915517773783333080689954481741,0xd65525f918d9957f6d72f34fe19b0819ca011207e4913d8a8f3855ab2b10ffd7,1771268426,2026-02-16T19:00:26+00:00,0.34,clob_prices_history
19092623696003297467569975421979058337700248600915517773783333080689954481741,0xd65525f918d9957f6d72f34fe19b0819ca011207e4913d8a8f3855ab2b10ffd7,1771269320,2026-02-16T19:15:20+00:00,0.34,clob_prices_history
19092623696003297467569975421979058337700248600915517773783333080689954481741,0xd65525f918d9957f6d72f34fe19b0819ca011207e4913d8a8f3855ab2b10ffd7,1771270226,2026-02-16T19:30:26+00:00,0.34,clob_prices_history
19092623696003297467569975421979058337700248600915517773783333080689954481741,0xd65525f918d9957f6d72f34fe19b0819ca011207e4913d8a8f3855ab2b10ffd7,1771271126,2026-02-16T19:45:26+00:00,0.335,clob_prices_history
19092623696003297467569975421979058337700248600915517773783333080689954481741,0xd65525f918d9957f6d72f34fe19b0819ca011207e4913d8a8f3855ab2b10ffd7,1771272026,2026-02-16T20:00:26+00:00,0.335,clob_prices_history
19092623696003297467569975421979058337700248600915517773783333080689954481741,0xd65525f918d9957f6d72f34fe19b0819ca011207e4913d8a8f3855ab2b10ffd7,1771272922,2026-02-16T20:15:22+00:00,0.335,clob_prices_history
19092623696003297467569975421979058337700248600915517773783333080689954481741,0xd65525f918d9957f6d72f34fe19b0819ca011207e4913d8a8f3855ab2b10ffd7,1771273832,2026-02-16T20:30:32+00:00,0.335,clob_prices_history
19092623696003297467569975421979058337700248600915517773783333080689954481741,0xd65525f918d9957f6d72f34fe19b0819ca011207e4913d8a8f3855ab2b10ffd7,1771274721,2026-02-16T20:45:21+00:00,0.355,clob_prices_history
19092623696003297467569975421979058337700248600915517773783333080689954481741,0xd65525f918d9957f6d72f34fe19b0819ca011207e4913d8a8f3855ab2b10ffd7,1771275645,2026-02-16T21:00:45+00:00,0.355,clob_prices_history
19092623696003297467569975421979058337700248600915517773783333080689954481741,0xd65525f918d9957f6d72f34fe19b0819ca011207e4913d8a8f3855ab2b10ffd7,1771276520,2026-02-16T21:15:20+00:00,0.355,clob_prices_history
19092623696003297467569975421979058337700248600915517773783333080689954481741,0xd65525f918d9957f6d72f34fe19b0819ca011207e4913d8a8f3855ab2b10ffd7,1771277425,2026-02-16T21:30:25+00:00,0.355,clob_prices_history
19092623696003297467569975421979058337700248600915517773783333080689954481741,0xd65525f918d9957f6d72f34fe19b0819ca011207e4913d8a8f3855ab2b10ffd7,1771278332,2026-02-16T21:45:32+00:00,0.36,clob_prices_history
19092623696003297467569975421979058337700248600915517773783333080689954481741,0xd65525f918d9957f6d72f34fe19b0819ca011207e4913d8a8f3855ab2b10ffd7,1771279232,2026-02-16T22:00:32+00:00,0.36,clob_prices_history
19092623696003297467569975421979058337700248600915517773783333080689954481741,0xd65525f918d9957f6d72f34fe19b0819ca011207e4913d8a8f3855ab2b10ffd7,1771280130,2026-02-16T22:15:30+00:00,0.36,clob_prices_history
19092623696003297467569975421979058337700248600915517773783333080689954481741,0xd65525f918d9957f6d72f34fe19b0819ca011207e4913d8a8f3855ab2b10ffd7,1771281025,2026-02-16T22:30:25+00:00,0.36,clob_prices_history
19092623696003297467569975421979058337700248600915517773783333080689954481741,0xd65525f918d9957f6d72f34fe19b0819ca011207e4913d8a8f3855ab2b10ffd7,1771281919,2026-02-16T22:45:19+00:00,0.36,clob_prices_history
19092623696003297467569975421979058337700248600915517773783333080689954481741,0xd65525f918d9957f6d72f34fe19b0819ca011207e4913d8a8f3855ab2b10ffd7,1771282825,2026-02-16T23:00:25+00:00,0.36,clob_prices_history
19092623696003297467569975421979058337700248600915517773783333080689954481741,0xd65525f918d9957f6d72f34fe19b0819ca011207e4913d8a8f3855ab2b10ffd7,1771283719,2026-02-16T23:15:19+00:00,0.36,clob_prices_history
19092623696003297467569975421979058337700248600915517773783333080689954481741,0xd65525f918d9957f6d72f34fe19b0819ca011207e4913d8a8f3855ab2b10ffd7,1771284633,2026-02-16T23:30:33+00:00,0.36,clob_prices_history
19092623696003297467569975421979058337700248600915517773783333080689954481741,0xd65525f918d9957f6d72f34fe19b0819ca011207e4913d8a8f3855ab2b10ffd7,1771285522,2026-02-16T23:45:22+00:00,0.345,clob_prices_history
19092623696003297467569975421979058337700248600915517773783333080689954481741,0xd65525f918d9957f6d72f34fe19b0819ca011207e4913d8a8f3855ab2b10ffd7,1771286452,2026-02-17T00:00:52+00:00,0.36,clob_prices_history
19092623696003297467569975421979058337700248600915517773783333080689954481741,0xd65525f918d9957f6d72f34fe19b0819ca011207e4913d8a8f3855ab2b10ffd7,1771287320,2026-02-17T00:15:20+00:00,0.36,clob_prices_history
19092623696003297467569975421979058337700248600915517773783333080689954481741,0xd65525f918d9957f6d72f34fe19b0819ca011207e4913d8a8f3855ab2b10ffd7,1771288226,2026-02-17T00:30:26+00:00,0.36,clob_prices_history
19092623696003297467569975421979058337700248600915517773783333080689954481741,0xd65525f918d9957f6d72f34fe19b0819ca011207e4913d8a8f3855ab2b10ffd7,1771289133,2026-02-17T00:45:33+00:00,0.36,clob_prices_history
19092623696003297467569975421979058337700248600915517773783333080689954481741,0xd65525f918d9957f6d72f34fe19b0819ca011207e4913d8a8f3855ab2b10ffd7,1771290029,2026-02-17T01:00:29+00:00,0.36,clob_prices_history
19092623696003297467569975421979058337700248600915517773783333080689954481741,0xd65525f918d9957f6d72f34fe19b0819ca011207e4913d8a8f3855ab2b10ffd7,1771290940,2026-02-17T01:15:40+00:00,0.36,clob_prices_history
19092623696003297467569975421979058337700248600915517773783333080689954481741,0xd65525f918d9957f6d72f34fe19b0819ca011207e4913d8a8f3855ab2b10ffd7,1771291825,2026-02-17T01:30:25+00:00,0.36,clob_prices_history
19092623696003297467569975421979058337700248600915517773783333080689954481741,0xd65525f918d9957f6d72f34fe19b0819ca011207e4913d8a8f3855ab2b10ffd7,1771292732,2026-02-17T01:45:32+00:00,0.36,clob_prices_history
19092623696003297467569975421979058337700248600915517773783333080689954481741,0xd65525f918d9957f6d72f34fe19b0819ca011207e4913d8a8f3855ab2b10ffd7,1771293625,2026-02-17T02:00:25+00:00,0.36,clob_prices_history
19092623696003297467569975421979058337700248600915517773783333080689954481741,0xd65525f918d9957f6d72f34fe19b0819ca011207e4913d8a8f3855ab2b10ffd7,1771294545,2026-02-17T02:15:45+00:00,0.36,clob_prices_history
19092623696003297467569975421979058337700248600915517773783333080689954481741,0xd65525f918d9957f6d72f34fe19b0819ca011207e4913d8a8f3855ab2b10ffd7,1771295425,2026-02-17T02:30:25+00:00,0.41,clob_prices_history
19092623696003297467569975421979058337700248600915517773783333080689954481741,0xd65525f918d9957f6d72f34fe19b0819ca011207e4913d8a8f3855ab2b10ffd7,1771296329,2026-02-17T02:45:29+00:00,0.395,clob_prices_history
19092623696003297467569975421979058337700248600915517773783333080689954481741,0xd65525f918d9957f6d72f34fe19b0819ca011207e4913d8a8f3855ab2b10ffd7,1771297241,2026-02-17T03:00:41+00:00,0.395,clob_prices_history
19092623696003297467569975421979058337700248600915517773783333080689954481741,0xd65525f918d9957f6d72f34fe19b0819ca011207e4913d8a8f3855ab2b10ffd7,1771298121,2026-02-17T03:15:21+00:00,0.395,clob_prices_history
19092623696003297467569975421979058337700248600915517773783333080689954481741,0xd65525f918d9957f6d72f34fe19b0819ca011207e4913d8a8f3855ab2b10ffd7,1771299028,2026-02-17T03:30:28+00:00,0.395,clob_prices_history
19092623696003297467569975421979058337700248600915517773783333080689954481741,0xd65525f918d9957f6d72f34fe19b0819ca011207e4913d8a8f3855ab2b10ffd7,1771299919,2026-02-17T03:45:19+00:00,0.395,clob_prices_history
19092623696003297467569975421979058337700248600915517773783333080689954481741,0xd65525f918d9957f6d72f34fe19b0819ca011207e4913d8a8f3855ab2b10ffd7,1771300830,2026-02-17T04:00:30+00:00,0.395,clob_prices_history
19092623696003297467569975421979058337700248600915517773783333080689954481741,0xd65525f918d9957f6d72f34fe19b0819ca011207e4913d8a8f3855ab2b10ffd7,1771301720,2026-02-17T04:15:20+00:00,0.395,clob_prices_history
19092623696003297467569975421979058337700248600915517773783333080689954481741,0xd65525f918d9957f6d72f34fe19b0819ca011207e4913d8a8f3855ab2b10ffd7,1771302624,2026-02-17T04:30:24+00:00,0.39,clob_prices_history
19092623696003297467569975421979058337700248600915517773783333080689954481741,0xd65525f918d9957f6d72f34fe19b0819ca011207e4913d8a8f3855ab2b10ffd7,1771303519,2026-02-17T04:45:19+00:00,0.405,clob_prices_history
19092623696003297467569975421979058337700248600915517773783333080689954481741,0xd65525f918d9957f6d72f34fe19b0819ca011207e4913d8a8f3855ab2b10ffd7,1771304424,2026-02-17T05:00:24+00:00,0.405,clob_prices_history
19092623696003297467569975421979058337700248600915517773783333080689954481741,0xd65525f918d9957f6d72f34fe19b0819ca011207e4913d8a8f3855ab2b10ffd7,1771305348,2026-02-17T05:15:48+00:00,0.405,clob_prices_history
19092623696003297467569975421979058337700248600915517773783333080689954481741,0xd65525f918d9957f6d72f34fe19b0819ca011207e4913d8a8f3855ab2b10ffd7,1771306225,2026-02-17T05:30:25+00:00,0.405,clob_prices_history
19092623696003297467569975421979058337700248600915517773783333080689954481741,0xd65525f918d9957f6d72f34fe19b0819ca011207e4913d8a8f3855ab2b10ffd7,1771307125,2026-02-17T05:45:25+00:00,0.405,clob_prices_history
19092623696003297467569975421979058337700248600915517773783333080689954481741,0xd65525f918d9957f6d72f34fe19b0819ca011207e4913d8a8f3855ab2b10ffd7,1771308042,2026-02-17T06:00:42+00:00,0.405,clob_prices_history
19092623696003297467569975421979058337700248600915517773783333080689954481741,0xd65525f918d9957f6d72f34fe19b0819ca011207e4913d8a8f3855ab2b10ffd7,1771308921,2026-02-17T06:15:21+00:00,0.405,clob_prices_history
19092623696003297467569975421979058337700248600915517773783333080689954481741,0xd65525f918d9957f6d72f34fe19b0819ca011207e4913d8a8f3855ab2b10ffd7,1771309826,2026-02-17T06:30:26+00:00,0.405,clob_prices_history
19092623696003297467569975421979058337700248600915517773783333080689954481741,0xd65525f918d9957f6d72f34fe19b0819ca011207e4913d8a8f3855ab2b10ffd7,1771310721,2026-02-17T06:45:21+00:00,0.405,clob_prices_history
19092623696003297467569975421979058337700248600915517773783333080689954481741,0xd65525f918d9957f6d72f34fe19b0819ca011207e4913d8a8f3855ab2b10ffd7,1771311626,2026-02-17T07:00:26+00:00,0.395,clob_prices_history
19092623696003297467569975421979058337700248600915517773783333080689954481741,0xd65525f918d9957f6d72f34fe19b0819ca011207e4913d8a8f3855ab2b10ffd7,1771312526,2026-02-17T07:15:26+00:00,0.395,clob_prices_history
19092623696003297467569975421979058337700248600915517773783333080689954481741,0xd65525f918d9957f6d72f34fe19b0819ca011207e4913d8a8f3855ab2b10ffd7,1771313425,2026-02-17T07:30:25+00:00,0.395,clob_prices_history
19092623696003297467569975421979058337700248600915517773783333080689954481741,0xd65525f918d9957f6d72f34fe19b0819ca011207e4913d8a8f3855ab2b10ffd7,1771314321,2026-02-17T07:45:21+00:00,0.395,clob_prices_history
19092623696003297467569975421979058337700248600915517773783333080689954481741,0xd65525f918d9957f6d72f34fe19b0819ca011207e4913d8a8f3855ab2b10ffd7,1771315237,2026-02-17T08:00:37+00:00,0.395,clob_prices_history
19092623696003297467569975421979058337700248600915517773783333080689954481741,0xd65525f918d9957f6d72f34fe19b0819ca011207e4913d8a8f3855ab2b10ffd7,1771316125,2026-02-17T08:15:25+00:00,0.395,clob_prices_history
19092623696003297467569975421979058337700248600915517773783333080689954481741,0xd65525f918d9957f6d72f34fe19b0819ca011207e4913d8a8f3855ab2b10ffd7,1771317026,2026-02-17T08:30:26+00:00,0.37,clob_prices_history
19092623696003297467569975421979058337700248600915517773783333080689954481741,0xd65525f918d9957f6d72f34fe19b0819ca011207e4913d8a8f3855ab2b10ffd7,1771317920,2026-02-17T08:45:20+00:00,0.37,clob_prices_history
19092623696003297467569975421979058337700248600915517773783333080689954481741,0xd65525f918d9957f6d72f34fe19b0819ca011207e4913d8a8f3855ab2b10ffd7,1771318843,2026-02-17T09:00:43+00:00,0.37,clob_prices_history
19092623696003297467569975421979058337700248600915517773783333080689954481741,0xd65525f918d9957f6d72f34fe19b0819ca011207e4913d8a8f3855ab2b10ffd7,1771319720,2026-02-17T09:15:20+00:00,0.37,clob_prices_history
19092623696003297467569975421979058337700248600915517773783333080689954481741,0xd65525f918d9957f6d72f34fe19b0819ca011207e4913d8a8f3855ab2b10ffd7,1771320625,2026-02-17T09:30:25+00:00,0.365,clob_prices_history
19092623696003297467569975421979058337700248600915517773783333080689954481741,0xd65525f918d9957f6d72f34fe19b0819ca011207e4913d8a8f3855ab2b10ffd7,1771321521,2026-02-17T09:45:21+00:00,0.37,clob_prices_history
19092623696003297467569975421979058337700248600915517773783333080689954481741,0xd65525f918d9957f6d72f34fe19b0819ca011207e4913d8a8f3855ab2b10ffd7,1771322430,2026-02-17T10:00:30+00:00,0.37,clob_prices_history
19092623696003297467569975421979058337700248600915517773783333080689954481741,0xd65525f918d9957f6d72f34fe19b0819ca011207e4913d8a8f3855ab2b10ffd7,1771323321,2026-02-17T10:15:21+00:00,0.37,clob_prices_history
19092623696003297467569975421979058337700248600915517773783333080689954481741,0xd65525f918d9957f6d72f34fe19b0819ca011207e4913d8a8f3855ab2b10ffd7,1771324225,2026-02-17T10:30:25+00:00,0.365,clob_prices_history
19092623696003297467569975421979058337700248600915517773783333080689954481741,0xd65525f918d9957f6d72f34fe19b0819ca011207e4913d8a8f3855ab2b10ffd7,1771325125,2026-02-17T10:45:25+00:00,0.37,clob_prices_history
19092623696003297467569975421979058337700248600915517773783333080689954481741,0xd65525f918d9957f6d72f34fe19b0819ca011207e4913d8a8f3855ab2b10ffd7,1771326025,2026-02-17T11:00:25+00:00,0.37,clob_prices_history
19092623696003297467569975421979058337700248600915517773783333080689954481741,0xd65525f918d9957f6d72f34fe19b0819ca011207e4913d8a8f3855ab2b10ffd7,1771326921,2026-02-17T11:15:21+00:00,0.37,clob_prices_history
19092623696003297467569975421979058337700248600915517773783333080689954481741,0xd65525f918d9957f6d72f34fe19b0819ca011207e4913d8a8f3855ab2b10ffd7,1771327828,2026-02-17T11:30:28+00:00,0.375,clob_prices_history
19092623696003297467569975421979058337700248600915517773783333080689954481741,0xd65525f918d9957f6d72f34fe19b0819ca011207e4913d8a8f3855ab2b10ffd7,1771328720,2026-02-17T11:45:20+00:00,0.375,clob_prices_history
19092623696003297467569975421979058337700248600915517773783333080689954481741,0xd65525f918d9957f6d72f34fe19b0819ca011207e4913d8a8f3855ab2b10ffd7,1771330520,2026-02-17T12:15:20+00:00,0.375,clob_prices_history
19092623696003297467569975421979058337700248600915517773783333080689954481741,0xd65525f918d9957f6d72f34fe19b0819ca011207e4913d8a8f3855ab2b10ffd7,1771331454,2026-02-17T12:30:54+00:00,0.375,clob_prices_history
19092623696003297467569975421979058337700248600915517773783333080689954481741,0xd65525f918d9957f6d72f34fe19b0819ca011207e4913d8a8f3855ab2b10ffd7,1771332321,2026-02-17T12:45:21+00:00,0.38,clob_prices_history
19092623696003297467569975421979058337700248600915517773783333080689954481741,0xd65525f918d9957f6d72f34fe19b0819ca011207e4913d8a8f3855ab2b10ffd7,1771333226,2026-02-17T13:00:26+00:00,0.38,clob_prices_history
19092623696003297467569975421979058337700248600915517773783333080689954481741,0xd65525f918d9957f6d72f34fe19b0819ca011207e4913d8a8f3855ab2b10ffd7,1771334120,2026-02-17T13:15:20+00:00,0.38,clob_prices_history
19092623696003297467569975421979058337700248600915517773783333080689954481741,0xd65525f918d9957f6d72f34fe19b0819ca011207e4913d8a8f3855ab2b10ffd7,1771335027,2026-02-17T13:30:27+00:00,0.38,clob_prices_history
19092623696003297467569975421979058337700248600915517773783333080689954481741,0xd65525f918d9957f6d72f34fe19b0819ca011207e4913d8a8f3855ab2b10ffd7,1771335955,2026-02-17T13:45:55+00:00,0.38,clob_prices_history
19092623696003297467569975421979058337700248600915517773783333080689954481741,0xd65525f918d9957f6d72f34fe19b0819ca011207e4913d8a8f3855ab2b10ffd7,1771336825,2026-02-17T14:00:25+00:00,0.38,clob_prices_history
19092623696003297467569975421979058337700248600915517773783333080689954481741,0xd65525f918d9957f6d72f34fe19b0819ca011207e4913d8a8f3855ab2b10ffd7,1771337725,2026-02-17T14:15:25+00:00,0.38,clob_prices_history
19092623696003297467569975421979058337700248600915517773783333080689954481741,0xd65525f918d9957f6d72f34fe19b0819ca011207e4913d8a8f3855ab2b10ffd7,1771338627,2026-02-17T14:30:27+00:00,0.35,clob_prices_history
19092623696003297467569975421979058337700248600915517773783333080689954481741,0xd65525f918d9957f6d72f34fe19b0819ca011207e4913d8a8f3855ab2b10ffd7,1771339521,2026-02-17T14:45:21+00:00,0.35,clob_prices_history
19092623696003297467569975421979058337700248600915517773783333080689954481741,0xd65525f918d9957f6d72f34fe19b0819ca011207e4913d8a8f3855ab2b10ffd7,1771340453,2026-02-17T15:00:53+00:00,0.345,clob_prices_history
19092623696003297467569975421979058337700248600915517773783333080689954481741,0xd65525f918d9957f6d72f34fe19b0819ca011207e4913d8a8f3855ab2b10ffd7,1771341322,2026-02-17T15:15:22+00:00,0.39,clob_prices_history
19092623696003297467569975421979058337700248600915517773783333080689954481741,0xd65525f918d9957f6d72f34fe19b0819ca011207e4913d8a8f3855ab2b10ffd7,1771342233,2026-02-17T15:30:33+00:00,0.39,clob_prices_history
19092623696003297467569975421979058337700248600915517773783333080689954481741,0xd65525f918d9957f6d72f34fe19b0819ca011207e4913d8a8f3855ab2b10ffd7,1771343123,2026-02-17T15:45:23+00:00,0.385,clob_prices_history
19092623696003297467569975421979058337700248600915517773783333080689954481741,0xd65525f918d9957f6d72f34fe19b0819ca011207e4913d8a8f3855ab2b10ffd7,1771344026,2026-02-17T16:00:26+00:00,0.405,clob_prices_history
19092623696003297467569975421979058337700248600915517773783333080689954481741,0xd65525f918d9957f6d72f34fe19b0819ca011207e4913d8a8f3855ab2b10ffd7,1771344926,2026-02-17T16:15:26+00:00,0.405,clob_prices_history
19092623696003297467569975421979058337700248600915517773783333080689954481741,0xd65525f918d9957f6d72f34fe19b0819ca011207e4913d8a8f3855ab2b10ffd7,1771345826,2026-02-17T16:30:26+00:00,0.405,clob_prices_history
19092623696003297467569975421979058337700248600915517773783333080689954481741,0xd65525f918d9957f6d72f34fe19b0819ca011207e4913d8a8f3855ab2b10ffd7,1771346726,2026-02-17T16:45:26+00:00,0.405,clob_prices_history
19092623696003297467569975421979058337700248600915517773783333080689954481741,0xd65525f918d9957f6d72f34fe19b0819ca011207e4913d8a8f3855ab2b10ffd7,1771347652,2026-02-17T17:00:52+00:00,0.405,clob_prices_history
19092623696003297467569975421979058337700248600915517773783333080689954481741,0xd65525f918d9957f6d72f34fe19b0819ca011207e4913d8a8f3855ab2b10ffd7,1771348520,2026-02-17T17:15:20+00:00,0.405,clob_prices_history
19092623696003297467569975421979058337700248600915517773783333080689954481741,0xd65525f918d9957f6d72f34fe19b0819ca011207e4913d8a8f3855ab2b10ffd7,1771349439,2026-02-17T17:30:39+00:00,0.39,clob_prices_history
19092623696003297467569975421979058337700248600915517773783333080689954481741,0xd65525f918d9957f6d72f34fe19b0819ca011207e4913d8a8f3855ab2b10ffd7,1771350323,2026-02-17T17:45:23+00:00,0.385,clob_prices_history
19092623696003297467569975421979058337700248600915517773783333080689954481741,0xd65525f918d9957f6d72f34fe19b0819ca011207e4913d8a8f3855ab2b10ffd7,1771351255,2026-02-17T18:00:55+00:00,0.385,clob_prices_history
19092623696003297467569975421979058337700248600915517773783333080689954481741,0xd65525f918d9957f6d72f34fe19b0819ca011207e4913d8a8f3855ab2b10ffd7,1771352120,2026-02-17T18:15:20+00:00,0.375,clob_prices_history
19092623696003297467569975421979058337700248600915517773783333080689954481741,0xd65525f918d9957f6d72f34fe19b0819ca011207e4913d8a8f3855ab2b10ffd7,1771353026,2026-02-17T18:30:26+00:00,0.37,clob_prices_history
19092623696003297467569975421979058337700248600915517773783333080689954481741,0xd65525f918d9957f6d72f34fe19b0819ca011207e4913d8a8f3855ab2b10ffd7,1771353920,2026-02-17T18:45:20+00:00,0.36,clob_prices_history
19092623696003297467569975421979058337700248600915517773783333080689954481741,0xd65525f918d9957f6d72f34fe19b0819ca011207e4913d8a8f3855ab2b10ffd7,1771354806,2026-02-17T19:00:06+00:00,0.375,clob_prices_history
19092623696003297467569975421979058337700248600915517773783333080689954481741,0xd65525f918d9957f6d72f34fe19b0819ca011207e4913d8a8f3855ab2b10ffd7,1771354839,2026-02-17T19:00:39+00:00,0.375,clob_prices_history
19092623696003297467569975421979058337700248600915517773783333080689954481741,0xd65525f918d9957f6d72f34fe19b0819ca011207e4913d8a8f3855ab2b10ffd7,1771355725,2026-02-17T19:15:25+00:00,0.375,clob_prices_history
19092623696003297467569975421979058337700248600915517773783333080689954481741,0xd65525f918d9957f6d72f34fe19b0819ca011207e4913d8a8f3855ab2b10ffd7,1771356624,2026-02-17T19:30:24+00:00,0.375,clob_prices_history
19092623696003297467569975421979058337700248600915517773783333080689954481741,0xd65525f918d9957f6d72f34fe19b0819ca011207e4913d8a8f3855ab2b10ffd7,1771357521,2026-02-17T19:45:21+00:00,0.375,clob_prices_history
19092623696003297467569975421979058337700248600915517773783333080689954481741,0xd65525f918d9957f6d72f34fe19b0819ca011207e4913d8a8f3855ab2b10ffd7,1771358425,2026-02-17T20:00:25+00:00,0.385,clob_prices_history
19092623696003297467569975421979058337700248600915517773783333080689954481741,0xd65525f918d9957f6d72f34fe19b0819ca011207e4913d8a8f3855ab2b10ffd7,1771359327,2026-02-17T20:15:27+00:00,0.385,clob_prices_history
19092623696003297467569975421979058337700248600915517773783333080689954481741,0xd65525f918d9957f6d72f34fe19b0819ca011207e4913d8a8f3855ab2b10ffd7,1771360235,2026-02-17T20:30:35+00:00,0.385,clob_prices_history
19092623696003297467569975421979058337700248600915517773783333080689954481741,0xd65525f918d9957f6d72f34fe19b0819ca011207e4913d8a8f3855ab2b10ffd7,1771361121,2026-02-17T20:45:21+00:00,0.385,clob_prices_history
19092623696003297467569975421979058337700248600915517773783333080689954481741,0xd65525f918d9957f6d72f34fe19b0819ca011207e4913d8a8f3855ab2b10ffd7,1771362042,2026-02-17T21:00:42+00:00,0.385,clob_prices_history
19092623696003297467569975421979058337700248600915517773783333080689954481741,0xd65525f918d9957f6d72f34fe19b0819ca011207e4913d8a8f3855ab2b10ffd7,1771362925,2026-02-17T21:15:25+00:00,0.385,clob_prices_history
19092623696003297467569975421979058337700248600915517773783333080689954481741,0xd65525f918d9957f6d72f34fe19b0819ca011207e4913d8a8f3855ab2b10ffd7,1771363852,2026-02-17T21:30:52+00:00,0.375,clob_prices_history
19092623696003297467569975421979058337700248600915517773783333080689954481741,0xd65525f918d9957f6d72f34fe19b0819ca011207e4913d8a8f3855ab2b10ffd7,1771364719,2026-02-17T21:45:19+00:00,0.38,clob_prices_history
19092623696003297467569975421979058337700248600915517773783333080689954481741,0xd65525f918d9957f6d72f34fe19b0819ca011207e4913d8a8f3855ab2b10ffd7,1771365631,2026-02-17T22:00:31+00:00,0.38,clob_prices_history
19092623696003297467569975421979058337700248600915517773783333080689954481741,0xd65525f918d9957f6d72f34fe19b0819ca011207e4913d8a8f3855ab2b10ffd7,1771366520,2026-02-17T22:15:20+00:00,0.38,clob_prices_history
19092623696003297467569975421979058337700248600915517773783333080689954481741,0xd65525f918d9957f6d72f34fe19b0819ca011207e4913d8a8f3855ab2b10ffd7,1771367425,2026-02-17T22:30:25+00:00,0.38,clob_prices_history
19092623696003297467569975421979058337700248600915517773783333080689954481741,0xd65525f918d9957f6d72f34fe19b0819ca011207e4913d8a8f3855ab2b10ffd7,1771368334,2026-02-17T22:45:34+00:00,0.38,clob_prices_history
19092623696003297467569975421979058337700248600915517773783333080689954481741,0xd65525f918d9957f6d72f34fe19b0819ca011207e4913d8a8f3855ab2b10ffd7,1771369225,2026-02-17T23:00:25+00:00,0.375,clob_prices_history
19092623696003297467569975421979058337700248600915517773783333080689954481741,0xd65525f918d9957f6d72f34fe19b0819ca011207e4913d8a8f3855ab2b10ffd7,1771370121,2026-02-17T23:15:21+00:00,0.38,clob_prices_history
19092623696003297467569975421979058337700248600915517773783333080689954481741,0xd65525f918d9957f6d72f34fe19b0819ca011207e4913d8a8f3855ab2b10ffd7,1771371026,2026-02-17T23:30:26+00:00,0.38,clob_prices_history
19092623696003297467569975421979058337700248600915517773783333080689954481741,0xd65525f918d9957f6d72f34fe19b0819ca011207e4913d8a8f3855ab2b10ffd7,1771371921,2026-02-17T23:45:21+00:00,0.38,clob_prices_history
19092623696003297467569975421979058337700248600915517773783333080689954481741,0xd65525f918d9957f6d72f34fe19b0819ca011207e4913d8a8f3855ab2b10ffd7,1771372855,2026-02-18T00:00:55+00:00,0.38,clob_prices_history
19092623696003297467569975421979058337700248600915517773783333080689954481741,0xd65525f918d9957f6d72f34fe19b0819ca011207e4913d8a8f3855ab2b10ffd7,1771373720,2026-02-18T00:15:20+00:00,0.38,clob_prices_history
19092623696003297467569975421979058337700248600915517773783333080689954481741,0xd65525f918d9957f6d72f34fe19b0819ca011207e4913d8a8f3855ab2b10ffd7,1771374627,2026-02-18T00:30:27+00:00,0.375,clob_prices_history
19092623696003297467569975421979058337700248600915517773783333080689954481741,0xd65525f918d9957f6d72f34fe19b0819ca011207e4913d8a8f3855ab2b10ffd7,1771375521,2026-02-18T00:45:21+00:00,0.375,clob_prices_history
19092623696003297467569975421979058337700248600915517773783333080689954481741,0xd65525f918d9957f6d72f34fe19b0819ca011207e4913d8a8f3855ab2b10ffd7,1771376424,2026-02-18T01:00:24+00:00,0.375,clob_prices_history
19092623696003297467569975421979058337700248600915517773783333080689954481741,0xd65525f918d9957f6d72f34fe19b0819ca011207e4913d8a8f3855ab2b10ffd7,1771377321,2026-02-18T01:15:21+00:00,0.375,clob_prices_history
19092623696003297467569975421979058337700248600915517773783333080689954481741,0xd65525f918d9957f6d72f34fe19b0819ca011207e4913d8a8f3855ab2b10ffd7,1771378226,2026-02-18T01:30:26+00:00,0.375,clob_prices_history
19092623696003297467569975421979058337700248600915517773783333080689954481741,0xd65525f918d9957f6d72f34fe19b0819ca011207e4913d8a8f3855ab2b10ffd7,1771379119,2026-02-18T01:45:19+00:00,0.37,clob_prices_history
19092623696003297467569975421979058337700248600915517773783333080689954481741,0xd65525f918d9957f6d72f34fe19b0819ca011207e4913d8a8f3855ab2b10ffd7,1771380025,2026-02-18T02:00:25+00:00,0.375,clob_prices_history
19092623696003297467569975421979058337700248600915517773783333080689954481741,0xd65525f918d9957f6d72f34fe19b0819ca011207e4913d8a8f3855ab2b10ffd7,1771380939,2026-02-18T02:15:39+00:00,0.37,clob_prices_history
19092623696003297467569975421979058337700248600915517773783333080689954481741,0xd65525f918d9957f6d72f34fe19b0819ca011207e4913d8a8f3855ab2b10ffd7,1771381824,2026-02-18T02:30:24+00:00,0.375,clob_prices_history
19092623696003297467569975421979058337700248600915517773783333080689954481741,0xd65525f918d9957f6d72f34fe19b0819ca011207e4913d8a8f3855ab2b10ffd7,1771382719,2026-02-18T02:45:19+00:00,0.375,clob_prices_history
19092623696003297467569975421979058337700248600915517773783333080689954481741,0xd65525f918d9957f6d72f34fe19b0819ca011207e4913d8a8f3855ab2b10ffd7,1771383629,2026-02-18T03:00:29+00:00,0.375,clob_prices_history
19092623696003297467569975421979058337700248600915517773783333080689954481741,0xd65525f918d9957f6d72f34fe19b0819ca011207e4913d8a8f3855ab2b10ffd7,1771384521,2026-02-18T03:15:21+00:00,0.375,clob_prices_history
19092623696003297467569975421979058337700248600915517773783333080689954481741,0xd65525f918d9957f6d72f34fe19b0819ca011207e4913d8a8f3855ab2b10ffd7,1771385424,2026-02-18T03:30:24+00:00,0.37,clob_prices_history
19092623696003297467569975421979058337700248600915517773783333080689954481741,0xd65525f918d9957f6d72f34fe19b0819ca011207e4913d8a8f3855ab2b10ffd7,1771386321,2026-02-18T03:45:21+00:00,0.375,clob_prices_history
19092623696003297467569975421979058337700248600915517773783333080689954481741,0xd65525f918d9957f6d72f34fe19b0819ca011207e4913d8a8f3855ab2b10ffd7,1771387225,2026-02-18T04:00:25+00:00,0.375,clob_prices_history
19092623696003297467569975421979058337700248600915517773783333080689954481741,0xd65525f918d9957f6d72f34fe19b0819ca011207e4913d8a8f3855ab2b10ffd7,1771388119,2026-02-18T04:15:19+00:00,0.375,clob_prices_history
19092623696003297467569975421979058337700248600915517773783333080689954481741,0xd65525f918d9957f6d72f34fe19b0819ca011207e4913d8a8f3855ab2b10ffd7,1771389024,2026-02-18T04:30:24+00:00,0.375,clob_prices_history
19092623696003297467569975421979058337700248600915517773783333080689954481741,0xd65525f918d9957f6d72f34fe19b0819ca011207e4913d8a8f3855ab2b10ffd7,1771389922,2026-02-18T04:45:22+00:00,0.375,clob_prices_history
19092623696003297467569975421979058337700248600915517773783333080689954481741,0xd65525f918d9957f6d72f34fe19b0819ca011207e4913d8a8f3855ab2b10ffd7,1771390839,2026-02-18T05:00:39+00:00,0.375,clob_prices_history
19092623696003297467569975421979058337700248600915517773783333080689954481741,0xd65525f918d9957f6d72f34fe19b0819ca011207e4913d8a8f3855ab2b10ffd7,1771391721,2026-02-18T05:15:21+00:00,0.375,clob_prices_history
19092623696003297467569975421979058337700248600915517773783333080689954481741,0xd65525f918d9957f6d72f34fe19b0819ca011207e4913d8a8f3855ab2b10ffd7,1771392626,2026-02-18T05:30:26+00:00,0.375,clob_prices_history
19092623696003297467569975421979058337700248600915517773783333080689954481741,0xd65525f918d9957f6d72f34fe19b0819ca011207e4913d8a8f3855ab2b10ffd7,1771393519,2026-02-18T05:45:19+00:00,0.375,clob_prices_history
19092623696003297467569975421979058337700248600915517773783333080689954481741,0xd65525f918d9957f6d72f34fe19b0819ca011207e4913d8a8f3855ab2b10ffd7,1771394442,2026-02-18T06:00:42+00:00,0.375,clob_prices_history
19092623696003297467569975421979058337700248600915517773783333080689954481741,0xd65525f918d9957f6d72f34fe19b0819ca011207e4913d8a8f3855ab2b10ffd7,1771395320,2026-02-18T06:15:20+00:00,0.375,clob_prices_history
19092623696003297467569975421979058337700248600915517773783333080689954481741,0xd65525f918d9957f6d72f34fe19b0819ca011207e4913d8a8f3855ab2b10ffd7,1771396225,2026-02-18T06:30:25+00:00,0.375,clob_prices_history
19092623696003297467569975421979058337700248600915517773783333080689954481741,0xd65525f918d9957f6d72f34fe19b0819ca011207e4913d8a8f3855ab2b10ffd7,1771397119,2026-02-18T06:45:19+00:00,0.375,clob_prices_history
19092623696003297467569975421979058337700248600915517773783333080689954481741,0xd65525f918d9957f6d72f34fe19b0819ca011207e4913d8a8f3855ab2b10ffd7,1771398025,2026-02-18T07:00:25+00:00,0.375,clob_prices_history
19092623696003297467569975421979058337700248600915517773783333080689954481741,0xd65525f918d9957f6d72f34fe19b0819ca011207e4913d8a8f3855ab2b10ffd7,1771398920,2026-02-18T07:15:20+00:00,0.375,clob_prices_history
19092623696003297467569975421979058337700248600915517773783333080689954481741,0xd65525f918d9957f6d72f34fe19b0819ca011207e4913d8a8f3855ab2b10ffd7,1771399825,2026-02-18T07:30:25+00:00,0.375,clob_prices_history
19092623696003297467569975421979058337700248600915517773783333080689954481741,0xd65525f918d9957f6d72f34fe19b0819ca011207e4913d8a8f3855ab2b10ffd7,1771400722,2026-02-18T07:45:22+00:00,0.375,clob_prices_history
19092623696003297467569975421979058337700248600915517773783333080689954481741,0xd65525f918d9957f6d72f34fe19b0819ca011207e4913d8a8f3855ab2b10ffd7,1771401626,2026-02-18T08:00:26+00:00,0.375,clob_prices_history
19092623696003297467569975421979058337700248600915517773783333080689954481741,0xd65525f918d9957f6d72f34fe19b0819ca011207e4913d8a8f3855ab2b10ffd7,1771402520,2026-02-18T08:15:20+00:00,0.375,clob_prices_history
19092623696003297467569975421979058337700248600915517773783333080689954481741,0xd65525f918d9957f6d72f34fe19b0819ca011207e4913d8a8f3855ab2b10ffd7,1771403426,2026-02-18T08:30:26+00:00,0.375,clob_prices_history
19092623696003297467569975421979058337700248600915517773783333080689954481741,0xd65525f918d9957f6d72f34fe19b0819ca011207e4913d8a8f3855ab2b10ffd7,1771404319,2026-02-18T08:45:19+00:00,0.375,clob_prices_history
19092623696003297467569975421979058337700248600915517773783333080689954481741,0xd65525f918d9957f6d72f34fe19b0819ca011207e4913d8a8f3855ab2b10ffd7,1771406122,2026-02-18T09:15:22+00:00,0.375,clob_prices_history
19092623696003297467569975421979058337700248600915517773783333080689954481741,0xd65525f918d9957f6d72f34fe19b0819ca011207e4913d8a8f3855ab2b10ffd7,1771407025,2026-02-18T09:30:25+00:00,0.375,clob_prices_history
19092623696003297467569975421979058337700248600915517773783333080689954481741,0xd65525f918d9957f6d72f34fe19b0819ca011207e4913d8a8f3855ab2b10ffd7,1771407920,2026-02-18T09:45:20+00:00,0.375,clob_prices_history
19092623696003297467569975421979058337700248600915517773783333080689954481741,0xd65525f918d9957f6d72f34fe19b0819ca011207e4913d8a8f3855ab2b10ffd7,1771408828,2026-02-18T10:00:28+00:00,0.375,clob_prices_history
19092623696003297467569975421979058337700248600915517773783333080689954481741,0xd65525f918d9957f6d72f34fe19b0819ca011207e4913d8a8f3855ab2b10ffd7,1771409719,2026-02-18T10:15:19+00:00,0.375,clob_prices_history
19092623696003297467569975421979058337700248600915517773783333080689954481741,0xd65525f918d9957f6d72f34fe19b0819ca011207e4913d8a8f3855ab2b10ffd7,1771410625,2026-02-18T10:30:25+00:00,0.38,clob_prices_history
19092623696003297467569975421979058337700248600915517773783333080689954481741,0xd65525f918d9957f6d72f34fe19b0819ca011207e4913d8a8f3855ab2b10ffd7,1771411520,2026-02-18T10:45:20+00:00,0.38,clob_prices_history
19092623696003297467569975421979058337700248600915517773783333080689954481741,0xd65525f918d9957f6d72f34fe19b0819ca011207e4913d8a8f3855ab2b10ffd7,1771412428,2026-02-18T11:00:28+00:00,0.38,clob_prices_history
19092623696003297467569975421979058337700248600915517773783333080689954481741,0xd65525f918d9957f6d72f34fe19b0819ca011207e4913d8a8f3855ab2b10ffd7,1771413320,2026-02-18T11:15:20+00:00,0.38,clob_prices_history
19092623696003297467569975421979058337700248600915517773783333080689954481741,0xd65525f918d9957f6d72f34fe19b0819ca011207e4913d8a8f3855ab2b10ffd7,1771414226,2026-02-18T11:30:26+00:00,0.38,clob_prices_history
19092623696003297467569975421979058337700248600915517773783333080689954481741,0xd65525f918d9957f6d72f34fe19b0819ca011207e4913d8a8f3855ab2b10ffd7,1771415120,2026-02-18T11:45:20+00:00,0.38,clob_prices_history
19092623696003297467569975421979058337700248600915517773783333080689954481741,0xd65525f918d9957f6d72f34fe19b0819ca011207e4913d8a8f3855ab2b10ffd7,1771416053,2026-02-18T12:00:53+00:00,0.38,clob_prices_history
19092623696003297467569975421979058337700248600915517773783333080689954481741,0xd65525f918d9957f6d72f34fe19b0819ca011207e4913d8a8f3855ab2b10ffd7,1771416920,2026-02-18T12:15:20+00:00,0.38,clob_prices_history
19092623696003297467569975421979058337700248600915517773783333080689954481741,0xd65525f918d9957f6d72f34fe19b0819ca011207e4913d8a8f3855ab2b10ffd7,1771417827,2026-02-18T12:30:27+00:00,0.38,clob_prices_history
19092623696003297467569975421979058337700248600915517773783333080689954481741,0xd65525f918d9957f6d72f34fe19b0819ca011207e4913d8a8f3855ab2b10ffd7,1771418720,2026-02-18T12:45:20+00:00,0.38,clob_prices_history
19092623696003297467569975421979058337700248600915517773783333080689954481741,0xd65525f918d9957f6d72f34fe19b0819ca011207e4913d8a8f3855ab2b10ffd7,1771419625,2026-02-18T13:00:25+00:00,0.38,clob_prices_history
19092623696003297467569975421979058337700248600915517773783333080689954481741,0xd65525f918d9957f6d72f34fe19b0819ca011207e4913d8a8f3855ab2b10ffd7,1771420520,2026-02-18T13:15:20+00:00,0.38,clob_prices_history
19092623696003297467569975421979058337700248600915517773783333080689954481741,0xd65525f918d9957f6d72f34fe19b0819ca011207e4913d8a8f3855ab2b10ffd7,1771421424,2026-02-18T13:30:24+00:00,0.38,clob_prices_history
19092623696003297467569975421979058337700248600915517773783333080689954481741,0xd65525f918d9957f6d72f34fe19b0819ca011207e4913d8a8f3855ab2b10ffd7,1771422319,2026-02-18T13:45:19+00:00,0.38,clob_prices_history
19092623696003297467569975421979058337700248600915517773783333080689954481741,0xd65525f918d9957f6d72f34fe19b0819ca011207e4913d8a8f3855ab2b10ffd7,1771423227,2026-02-18T14:00:27+00:00,0.38,clob_prices_history
19092623696003297467569975421979058337700248600915517773783333080689954481741,0xd65525f918d9957f6d72f34fe19b0819ca011207e4913d8a8f3855ab2b10ffd7,1771424124,2026-02-18T14:15:24+00:00,0.38,clob_prices_history
19092623696003297467569975421979058337700248600915517773783333080689954481741,0xd65525f918d9957f6d72f34fe19b0819ca011207e4913d8a8f3855ab2b10ffd7,1771425026,2026-02-18T14:30:26+00:00,0.38,clob_prices_history
19092623696003297467569975421979058337700248600915517773783333080689954481741,0xd65525f918d9957f6d72f34fe19b0819ca011207e4913d8a8f3855ab2b10ffd7,1771425920,2026-02-18T14:45:20+00:00,0.38,clob_prices_history
19092623696003297467569975421979058337700248600915517773783333080689954481741,0xd65525f918d9957f6d72f34fe19b0819ca011207e4913d8a8f3855ab2b10ffd7,1771427721,2026-02-18T15:15:21+00:00,0.37,clob_prices_history
19092623696003297467569975421979058337700248600915517773783333080689954481741,0xd65525f918d9957f6d72f34fe19b0819ca011207e4913d8a8f3855ab2b10ffd7,1771428626,2026-02-18T15:30:26+00:00,0.37,clob_prices_history
19092623696003297467569975421979058337700248600915517773783333080689954481741,0xd65525f918d9957f6d72f34fe19b0819ca011207e4913d8a8f3855ab2b10ffd7,1771429519,2026-02-18T15:45:19+00:00,0.38,clob_prices_history
19092623696003297467569975421979058337700248600915517773783333080689954481741,0xd65525f918d9957f6d72f34fe19b0819ca011207e4913d8a8f3855ab2b10ffd7,1771430429,2026-02-18T16:00:29+00:00,0.37,clob_prices_history
19092623696003297467569975421979058337700248600915517773783333080689954481741,0xd65525f918d9957f6d72f34fe19b0819ca011207e4913d8a8f3855ab2b10ffd7,1771431321,2026-02-18T16:15:21+00:00,0.37,clob_prices_history
19092623696003297467569975421979058337700248600915517773783333080689954481741,0xd65525f918d9957f6d72f34fe19b0819ca011207e4913d8a8f3855ab2b10ffd7,1771432227,2026-02-18T16:30:27+00:00,0.375,clob_prices_history
19092623696003297467569975421979058337700248600915517773783333080689954481741,0xd65525f918d9957f6d72f34fe19b0819ca011207e4913d8a8f3855ab2b10ffd7,1771433122,2026-02-18T16:45:22+00:00,0.38,clob_prices_history
19092623696003297467569975421979058337700248600915517773783333080689954481741,0xd65525f918d9957f6d72f34fe19b0819ca011207e4913d8a8f3855ab2b10ffd7,1771434025,2026-02-18T17:00:25+00:00,0.37,clob_prices_history
19092623696003297467569975421979058337700248600915517773783333080689954481741,0xd65525f918d9957f6d72f34fe19b0819ca011207e4913d8a8f3855ab2b10ffd7,1771434924,2026-02-18T17:15:24+00:00,0.37,clob_prices_history
19092623696003297467569975421979058337700248600915517773783333080689954481741,0xd65525f918d9957f6d72f34fe19b0819ca011207e4913d8a8f3855ab2b10ffd7,1771435829,2026-02-18T17:30:29+00:00,0.365,clob_prices_history
19092623696003297467569975421979058337700248600915517773783333080689954481741,0xd65525f918d9957f6d72f34fe19b0819ca011207e4913d8a8f3855ab2b10ffd7,1771436721,2026-02-18T17:45:21+00:00,0.375,clob_prices_history
19092623696003297467569975421979058337700248600915517773783333080689954481741,0xd65525f918d9957f6d72f34fe19b0819ca011207e4913d8a8f3855ab2b10ffd7,1771437644,2026-02-18T18:00:44+00:00,0.38,clob_prices_history
19092623696003297467569975421979058337700248600915517773783333080689954481741,0xd65525f918d9957f6d72f34fe19b0819ca011207e4913d8a8f3855ab2b10ffd7,1771438521,2026-02-18T18:15:21+00:00,0.38,clob_prices_history
19092623696003297467569975421979058337700248600915517773783333080689954481741,0xd65525f918d9957f6d72f34fe19b0819ca011207e4913d8a8f3855ab2b10ffd7,1771439428,2026-02-18T18:30:28+00:00,0.37,clob_prices_history
19092623696003297467569975421979058337700248600915517773783333080689954481741,0xd65525f918d9957f6d72f34fe19b0819ca011207e4913d8a8f3855ab2b10ffd7,1771440326,2026-02-18T18:45:26+00:00,0.37,clob_prices_history
19092623696003297467569975421979058337700248600915517773783333080689954481741,0xd65525f918d9957f6d72f34fe19b0819ca011207e4913d8a8f3855ab2b10ffd7,1771441227,2026-02-18T19:00:27+00:00,0.37,clob_prices_history
19092623696003297467569975421979058337700248600915517773783333080689954481741,0xd65525f918d9957f6d72f34fe19b0819ca011207e4913d8a8f3855ab2b10ffd7,1771442122,2026-02-18T19:15:22+00:00,0.36,clob_prices_history
19092623696003297467569975421979058337700248600915517773783333080689954481741,0xd65525f918d9957f6d72f34fe19b0819ca011207e4913d8a8f3855ab2b10ffd7,1771443026,2026-02-18T19:30:26+00:00,0.35,clob_prices_history
19092623696003297467569975421979058337700248600915517773783333080689954481741,0xd65525f918d9957f6d72f34fe19b0819ca011207e4913d8a8f3855ab2b10ffd7,1771443922,2026-02-18T19:45:22+00:00,0.35,clob_prices_history
19092623696003297467569975421979058337700248600915517773783333080689954481741,0xd65525f918d9957f6d72f34fe19b0819ca011207e4913d8a8f3855ab2b10ffd7,1771445720,2026-02-18T20:15:20+00:00,0.46,clob_prices_history
19092623696003297467569975421979058337700248600915517773783333080689954481741,0xd65525f918d9957f6d72f34fe19b0819ca011207e4913d8a8f3855ab2b10ffd7,1771446630,2026-02-18T20:30:30+00:00,0.445,clob_prices_history
19092623696003297467569975421979058337700248600915517773783333080689954481741,0xd65525f918d9957f6d72f34fe19b0819ca011207e4913d8a8f3855ab2b10ffd7,1771447521,2026-02-18T20:45:21+00:00,0.475,clob_prices_history
19092623696003297467569975421979058337700248600915517773783333080689954481741,0xd65525f918d9957f6d72f34fe19b0819ca011207e4913d8a8f3855ab2b10ffd7,1771448456,2026-02-18T21:00:56+00:00,0.495,clob_prices_history
19092623696003297467569975421979058337700248600915517773783333080689954481741,0xd65525f918d9957f6d72f34fe19b0819ca011207e4913d8a8f3855ab2b10ffd7,1771449339,2026-02-18T21:15:39+00:00,0.525,clob_prices_history
19092623696003297467569975421979058337700248600915517773783333080689954481741,0xd65525f918d9957f6d72f34fe19b0819ca011207e4913d8a8f3855ab2b10ffd7,1771450226,2026-02-18T21:30:26+00:00,0.54,clob_prices_history
19092623696003297467569975421979058337700248600915517773783333080689954481741,0xd65525f918d9957f6d72f34fe19b0819ca011207e4913d8a8f3855ab2b10ffd7,1771451151,2026-02-18T21:45:51+00:00,0.485,clob_prices_history
19092623696003297467569975421979058337700248600915517773783333080689954481741,0xd65525f918d9957f6d72f34fe19b0819ca011207e4913d8a8f3855ab2b10ffd7,1771452030,2026-02-18T22:00:30+00:00,0.47,clob_prices_history
19092623696003297467569975421979058337700248600915517773783333080689954481741,0xd65525f918d9957f6d72f34fe19b0819ca011207e4913d8a8f3855ab2b10ffd7,1771452939,2026-02-18T22:15:39+00:00,0.45,clob_prices_history
19092623696003297467569975421979058337700248600915517773783333080689954481741,0xd65525f918d9957f6d72f34fe19b0819ca011207e4913d8a8f3855ab2b10ffd7,1771453838,2026-02-18T22:30:38+00:00,0.45,clob_prices_history
19092623696003297467569975421979058337700248600915517773783333080689954481741,0xd65525f918d9957f6d72f34fe19b0819ca011207e4913d8a8f3855ab2b10ffd7,1771454722,2026-02-18T22:45:22+00:00,0.45,clob_prices_history
19092623696003297467569975421979058337700248600915517773783333080689954481741,0xd65525f918d9957f6d72f34fe19b0819ca011207e4913d8a8f3855ab2b10ffd7,1771455626,2026-02-18T23:00:26+00:00,0.455,clob_prices_history
19092623696003297467569975421979058337700248600915517773783333080689954481741,0xd65525f918d9957f6d72f34fe19b0819ca011207e4913d8a8f3855ab2b10ffd7,1771456522,2026-02-18T23:15:22+00:00,0.455,clob_prices_history
19092623696003297467569975421979058337700248600915517773783333080689954481741,0xd65525f918d9957f6d72f34fe19b0819ca011207e4913d8a8f3855ab2b10ffd7,1771457437,2026-02-18T23:30:37+00:00,0.455,clob_prices_history
19092623696003297467569975421979058337700248600915517773783333080689954481741,0xd65525f918d9957f6d72f34fe19b0819ca011207e4913d8a8f3855ab2b10ffd7,1771458320,2026-02-18T23:45:20+00:00,0.455,clob_prices_history
19092623696003297467569975421979058337700248600915517773783333080689954481741,0xd65525f918d9957f6d72f34fe19b0819ca011207e4913d8a8f3855ab2b10ffd7,1771459258,2026-02-19T00:00:58+00:00,0.45,clob_prices_history
19092623696003297467569975421979058337700248600915517773783333080689954481741,0xd65525f918d9957f6d72f34fe19b0819ca011207e4913d8a8f3855ab2b10ffd7,1771460123,2026-02-19T00:15:23+00:00,0.45,clob_prices_history
19092623696003297467569975421979058337700248600915517773783333080689954481741,0xd65525f918d9957f6d72f34fe19b0819ca011207e4913d8a8f3855ab2b10ffd7,1771461026,2026-02-19T00:30:26+00:00,0.45,clob_prices_history
19092623696003297467569975421979058337700248600915517773783333080689954481741,0xd65525f918d9957f6d72f34fe19b0819ca011207e4913d8a8f3855ab2b10ffd7,1771461927,2026-02-19T00:45:27+00:00,0.45,clob_prices_history
19092623696003297467569975421979058337700248600915517773783333080689954481741,0xd65525f918d9957f6d72f34fe19b0819ca011207e4913d8a8f3855ab2b10ffd7,1771462827,2026-02-19T01:00:27+00:00,0.46,clob_prices_history
19092623696003297467569975421979058337700248600915517773783333080689954481741,0xd65525f918d9957f6d72f34fe19b0819ca011207e4913d8a8f3855ab2b10ffd7,1771463721,2026-02-19T01:15:21+00:00,0.46,clob_prices_history
19092623696003297467569975421979058337700248600915517773783333080689954481741,0xd65525f918d9957f6d72f34fe19b0819ca011207e4913d8a8f3855ab2b10ffd7,1771464628,2026-02-19T01:30:28+00:00,0.47,clob_prices_history
19092623696003297467569975421979058337700248600915517773783333080689954481741,0xd65525f918d9957f6d72f34fe19b0819ca011207e4913d8a8f3855ab2b10ffd7,1771465520,2026-02-19T01:45:20+00:00,0.47,clob_prices_history
19092623696003297467569975421979058337700248600915517773783333080689954481741,0xd65525f918d9957f6d72f34fe19b0819ca011207e4913d8a8f3855ab2b10ffd7,1771466428,2026-02-19T02:00:28+00:00,0.45,clob_prices_history
19092623696003297467569975421979058337700248600915517773783333080689954481741,0xd65525f918d9957f6d72f34fe19b0819ca011207e4913d8a8f3855ab2b10ffd7,1771467322,2026-02-19T02:15:22+00:00,0.465,clob_prices_history
19092623696003297467569975421979058337700248600915517773783333080689954481741,0xd65525f918d9957f6d72f34fe19b0819ca011207e4913d8a8f3855ab2b10ffd7,1771468232,2026-02-19T02:30:32+00:00,0.465,clob_prices_history
19092623696003297467569975421979058337700248600915517773783333080689954481741,0xd65525f918d9957f6d72f34fe19b0819ca011207e4913d8a8f3855ab2b10ffd7,1771469122,2026-02-19T02:45:22+00:00,0.47,clob_prices_history
19092623696003297467569975421979058337700248600915517773783333080689954481741,0xd65525f918d9957f6d72f34fe19b0819ca011207e4913d8a8f3855ab2b10ffd7,1771470044,2026-02-19T03:00:44+00:00,0.55,clob_prices_history
19092623696003297467569975421979058337700248600915517773783333080689954481741,0xd65525f918d9957f6d72f34fe19b0819ca011207e4913d8a8f3855ab2b10ffd7,1771470922,2026-02-19T03:15:22+00:00,0.57,clob_prices_history
19092623696003297467569975421979058337700248600915517773783333080689954481741,0xd65525f918d9957f6d72f34fe19b0819ca011207e4913d8a8f3855ab2b10ffd7,1771471827,2026-02-19T03:30:27+00:00,0.58,clob_prices_history
19092623696003297467569975421979058337700248600915517773783333080689954481741,0xd65525f918d9957f6d72f34fe19b0819ca011207e4913d8a8f3855ab2b10ffd7,1771472722,2026-02-19T03:45:22+00:00,0.59,clob_prices_history
19092623696003297467569975421979058337700248600915517773783333080689954481741,0xd65525f918d9957f6d72f34fe19b0819ca011207e4913d8a8f3855ab2b10ffd7,1771473627,2026-02-19T04:00:27+00:00,0.59,clob_prices_history
19092623696003297467569975421979058337700248600915517773783333080689954481741,0xd65525f918d9957f6d72f34fe19b0819ca011207e4913d8a8f3855ab2b10ffd7,1771474521,2026-02-19T04:15:21+00:00,0.59,clob_prices_history
19092623696003297467569975421979058337700248600915517773783333080689954481741,0xd65525f918d9957f6d72f34fe19b0819ca011207e4913d8a8f3855ab2b10ffd7,1771475426,2026-02-19T04:30:26+00:00,0.585,clob_prices_history
19092623696003297467569975421979058337700248600915517773783333080689954481741,0xd65525f918d9957f6d72f34fe19b0819ca011207e4913d8a8f3855ab2b10ffd7,1771476321,2026-02-19T04:45:21+00:00,0.585,clob_prices_history
19092623696003297467569975421979058337700248600915517773783333080689954481741,0xd65525f918d9957f6d72f34fe19b0819ca011207e4913d8a8f3855ab2b10ffd7,1771477228,2026-02-19T05:00:28+00:00,0.585,clob_prices_history
19092623696003297467569975421979058337700248600915517773783333080689954481741,0xd65525f918d9957f6d72f34fe19b0819ca011207e4913d8a8f3855ab2b10ffd7,1771478121,2026-02-19T05:15:21+00:00,0.585,clob_prices_history
19092623696003297467569975421979058337700248600915517773783333080689954481741,0xd65525f918d9957f6d72f34fe19b0819ca011207e4913d8a8f3855ab2b10ffd7,1771479026,2026-02-19T05:30:26+00:00,0.585,clob_prices_history
19092623696003297467569975421979058337700248600915517773783333080689954481741,0xd65525f918d9957f6d72f34fe19b0819ca011207e4913d8a8f3855ab2b10ffd7,1771479947,2026-02-19T05:45:47+00:00,0.585,clob_prices_history
19092623696003297467569975421979058337700248600915517773783333080689954481741,0xd65525f918d9957f6d72f34fe19b0819ca011207e4913d8a8f3855ab2b10ffd7,1771481722,2026-02-19T06:15:22+00:00,0.575,clob_prices_history
19092623696003297467569975421979058337700248600915517773783333080689954481741,0xd65525f918d9957f6d72f34fe19b0819ca011207e4913d8a8f3855ab2b10ffd7,1771482633,2026-02-19T06:30:33+00:00,0.54,clob_prices_history
19092623696003297467569975421979058337700248600915517773783333080689954481741,0xd65525f918d9957f6d72f34fe19b0819ca011207e4913d8a8f3855ab2b10ffd7,1771483522,2026-02-19T06:45:22+00:00,0.545,clob_prices_history
19092623696003297467569975421979058337700248600915517773783333080689954481741,0xd65525f918d9957f6d72f34fe19b0819ca011207e4913d8a8f3855ab2b10ffd7,1771484427,2026-02-19T07:00:27+00:00,0.535,clob_prices_history
19092623696003297467569975421979058337700248600915517773783333080689954481741,0xd65525f918d9957f6d72f34fe19b0819ca011207e4913d8a8f3855ab2b10ffd7,1771485327,2026-02-19T07:15:27+00:00,0.56,clob_prices_history
19092623696003297467569975421979058337700248600915517773783333080689954481741,0xd65525f918d9957f6d72f34fe19b0819ca011207e4913d8a8f3855ab2b10ffd7,1771486227,2026-02-19T07:30:27+00:00,0.565,clob_prices_history
19092623696003297467569975421979058337700248600915517773783333080689954481741,0xd65525f918d9957f6d72f34fe19b0819ca011207e4913d8a8f3855ab2b10ffd7,1771487120,2026-02-19T07:45:20+00:00,0.57,clob_prices_history
19092623696003297467569975421979058337700248600915517773783333080689954481741,0xd65525f918d9957f6d72f34fe19b0819ca011207e4913d8a8f3855ab2b10ffd7,1771488026,2026-02-19T08:00:26+00:00,0.565,clob_prices_history
19092623696003297467569975421979058337700248600915517773783333080689954481741,0xd65525f918d9957f6d72f34fe19b0819ca011207e4913d8a8f3855ab2b10ffd7,1771488920,2026-02-19T08:15:20+00:00,0.565,clob_prices_history
19092623696003297467569975421979058337700248600915517773783333080689954481741,0xd65525f918d9957f6d72f34fe19b0819ca011207e4913d8a8f3855ab2b10ffd7,1771489854,2026-02-19T08:30:54+00:00,0.575,clob_prices_history
19092623696003297467569975421979058337700248600915517773783333080689954481741,0xd65525f918d9957f6d72f34fe19b0819ca011207e4913d8a8f3855ab2b10ffd7,1771490721,2026-02-19T08:45:21+00:00,0.57,clob_prices_history
19092623696003297467569975421979058337700248600915517773783333080689954481741,0xd65525f918d9957f6d72f34fe19b0819ca011207e4913d8a8f3855ab2b10ffd7,1771491649,2026-02-19T09:00:49+00:00,0.58,clob_prices_history
19092623696003297467569975421979058337700248600915517773783333080689954481741,0xd65525f918d9957f6d72f34fe19b0819ca011207e4913d8a8f3855ab2b10ffd7,1771492521,2026-02-19T09:15:21+00:00,0.575,clob_prices_history
19092623696003297467569975421979058337700248600915517773783333080689954481741,0xd65525f918d9957f6d72f34fe19b0819ca011207e4913d8a8f3855ab2b10ffd7,1771493427,2026-02-19T09:30:27+00:00,0.58,clob_prices_history
19092623696003297467569975421979058337700248600915517773783333080689954481741,0xd65525f918d9957f6d72f34fe19b0819ca011207e4913d8a8f3855ab2b10ffd7,1771494349,2026-02-19T09:45:49+00:00,0.545,clob_prices_history
19092623696003297467569975421979058337700248600915517773783333080689954481741,0xd65525f918d9957f6d72f34fe19b0819ca011207e4913d8a8f3855ab2b10ffd7,1771495229,2026-02-19T10:00:29+00:00,0.565,clob_prices_history
19092623696003297467569975421979058337700248600915517773783333080689954481741,0xd65525f918d9957f6d72f34fe19b0819ca011207e4913d8a8f3855ab2b10ffd7,1771496128,2026-02-19T10:15:28+00:00,0.565,clob_prices_history
19092623696003297467569975421979058337700248600915517773783333080689954481741,0xd65525f918d9957f6d72f34fe19b0819ca011207e4913d8a8f3855ab2b10ffd7,1771497027,2026-02-19T10:30:27+00:00,0.575,clob_prices_history
19092623696003297467569975421979058337700248600915517773783333080689954481741,0xd65525f918d9957f6d72f34fe19b0819ca011207e4913d8a8f3855ab2b10ffd7,1771497927,2026-02-19T10:45:27+00:00,0.565,clob_prices_history
19092623696003297467569975421979058337700248600915517773783333080689954481741,0xd65525f918d9957f6d72f34fe19b0819ca011207e4913d8a8f3855ab2b10ffd7,1771498829,2026-02-19T11:00:29+00:00,0.57,clob_prices_history
19092623696003297467569975421979058337700248600915517773783333080689954481741,0xd65525f918d9957f6d72f34fe19b0819ca011207e4913d8a8f3855ab2b10ffd7,1771499723,2026-02-19T11:15:23+00:00,0.57,clob_prices_history
19092623696003297467569975421979058337700248600915517773783333080689954481741,0xd65525f918d9957f6d72f34fe19b0819ca011207e4913d8a8f3855ab2b10ffd7,1771500644,2026-02-19T11:30:44+00:00,0.575,clob_prices_history
19092623696003297467569975421979058337700248600915517773783333080689954481741,0xd65525f918d9957f6d72f34fe19b0819ca011207e4913d8a8f3855ab2b10ffd7,1771501522,2026-02-19T11:45:22+00:00,0.575,clob_prices_history
19092623696003297467569975421979058337700248600915517773783333080689954481741,0xd65525f918d9957f6d72f34fe19b0819ca011207e4913d8a8f3855ab2b10ffd7,1771503322,2026-02-19T12:15:22+00:00,0.57,clob_prices_history
19092623696003297467569975421979058337700248600915517773783333080689954481741,0xd65525f918d9957f6d72f34fe19b0819ca011207e4913d8a8f3855ab2b10ffd7,1771504239,2026-02-19T12:30:39+00:00,0.565,clob_prices_history
19092623696003297467569975421979058337700248600915517773783333080689954481741,0xd65525f918d9957f6d72f34fe19b0819ca011207e4913d8a8f3855ab2b10ffd7,1771505122,2026-02-19T12:45:22+00:00,0.565,clob_prices_history
19092623696003297467569975421979058337700248600915517773783333080689954481741,0xd65525f918d9957f6d72f34fe19b0819ca011207e4913d8a8f3855ab2b10ffd7,1771506027,2026-02-19T13:00:27+00:00,0.57,clob_prices_history
19092623696003297467569975421979058337700248600915517773783333080689954481741,0xd65525f918d9957f6d72f34fe19b0819ca011207e4913d8a8f3855ab2b10ffd7,1771506923,2026-02-19T13:15:23+00:00,0.57,clob_prices_history
19092623696003297467569975421979058337700248600915517773783333080689954481741,0xd65525f918d9957f6d72f34fe19b0819ca011207e4913d8a8f3855ab2b10ffd7,1771507831,2026-02-19T13:30:31+00:00,0.575,clob_prices_history
19092623696003297467569975421979058337700248600915517773783333080689954481741,0xd65525f918d9957f6d72f34fe19b0819ca011207e4913d8a8f3855ab2b10ffd7,1771508733,2026-02-19T13:45:33+00:00,0.57,clob_prices_history
19092623696003297467569975421979058337700248600915517773783333080689954481741,0xd65525f918d9957f6d72f34fe19b0819ca011207e4913d8a8f3855ab2b10ffd7,1771509628,2026-02-19T14:00:28+00:00,0.49,clob_prices_history
19092623696003297467569975421979058337700248600915517773783333080689954481741,0xd65525f918d9957f6d72f34fe19b0819ca011207e4913d8a8f3855ab2b10ffd7,1771510522,2026-02-19T14:15:22+00:00,0.49,clob_prices_history
19092623696003297467569975421979058337700248600915517773783333080689954481741,0xd65525f918d9957f6d72f34fe19b0819ca011207e4913d8a8f3855ab2b10ffd7,1771511430,2026-02-19T14:30:30+00:00,0.49,clob_prices_history
19092623696003297467569975421979058337700248600915517773783333080689954481741,0xd65525f918d9957f6d72f34fe19b0819ca011207e4913d8a8f3855ab2b10ffd7,1771512336,2026-02-19T14:45:36+00:00,0.45,clob_prices_history
19092623696003297467569975421979058337700248600915517773783333080689954481741,0xd65525f918d9957f6d72f34fe19b0819ca011207e4913d8a8f3855ab2b10ffd7,1771513248,2026-02-19T15:00:48+00:00,0.445,clob_prices_history
19092623696003297467569975421979058337700248600915517773783333080689954481741,0xd65525f918d9957f6d72f34fe19b0819ca011207e4913d8a8f3855ab2b10ffd7,1771514122,2026-02-19T15:15:22+00:00,0.44,clob_prices_history
19092623696003297467569975421979058337700248600915517773783333080689954481741,0xd65525f918d9957f6d72f34fe19b0819ca011207e4913d8a8f3855ab2b10ffd7,1771515053,2026-02-19T15:30:53+00:00,0.445,clob_prices_history
19092623696003297467569975421979058337700248600915517773783333080689954481741,0xd65525f918d9957f6d72f34fe19b0819ca011207e4913d8a8f3855ab2b10ffd7,1771515921,2026-02-19T15:45:21+00:00,0.405,clob_prices_history
19092623696003297467569975421979058337700248600915517773783333080689954481741,0xd65525f918d9957f6d72f34fe19b0819ca011207e4913d8a8f3855ab2b10ffd7,1771516831,2026-02-19T16:00:31+00:00,0.37,clob_prices_history
19092623696003297467569975421979058337700248600915517773783333080689954481741,0xd65525f918d9957f6d72f34fe19b0819ca011207e4913d8a8f3855ab2b10ffd7,1771517721,2026-02-19T16:15:21+00:00,0.39,clob_prices_history
19092623696003297467569975421979058337700248600915517773783333080689954481741,0xd65525f918d9957f6d72f34fe19b0819ca011207e4913d8a8f3855ab2b10ffd7,1771518627,2026-02-19T16:30:27+00:00,0.385,clob_prices_history
19092623696003297467569975421979058337700248600915517773783333080689954481741,0xd65525f918d9957f6d72f34fe19b0819ca011207e4913d8a8f3855ab2b10ffd7,1771519522,2026-02-19T16:45:22+00:00,0.395,clob_prices_history
19092623696003297467569975421979058337700248600915517773783333080689954481741,0xd65525f918d9957f6d72f34fe19b0819ca011207e4913d8a8f3855ab2b10ffd7,1771520450,2026-02-19T17:00:50+00:00,0.4,clob_prices_history
19092623696003297467569975421979058337700248600915517773783333080689954481741,0xd65525f918d9957f6d72f34fe19b0819ca011207e4913d8a8f3855ab2b10ffd7,1771521327,2026-02-19T17:15:27+00:00,0.385,clob_prices_history
19092623696003297467569975421979058337700248600915517773783333080689954481741,0xd65525f918d9957f6d72f34fe19b0819ca011207e4913d8a8f3855ab2b10ffd7,1771522239,2026-02-19T17:30:39+00:00,0.41,clob_prices_history
19092623696003297467569975421979058337700248600915517773783333080689954481741,0xd65525f918d9957f6d72f34fe19b0819ca011207e4913d8a8f3855ab2b10ffd7,1771523150,2026-02-19T17:45:50+00:00,0.415,clob_prices_history
19092623696003297467569975421979058337700248600915517773783333080689954481741,0xd65525f918d9957f6d72f34fe19b0819ca011207e4913d8a8f3855ab2b10ffd7,1771524049,2026-02-19T18:00:49+00:00,0.415,clob_prices_history
19092623696003297467569975421979058337700248600915517773783333080689954481741,0xd65525f918d9957f6d72f34fe19b0819ca011207e4913d8a8f3855ab2b10ffd7,1771524952,2026-02-19T18:15:52+00:00,0.415,clob_prices_history
19092623696003297467569975421979058337700248600915517773783333080689954481741,0xd65525f918d9957f6d72f34fe19b0819ca011207e4913d8a8f3855ab2b10ffd7,1771525829,2026-02-19T18:30:29+00:00,0.4,clob_prices_history
19092623696003297467569975421979058337700248600915517773783333080689954481741,0xd65525f918d9957f6d72f34fe19b0819ca011207e4913d8a8f3855ab2b10ffd7,1771526728,2026-02-19T18:45:28+00:00,0.35,clob_prices_history
19092623696003297467569975421979058337700248600915517773783333080689954481741,0xd65525f918d9957f6d72f34fe19b0819ca011207e4913d8a8f3855ab2b10ffd7,1771527629,2026-02-19T19:00:29+00:00,0.305,clob_prices_history
19092623696003297467569975421979058337700248600915517773783333080689954481741,0xd65525f918d9957f6d72f34fe19b0819ca011207e4913d8a8f3855ab2b10ffd7,1771528523,2026-02-19T19:15:23+00:00,0.305,clob_prices_history
19092623696003297467569975421979058337700248600915517773783333080689954481741,0xd65525f918d9957f6d72f34fe19b0819ca011207e4913d8a8f3855ab2b10ffd7,1771529429,2026-02-19T19:30:29+00:00,0.305,clob_prices_history
19092623696003297467569975421979058337700248600915517773783333080689954481741,0xd65525f918d9957f6d72f34fe19b0819ca011207e4913d8a8f3855ab2b10ffd7,1771530324,2026-02-19T19:45:24+00:00,0.31,clob_prices_history
19092623696003297467569975421979058337700248600915517773783333080689954481741,0xd65525f918d9957f6d72f34fe19b0819ca011207e4913d8a8f3855ab2b10ffd7,1771531229,2026-02-19T20:00:29+00:00,0.31,clob_prices_history
19092623696003297467569975421979058337700248600915517773783333080689954481741,0xd65525f918d9957f6d72f34fe19b0819ca011207e4913d8a8f3855ab2b10ffd7,1771532122,2026-02-19T20:15:22+00:00,0.305,clob_prices_history
19092623696003297467569975421979058337700248600915517773783333080689954481741,0xd65525f918d9957f6d72f34fe19b0819ca011207e4913d8a8f3855ab2b10ffd7,1771533035,2026-02-19T20:30:35+00:00,0.305,clob_prices_history
19092623696003297467569975421979058337700248600915517773783333080689954481741,0xd65525f918d9957f6d72f34fe19b0819ca011207e4913d8a8f3855ab2b10ffd7,1771533928,2026-02-19T20:45:28+00:00,0.37,clob_prices_history
19092623696003297467569975421979058337700248600915517773783333080689954481741,0xd65525f918d9957f6d72f34fe19b0819ca011207e4913d8a8f3855ab2b10ffd7,1771534850,2026-02-19T21:00:50+00:00,0.38,clob_prices_history
19092623696003297467569975421979058337700248600915517773783333080689954481741,0xd65525f918d9957f6d72f34fe19b0819ca011207e4913d8a8f3855ab2b10ffd7,1771535722,2026-02-19T21:15:22+00:00,0.38,clob_prices_history
19092623696003297467569975421979058337700248600915517773783333080689954481741,0xd65525f918d9957f6d72f34fe19b0819ca011207e4913d8a8f3855ab2b10ffd7,1771536628,2026-02-19T21:30:28+00:00,0.4,clob_prices_history
19092623696003297467569975421979058337700248600915517773783333080689954481741,0xd65525f918d9957f6d72f34fe19b0819ca011207e4913d8a8f3855ab2b10ffd7,1771537523,2026-02-19T21:45:23+00:00,0.4,clob_prices_history
19092623696003297467569975421979058337700248600915517773783333080689954481741,0xd65525f918d9957f6d72f34fe19b0819ca011207e4913d8a8f3855ab2b10ffd7,1771538430,2026-02-19T22:00:30+00:00,0.415,clob_prices_history
19092623696003297467569975421979058337700248600915517773783333080689954481741,0xd65525f918d9957f6d72f34fe19b0819ca011207e4913d8a8f3855ab2b10ffd7,1771539322,2026-02-19T22:15:22+00:00,0.39,clob_prices_history
19092623696003297467569975421979058337700248600915517773783333080689954481741,0xd65525f918d9957f6d72f34fe19b0819ca011207e4913d8a8f3855ab2b10ffd7,1771540235,2026-02-19T22:30:35+00:00,0.395,clob_prices_history
19092623696003297467569975421979058337700248600915517773783333080689954481741,0xd65525f918d9957f6d72f34fe19b0819ca011207e4913d8a8f3855ab2b10ffd7,1771541128,2026-02-19T22:45:28+00:00,0.395,clob_prices_history
19092623696003297467569975421979058337700248600915517773783333080689954481741,0xd65525f918d9957f6d72f34fe19b0819ca011207e4913d8a8f3855ab2b10ffd7,1771542029,2026-02-19T23:00:29+00:00,0.395,clob_prices_history
19092623696003297467569975421979058337700248600915517773783333080689954481741,0xd65525f918d9957f6d72f34fe19b0819ca011207e4913d8a8f3855ab2b10ffd7,1771542928,2026-02-19T23:15:28+00:00,0.395,clob_prices_history
19092623696003297467569975421979058337700248600915517773783333080689954481741,0xd65525f918d9957f6d72f34fe19b0819ca011207e4913d8a8f3855ab2b10ffd7,1771543828,2026-02-19T23:30:28+00:00,0.395,clob_prices_history
19092623696003297467569975421979058337700248600915517773783333080689954481741,0xd65525f918d9957f6d72f34fe19b0819ca011207e4913d8a8f3855ab2b10ffd7,1771544723,2026-02-19T23:45:23+00:00,0.395,clob_prices_history
19092623696003297467569975421979058337700248600915517773783333080689954481741,0xd65525f918d9957f6d72f34fe19b0819ca011207e4913d8a8f3855ab2b10ffd7,1771545653,2026-02-20T00:00:53+00:00,0.405,clob_prices_history
19092623696003297467569975421979058337700248600915517773783333080689954481741,0xd65525f918d9957f6d72f34fe19b0819ca011207e4913d8a8f3855ab2b10ffd7,1771546522,2026-02-20T00:15:22+00:00,0.405,clob_prices_history
19092623696003297467569975421979058337700248600915517773783333080689954481741,0xd65525f918d9957f6d72f34fe19b0819ca011207e4913d8a8f3855ab2b10ffd7,1771547423,2026-02-20T00:30:23+00:00,0.405,clob_prices_history
19092623696003297467569975421979058337700248600915517773783333080689954481741,0xd65525f918d9957f6d72f34fe19b0819ca011207e4913d8a8f3855ab2b10ffd7,1771548323,2026-02-20T00:45:23+00:00,0.42,clob_prices_history
19092623696003297467569975421979058337700248600915517773783333080689954481741,0xd65525f918d9957f6d72f34fe19b0819ca011207e4913d8a8f3855ab2b10ffd7,1771549236,2026-02-20T01:00:36+00:00,0.42,clob_prices_history
19092623696003297467569975421979058337700248600915517773783333080689954481741,0xd65525f918d9957f6d72f34fe19b0819ca011207e4913d8a8f3855ab2b10ffd7,1771550124,2026-02-20T01:15:24+00:00,0.405,clob_prices_history
19092623696003297467569975421979058337700248600915517773783333080689954481741,0xd65525f918d9957f6d72f34fe19b0819ca011207e4913d8a8f3855ab2b10ffd7,1771551025,2026-02-20T01:30:25+00:00,0.425,clob_prices_history
19092623696003297467569975421979058337700248600915517773783333080689954481741,0xd65525f918d9957f6d72f34fe19b0819ca011207e4913d8a8f3855ab2b10ffd7,1771551922,2026-02-20T01:45:22+00:00,0.42,clob_prices_history
19092623696003297467569975421979058337700248600915517773783333080689954481741,0xd65525f918d9957f6d72f34fe19b0819ca011207e4913d8a8f3855ab2b10ffd7,1771552824,2026-02-20T02:00:24+00:00,0.42,clob_prices_history
19092623696003297467569975421979058337700248600915517773783333080689954481741,0xd65525f918d9957f6d72f34fe19b0819ca011207e4913d8a8f3855ab2b10ffd7,1771553726,2026-02-20T02:15:26+00:00,0.42,clob_prices_history
19092623696003297467569975421979058337700248600915517773783333080689954481741,0xd65525f918d9957f6d72f34fe19b0819ca011207e4913d8a8f3855ab2b10ffd7,1771554625,2026-02-20T02:30:25+00:00,0.425,clob_prices_history
19092623696003297467569975421979058337700248600915517773783333080689954481741,0xd65525f918d9957f6d72f34fe19b0819ca011207e4913d8a8f3855ab2b10ffd7,1771555522,2026-02-20T02:45:22+00:00,0.425,clob_prices_history
19092623696003297467569975421979058337700248600915517773783333080689954481741,0xd65525f918d9957f6d72f34fe19b0819ca011207e4913d8a8f3855ab2b10ffd7,1771556450,2026-02-20T03:00:50+00:00,0.425,clob_prices_history
19092623696003297467569975421979058337700248600915517773783333080689954481741,0xd65525f918d9957f6d72f34fe19b0819ca011207e4913d8a8f3855ab2b10ffd7,1771557323,2026-02-20T03:15:23+00:00,0.425,clob_prices_history
19092623696003297467569975421979058337700248600915517773783333080689954481741,0xd65525f918d9957f6d72f34fe19b0819ca011207e4913d8a8f3855ab2b10ffd7,1771558224,2026-02-20T03:30:24+00:00,0.425,clob_prices_history
19092623696003297467569975421979058337700248600915517773783333080689954481741,0xd65525f918d9957f6d72f34fe19b0819ca011207e4913d8a8f3855ab2b10ffd7,1771559120,2026-02-20T03:45:20+00:00,0.425,clob_prices_history
19092623696003297467569975421979058337700248600915517773783333080689954481741,0xd65525f918d9957f6d72f34fe19b0819ca011207e4913d8a8f3855ab2b10ffd7,1771560023,2026-02-20T04:00:23+00:00,0.425,clob_prices_history
19092623696003297467569975421979058337700248600915517773783333080689954481741,0xd65525f918d9957f6d72f34fe19b0819ca011207e4913d8a8f3855ab2b10ffd7,1771560921,2026-02-20T04:15:21+00:00,0.425,clob_prices_history
19092623696003297467569975421979058337700248600915517773783333080689954481741,0xd65525f918d9957f6d72f34fe19b0819ca011207e4913d8a8f3855ab2b10ffd7,1771561824,2026-02-20T04:30:24+00:00,0.48,clob_prices_history
19092623696003297467569975421979058337700248600915517773783333080689954481741,0xd65525f918d9957f6d72f34fe19b0819ca011207e4913d8a8f3855ab2b10ffd7,1771562721,2026-02-20T04:45:21+00:00,0.46,clob_prices_history
19092623696003297467569975421979058337700248600915517773783333080689954481741,0xd65525f918d9957f6d72f34fe19b0819ca011207e4913d8a8f3855ab2b10ffd7,1771563623,2026-02-20T05:00:23+00:00,0.46,clob_prices_history
19092623696003297467569975421979058337700248600915517773783333080689954481741,0xd65525f918d9957f6d72f34fe19b0819ca011207e4913d8a8f3855ab2b10ffd7,1771564545,2026-02-20T05:15:45+00:00,0.46,clob_prices_history
19092623696003297467569975421979058337700248600915517773783333080689954481741,0xd65525f918d9957f6d72f34fe19b0819ca011207e4913d8a8f3855ab2b10ffd7,1771565425,2026-02-20T05:30:25+00:00,0.46,clob_prices_history
19092623696003297467569975421979058337700248600915517773783333080689954481741,0xd65525f918d9957f6d72f34fe19b0819ca011207e4913d8a8f3855ab2b10ffd7,1771566325,2026-02-20T05:45:25+00:00,0.46,clob_prices_history
19092623696003297467569975421979058337700248600915517773783333080689954481741,0xd65525f918d9957f6d72f34fe19b0819ca011207e4913d8a8f3855ab2b10ffd7,1771567242,2026-02-20T06:00:42+00:00,0.46,clob_prices_history
19092623696003297467569975421979058337700248600915517773783333080689954481741,0xd65525f918d9957f6d72f34fe19b0819ca011207e4913d8a8f3855ab2b10ffd7,1771568121,2026-02-20T06:15:21+00:00,0.46,clob_prices_history
19092623696003297467569975421979058337700248600915517773783333080689954481741,0xd65525f918d9957f6d72f34fe19b0819ca011207e4913d8a8f3855ab2b10ffd7,1771569023,2026-02-20T06:30:23+00:00,0.46,clob_prices_history
19092623696003297467569975421979058337700248600915517773783333080689954481741,0xd65525f918d9957f6d72f34fe19b0819ca011207e4913d8a8f3855ab2b10ffd7,1771569922,2026-02-20T06:45:22+00:00,0.46,clob_prices_history
19092623696003297467569975421979058337700248600915517773783333080689954481741,0xd65525f918d9957f6d72f34fe19b0819ca011207e4913d8a8f3855ab2b10ffd7,1771570823,2026-02-20T07:00:23+00:00,0.46,clob_prices_history
19092623696003297467569975421979058337700248600915517773783333080689954481741,0xd65525f918d9957f6d72f34fe19b0819ca011207e4913d8a8f3855ab2b10ffd7,1771571720,2026-02-20T07:15:20+00:00,0.46,clob_prices_history
19092623696003297467569975421979058337700248600915517773783333080689954481741,0xd65525f918d9957f6d72f34fe19b0819ca011207e4913d8a8f3855ab2b10ffd7,1771572623,2026-02-20T07:30:23+00:00,0.445,clob_prices_history
19092623696003297467569975421979058337700248600915517773783333080689954481741,0xd65525f918d9957f6d72f34fe19b0819ca011207e4913d8a8f3855ab2b10ffd7,1771573523,2026-02-20T07:45:23+00:00,0.445,clob_prices_history
19092623696003297467569975421979058337700248600915517773783333080689954481741,0xd65525f918d9957f6d72f34fe19b0819ca011207e4913d8a8f3855ab2b10ffd7,1771574424,2026-02-20T08:00:24+00:00,0.44,clob_prices_history
19092623696003297467569975421979058337700248600915517773783333080689954481741,0xd65525f918d9957f6d72f34fe19b0819ca011207e4913d8a8f3855ab2b10ffd7,1771575321,2026-02-20T08:15:21+00:00,0.44,clob_prices_history
19092623696003297467569975421979058337700248600915517773783333080689954481741,0xd65525f918d9957f6d72f34fe19b0819ca011207e4913d8a8f3855ab2b10ffd7,1771576223,2026-02-20T08:30:23+00:00,0.44,clob_prices_history
19092623696003297467569975421979058337700248600915517773783333080689954481741,0xd65525f918d9957f6d72f34fe19b0819ca011207e4913d8a8f3855ab2b10ffd7,1771577121,2026-02-20T08:45:21+00:00,0.44,clob_prices_history
19092623696003297467569975421979058337700248600915517773783333080689954481741,0xd65525f918d9957f6d72f34fe19b0819ca011207e4913d8a8f3855ab2b10ffd7,1771578036,2026-02-20T09:00:36+00:00,0.44,clob_prices_history
19092623696003297467569975421979058337700248600915517773783333080689954481741,0xd65525f918d9957f6d72f34fe19b0819ca011207e4913d8a8f3855ab2b10ffd7,1771578920,2026-02-20T09:15:20+00:00,0.44,clob_prices_history
19092623696003297467569975421979058337700248600915517773783333080689954481741,0xd65525f918d9957f6d72f34fe19b0819ca011207e4913d8a8f3855ab2b10ffd7,1771579827,2026-02-20T09:30:27+00:00,0.44,clob_prices_history
19092623696003297467569975421979058337700248600915517773783333080689954481741,0xd65525f918d9957f6d72f34fe19b0819ca011207e4913d8a8f3855ab2b10ffd7,1771580721,2026-02-20T09:45:21+00:00,0.44,clob_prices_history
19092623696003297467569975421979058337700248600915517773783333080689954481741,0xd65525f918d9957f6d72f34fe19b0819ca011207e4913d8a8f3855ab2b10ffd7,1771581624,2026-02-20T10:00:24+00:00,0.44,clob_prices_history
19092623696003297467569975421979058337700248600915517773783333080689954481741,0xd65525f918d9957f6d72f34fe19b0819ca011207e4913d8a8f3855ab2b10ffd7,1771582524,2026-02-20T10:15:24+00:00,0.44,clob_prices_history
19092623696003297467569975421979058337700248600915517773783333080689954481741,0xd65525f918d9957f6d72f34fe19b0819ca011207e4913d8a8f3855ab2b10ffd7,1771583423,2026-02-20T10:30:23+00:00,0.44,clob_prices_history
19092623696003297467569975421979058337700248600915517773783333080689954481741,0xd65525f918d9957f6d72f34fe19b0819ca011207e4913d8a8f3855ab2b10ffd7,1771584346,2026-02-20T10:45:46+00:00,0.44,clob_prices_history
19092623696003297467569975421979058337700248600915517773783333080689954481741,0xd65525f918d9957f6d72f34fe19b0819ca011207e4913d8a8f3855ab2b10ffd7,1771585224,2026-02-20T11:00:24+00:00,0.44,clob_prices_history
19092623696003297467569975421979058337700248600915517773783333080689954481741,0xd65525f918d9957f6d72f34fe19b0819ca011207e4913d8a8f3855ab2b10ffd7,1771586125,2026-02-20T11:15:25+00:00,0.44,clob_prices_history
19092623696003297467569975421979058337700248600915517773783333080689954481741,0xd65525f918d9957f6d72f34fe19b0819ca011207e4913d8a8f3855ab2b10ffd7,1771587023,2026-02-20T11:30:23+00:00,0.455,clob_prices_history
19092623696003297467569975421979058337700248600915517773783333080689954481741,0xd65525f918d9957f6d72f34fe19b0819ca011207e4913d8a8f3855ab2b10ffd7,1771587922,2026-02-20T11:45:22+00:00,0.455,clob_prices_history
19092623696003297467569975421979058337700248600915517773783333080689954481741,0xd65525f918d9957f6d72f34fe19b0819ca011207e4913d8a8f3855ab2b10ffd7,1771588832,2026-02-20T12:00:32+00:00,0.455,clob_prices_history
19092623696003297467569975421979058337700248600915517773783333080689954481741,0xd65525f918d9957f6d72f34fe19b0819ca011207e4913d8a8f3855ab2b10ffd7,1771589720,2026-02-20T12:15:20+00:00,0.455,clob_prices_history
19092623696003297467569975421979058337700248600915517773783333080689954481741,0xd65525f918d9957f6d72f34fe19b0819ca011207e4913d8a8f3855ab2b10ffd7,1771590649,2026-02-20T12:30:49+00:00,0.455,clob_prices_history
19092623696003297467569975421979058337700248600915517773783333080689954481741,0xd65525f918d9957f6d72f34fe19b0819ca011207e4913d8a8f3855ab2b10ffd7,1771591520,2026-02-20T12:45:20+00:00,0.455,clob_prices_history
19092623696003297467569975421979058337700248600915517773783333080689954481741,0xd65525f918d9957f6d72f34fe19b0819ca011207e4913d8a8f3855ab2b10ffd7,1771592450,2026-02-20T13:00:50+00:00,0.455,clob_prices_history
19092623696003297467569975421979058337700248600915517773783333080689954481741,0xd65525f918d9957f6d72f34fe19b0819ca011207e4913d8a8f3855ab2b10ffd7,1771593322,2026-02-20T13:15:22+00:00,0.455,clob_prices_history
19092623696003297467569975421979058337700248600915517773783333080689954481741,0xd65525f918d9957f6d72f34fe19b0819ca011207e4913d8a8f3855ab2b10ffd7,1771594228,2026-02-20T13:30:28+00:00,0.455,clob_prices_history
19092623696003297467569975421979058337700248600915517773783333080689954481741,0xd65525f918d9957f6d72f34fe19b0819ca011207e4913d8a8f3855ab2b10ffd7,1771595129,2026-02-20T13:45:29+00:00,0.455,clob_prices_history
19092623696003297467569975421979058337700248600915517773783333080689954481741,0xd65525f918d9957f6d72f34fe19b0819ca011207e4913d8a8f3855ab2b10ffd7,1771596023,2026-02-20T14:00:23+00:00,0.455,clob_prices_history
19092623696003297467569975421979058337700248600915517773783333080689954481741,0xd65525f918d9957f6d72f34fe19b0819ca011207e4913d8a8f3855ab2b10ffd7,1771596941,2026-02-20T14:15:41+00:00,0.455,clob_prices_history
19092623696003297467569975421979058337700248600915517773783333080689954481741,0xd65525f918d9957f6d72f34fe19b0819ca011207e4913d8a8f3855ab2b10ffd7,1771597824,2026-02-20T14:30:24+00:00,0.455,clob_prices_history
19092623696003297467569975421979058337700248600915517773783333080689954481741,0xd65525f918d9957f6d72f34fe19b0819ca011207e4913d8a8f3855ab2b10ffd7,1771598722,2026-02-20T14:45:22+00:00,0.46,clob_prices_history
19092623696003297467569975421979058337700248600915517773783333080689954481741,0xd65525f918d9957f6d72f34fe19b0819ca011207e4913d8a8f3855ab2b10ffd7,1771599630,2026-02-20T15:00:30+00:00,0.46,clob_prices_history
19092623696003297467569975421979058337700248600915517773783333080689954481741,0xd65525f918d9957f6d72f34fe19b0819ca011207e4913d8a8f3855ab2b10ffd7,1771600524,2026-02-20T15:15:24+00:00,0.46,clob_prices_history
19092623696003297467569975421979058337700248600915517773783333080689954481741,0xd65525f918d9957f6d72f34fe19b0819ca011207e4913d8a8f3855ab2b10ffd7,1771601437,2026-02-20T15:30:37+00:00,0.46,clob_prices_history
19092623696003297467569975421979058337700248600915517773783333080689954481741,0xd65525f918d9957f6d72f34fe19b0819ca011207e4913d8a8f3855ab2b10ffd7,1771602323,2026-02-20T15:45:23+00:00,0.46,clob_prices_history
19092623696003297467569975421979058337700248600915517773783333080689954481741,0xd65525f918d9957f6d72f34fe19b0819ca011207e4913d8a8f3855ab2b10ffd7,1771603254,2026-02-20T16:00:54+00:00,0.43,clob_prices_history
19092623696003297467569975421979058337700248600915517773783333080689954481741,0xd65525f918d9957f6d72f34fe19b0819ca011207e4913d8a8f3855ab2b10ffd7,1771604124,2026-02-20T16:15:24+00:00,0.43,clob_prices_history
19092623696003297467569975421979058337700248600915517773783333080689954481741,0xd65525f918d9957f6d72f34fe19b0819ca011207e4913d8a8f3855ab2b10ffd7,1771605030,2026-02-20T16:30:30+00:00,0.43,clob_prices_history
19092623696003297467569975421979058337700248600915517773783333080689954481741,0xd65525f918d9957f6d72f34fe19b0819ca011207e4913d8a8f3855ab2b10ffd7,1771605923,2026-02-20T16:45:23+00:00,0.43,clob_prices_history
19092623696003297467569975421979058337700248600915517773783333080689954481741,0xd65525f918d9957f6d72f34fe19b0819ca011207e4913d8a8f3855ab2b10ffd7,1771606848,2026-02-20T17:00:48+00:00,0.43,clob_prices_history
19092623696003297467569975421979058337700248600915517773783333080689954481741,0xd65525f918d9957f6d72f34fe19b0819ca011207e4913d8a8f3855ab2b10ffd7,1771607722,2026-02-20T17:15:22+00:00,0.33,clob_prices_history
19092623696003297467569975421979058337700248600915517773783333080689954481741,0xd65525f918d9957f6d72f34fe19b0819ca011207e4913d8a8f3855ab2b10ffd7,1771608624,2026-02-20T17:30:24+00:00,0.325,clob_prices_history
19092623696003297467569975421979058337700248600915517773783333080689954481741,0xd65525f918d9957f6d72f34fe19b0819ca011207e4913d8a8f3855ab2b10ffd7,1771609529,2026-02-20T17:45:29+00:00,0.325,clob_prices_history
19092623696003297467569975421979058337700248600915517773783333080689954481741,0xd65525f918d9957f6d72f34fe19b0819ca011207e4913d8a8f3855ab2b10ffd7,1771610430,2026-02-20T18:00:30+00:00,0.325,clob_prices_history
19092623696003297467569975421979058337700248600915517773783333080689954481741,0xd65525f918d9957f6d72f34fe19b0819ca011207e4913d8a8f3855ab2b10ffd7,1771611337,2026-02-20T18:15:37+00:00,0.325,clob_prices_history
19092623696003297467569975421979058337700248600915517773783333080689954481741,0xd65525f918d9957f6d72f34fe19b0819ca011207e4913d8a8f3855ab2b10ffd7,1771612225,2026-02-20T18:30:25+00:00,0.325,clob_prices_history
19092623696003297467569975421979058337700248600915517773783333080689954481741,0xd65525f918d9957f6d72f34fe19b0819ca011207e4913d8a8f3855ab2b10ffd7,1771613123,2026-02-20T18:45:23+00:00,0.325,clob_prices_history
19092623696003297467569975421979058337700248600915517773783333080689954481741,0xd65525f918d9957f6d72f34fe19b0819ca011207e4913d8a8f3855ab2b10ffd7,1771614031,2026-02-20T19:00:31+00:00,0.325,clob_prices_history
19092623696003297467569975421979058337700248600915517773783333080689954481741,0xd65525f918d9957f6d72f34fe19b0819ca011207e4913d8a8f3855ab2b10ffd7,1771614923,2026-02-20T19:15:23+00:00,0.32,clob_prices_history
19092623696003297467569975421979058337700248600915517773783333080689954481741,0xd65525f918d9957f6d72f34fe19b0819ca011207e4913d8a8f3855ab2b10ffd7,1771615825,2026-02-20T19:30:25+00:00,0.32,clob_prices_history
19092623696003297467569975421979058337700248600915517773783333080689954481741,0xd65525f918d9957f6d72f34fe19b0819ca011207e4913d8a8f3855ab2b10ffd7,1771616722,2026-02-20T19:45:22+00:00,0.32,clob_prices_history
19092623696003297467569975421979058337700248600915517773783333080689954481741,0xd65525f918d9957f6d72f34fe19b0819ca011207e4913d8a8f3855ab2b10ffd7,1771617626,2026-02-20T20:00:26+00:00,0.32,clob_prices_history
19092623696003297467569975421979058337700248600915517773783333080689954481741,0xd65525f918d9957f6d72f34fe19b0819ca011207e4913d8a8f3855ab2b10ffd7,1771618535,2026-02-20T20:15:35+00:00,0.32,clob_prices_history
19092623696003297467569975421979058337700248600915517773783333080689954481741,0xd65525f918d9957f6d72f34fe19b0819ca011207e4913d8a8f3855ab2b10ffd7,1771619425,2026-02-20T20:30:25+00:00,0.325,clob_prices_history
19092623696003297467569975421979058337700248600915517773783333080689954481741,0xd65525f918d9957f6d72f34fe19b0819ca011207e4913d8a8f3855ab2b10ffd7,1771620350,2026-02-20T20:45:50+00:00,0.325,clob_prices_history
19092623696003297467569975421979058337700248600915517773783333080689954481741,0xd65525f918d9957f6d72f34fe19b0819ca011207e4913d8a8f3855ab2b10ffd7,1771621231,2026-02-20T21:00:31+00:00,0.34,clob_prices_history
19092623696003297467569975421979058337700248600915517773783333080689954481741,0xd65525f918d9957f6d72f34fe19b0819ca011207e4913d8a8f3855ab2b10ffd7,1771622122,2026-02-20T21:15:22+00:00,0.335,clob_prices_history
19092623696003297467569975421979058337700248600915517773783333080689954481741,0xd65525f918d9957f6d72f34fe19b0819ca011207e4913d8a8f3855ab2b10ffd7,1771623024,2026-02-20T21:30:24+00:00,0.33,clob_prices_history
19092623696003297467569975421979058337700248600915517773783333080689954481741,0xd65525f918d9957f6d72f34fe19b0819ca011207e4913d8a8f3855ab2b10ffd7,1771623921,2026-02-20T21:45:21+00:00,0.32,clob_prices_history
19092623696003297467569975421979058337700248600915517773783333080689954481741,0xd65525f918d9957f6d72f34fe19b0819ca011207e4913d8a8f3855ab2b10ffd7,1771624826,2026-02-20T22:00:26+00:00,0.325,clob_prices_history
19092623696003297467569975421979058337700248600915517773783333080689954481741,0xd65525f918d9957f6d72f34fe19b0819ca011207e4913d8a8f3855ab2b10ffd7,1771625723,2026-02-20T22:15:23+00:00,0.32,clob_prices_history
19092623696003297467569975421979058337700248600915517773783333080689954481741,0xd65525f918d9957f6d72f34fe19b0819ca011207e4913d8a8f3855ab2b10ffd7,1771626630,2026-02-20T22:30:30+00:00,0.32,clob_prices_history
19092623696003297467569975421979058337700248600915517773783333080689954481741,0xd65525f918d9957f6d72f34fe19b0819ca011207e4913d8a8f3855ab2b10ffd7,1771627522,2026-02-20T22:45:22+00:00,0.32,clob_prices_history
19092623696003297467569975421979058337700248600915517773783333080689954481741,0xd65525f918d9957f6d72f34fe19b0819ca011207e4913d8a8f3855ab2b10ffd7,1771628425,2026-02-20T23:00:25+00:00,0.32,clob_prices_history
19092623696003297467569975421979058337700248600915517773783333080689954481741,0xd65525f918d9957f6d72f34fe19b0819ca011207e4913d8a8f3855ab2b10ffd7,1771629322,2026-02-20T23:15:22+00:00,0.32,clob_prices_history
19092623696003297467569975421979058337700248600915517773783333080689954481741,0xd65525f918d9957f6d72f34fe19b0819ca011207e4913d8a8f3855ab2b10ffd7,1771630234,2026-02-20T23:30:34+00:00,0.32,clob_prices_history
19092623696003297467569975421979058337700248600915517773783333080689954481741,0xd65525f918d9957f6d72f34fe19b0819ca011207e4913d8a8f3855ab2b10ffd7,1771631122,2026-02-20T23:45:22+00:00,0.32,clob_prices_history
19092623696003297467569975421979058337700248600915517773783333080689954481741,0xd65525f918d9957f6d72f34fe19b0819ca011207e4913d8a8f3855ab2b10ffd7,1771632035,2026-02-21T00:00:35+00:00,0.325,clob_prices_history
19092623696003297467569975421979058337700248600915517773783333080689954481741,0xd65525f918d9957f6d72f34fe19b0819ca011207e4913d8a8f3855ab2b10ffd7,1771632923,2026-02-21T00:15:23+00:00,0.335,clob_prices_history
19092623696003297467569975421979058337700248600915517773783333080689954481741,0xd65525f918d9957f6d72f34fe19b0819ca011207e4913d8a8f3855ab2b10ffd7,1771633839,2026-02-21T00:30:39+00:00,0.33,clob_prices_history
19092623696003297467569975421979058337700248600915517773783333080689954481741,0xd65525f918d9957f6d72f34fe19b0819ca011207e4913d8a8f3855ab2b10ffd7,1771634721,2026-02-21T00:45:21+00:00,0.325,clob_prices_history
19092623696003297467569975421979058337700248600915517773783333080689954481741,0xd65525f918d9957f6d72f34fe19b0819ca011207e4913d8a8f3855ab2b10ffd7,1771635631,2026-02-21T01:00:31+00:00,0.335,clob_prices_history
19092623696003297467569975421979058337700248600915517773783333080689954481741,0xd65525f918d9957f6d72f34fe19b0819ca011207e4913d8a8f3855ab2b10ffd7,1771636522,2026-02-21T01:15:22+00:00,0.335,clob_prices_history
19092623696003297467569975421979058337700248600915517773783333080689954481741,0xd65525f918d9957f6d72f34fe19b0819ca011207e4913d8a8f3855ab2b10ffd7,1771637430,2026-02-21T01:30:30+00:00,0.325,clob_prices_history
19092623696003297467569975421979058337700248600915517773783333080689954481741,0xd65525f918d9957f6d72f34fe19b0819ca011207e4913d8a8f3855ab2b10ffd7,1771638344,2026-02-21T01:45:44+00:00,0.315,clob_prices_history
19092623696003297467569975421979058337700248600915517773783333080689954481741,0xd65525f918d9957f6d72f34fe19b0819ca011207e4913d8a8f3855ab2b10ffd7,1771639224,2026-02-21T02:00:24+00:00,0.315,clob_prices_history
19092623696003297467569975421979058337700248600915517773783333080689954481741,0xd65525f918d9957f6d72f34fe19b0819ca011207e4913d8a8f3855ab2b10ffd7,1771640128,2026-02-21T02:15:28+00:00,0.315,clob_prices_history
19092623696003297467569975421979058337700248600915517773783333080689954481741,0xd65525f918d9957f6d72f34fe19b0819ca011207e4913d8a8f3855ab2b10ffd7,1771641025,2026-02-21T02:30:25+00:00,0.315,clob_prices_history
19092623696003297467569975421979058337700248600915517773783333080689954481741,0xd65525f918d9957f6d72f34fe19b0819ca011207e4913d8a8f3855ab2b10ffd7,1771641922,2026-02-21T02:45:22+00:00,0.315,clob_prices_history
19092623696003297467569975421979058337700248600915517773783333080689954481741,0xd65525f918d9957f6d72f34fe19b0819ca011207e4913d8a8f3855ab2b10ffd7,1771642832,2026-02-21T03:00:32+00:00,0.315,clob_prices_history
19092623696003297467569975421979058337700248600915517773783333080689954481741,0xd65525f918d9957f6d72f34fe19b0819ca011207e4913d8a8f3855ab2b10ffd7,1771643721,2026-02-21T03:15:21+00:00,0.315,clob_prices_history
19092623696003297467569975421979058337700248600915517773783333080689954481741,0xd65525f918d9957f6d72f34fe19b0819ca011207e4913d8a8f3855ab2b10ffd7,1771644643,2026-02-21T03:30:43+00:00,0.315,clob_prices_history
19092623696003297467569975421979058337700248600915517773783333080689954481741,0xd65525f918d9957f6d72f34fe19b0819ca011207e4913d8a8f3855ab2b10ffd7,1771645522,2026-02-21T03:45:22+00:00,0.315,clob_prices_history
19092623696003297467569975421979058337700248600915517773783333080689954481741,0xd65525f918d9957f6d72f34fe19b0819ca011207e4913d8a8f3855ab2b10ffd7,1771646433,2026-02-21T04:00:33+00:00,0.315,clob_prices_history
19092623696003297467569975421979058337700248600915517773783333080689954481741,0xd65525f918d9957f6d72f34fe19b0819ca011207e4913d8a8f3855ab2b10ffd7,1771647322,2026-02-21T04:15:22+00:00,0.315,clob_prices_history
19092623696003297467569975421979058337700248600915517773783333080689954481741,0xd65525f918d9957f6d72f34fe19b0819ca011207e4913d8a8f3855ab2b10ffd7,1771648225,2026-02-21T04:30:25+00:00,0.32,clob_prices_history
19092623696003297467569975421979058337700248600915517773783333080689954481741,0xd65525f918d9957f6d72f34fe19b0819ca011207e4913d8a8f3855ab2b10ffd7,1771649121,2026-02-21T04:45:21+00:00,0.33,clob_prices_history
19092623696003297467569975421979058337700248600915517773783333080689954481741,0xd65525f918d9957f6d72f34fe19b0819ca011207e4913d8a8f3855ab2b10ffd7,1771650024,2026-02-21T05:00:24+00:00,0.335,clob_prices_history
19092623696003297467569975421979058337700248600915517773783333080689954481741,0xd65525f918d9957f6d72f34fe19b0819ca011207e4913d8a8f3855ab2b10ffd7,1771650922,2026-02-21T05:15:22+00:00,0.325,clob_prices_history
19092623696003297467569975421979058337700248600915517773783333080689954481741,0xd65525f918d9957f6d72f34fe19b0819ca011207e4913d8a8f3855ab2b10ffd7,1771651831,2026-02-21T05:30:31+00:00,0.325,clob_prices_history
19092623696003297467569975421979058337700248600915517773783333080689954481741,0xd65525f918d9957f6d72f34fe19b0819ca011207e4913d8a8f3855ab2b10ffd7,1771652723,2026-02-21T05:45:23+00:00,0.32,clob_prices_history
19092623696003297467569975421979058337700248600915517773783333080689954481741,0xd65525f918d9957f6d72f34fe19b0819ca011207e4913d8a8f3855ab2b10ffd7,1771653658,2026-02-21T06:00:58+00:00,0.325,clob_prices_history
19092623696003297467569975421979058337700248600915517773783333080689954481741,0xd65525f918d9957f6d72f34fe19b0819ca011207e4913d8a8f3855ab2b10ffd7,1771654526,2026-02-21T06:15:26+00:00,0.32,clob_prices_history
19092623696003297467569975421979058337700248600915517773783333080689954481741,0xd65525f918d9957f6d72f34fe19b0819ca011207e4913d8a8f3855ab2b10ffd7,1771655426,2026-02-21T06:30:26+00:00,0.32,clob_prices_history
19092623696003297467569975421979058337700248600915517773783333080689954481741,0xd65525f918d9957f6d72f34fe19b0819ca011207e4913d8a8f3855ab2b10ffd7,1771656323,2026-02-21T06:45:23+00:00,0.32,clob_prices_history
19092623696003297467569975421979058337700248600915517773783333080689954481741,0xd65525f918d9957f6d72f34fe19b0819ca011207e4913d8a8f3855ab2b10ffd7,1771657227,2026-02-21T07:00:27+00:00,0.32,clob_prices_history
19092623696003297467569975421979058337700248600915517773783333080689954481741,0xd65525f918d9957f6d72f34fe19b0819ca011207e4913d8a8f3855ab2b10ffd7,1771658128,2026-02-21T07:15:28+00:00,0.34,clob_prices_history
19092623696003297467569975421979058337700248600915517773783333080689954481741,0xd65525f918d9957f6d72f34fe19b0819ca011207e4913d8a8f3855ab2b10ffd7,1771659026,2026-02-21T07:30:26+00:00,0.34,clob_prices_history
19092623696003297467569975421979058337700248600915517773783333080689954481741,0xd65525f918d9957f6d72f34fe19b0819ca011207e4913d8a8f3855ab2b10ffd7,1771659922,2026-02-21T07:45:22+00:00,0.345,clob_prices_history
19092623696003297467569975421979058337700248600915517773783333080689954481741,0xd65525f918d9957f6d72f34fe19b0819ca011207e4913d8a8f3855ab2b10ffd7,1771660826,2026-02-21T08:00:26+00:00,0.32,clob_prices_history
19092623696003297467569975421979058337700248600915517773783333080689954481741,0xd65525f918d9957f6d72f34fe19b0819ca011207e4913d8a8f3855ab2b10ffd7,1771661722,2026-02-21T08:15:22+00:00,0.315,clob_prices_history
19092623696003297467569975421979058337700248600915517773783333080689954481741,0xd65525f918d9957f6d72f34fe19b0819ca011207e4913d8a8f3855ab2b10ffd7,1771662627,2026-02-21T08:30:27+00:00,0.315,clob_prices_history
19092623696003297467569975421979058337700248600915517773783333080689954481741,0xd65525f918d9957f6d72f34fe19b0819ca011207e4913d8a8f3855ab2b10ffd7,1771663528,2026-02-21T08:45:28+00:00,0.315,clob_prices_history
19092623696003297467569975421979058337700248600915517773783333080689954481741,0xd65525f918d9957f6d72f34fe19b0819ca011207e4913d8a8f3855ab2b10ffd7,1771664433,2026-02-21T09:00:33+00:00,0.315,clob_prices_history
19092623696003297467569975421979058337700248600915517773783333080689954481741,0xd65525f918d9957f6d72f34fe19b0819ca011207e4913d8a8f3855ab2b10ffd7,1771665322,2026-02-21T09:15:22+00:00,0.315,clob_prices_history
19092623696003297467569975421979058337700248600915517773783333080689954481741,0xd65525f918d9957f6d72f34fe19b0819ca011207e4913d8a8f3855ab2b10ffd7,1771666226,2026-02-21T09:30:26+00:00,0.315,clob_prices_history
19092623696003297467569975421979058337700248600915517773783333080689954481741,0xd65525f918d9957f6d72f34fe19b0819ca011207e4913d8a8f3855ab2b10ffd7,1771667123,2026-02-21T09:45:23+00:00,0.315,clob_prices_history
19092623696003297467569975421979058337700248600915517773783333080689954481741,0xd65525f918d9957f6d72f34fe19b0819ca011207e4913d8a8f3855ab2b10ffd7,1771668028,2026-02-21T10:00:28+00:00,0.315,clob_prices_history
19092623696003297467569975421979058337700248600915517773783333080689954481741,0xd65525f918d9957f6d72f34fe19b0819ca011207e4913d8a8f3855ab2b10ffd7,1771668922,2026-02-21T10:15:22+00:00,0.315,clob_prices_history
19092623696003297467569975421979058337700248600915517773783333080689954481741,0xd65525f918d9957f6d72f34fe19b0819ca011207e4913d8a8f3855ab2b10ffd7,1771669838,2026-02-21T10:30:38+00:00,0.315,clob_prices_history
19092623696003297467569975421979058337700248600915517773783333080689954481741,0xd65525f918d9957f6d72f34fe19b0819ca011207e4913d8a8f3855ab2b10ffd7,1771670721,2026-02-21T10:45:21+00:00,0.315,clob_prices_history
19092623696003297467569975421979058337700248600915517773783333080689954481741,0xd65525f918d9957f6d72f34fe19b0819ca011207e4913d8a8f3855ab2b10ffd7,1771671636,2026-02-21T11:00:36+00:00,0.305,clob_prices_history
19092623696003297467569975421979058337700248600915517773783333080689954481741,0xd65525f918d9957f6d72f34fe19b0819ca011207e4913d8a8f3855ab2b10ffd7,1771672523,2026-02-21T11:15:23+00:00,0.305,clob_prices_history
19092623696003297467569975421979058337700248600915517773783333080689954481741,0xd65525f918d9957f6d72f34fe19b0819ca011207e4913d8a8f3855ab2b10ffd7,1771673427,2026-02-21T11:30:27+00:00,0.375,clob_prices_history
19092623696003297467569975421979058337700248600915517773783333080689954481741,0xd65525f918d9957f6d72f34fe19b0819ca011207e4913d8a8f3855ab2b10ffd7,1771674327,2026-02-21T11:45:27+00:00,0.415,clob_prices_history
19092623696003297467569975421979058337700248600915517773783333080689954481741,0xd65525f918d9957f6d72f34fe19b0819ca011207e4913d8a8f3855ab2b10ffd7,1771675235,2026-02-21T12:00:35+00:00,0.415,clob_prices_history
19092623696003297467569975421979058337700248600915517773783333080689954481741,0xd65525f918d9957f6d72f34fe19b0819ca011207e4913d8a8f3855ab2b10ffd7,1771676123,2026-02-21T12:15:23+00:00,0.41,clob_prices_history
19092623696003297467569975421979058337700248600915517773783333080689954481741,0xd65525f918d9957f6d72f34fe19b0819ca011207e4913d8a8f3855ab2b10ffd7,1771677026,2026-02-21T12:30:26+00:00,0.415,clob_prices_history
19092623696003297467569975421979058337700248600915517773783333080689954481741,0xd65525f918d9957f6d72f34fe19b0819ca011207e4913d8a8f3855ab2b10ffd7,1771677923,2026-02-21T12:45:23+00:00,0.415,clob_prices_history
19092623696003297467569975421979058337700248600915517773783333080689954481741,0xd65525f918d9957f6d72f34fe19b0819ca011207e4913d8a8f3855ab2b10ffd7,1771678834,2026-02-21T13:00:34+00:00,0.415,clob_prices_history
19092623696003297467569975421979058337700248600915517773783333080689954481741,0xd65525f918d9957f6d72f34fe19b0819ca011207e4913d8a8f3855ab2b10ffd7,1771679723,2026-02-21T13:15:23+00:00,0.4,clob_prices_history
19092623696003297467569975421979058337700248600915517773783333080689954481741,0xd65525f918d9957f6d72f34fe19b0819ca011207e4913d8a8f3855ab2b10ffd7,1771680642,2026-02-21T13:30:42+00:00,0.41,clob_prices_history
19092623696003297467569975421979058337700248600915517773783333080689954481741,0xd65525f918d9957f6d72f34fe19b0819ca011207e4913d8a8f3855ab2b10ffd7,1771681526,2026-02-21T13:45:26+00:00,0.41,clob_prices_history
19092623696003297467569975421979058337700248600915517773783333080689954481741,0xd65525f918d9957f6d72f34fe19b0819ca011207e4913d8a8f3855ab2b10ffd7,1771682427,2026-02-21T14:00:27+00:00,0.385,clob_prices_history
19092623696003297467569975421979058337700248600915517773783333080689954481741,0xd65525f918d9957f6d72f34fe19b0819ca011207e4913d8a8f3855ab2b10ffd7,1771683325,2026-02-21T14:15:25+00:00,0.385,clob_prices_history
19092623696003297467569975421979058337700248600915517773783333080689954481741,0xd65525f918d9957f6d72f34fe19b0819ca011207e4913d8a8f3855ab2b10ffd7,1771684231,2026-02-21T14:30:31+00:00,0.38,clob_prices_history
19092623696003297467569975421979058337700248600915517773783333080689954481741,0xd65525f918d9957f6d72f34fe19b0819ca011207e4913d8a8f3855ab2b10ffd7,1771685121,2026-02-21T14:45:21+00:00,0.38,clob_prices_history
19092623696003297467569975421979058337700248600915517773783333080689954481741,0xd65525f918d9957f6d72f34fe19b0819ca011207e4913d8a8f3855ab2b10ffd7,1771686035,2026-02-21T15:00:35+00:00,0.38,clob_prices_history
19092623696003297467569975421979058337700248600915517773783333080689954481741,0xd65525f918d9957f6d72f34fe19b0819ca011207e4913d8a8f3855ab2b10ffd7,1771686923,2026-02-21T15:15:23+00:00,0.38,clob_prices_history
19092623696003297467569975421979058337700248600915517773783333080689954481741,0xd65525f918d9957f6d72f34fe19b0819ca011207e4913d8a8f3855ab2b10ffd7,1771687826,2026-02-21T15:30:26+00:00,0.38,clob_prices_history
19092623696003297467569975421979058337700248600915517773783333080689954481741,0xd65525f918d9957f6d72f34fe19b0819ca011207e4913d8a8f3855ab2b10ffd7,1771688722,2026-02-21T15:45:22+00:00,0.35,clob_prices_history
19092623696003297467569975421979058337700248600915517773783333080689954481741,0xd65525f918d9957f6d72f34fe19b0819ca011207e4913d8a8f3855ab2b10ffd7,1771689626,2026-02-21T16:00:26+00:00,0.355,clob_prices_history
19092623696003297467569975421979058337700248600915517773783333080689954481741,0xd65525f918d9957f6d72f34fe19b0819ca011207e4913d8a8f3855ab2b10ffd7,1771690528,2026-02-21T16:15:28+00:00,0.355,clob_prices_history
19092623696003297467569975421979058337700248600915517773783333080689954481741,0xd65525f918d9957f6d72f34fe19b0819ca011207e4913d8a8f3855ab2b10ffd7,1771691439,2026-02-21T16:30:39+00:00,0.355,clob_prices_history
19092623696003297467569975421979058337700248600915517773783333080689954481741,0xd65525f918d9957f6d72f34fe19b0819ca011207e4913d8a8f3855ab2b10ffd7,1771692324,2026-02-21T16:45:24+00:00,0.355,clob_prices_history
19092623696003297467569975421979058337700248600915517773783333080689954481741,0xd65525f918d9957f6d72f34fe19b0819ca011207e4913d8a8f3855ab2b10ffd7,1771693243,2026-02-21T17:00:43+00:00,0.33,clob_prices_history
19092623696003297467569975421979058337700248600915517773783333080689954481741,0xd65525f918d9957f6d72f34fe19b0819ca011207e4913d8a8f3855ab2b10ffd7,1771694122,2026-02-21T17:15:22+00:00,0.34,clob_prices_history
19092623696003297467569975421979058337700248600915517773783333080689954481741,0xd65525f918d9957f6d72f34fe19b0819ca011207e4913d8a8f3855ab2b10ffd7,1771695028,2026-02-21T17:30:28+00:00,0.335,clob_prices_history
19092623696003297467569975421979058337700248600915517773783333080689954481741,0xd65525f918d9957f6d72f34fe19b0819ca011207e4913d8a8f3855ab2b10ffd7,1771695925,2026-02-21T17:45:25+00:00,0.335,clob_prices_history
19092623696003297467569975421979058337700248600915517773783333080689954481741,0xd65525f918d9957f6d72f34fe19b0819ca011207e4913d8a8f3855ab2b10ffd7,1771696833,2026-02-21T18:00:33+00:00,0.335,clob_prices_history
19092623696003297467569975421979058337700248600915517773783333080689954481741,0xd65525f918d9957f6d72f34fe19b0819ca011207e4913d8a8f3855ab2b10ffd7,1771697753,2026-02-21T18:15:53+00:00,0.375,clob_prices_history
19092623696003297467569975421979058337700248600915517773783333080689954481741,0xd65525f918d9957f6d72f34fe19b0819ca011207e4913d8a8f3855ab2b10ffd7,1771698627,2026-02-21T18:30:27+00:00,0.375,clob_prices_history
19092623696003297467569975421979058337700248600915517773783333080689954481741,0xd65525f918d9957f6d72f34fe19b0819ca011207e4913d8a8f3855ab2b10ffd7,1771699524,2026-02-21T18:45:24+00:00,0.38,clob_prices_history
19092623696003297467569975421979058337700248600915517773783333080689954481741,0xd65525f918d9957f6d72f34fe19b0819ca011207e4913d8a8f3855ab2b10ffd7,1771700433,2026-02-21T19:00:33+00:00,0.38,clob_prices_history
19092623696003297467569975421979058337700248600915517773783333080689954481741,0xd65525f918d9957f6d72f34fe19b0819ca011207e4913d8a8f3855ab2b10ffd7,1771701324,2026-02-21T19:15:24+00:00,0.38,clob_prices_history
19092623696003297467569975421979058337700248600915517773783333080689954481741,0xd65525f918d9957f6d72f34fe19b0819ca011207e4913d8a8f3855ab2b10ffd7,1771702258,2026-02-21T19:30:58+00:00,0.375,clob_prices_history
19092623696003297467569975421979058337700248600915517773783333080689954481741,0xd65525f918d9957f6d72f34fe19b0819ca011207e4913d8a8f3855ab2b10ffd7,1771703123,2026-02-21T19:45:23+00:00,0.38,clob_prices_history
19092623696003297467569975421979058337700248600915517773783333080689954481741,0xd65525f918d9957f6d72f34fe19b0819ca011207e4913d8a8f3855ab2b10ffd7,1771704034,2026-02-21T20:00:34+00:00,0.375,clob_prices_history
19092623696003297467569975421979058337700248600915517773783333080689954481741,0xd65525f918d9957f6d72f34fe19b0819ca011207e4913d8a8f3855ab2b10ffd7,1771704941,2026-02-21T20:15:41+00:00,0.385,clob_prices_history
19092623696003297467569975421979058337700248600915517773783333080689954481741,0xd65525f918d9957f6d72f34fe19b0819ca011207e4913d8a8f3855ab2b10ffd7,1771705829,2026-02-21T20:30:29+00:00,0.385,clob_prices_history
19092623696003297467569975421979058337700248600915517773783333080689954481741,0xd65525f918d9957f6d72f34fe19b0819ca011207e4913d8a8f3855ab2b10ffd7,1771706737,2026-02-21T20:45:37+00:00,0.385,clob_prices_history
19092623696003297467569975421979058337700248600915517773783333080689954481741,0xd65525f918d9957f6d72f34fe19b0819ca011207e4913d8a8f3855ab2b10ffd7,1771707634,2026-02-21T21:00:34+00:00,0.385,clob_prices_history
19092623696003297467569975421979058337700248600915517773783333080689954481741,0xd65525f918d9957f6d72f34fe19b0819ca011207e4913d8a8f3855ab2b10ffd7,1771708534,2026-02-21T21:15:34+00:00,0.38,clob_prices_history
19092623696003297467569975421979058337700248600915517773783333080689954481741,0xd65525f918d9957f6d72f34fe19b0819ca011207e4913d8a8f3855ab2b10ffd7,1771709429,2026-02-21T21:30:29+00:00,0.38,clob_prices_history
19092623696003297467569975421979058337700248600915517773783333080689954481741,0xd65525f918d9957f6d72f34fe19b0819ca011207e4913d8a8f3855ab2b10ffd7,1771710328,2026-02-21T21:45:28+00:00,0.38,clob_prices_history
19092623696003297467569975421979058337700248600915517773783333080689954481741,0xd65525f918d9957f6d72f34fe19b0819ca011207e4913d8a8f3855ab2b10ffd7,1771711227,2026-02-21T22:00:27+00:00,0.395,clob_prices_history
19092623696003297467569975421979058337700248600915517773783333080689954481741,0xd65525f918d9957f6d72f34fe19b0819ca011207e4913d8a8f3855ab2b10ffd7,1771712123,2026-02-21T22:15:23+00:00,0.395,clob_prices_history
19092623696003297467569975421979058337700248600915517773783333080689954481741,0xd65525f918d9957f6d72f34fe19b0819ca011207e4913d8a8f3855ab2b10ffd7,1771713027,2026-02-21T22:30:27+00:00,0.415,clob_prices_history
19092623696003297467569975421979058337700248600915517773783333080689954481741,0xd65525f918d9957f6d72f34fe19b0819ca011207e4913d8a8f3855ab2b10ffd7,1771713929,2026-02-21T22:45:29+00:00,0.415,clob_prices_history
19092623696003297467569975421979058337700248600915517773783333080689954481741,0xd65525f918d9957f6d72f34fe19b0819ca011207e4913d8a8f3855ab2b10ffd7,1771714828,2026-02-21T23:00:28+00:00,0.425,clob_prices_history
19092623696003297467569975421979058337700248600915517773783333080689954481741,0xd65525f918d9957f6d72f34fe19b0819ca011207e4913d8a8f3855ab2b10ffd7,1771715734,2026-02-21T23:15:34+00:00,0.425,clob_prices_history
19092623696003297467569975421979058337700248600915517773783333080689954481741,0xd65525f918d9957f6d72f34fe19b0819ca011207e4913d8a8f3855ab2b10ffd7,1771716628,2026-02-21T23:30:28+00:00,0.425,clob_prices_history
19092623696003297467569975421979058337700248600915517773783333080689954481741,0xd65525f918d9957f6d72f34fe19b0819ca011207e4913d8a8f3855ab2b10ffd7,1771717523,2026-02-21T23:45:23+00:00,0.415,clob_prices_history
19092623696003297467569975421979058337700248600915517773783333080689954481741,0xd65525f918d9957f6d72f34fe19b0819ca011207e4913d8a8f3855ab2b10ffd7,1771718435,2026-02-22T00:00:35+00:00,0.43,clob_prices_history
19092623696003297467569975421979058337700248600915517773783333080689954481741,0xd65525f918d9957f6d72f34fe19b0819ca011207e4913d8a8f3855ab2b10ffd7,1771719322,2026-02-22T00:15:22+00:00,0.435,clob_prices_history
19092623696003297467569975421979058337700248600915517773783333080689954481741,0xd65525f918d9957f6d72f34fe19b0819ca011207e4913d8a8f3855ab2b10ffd7,1771720228,2026-02-22T00:30:28+00:00,0.425,clob_prices_history
19092623696003297467569975421979058337700248600915517773783333080689954481741,0xd65525f918d9957f6d72f34fe19b0819ca011207e4913d8a8f3855ab2b10ffd7,1771721122,2026-02-22T00:45:22+00:00,0.425,clob_prices_history
19092623696003297467569975421979058337700248600915517773783333080689954481741,0xd65525f918d9957f6d72f34fe19b0819ca011207e4913d8a8f3855ab2b10ffd7,1771722028,2026-02-22T01:00:28+00:00,0.425,clob_prices_history
19092623696003297467569975421979058337700248600915517773783333080689954481741,0xd65525f918d9957f6d72f34fe19b0819ca011207e4913d8a8f3855ab2b10ffd7,1771722923,2026-02-22T01:15:23+00:00,0.425,clob_prices_history
19092623696003297467569975421979058337700248600915517773783333080689954481741,0xd65525f918d9957f6d72f34fe19b0819ca011207e4913d8a8f3855ab2b10ffd7,1771723828,2026-02-22T01:30:28+00:00,0.415,clob_prices_history
19092623696003297467569975421979058337700248600915517773783333080689954481741,0xd65525f918d9957f6d72f34fe19b0819ca011207e4913d8a8f3855ab2b10ffd7,1771724722,2026-02-22T01:45:22+00:00,0.42,clob_prices_history
19092623696003297467569975421979058337700248600915517773783333080689954481741,0xd65525f918d9957f6d72f34fe19b0819ca011207e4913d8a8f3855ab2b10ffd7,1771725628,2026-02-22T02:00:28+00:00,0.42,clob_prices_history
19092623696003297467569975421979058337700248600915517773783333080689954481741,0xd65525f918d9957f6d72f34fe19b0819ca011207e4913d8a8f3855ab2b10ffd7,1771726522,2026-02-22T02:15:22+00:00,0.42,clob_prices_history
19092623696003297467569975421979058337700248600915517773783333080689954481741,0xd65525f918d9957f6d72f34fe19b0819ca011207e4913d8a8f3855ab2b10ffd7,1771727428,2026-02-22T02:30:28+00:00,0.42,clob_prices_history
19092623696003297467569975421979058337700248600915517773783333080689954481741,0xd65525f918d9957f6d72f34fe19b0819ca011207e4913d8a8f3855ab2b10ffd7,1771728321,2026-02-22T02:45:21+00:00,0.42,clob_prices_history
19092623696003297467569975421979058337700248600915517773783333080689954481741,0xd65525f918d9957f6d72f34fe19b0819ca011207e4913d8a8f3855ab2b10ffd7,1771729248,2026-02-22T03:00:48+00:00,0.425,clob_prices_history
19092623696003297467569975421979058337700248600915517773783333080689954481741,0xd65525f918d9957f6d72f34fe19b0819ca011207e4913d8a8f3855ab2b10ffd7,1771730121,2026-02-22T03:15:21+00:00,0.42,clob_prices_history
19092623696003297467569975421979058337700248600915517773783333080689954481741,0xd65525f918d9957f6d72f34fe19b0819ca011207e4913d8a8f3855ab2b10ffd7,1771731026,2026-02-22T03:30:26+00:00,0.42,clob_prices_history
19092623696003297467569975421979058337700248600915517773783333080689954481741,0xd65525f918d9957f6d72f34fe19b0819ca011207e4913d8a8f3855ab2b10ffd7,1771731921,2026-02-22T03:45:21+00:00,0.42,clob_prices_history
19092623696003297467569975421979058337700248600915517773783333080689954481741,0xd65525f918d9957f6d72f34fe19b0819ca011207e4913d8a8f3855ab2b10ffd7,1771732825,2026-02-22T04:00:25+00:00,0.42,clob_prices_history
19092623696003297467569975421979058337700248600915517773783333080689954481741,0xd65525f918d9957f6d72f34fe19b0819ca011207e4913d8a8f3855ab2b10ffd7,1771733720,2026-02-22T04:15:20+00:00,0.43,clob_prices_history
19092623696003297467569975421979058337700248600915517773783333080689954481741,0xd65525f918d9957f6d72f34fe19b0819ca011207e4913d8a8f3855ab2b10ffd7,1771734625,2026-02-22T04:30:25+00:00,0.43,clob_prices_history
19092623696003297467569975421979058337700248600915517773783333080689954481741,0xd65525f918d9957f6d72f34fe19b0819ca011207e4913d8a8f3855ab2b10ffd7,1771735521,2026-02-22T04:45:21+00:00,0.43,clob_prices_history
19092623696003297467569975421979058337700248600915517773783333080689954481741,0xd65525f918d9957f6d72f34fe19b0819ca011207e4913d8a8f3855ab2b10ffd7,1771736425,2026-02-22T05:00:25+00:00,0.43,clob_prices_history
19092623696003297467569975421979058337700248600915517773783333080689954481741,0xd65525f918d9957f6d72f34fe19b0819ca011207e4913d8a8f3855ab2b10ffd7,1771737322,2026-02-22T05:15:22+00:00,0.43,clob_prices_history
19092623696003297467569975421979058337700248600915517773783333080689954481741,0xd65525f918d9957f6d72f34fe19b0819ca011207e4913d8a8f3855ab2b10ffd7,1771738226,2026-02-22T05:30:26+00:00,0.43,clob_prices_history
19092623696003297467569975421979058337700248600915517773783333080689954481741,0xd65525f918d9957f6d72f34fe19b0819ca011207e4913d8a8f3855ab2b10ffd7,1771739120,2026-02-22T05:45:20+00:00,0.43,clob_prices_history
19092623696003297467569975421979058337700248600915517773783333080689954481741,0xd65525f918d9957f6d72f34fe19b0819ca011207e4913d8a8f3855ab2b10ffd7,1771740031,2026-02-22T06:00:31+00:00,0.43,clob_prices_history
19092623696003297467569975421979058337700248600915517773783333080689954481741,0xd65525f918d9957f6d72f34fe19b0819ca011207e4913d8a8f3855ab2b10ffd7,1771740922,2026-02-22T06:15:22+00:00,0.43,clob_prices_history
19092623696003297467569975421979058337700248600915517773783333080689954481741,0xd65525f918d9957f6d72f34fe19b0819ca011207e4913d8a8f3855ab2b10ffd7,1771741827,2026-02-22T06:30:27+00:00,0.43,clob_prices_history
19092623696003297467569975421979058337700248600915517773783333080689954481741,0xd65525f918d9957f6d72f34fe19b0819ca011207e4913d8a8f3855ab2b10ffd7,1771742722,2026-02-22T06:45:22+00:00,0.44,clob_prices_history
19092623696003297467569975421979058337700248600915517773783333080689954481741,0xd65525f918d9957f6d72f34fe19b0819ca011207e4913d8a8f3855ab2b10ffd7,1771743655,2026-02-22T07:00:55+00:00,0.44,clob_prices_history
19092623696003297467569975421979058337700248600915517773783333080689954481741,0xd65525f918d9957f6d72f34fe19b0819ca011207e4913d8a8f3855ab2b10ffd7,1771744520,2026-02-22T07:15:20+00:00,0.44,clob_prices_history
19092623696003297467569975421979058337700248600915517773783333080689954481741,0xd65525f918d9957f6d72f34fe19b0819ca011207e4913d8a8f3855ab2b10ffd7,1771745429,2026-02-22T07:30:29+00:00,0.44,clob_prices_history
19092623696003297467569975421979058337700248600915517773783333080689954481741,0xd65525f918d9957f6d72f34fe19b0819ca011207e4913d8a8f3855ab2b10ffd7,1771746321,2026-02-22T07:45:21+00:00,0.44,clob_prices_history
19092623696003297467569975421979058337700248600915517773783333080689954481741,0xd65525f918d9957f6d72f34fe19b0819ca011207e4913d8a8f3855ab2b10ffd7,1771747233,2026-02-22T08:00:33+00:00,0.44,clob_prices_history
19092623696003297467569975421979058337700248600915517773783333080689954481741,0xd65525f918d9957f6d72f34fe19b0819ca011207e4913d8a8f3855ab2b10ffd7,1771748121,2026-02-22T08:15:21+00:00,0.44,clob_prices_history
19092623696003297467569975421979058337700248600915517773783333080689954481741,0xd65525f918d9957f6d72f34fe19b0819ca011207e4913d8a8f3855ab2b10ffd7,1771749027,2026-02-22T08:30:27+00:00,0.425,clob_prices_history
19092623696003297467569975421979058337700248600915517773783333080689954481741,0xd65525f918d9957f6d72f34fe19b0819ca011207e4913d8a8f3855ab2b10ffd7,1771749921,2026-02-22T08:45:21+00:00,0.425,clob_prices_history
19092623696003297467569975421979058337700248600915517773783333080689954481741,0xd65525f918d9957f6d72f34fe19b0819ca011207e4913d8a8f3855ab2b10ffd7,1771750834,2026-02-22T09:00:34+00:00,0.425,clob_prices_history
19092623696003297467569975421979058337700248600915517773783333080689954481741,0xd65525f918d9957f6d72f34fe19b0819ca011207e4913d8a8f3855ab2b10ffd7,1771751732,2026-02-22T09:15:32+00:00,0.425,clob_prices_history
19092623696003297467569975421979058337700248600915517773783333080689954481741,0xd65525f918d9957f6d72f34fe19b0819ca011207e4913d8a8f3855ab2b10ffd7,1771752626,2026-02-22T09:30:26+00:00,0.41,clob_prices_history
19092623696003297467569975421979058337700248600915517773783333080689954481741,0xd65525f918d9957f6d72f34fe19b0819ca011207e4913d8a8f3855ab2b10ffd7,1771753522,2026-02-22T09:45:22+00:00,0.41,clob_prices_history
19092623696003297467569975421979058337700248600915517773783333080689954481741,0xd65525f918d9957f6d72f34fe19b0819ca011207e4913d8a8f3855ab2b10ffd7,1771754429,2026-02-22T10:00:29+00:00,0.41,clob_prices_history
19092623696003297467569975421979058337700248600915517773783333080689954481741,0xd65525f918d9957f6d72f34fe19b0819ca011207e4913d8a8f3855ab2b10ffd7,1771755325,2026-02-22T10:15:25+00:00,0.405,clob_prices_history
19092623696003297467569975421979058337700248600915517773783333080689954481741,0xd65525f918d9957f6d72f34fe19b0819ca011207e4913d8a8f3855ab2b10ffd7,1771756227,2026-02-22T10:30:27+00:00,0.41,clob_prices_history
19092623696003297467569975421979058337700248600915517773783333080689954481741,0xd65525f918d9957f6d72f34fe19b0819ca011207e4913d8a8f3855ab2b10ffd7,1771757122,2026-02-22T10:45:22+00:00,0.405,clob_prices_history
19092623696003297467569975421979058337700248600915517773783333080689954481741,0xd65525f918d9957f6d72f34fe19b0819ca011207e4913d8a8f3855ab2b10ffd7,1771758028,2026-02-22T11:00:28+00:00,0.41,clob_prices_history
19092623696003297467569975421979058337700248600915517773783333080689954481741,0xd65525f918d9957f6d72f34fe19b0819ca011207e4913d8a8f3855ab2b10ffd7,1771758922,2026-02-22T11:15:22+00:00,0.41,clob_prices_history
19092623696003297467569975421979058337700248600915517773783333080689954481741,0xd65525f918d9957f6d72f34fe19b0819ca011207e4913d8a8f3855ab2b10ffd7,1771759846,2026-02-22T11:30:46+00:00,0.41,clob_prices_history
19092623696003297467569975421979058337700248600915517773783333080689954481741,0xd65525f918d9957f6d72f34fe19b0819ca011207e4913d8a8f3855ab2b10ffd7,1771760721,2026-02-22T11:45:21+00:00,0.41,clob_prices_history
19092623696003297467569975421979058337700248600915517773783333080689954481741,0xd65525f918d9957f6d72f34fe19b0819ca011207e4913d8a8f3855ab2b10ffd7,1771761644,2026-02-22T12:00:44+00:00,0.41,clob_prices_history
19092623696003297467569975421979058337700248600915517773783333080689954481741,0xd65525f918d9957f6d72f34fe19b0819ca011207e4913d8a8f3855ab2b10ffd7,1771762521,2026-02-22T12:15:21+00:00,0.41,clob_prices_history
19092623696003297467569975421979058337700248600915517773783333080689954481741,0xd65525f918d9957f6d72f34fe19b0819ca011207e4913d8a8f3855ab2b10ffd7,1771763430,2026-02-22T12:30:30+00:00,0.41,clob_prices_history
19092623696003297467569975421979058337700248600915517773783333080689954481741,0xd65525f918d9957f6d72f34fe19b0819ca011207e4913d8a8f3855ab2b10ffd7,1771764326,2026-02-22T12:45:26+00:00,0.405,clob_prices_history
19092623696003297467569975421979058337700248600915517773783333080689954481741,0xd65525f918d9957f6d72f34fe19b0819ca011207e4913d8a8f3855ab2b10ffd7,1771765227,2026-02-22T13:00:27+00:00,0.405,clob_prices_history
19092623696003297467569975421979058337700248600915517773783333080689954481741,0xd65525f918d9957f6d72f34fe19b0819ca011207e4913d8a8f3855ab2b10ffd7,1771766122,2026-02-22T13:15:22+00:00,0.4,clob_prices_history
19092623696003297467569975421979058337700248600915517773783333080689954481741,0xd65525f918d9957f6d72f34fe19b0819ca011207e4913d8a8f3855ab2b10ffd7,1771767027,2026-02-22T13:30:27+00:00,0.4,clob_prices_history
19092623696003297467569975421979058337700248600915517773783333080689954481741,0xd65525f918d9957f6d72f34fe19b0819ca011207e4913d8a8f3855ab2b10ffd7,1771767929,2026-02-22T13:45:29+00:00,0.395,clob_prices_history
19092623696003297467569975421979058337700248600915517773783333080689954481741,0xd65525f918d9957f6d72f34fe19b0819ca011207e4913d8a8f3855ab2b10ffd7,1771768856,2026-02-22T14:00:56+00:00,0.395,clob_prices_history
19092623696003297467569975421979058337700248600915517773783333080689954481741,0xd65525f918d9957f6d72f34fe19b0819ca011207e4913d8a8f3855ab2b10ffd7,1771769722,2026-02-22T14:15:22+00:00,0.39,clob_prices_history
19092623696003297467569975421979058337700248600915517773783333080689954481741,0xd65525f918d9957f6d72f34fe19b0819ca011207e4913d8a8f3855ab2b10ffd7,1771770628,2026-02-22T14:30:28+00:00,0.385,clob_prices_history
19092623696003297467569975421979058337700248600915517773783333080689954481741,0xd65525f918d9957f6d72f34fe19b0819ca011207e4913d8a8f3855ab2b10ffd7,1771771524,2026-02-22T14:45:24+00:00,0.385,clob_prices_history
19092623696003297467569975421979058337700248600915517773783333080689954481741,0xd65525f918d9957f6d72f34fe19b0819ca011207e4913d8a8f3855ab2b10ffd7,1771772433,2026-02-22T15:00:33+00:00,0.385,clob_prices_history
19092623696003297467569975421979058337700248600915517773783333080689954481741,0xd65525f918d9957f6d72f34fe19b0819ca011207e4913d8a8f3855ab2b10ffd7,1771773336,2026-02-22T15:15:36+00:00,0.385,clob_prices_history
19092623696003297467569975421979058337700248600915517773783333080689954481741,0xd65525f918d9957f6d72f34fe19b0819ca011207e4913d8a8f3855ab2b10ffd7,1771774228,2026-02-22T15:30:28+00:00,0.39,clob_prices_history
19092623696003297467569975421979058337700248600915517773783333080689954481741,0xd65525f918d9957f6d72f34fe19b0819ca011207e4913d8a8f3855ab2b10ffd7,1771775122,2026-02-22T15:45:22+00:00,0.385,clob_prices_history
19092623696003297467569975421979058337700248600915517773783333080689954481741,0xd65525f918d9957f6d72f34fe19b0819ca011207e4913d8a8f3855ab2b10ffd7,1771776030,2026-02-22T16:00:30+00:00,0.39,clob_prices_history
19092623696003297467569975421979058337700248600915517773783333080689954481741,0xd65525f918d9957f6d72f34fe19b0819ca011207e4913d8a8f3855ab2b10ffd7,1771776949,2026-02-22T16:15:49+00:00,0.39,clob_prices_history
19092623696003297467569975421979058337700248600915517773783333080689954481741,0xd65525f918d9957f6d72f34fe19b0819ca011207e4913d8a8f3855ab2b10ffd7,1771777827,2026-02-22T16:30:27+00:00,0.39,clob_prices_history
19092623696003297467569975421979058337700248600915517773783333080689954481741,0xd65525f918d9957f6d72f34fe19b0819ca011207e4913d8a8f3855ab2b10ffd7,1771778727,2026-02-22T16:45:27+00:00,0.39,clob_prices_history
19092623696003297467569975421979058337700248600915517773783333080689954481741,0xd65525f918d9957f6d72f34fe19b0819ca011207e4913d8a8f3855ab2b10ffd7,1771779652,2026-02-22T17:00:52+00:00,0.38,clob_prices_history
19092623696003297467569975421979058337700248600915517773783333080689954481741,0xd65525f918d9957f6d72f34fe19b0819ca011207e4913d8a8f3855ab2b10ffd7,1771780521,2026-02-22T17:15:21+00:00,0.38,clob_prices_history
19092623696003297467569975421979058337700248600915517773783333080689954481741,0xd65525f918d9957f6d72f34fe19b0819ca011207e4913d8a8f3855ab2b10ffd7,1771781428,2026-02-22T17:30:28+00:00,0.38,clob_prices_history
19092623696003297467569975421979058337700248600915517773783333080689954481741,0xd65525f918d9957f6d72f34fe19b0819ca011207e4913d8a8f3855ab2b10ffd7,1771782323,2026-02-22T17:45:23+00:00,0.38,clob_prices_history
19092623696003297467569975421979058337700248600915517773783333080689954481741,0xd65525f918d9957f6d72f34fe19b0819ca011207e4913d8a8f3855ab2b10ffd7,1771783241,2026-02-22T18:00:41+00:00,0.38,clob_prices_history
19092623696003297467569975421979058337700248600915517773783333080689954481741,0xd65525f918d9957f6d72f34fe19b0819ca011207e4913d8a8f3855ab2b10ffd7,1771784122,2026-02-22T18:15:22+00:00,0.38,clob_prices_history
19092623696003297467569975421979058337700248600915517773783333080689954481741,0xd65525f918d9957f6d72f34fe19b0819ca011207e4913d8a8f3855ab2b10ffd7,1771785042,2026-02-22T18:30:42+00:00,0.38,clob_prices_history
19092623696003297467569975421979058337700248600915517773783333080689954481741,0xd65525f918d9957f6d72f34fe19b0819ca011207e4913d8a8f3855ab2b10ffd7,1771785928,2026-02-22T18:45:28+00:00,0.38,clob_prices_history
19092623696003297467569975421979058337700248600915517773783333080689954481741,0xd65525f918d9957f6d72f34fe19b0819ca011207e4913d8a8f3855ab2b10ffd7,1771786831,2026-02-22T19:00:31+00:00,0.38,clob_prices_history
19092623696003297467569975421979058337700248600915517773783333080689954481741,0xd65525f918d9957f6d72f34fe19b0819ca011207e4913d8a8f3855ab2b10ffd7,1771787723,2026-02-22T19:15:23+00:00,0.38,clob_prices_history
19092623696003297467569975421979058337700248600915517773783333080689954481741,0xd65525f918d9957f6d72f34fe19b0819ca011207e4913d8a8f3855ab2b10ffd7,1771788634,2026-02-22T19:30:34+00:00,0.38,clob_prices_history
19092623696003297467569975421979058337700248600915517773783333080689954481741,0xd65525f918d9957f6d72f34fe19b0819ca011207e4913d8a8f3855ab2b10ffd7,1771789522,2026-02-22T19:45:22+00:00,0.375,clob_prices_history
19092623696003297467569975421979058337700248600915517773783333080689954481741,0xd65525f918d9957f6d72f34fe19b0819ca011207e4913d8a8f3855ab2b10ffd7,1771790431,2026-02-22T20:00:31+00:00,0.375,clob_prices_history
19092623696003297467569975421979058337700248600915517773783333080689954481741,0xd65525f918d9957f6d72f34fe19b0819ca011207e4913d8a8f3855ab2b10ffd7,1771791322,2026-02-22T20:15:22+00:00,0.38,clob_prices_history
19092623696003297467569975421979058337700248600915517773783333080689954481741,0xd65525f918d9957f6d72f34fe19b0819ca011207e4913d8a8f3855ab2b10ffd7,1771792228,2026-02-22T20:30:28+00:00,0.38,clob_prices_history
19092623696003297467569975421979058337700248600915517773783333080689954481741,0xd65525f918d9957f6d72f34fe19b0819ca011207e4913d8a8f3855ab2b10ffd7,1771793123,2026-02-22T20:45:23+00:00,0.38,clob_prices_history
19092623696003297467569975421979058337700248600915517773783333080689954481741,0xd65525f918d9957f6d72f34fe19b0819ca011207e4913d8a8f3855ab2b10ffd7,1771794042,2026-02-22T21:00:42+00:00,0.38,clob_prices_history
19092623696003297467569975421979058337700248600915517773783333080689954481741,0xd65525f918d9957f6d72f34fe19b0819ca011207e4913d8a8f3855ab2b10ffd7,1771794922,2026-02-22T21:15:22+00:00,0.38,clob_prices_history
19092623696003297467569975421979058337700248600915517773783333080689954481741,0xd65525f918d9957f6d72f34fe19b0819ca011207e4913d8a8f3855ab2b10ffd7,1771795840,2026-02-22T21:30:40+00:00,0.38,clob_prices_history
19092623696003297467569975421979058337700248600915517773783333080689954481741,0xd65525f918d9957f6d72f34fe19b0819ca011207e4913d8a8f3855ab2b10ffd7,1771796723,2026-02-22T21:45:23+00:00,0.385,clob_prices_history
19092623696003297467569975421979058337700248600915517773783333080689954481741,0xd65525f918d9957f6d72f34fe19b0819ca011207e4913d8a8f3855ab2b10ffd7,1771797628,2026-02-22T22:00:28+00:00,0.385,clob_prices_history
19092623696003297467569975421979058337700248600915517773783333080689954481741,0xd65525f918d9957f6d72f34fe19b0819ca011207e4913d8a8f3855ab2b10ffd7,1771798523,2026-02-22T22:15:23+00:00,0.385,clob_prices_history
19092623696003297467569975421979058337700248600915517773783333080689954481741,0xd65525f918d9957f6d72f34fe19b0819ca011207e4913d8a8f3855ab2b10ffd7,1771799438,2026-02-22T22:30:38+00:00,0.39,clob_prices_history
19092623696003297467569975421979058337700248600915517773783333080689954481741,0xd65525f918d9957f6d72f34fe19b0819ca011207e4913d8a8f3855ab2b10ffd7,1771800322,2026-02-22T22:45:22+00:00,0.39,clob_prices_history
19092623696003297467569975421979058337700248600915517773783333080689954481741,0xd65525f918d9957f6d72f34fe19b0819ca011207e4913d8a8f3855ab2b10ffd7,1771801229,2026-02-22T23:00:29+00:00,0.39,clob_prices_history
19092623696003297467569975421979058337700248600915517773783333080689954481741,0xd65525f918d9957f6d72f34fe19b0819ca011207e4913d8a8f3855ab2b10ffd7,1771802126,2026-02-22T23:15:26+00:00,0.39,clob_prices_history
19092623696003297467569975421979058337700248600915517773783333080689954481741,0xd65525f918d9957f6d72f34fe19b0819ca011207e4913d8a8f3855ab2b10ffd7,1771803028,2026-02-22T23:30:28+00:00,0.395,clob_prices_history
19092623696003297467569975421979058337700248600915517773783333080689954481741,0xd65525f918d9957f6d72f34fe19b0819ca011207e4913d8a8f3855ab2b10ffd7,1771803922,2026-02-22T23:45:22+00:00,0.395,clob_prices_history
19092623696003297467569975421979058337700248600915517773783333080689954481741,0xd65525f918d9957f6d72f34fe19b0819ca011207e4913d8a8f3855ab2b10ffd7,1771804842,2026-02-23T00:00:42+00:00,0.39,clob_prices_history
19092623696003297467569975421979058337700248600915517773783333080689954481741,0xd65525f918d9957f6d72f34fe19b0819ca011207e4913d8a8f3855ab2b10ffd7,1771805727,2026-02-23T00:15:27+00:00,0.395,clob_prices_history
19092623696003297467569975421979058337700248600915517773783333080689954481741,0xd65525f918d9957f6d72f34fe19b0819ca011207e4913d8a8f3855ab2b10ffd7,1771806628,2026-02-23T00:30:28+00:00,0.395,clob_prices_history
19092623696003297467569975421979058337700248600915517773783333080689954481741,0xd65525f918d9957f6d72f34fe19b0819ca011207e4913d8a8f3855ab2b10ffd7,1771807520,2026-02-23T00:45:20+00:00,0.395,clob_prices_history
19092623696003297467569975421979058337700248600915517773783333080689954481741,0xd65525f918d9957f6d72f34fe19b0819ca011207e4913d8a8f3855ab2b10ffd7,1771810232,2026-02-23T01:30:32+00:00,0.395,clob_prices_history
19092623696003297467569975421979058337700248600915517773783333080689954481741,0xd65525f918d9957f6d72f34fe19b0819ca011207e4913d8a8f3855ab2b10ffd7,1771811122,2026-02-23T01:45:22+00:00,0.35,clob_prices_history
19092623696003297467569975421979058337700248600915517773783333080689954481741,0xd65525f918d9957f6d72f34fe19b0819ca011207e4913d8a8f3855ab2b10ffd7,1771812027,2026-02-23T02:00:27+00:00,0.34,clob_prices_history
19092623696003297467569975421979058337700248600915517773783333080689954481741,0xd65525f918d9957f6d72f34fe19b0819ca011207e4913d8a8f3855ab2b10ffd7,1771812920,2026-02-23T02:15:20+00:00,0.34,clob_prices_history
19092623696003297467569975421979058337700248600915517773783333080689954481741,0xd65525f918d9957f6d72f34fe19b0819ca011207e4913d8a8f3855ab2b10ffd7,1771813827,2026-02-23T02:30:27+00:00,0.34,clob_prices_history
19092623696003297467569975421979058337700248600915517773783333080689954481741,0xd65525f918d9957f6d72f34fe19b0819ca011207e4913d8a8f3855ab2b10ffd7,1771814723,2026-02-23T02:45:23+00:00,0.34,clob_prices_history
19092623696003297467569975421979058337700248600915517773783333080689954481741,0xd65525f918d9957f6d72f34fe19b0819ca011207e4913d8a8f3855ab2b10ffd7,1771815633,2026-02-23T03:00:33+00:00,0.34,clob_prices_history
19092623696003297467569975421979058337700248600915517773783333080689954481741,0xd65525f918d9957f6d72f34fe19b0819ca011207e4913d8a8f3855ab2b10ffd7,1771816520,2026-02-23T03:15:20+00:00,0.34,clob_prices_history
19092623696003297467569975421979058337700248600915517773783333080689954481741,0xd65525f918d9957f6d72f34fe19b0819ca011207e4913d8a8f3855ab2b10ffd7,1771817429,2026-02-23T03:30:29+00:00,0.34,clob_prices_history
19092623696003297467569975421979058337700248600915517773783333080689954481741,0xd65525f918d9957f6d72f34fe19b0819ca011207e4913d8a8f3855ab2b10ffd7,1771818320,2026-02-23T03:45:20+00:00,0.34,clob_prices_history
19092623696003297467569975421979058337700248600915517773783333080689954481741,0xd65525f918d9957f6d72f34fe19b0819ca011207e4913d8a8f3855ab2b10ffd7,1771819232,2026-02-23T04:00:32+00:00,0.34,clob_prices_history
19092623696003297467569975421979058337700248600915517773783333080689954481741,0xd65525f918d9957f6d72f34fe19b0819ca011207e4913d8a8f3855ab2b10ffd7,1771820135,2026-02-23T04:15:35+00:00,0.34,clob_prices_history
19092623696003297467569975421979058337700248600915517773783333080689954481741,0xd65525f918d9957f6d72f34fe19b0819ca011207e4913d8a8f3855ab2b10ffd7,1771821027,2026-02-23T04:30:27+00:00,0.34,clob_prices_history
19092623696003297467569975421979058337700248600915517773783333080689954481741,0xd65525f918d9957f6d72f34fe19b0819ca011207e4913d8a8f3855ab2b10ffd7,1771821920,2026-02-23T04:45:20+00:00,0.34,clob_prices_history
19092623696003297467569975421979058337700248600915517773783333080689954481741,0xd65525f918d9957f6d72f34fe19b0819ca011207e4913d8a8f3855ab2b10ffd7,1771822827,2026-02-23T05:00:27+00:00,0.34,clob_prices_history
19092623696003297467569975421979058337700248600915517773783333080689954481741,0xd65525f918d9957f6d72f34fe19b0819ca011207e4913d8a8f3855ab2b10ffd7,1771823720,2026-02-23T05:15:20+00:00,0.34,clob_prices_history
19092623696003297467569975421979058337700248600915517773783333080689954481741,0xd65525f918d9957f6d72f34fe19b0819ca011207e4913d8a8f3855ab2b10ffd7,1771824632,2026-02-23T05:30:32+00:00,0.34,clob_prices_history
19092623696003297467569975421979058337700248600915517773783333080689954481741,0xd65525f918d9957f6d72f34fe19b0819ca011207e4913d8a8f3855ab2b10ffd7,1771825535,2026-02-23T05:45:35+00:00,0.34,clob_prices_history
19092623696003297467569975421979058337700248600915517773783333080689954481741,0xd65525f918d9957f6d72f34fe19b0819ca011207e4913d8a8f3855ab2b10ffd7,1771826437,2026-02-23T06:00:37+00:00,0.34,clob_prices_history
19092623696003297467569975421979058337700248600915517773783333080689954481741,0xd65525f918d9957f6d72f34fe19b0819ca011207e4913d8a8f3855ab2b10ffd7,1771827320,2026-02-23T06:15:20+00:00,0.34,clob_prices_history
19092623696003297467569975421979058337700248600915517773783333080689954481741,0xd65525f918d9957f6d72f34fe19b0819ca011207e4913d8a8f3855ab2b10ffd7,1771828226,2026-02-23T06:30:26+00:00,0.335,clob_prices_history
19092623696003297467569975421979058337700248600915517773783333080689954481741,0xd65525f918d9957f6d72f34fe19b0819ca011207e4913d8a8f3855ab2b10ffd7,1771829120,2026-02-23T06:45:20+00:00,0.335,clob_prices_history
19092623696003297467569975421979058337700248600915517773783333080689954481741,0xd65525f918d9957f6d72f34fe19b0819ca011207e4913d8a8f3855ab2b10ffd7,1771830028,2026-02-23T07:00:28+00:00,0.335,clob_prices_history
19092623696003297467569975421979058337700248600915517773783333080689954481741,0xd65525f918d9957f6d72f34fe19b0819ca011207e4913d8a8f3855ab2b10ffd7,1771830920,2026-02-23T07:15:20+00:00,0.335,clob_prices_history
19092623696003297467569975421979058337700248600915517773783333080689954481741,0xd65525f918d9957f6d72f34fe19b0819ca011207e4913d8a8f3855ab2b10ffd7,1771831826,2026-02-23T07:30:26+00:00,0.335,clob_prices_history
19092623696003297467569975421979058337700248600915517773783333080689954481741,0xd65525f918d9957f6d72f34fe19b0819ca011207e4913d8a8f3855ab2b10ffd7,1771832727,2026-02-23T07:45:27+00:00,0.335,clob_prices_history
19092623696003297467569975421979058337700248600915517773783333080689954481741,0xd65525f918d9957f6d72f34fe19b0819ca011207e4913d8a8f3855ab2b10ffd7,1771833642,2026-02-23T08:00:42+00:00,0.335,clob_prices_history
19092623696003297467569975421979058337700248600915517773783333080689954481741,0xd65525f918d9957f6d72f34fe19b0819ca011207e4913d8a8f3855ab2b10ffd7,1771834521,2026-02-23T08:15:21+00:00,0.33,clob_prices_history
19092623696003297467569975421979058337700248600915517773783333080689954481741,0xd65525f918d9957f6d72f34fe19b0819ca011207e4913d8a8f3855ab2b10ffd7,1771835426,2026-02-23T08:30:26+00:00,0.33,clob_prices_history
19092623696003297467569975421979058337700248600915517773783333080689954481741,0xd65525f918d9957f6d72f34fe19b0819ca011207e4913d8a8f3855ab2b10ffd7,1771836347,2026-02-23T08:45:47+00:00,0.33,clob_prices_history
19092623696003297467569975421979058337700248600915517773783333080689954481741,0xd65525f918d9957f6d72f34fe19b0819ca011207e4913d8a8f3855ab2b10ffd7,1771837234,2026-02-23T09:00:34+00:00,0.33,clob_prices_history
19092623696003297467569975421979058337700248600915517773783333080689954481741,0xd65525f918d9957f6d72f34fe19b0819ca011207e4913d8a8f3855ab2b10ffd7,1771838127,2026-02-23T09:15:27+00:00,0.33,clob_prices_history
19092623696003297467569975421979058337700248600915517773783333080689954481741,0xd65525f918d9957f6d72f34fe19b0819ca011207e4913d8a8f3855ab2b10ffd7,1771839027,2026-02-23T09:30:27+00:00,0.33,clob_prices_history
19092623696003297467569975421979058337700248600915517773783333080689954481741,0xd65525f918d9957f6d72f34fe19b0819ca011207e4913d8a8f3855ab2b10ffd7,1771839921,2026-02-23T09:45:21+00:00,0.33,clob_prices_history
19092623696003297467569975421979058337700248600915517773783333080689954481741,0xd65525f918d9957f6d72f34fe19b0819ca011207e4913d8a8f3855ab2b10ffd7,1771840826,2026-02-23T10:00:26+00:00,0.33,clob_prices_history
19092623696003297467569975421979058337700248600915517773783333080689954481741,0xd65525f918d9957f6d72f34fe19b0819ca011207e4913d8a8f3855ab2b10ffd7,1771841732,2026-02-23T10:15:32+00:00,0.33,clob_prices_history
19092623696003297467569975421979058337700248600915517773783333080689954481741,0xd65525f918d9957f6d72f34fe19b0819ca011207e4913d8a8f3855ab2b10ffd7,1771842628,2026-02-23T10:30:28+00:00,0.33,clob_prices_history
19092623696003297467569975421979058337700248600915517773783333080689954481741,0xd65525f918d9957f6d72f34fe19b0819ca011207e4913d8a8f3855ab2b10ffd7,1771843520,2026-02-23T10:45:20+00:00,0.33,clob_prices_history
19092623696003297467569975421979058337700248600915517773783333080689954481741,0xd65525f918d9957f6d72f34fe19b0819ca011207e4913d8a8f3855ab2b10ffd7,1771844438,2026-02-23T11:00:38+00:00,0.33,clob_prices_history
19092623696003297467569975421979058337700248600915517773783333080689954481741,0xd65525f918d9957f6d72f34fe19b0819ca011207e4913d8a8f3855ab2b10ffd7,1771845333,2026-02-23T11:15:33+00:00,0.335,clob_prices_history
19092623696003297467569975421979058337700248600915517773783333080689954481741,0xd65525f918d9957f6d72f34fe19b0819ca011207e4913d8a8f3855ab2b10ffd7,1771846225,2026-02-23T11:30:25+00:00,0.34,clob_prices_history
19092623696003297467569975421979058337700248600915517773783333080689954481741,0xd65525f918d9957f6d72f34fe19b0819ca011207e4913d8a8f3855ab2b10ffd7,1771847149,2026-02-23T11:45:49+00:00,0.34,clob_prices_history
19092623696003297467569975421979058337700248600915517773783333080689954481741,0xd65525f918d9957f6d72f34fe19b0819ca011207e4913d8a8f3855ab2b10ffd7,1771848047,2026-02-23T12:00:47+00:00,0.34,clob_prices_history
19092623696003297467569975421979058337700248600915517773783333080689954481741,0xd65525f918d9957f6d72f34fe19b0819ca011207e4913d8a8f3855ab2b10ffd7,1771848920,2026-02-23T12:15:20+00:00,0.34,clob_prices_history
19092623696003297467569975421979058337700248600915517773783333080689954481741,0xd65525f918d9957f6d72f34fe19b0819ca011207e4913d8a8f3855ab2b10ffd7,1771849850,2026-02-23T12:30:50+00:00,0.34,clob_prices_history
19092623696003297467569975421979058337700248600915517773783333080689954481741,0xd65525f918d9957f6d72f34fe19b0819ca011207e4913d8a8f3855ab2b10ffd7,1771850726,2026-02-23T12:45:26+00:00,0.34,clob_prices_history
19092623696003297467569975421979058337700248600915517773783333080689954481741,0xd65525f918d9957f6d72f34fe19b0819ca011207e4913d8a8f3855ab2b10ffd7,1771851626,2026-02-23T13:00:26+00:00,0.34,clob_prices_history
19092623696003297467569975421979058337700248600915517773783333080689954481741,0xd65525f918d9957f6d72f34fe19b0819ca011207e4913d8a8f3855ab2b10ffd7,1771852538,2026-02-23T13:15:38+00:00,0.34,clob_prices_history
19092623696003297467569975421979058337700248600915517773783333080689954481741,0xd65525f918d9957f6d72f34fe19b0819ca011207e4913d8a8f3855ab2b10ffd7,1771853441,2026-02-23T13:30:41+00:00,0.335,clob_prices_history
19092623696003297467569975421979058337700248600915517773783333080689954481741,0xd65525f918d9957f6d72f34fe19b0819ca011207e4913d8a8f3855ab2b10ffd7,1771854326,2026-02-23T13:45:26+00:00,0.335,clob_prices_history
19092623696003297467569975421979058337700248600915517773783333080689954481741,0xd65525f918d9957f6d72f34fe19b0819ca011207e4913d8a8f3855ab2b10ffd7,1771855226,2026-02-23T14:00:26+00:00,0.335,clob_prices_history
19092623696003297467569975421979058337700248600915517773783333080689954481741,0xd65525f918d9957f6d72f34fe19b0819ca011207e4913d8a8f3855ab2b10ffd7,1771856121,2026-02-23T14:15:21+00:00,0.335,clob_prices_history
19092623696003297467569975421979058337700248600915517773783333080689954481741,0xd65525f918d9957f6d72f34fe19b0819ca011207e4913d8a8f3855ab2b10ffd7,1771857026,2026-02-23T14:30:26+00:00,0.335,clob_prices_history
19092623696003297467569975421979058337700248600915517773783333080689954481741,0xd65525f918d9957f6d72f34fe19b0819ca011207e4913d8a8f3855ab2b10ffd7,1771857949,2026-02-23T14:45:49+00:00,0.335,clob_prices_history
19092623696003297467569975421979058337700248600915517773783333080689954481741,0xd65525f918d9957f6d72f34fe19b0819ca011207e4913d8a8f3855ab2b10ffd7,1771858845,2026-02-23T15:00:45+00:00,0.335,clob_prices_history
19092623696003297467569975421979058337700248600915517773783333080689954481741,0xd65525f918d9957f6d72f34fe19b0819ca011207e4913d8a8f3855ab2b10ffd7,1771859721,2026-02-23T15:15:21+00:00,0.335,clob_prices_history
19092623696003297467569975421979058337700248600915517773783333080689954481741,0xd65525f918d9957f6d72f34fe19b0819ca011207e4913d8a8f3855ab2b10ffd7,1771860644,2026-02-23T15:30:44+00:00,0.335,clob_prices_history
19092623696003297467569975421979058337700248600915517773783333080689954481741,0xd65525f918d9957f6d72f34fe19b0819ca011207e4913d8a8f3855ab2b10ffd7,1771861535,2026-02-23T15:45:35+00:00,0.335,clob_prices_history
19092623696003297467569975421979058337700248600915517773783333080689954481741,0xd65525f918d9957f6d72f34fe19b0819ca011207e4913d8a8f3855ab2b10ffd7,1771862427,2026-02-23T16:00:27+00:00,0.335,clob_prices_history
19092623696003297467569975421979058337700248600915517773783333080689954481741,0xd65525f918d9957f6d72f34fe19b0819ca011207e4913d8a8f3855ab2b10ffd7,1771863325,2026-02-23T16:15:25+00:00,0.335,clob_prices_history
19092623696003297467569975421979058337700248600915517773783333080689954481741,0xd65525f918d9957f6d72f34fe19b0819ca011207e4913d8a8f3855ab2b10ffd7,1771864225,2026-02-23T16:30:25+00:00,0.335,clob_prices_history
19092623696003297467569975421979058337700248600915517773783333080689954481741,0xd65525f918d9957f6d72f34fe19b0819ca011207e4913d8a8f3855ab2b10ffd7,1771865147,2026-02-23T16:45:47+00:00,0.335,clob_prices_history
19092623696003297467569975421979058337700248600915517773783333080689954481741,0xd65525f918d9957f6d72f34fe19b0819ca011207e4913d8a8f3855ab2b10ffd7,1771866030,2026-02-23T17:00:30+00:00,0.335,clob_prices_history
19092623696003297467569975421979058337700248600915517773783333080689954481741,0xd65525f918d9957f6d72f34fe19b0819ca011207e4913d8a8f3855ab2b10ffd7,1771866921,2026-02-23T17:15:21+00:00,0.335,clob_prices_history
19092623696003297467569975421979058337700248600915517773783333080689954481741,0xd65525f918d9957f6d72f34fe19b0819ca011207e4913d8a8f3855ab2b10ffd7,1771867854,2026-02-23T17:30:54+00:00,0.335,clob_prices_history
19092623696003297467569975421979058337700248600915517773783333080689954481741,0xd65525f918d9957f6d72f34fe19b0819ca011207e4913d8a8f3855ab2b10ffd7,1771868727,2026-02-23T17:45:27+00:00,0.335,clob_prices_history
19092623696003297467569975421979058337700248600915517773783333080689954481741,0xd65525f918d9957f6d72f34fe19b0819ca011207e4913d8a8f3855ab2b10ffd7,1771869649,2026-02-23T18:00:49+00:00,0.335,clob_prices_history
19092623696003297467569975421979058337700248600915517773783333080689954481741,0xd65525f918d9957f6d72f34fe19b0819ca011207e4913d8a8f3855ab2b10ffd7,1771870536,2026-02-23T18:15:36+00:00,0.335,clob_prices_history
19092623696003297467569975421979058337700248600915517773783333080689954481741,0xd65525f918d9957f6d72f34fe19b0819ca011207e4913d8a8f3855ab2b10ffd7,1771871427,2026-02-23T18:30:27+00:00,0.335,clob_prices_history
19092623696003297467569975421979058337700248600915517773783333080689954481741,0xd65525f918d9957f6d72f34fe19b0819ca011207e4913d8a8f3855ab2b10ffd7,1771872321,2026-02-23T18:45:21+00:00,0.325,clob_prices_history
19092623696003297467569975421979058337700248600915517773783333080689954481741,0xd65525f918d9957f6d72f34fe19b0819ca011207e4913d8a8f3855ab2b10ffd7,1771873227,2026-02-23T19:00:27+00:00,0.325,clob_prices_history
19092623696003297467569975421979058337700248600915517773783333080689954481741,0xd65525f918d9957f6d72f34fe19b0819ca011207e4913d8a8f3855ab2b10ffd7,1771874121,2026-02-23T19:15:21+00:00,0.325,clob_prices_history
19092623696003297467569975421979058337700248600915517773783333080689954481741,0xd65525f918d9957f6d72f34fe19b0819ca011207e4913d8a8f3855ab2b10ffd7,1771875035,2026-02-23T19:30:35+00:00,0.325,clob_prices_history
19092623696003297467569975421979058337700248600915517773783333080689954481741,0xd65525f918d9957f6d72f34fe19b0819ca011207e4913d8a8f3855ab2b10ffd7,1771875923,2026-02-23T19:45:23+00:00,0.325,clob_prices_history
19092623696003297467569975421979058337700248600915517773783333080689954481741,0xd65525f918d9957f6d72f34fe19b0819ca011207e4913d8a8f3855ab2b10ffd7,1771876827,2026-02-23T20:00:27+00:00,0.325,clob_prices_history
19092623696003297467569975421979058337700248600915517773783333080689954481741,0xd65525f918d9957f6d72f34fe19b0819ca011207e4913d8a8f3855ab2b10ffd7,1771877723,2026-02-23T20:15:23+00:00,0.325,clob_prices_history
19092623696003297467569975421979058337700248600915517773783333080689954481741,0xd65525f918d9957f6d72f34fe19b0819ca011207e4913d8a8f3855ab2b10ffd7,1771878634,2026-02-23T20:30:34+00:00,0.335,clob_prices_history
19092623696003297467569975421979058337700248600915517773783333080689954481741,0xd65525f918d9957f6d72f34fe19b0819ca011207e4913d8a8f3855ab2b10ffd7,1771879522,2026-02-23T20:45:22+00:00,0.33,clob_prices_history
19092623696003297467569975421979058337700248600915517773783333080689954481741,0xd65525f918d9957f6d72f34fe19b0819ca011207e4913d8a8f3855ab2b10ffd7,1771880434,2026-02-23T21:00:34+00:00,0.33,clob_prices_history
19092623696003297467569975421979058337700248600915517773783333080689954481741,0xd65525f918d9957f6d72f34fe19b0819ca011207e4913d8a8f3855ab2b10ffd7,1771881322,2026-02-23T21:15:22+00:00,0.33,clob_prices_history
19092623696003297467569975421979058337700248600915517773783333080689954481741,0xd65525f918d9957f6d72f34fe19b0819ca011207e4913d8a8f3855ab2b10ffd7,1771882234,2026-02-23T21:30:34+00:00,0.335,clob_prices_history
19092623696003297467569975421979058337700248600915517773783333080689954481741,0xd65525f918d9957f6d72f34fe19b0819ca011207e4913d8a8f3855ab2b10ffd7,1771883122,2026-02-23T21:45:22+00:00,0.335,clob_prices_history
19092623696003297467569975421979058337700248600915517773783333080689954481741,0xd65525f918d9957f6d72f34fe19b0819ca011207e4913d8a8f3855ab2b10ffd7,1771884027,2026-02-23T22:00:27+00:00,0.335,clob_prices_history
19092623696003297467569975421979058337700248600915517773783333080689954481741,0xd65525f918d9957f6d72f34fe19b0819ca011207e4913d8a8f3855ab2b10ffd7,1771884920,2026-02-23T22:15:20+00:00,0.34,clob_prices_history
19092623696003297467569975421979058337700248600915517773783333080689954481741,0xd65525f918d9957f6d72f34fe19b0819ca011207e4913d8a8f3855ab2b10ffd7,1771885829,2026-02-23T22:30:29+00:00,0.34,clob_prices_history
19092623696003297467569975421979058337700248600915517773783333080689954481741,0xd65525f918d9957f6d72f34fe19b0819ca011207e4913d8a8f3855ab2b10ffd7,1771886722,2026-02-23T22:45:22+00:00,0.34,clob_prices_history
19092623696003297467569975421979058337700248600915517773783333080689954481741,0xd65525f918d9957f6d72f34fe19b0819ca011207e4913d8a8f3855ab2b10ffd7,1771887630,2026-02-23T23:00:30+00:00,0.34,clob_prices_history
19092623696003297467569975421979058337700248600915517773783333080689954481741,0xd65525f918d9957f6d72f34fe19b0819ca011207e4913d8a8f3855ab2b10ffd7,1771888521,2026-02-23T23:15:21+00:00,0.34,clob_prices_history
19092623696003297467569975421979058337700248600915517773783333080689954481741,0xd65525f918d9957f6d72f34fe19b0819ca011207e4913d8a8f3855ab2b10ffd7,1771889426,2026-02-23T23:30:26+00:00,0.34,clob_prices_history
19092623696003297467569975421979058337700248600915517773783333080689954481741,0xd65525f918d9957f6d72f34fe19b0819ca011207e4913d8a8f3855ab2b10ffd7,1771890320,2026-02-23T23:45:20+00:00,0.34,clob_prices_history
19092623696003297467569975421979058337700248600915517773783333080689954481741,0xd65525f918d9957f6d72f34fe19b0819ca011207e4913d8a8f3855ab2b10ffd7,1771891244,2026-02-24T00:00:44+00:00,0.34,clob_prices_history
19092623696003297467569975421979058337700248600915517773783333080689954481741,0xd65525f918d9957f6d72f34fe19b0819ca011207e4913d8a8f3855ab2b10ffd7,1771892120,2026-02-24T00:15:20+00:00,0.34,clob_prices_history
19092623696003297467569975421979058337700248600915517773783333080689954481741,0xd65525f918d9957f6d72f34fe19b0819ca011207e4913d8a8f3855ab2b10ffd7,1771893026,2026-02-24T00:30:26+00:00,0.34,clob_prices_history
19092623696003297467569975421979058337700248600915517773783333080689954481741,0xd65525f918d9957f6d72f34fe19b0819ca011207e4913d8a8f3855ab2b10ffd7,1771893920,2026-02-24T00:45:20+00:00,0.34,clob_prices_history
19092623696003297467569975421979058337700248600915517773783333080689954481741,0xd65525f918d9957f6d72f34fe19b0819ca011207e4913d8a8f3855ab2b10ffd7,1771894827,2026-02-24T01:00:27+00:00,0.34,clob_prices_history
19092623696003297467569975421979058337700248600915517773783333080689954481741,0xd65525f918d9957f6d72f34fe19b0819ca011207e4913d8a8f3855ab2b10ffd7,1771895732,2026-02-24T01:15:32+00:00,0.34,clob_prices_history
19092623696003297467569975421979058337700248600915517773783333080689954481741,0xd65525f918d9957f6d72f34fe19b0819ca011207e4913d8a8f3855ab2b10ffd7,1771896628,2026-02-24T01:30:28+00:00,0.34,clob_prices_history
19092623696003297467569975421979058337700248600915517773783333080689954481741,0xd65525f918d9957f6d72f34fe19b0819ca011207e4913d8a8f3855ab2b10ffd7,1771897522,2026-02-24T01:45:22+00:00,0.34,clob_prices_history
19092623696003297467569975421979058337700248600915517773783333080689954481741,0xd65525f918d9957f6d72f34fe19b0819ca011207e4913d8a8f3855ab2b10ffd7,1771898434,2026-02-24T02:00:34+00:00,0.34,clob_prices_history
19092623696003297467569975421979058337700248600915517773783333080689954481741,0xd65525f918d9957f6d72f34fe19b0819ca011207e4913d8a8f3855ab2b10ffd7,1771899321,2026-02-24T02:15:21+00:00,0.35,clob_prices_history
19092623696003297467569975421979058337700248600915517773783333080689954481741,0xd65525f918d9957f6d72f34fe19b0819ca011207e4913d8a8f3855ab2b10ffd7,1771900227,2026-02-24T02:30:27+00:00,0.35,clob_prices_history
19092623696003297467569975421979058337700248600915517773783333080689954481741,0xd65525f918d9957f6d72f34fe19b0819ca011207e4913d8a8f3855ab2b10ffd7,1771901120,2026-02-24T02:45:20+00:00,0.35,clob_prices_history
19092623696003297467569975421979058337700248600915517773783333080689954481741,0xd65525f918d9957f6d72f34fe19b0819ca011207e4913d8a8f3855ab2b10ffd7,1771902033,2026-02-24T03:00:33+00:00,0.34,clob_prices_history
19092623696003297467569975421979058337700248600915517773783333080689954481741,0xd65525f918d9957f6d72f34fe19b0819ca011207e4913d8a8f3855ab2b10ffd7,1771902922,2026-02-24T03:15:22+00:00,0.335,clob_prices_history
19092623696003297467569975421979058337700248600915517773783333080689954481741,0xd65525f918d9957f6d72f34fe19b0819ca011207e4913d8a8f3855ab2b10ffd7,1771903826,2026-02-24T03:30:26+00:00,0.335,clob_prices_history
19092623696003297467569975421979058337700248600915517773783333080689954481741,0xd65525f918d9957f6d72f34fe19b0819ca011207e4913d8a8f3855ab2b10ffd7,1771904721,2026-02-24T03:45:21+00:00,0.34,clob_prices_history
19092623696003297467569975421979058337700248600915517773783333080689954481741,0xd65525f918d9957f6d72f34fe19b0819ca011207e4913d8a8f3855ab2b10ffd7,1771905628,2026-02-24T04:00:28+00:00,0.34,clob_prices_history
19092623696003297467569975421979058337700248600915517773783333080689954481741,0xd65525f918d9957f6d72f34fe19b0819ca011207e4913d8a8f3855ab2b10ffd7,1771906521,2026-02-24T04:15:21+00:00,0.345,clob_prices_history
19092623696003297467569975421979058337700248600915517773783333080689954481741,0xd65525f918d9957f6d72f34fe19b0819ca011207e4913d8a8f3855ab2b10ffd7,1771907454,2026-02-24T04:30:54+00:00,0.345,clob_prices_history
19092623696003297467569975421979058337700248600915517773783333080689954481741,0xd65525f918d9957f6d72f34fe19b0819ca011207e4913d8a8f3855ab2b10ffd7,1771908321,2026-02-24T04:45:21+00:00,0.345,clob_prices_history
19092623696003297467569975421979058337700248600915517773783333080689954481741,0xd65525f918d9957f6d72f34fe19b0819ca011207e4913d8a8f3855ab2b10ffd7,1771909245,2026-02-24T05:00:45+00:00,0.345,clob_prices_history
19092623696003297467569975421979058337700248600915517773783333080689954481741,0xd65525f918d9957f6d72f34fe19b0819ca011207e4913d8a8f3855ab2b10ffd7,1771910123,2026-02-24T05:15:23+00:00,0.345,clob_prices_history
19092623696003297467569975421979058337700248600915517773783333080689954481741,0xd65525f918d9957f6d72f34fe19b0819ca011207e4913d8a8f3855ab2b10ffd7,1771911028,2026-02-24T05:30:28+00:00,0.345,clob_prices_history
19092623696003297467569975421979058337700248600915517773783333080689954481741,0xd65525f918d9957f6d72f34fe19b0819ca011207e4913d8a8f3855ab2b10ffd7,1771911936,2026-02-24T05:45:36+00:00,0.345,clob_prices_history
19092623696003297467569975421979058337700248600915517773783333080689954481741,0xd65525f918d9957f6d72f34fe19b0819ca011207e4913d8a8f3855ab2b10ffd7,1771912834,2026-02-24T06:00:34+00:00,0.345,clob_prices_history
19092623696003297467569975421979058337700248600915517773783333080689954481741,0xd65525f918d9957f6d72f34fe19b0819ca011207e4913d8a8f3855ab2b10ffd7,1771913723,2026-02-24T06:15:23+00:00,0.34,clob_prices_history
19092623696003297467569975421979058337700248600915517773783333080689954481741,0xd65525f918d9957f6d72f34fe19b0819ca011207e4913d8a8f3855ab2b10ffd7,1771914628,2026-02-24T06:30:28+00:00,0.34,clob_prices_history
19092623696003297467569975421979058337700248600915517773783333080689954481741,0xd65525f918d9957f6d72f34fe19b0819ca011207e4913d8a8f3855ab2b10ffd7,1771915521,2026-02-24T06:45:21+00:00,0.34,clob_prices_history
19092623696003297467569975421979058337700248600915517773783333080689954481741,0xd65525f918d9957f6d72f34fe19b0819ca011207e4913d8a8f3855ab2b10ffd7,1771916436,2026-02-24T07:00:36+00:00,0.34,clob_prices_history
19092623696003297467569975421979058337700248600915517773783333080689954481741,0xd65525f918d9957f6d72f34fe19b0819ca011207e4913d8a8f3855ab2b10ffd7,1771917320,2026-02-24T07:15:20+00:00,0.34,clob_prices_history
19092623696003297467569975421979058337700248600915517773783333080689954481741,0xd65525f918d9957f6d72f34fe19b0819ca011207e4913d8a8f3855ab2b10ffd7,1771918238,2026-02-24T07:30:38+00:00,0.34,clob_prices_history
19092623696003297467569975421979058337700248600915517773783333080689954481741,0xd65525f918d9957f6d72f34fe19b0819ca011207e4913d8a8f3855ab2b10ffd7,1771919121,2026-02-24T07:45:21+00:00,0.34,clob_prices_history
19092623696003297467569975421979058337700248600915517773783333080689954481741,0xd65525f918d9957f6d72f34fe19b0819ca011207e4913d8a8f3855ab2b10ffd7,1771920042,2026-02-24T08:00:42+00:00,0.34,clob_prices_history
19092623696003297467569975421979058337700248600915517773783333080689954481741,0xd65525f918d9957f6d72f34fe19b0819ca011207e4913d8a8f3855ab2b10ffd7,1771920920,2026-02-24T08:15:20+00:00,0.34,clob_prices_history
19092623696003297467569975421979058337700248600915517773783333080689954481741,0xd65525f918d9957f6d72f34fe19b0819ca011207e4913d8a8f3855ab2b10ffd7,1771921832,2026-02-24T08:30:32+00:00,0.34,clob_prices_history
19092623696003297467569975421979058337700248600915517773783333080689954481741,0xd65525f918d9957f6d72f34fe19b0819ca011207e4913d8a8f3855ab2b10ffd7,1771922723,2026-02-24T08:45:23+00:00,0.34,clob_prices_history
19092623696003297467569975421979058337700248600915517773783333080689954481741,0xd65525f918d9957f6d72f34fe19b0819ca011207e4913d8a8f3855ab2b10ffd7,1771923642,2026-02-24T09:00:42+00:00,0.34,clob_prices_history
19092623696003297467569975421979058337700248600915517773783333080689954481741,0xd65525f918d9957f6d72f34fe19b0819ca011207e4913d8a8f3855ab2b10ffd7,1771924522,2026-02-24T09:15:22+00:00,0.34,clob_prices_history
19092623696003297467569975421979058337700248600915517773783333080689954481741,0xd65525f918d9957f6d72f34fe19b0819ca011207e4913d8a8f3855ab2b10ffd7,1771925426,2026-02-24T09:30:26+00:00,0.34,clob_prices_history
19092623696003297467569975421979058337700248600915517773783333080689954481741,0xd65525f918d9957f6d72f34fe19b0819ca011207e4913d8a8f3855ab2b10ffd7,1771926321,2026-02-24T09:45:21+00:00,0.34,clob_prices_history
19092623696003297467569975421979058337700248600915517773783333080689954481741,0xd65525f918d9957f6d72f34fe19b0819ca011207e4913d8a8f3855ab2b10ffd7,1771927228,2026-02-24T10:00:28+00:00,0.34,clob_prices_history
19092623696003297467569975421979058337700248600915517773783333080689954481741,0xd65525f918d9957f6d72f34fe19b0819ca011207e4913d8a8f3855ab2b10ffd7,1771928125,2026-02-24T10:15:25+00:00,0.34,clob_prices_history
19092623696003297467569975421979058337700248600915517773783333080689954481741,0xd65525f918d9957f6d72f34fe19b0819ca011207e4913d8a8f3855ab2b10ffd7,1771929028,2026-02-24T10:30:28+00:00,0.34,clob_prices_history
19092623696003297467569975421979058337700248600915517773783333080689954481741,0xd65525f918d9957f6d72f34fe19b0819ca011207e4913d8a8f3855ab2b10ffd7,1771929920,2026-02-24T10:45:20+00:00,0.34,clob_prices_history
19092623696003297467569975421979058337700248600915517773783333080689954481741,0xd65525f918d9957f6d72f34fe19b0819ca011207e4913d8a8f3855ab2b10ffd7,1771930827,2026-02-24T11:00:27+00:00,0.34,clob_prices_history
19092623696003297467569975421979058337700248600915517773783333080689954481741,0xd65525f918d9957f6d72f34fe19b0819ca011207e4913d8a8f3855ab2b10ffd7,1771931726,2026-02-24T11:15:26+00:00,0.34,clob_prices_history
19092623696003297467569975421979058337700248600915517773783333080689954481741,0xd65525f918d9957f6d72f34fe19b0819ca011207e4913d8a8f3855ab2b10ffd7,1771932628,2026-02-24T11:30:28+00:00,0.34,clob_prices_history
19092623696003297467569975421979058337700248600915517773783333080689954481741,0xd65525f918d9957f6d72f34fe19b0819ca011207e4913d8a8f3855ab2b10ffd7,1771933523,2026-02-24T11:45:23+00:00,0.335,clob_prices_history
19092623696003297467569975421979058337700248600915517773783333080689954481741,0xd65525f918d9957f6d72f34fe19b0819ca011207e4913d8a8f3855ab2b10ffd7,1771934456,2026-02-24T12:00:56+00:00,0.335,clob_prices_history
19092623696003297467569975421979058337700248600915517773783333080689954481741,0xd65525f918d9957f6d72f34fe19b0819ca011207e4913d8a8f3855ab2b10ffd7,1771935322,2026-02-24T12:15:22+00:00,0.335,clob_prices_history
19092623696003297467569975421979058337700248600915517773783333080689954481741,0xd65525f918d9957f6d72f34fe19b0819ca011207e4913d8a8f3855ab2b10ffd7,1771936243,2026-02-24T12:30:43+00:00,0.335,clob_prices_history
19092623696003297467569975421979058337700248600915517773783333080689954481741,0xd65525f918d9957f6d72f34fe19b0819ca011207e4913d8a8f3855ab2b10ffd7,1771937122,2026-02-24T12:45:22+00:00,0.335,clob_prices_history
19092623696003297467569975421979058337700248600915517773783333080689954481741,0xd65525f918d9957f6d72f34fe19b0819ca011207e4913d8a8f3855ab2b10ffd7,1771938032,2026-02-24T13:00:32+00:00,0.335,clob_prices_history
19092623696003297467569975421979058337700248600915517773783333080689954481741,0xd65525f918d9957f6d72f34fe19b0819ca011207e4913d8a8f3855ab2b10ffd7,1771938923,2026-02-24T13:15:23+00:00,0.335,clob_prices_history
19092623696003297467569975421979058337700248600915517773783333080689954481741,0xd65525f918d9957f6d72f34fe19b0819ca011207e4913d8a8f3855ab2b10ffd7,1771939828,2026-02-24T13:30:28+00:00,0.335,clob_prices_history
19092623696003297467569975421979058337700248600915517773783333080689954481741,0xd65525f918d9957f6d72f34fe19b0819ca011207e4913d8a8f3855ab2b10ffd7,1771940730,2026-02-24T13:45:30+00:00,0.335,clob_prices_history
19092623696003297467569975421979058337700248600915517773783333080689954481741,0xd65525f918d9957f6d72f34fe19b0819ca011207e4913d8a8f3855ab2b10ffd7,1771941628,2026-02-24T14:00:28+00:00,0.335,clob_prices_history
19092623696003297467569975421979058337700248600915517773783333080689954481741,0xd65525f918d9957f6d72f34fe19b0819ca011207e4913d8a8f3855ab2b10ffd7,1771942527,2026-02-24T14:15:27+00:00,0.335,clob_prices_history
19092623696003297467569975421979058337700248600915517773783333080689954481741,0xd65525f918d9957f6d72f34fe19b0819ca011207e4913d8a8f3855ab2b10ffd7,1771943427,2026-02-24T14:30:27+00:00,0.335,clob_prices_history
19092623696003297467569975421979058337700248600915517773783333080689954481741,0xd65525f918d9957f6d72f34fe19b0819ca011207e4913d8a8f3855ab2b10ffd7,1771944322,2026-02-24T14:45:22+00:00,0.335,clob_prices_history
19092623696003297467569975421979058337700248600915517773783333080689954481741,0xd65525f918d9957f6d72f34fe19b0819ca011207e4913d8a8f3855ab2b10ffd7,1771945236,2026-02-24T15:00:36+00:00,0.335,clob_prices_history
19092623696003297467569975421979058337700248600915517773783333080689954481741,0xd65525f918d9957f6d72f34fe19b0819ca011207e4913d8a8f3855ab2b10ffd7,1771946122,2026-02-24T15:15:22+00:00,0.335,clob_prices_history
19092623696003297467569975421979058337700248600915517773783333080689954481741,0xd65525f918d9957f6d72f34fe19b0819ca011207e4913d8a8f3855ab2b10ffd7,1771947029,2026-02-24T15:30:29+00:00,0.335,clob_prices_history
19092623696003297467569975421979058337700248600915517773783333080689954481741,0xd65525f918d9957f6d72f34fe19b0819ca011207e4913d8a8f3855ab2b10ffd7,1771947926,2026-02-24T15:45:26+00:00,0.335,clob_prices_history
19092623696003297467569975421979058337700248600915517773783333080689954481741,0xd65525f918d9957f6d72f34fe19b0819ca011207e4913d8a8f3855ab2b10ffd7,1771948828,2026-02-24T16:00:28+00:00,0.335,clob_prices_history
19092623696003297467569975421979058337700248600915517773783333080689954481741,0xd65525f918d9957f6d72f34fe19b0819ca011207e4913d8a8f3855ab2b10ffd7,1771949729,2026-02-24T16:15:29+00:00,0.335,clob_prices_history
19092623696003297467569975421979058337700248600915517773783333080689954481741,0xd65525f918d9957f6d72f34fe19b0819ca011207e4913d8a8f3855ab2b10ffd7,1771950627,2026-02-24T16:30:27+00:00,0.335,clob_prices_history
19092623696003297467569975421979058337700248600915517773783333080689954481741,0xd65525f918d9957f6d72f34fe19b0819ca011207e4913d8a8f3855ab2b10ffd7,1771951523,2026-02-24T16:45:23+00:00,0.335,clob_prices_history
19092623696003297467569975421979058337700248600915517773783333080689954481741,0xd65525f918d9957f6d72f34fe19b0819ca011207e4913d8a8f3855ab2b10ffd7,1771952447,2026-02-24T17:00:47+00:00,0.335,clob_prices_history
19092623696003297467569975421979058337700248600915517773783333080689954481741,0xd65525f918d9957f6d72f34fe19b0819ca011207e4913d8a8f3855ab2b10ffd7,1771953322,2026-02-24T17:15:22+00:00,0.335,clob_prices_history
19092623696003297467569975421979058337700248600915517773783333080689954481741,0xd65525f918d9957f6d72f34fe19b0819ca011207e4913d8a8f3855ab2b10ffd7,1771954236,2026-02-24T17:30:36+00:00,0.335,clob_prices_history
19092623696003297467569975421979058337700248600915517773783333080689954481741,0xd65525f918d9957f6d72f34fe19b0819ca011207e4913d8a8f3855ab2b10ffd7,1771955123,2026-02-24T17:45:23+00:00,0.335,clob_prices_history
19092623696003297467569975421979058337700248600915517773783333080689954481741,0xd65525f918d9957f6d72f34fe19b0819ca011207e4913d8a8f3855ab2b10ffd7,1771956037,2026-02-24T18:00:37+00:00,0.335,clob_prices_history
19092623696003297467569975421979058337700248600915517773783333080689954481741,0xd65525f918d9957f6d72f34fe19b0819ca011207e4913d8a8f3855ab2b10ffd7,1771956925,2026-02-24T18:15:25+00:00,0.29,clob_prices_history
19092623696003297467569975421979058337700248600915517773783333080689954481741,0xd65525f918d9957f6d72f34fe19b0819ca011207e4913d8a8f3855ab2b10ffd7,1771957835,2026-02-24T18:30:35+00:00,0.295,clob_prices_history
19092623696003297467569975421979058337700248600915517773783333080689954481741,0xd65525f918d9957f6d72f34fe19b0819ca011207e4913d8a8f3855ab2b10ffd7,1771958723,2026-02-24T18:45:23+00:00,0.28,clob_prices_history
19092623696003297467569975421979058337700248600915517773783333080689954481741,0xd65525f918d9957f6d72f34fe19b0819ca011207e4913d8a8f3855ab2b10ffd7,1771959628,2026-02-24T19:00:28+00:00,0.28,clob_prices_history
19092623696003297467569975421979058337700248600915517773783333080689954481741,0xd65525f918d9957f6d72f34fe19b0819ca011207e4913d8a8f3855ab2b10ffd7,1771960524,2026-02-24T19:15:24+00:00,0.28,clob_prices_history
19092623696003297467569975421979058337700248600915517773783333080689954481741,0xd65525f918d9957f6d72f34fe19b0819ca011207e4913d8a8f3855ab2b10ffd7,1771961430,2026-02-24T19:30:30+00:00,0.295,clob_prices_history
19092623696003297467569975421979058337700248600915517773783333080689954481741,0xd65525f918d9957f6d72f34fe19b0819ca011207e4913d8a8f3855ab2b10ffd7,1771962324,2026-02-24T19:45:24+00:00,0.29,clob_prices_history
19092623696003297467569975421979058337700248600915517773783333080689954481741,0xd65525f918d9957f6d72f34fe19b0819ca011207e4913d8a8f3855ab2b10ffd7,1771963228,2026-02-24T20:00:28+00:00,0.28,clob_prices_history
19092623696003297467569975421979058337700248600915517773783333080689954481741,0xd65525f918d9957f6d72f34fe19b0819ca011207e4913d8a8f3855ab2b10ffd7,1771964122,2026-02-24T20:15:22+00:00,0.28,clob_prices_history
19092623696003297467569975421979058337700248600915517773783333080689954481741,0xd65525f918d9957f6d72f34fe19b0819ca011207e4913d8a8f3855ab2b10ffd7,1771965033,2026-02-24T20:30:33+00:00,0.275,clob_prices_history
19092623696003297467569975421979058337700248600915517773783333080689954481741,0xd65525f918d9957f6d72f34fe19b0819ca011207e4913d8a8f3855ab2b10ffd7,1771965922,2026-02-24T20:45:22+00:00,0.275,clob_prices_history
19092623696003297467569975421979058337700248600915517773783333080689954481741,0xd65525f918d9957f6d72f34fe19b0819ca011207e4913d8a8f3855ab2b10ffd7,1771966834,2026-02-24T21:00:34+00:00,0.275,clob_prices_history
19092623696003297467569975421979058337700248600915517773783333080689954481741,0xd65525f918d9957f6d72f34fe19b0819ca011207e4913d8a8f3855ab2b10ffd7,1771967724,2026-02-24T21:15:24+00:00,0.295,clob_prices_history
19092623696003297467569975421979058337700248600915517773783333080689954481741,0xd65525f918d9957f6d72f34fe19b0819ca011207e4913d8a8f3855ab2b10ffd7,1771968629,2026-02-24T21:30:29+00:00,0.29,clob_prices_history
19092623696003297467569975421979058337700248600915517773783333080689954481741,0xd65525f918d9957f6d72f34fe19b0819ca011207e4913d8a8f3855ab2b10ffd7,1771969523,2026-02-24T21:45:23+00:00,0.295,clob_prices_history
19092623696003297467569975421979058337700248600915517773783333080689954481741,0xd65525f918d9957f6d72f34fe19b0819ca011207e4913d8a8f3855ab2b10ffd7,1771970443,2026-02-24T22:00:43+00:00,0.295,clob_prices_history
19092623696003297467569975421979058337700248600915517773783333080689954481741,0xd65525f918d9957f6d72f34fe19b0819ca011207e4913d8a8f3855ab2b10ffd7,1771971333,2026-02-24T22:15:33+00:00,0.29,clob_prices_history
19092623696003297467569975421979058337700248600915517773783333080689954481741,0xd65525f918d9957f6d72f34fe19b0819ca011207e4913d8a8f3855ab2b10ffd7,1771972227,2026-02-24T22:30:27+00:00,0.295,clob_prices_history
19092623696003297467569975421979058337700248600915517773783333080689954481741,0xd65525f918d9957f6d72f34fe19b0819ca011207e4913d8a8f3855ab2b10ffd7,1771973121,2026-02-24T22:45:21+00:00,0.3,clob_prices_history
19092623696003297467569975421979058337700248600915517773783333080689954481741,0xd65525f918d9957f6d72f34fe19b0819ca011207e4913d8a8f3855ab2b10ffd7,1771974056,2026-02-24T23:00:56+00:00,0.3,clob_prices_history
19092623696003297467569975421979058337700248600915517773783333080689954481741,0xd65525f918d9957f6d72f34fe19b0819ca011207e4913d8a8f3855ab2b10ffd7,1771974922,2026-02-24T23:15:22+00:00,0.3,clob_prices_history
19092623696003297467569975421979058337700248600915517773783333080689954481741,0xd65525f918d9957f6d72f34fe19b0819ca011207e4913d8a8f3855ab2b10ffd7,1771975847,2026-02-24T23:30:47+00:00,0.3,clob_prices_history
19092623696003297467569975421979058337700248600915517773783333080689954481741,0xd65525f918d9957f6d72f34fe19b0819ca011207e4913d8a8f3855ab2b10ffd7,1771976724,2026-02-24T23:45:24+00:00,0.3,clob_prices_history
19092623696003297467569975421979058337700248600915517773783333080689954481741,0xd65525f918d9957f6d72f34fe19b0819ca011207e4913d8a8f3855ab2b10ffd7,1771977649,2026-02-25T00:00:49+00:00,0.3,clob_prices_history
19092623696003297467569975421979058337700248600915517773783333080689954481741,0xd65525f918d9957f6d72f34fe19b0819ca011207e4913d8a8f3855ab2b10ffd7,1771978536,2026-02-25T00:15:36+00:00,0.3,clob_prices_history
19092623696003297467569975421979058337700248600915517773783333080689954481741,0xd65525f918d9957f6d72f34fe19b0819ca011207e4913d8a8f3855ab2b10ffd7,1771979436,2026-02-25T00:30:36+00:00,0.3,clob_prices_history
19092623696003297467569975421979058337700248600915517773783333080689954481741,0xd65525f918d9957f6d72f34fe19b0819ca011207e4913d8a8f3855ab2b10ffd7,1771980324,2026-02-25T00:45:24+00:00,0.3,clob_prices_history
19092623696003297467569975421979058337700248600915517773783333080689954481741,0xd65525f918d9957f6d72f34fe19b0819ca011207e4913d8a8f3855ab2b10ffd7,1771981229,2026-02-25T01:00:29+00:00,0.3,clob_prices_history
19092623696003297467569975421979058337700248600915517773783333080689954481741,0xd65525f918d9957f6d72f34fe19b0819ca011207e4913d8a8f3855ab2b10ffd7,1771982130,2026-02-25T01:15:30+00:00,0.3,clob_prices_history
19092623696003297467569975421979058337700248600915517773783333080689954481741,0xd65525f918d9957f6d72f34fe19b0819ca011207e4913d8a8f3855ab2b10ffd7,1771983029,2026-02-25T01:30:29+00:00,0.3,clob_prices_history
19092623696003297467569975421979058337700248600915517773783333080689954481741,0xd65525f918d9957f6d72f34fe19b0819ca011207e4913d8a8f3855ab2b10ffd7,1771983929,2026-02-25T01:45:29+00:00,0.3,clob_prices_history
19092623696003297467569975421979058337700248600915517773783333080689954481741,0xd65525f918d9957f6d72f34fe19b0819ca011207e4913d8a8f3855ab2b10ffd7,1771984843,2026-02-25T02:00:43+00:00,0.3,clob_prices_history
19092623696003297467569975421979058337700248600915517773783333080689954481741,0xd65525f918d9957f6d72f34fe19b0819ca011207e4913d8a8f3855ab2b10ffd7,1771985724,2026-02-25T02:15:24+00:00,0.295,clob_prices_history
19092623696003297467569975421979058337700248600915517773783333080689954481741,0xd65525f918d9957f6d72f34fe19b0819ca011207e4913d8a8f3855ab2b10ffd7,1771986630,2026-02-25T02:30:30+00:00,0.3,clob_prices_history
19092623696003297467569975421979058337700248600915517773783333080689954481741,0xd65525f918d9957f6d72f34fe19b0819ca011207e4913d8a8f3855ab2b10ffd7,1771987524,2026-02-25T02:45:24+00:00,0.3,clob_prices_history
19092623696003297467569975421979058337700248600915517773783333080689954481741,0xd65525f918d9957f6d72f34fe19b0819ca011207e4913d8a8f3855ab2b10ffd7,1771988434,2026-02-25T03:00:34+00:00,0.3,clob_prices_history
19092623696003297467569975421979058337700248600915517773783333080689954481741,0xd65525f918d9957f6d72f34fe19b0819ca011207e4913d8a8f3855ab2b10ffd7,1771989326,2026-02-25T03:15:26+00:00,0.3,clob_prices_history
19092623696003297467569975421979058337700248600915517773783333080689954481741,0xd65525f918d9957f6d72f34fe19b0819ca011207e4913d8a8f3855ab2b10ffd7,1771990228,2026-02-25T03:30:28+00:00,0.3,clob_prices_history
19092623696003297467569975421979058337700248600915517773783333080689954481741,0xd65525f918d9957f6d72f34fe19b0819ca011207e4913d8a8f3855ab2b10ffd7,1771991123,2026-02-25T03:45:23+00:00,0.3,clob_prices_history
19092623696003297467569975421979058337700248600915517773783333080689954481741,0xd65525f918d9957f6d72f34fe19b0819ca011207e4913d8a8f3855ab2b10ffd7,1771992936,2026-02-25T04:15:36+00:00,0.29,clob_prices_history
19092623696003297467569975421979058337700248600915517773783333080689954481741,0xd65525f918d9957f6d72f34fe19b0819ca011207e4913d8a8f3855ab2b10ffd7,1771993833,2026-02-25T04:30:33+00:00,0.29,clob_prices_history
19092623696003297467569975421979058337700248600915517773783333080689954481741,0xd65525f918d9957f6d72f34fe19b0819ca011207e4913d8a8f3855ab2b10ffd7,1771994723,2026-02-25T04:45:23+00:00,0.285,clob_prices_history
19092623696003297467569975421979058337700248600915517773783333080689954481741,0xd65525f918d9957f6d72f34fe19b0819ca011207e4913d8a8f3855ab2b10ffd7,1771995628,2026-02-25T05:00:28+00:00,0.29,clob_prices_history
19092623696003297467569975421979058337700248600915517773783333080689954481741,0xd65525f918d9957f6d72f34fe19b0819ca011207e4913d8a8f3855ab2b10ffd7,1771996527,2026-02-25T05:15:27+00:00,0.29,clob_prices_history
19092623696003297467569975421979058337700248600915517773783333080689954481741,0xd65525f918d9957f6d72f34fe19b0819ca011207e4913d8a8f3855ab2b10ffd7,1771997429,2026-02-25T05:30:29+00:00,0.29,clob_prices_history
19092623696003297467569975421979058337700248600915517773783333080689954481741,0xd65525f918d9957f6d72f34fe19b0819ca011207e4913d8a8f3855ab2b10ffd7,1771998324,2026-02-25T05:45:24+00:00,0.29,clob_prices_history
19092623696003297467569975421979058337700248600915517773783333080689954481741,0xd65525f918d9957f6d72f34fe19b0819ca011207e4913d8a8f3855ab2b10ffd7,1771999234,2026-02-25T06:00:34+00:00,0.29,clob_prices_history
19092623696003297467569975421979058337700248600915517773783333080689954481741,0xd65525f918d9957f6d72f34fe19b0819ca011207e4913d8a8f3855ab2b10ffd7,1772000122,2026-02-25T06:15:22+00:00,0.29,clob_prices_history
19092623696003297467569975421979058337700248600915517773783333080689954481741,0xd65525f918d9957f6d72f34fe19b0819ca011207e4913d8a8f3855ab2b10ffd7,1772001028,2026-02-25T06:30:28+00:00,0.29,clob_prices_history
19092623696003297467569975421979058337700248600915517773783333080689954481741,0xd65525f918d9957f6d72f34fe19b0819ca011207e4913d8a8f3855ab2b10ffd7,1772001936,2026-02-25T06:45:36+00:00,0.29,clob_prices_history
19092623696003297467569975421979058337700248600915517773783333080689954481741,0xd65525f918d9957f6d72f34fe19b0819ca011207e4913d8a8f3855ab2b10ffd7,1772002828,2026-02-25T07:00:28+00:00,0.29,clob_prices_history
19092623696003297467569975421979058337700248600915517773783333080689954481741,0xd65525f918d9957f6d72f34fe19b0819ca011207e4913d8a8f3855ab2b10ffd7,1772003726,2026-02-25T07:15:26+00:00,0.285,clob_prices_history
19092623696003297467569975421979058337700248600915517773783333080689954481741,0xd65525f918d9957f6d72f34fe19b0819ca011207e4913d8a8f3855ab2b10ffd7,1772004630,2026-02-25T07:30:30+00:00,0.285,clob_prices_history
19092623696003297467569975421979058337700248600915517773783333080689954481741,0xd65525f918d9957f6d72f34fe19b0819ca011207e4913d8a8f3855ab2b10ffd7,1772005524,2026-02-25T07:45:24+00:00,0.285,clob_prices_history
19092623696003297467569975421979058337700248600915517773783333080689954481741,0xd65525f918d9957f6d72f34fe19b0819ca011207e4913d8a8f3855ab2b10ffd7,1772006431,2026-02-25T08:00:31+00:00,0.285,clob_prices_history
19092623696003297467569975421979058337700248600915517773783333080689954481741,0xd65525f918d9957f6d72f34fe19b0819ca011207e4913d8a8f3855ab2b10ffd7,1772007325,2026-02-25T08:15:25+00:00,0.285,clob_prices_history
19092623696003297467569975421979058337700248600915517773783333080689954481741,0xd65525f918d9957f6d72f34fe19b0819ca011207e4913d8a8f3855ab2b10ffd7,1772008226,2026-02-25T08:30:26+00:00,0.285,clob_prices_history
19092623696003297467569975421979058337700248600915517773783333080689954481741,0xd65525f918d9957f6d72f34fe19b0819ca011207e4913d8a8f3855ab2b10ffd7,1772009128,2026-02-25T08:45:28+00:00,0.285,clob_prices_history
19092623696003297467569975421979058337700248600915517773783333080689954481741,0xd65525f918d9957f6d72f34fe19b0819ca011207e4913d8a8f3855ab2b10ffd7,1772010035,2026-02-25T09:00:35+00:00,0.285,clob_prices_history
19092623696003297467569975421979058337700248600915517773783333080689954481741,0xd65525f918d9957f6d72f34fe19b0819ca011207e4913d8a8f3855ab2b10ffd7,1772010922,2026-02-25T09:15:22+00:00,0.285,clob_prices_history
19092623696003297467569975421979058337700248600915517773783333080689954481741,0xd65525f918d9957f6d72f34fe19b0819ca011207e4913d8a8f3855ab2b10ffd7,1772011833,2026-02-25T09:30:33+00:00,0.285,clob_prices_history
19092623696003297467569975421979058337700248600915517773783333080689954481741,0xd65525f918d9957f6d72f34fe19b0819ca011207e4913d8a8f3855ab2b10ffd7,1772012728,2026-02-25T09:45:28+00:00,0.285,clob_prices_history
19092623696003297467569975421979058337700248600915517773783333080689954481741,0xd65525f918d9957f6d72f34fe19b0819ca011207e4913d8a8f3855ab2b10ffd7,1772013627,2026-02-25T10:00:27+00:00,0.285,clob_prices_history
19092623696003297467569975421979058337700248600915517773783333080689954481741,0xd65525f918d9957f6d72f34fe19b0819ca011207e4913d8a8f3855ab2b10ffd7,1772014521,2026-02-25T10:15:21+00:00,0.285,clob_prices_history
19092623696003297467569975421979058337700248600915517773783333080689954481741,0xd65525f918d9957f6d72f34fe19b0819ca011207e4913d8a8f3855ab2b10ffd7,1772015442,2026-02-25T10:30:42+00:00,0.285,clob_prices_history
19092623696003297467569975421979058337700248600915517773783333080689954481741,0xd65525f918d9957f6d72f34fe19b0819ca011207e4913d8a8f3855ab2b10ffd7,1772016323,2026-02-25T10:45:23+00:00,0.285,clob_prices_history
19092623696003297467569975421979058337700248600915517773783333080689954481741,0xd65525f918d9957f6d72f34fe19b0819ca011207e4913d8a8f3855ab2b10ffd7,1772017228,2026-02-25T11:00:28+00:00,0.285,clob_prices_history
19092623696003297467569975421979058337700248600915517773783333080689954481741,0xd65525f918d9957f6d72f34fe19b0819ca011207e4913d8a8f3855ab2b10ffd7,1772018121,2026-02-25T11:15:21+00:00,0.285,clob_prices_history
19092623696003297467569975421979058337700248600915517773783333080689954481741,0xd65525f918d9957f6d72f34fe19b0819ca011207e4913d8a8f3855ab2b10ffd7,1772019032,2026-02-25T11:30:32+00:00,0.285,clob_prices_history
19092623696003297467569975421979058337700248600915517773783333080689954481741,0xd65525f918d9957f6d72f34fe19b0819ca011207e4913d8a8f3855ab2b10ffd7,1772019923,2026-02-25T11:45:23+00:00,0.285,clob_prices_history
19092623696003297467569975421979058337700248600915517773783333080689954481741,0xd65525f918d9957f6d72f34fe19b0819ca011207e4913d8a8f3855ab2b10ffd7,1772020853,2026-02-25T12:00:53+00:00,0.285,clob_prices_history
19092623696003297467569975421979058337700248600915517773783333080689954481741,0xd65525f918d9957f6d72f34fe19b0819ca011207e4913d8a8f3855ab2b10ffd7,1772021722,2026-02-25T12:15:22+00:00,0.285,clob_prices_history
19092623696003297467569975421979058337700248600915517773783333080689954481741,0xd65525f918d9957f6d72f34fe19b0819ca011207e4913d8a8f3855ab2b10ffd7,1772022647,2026-02-25T12:30:47+00:00,0.285,clob_prices_history
19092623696003297467569975421979058337700248600915517773783333080689954481741,0xd65525f918d9957f6d72f34fe19b0819ca011207e4913d8a8f3855ab2b10ffd7,1772023523,2026-02-25T12:45:23+00:00,0.285,clob_prices_history
19092623696003297467569975421979058337700248600915517773783333080689954481741,0xd65525f918d9957f6d72f34fe19b0819ca011207e4913d8a8f3855ab2b10ffd7,1772024426,2026-02-25T13:00:26+00:00,0.285,clob_prices_history
19092623696003297467569975421979058337700248600915517773783333080689954481741,0xd65525f918d9957f6d72f34fe19b0819ca011207e4913d8a8f3855ab2b10ffd7,1772025323,2026-02-25T13:15:23+00:00,0.285,clob_prices_history
19092623696003297467569975421979058337700248600915517773783333080689954481741,0xd65525f918d9957f6d72f34fe19b0819ca011207e4913d8a8f3855ab2b10ffd7,1772026226,2026-02-25T13:30:26+00:00,0.285,clob_prices_history
19092623696003297467569975421979058337700248600915517773783333080689954481741,0xd65525f918d9957f6d72f34fe19b0819ca011207e4913d8a8f3855ab2b10ffd7,1772027122,2026-02-25T13:45:22+00:00,0.285,clob_prices_history
19092623696003297467569975421979058337700248600915517773783333080689954481741,0xd65525f918d9957f6d72f34fe19b0819ca011207e4913d8a8f3855ab2b10ffd7,1772028034,2026-02-25T14:00:34+00:00,0.285,clob_prices_history
19092623696003297467569975421979058337700248600915517773783333080689954481741,0xd65525f918d9957f6d72f34fe19b0819ca011207e4913d8a8f3855ab2b10ffd7,1772028923,2026-02-25T14:15:23+00:00,0.285,clob_prices_history
19092623696003297467569975421979058337700248600915517773783333080689954481741,0xd65525f918d9957f6d72f34fe19b0819ca011207e4913d8a8f3855ab2b10ffd7,1772029831,2026-02-25T14:30:31+00:00,0.285,clob_prices_history
19092623696003297467569975421979058337700248600915517773783333080689954481741,0xd65525f918d9957f6d72f34fe19b0819ca011207e4913d8a8f3855ab2b10ffd7,1772030724,2026-02-25T14:45:24+00:00,0.285,clob_prices_history
19092623696003297467569975421979058337700248600915517773783333080689954481741,0xd65525f918d9957f6d72f34fe19b0819ca011207e4913d8a8f3855ab2b10ffd7,1772031641,2026-02-25T15:00:41+00:00,0.285,clob_prices_history
19092623696003297467569975421979058337700248600915517773783333080689954481741,0xd65525f918d9957f6d72f34fe19b0819ca011207e4913d8a8f3855ab2b10ffd7,1772033444,2026-02-25T15:30:44+00:00,0.285,clob_prices_history
19092623696003297467569975421979058337700248600915517773783333080689954481741,0xd65525f918d9957f6d72f34fe19b0819ca011207e4913d8a8f3855ab2b10ffd7,1772034323,2026-02-25T15:45:23+00:00,0.285,clob_prices_history
19092623696003297467569975421979058337700248600915517773783333080689954481741,0xd65525f918d9957f6d72f34fe19b0819ca011207e4913d8a8f3855ab2b10ffd7,1772035227,2026-02-25T16:00:27+00:00,0.285,clob_prices_history
19092623696003297467569975421979058337700248600915517773783333080689954481741,0xd65525f918d9957f6d72f34fe19b0819ca011207e4913d8a8f3855ab2b10ffd7,1772036123,2026-02-25T16:15:23+00:00,0.285,clob_prices_history
19092623696003297467569975421979058337700248600915517773783333080689954481741,0xd65525f918d9957f6d72f34fe19b0819ca011207e4913d8a8f3855ab2b10ffd7,1772037029,2026-02-25T16:30:29+00:00,0.285,clob_prices_history
19092623696003297467569975421979058337700248600915517773783333080689954481741,0xd65525f918d9957f6d72f34fe19b0819ca011207e4913d8a8f3855ab2b10ffd7,1772037953,2026-02-25T16:45:53+00:00,0.285,clob_prices_history
19092623696003297467569975421979058337700248600915517773783333080689954481741,0xd65525f918d9957f6d72f34fe19b0819ca011207e4913d8a8f3855ab2b10ffd7,1772038827,2026-02-25T17:00:27+00:00,0.285,clob_prices_history
19092623696003297467569975421979058337700248600915517773783333080689954481741,0xd65525f918d9957f6d72f34fe19b0819ca011207e4913d8a8f3855ab2b10ffd7,1772039728,2026-02-25T17:15:28+00:00,0.285,clob_prices_history
19092623696003297467569975421979058337700248600915517773783333080689954481741,0xd65525f918d9957f6d72f34fe19b0819ca011207e4913d8a8f3855ab2b10ffd7,1772040629,2026-02-25T17:30:29+00:00,0.285,clob_prices_history
19092623696003297467569975421979058337700248600915517773783333080689954481741,0xd65525f918d9957f6d72f34fe19b0819ca011207e4913d8a8f3855ab2b10ffd7,1772041523,2026-02-25T17:45:23+00:00,0.285,clob_prices_history
19092623696003297467569975421979058337700248600915517773783333080689954481741,0xd65525f918d9957f6d72f34fe19b0819ca011207e4913d8a8f3855ab2b10ffd7,1772042436,2026-02-25T18:00:36+00:00,0.285,clob_prices_history
19092623696003297467569975421979058337700248600915517773783333080689954481741,0xd65525f918d9957f6d72f34fe19b0819ca011207e4913d8a8f3855ab2b10ffd7,1772043323,2026-02-25T18:15:23+00:00,0.285,clob_prices_history
19092623696003297467569975421979058337700248600915517773783333080689954481741,0xd65525f918d9957f6d72f34fe19b0819ca011207e4913d8a8f3855ab2b10ffd7,1772044227,2026-02-25T18:30:27+00:00,0.285,clob_prices_history
19092623696003297467569975421979058337700248600915517773783333080689954481741,0xd65525f918d9957f6d72f34fe19b0819ca011207e4913d8a8f3855ab2b10ffd7,1772045123,2026-02-25T18:45:23+00:00,0.285,clob_prices_history
19092623696003297467569975421979058337700248600915517773783333080689954481741,0xd65525f918d9957f6d72f34fe19b0819ca011207e4913d8a8f3855ab2b10ffd7,1772046030,2026-02-25T19:00:30+00:00,0.285,clob_prices_history
19092623696003297467569975421979058337700248600915517773783333080689954481741,0xd65525f918d9957f6d72f34fe19b0819ca011207e4913d8a8f3855ab2b10ffd7,1772046923,2026-02-25T19:15:23+00:00,0.285,clob_prices_history
19092623696003297467569975421979058337700248600915517773783333080689954481741,0xd65525f918d9957f6d72f34fe19b0819ca011207e4913d8a8f3855ab2b10ffd7,1772048724,2026-02-25T19:45:24+00:00,0.285,clob_prices_history
19092623696003297467569975421979058337700248600915517773783333080689954481741,0xd65525f918d9957f6d72f34fe19b0819ca011207e4913d8a8f3855ab2b10ffd7,1772049643,2026-02-25T20:00:43+00:00,0.285,clob_prices_history
19092623696003297467569975421979058337700248600915517773783333080689954481741,0xd65525f918d9957f6d72f34fe19b0819ca011207e4913d8a8f3855ab2b10ffd7,1772050527,2026-02-25T20:15:27+00:00,0.285,clob_prices_history
19092623696003297467569975421979058337700248600915517773783333080689954481741,0xd65525f918d9957f6d72f34fe19b0819ca011207e4913d8a8f3855ab2b10ffd7,1772051428,2026-02-25T20:30:28+00:00,0.265,clob_prices_history
19092623696003297467569975421979058337700248600915517773783333080689954481741,0xd65525f918d9957f6d72f34fe19b0819ca011207e4913d8a8f3855ab2b10ffd7,1772052325,2026-02-25T20:45:25+00:00,0.265,clob_prices_history
19092623696003297467569975421979058337700248600915517773783333080689954481741,0xd65525f918d9957f6d72f34fe19b0819ca011207e4913d8a8f3855ab2b10ffd7,1772053237,2026-02-25T21:00:37+00:00,0.265,clob_prices_history
19092623696003297467569975421979058337700248600915517773783333080689954481741,0xd65525f918d9957f6d72f34fe19b0819ca011207e4913d8a8f3855ab2b10ffd7,1772054131,2026-02-25T21:15:31+00:00,0.265,clob_prices_history
19092623696003297467569975421979058337700248600915517773783333080689954481741,0xd65525f918d9957f6d72f34fe19b0819ca011207e4913d8a8f3855ab2b10ffd7,1772055034,2026-02-25T21:30:34+00:00,0.265,clob_prices_history
19092623696003297467569975421979058337700248600915517773783333080689954481741,0xd65525f918d9957f6d72f34fe19b0819ca011207e4913d8a8f3855ab2b10ffd7,1772055929,2026-02-25T21:45:29+00:00,0.265,clob_prices_history
19092623696003297467569975421979058337700248600915517773783333080689954481741,0xd65525f918d9957f6d72f34fe19b0819ca011207e4913d8a8f3855ab2b10ffd7,1772056829,2026-02-25T22:00:29+00:00,0.265,clob_prices_history
19092623696003297467569975421979058337700248600915517773783333080689954481741,0xd65525f918d9957f6d72f34fe19b0819ca011207e4913d8a8f3855ab2b10ffd7,1772057724,2026-02-25T22:15:24+00:00,0.265,clob_prices_history
19092623696003297467569975421979058337700248600915517773783333080689954481741,0xd65525f918d9957f6d72f34fe19b0819ca011207e4913d8a8f3855ab2b10ffd7,1772058641,2026-02-25T22:30:41+00:00,0.265,clob_prices_history
19092623696003297467569975421979058337700248600915517773783333080689954481741,0xd65525f918d9957f6d72f34fe19b0819ca011207e4913d8a8f3855ab2b10ffd7,1772059522,2026-02-25T22:45:22+00:00,0.265,clob_prices_history
19092623696003297467569975421979058337700248600915517773783333080689954481741,0xd65525f918d9957f6d72f34fe19b0819ca011207e4913d8a8f3855ab2b10ffd7,1772060431,2026-02-25T23:00:31+00:00,0.265,clob_prices_history
19092623696003297467569975421979058337700248600915517773783333080689954481741,0xd65525f918d9957f6d72f34fe19b0819ca011207e4913d8a8f3855ab2b10ffd7,1772061324,2026-02-25T23:15:24+00:00,0.265,clob_prices_history
19092623696003297467569975421979058337700248600915517773783333080689954481741,0xd65525f918d9957f6d72f34fe19b0819ca011207e4913d8a8f3855ab2b10ffd7,1772062230,2026-02-25T23:30:30+00:00,0.265,clob_prices_history
19092623696003297467569975421979058337700248600915517773783333080689954481741,0xd65525f918d9957f6d72f34fe19b0819ca011207e4913d8a8f3855ab2b10ffd7,1772063126,2026-02-25T23:45:26+00:00,0.265,clob_prices_history
19092623696003297467569975421979058337700248600915517773783333080689954481741,0xd65525f918d9957f6d72f34fe19b0819ca011207e4913d8a8f3855ab2b10ffd7,1772064043,2026-02-26T00:00:43+00:00,0.265,clob_prices_history
19092623696003297467569975421979058337700248600915517773783333080689954481741,0xd65525f918d9957f6d72f34fe19b0819ca011207e4913d8a8f3855ab2b10ffd7,1772064924,2026-02-26T00:15:24+00:00,0.265,clob_prices_history
19092623696003297467569975421979058337700248600915517773783333080689954481741,0xd65525f918d9957f6d72f34fe19b0819ca011207e4913d8a8f3855ab2b10ffd7,1772065828,2026-02-26T00:30:28+00:00,0.265,clob_prices_history
19092623696003297467569975421979058337700248600915517773783333080689954481741,0xd65525f918d9957f6d72f34fe19b0819ca011207e4913d8a8f3855ab2b10ffd7,1772066723,2026-02-26T00:45:23+00:00,0.265,clob_prices_history
19092623696003297467569975421979058337700248600915517773783333080689954481741,0xd65525f918d9957f6d72f34fe19b0819ca011207e4913d8a8f3855ab2b10ffd7,1772067628,2026-02-26T01:00:28+00:00,0.265,clob_prices_history
19092623696003297467569975421979058337700248600915517773783333080689954481741,0xd65525f918d9957f6d72f34fe19b0819ca011207e4913d8a8f3855ab2b10ffd7,1772068524,2026-02-26T01:15:24+00:00,0.27,clob_prices_history
19092623696003297467569975421979058337700248600915517773783333080689954481741,0xd65525f918d9957f6d72f34fe19b0819ca011207e4913d8a8f3855ab2b10ffd7,1772069429,2026-02-26T01:30:29+00:00,0.27,clob_prices_history
19092623696003297467569975421979058337700248600915517773783333080689954481741,0xd65525f918d9957f6d72f34fe19b0819ca011207e4913d8a8f3855ab2b10ffd7,1772070325,2026-02-26T01:45:25+00:00,0.27,clob_prices_history
19092623696003297467569975421979058337700248600915517773783333080689954481741,0xd65525f918d9957f6d72f34fe19b0819ca011207e4913d8a8f3855ab2b10ffd7,1772071230,2026-02-26T02:00:30+00:00,0.27,clob_prices_history
19092623696003297467569975421979058337700248600915517773783333080689954481741,0xd65525f918d9957f6d72f34fe19b0819ca011207e4913d8a8f3855ab2b10ffd7,1772072125,2026-02-26T02:15:25+00:00,0.27,clob_prices_history
19092623696003297467569975421979058337700248600915517773783333080689954481741,0xd65525f918d9957f6d72f34fe19b0819ca011207e4913d8a8f3855ab2b10ffd7,1772073030,2026-02-26T02:30:30+00:00,0.27,clob_prices_history
19092623696003297467569975421979058337700248600915517773783333080689954481741,0xd65525f918d9957f6d72f34fe19b0819ca011207e4913d8a8f3855ab2b10ffd7,1772073925,2026-02-26T02:45:25+00:00,0.27,clob_prices_history
19092623696003297467569975421979058337700248600915517773783333080689954481741,0xd65525f918d9957f6d72f34fe19b0819ca011207e4913d8a8f3855ab2b10ffd7,1772074858,2026-02-26T03:00:58+00:00,0.27,clob_prices_history
19092623696003297467569975421979058337700248600915517773783333080689954481741,0xd65525f918d9957f6d72f34fe19b0819ca011207e4913d8a8f3855ab2b10ffd7,1772075723,2026-02-26T03:15:23+00:00,0.27,clob_prices_history
19092623696003297467569975421979058337700248600915517773783333080689954481741,0xd65525f918d9957f6d72f34fe19b0819ca011207e4913d8a8f3855ab2b10ffd7,1772076653,2026-02-26T03:30:53+00:00,0.27,clob_prices_history
19092623696003297467569975421979058337700248600915517773783333080689954481741,0xd65525f918d9957f6d72f34fe19b0819ca011207e4913d8a8f3855ab2b10ffd7,1772077523,2026-02-26T03:45:23+00:00,0.27,clob_prices_history
19092623696003297467569975421979058337700248600915517773783333080689954481741,0xd65525f918d9957f6d72f34fe19b0819ca011207e4913d8a8f3855ab2b10ffd7,1772078441,2026-02-26T04:00:41+00:00,0.27,clob_prices_history
19092623696003297467569975421979058337700248600915517773783333080689954481741,0xd65525f918d9957f6d72f34fe19b0819ca011207e4913d8a8f3855ab2b10ffd7,1772079322,2026-02-26T04:15:22+00:00,0.27,clob_prices_history
19092623696003297467569975421979058337700248600915517773783333080689954481741,0xd65525f918d9957f6d72f34fe19b0819ca011207e4913d8a8f3855ab2b10ffd7,1772080229,2026-02-26T04:30:29+00:00,0.27,clob_prices_history
19092623696003297467569975421979058337700248600915517773783333080689954481741,0xd65525f918d9957f6d72f34fe19b0819ca011207e4913d8a8f3855ab2b10ffd7,1772081122,2026-02-26T04:45:22+00:00,0.27,clob_prices_history
19092623696003297467569975421979058337700248600915517773783333080689954481741,0xd65525f918d9957f6d72f34fe19b0819ca011207e4913d8a8f3855ab2b10ffd7,1772082030,2026-02-26T05:00:30+00:00,0.27,clob_prices_history
19092623696003297467569975421979058337700248600915517773783333080689954481741,0xd65525f918d9957f6d72f34fe19b0819ca011207e4913d8a8f3855ab2b10ffd7,1772082925,2026-02-26T05:15:25+00:00,0.27,clob_prices_history
19092623696003297467569975421979058337700248600915517773783333080689954481741,0xd65525f918d9957f6d72f34fe19b0819ca011207e4913d8a8f3855ab2b10ffd7,1772083829,2026-02-26T05:30:29+00:00,0.27,clob_prices_history
19092623696003297467569975421979058337700248600915517773783333080689954481741,0xd65525f918d9957f6d72f34fe19b0819ca011207e4913d8a8f3855ab2b10ffd7,1772084725,2026-02-26T05:45:25+00:00,0.27,clob_prices_history
19092623696003297467569975421979058337700248600915517773783333080689954481741,0xd65525f918d9957f6d72f34fe19b0819ca011207e4913d8a8f3855ab2b10ffd7,1772085637,2026-02-26T06:00:37+00:00,0.27,clob_prices_history
19092623696003297467569975421979058337700248600915517773783333080689954481741,0xd65525f918d9957f6d72f34fe19b0819ca011207e4913d8a8f3855ab2b10ffd7,1772086522,2026-02-26T06:15:22+00:00,0.27,clob_prices_history
19092623696003297467569975421979058337700248600915517773783333080689954481741,0xd65525f918d9957f6d72f34fe19b0819ca011207e4913d8a8f3855ab2b10ffd7,1772087430,2026-02-26T06:30:30+00:00,0.27,clob_prices_history
19092623696003297467569975421979058337700248600915517773783333080689954481741,0xd65525f918d9957f6d72f34fe19b0819ca011207e4913d8a8f3855ab2b10ffd7,1772088323,2026-02-26T06:45:23+00:00,0.27,clob_prices_history
19092623696003297467569975421979058337700248600915517773783333080689954481741,0xd65525f918d9957f6d72f34fe19b0819ca011207e4913d8a8f3855ab2b10ffd7,1772089231,2026-02-26T07:00:31+00:00,0.27,clob_prices_history
19092623696003297467569975421979058337700248600915517773783333080689954481741,0xd65525f918d9957f6d72f34fe19b0819ca011207e4913d8a8f3855ab2b10ffd7,1772090122,2026-02-26T07:15:22+00:00,0.27,clob_prices_history
19092623696003297467569975421979058337700248600915517773783333080689954481741,0xd65525f918d9957f6d72f34fe19b0819ca011207e4913d8a8f3855ab2b10ffd7,1772091028,2026-02-26T07:30:28+00:00,0.27,clob_prices_history
19092623696003297467569975421979058337700248600915517773783333080689954481741,0xd65525f918d9957f6d72f34fe19b0819ca011207e4913d8a8f3855ab2b10ffd7,1772091936,2026-02-26T07:45:36+00:00,0.27,clob_prices_history
19092623696003297467569975421979058337700248600915517773783333080689954481741,0xd65525f918d9957f6d72f34fe19b0819ca011207e4913d8a8f3855ab2b10ffd7,1772092832,2026-02-26T08:00:32+00:00,0.27,clob_prices_history
19092623696003297467569975421979058337700248600915517773783333080689954481741,0xd65525f918d9957f6d72f34fe19b0819ca011207e4913d8a8f3855ab2b10ffd7,1772093723,2026-02-26T08:15:23+00:00,0.27,clob_prices_history
19092623696003297467569975421979058337700248600915517773783333080689954481741,0xd65525f918d9957f6d72f34fe19b0819ca011207e4913d8a8f3855ab2b10ffd7,1772094628,2026-02-26T08:30:28+00:00,0.27,clob_prices_history
19092623696003297467569975421979058337700248600915517773783333080689954481741,0xd65525f918d9957f6d72f34fe19b0819ca011207e4913d8a8f3855ab2b10ffd7,1772095523,2026-02-26T08:45:23+00:00,0.27,clob_prices_history
19092623696003297467569975421979058337700248600915517773783333080689954481741,0xd65525f918d9957f6d72f34fe19b0819ca011207e4913d8a8f3855ab2b10ffd7,1772096451,2026-02-26T09:00:51+00:00,0.27,clob_prices_history
19092623696003297467569975421979058337700248600915517773783333080689954481741,0xd65525f918d9957f6d72f34fe19b0819ca011207e4913d8a8f3855ab2b10ffd7,1772097325,2026-02-26T09:15:25+00:00,0.27,clob_prices_history
19092623696003297467569975421979058337700248600915517773783333080689954481741,0xd65525f918d9957f6d72f34fe19b0819ca011207e4913d8a8f3855ab2b10ffd7,1772098230,2026-02-26T09:30:30+00:00,0.27,clob_prices_history
19092623696003297467569975421979058337700248600915517773783333080689954481741,0xd65525f918d9957f6d72f34fe19b0819ca011207e4913d8a8f3855ab2b10ffd7,1772099101,2026-02-26T09:45:01+00:00,0.27,clob_prices_history
19092623696003297467569975421979058337700248600915517773783333080689954481741,0xd65525f918d9957f6d72f34fe19b0819ca011207e4913d8a8f3855ab2b10ffd7,1772099140,2026-02-26T09:45:40+00:00,0.27,clob_prices_history
19092623696003297467569975421979058337700248600915517773783333080689954481741,0xd65525f918d9957f6d72f34fe19b0819ca011207e4913d8a8f3855ab2b10ffd7,1772100030,2026-02-26T10:00:30+00:00,0.27,clob_prices_history
19092623696003297467569975421979058337700248600915517773783333080689954481741,0xd65525f918d9957f6d72f34fe19b0819ca011207e4913d8a8f3855ab2b10ffd7,1772100935,2026-02-26T10:15:35+00:00,0.27,clob_prices_history
19092623696003297467569975421979058337700248600915517773783333080689954481741,0xd65525f918d9957f6d72f34fe19b0819ca011207e4913d8a8f3855ab2b10ffd7,1772101831,2026-02-26T10:30:31+00:00,0.27,clob_prices_history
19092623696003297467569975421979058337700248600915517773783333080689954481741,0xd65525f918d9957f6d72f34fe19b0819ca011207e4913d8a8f3855ab2b10ffd7,1772102724,2026-02-26T10:45:24+00:00,0.27,clob_prices_history
19092623696003297467569975421979058337700248600915517773783333080689954481741,0xd65525f918d9957f6d72f34fe19b0819ca011207e4913d8a8f3855ab2b10ffd7,1772103628,2026-02-26T11:00:28+00:00,0.27,clob_prices_history
19092623696003297467569975421979058337700248600915517773783333080689954481741,0xd65525f918d9957f6d72f34fe19b0819ca011207e4913d8a8f3855ab2b10ffd7,1772104523,2026-02-26T11:15:23+00:00,0.27,clob_prices_history
19092623696003297467569975421979058337700248600915517773783333080689954481741,0xd65525f918d9957f6d72f34fe19b0819ca011207e4913d8a8f3855ab2b10ffd7,1772105445,2026-02-26T11:30:45+00:00,0.27,clob_prices_history
19092623696003297467569975421979058337700248600915517773783333080689954481741,0xd65525f918d9957f6d72f34fe19b0819ca011207e4913d8a8f3855ab2b10ffd7,1772106322,2026-02-26T11:45:22+00:00,0.27,clob_prices_history
19092623696003297467569975421979058337700248600915517773783333080689954481741,0xd65525f918d9957f6d72f34fe19b0819ca011207e4913d8a8f3855ab2b10ffd7,1772108127,2026-02-26T12:15:27+00:00,0.265,clob_prices_history
19092623696003297467569975421979058337700248600915517773783333080689954481741,0xd65525f918d9957f6d72f34fe19b0819ca011207e4913d8a8f3855ab2b10ffd7,1772109048,2026-02-26T12:30:48+00:00,0.265,clob_prices_history
19092623696003297467569975421979058337700248600915517773783333080689954481741,0xd65525f918d9957f6d72f34fe19b0819ca011207e4913d8a8f3855ab2b10ffd7,1772109926,2026-02-26T12:45:26+00:00,0.275,clob_prices_history
19092623696003297467569975421979058337700248600915517773783333080689954481741,0xd65525f918d9957f6d72f34fe19b0819ca011207e4913d8a8f3855ab2b10ffd7,1772110831,2026-02-26T13:00:31+00:00,0.275,clob_prices_history
19092623696003297467569975421979058337700248600915517773783333080689954481741,0xd65525f918d9957f6d72f34fe19b0819ca011207e4913d8a8f3855ab2b10ffd7,1772111723,2026-02-26T13:15:23+00:00,0.275,clob_prices_history
19092623696003297467569975421979058337700248600915517773783333080689954481741,0xd65525f918d9957f6d72f34fe19b0819ca011207e4913d8a8f3855ab2b10ffd7,1772112632,2026-02-26T13:30:32+00:00,0.275,clob_prices_history
19092623696003297467569975421979058337700248600915517773783333080689954481741,0xd65525f918d9957f6d72f34fe19b0819ca011207e4913d8a8f3855ab2b10ffd7,1772113526,2026-02-26T13:45:26+00:00,0.275,clob_prices_history
19092623696003297467569975421979058337700248600915517773783333080689954481741,0xd65525f918d9957f6d72f34fe19b0819ca011207e4913d8a8f3855ab2b10ffd7,1772114434,2026-02-26T14:00:34+00:00,0.275,clob_prices_history
19092623696003297467569975421979058337700248600915517773783333080689954481741,0xd65525f918d9957f6d72f34fe19b0819ca011207e4913d8a8f3855ab2b10ffd7,1772115335,2026-02-26T14:15:35+00:00,0.275,clob_prices_history
19092623696003297467569975421979058337700248600915517773783333080689954481741,0xd65525f918d9957f6d72f34fe19b0819ca011207e4913d8a8f3855ab2b10ffd7,1772116232,2026-02-26T14:30:32+00:00,0.275,clob_prices_history
19092623696003297467569975421979058337700248600915517773783333080689954481741,0xd65525f918d9957f6d72f34fe19b0819ca011207e4913d8a8f3855ab2b10ffd7,1772117138,2026-02-26T14:45:38+00:00,0.275,clob_prices_history
19092623696003297467569975421979058337700248600915517773783333080689954481741,0xd65525f918d9957f6d72f34fe19b0819ca011207e4913d8a8f3855ab2b10ffd7,1772118043,2026-02-26T15:00:43+00:00,0.275,clob_prices_history
19092623696003297467569975421979058337700248600915517773783333080689954481741,0xd65525f918d9957f6d72f34fe19b0819ca011207e4913d8a8f3855ab2b10ffd7,1772118929,2026-02-26T15:15:29+00:00,0.275,clob_prices_history
19092623696003297467569975421979058337700248600915517773783333080689954481741,0xd65525f918d9957f6d72f34fe19b0819ca011207e4913d8a8f3855ab2b10ffd7,1772119834,2026-02-26T15:30:34+00:00,0.275,clob_prices_history
19092623696003297467569975421979058337700248600915517773783333080689954481741,0xd65525f918d9957f6d72f34fe19b0819ca011207e4913d8a8f3855ab2b10ffd7,1772120756,2026-02-26T15:45:56+00:00,0.275,clob_prices_history
19092623696003297467569975421979058337700248600915517773783333080689954481741,0xd65525f918d9957f6d72f34fe19b0819ca011207e4913d8a8f3855ab2b10ffd7,1772121649,2026-02-26T16:00:49+00:00,0.275,clob_prices_history
19092623696003297467569975421979058337700248600915517773783333080689954481741,0xd65525f918d9957f6d72f34fe19b0819ca011207e4913d8a8f3855ab2b10ffd7,1772122533,2026-02-26T16:15:33+00:00,0.275,clob_prices_history
19092623696003297467569975421979058337700248600915517773783333080689954481741,0xd65525f918d9957f6d72f34fe19b0819ca011207e4913d8a8f3855ab2b10ffd7,1772123432,2026-02-26T16:30:32+00:00,0.275,clob_prices_history
19092623696003297467569975421979058337700248600915517773783333080689954481741,0xd65525f918d9957f6d72f34fe19b0819ca011207e4913d8a8f3855ab2b10ffd7,1772124326,2026-02-26T16:45:26+00:00,0.275,clob_prices_history
19092623696003297467569975421979058337700248600915517773783333080689954481741,0xd65525f918d9957f6d72f34fe19b0819ca011207e4913d8a8f3855ab2b10ffd7,1772125237,2026-02-26T17:00:37+00:00,0.275,clob_prices_history
19092623696003297467569975421979058337700248600915517773783333080689954481741,0xd65525f918d9957f6d72f34fe19b0819ca011207e4913d8a8f3855ab2b10ffd7,1772126127,2026-02-26T17:15:27+00:00,0.275,clob_prices_history
19092623696003297467569975421979058337700248600915517773783333080689954481741,0xd65525f918d9957f6d72f34fe19b0819ca011207e4913d8a8f3855ab2b10ffd7,1772127039,2026-02-26T17:30:39+00:00,0.275,clob_prices_history
19092623696003297467569975421979058337700248600915517773783333080689954481741,0xd65525f918d9957f6d72f34fe19b0819ca011207e4913d8a8f3855ab2b10ffd7,1772127928,2026-02-26T17:45:28+00:00,0.275,clob_prices_history
19092623696003297467569975421979058337700248600915517773783333080689954481741,0xd65525f918d9957f6d72f34fe19b0819ca011207e4913d8a8f3855ab2b10ffd7,1772128854,2026-02-26T18:00:54+00:00,0.275,clob_prices_history
19092623696003297467569975421979058337700248600915517773783333080689954481741,0xd65525f918d9957f6d72f34fe19b0819ca011207e4913d8a8f3855ab2b10ffd7,1772129727,2026-02-26T18:15:27+00:00,0.275,clob_prices_history
19092623696003297467569975421979058337700248600915517773783333080689954481741,0xd65525f918d9957f6d72f34fe19b0819ca011207e4913d8a8f3855ab2b10ffd7,1772130633,2026-02-26T18:30:33+00:00,0.275,clob_prices_history
19092623696003297467569975421979058337700248600915517773783333080689954481741,0xd65525f918d9957f6d72f34fe19b0819ca011207e4913d8a8f3855ab2b10ffd7,1772131527,2026-02-26T18:45:27+00:00,0.275,clob_prices_history
19092623696003297467569975421979058337700248600915517773783333080689954481741,0xd65525f918d9957f6d72f34fe19b0819ca011207e4913d8a8f3855ab2b10ffd7,1772132435,2026-02-26T19:00:35+00:00,0.275,clob_prices_history
19092623696003297467569975421979058337700248600915517773783333080689954481741,0xd65525f918d9957f6d72f34fe19b0819ca011207e4913d8a8f3855ab2b10ffd7,1772133328,2026-02-26T19:15:28+00:00,0.275,clob_prices_history
19092623696003297467569975421979058337700248600915517773783333080689954481741,0xd65525f918d9957f6d72f34fe19b0819ca011207e4913d8a8f3855ab2b10ffd7,1772134246,2026-02-26T19:30:46+00:00,0.275,clob_prices_history
19092623696003297467569975421979058337700248600915517773783333080689954481741,0xd65525f918d9957f6d72f34fe19b0819ca011207e4913d8a8f3855ab2b10ffd7,1772135126,2026-02-26T19:45:26+00:00,0.275,clob_prices_history
19092623696003297467569975421979058337700248600915517773783333080689954481741,0xd65525f918d9957f6d72f34fe19b0819ca011207e4913d8a8f3855ab2b10ffd7,1772136035,2026-02-26T20:00:35+00:00,0.275,clob_prices_history
19092623696003297467569975421979058337700248600915517773783333080689954481741,0xd65525f918d9957f6d72f34fe19b0819ca011207e4913d8a8f3855ab2b10ffd7,1772136927,2026-02-26T20:15:27+00:00,0.275,clob_prices_history
19092623696003297467569975421979058337700248600915517773783333080689954481741,0xd65525f918d9957f6d72f34fe19b0819ca011207e4913d8a8f3855ab2b10ffd7,1772137837,2026-02-26T20:30:37+00:00,0.275,clob_prices_history
19092623696003297467569975421979058337700248600915517773783333080689954481741,0xd65525f918d9957f6d72f34fe19b0819ca011207e4913d8a8f3855ab2b10ffd7,1772138727,2026-02-26T20:45:27+00:00,0.275,clob_prices_history
19092623696003297467569975421979058337700248600915517773783333080689954481741,0xd65525f918d9957f6d72f34fe19b0819ca011207e4913d8a8f3855ab2b10ffd7,1772139640,2026-02-26T21:00:40+00:00,0.275,clob_prices_history
19092623696003297467569975421979058337700248600915517773783333080689954481741,0xd65525f918d9957f6d72f34fe19b0819ca011207e4913d8a8f3855ab2b10ffd7,1772140531,2026-02-26T21:15:31+00:00,0.275,clob_prices_history
19092623696003297467569975421979058337700248600915517773783333080689954481741,0xd65525f918d9957f6d72f34fe19b0819ca011207e4913d8a8f3855ab2b10ffd7,1772141433,2026-02-26T21:30:33+00:00,0.275,clob_prices_history
19092623696003297467569975421979058337700248600915517773783333080689954481741,0xd65525f918d9957f6d72f34fe19b0819ca011207e4913d8a8f3855ab2b10ffd7,1772142325,2026-02-26T21:45:25+00:00,0.275,clob_prices_history
19092623696003297467569975421979058337700248600915517773783333080689954481741,0xd65525f918d9957f6d72f34fe19b0819ca011207e4913d8a8f3855ab2b10ffd7,1772143232,2026-02-26T22:00:32+00:00,0.27,clob_prices_history
19092623696003297467569975421979058337700248600915517773783333080689954481741,0xd65525f918d9957f6d72f34fe19b0819ca011207e4913d8a8f3855ab2b10ffd7,1772144133,2026-02-26T22:15:33+00:00,0.27,clob_prices_history
19092623696003297467569975421979058337700248600915517773783333080689954481741,0xd65525f918d9957f6d72f34fe19b0819ca011207e4913d8a8f3855ab2b10ffd7,1772145032,2026-02-26T22:30:32+00:00,0.27,clob_prices_history
19092623696003297467569975421979058337700248600915517773783333080689954481741,0xd65525f918d9957f6d72f34fe19b0819ca011207e4913d8a8f3855ab2b10ffd7,1772145926,2026-02-26T22:45:26+00:00,0.27,clob_prices_history
19092623696003297467569975421979058337700248600915517773783333080689954481741,0xd65525f918d9957f6d72f34fe19b0819ca011207e4913d8a8f3855ab2b10ffd7,1772146833,2026-02-26T23:00:33+00:00,0.27,clob_prices_history
19092623696003297467569975421979058337700248600915517773783333080689954481741,0xd65525f918d9957f6d72f34fe19b0819ca011207e4913d8a8f3855ab2b10ffd7,1772147726,2026-02-26T23:15:26+00:00,0.27,clob_prices_history
19092623696003297467569975421979058337700248600915517773783333080689954481741,0xd65525f918d9957f6d72f34fe19b0819ca011207e4913d8a8f3855ab2b10ffd7,1772148632,2026-02-26T23:30:32+00:00,0.27,clob_prices_history
19092623696003297467569975421979058337700248600915517773783333080689954481741,0xd65525f918d9957f6d72f34fe19b0819ca011207e4913d8a8f3855ab2b10ffd7,1772149558,2026-02-26T23:45:58+00:00,0.27,clob_prices_history
19092623696003297467569975421979058337700248600915517773783333080689954481741,0xd65525f918d9957f6d72f34fe19b0819ca011207e4913d8a8f3855ab2b10ffd7,1772150449,2026-02-27T00:00:49+00:00,0.28,clob_prices_history
19092623696003297467569975421979058337700248600915517773783333080689954481741,0xd65525f918d9957f6d72f34fe19b0819ca011207e4913d8a8f3855ab2b10ffd7,1772151332,2026-02-27T00:15:32+00:00,0.28,clob_prices_history
19092623696003297467569975421979058337700248600915517773783333080689954481741,0xd65525f918d9957f6d72f34fe19b0819ca011207e4913d8a8f3855ab2b10ffd7,1772152232,2026-02-27T00:30:32+00:00,0.28,clob_prices_history
19092623696003297467569975421979058337700248600915517773783333080689954481741,0xd65525f918d9957f6d72f34fe19b0819ca011207e4913d8a8f3855ab2b10ffd7,1772153127,2026-02-27T00:45:27+00:00,0.28,clob_prices_history
19092623696003297467569975421979058337700248600915517773783333080689954481741,0xd65525f918d9957f6d72f34fe19b0819ca011207e4913d8a8f3855ab2b10ffd7,1772154033,2026-02-27T01:00:33+00:00,0.28,clob_prices_history
19092623696003297467569975421979058337700248600915517773783333080689954481741,0xd65525f918d9957f6d72f34fe19b0819ca011207e4913d8a8f3855ab2b10ffd7,1772154927,2026-02-27T01:15:27+00:00,0.28,clob_prices_history
19092623696003297467569975421979058337700248600915517773783333080689954481741,0xd65525f918d9957f6d72f34fe19b0819ca011207e4913d8a8f3855ab2b10ffd7,1772155832,2026-02-27T01:30:32+00:00,0.28,clob_prices_history
19092623696003297467569975421979058337700248600915517773783333080689954481741,0xd65525f918d9957f6d72f34fe19b0819ca011207e4913d8a8f3855ab2b10ffd7,1772156741,2026-02-27T01:45:41+00:00,0.27,clob_prices_history
19092623696003297467569975421979058337700248600915517773783333080689954481741,0xd65525f918d9957f6d72f34fe19b0819ca011207e4913d8a8f3855ab2b10ffd7,1772157633,2026-02-27T02:00:33+00:00,0.27,clob_prices_history
19092623696003297467569975421979058337700248600915517773783333080689954481741,0xd65525f918d9957f6d72f34fe19b0819ca011207e4913d8a8f3855ab2b10ffd7,1772158527,2026-02-27T02:15:27+00:00,0.27,clob_prices_history
19092623696003297467569975421979058337700248600915517773783333080689954481741,0xd65525f918d9957f6d72f34fe19b0819ca011207e4913d8a8f3855ab2b10ffd7,1772159436,2026-02-27T02:30:36+00:00,0.27,clob_prices_history
19092623696003297467569975421979058337700248600915517773783333080689954481741,0xd65525f918d9957f6d72f34fe19b0819ca011207e4913d8a8f3855ab2b10ffd7,1772160331,2026-02-27T02:45:31+00:00,0.27,clob_prices_history
19092623696003297467569975421979058337700248600915517773783333080689954481741,0xd65525f918d9957f6d72f34fe19b0819ca011207e4913d8a8f3855ab2b10ffd7,1772161239,2026-02-27T03:00:39+00:00,0.27,clob_prices_history
19092623696003297467569975421979058337700248600915517773783333080689954481741,0xd65525f918d9957f6d72f34fe19b0819ca011207e4913d8a8f3855ab2b10ffd7,1772162129,2026-02-27T03:15:29+00:00,0.27,clob_prices_history
19092623696003297467569975421979058337700248600915517773783333080689954481741,0xd65525f918d9957f6d72f34fe19b0819ca011207e4913d8a8f3855ab2b10ffd7,1772163038,2026-02-27T03:30:38+00:00,0.27,clob_prices_history
19092623696003297467569975421979058337700248600915517773783333080689954481741,0xd65525f918d9957f6d72f34fe19b0819ca011207e4913d8a8f3855ab2b10ffd7,1772163926,2026-02-27T03:45:26+00:00,0.27,clob_prices_history
19092623696003297467569975421979058337700248600915517773783333080689954481741,0xd65525f918d9957f6d72f34fe19b0819ca011207e4913d8a8f3855ab2b10ffd7,1772164833,2026-02-27T04:00:33+00:00,0.27,clob_prices_history
19092623696003297467569975421979058337700248600915517773783333080689954481741,0xd65525f918d9957f6d72f34fe19b0819ca011207e4913d8a8f3855ab2b10ffd7,1772165725,2026-02-27T04:15:25+00:00,0.27,clob_prices_history
19092623696003297467569975421979058337700248600915517773783333080689954481741,0xd65525f918d9957f6d72f34fe19b0819ca011207e4913d8a8f3855ab2b10ffd7,1772166632,2026-02-27T04:30:32+00:00,0.27,clob_prices_history
19092623696003297467569975421979058337700248600915517773783333080689954481741,0xd65525f918d9957f6d72f34fe19b0819ca011207e4913d8a8f3855ab2b10ffd7,1772167525,2026-02-27T04:45:25+00:00,0.27,clob_prices_history
19092623696003297467569975421979058337700248600915517773783333080689954481741,0xd65525f918d9957f6d72f34fe19b0819ca011207e4913d8a8f3855ab2b10ffd7,1772168447,2026-02-27T05:00:47+00:00,0.27,clob_prices_history
19092623696003297467569975421979058337700248600915517773783333080689954481741,0xd65525f918d9957f6d72f34fe19b0819ca011207e4913d8a8f3855ab2b10ffd7,1772169330,2026-02-27T05:15:30+00:00,0.27,clob_prices_history
19092623696003297467569975421979058337700248600915517773783333080689954481741,0xd65525f918d9957f6d72f34fe19b0819ca011207e4913d8a8f3855ab2b10ffd7,1772170230,2026-02-27T05:30:30+00:00,0.27,clob_prices_history
19092623696003297467569975421979058337700248600915517773783333080689954481741,0xd65525f918d9957f6d72f34fe19b0819ca011207e4913d8a8f3855ab2b10ffd7,1772171130,2026-02-27T05:45:30+00:00,0.27,clob_prices_history
19092623696003297467569975421979058337700248600915517773783333080689954481741,0xd65525f918d9957f6d72f34fe19b0819ca011207e4913d8a8f3855ab2b10ffd7,1772172040,2026-02-27T06:00:40+00:00,0.27,clob_prices_history
19092623696003297467569975421979058337700248600915517773783333080689954481741,0xd65525f918d9957f6d72f34fe19b0819ca011207e4913d8a8f3855ab2b10ffd7,1772172924,2026-02-27T06:15:24+00:00,0.27,clob_prices_history
19092623696003297467569975421979058337700248600915517773783333080689954481741,0xd65525f918d9957f6d72f34fe19b0819ca011207e4913d8a8f3855ab2b10ffd7,1772174725,2026-02-27T06:45:25+00:00,0.27,clob_prices_history
19092623696003297467569975421979058337700248600915517773783333080689954481741,0xd65525f918d9957f6d72f34fe19b0819ca011207e4913d8a8f3855ab2b10ffd7,1772175632,2026-02-27T07:00:32+00:00,0.27,clob_prices_history
19092623696003297467569975421979058337700248600915517773783333080689954481741,0xd65525f918d9957f6d72f34fe19b0819ca011207e4913d8a8f3855ab2b10ffd7,1772176525,2026-02-27T07:15:25+00:00,0.27,clob_prices_history
19092623696003297467569975421979058337700248600915517773783333080689954481741,0xd65525f918d9957f6d72f34fe19b0819ca011207e4913d8a8f3855ab2b10ffd7,1772177435,2026-02-27T07:30:35+00:00,0.27,clob_prices_history
19092623696003297467569975421979058337700248600915517773783333080689954481741,0xd65525f918d9957f6d72f34fe19b0819ca011207e4913d8a8f3855ab2b10ffd7,1772178324,2026-02-27T07:45:24+00:00,0.27,clob_prices_history
19092623696003297467569975421979058337700248600915517773783333080689954481741,0xd65525f918d9957f6d72f34fe19b0819ca011207e4913d8a8f3855ab2b10ffd7,1772179237,2026-02-27T08:00:37+00:00,0.27,clob_prices_history
19092623696003297467569975421979058337700248600915517773783333080689954481741,0xd65525f918d9957f6d72f34fe19b0819ca011207e4913d8a8f3855ab2b10ffd7,1772180124,2026-02-27T08:15:24+00:00,0.27,clob_prices_history
19092623696003297467569975421979058337700248600915517773783333080689954481741,0xd65525f918d9957f6d72f34fe19b0819ca011207e4913d8a8f3855ab2b10ffd7,1772181032,2026-02-27T08:30:32+00:00,0.275,clob_prices_history
19092623696003297467569975421979058337700248600915517773783333080689954481741,0xd65525f918d9957f6d72f34fe19b0819ca011207e4913d8a8f3855ab2b10ffd7,1772181954,2026-02-27T08:45:54+00:00,0.275,clob_prices_history
19092623696003297467569975421979058337700248600915517773783333080689954481741,0xd65525f918d9957f6d72f34fe19b0819ca011207e4913d8a8f3855ab2b10ffd7,1772182846,2026-02-27T09:00:46+00:00,0.275,clob_prices_history
19092623696003297467569975421979058337700248600915517773783333080689954481741,0xd65525f918d9957f6d72f34fe19b0819ca011207e4913d8a8f3855ab2b10ffd7,1772183731,2026-02-27T09:15:31+00:00,0.275,clob_prices_history
19092623696003297467569975421979058337700248600915517773783333080689954481741,0xd65525f918d9957f6d72f34fe19b0819ca011207e4913d8a8f3855ab2b10ffd7,1772184631,2026-02-27T09:30:31+00:00,0.275,clob_prices_history
19092623696003297467569975421979058337700248600915517773783333080689954481741,0xd65525f918d9957f6d72f34fe19b0819ca011207e4913d8a8f3855ab2b10ffd7,1772185525,2026-02-27T09:45:25+00:00,0.275,clob_prices_history
19092623696003297467569975421979058337700248600915517773783333080689954481741,0xd65525f918d9957f6d72f34fe19b0819ca011207e4913d8a8f3855ab2b10ffd7,1772186434,2026-02-27T10:00:34+00:00,0.275,clob_prices_history
19092623696003297467569975421979058337700248600915517773783333080689954481741,0xd65525f918d9957f6d72f34fe19b0819ca011207e4913d8a8f3855ab2b10ffd7,1772187325,2026-02-27T10:15:25+00:00,0.275,clob_prices_history
19092623696003297467569975421979058337700248600915517773783333080689954481741,0xd65525f918d9957f6d72f34fe19b0819ca011207e4913d8a8f3855ab2b10ffd7,1772188247,2026-02-27T10:30:47+00:00,0.275,clob_prices_history
19092623696003297467569975421979058337700248600915517773783333080689954481741,0xd65525f918d9957f6d72f34fe19b0819ca011207e4913d8a8f3855ab2b10ffd7,1772189124,2026-02-27T10:45:24+00:00,0.275,clob_prices_history
19092623696003297467569975421979058337700248600915517773783333080689954481741,0xd65525f918d9957f6d72f34fe19b0819ca011207e4913d8a8f3855ab2b10ffd7,1772190036,2026-02-27T11:00:36+00:00,0.275,clob_prices_history
19092623696003297467569975421979058337700248600915517773783333080689954481741,0xd65525f918d9957f6d72f34fe19b0819ca011207e4913d8a8f3855ab2b10ffd7,1772190927,2026-02-27T11:15:27+00:00,0.275,clob_prices_history
19092623696003297467569975421979058337700248600915517773783333080689954481741,0xd65525f918d9957f6d72f34fe19b0819ca011207e4913d8a8f3855ab2b10ffd7,1772191833,2026-02-27T11:30:33+00:00,0.275,clob_prices_history
19092623696003297467569975421979058337700248600915517773783333080689954481741,0xd65525f918d9957f6d72f34fe19b0819ca011207e4913d8a8f3855ab2b10ffd7,1772192727,2026-02-27T11:45:27+00:00,0.275,clob_prices_history
19092623696003297467569975421979058337700248600915517773783333080689954481741,0xd65525f918d9957f6d72f34fe19b0819ca011207e4913d8a8f3855ab2b10ffd7,1772194524,2026-02-27T12:15:24+00:00,0.275,clob_prices_history
19092623696003297467569975421979058337700248600915517773783333080689954481741,0xd65525f918d9957f6d72f34fe19b0819ca011207e4913d8a8f3855ab2b10ffd7,1772195438,2026-02-27T12:30:38+00:00,0.275,clob_prices_history
19092623696003297467569975421979058337700248600915517773783333080689954481741,0xd65525f918d9957f6d72f34fe19b0819ca011207e4913d8a8f3855ab2b10ffd7,1772196324,2026-02-27T12:45:24+00:00,0.275,clob_prices_history
19092623696003297467569975421979058337700248600915517773783333080689954481741,0xd65525f918d9957f6d72f34fe19b0819ca011207e4913d8a8f3855ab2b10ffd7,1772197235,2026-02-27T13:00:35+00:00,0.275,clob_prices_history
19092623696003297467569975421979058337700248600915517773783333080689954481741,0xd65525f918d9957f6d72f34fe19b0819ca011207e4913d8a8f3855ab2b10ffd7,1772198130,2026-02-27T13:15:30+00:00,0.275,clob_prices_history
19092623696003297467569975421979058337700248600915517773783333080689954481741,0xd65525f918d9957f6d72f34fe19b0819ca011207e4913d8a8f3855ab2b10ffd7,1772199031,2026-02-27T13:30:31+00:00,0.275,clob_prices_history
19092623696003297467569975421979058337700248600915517773783333080689954481741,0xd65525f918d9957f6d72f34fe19b0819ca011207e4913d8a8f3855ab2b10ffd7,1772200833,2026-02-27T14:00:33+00:00,0.265,clob_prices_history
19092623696003297467569975421979058337700248600915517773783333080689954481741,0xd65525f918d9957f6d72f34fe19b0819ca011207e4913d8a8f3855ab2b10ffd7,1772201727,2026-02-27T14:15:27+00:00,0.265,clob_prices_history
19092623696003297467569975421979058337700248600915517773783333080689954481741,0xd65525f918d9957f6d72f34fe19b0819ca011207e4913d8a8f3855ab2b10ffd7,1772202634,2026-02-27T14:30:34+00:00,0.265,clob_prices_history
19092623696003297467569975421979058337700248600915517773783333080689954481741,0xd65525f918d9957f6d72f34fe19b0819ca011207e4913d8a8f3855ab2b10ffd7,1772203526,2026-02-27T14:45:26+00:00,0.265,clob_prices_history
19092623696003297467569975421979058337700248600915517773783333080689954481741,0xd65525f918d9957f6d72f34fe19b0819ca011207e4913d8a8f3855ab2b10ffd7,1772204444,2026-02-27T15:00:44+00:00,0.265,clob_prices_history
19092623696003297467569975421979058337700248600915517773783333080689954481741,0xd65525f918d9957f6d72f34fe19b0819ca011207e4913d8a8f3855ab2b10ffd7,1772205326,2026-02-27T15:15:26+00:00,0.265,clob_prices_history
19092623696003297467569975421979058337700248600915517773783333080689954481741,0xd65525f918d9957f6d72f34fe19b0819ca011207e4913d8a8f3855ab2b10ffd7,1772206238,2026-02-27T15:30:38+00:00,0.265,clob_prices_history
19092623696003297467569975421979058337700248600915517773783333080689954481741,0xd65525f918d9957f6d72f34fe19b0819ca011207e4913d8a8f3855ab2b10ffd7,1772207127,2026-02-27T15:45:27+00:00,0.265,clob_prices_history
19092623696003297467569975421979058337700248600915517773783333080689954481741,0xd65525f918d9957f6d72f34fe19b0819ca011207e4913d8a8f3855ab2b10ffd7,1772208045,2026-02-27T16:00:45+00:00,0.265,clob_prices_history
19092623696003297467569975421979058337700248600915517773783333080689954481741,0xd65525f918d9957f6d72f34fe19b0819ca011207e4913d8a8f3855ab2b10ffd7,1772208957,2026-02-27T16:15:57+00:00,0.265,clob_prices_history
19092623696003297467569975421979058337700248600915517773783333080689954481741,0xd65525f918d9957f6d72f34fe19b0819ca011207e4913d8a8f3855ab2b10ffd7,1772209833,2026-02-27T16:30:33+00:00,0.265,clob_prices_history
19092623696003297467569975421979058337700248600915517773783333080689954481741,0xd65525f918d9957f6d72f34fe19b0819ca011207e4913d8a8f3855ab2b10ffd7,1772210724,2026-02-27T16:45:24+00:00,0.265,clob_prices_history
19092623696003297467569975421979058337700248600915517773783333080689954481741,0xd65525f918d9957f6d72f34fe19b0819ca011207e4913d8a8f3855ab2b10ffd7,1772212528,2026-02-27T17:15:28+00:00,0.265,clob_prices_history
19092623696003297467569975421979058337700248600915517773783333080689954481741,0xd65525f918d9957f6d72f34fe19b0819ca011207e4913d8a8f3855ab2b10ffd7,1772213438,2026-02-27T17:30:38+00:00,0.265,clob_prices_history
19092623696003297467569975421979058337700248600915517773783333080689954481741,0xd65525f918d9957f6d72f34fe19b0819ca011207e4913d8a8f3855ab2b10ffd7,1772214324,2026-02-27T17:45:24+00:00,0.265,clob_prices_history
19092623696003297467569975421979058337700248600915517773783333080689954481741,0xd65525f918d9957f6d72f34fe19b0819ca011207e4913d8a8f3855ab2b10ffd7,1772215248,2026-02-27T18:00:48+00:00,0.265,clob_prices_history
19092623696003297467569975421979058337700248600915517773783333080689954481741,0xd65525f918d9957f6d72f34fe19b0819ca011207e4913d8a8f3855ab2b10ffd7,1772216126,2026-02-27T18:15:26+00:00,0.265,clob_prices_history
19092623696003297467569975421979058337700248600915517773783333080689954481741,0xd65525f918d9957f6d72f34fe19b0819ca011207e4913d8a8f3855ab2b10ffd7,1772217033,2026-02-27T18:30:33+00:00,0.265,clob_prices_history
19092623696003297467569975421979058337700248600915517773783333080689954481741,0xd65525f918d9957f6d72f34fe19b0819ca011207e4913d8a8f3855ab2b10ffd7,1772217925,2026-02-27T18:45:25+00:00,0.265,clob_prices_history
19092623696003297467569975421979058337700248600915517773783333080689954481741,0xd65525f918d9957f6d72f34fe19b0819ca011207e4913d8a8f3855ab2b10ffd7,1772218834,2026-02-27T19:00:34+00:00,0.265,clob_prices_history
19092623696003297467569975421979058337700248600915517773783333080689954481741,0xd65525f918d9957f6d72f34fe19b0819ca011207e4913d8a8f3855ab2b10ffd7,1772219739,2026-02-27T19:15:39+00:00,0.265,clob_prices_history
19092623696003297467569975421979058337700248600915517773783333080689954481741,0xd65525f918d9957f6d72f34fe19b0819ca011207e4913d8a8f3855ab2b10ffd7,1772220638,2026-02-27T19:30:38+00:00,0.265,clob_prices_history
19092623696003297467569975421979058337700248600915517773783333080689954481741,0xd65525f918d9957f6d72f34fe19b0819ca011207e4913d8a8f3855ab2b10ffd7,1772221527,2026-02-27T19:45:27+00:00,0.265,clob_prices_history
19092623696003297467569975421979058337700248600915517773783333080689954481741,0xd65525f918d9957f6d72f34fe19b0819ca011207e4913d8a8f3855ab2b10ffd7,1772222435,2026-02-27T20:00:35+00:00,0.265,clob_prices_history
19092623696003297467569975421979058337700248600915517773783333080689954481741,0xd65525f918d9957f6d72f34fe19b0819ca011207e4913d8a8f3855ab2b10ffd7,1772223328,2026-02-27T20:15:28+00:00,0.265,clob_prices_history
19092623696003297467569975421979058337700248600915517773783333080689954481741,0xd65525f918d9957f6d72f34fe19b0819ca011207e4913d8a8f3855ab2b10ffd7,1772224236,2026-02-27T20:30:36+00:00,0.265,clob_prices_history
19092623696003297467569975421979058337700248600915517773783333080689954481741,0xd65525f918d9957f6d72f34fe19b0819ca011207e4913d8a8f3855ab2b10ffd7,1772225143,2026-02-27T20:45:43+00:00,0.265,clob_prices_history
19092623696003297467569975421979058337700248600915517773783333080689954481741,0xd65525f918d9957f6d72f34fe19b0819ca011207e4913d8a8f3855ab2b10ffd7,1772226043,2026-02-27T21:00:43+00:00,0.265,clob_prices_history
19092623696003297467569975421979058337700248600915517773783333080689954481741,0xd65525f918d9957f6d72f34fe19b0819ca011207e4913d8a8f3855ab2b10ffd7,1772226934,2026-02-27T21:15:34+00:00,0.265,clob_prices_history
19092623696003297467569975421979058337700248600915517773783333080689954481741,0xd65525f918d9957f6d72f34fe19b0819ca011207e4913d8a8f3855ab2b10ffd7,1772227834,2026-02-27T21:30:34+00:00,0.265,clob_prices_history
19092623696003297467569975421979058337700248600915517773783333080689954481741,0xd65525f918d9957f6d72f34fe19b0819ca011207e4913d8a8f3855ab2b10ffd7,1772228727,2026-02-27T21:45:27+00:00,0.265,clob_prices_history
19092623696003297467569975421979058337700248600915517773783333080689954481741,0xd65525f918d9957f6d72f34fe19b0819ca011207e4913d8a8f3855ab2b10ffd7,1772229636,2026-02-27T22:00:36+00:00,0.265,clob_prices_history
19092623696003297467569975421979058337700248600915517773783333080689954481741,0xd65525f918d9957f6d72f34fe19b0819ca011207e4913d8a8f3855ab2b10ffd7,1772230528,2026-02-27T22:15:28+00:00,0.265,clob_prices_history
19092623696003297467569975421979058337700248600915517773783333080689954481741,0xd65525f918d9957f6d72f34fe19b0819ca011207e4913d8a8f3855ab2b10ffd7,1772231439,2026-02-27T22:30:39+00:00,0.265,clob_prices_history
19092623696003297467569975421979058337700248600915517773783333080689954481741,0xd65525f918d9957f6d72f34fe19b0819ca011207e4913d8a8f3855ab2b10ffd7,1772232328,2026-02-27T22:45:28+00:00,0.265,clob_prices_history
19092623696003297467569975421979058337700248600915517773783333080689954481741,0xd65525f918d9957f6d72f34fe19b0819ca011207e4913d8a8f3855ab2b10ffd7,1772233241,2026-02-27T23:00:41+00:00,0.265,clob_prices_history
19092623696003297467569975421979058337700248600915517773783333080689954481741,0xd65525f918d9957f6d72f34fe19b0819ca011207e4913d8a8f3855ab2b10ffd7,1772234139,2026-02-27T23:15:39+00:00,0.265,clob_prices_history
19092623696003297467569975421979058337700248600915517773783333080689954481741,0xd65525f918d9957f6d72f34fe19b0819ca011207e4913d8a8f3855ab2b10ffd7,1772235035,2026-02-27T23:30:35+00:00,0.265,clob_prices_history
19092623696003297467569975421979058337700248600915517773783333080689954481741,0xd65525f918d9957f6d72f34fe19b0819ca011207e4913d8a8f3855ab2b10ffd7,1772235929,2026-02-27T23:45:29+00:00,0.265,clob_prices_history
19092623696003297467569975421979058337700248600915517773783333080689954481741,0xd65525f918d9957f6d72f34fe19b0819ca011207e4913d8a8f3855ab2b10ffd7,1772236847,2026-02-28T00:00:47+00:00,0.265,clob_prices_history
19092623696003297467569975421979058337700248600915517773783333080689954481741,0xd65525f918d9957f6d72f34fe19b0819ca011207e4913d8a8f3855ab2b10ffd7,1772237752,2026-02-28T00:15:52+00:00,0.265,clob_prices_history
19092623696003297467569975421979058337700248600915517773783333080689954481741,0xd65525f918d9957f6d72f34fe19b0819ca011207e4913d8a8f3855ab2b10ffd7,1772238632,2026-02-28T00:30:32+00:00,0.265,clob_prices_history
19092623696003297467569975421979058337700248600915517773783333080689954481741,0xd65525f918d9957f6d72f34fe19b0819ca011207e4913d8a8f3855ab2b10ffd7,1772239529,2026-02-28T00:45:29+00:00,0.265,clob_prices_history
19092623696003297467569975421979058337700248600915517773783333080689954481741,0xd65525f918d9957f6d72f34fe19b0819ca011207e4913d8a8f3855ab2b10ffd7,1772240431,2026-02-28T01:00:31+00:00,0.265,clob_prices_history
19092623696003297467569975421979058337700248600915517773783333080689954481741,0xd65525f918d9957f6d72f34fe19b0819ca011207e4913d8a8f3855ab2b10ffd7,1772241328,2026-02-28T01:15:28+00:00,0.265,clob_prices_history
19092623696003297467569975421979058337700248600915517773783333080689954481741,0xd65525f918d9957f6d72f34fe19b0819ca011207e4913d8a8f3855ab2b10ffd7,1772242231,2026-02-28T01:30:31+00:00,0.265,clob_prices_history
19092623696003297467569975421979058337700248600915517773783333080689954481741,0xd65525f918d9957f6d72f34fe19b0819ca011207e4913d8a8f3855ab2b10ffd7,1772243130,2026-02-28T01:45:30+00:00,0.265,clob_prices_history
19092623696003297467569975421979058337700248600915517773783333080689954481741,0xd65525f918d9957f6d72f34fe19b0819ca011207e4913d8a8f3855ab2b10ffd7,1772244036,2026-02-28T02:00:36+00:00,0.265,clob_prices_history
19092623696003297467569975421979058337700248600915517773783333080689954481741,0xd65525f918d9957f6d72f34fe19b0819ca011207e4913d8a8f3855ab2b10ffd7,1772244930,2026-02-28T02:15:30+00:00,0.265,clob_prices_history
19092623696003297467569975421979058337700248600915517773783333080689954481741,0xd65525f918d9957f6d72f34fe19b0819ca011207e4913d8a8f3855ab2b10ffd7,1772245832,2026-02-28T02:30:32+00:00,0.265,clob_prices_history
19092623696003297467569975421979058337700248600915517773783333080689954481741,0xd65525f918d9957f6d72f34fe19b0819ca011207e4913d8a8f3855ab2b10ffd7,1772246729,2026-02-28T02:45:29+00:00,0.265,clob_prices_history
19092623696003297467569975421979058337700248600915517773783333080689954481741,0xd65525f918d9957f6d72f34fe19b0819ca011207e4913d8a8f3855ab2b10ffd7,1772247634,2026-02-28T03:00:34+00:00,0.265,clob_prices_history
19092623696003297467569975421979058337700248600915517773783333080689954481741,0xd65525f918d9957f6d72f34fe19b0819ca011207e4913d8a8f3855ab2b10ffd7,1772248535,2026-02-28T03:15:35+00:00,0.265,clob_prices_history
19092623696003297467569975421979058337700248600915517773783333080689954481741,0xd65525f918d9957f6d72f34fe19b0819ca011207e4913d8a8f3855ab2b10ffd7,1772249432,2026-02-28T03:30:32+00:00,0.265,clob_prices_history
19092623696003297467569975421979058337700248600915517773783333080689954481741,0xd65525f918d9957f6d72f34fe19b0819ca011207e4913d8a8f3855ab2b10ffd7,1772250328,2026-02-28T03:45:28+00:00,0.265,clob_prices_history
19092623696003297467569975421979058337700248600915517773783333080689954481741,0xd65525f918d9957f6d72f34fe19b0819ca011207e4913d8a8f3855ab2b10ffd7,1772251233,2026-02-28T04:00:33+00:00,0.265,clob_prices_history
19092623696003297467569975421979058337700248600915517773783333080689954481741,0xd65525f918d9957f6d72f34fe19b0819ca011207e4913d8a8f3855ab2b10ffd7,1772252128,2026-02-28T04:15:28+00:00,0.265,clob_prices_history
19092623696003297467569975421979058337700248600915517773783333080689954481741,0xd65525f918d9957f6d72f34fe19b0819ca011207e4913d8a8f3855ab2b10ffd7,1772253032,2026-02-28T04:30:32+00:00,0.265,clob_prices_history
19092623696003297467569975421979058337700248600915517773783333080689954481741,0xd65525f918d9957f6d72f34fe19b0819ca011207e4913d8a8f3855ab2b10ffd7,1772253900,2026-02-28T04:45:00+00:00,0.265,clob_prices_history
19092623696003297467569975421979058337700248600915517773783333080689954481741,0xd65525f918d9957f6d72f34fe19b0819ca011207e4913d8a8f3855ab2b10ffd7,1772253945,2026-02-28T04:45:45+00:00,0.265,clob_prices_history
19092623696003297467569975421979058337700248600915517773783333080689954481741,0xd65525f918d9957f6d72f34fe19b0819ca011207e4913d8a8f3855ab2b10ffd7,1772254832,2026-02-28T05:00:32+00:00,0.265,clob_prices_history
19092623696003297467569975421979058337700248600915517773783333080689954481741,0xd65525f918d9957f6d72f34fe19b0819ca011207e4913d8a8f3855ab2b10ffd7,1772255729,2026-02-28T05:15:29+00:00,0.265,clob_prices_history
19092623696003297467569975421979058337700248600915517773783333080689954481741,0xd65525f918d9957f6d72f34fe19b0819ca011207e4913d8a8f3855ab2b10ffd7,1772256634,2026-02-28T05:30:34+00:00,0.265,clob_prices_history
19092623696003297467569975421979058337700248600915517773783333080689954481741,0xd65525f918d9957f6d72f34fe19b0819ca011207e4913d8a8f3855ab2b10ffd7,1772257529,2026-02-28T05:45:29+00:00,0.265,clob_prices_history
19092623696003297467569975421979058337700248600915517773783333080689954481741,0xd65525f918d9957f6d72f34fe19b0819ca011207e4913d8a8f3855ab2b10ffd7,1772258439,2026-02-28T06:00:39+00:00,0.265,clob_prices_history
19092623696003297467569975421979058337700248600915517773783333080689954481741,0xd65525f918d9957f6d72f34fe19b0819ca011207e4913d8a8f3855ab2b10ffd7,1772259331,2026-02-28T06:15:31+00:00,0.265,clob_prices_history
19092623696003297467569975421979058337700248600915517773783333080689954481741,0xd65525f918d9957f6d72f34fe19b0819ca011207e4913d8a8f3855ab2b10ffd7,1772260233,2026-02-28T06:30:33+00:00,0.265,clob_prices_history
19092623696003297467569975421979058337700248600915517773783333080689954481741,0xd65525f918d9957f6d72f34fe19b0819ca011207e4913d8a8f3855ab2b10ffd7,1772261132,2026-02-28T06:45:32+00:00,0.265,clob_prices_history
19092623696003297467569975421979058337700248600915517773783333080689954481741,0xd65525f918d9957f6d72f34fe19b0819ca011207e4913d8a8f3855ab2b10ffd7,1772262037,2026-02-28T07:00:37+00:00,0.265,clob_prices_history
19092623696003297467569975421979058337700248600915517773783333080689954481741,0xd65525f918d9957f6d72f34fe19b0819ca011207e4913d8a8f3855ab2b10ffd7,1772262932,2026-02-28T07:15:32+00:00,0.265,clob_prices_history
19092623696003297467569975421979058337700248600915517773783333080689954481741,0xd65525f918d9957f6d72f34fe19b0819ca011207e4913d8a8f3855ab2b10ffd7,1772263833,2026-02-28T07:30:33+00:00,0.265,clob_prices_history
19092623696003297467569975421979058337700248600915517773783333080689954481741,0xd65525f918d9957f6d72f34fe19b0819ca011207e4913d8a8f3855ab2b10ffd7,1772264730,2026-02-28T07:45:30+00:00,0.265,clob_prices_history
19092623696003297467569975421979058337700248600915517773783333080689954481741,0xd65525f918d9957f6d72f34fe19b0819ca011207e4913d8a8f3855ab2b10ffd7,1772265643,2026-02-28T08:00:43+00:00,0.265,clob_prices_history
19092623696003297467569975421979058337700248600915517773783333080689954481741,0xd65525f918d9957f6d72f34fe19b0819ca011207e4913d8a8f3855ab2b10ffd7,1772266527,2026-02-28T08:15:27+00:00,0.265,clob_prices_history
19092623696003297467569975421979058337700248600915517773783333080689954481741,0xd65525f918d9957f6d72f34fe19b0819ca011207e4913d8a8f3855ab2b10ffd7,1772267408,2026-02-28T08:30:08+00:00,0.265,clob_prices_history
19092623696003297467569975421979058337700248600915517773783333080689954481741,0xd65525f918d9957f6d72f34fe19b0819ca011207e4913d8a8f3855ab2b10ffd7,1772267457,2026-02-28T08:30:57+00:00,0.265,clob_prices_history
19092623696003297467569975421979058337700248600915517773783333080689954481741,0xd65525f918d9957f6d72f34fe19b0819ca011207e4913d8a8f3855ab2b10ffd7,1772268330,2026-02-28T08:45:30+00:00,0.265,clob_prices_history
19092623696003297467569975421979058337700248600915517773783333080689954481741,0xd65525f918d9957f6d72f34fe19b0819ca011207e4913d8a8f3855ab2b10ffd7,1772270130,2026-02-28T09:15:30+00:00,0.265,clob_prices_history
19092623696003297467569975421979058337700248600915517773783333080689954481741,0xd65525f918d9957f6d72f34fe19b0819ca011207e4913d8a8f3855ab2b10ffd7,1772271036,2026-02-28T09:30:36+00:00,0.265,clob_prices_history
19092623696003297467569975421979058337700248600915517773783333080689954481741,0xd65525f918d9957f6d72f34fe19b0819ca011207e4913d8a8f3855ab2b10ffd7,1772271929,2026-02-28T09:45:29+00:00,0.265,clob_prices_history
19092623696003297467569975421979058337700248600915517773783333080689954481741,0xd65525f918d9957f6d72f34fe19b0819ca011207e4913d8a8f3855ab2b10ffd7,1772272837,2026-02-28T10:00:37+00:00,0.265,clob_prices_history
19092623696003297467569975421979058337700248600915517773783333080689954481741,0xd65525f918d9957f6d72f34fe19b0819ca011207e4913d8a8f3855ab2b10ffd7,1772273758,2026-02-28T10:15:58+00:00,0.265,clob_prices_history
19092623696003297467569975421979058337700248600915517773783333080689954481741,0xd65525f918d9957f6d72f34fe19b0819ca011207e4913d8a8f3855ab2b10ffd7,1772274631,2026-02-28T10:30:31+00:00,0.265,clob_prices_history
19092623696003297467569975421979058337700248600915517773783333080689954481741,0xd65525f918d9957f6d72f34fe19b0819ca011207e4913d8a8f3855ab2b10ffd7,1772275533,2026-02-28T10:45:33+00:00,0.265,clob_prices_history
19092623696003297467569975421979058337700248600915517773783333080689954481741,0xd65525f918d9957f6d72f34fe19b0819ca011207e4913d8a8f3855ab2b10ffd7,1772276433,2026-02-28T11:00:33+00:00,0.265,clob_prices_history
19092623696003297467569975421979058337700248600915517773783333080689954481741,0xd65525f918d9957f6d72f34fe19b0819ca011207e4913d8a8f3855ab2b10ffd7,1772277328,2026-02-28T11:15:28+00:00,0.265,clob_prices_history
19092623696003297467569975421979058337700248600915517773783333080689954481741,0xd65525f918d9957f6d72f34fe19b0819ca011207e4913d8a8f3855ab2b10ffd7,1772278233,2026-02-28T11:30:33+00:00,0.265,clob_prices_history
19092623696003297467569975421979058337700248600915517773783333080689954481741,0xd65525f918d9957f6d72f34fe19b0819ca011207e4913d8a8f3855ab2b10ffd7,1772279127,2026-02-28T11:45:27+00:00,0.265,clob_prices_history
19092623696003297467569975421979058337700248600915517773783333080689954481741,0xd65525f918d9957f6d72f34fe19b0819ca011207e4913d8a8f3855ab2b10ffd7,1772280929,2026-02-28T12:15:29+00:00,0.265,clob_prices_history
19092623696003297467569975421979058337700248600915517773783333080689954481741,0xd65525f918d9957f6d72f34fe19b0819ca011207e4913d8a8f3855ab2b10ffd7,1772281833,2026-02-28T12:30:33+00:00,0.265,clob_prices_history
19092623696003297467569975421979058337700248600915517773783333080689954481741,0xd65525f918d9957f6d72f34fe19b0819ca011207e4913d8a8f3855ab2b10ffd7,1772282738,2026-02-28T12:45:38+00:00,0.265,clob_prices_history
19092623696003297467569975421979058337700248600915517773783333080689954481741,0xd65525f918d9957f6d72f34fe19b0819ca011207e4913d8a8f3855ab2b10ffd7,1772283634,2026-02-28T13:00:34+00:00,0.265,clob_prices_history
19092623696003297467569975421979058337700248600915517773783333080689954481741,0xd65525f918d9957f6d72f34fe19b0819ca011207e4913d8a8f3855ab2b10ffd7,1772284529,2026-02-28T13:15:29+00:00,0.265,clob_prices_history
19092623696003297467569975421979058337700248600915517773783333080689954481741,0xd65525f918d9957f6d72f34fe19b0819ca011207e4913d8a8f3855ab2b10ffd7,1772285432,2026-02-28T13:30:32+00:00,0.265,clob_prices_history
19092623696003297467569975421979058337700248600915517773783333080689954481741,0xd65525f918d9957f6d72f34fe19b0819ca011207e4913d8a8f3855ab2b10ffd7,1772286333,2026-02-28T13:45:33+00:00,0.265,clob_prices_history
19092623696003297467569975421979058337700248600915517773783333080689954481741,0xd65525f918d9957f6d72f34fe19b0819ca011207e4913d8a8f3855ab2b10ffd7,1772287248,2026-02-28T14:00:48+00:00,0.265,clob_prices_history
19092623696003297467569975421979058337700248600915517773783333080689954481741,0xd65525f918d9957f6d72f34fe19b0819ca011207e4913d8a8f3855ab2b10ffd7,1772288129,2026-02-28T14:15:29+00:00,0.265,clob_prices_history
19092623696003297467569975421979058337700248600915517773783333080689954481741,0xd65525f918d9957f6d72f34fe19b0819ca011207e4913d8a8f3855ab2b10ffd7,1772289033,2026-02-28T14:30:33+00:00,0.265,clob_prices_history
19092623696003297467569975421979058337700248600915517773783333080689954481741,0xd65525f918d9957f6d72f34fe19b0819ca011207e4913d8a8f3855ab2b10ffd7,1772289931,2026-02-28T14:45:31+00:00,0.265,clob_prices_history
19092623696003297467569975421979058337700248600915517773783333080689954481741,0xd65525f918d9957f6d72f34fe19b0819ca011207e4913d8a8f3855ab2b10ffd7,1772290836,2026-02-28T15:00:36+00:00,0.275,clob_prices_history
19092623696003297467569975421979058337700248600915517773783333080689954481741,0xd65525f918d9957f6d72f34fe19b0819ca011207e4913d8a8f3855ab2b10ffd7,1772291735,2026-02-28T15:15:35+00:00,0.275,clob_prices_history
19092623696003297467569975421979058337700248600915517773783333080689954481741,0xd65525f918d9957f6d72f34fe19b0819ca011207e4913d8a8f3855ab2b10ffd7,1772292633,2026-02-28T15:30:33+00:00,0.275,clob_prices_history
19092623696003297467569975421979058337700248600915517773783333080689954481741,0xd65525f918d9957f6d72f34fe19b0819ca011207e4913d8a8f3855ab2b10ffd7,1772293531,2026-02-28T15:45:31+00:00,0.275,clob_prices_history
19092623696003297467569975421979058337700248600915517773783333080689954481741,0xd65525f918d9957f6d72f34fe19b0819ca011207e4913d8a8f3855ab2b10ffd7,1772294436,2026-02-28T16:00:36+00:00,0.275,clob_prices_history
19092623696003297467569975421979058337700248600915517773783333080689954481741,0xd65525f918d9957f6d72f34fe19b0819ca011207e4913d8a8f3855ab2b10ffd7,1772295331,2026-02-28T16:15:31+00:00,0.275,clob_prices_history
19092623696003297467569975421979058337700248600915517773783333080689954481741,0xd65525f918d9957f6d72f34fe19b0819ca011207e4913d8a8f3855ab2b10ffd7,1772298937,2026-02-28T17:15:37+00:00,0.275,clob_prices_history
19092623696003297467569975421979058337700248600915517773783333080689954481741,0xd65525f918d9957f6d72f34fe19b0819ca011207e4913d8a8f3855ab2b10ffd7,1772299834,2026-02-28T17:30:34+00:00,0.275,clob_prices_history
19092623696003297467569975421979058337700248600915517773783333080689954481741,0xd65525f918d9957f6d72f34fe19b0819ca011207e4913d8a8f3855ab2b10ffd7,1772300732,2026-02-28T17:45:32+00:00,0.275,clob_prices_history
19092623696003297467569975421979058337700248600915517773783333080689954481741,0xd65525f918d9957f6d72f34fe19b0819ca011207e4913d8a8f3855ab2b10ffd7,1772301638,2026-02-28T18:00:38+00:00,0.275,clob_prices_history
19092623696003297467569975421979058337700248600915517773783333080689954481741,0xd65525f918d9957f6d72f34fe19b0819ca011207e4913d8a8f3855ab2b10ffd7,1772303436,2026-02-28T18:30:36+00:00,0.275,clob_prices_history
19092623696003297467569975421979058337700248600915517773783333080689954481741,0xd65525f918d9957f6d72f34fe19b0819ca011207e4913d8a8f3855ab2b10ffd7,1772304336,2026-02-28T18:45:36+00:00,0.275,clob_prices_history
19092623696003297467569975421979058337700248600915517773783333080689954481741,0xd65525f918d9957f6d72f34fe19b0819ca011207e4913d8a8f3855ab2b10ffd7,1772305236,2026-02-28T19:00:36+00:00,0.275,clob_prices_history
19092623696003297467569975421979058337700248600915517773783333080689954481741,0xd65525f918d9957f6d72f34fe19b0819ca011207e4913d8a8f3855ab2b10ffd7,1772306131,2026-02-28T19:15:31+00:00,0.275,clob_prices_history
19092623696003297467569975421979058337700248600915517773783333080689954481741,0xd65525f918d9957f6d72f34fe19b0819ca011207e4913d8a8f3855ab2b10ffd7,1772307034,2026-02-28T19:30:34+00:00,0.275,clob_prices_history
19092623696003297467569975421979058337700248600915517773783333080689954481741,0xd65525f918d9957f6d72f34fe19b0819ca011207e4913d8a8f3855ab2b10ffd7,1772307930,2026-02-28T19:45:30+00:00,0.275,clob_prices_history
19092623696003297467569975421979058337700248600915517773783333080689954481741,0xd65525f918d9957f6d72f34fe19b0819ca011207e4913d8a8f3855ab2b10ffd7,1772308836,2026-02-28T20:00:36+00:00,0.275,clob_prices_history
19092623696003297467569975421979058337700248600915517773783333080689954481741,0xd65525f918d9957f6d72f34fe19b0819ca011207e4913d8a8f3855ab2b10ffd7,1772309732,2026-02-28T20:15:32+00:00,0.285,clob_prices_history
19092623696003297467569975421979058337700248600915517773783333080689954481741,0xd65525f918d9957f6d72f34fe19b0819ca011207e4913d8a8f3855ab2b10ffd7,1772311531,2026-02-28T20:45:31+00:00,0.285,clob_prices_history
19092623696003297467569975421979058337700248600915517773783333080689954481741,0xd65525f918d9957f6d72f34fe19b0819ca011207e4913d8a8f3855ab2b10ffd7,1772312438,2026-02-28T21:00:38+00:00,0.285,clob_prices_history
19092623696003297467569975421979058337700248600915517773783333080689954481741,0xd65525f918d9957f6d72f34fe19b0819ca011207e4913d8a8f3855ab2b10ffd7,1772313330,2026-02-28T21:15:30+00:00,0.285,clob_prices_history
19092623696003297467569975421979058337700248600915517773783333080689954481741,0xd65525f918d9957f6d72f34fe19b0819ca011207e4913d8a8f3855ab2b10ffd7,1772315130,2026-02-28T21:45:30+00:00,0.285,clob_prices_history
19092623696003297467569975421979058337700248600915517773783333080689954481741,0xd65525f918d9957f6d72f34fe19b0819ca011207e4913d8a8f3855ab2b10ffd7,1772316039,2026-02-28T22:00:39+00:00,0.285,clob_prices_history
19092623696003297467569975421979058337700248600915517773783333080689954481741,0xd65525f918d9957f6d72f34fe19b0819ca011207e4913d8a8f3855ab2b10ffd7,1772316930,2026-02-28T22:15:30+00:00,0.285,clob_prices_history
19092623696003297467569975421979058337700248600915517773783333080689954481741,0xd65525f918d9957f6d72f34fe19b0819ca011207e4913d8a8f3855ab2b10ffd7,1772317834,2026-02-28T22:30:34+00:00,0.285,clob_prices_history
19092623696003297467569975421979058337700248600915517773783333080689954481741,0xd65525f918d9957f6d72f34fe19b0819ca011207e4913d8a8f3855ab2b10ffd7,1772318728,2026-02-28T22:45:28+00:00,0.285,clob_prices_history
19092623696003297467569975421979058337700248600915517773783333080689954481741,0xd65525f918d9957f6d72f34fe19b0819ca011207e4913d8a8f3855ab2b10ffd7,1772319633,2026-02-28T23:00:33+00:00,0.285,clob_prices_history
19092623696003297467569975421979058337700248600915517773783333080689954481741,0xd65525f918d9957f6d72f34fe19b0819ca011207e4913d8a8f3855ab2b10ffd7,1772320530,2026-02-28T23:15:30+00:00,0.285,clob_prices_history
19092623696003297467569975421979058337700248600915517773783333080689954481741,0xd65525f918d9957f6d72f34fe19b0819ca011207e4913d8a8f3855ab2b10ffd7,1772321437,2026-02-28T23:30:37+00:00,0.285,clob_prices_history
19092623696003297467569975421979058337700248600915517773783333080689954481741,0xd65525f918d9957f6d72f34fe19b0819ca011207e4913d8a8f3855ab2b10ffd7,1772322329,2026-02-28T23:45:29+00:00,0.285,clob_prices_history
