asset,conditionId,timestamp,timestamp_utc,price,source
112418822297470572658312548631220776645321771603729476024056332596414394278374,0x0c38dd9305e3205557885183f0730270779e7e426b0ec3e7743f23963b6d6e4a,1771261227,2026-02-16T17:00:27+00:00,0.8,clob_prices_history
112418822297470572658312548631220776645321771603729476024056332596414394278374,0x0c38dd9305e3205557885183f0730270779e7e426b0ec3e7743f23963b6d6e4a,1771262122,2026-02-16T17:15:22+00:00,0.875,clob_prices_history
112418822297470572658312548631220776645321771603729476024056332596414394278374,0x0c38dd9305e3205557885183f0730270779e7e426b0ec3e7743f23963b6d6e4a,1771263029,2026-02-16T17:30:29+00:00,0.865,clob_prices_history
112418822297470572658312548631220776645321771603729476024056332596414394278374,0x0c38dd9305e3205557885183f0730270779e7e426b0ec3e7743f23963b6d6e4a,1771263921,2026-02-16T17:45:21+00:00,0.88,clob_prices_history
112418822297470572658312548631220776645321771603729476024056332596414394278374,0x0c38dd9305e3205557885183f0730270779e7e426b0ec3e7743f23963b6d6e4a,1771264851,2026-02-16T18:00:51+00:00,0.9,clob_prices_history
112418822297470572658312548631220776645321771603729476024056332596414394278374,0x0c38dd9305e3205557885183f0730270779e7e426b0ec3e7743f23963b6d6e4a,1771265721,2026-02-16T18:15:21+00:00,0.885,clob_prices_history
112418822297470572658312548631220776645321771603729476024056332596414394278374,0x0c38dd9305e3205557885183f0730270779e7e426b0ec3e7743f23963b6d6e4a,1771266629,2026-02-16T18:30:29+00:00,0.89,clob_prices_history
112418822297470572658312548631220776645321771603729476024056332596414394278374,0x0c38dd9305e3205557885183f0730270779e7e426b0ec3e7743f23963b6d6e4a,1771267521,2026-02-16T18:45:21+00:00,0.895,clob_prices_history
112418822297470572658312548631220776645321771603729476024056332596414394278374,0x0c38dd9305e3205557885183f0730270779e7e426b0ec3e7743f23963b6d6e4a,1771268429,2026-02-16T19:00:29+00:00,0.895,clob_prices_history
112418822297470572658312548631220776645321771603729476024056332596414394278374,0x0c38dd9305e3205557885183f0730270779e7e426b0ec3e7743f23963b6d6e4a,1771269322,2026-02-16T19:15:22+00:00,0.91,clob_prices_history
112418822297470572658312548631220776645321771603729476024056332596414394278374,0x0c38dd9305e3205557885183f0730270779e7e426b0ec3e7743f23963b6d6e4a,1771270228,2026-02-16T19:30:28+00:00,0.91,clob_prices_history
112418822297470572658312548631220776645321771603729476024056332596414394278374,0x0c38dd9305e3205557885183f0730270779e7e426b0ec3e7743f23963b6d6e4a,1771271128,2026-02-16T19:45:28+00:00,0.91,clob_prices_history
112418822297470572658312548631220776645321771603729476024056332596414394278374,0x0c38dd9305e3205557885183f0730270779e7e426b0ec3e7743f23963b6d6e4a,1771272028,2026-02-16T20:00:28+00:00,0.9,clob_prices_history
112418822297470572658312548631220776645321771603729476024056332596414394278374,0x0c38dd9305e3205557885183f0730270779e7e426b0ec3e7743f23963b6d6e4a,1771272923,2026-02-16T20:15:23+00:00,0.895,clob_prices_history
112418822297470572658312548631220776645321771603729476024056332596414394278374,0x0c38dd9305e3205557885183f0730270779e7e426b0ec3e7743f23963b6d6e4a,1771273838,2026-02-16T20:30:38+00:00,0.9,clob_prices_history
112418822297470572658312548631220776645321771603729476024056332596414394278374,0x0c38dd9305e3205557885183f0730270779e7e426b0ec3e7743f23963b6d6e4a,1771274722,2026-02-16T20:45:22+00:00,0.905,clob_prices_history
112418822297470572658312548631220776645321771603729476024056332596414394278374,0x0c38dd9305e3205557885183f0730270779e7e426b0ec3e7743f23963b6d6e4a,1771275650,2026-02-16T21:00:50+00:00,0.92,clob_prices_history
112418822297470572658312548631220776645321771603729476024056332596414394278374,0x0c38dd9305e3205557885183f0730270779e7e426b0ec3e7743f23963b6d6e4a,1771276522,2026-02-16T21:15:22+00:00,0.905,clob_prices_history
112418822297470572658312548631220776645321771603729476024056332596414394278374,0x0c38dd9305e3205557885183f0730270779e7e426b0ec3e7743f23963b6d6e4a,1771277427,2026-02-16T21:30:27+00:00,0.905,clob_prices_history
112418822297470572658312548631220776645321771603729476024056332596414394278374,0x0c38dd9305e3205557885183f0730270779e7e426b0ec3e7743f23963b6d6e4a,1771278334,2026-02-16T21:45:34+00:00,0.905,clob_prices_history
112418822297470572658312548631220776645321771603729476024056332596414394278374,0x0c38dd9305e3205557885183f0730270779e7e426b0ec3e7743f23963b6d6e4a,1771279236,2026-02-16T22:00:36+00:00,0.905,clob_prices_history
112418822297470572658312548631220776645321771603729476024056332596414394278374,0x0c38dd9305e3205557885183f0730270779e7e426b0ec3e7743f23963b6d6e4a,1771280131,2026-02-16T22:15:31+00:00,0.905,clob_prices_history
112418822297470572658312548631220776645321771603729476024056332596414394278374,0x0c38dd9305e3205557885183f0730270779e7e426b0ec3e7743f23963b6d6e4a,1771281027,2026-02-16T22:30:27+00:00,0.905,clob_prices_history
112418822297470572658312548631220776645321771603729476024056332596414394278374,0x0c38dd9305e3205557885183f0730270779e7e426b0ec3e7743f23963b6d6e4a,1771281920,2026-02-16T22:45:20+00:00,0.91,clob_prices_history
112418822297470572658312548631220776645321771603729476024056332596414394278374,0x0c38dd9305e3205557885183f0730270779e7e426b0ec3e7743f23963b6d6e4a,1771282827,2026-02-16T23:00:27+00:00,0.905,clob_prices_history
112418822297470572658312548631220776645321771603729476024056332596414394278374,0x0c38dd9305e3205557885183f0730270779e7e426b0ec3e7743f23963b6d6e4a,1771283720,2026-02-16T23:15:20+00:00,0.91,clob_prices_history
112418822297470572658312548631220776645321771603729476024056332596414394278374,0x0c38dd9305e3205557885183f0730270779e7e426b0ec3e7743f23963b6d6e4a,1771284637,2026-02-16T23:30:37+00:00,0.905,clob_prices_history
112418822297470572658312548631220776645321771603729476024056332596414394278374,0x0c38dd9305e3205557885183f0730270779e7e426b0ec3e7743f23963b6d6e4a,1771285523,2026-02-16T23:45:23+00:00,0.905,clob_prices_history
112418822297470572658312548631220776645321771603729476024056332596414394278374,0x0c38dd9305e3205557885183f0730270779e7e426b0ec3e7743f23963b6d6e4a,1771286457,2026-02-17T00:00:57+00:00,0.905,clob_prices_history
112418822297470572658312548631220776645321771603729476024056332596414394278374,0x0c38dd9305e3205557885183f0730270779e7e426b0ec3e7743f23963b6d6e4a,1771287321,2026-02-17T00:15:21+00:00,0.905,clob_prices_history
112418822297470572658312548631220776645321771603729476024056332596414394278374,0x0c38dd9305e3205557885183f0730270779e7e426b0ec3e7743f23963b6d6e4a,1771288228,2026-02-17T00:30:28+00:00,0.905,clob_prices_history
112418822297470572658312548631220776645321771603729476024056332596414394278374,0x0c38dd9305e3205557885183f0730270779e7e426b0ec3e7743f23963b6d6e4a,1771289134,2026-02-17T00:45:34+00:00,0.9,clob_prices_history
112418822297470572658312548631220776645321771603729476024056332596414394278374,0x0c38dd9305e3205557885183f0730270779e7e426b0ec3e7743f23963b6d6e4a,1771290032,2026-02-17T01:00:32+00:00,0.9,clob_prices_history
112418822297470572658312548631220776645321771603729476024056332596414394278374,0x0c38dd9305e3205557885183f0730270779e7e426b0ec3e7743f23963b6d6e4a,1771290945,2026-02-17T01:15:45+00:00,0.9,clob_prices_history
112418822297470572658312548631220776645321771603729476024056332596414394278374,0x0c38dd9305e3205557885183f0730270779e7e426b0ec3e7743f23963b6d6e4a,1771291828,2026-02-17T01:30:28+00:00,0.9,clob_prices_history
112418822297470572658312548631220776645321771603729476024056332596414394278374,0x0c38dd9305e3205557885183f0730270779e7e426b0ec3e7743f23963b6d6e4a,1771292733,2026-02-17T01:45:33+00:00,0.9,clob_prices_history
112418822297470572658312548631220776645321771603729476024056332596414394278374,0x0c38dd9305e3205557885183f0730270779e7e426b0ec3e7743f23963b6d6e4a,1771293627,2026-02-17T02:00:27+00:00,0.9,clob_prices_history
112418822297470572658312548631220776645321771603729476024056332596414394278374,0x0c38dd9305e3205557885183f0730270779e7e426b0ec3e7743f23963b6d6e4a,1771294550,2026-02-17T02:15:50+00:00,0.9,clob_prices_history
112418822297470572658312548631220776645321771603729476024056332596414394278374,0x0c38dd9305e3205557885183f0730270779e7e426b0ec3e7743f23963b6d6e4a,1771295427,2026-02-17T02:30:27+00:00,0.9,clob_prices_history
112418822297470572658312548631220776645321771603729476024056332596414394278374,0x0c38dd9305e3205557885183f0730270779e7e426b0ec3e7743f23963b6d6e4a,1771296333,2026-02-17T02:45:33+00:00,0.895,clob_prices_history
112418822297470572658312548631220776645321771603729476024056332596414394278374,0x0c38dd9305e3205557885183f0730270779e7e426b0ec3e7743f23963b6d6e4a,1771297246,2026-02-17T03:00:46+00:00,0.895,clob_prices_history
112418822297470572658312548631220776645321771603729476024056332596414394278374,0x0c38dd9305e3205557885183f0730270779e7e426b0ec3e7743f23963b6d6e4a,1771298122,2026-02-17T03:15:22+00:00,0.895,clob_prices_history
112418822297470572658312548631220776645321771603729476024056332596414394278374,0x0c38dd9305e3205557885183f0730270779e7e426b0ec3e7743f23963b6d6e4a,1771299031,2026-02-17T03:30:31+00:00,0.895,clob_prices_history
112418822297470572658312548631220776645321771603729476024056332596414394278374,0x0c38dd9305e3205557885183f0730270779e7e426b0ec3e7743f23963b6d6e4a,1771299921,2026-02-17T03:45:21+00:00,0.895,clob_prices_history
112418822297470572658312548631220776645321771603729476024056332596414394278374,0x0c38dd9305e3205557885183f0730270779e7e426b0ec3e7743f23963b6d6e4a,1771300833,2026-02-17T04:00:33+00:00,0.905,clob_prices_history
112418822297470572658312548631220776645321771603729476024056332596414394278374,0x0c38dd9305e3205557885183f0730270779e7e426b0ec3e7743f23963b6d6e4a,1771301722,2026-02-17T04:15:22+00:00,0.9,clob_prices_history
112418822297470572658312548631220776645321771603729476024056332596414394278374,0x0c38dd9305e3205557885183f0730270779e7e426b0ec3e7743f23963b6d6e4a,1771302626,2026-02-17T04:30:26+00:00,0.9,clob_prices_history
112418822297470572658312548631220776645321771603729476024056332596414394278374,0x0c38dd9305e3205557885183f0730270779e7e426b0ec3e7743f23963b6d6e4a,1771303521,2026-02-17T04:45:21+00:00,0.9,clob_prices_history
112418822297470572658312548631220776645321771603729476024056332596414394278374,0x0c38dd9305e3205557885183f0730270779e7e426b0ec3e7743f23963b6d6e4a,1771304426,2026-02-17T05:00:26+00:00,0.9,clob_prices_history
112418822297470572658312548631220776645321771603729476024056332596414394278374,0x0c38dd9305e3205557885183f0730270779e7e426b0ec3e7743f23963b6d6e4a,1771305354,2026-02-17T05:15:54+00:00,0.9,clob_prices_history
112418822297470572658312548631220776645321771603729476024056332596414394278374,0x0c38dd9305e3205557885183f0730270779e7e426b0ec3e7743f23963b6d6e4a,1771306227,2026-02-17T05:30:27+00:00,0.9,clob_prices_history
112418822297470572658312548631220776645321771603729476024056332596414394278374,0x0c38dd9305e3205557885183f0730270779e7e426b0ec3e7743f23963b6d6e4a,1771307127,2026-02-17T05:45:27+00:00,0.9,clob_prices_history
112418822297470572658312548631220776645321771603729476024056332596414394278374,0x0c38dd9305e3205557885183f0730270779e7e426b0ec3e7743f23963b6d6e4a,1771308047,2026-02-17T06:00:47+00:00,0.9,clob_prices_history
112418822297470572658312548631220776645321771603729476024056332596414394278374,0x0c38dd9305e3205557885183f0730270779e7e426b0ec3e7743f23963b6d6e4a,1771308922,2026-02-17T06:15:22+00:00,0.9,clob_prices_history
112418822297470572658312548631220776645321771603729476024056332596414394278374,0x0c38dd9305e3205557885183f0730270779e7e426b0ec3e7743f23963b6d6e4a,1771309828,2026-02-17T06:30:28+00:00,0.9,clob_prices_history
112418822297470572658312548631220776645321771603729476024056332596414394278374,0x0c38dd9305e3205557885183f0730270779e7e426b0ec3e7743f23963b6d6e4a,1771310723,2026-02-17T06:45:23+00:00,0.9,clob_prices_history
112418822297470572658312548631220776645321771603729476024056332596414394278374,0x0c38dd9305e3205557885183f0730270779e7e426b0ec3e7743f23963b6d6e4a,1771311628,2026-02-17T07:00:28+00:00,0.9,clob_prices_history
112418822297470572658312548631220776645321771603729476024056332596414394278374,0x0c38dd9305e3205557885183f0730270779e7e426b0ec3e7743f23963b6d6e4a,1771312528,2026-02-17T07:15:28+00:00,0.9,clob_prices_history
112418822297470572658312548631220776645321771603729476024056332596414394278374,0x0c38dd9305e3205557885183f0730270779e7e426b0ec3e7743f23963b6d6e4a,1771313427,2026-02-17T07:30:27+00:00,0.9,clob_prices_history
112418822297470572658312548631220776645321771603729476024056332596414394278374,0x0c38dd9305e3205557885183f0730270779e7e426b0ec3e7743f23963b6d6e4a,1771314322,2026-02-17T07:45:22+00:00,0.9,clob_prices_history
112418822297470572658312548631220776645321771603729476024056332596414394278374,0x0c38dd9305e3205557885183f0730270779e7e426b0ec3e7743f23963b6d6e4a,1771315240,2026-02-17T08:00:40+00:00,0.9,clob_prices_history
112418822297470572658312548631220776645321771603729476024056332596414394278374,0x0c38dd9305e3205557885183f0730270779e7e426b0ec3e7743f23963b6d6e4a,1771316127,2026-02-17T08:15:27+00:00,0.9,clob_prices_history
112418822297470572658312548631220776645321771603729476024056332596414394278374,0x0c38dd9305e3205557885183f0730270779e7e426b0ec3e7743f23963b6d6e4a,1771317028,2026-02-17T08:30:28+00:00,0.9,clob_prices_history
112418822297470572658312548631220776645321771603729476024056332596414394278374,0x0c38dd9305e3205557885183f0730270779e7e426b0ec3e7743f23963b6d6e4a,1771317922,2026-02-17T08:45:22+00:00,0.9,clob_prices_history
112418822297470572658312548631220776645321771603729476024056332596414394278374,0x0c38dd9305e3205557885183f0730270779e7e426b0ec3e7743f23963b6d6e4a,1771318847,2026-02-17T09:00:47+00:00,0.9,clob_prices_history
112418822297470572658312548631220776645321771603729476024056332596414394278374,0x0c38dd9305e3205557885183f0730270779e7e426b0ec3e7743f23963b6d6e4a,1771319721,2026-02-17T09:15:21+00:00,0.9,clob_prices_history
112418822297470572658312548631220776645321771603729476024056332596414394278374,0x0c38dd9305e3205557885183f0730270779e7e426b0ec3e7743f23963b6d6e4a,1771320627,2026-02-17T09:30:27+00:00,0.905,clob_prices_history
112418822297470572658312548631220776645321771603729476024056332596414394278374,0x0c38dd9305e3205557885183f0730270779e7e426b0ec3e7743f23963b6d6e4a,1771321523,2026-02-17T09:45:23+00:00,0.905,clob_prices_history
112418822297470572658312548631220776645321771603729476024056332596414394278374,0x0c38dd9305e3205557885183f0730270779e7e426b0ec3e7743f23963b6d6e4a,1771322432,2026-02-17T10:00:32+00:00,0.905,clob_prices_history
112418822297470572658312548631220776645321771603729476024056332596414394278374,0x0c38dd9305e3205557885183f0730270779e7e426b0ec3e7743f23963b6d6e4a,1771323323,2026-02-17T10:15:23+00:00,0.905,clob_prices_history
112418822297470572658312548631220776645321771603729476024056332596414394278374,0x0c38dd9305e3205557885183f0730270779e7e426b0ec3e7743f23963b6d6e4a,1771324229,2026-02-17T10:30:29+00:00,0.905,clob_prices_history
112418822297470572658312548631220776645321771603729476024056332596414394278374,0x0c38dd9305e3205557885183f0730270779e7e426b0ec3e7743f23963b6d6e4a,1771325127,2026-02-17T10:45:27+00:00,0.905,clob_prices_history
112418822297470572658312548631220776645321771603729476024056332596414394278374,0x0c38dd9305e3205557885183f0730270779e7e426b0ec3e7743f23963b6d6e4a,1771326027,2026-02-17T11:00:27+00:00,0.905,clob_prices_history
112418822297470572658312548631220776645321771603729476024056332596414394278374,0x0c38dd9305e3205557885183f0730270779e7e426b0ec3e7743f23963b6d6e4a,1771326922,2026-02-17T11:15:22+00:00,0.905,clob_prices_history
112418822297470572658312548631220776645321771603729476024056332596414394278374,0x0c38dd9305e3205557885183f0730270779e7e426b0ec3e7743f23963b6d6e4a,1771327831,2026-02-17T11:30:31+00:00,0.905,clob_prices_history
112418822297470572658312548631220776645321771603729476024056332596414394278374,0x0c38dd9305e3205557885183f0730270779e7e426b0ec3e7743f23963b6d6e4a,1771328721,2026-02-17T11:45:21+00:00,0.905,clob_prices_history
112418822297470572658312548631220776645321771603729476024056332596414394278374,0x0c38dd9305e3205557885183f0730270779e7e426b0ec3e7743f23963b6d6e4a,1771330521,2026-02-17T12:15:21+00:00,0.905,clob_prices_history
112418822297470572658312548631220776645321771603729476024056332596414394278374,0x0c38dd9305e3205557885183f0730270779e7e426b0ec3e7743f23963b6d6e4a,1771332322,2026-02-17T12:45:22+00:00,0.905,clob_prices_history
112418822297470572658312548631220776645321771603729476024056332596414394278374,0x0c38dd9305e3205557885183f0730270779e7e426b0ec3e7743f23963b6d6e4a,1771333228,2026-02-17T13:00:28+00:00,0.905,clob_prices_history
112418822297470572658312548631220776645321771603729476024056332596414394278374,0x0c38dd9305e3205557885183f0730270779e7e426b0ec3e7743f23963b6d6e4a,1771334121,2026-02-17T13:15:21+00:00,0.905,clob_prices_history
112418822297470572658312548631220776645321771603729476024056332596414394278374,0x0c38dd9305e3205557885183f0730270779e7e426b0ec3e7743f23963b6d6e4a,1771335029,2026-02-17T13:30:29+00:00,0.905,clob_prices_history
112418822297470572658312548631220776645321771603729476024056332596414394278374,0x0c38dd9305e3205557885183f0730270779e7e426b0ec3e7743f23963b6d6e4a,1771336827,2026-02-17T14:00:27+00:00,0.905,clob_prices_history
112418822297470572658312548631220776645321771603729476024056332596414394278374,0x0c38dd9305e3205557885183f0730270779e7e426b0ec3e7743f23963b6d6e4a,1771337727,2026-02-17T14:15:27+00:00,0.905,clob_prices_history
112418822297470572658312548631220776645321771603729476024056332596414394278374,0x0c38dd9305e3205557885183f0730270779e7e426b0ec3e7743f23963b6d6e4a,1771338629,2026-02-17T14:30:29+00:00,0.895,clob_prices_history
112418822297470572658312548631220776645321771603729476024056332596414394278374,0x0c38dd9305e3205557885183f0730270779e7e426b0ec3e7743f23963b6d6e4a,1771339522,2026-02-17T14:45:22+00:00,0.895,clob_prices_history
112418822297470572658312548631220776645321771603729476024056332596414394278374,0x0c38dd9305e3205557885183f0730270779e7e426b0ec3e7743f23963b6d6e4a,1771340458,2026-02-17T15:00:58+00:00,0.895,clob_prices_history
112418822297470572658312548631220776645321771603729476024056332596414394278374,0x0c38dd9305e3205557885183f0730270779e7e426b0ec3e7743f23963b6d6e4a,1771341323,2026-02-17T15:15:23+00:00,0.895,clob_prices_history
112418822297470572658312548631220776645321771603729476024056332596414394278374,0x0c38dd9305e3205557885183f0730270779e7e426b0ec3e7743f23963b6d6e4a,1771342236,2026-02-17T15:30:36+00:00,0.895,clob_prices_history
112418822297470572658312548631220776645321771603729476024056332596414394278374,0x0c38dd9305e3205557885183f0730270779e7e426b0ec3e7743f23963b6d6e4a,1771343124,2026-02-17T15:45:24+00:00,0.89,clob_prices_history
112418822297470572658312548631220776645321771603729476024056332596414394278374,0x0c38dd9305e3205557885183f0730270779e7e426b0ec3e7743f23963b6d6e4a,1771344028,2026-02-17T16:00:28+00:00,0.89,clob_prices_history
112418822297470572658312548631220776645321771603729476024056332596414394278374,0x0c38dd9305e3205557885183f0730270779e7e426b0ec3e7743f23963b6d6e4a,1771344928,2026-02-17T16:15:28+00:00,0.89,clob_prices_history
112418822297470572658312548631220776645321771603729476024056332596414394278374,0x0c38dd9305e3205557885183f0730270779e7e426b0ec3e7743f23963b6d6e4a,1771345828,2026-02-17T16:30:28+00:00,0.89,clob_prices_history
112418822297470572658312548631220776645321771603729476024056332596414394278374,0x0c38dd9305e3205557885183f0730270779e7e426b0ec3e7743f23963b6d6e4a,1771346729,2026-02-17T16:45:29+00:00,0.89,clob_prices_history
112418822297470572658312548631220776645321771603729476024056332596414394278374,0x0c38dd9305e3205557885183f0730270779e7e426b0ec3e7743f23963b6d6e4a,1771347657,2026-02-17T17:00:57+00:00,0.89,clob_prices_history
112418822297470572658312548631220776645321771603729476024056332596414394278374,0x0c38dd9305e3205557885183f0730270779e7e426b0ec3e7743f23963b6d6e4a,1771348522,2026-02-17T17:15:22+00:00,0.89,clob_prices_history
112418822297470572658312548631220776645321771603729476024056332596414394278374,0x0c38dd9305e3205557885183f0730270779e7e426b0ec3e7743f23963b6d6e4a,1771349441,2026-02-17T17:30:41+00:00,0.89,clob_prices_history
112418822297470572658312548631220776645321771603729476024056332596414394278374,0x0c38dd9305e3205557885183f0730270779e7e426b0ec3e7743f23963b6d6e4a,1771350325,2026-02-17T17:45:25+00:00,0.89,clob_prices_history
112418822297470572658312548631220776645321771603729476024056332596414394278374,0x0c38dd9305e3205557885183f0730270779e7e426b0ec3e7743f23963b6d6e4a,1771351259,2026-02-17T18:00:59+00:00,0.89,clob_prices_history
112418822297470572658312548631220776645321771603729476024056332596414394278374,0x0c38dd9305e3205557885183f0730270779e7e426b0ec3e7743f23963b6d6e4a,1771352121,2026-02-17T18:15:21+00:00,0.89,clob_prices_history
112418822297470572658312548631220776645321771603729476024056332596414394278374,0x0c38dd9305e3205557885183f0730270779e7e426b0ec3e7743f23963b6d6e4a,1771353028,2026-02-17T18:30:28+00:00,0.89,clob_prices_history
112418822297470572658312548631220776645321771603729476024056332596414394278374,0x0c38dd9305e3205557885183f0730270779e7e426b0ec3e7743f23963b6d6e4a,1771353921,2026-02-17T18:45:21+00:00,0.89,clob_prices_history
112418822297470572658312548631220776645321771603729476024056332596414394278374,0x0c38dd9305e3205557885183f0730270779e7e426b0ec3e7743f23963b6d6e4a,1771354808,2026-02-17T19:00:08+00:00,0.89,clob_prices_history
112418822297470572658312548631220776645321771603729476024056332596414394278374,0x0c38dd9305e3205557885183f0730270779e7e426b0ec3e7743f23963b6d6e4a,1771354841,2026-02-17T19:00:41+00:00,0.89,clob_prices_history
112418822297470572658312548631220776645321771603729476024056332596414394278374,0x0c38dd9305e3205557885183f0730270779e7e426b0ec3e7743f23963b6d6e4a,1771355728,2026-02-17T19:15:28+00:00,0.89,clob_prices_history
112418822297470572658312548631220776645321771603729476024056332596414394278374,0x0c38dd9305e3205557885183f0730270779e7e426b0ec3e7743f23963b6d6e4a,1771356626,2026-02-17T19:30:26+00:00,0.89,clob_prices_history
112418822297470572658312548631220776645321771603729476024056332596414394278374,0x0c38dd9305e3205557885183f0730270779e7e426b0ec3e7743f23963b6d6e4a,1771357523,2026-02-17T19:45:23+00:00,0.89,clob_prices_history
112418822297470572658312548631220776645321771603729476024056332596414394278374,0x0c38dd9305e3205557885183f0730270779e7e426b0ec3e7743f23963b6d6e4a,1771358428,2026-02-17T20:00:28+00:00,0.885,clob_prices_history
112418822297470572658312548631220776645321771603729476024056332596414394278374,0x0c38dd9305e3205557885183f0730270779e7e426b0ec3e7743f23963b6d6e4a,1771359329,2026-02-17T20:15:29+00:00,0.885,clob_prices_history
112418822297470572658312548631220776645321771603729476024056332596414394278374,0x0c38dd9305e3205557885183f0730270779e7e426b0ec3e7743f23963b6d6e4a,1771360238,2026-02-17T20:30:38+00:00,0.885,clob_prices_history
112418822297470572658312548631220776645321771603729476024056332596414394278374,0x0c38dd9305e3205557885183f0730270779e7e426b0ec3e7743f23963b6d6e4a,1771361123,2026-02-17T20:45:23+00:00,0.89,clob_prices_history
112418822297470572658312548631220776645321771603729476024056332596414394278374,0x0c38dd9305e3205557885183f0730270779e7e426b0ec3e7743f23963b6d6e4a,1771362047,2026-02-17T21:00:47+00:00,0.89,clob_prices_history
112418822297470572658312548631220776645321771603729476024056332596414394278374,0x0c38dd9305e3205557885183f0730270779e7e426b0ec3e7743f23963b6d6e4a,1771362927,2026-02-17T21:15:27+00:00,0.89,clob_prices_history
112418822297470572658312548631220776645321771603729476024056332596414394278374,0x0c38dd9305e3205557885183f0730270779e7e426b0ec3e7743f23963b6d6e4a,1771364721,2026-02-17T21:45:21+00:00,0.89,clob_prices_history
112418822297470572658312548631220776645321771603729476024056332596414394278374,0x0c38dd9305e3205557885183f0730270779e7e426b0ec3e7743f23963b6d6e4a,1771365634,2026-02-17T22:00:34+00:00,0.89,clob_prices_history
112418822297470572658312548631220776645321771603729476024056332596414394278374,0x0c38dd9305e3205557885183f0730270779e7e426b0ec3e7743f23963b6d6e4a,1771366522,2026-02-17T22:15:22+00:00,0.89,clob_prices_history
112418822297470572658312548631220776645321771603729476024056332596414394278374,0x0c38dd9305e3205557885183f0730270779e7e426b0ec3e7743f23963b6d6e4a,1771367427,2026-02-17T22:30:27+00:00,0.89,clob_prices_history
112418822297470572658312548631220776645321771603729476024056332596414394278374,0x0c38dd9305e3205557885183f0730270779e7e426b0ec3e7743f23963b6d6e4a,1771368335,2026-02-17T22:45:35+00:00,0.89,clob_prices_history
112418822297470572658312548631220776645321771603729476024056332596414394278374,0x0c38dd9305e3205557885183f0730270779e7e426b0ec3e7743f23963b6d6e4a,1771369227,2026-02-17T23:00:27+00:00,0.89,clob_prices_history
112418822297470572658312548631220776645321771603729476024056332596414394278374,0x0c38dd9305e3205557885183f0730270779e7e426b0ec3e7743f23963b6d6e4a,1771370122,2026-02-17T23:15:22+00:00,0.89,clob_prices_history
112418822297470572658312548631220776645321771603729476024056332596414394278374,0x0c38dd9305e3205557885183f0730270779e7e426b0ec3e7743f23963b6d6e4a,1771371029,2026-02-17T23:30:29+00:00,0.89,clob_prices_history
112418822297470572658312548631220776645321771603729476024056332596414394278374,0x0c38dd9305e3205557885183f0730270779e7e426b0ec3e7743f23963b6d6e4a,1771371923,2026-02-17T23:45:23+00:00,0.89,clob_prices_history
112418822297470572658312548631220776645321771603729476024056332596414394278374,0x0c38dd9305e3205557885183f0730270779e7e426b0ec3e7743f23963b6d6e4a,1771373721,2026-02-18T00:15:21+00:00,0.89,clob_prices_history
112418822297470572658312548631220776645321771603729476024056332596414394278374,0x0c38dd9305e3205557885183f0730270779e7e426b0ec3e7743f23963b6d6e4a,1771374629,2026-02-18T00:30:29+00:00,0.89,clob_prices_history
112418822297470572658312548631220776645321771603729476024056332596414394278374,0x0c38dd9305e3205557885183f0730270779e7e426b0ec3e7743f23963b6d6e4a,1771375522,2026-02-18T00:45:22+00:00,0.89,clob_prices_history
112418822297470572658312548631220776645321771603729476024056332596414394278374,0x0c38dd9305e3205557885183f0730270779e7e426b0ec3e7743f23963b6d6e4a,1771376426,2026-02-18T01:00:26+00:00,0.89,clob_prices_history
112418822297470572658312548631220776645321771603729476024056332596414394278374,0x0c38dd9305e3205557885183f0730270779e7e426b0ec3e7743f23963b6d6e4a,1771377323,2026-02-18T01:15:23+00:00,0.89,clob_prices_history
112418822297470572658312548631220776645321771603729476024056332596414394278374,0x0c38dd9305e3205557885183f0730270779e7e426b0ec3e7743f23963b6d6e4a,1771378228,2026-02-18T01:30:28+00:00,0.89,clob_prices_history
112418822297470572658312548631220776645321771603729476024056332596414394278374,0x0c38dd9305e3205557885183f0730270779e7e426b0ec3e7743f23963b6d6e4a,1771379120,2026-02-18T01:45:20+00:00,0.89,clob_prices_history
112418822297470572658312548631220776645321771603729476024056332596414394278374,0x0c38dd9305e3205557885183f0730270779e7e426b0ec3e7743f23963b6d6e4a,1771380027,2026-02-18T02:00:27+00:00,0.89,clob_prices_history
112418822297470572658312548631220776645321771603729476024056332596414394278374,0x0c38dd9305e3205557885183f0730270779e7e426b0ec3e7743f23963b6d6e4a,1771380944,2026-02-18T02:15:44+00:00,0.89,clob_prices_history
112418822297470572658312548631220776645321771603729476024056332596414394278374,0x0c38dd9305e3205557885183f0730270779e7e426b0ec3e7743f23963b6d6e4a,1771381827,2026-02-18T02:30:27+00:00,0.89,clob_prices_history
112418822297470572658312548631220776645321771603729476024056332596414394278374,0x0c38dd9305e3205557885183f0730270779e7e426b0ec3e7743f23963b6d6e4a,1771382720,2026-02-18T02:45:20+00:00,0.89,clob_prices_history
112418822297470572658312548631220776645321771603729476024056332596414394278374,0x0c38dd9305e3205557885183f0730270779e7e426b0ec3e7743f23963b6d6e4a,1771383632,2026-02-18T03:00:32+00:00,0.89,clob_prices_history
112418822297470572658312548631220776645321771603729476024056332596414394278374,0x0c38dd9305e3205557885183f0730270779e7e426b0ec3e7743f23963b6d6e4a,1771384522,2026-02-18T03:15:22+00:00,0.89,clob_prices_history
112418822297470572658312548631220776645321771603729476024056332596414394278374,0x0c38dd9305e3205557885183f0730270779e7e426b0ec3e7743f23963b6d6e4a,1771385426,2026-02-18T03:30:26+00:00,0.89,clob_prices_history
112418822297470572658312548631220776645321771603729476024056332596414394278374,0x0c38dd9305e3205557885183f0730270779e7e426b0ec3e7743f23963b6d6e4a,1771386322,2026-02-18T03:45:22+00:00,0.89,clob_prices_history
112418822297470572658312548631220776645321771603729476024056332596414394278374,0x0c38dd9305e3205557885183f0730270779e7e426b0ec3e7743f23963b6d6e4a,1771387227,2026-02-18T04:00:27+00:00,0.89,clob_prices_history
112418822297470572658312548631220776645321771603729476024056332596414394278374,0x0c38dd9305e3205557885183f0730270779e7e426b0ec3e7743f23963b6d6e4a,1771388121,2026-02-18T04:15:21+00:00,0.89,clob_prices_history
112418822297470572658312548631220776645321771603729476024056332596414394278374,0x0c38dd9305e3205557885183f0730270779e7e426b0ec3e7743f23963b6d6e4a,1771389027,2026-02-18T04:30:27+00:00,0.89,clob_prices_history
112418822297470572658312548631220776645321771603729476024056332596414394278374,0x0c38dd9305e3205557885183f0730270779e7e426b0ec3e7743f23963b6d6e4a,1771389924,2026-02-18T04:45:24+00:00,0.89,clob_prices_history
112418822297470572658312548631220776645321771603729476024056332596414394278374,0x0c38dd9305e3205557885183f0730270779e7e426b0ec3e7743f23963b6d6e4a,1771390841,2026-02-18T05:00:41+00:00,0.895,clob_prices_history
112418822297470572658312548631220776645321771603729476024056332596414394278374,0x0c38dd9305e3205557885183f0730270779e7e426b0ec3e7743f23963b6d6e4a,1771391722,2026-02-18T05:15:22+00:00,0.895,clob_prices_history
112418822297470572658312548631220776645321771603729476024056332596414394278374,0x0c38dd9305e3205557885183f0730270779e7e426b0ec3e7743f23963b6d6e4a,1771392629,2026-02-18T05:30:29+00:00,0.895,clob_prices_history
112418822297470572658312548631220776645321771603729476024056332596414394278374,0x0c38dd9305e3205557885183f0730270779e7e426b0ec3e7743f23963b6d6e4a,1771393520,2026-02-18T05:45:20+00:00,0.895,clob_prices_history
112418822297470572658312548631220776645321771603729476024056332596414394278374,0x0c38dd9305e3205557885183f0730270779e7e426b0ec3e7743f23963b6d6e4a,1771394445,2026-02-18T06:00:45+00:00,0.895,clob_prices_history
112418822297470572658312548631220776645321771603729476024056332596414394278374,0x0c38dd9305e3205557885183f0730270779e7e426b0ec3e7743f23963b6d6e4a,1771395322,2026-02-18T06:15:22+00:00,0.895,clob_prices_history
112418822297470572658312548631220776645321771603729476024056332596414394278374,0x0c38dd9305e3205557885183f0730270779e7e426b0ec3e7743f23963b6d6e4a,1771396227,2026-02-18T06:30:27+00:00,0.895,clob_prices_history
112418822297470572658312548631220776645321771603729476024056332596414394278374,0x0c38dd9305e3205557885183f0730270779e7e426b0ec3e7743f23963b6d6e4a,1771397121,2026-02-18T06:45:21+00:00,0.895,clob_prices_history
112418822297470572658312548631220776645321771603729476024056332596414394278374,0x0c38dd9305e3205557885183f0730270779e7e426b0ec3e7743f23963b6d6e4a,1771398028,2026-02-18T07:00:28+00:00,0.895,clob_prices_history
112418822297470572658312548631220776645321771603729476024056332596414394278374,0x0c38dd9305e3205557885183f0730270779e7e426b0ec3e7743f23963b6d6e4a,1771398921,2026-02-18T07:15:21+00:00,0.895,clob_prices_history
112418822297470572658312548631220776645321771603729476024056332596414394278374,0x0c38dd9305e3205557885183f0730270779e7e426b0ec3e7743f23963b6d6e4a,1771399828,2026-02-18T07:30:28+00:00,0.895,clob_prices_history
112418822297470572658312548631220776645321771603729476024056332596414394278374,0x0c38dd9305e3205557885183f0730270779e7e426b0ec3e7743f23963b6d6e4a,1771400723,2026-02-18T07:45:23+00:00,0.895,clob_prices_history
112418822297470572658312548631220776645321771603729476024056332596414394278374,0x0c38dd9305e3205557885183f0730270779e7e426b0ec3e7743f23963b6d6e4a,1771401628,2026-02-18T08:00:28+00:00,0.895,clob_prices_history
112418822297470572658312548631220776645321771603729476024056332596414394278374,0x0c38dd9305e3205557885183f0730270779e7e426b0ec3e7743f23963b6d6e4a,1771402521,2026-02-18T08:15:21+00:00,0.895,clob_prices_history
112418822297470572658312548631220776645321771603729476024056332596414394278374,0x0c38dd9305e3205557885183f0730270779e7e426b0ec3e7743f23963b6d6e4a,1771403429,2026-02-18T08:30:29+00:00,0.895,clob_prices_history
112418822297470572658312548631220776645321771603729476024056332596414394278374,0x0c38dd9305e3205557885183f0730270779e7e426b0ec3e7743f23963b6d6e4a,1771404321,2026-02-18T08:45:21+00:00,0.895,clob_prices_history
112418822297470572658312548631220776645321771603729476024056332596414394278374,0x0c38dd9305e3205557885183f0730270779e7e426b0ec3e7743f23963b6d6e4a,1771406124,2026-02-18T09:15:24+00:00,0.895,clob_prices_history
112418822297470572658312548631220776645321771603729476024056332596414394278374,0x0c38dd9305e3205557885183f0730270779e7e426b0ec3e7743f23963b6d6e4a,1771407027,2026-02-18T09:30:27+00:00,0.895,clob_prices_history
112418822297470572658312548631220776645321771603729476024056332596414394278374,0x0c38dd9305e3205557885183f0730270779e7e426b0ec3e7743f23963b6d6e4a,1771407921,2026-02-18T09:45:21+00:00,0.895,clob_prices_history
112418822297470572658312548631220776645321771603729476024056332596414394278374,0x0c38dd9305e3205557885183f0730270779e7e426b0ec3e7743f23963b6d6e4a,1771408831,2026-02-18T10:00:31+00:00,0.895,clob_prices_history
112418822297470572658312548631220776645321771603729476024056332596414394278374,0x0c38dd9305e3205557885183f0730270779e7e426b0ec3e7743f23963b6d6e4a,1771409720,2026-02-18T10:15:20+00:00,0.895,clob_prices_history
112418822297470572658312548631220776645321771603729476024056332596414394278374,0x0c38dd9305e3205557885183f0730270779e7e426b0ec3e7743f23963b6d6e4a,1771410627,2026-02-18T10:30:27+00:00,0.895,clob_prices_history
112418822297470572658312548631220776645321771603729476024056332596414394278374,0x0c38dd9305e3205557885183f0730270779e7e426b0ec3e7743f23963b6d6e4a,1771411521,2026-02-18T10:45:21+00:00,0.895,clob_prices_history
112418822297470572658312548631220776645321771603729476024056332596414394278374,0x0c38dd9305e3205557885183f0730270779e7e426b0ec3e7743f23963b6d6e4a,1771412431,2026-02-18T11:00:31+00:00,0.895,clob_prices_history
112418822297470572658312548631220776645321771603729476024056332596414394278374,0x0c38dd9305e3205557885183f0730270779e7e426b0ec3e7743f23963b6d6e4a,1771413321,2026-02-18T11:15:21+00:00,0.895,clob_prices_history
112418822297470572658312548631220776645321771603729476024056332596414394278374,0x0c38dd9305e3205557885183f0730270779e7e426b0ec3e7743f23963b6d6e4a,1771414229,2026-02-18T11:30:29+00:00,0.895,clob_prices_history
112418822297470572658312548631220776645321771603729476024056332596414394278374,0x0c38dd9305e3205557885183f0730270779e7e426b0ec3e7743f23963b6d6e4a,1771415121,2026-02-18T11:45:21+00:00,0.895,clob_prices_history
112418822297470572658312548631220776645321771603729476024056332596414394278374,0x0c38dd9305e3205557885183f0730270779e7e426b0ec3e7743f23963b6d6e4a,1771416922,2026-02-18T12:15:22+00:00,0.895,clob_prices_history
112418822297470572658312548631220776645321771603729476024056332596414394278374,0x0c38dd9305e3205557885183f0730270779e7e426b0ec3e7743f23963b6d6e4a,1771417830,2026-02-18T12:30:30+00:00,0.895,clob_prices_history
112418822297470572658312548631220776645321771603729476024056332596414394278374,0x0c38dd9305e3205557885183f0730270779e7e426b0ec3e7743f23963b6d6e4a,1771418721,2026-02-18T12:45:21+00:00,0.895,clob_prices_history
112418822297470572658312548631220776645321771603729476024056332596414394278374,0x0c38dd9305e3205557885183f0730270779e7e426b0ec3e7743f23963b6d6e4a,1771419627,2026-02-18T13:00:27+00:00,0.89,clob_prices_history
112418822297470572658312548631220776645321771603729476024056332596414394278374,0x0c38dd9305e3205557885183f0730270779e7e426b0ec3e7743f23963b6d6e4a,1771420521,2026-02-18T13:15:21+00:00,0.89,clob_prices_history
112418822297470572658312548631220776645321771603729476024056332596414394278374,0x0c38dd9305e3205557885183f0730270779e7e426b0ec3e7743f23963b6d6e4a,1771421427,2026-02-18T13:30:27+00:00,0.89,clob_prices_history
112418822297470572658312548631220776645321771603729476024056332596414394278374,0x0c38dd9305e3205557885183f0730270779e7e426b0ec3e7743f23963b6d6e4a,1771422321,2026-02-18T13:45:21+00:00,0.89,clob_prices_history
112418822297470572658312548631220776645321771603729476024056332596414394278374,0x0c38dd9305e3205557885183f0730270779e7e426b0ec3e7743f23963b6d6e4a,1771423230,2026-02-18T14:00:30+00:00,0.885,clob_prices_history
112418822297470572658312548631220776645321771603729476024056332596414394278374,0x0c38dd9305e3205557885183f0730270779e7e426b0ec3e7743f23963b6d6e4a,1771424126,2026-02-18T14:15:26+00:00,0.885,clob_prices_history
112418822297470572658312548631220776645321771603729476024056332596414394278374,0x0c38dd9305e3205557885183f0730270779e7e426b0ec3e7743f23963b6d6e4a,1771425029,2026-02-18T14:30:29+00:00,0.885,clob_prices_history
112418822297470572658312548631220776645321771603729476024056332596414394278374,0x0c38dd9305e3205557885183f0730270779e7e426b0ec3e7743f23963b6d6e4a,1771425921,2026-02-18T14:45:21+00:00,0.885,clob_prices_history
112418822297470572658312548631220776645321771603729476024056332596414394278374,0x0c38dd9305e3205557885183f0730270779e7e426b0ec3e7743f23963b6d6e4a,1771427722,2026-02-18T15:15:22+00:00,0.885,clob_prices_history
112418822297470572658312548631220776645321771603729476024056332596414394278374,0x0c38dd9305e3205557885183f0730270779e7e426b0ec3e7743f23963b6d6e4a,1771428629,2026-02-18T15:30:29+00:00,0.885,clob_prices_history
112418822297470572658312548631220776645321771603729476024056332596414394278374,0x0c38dd9305e3205557885183f0730270779e7e426b0ec3e7743f23963b6d6e4a,1771429521,2026-02-18T15:45:21+00:00,0.885,clob_prices_history
112418822297470572658312548631220776645321771603729476024056332596414394278374,0x0c38dd9305e3205557885183f0730270779e7e426b0ec3e7743f23963b6d6e4a,1771430433,2026-02-18T16:00:33+00:00,0.885,clob_prices_history
112418822297470572658312548631220776645321771603729476024056332596414394278374,0x0c38dd9305e3205557885183f0730270779e7e426b0ec3e7743f23963b6d6e4a,1771431323,2026-02-18T16:15:23+00:00,0.885,clob_prices_history
112418822297470572658312548631220776645321771603729476024056332596414394278374,0x0c38dd9305e3205557885183f0730270779e7e426b0ec3e7743f23963b6d6e4a,1771432229,2026-02-18T16:30:29+00:00,0.885,clob_prices_history
112418822297470572658312548631220776645321771603729476024056332596414394278374,0x0c38dd9305e3205557885183f0730270779e7e426b0ec3e7743f23963b6d6e4a,1771433124,2026-02-18T16:45:24+00:00,0.885,clob_prices_history
112418822297470572658312548631220776645321771603729476024056332596414394278374,0x0c38dd9305e3205557885183f0730270779e7e426b0ec3e7743f23963b6d6e4a,1771434028,2026-02-18T17:00:28+00:00,0.885,clob_prices_history
112418822297470572658312548631220776645321771603729476024056332596414394278374,0x0c38dd9305e3205557885183f0730270779e7e426b0ec3e7743f23963b6d6e4a,1771434926,2026-02-18T17:15:26+00:00,0.87,clob_prices_history
112418822297470572658312548631220776645321771603729476024056332596414394278374,0x0c38dd9305e3205557885183f0730270779e7e426b0ec3e7743f23963b6d6e4a,1771435832,2026-02-18T17:30:32+00:00,0.87,clob_prices_history
112418822297470572658312548631220776645321771603729476024056332596414394278374,0x0c38dd9305e3205557885183f0730270779e7e426b0ec3e7743f23963b6d6e4a,1771436723,2026-02-18T17:45:23+00:00,0.87,clob_prices_history
112418822297470572658312548631220776645321771603729476024056332596414394278374,0x0c38dd9305e3205557885183f0730270779e7e426b0ec3e7743f23963b6d6e4a,1771437651,2026-02-18T18:00:51+00:00,0.87,clob_prices_history
112418822297470572658312548631220776645321771603729476024056332596414394278374,0x0c38dd9305e3205557885183f0730270779e7e426b0ec3e7743f23963b6d6e4a,1771438522,2026-02-18T18:15:22+00:00,0.87,clob_prices_history
112418822297470572658312548631220776645321771603729476024056332596414394278374,0x0c38dd9305e3205557885183f0730270779e7e426b0ec3e7743f23963b6d6e4a,1771439431,2026-02-18T18:30:31+00:00,0.87,clob_prices_history
112418822297470572658312548631220776645321771603729476024056332596414394278374,0x0c38dd9305e3205557885183f0730270779e7e426b0ec3e7743f23963b6d6e4a,1771440328,2026-02-18T18:45:28+00:00,0.87,clob_prices_history
112418822297470572658312548631220776645321771603729476024056332596414394278374,0x0c38dd9305e3205557885183f0730270779e7e426b0ec3e7743f23963b6d6e4a,1771441230,2026-02-18T19:00:30+00:00,0.86,clob_prices_history
112418822297470572658312548631220776645321771603729476024056332596414394278374,0x0c38dd9305e3205557885183f0730270779e7e426b0ec3e7743f23963b6d6e4a,1771442123,2026-02-18T19:15:23+00:00,0.86,clob_prices_history
112418822297470572658312548631220776645321771603729476024056332596414394278374,0x0c38dd9305e3205557885183f0730270779e7e426b0ec3e7743f23963b6d6e4a,1771443028,2026-02-18T19:30:28+00:00,0.86,clob_prices_history
112418822297470572658312548631220776645321771603729476024056332596414394278374,0x0c38dd9305e3205557885183f0730270779e7e426b0ec3e7743f23963b6d6e4a,1771443924,2026-02-18T19:45:24+00:00,0.86,clob_prices_history
112418822297470572658312548631220776645321771603729476024056332596414394278374,0x0c38dd9305e3205557885183f0730270779e7e426b0ec3e7743f23963b6d6e4a,1771445722,2026-02-18T20:15:22+00:00,0.86,clob_prices_history
112418822297470572658312548631220776645321771603729476024056332596414394278374,0x0c38dd9305e3205557885183f0730270779e7e426b0ec3e7743f23963b6d6e4a,1771446634,2026-02-18T20:30:34+00:00,0.86,clob_prices_history
112418822297470572658312548631220776645321771603729476024056332596414394278374,0x0c38dd9305e3205557885183f0730270779e7e426b0ec3e7743f23963b6d6e4a,1771447523,2026-02-18T20:45:23+00:00,0.86,clob_prices_history
112418822297470572658312548631220776645321771603729476024056332596414394278374,0x0c38dd9305e3205557885183f0730270779e7e426b0ec3e7743f23963b6d6e4a,1771449341,2026-02-18T21:15:41+00:00,0.86,clob_prices_history
112418822297470572658312548631220776645321771603729476024056332596414394278374,0x0c38dd9305e3205557885183f0730270779e7e426b0ec3e7743f23963b6d6e4a,1771450229,2026-02-18T21:30:29+00:00,0.86,clob_prices_history
112418822297470572658312548631220776645321771603729476024056332596414394278374,0x0c38dd9305e3205557885183f0730270779e7e426b0ec3e7743f23963b6d6e4a,1771451158,2026-02-18T21:45:58+00:00,0.865,clob_prices_history
112418822297470572658312548631220776645321771603729476024056332596414394278374,0x0c38dd9305e3205557885183f0730270779e7e426b0ec3e7743f23963b6d6e4a,1771452033,2026-02-18T22:00:33+00:00,0.865,clob_prices_history
112418822297470572658312548631220776645321771603729476024056332596414394278374,0x0c38dd9305e3205557885183f0730270779e7e426b0ec3e7743f23963b6d6e4a,1771452941,2026-02-18T22:15:41+00:00,0.865,clob_prices_history
112418822297470572658312548631220776645321771603729476024056332596414394278374,0x0c38dd9305e3205557885183f0730270779e7e426b0ec3e7743f23963b6d6e4a,1771453843,2026-02-18T22:30:43+00:00,0.865,clob_prices_history
112418822297470572658312548631220776645321771603729476024056332596414394278374,0x0c38dd9305e3205557885183f0730270779e7e426b0ec3e7743f23963b6d6e4a,1771454723,2026-02-18T22:45:23+00:00,0.865,clob_prices_history
112418822297470572658312548631220776645321771603729476024056332596414394278374,0x0c38dd9305e3205557885183f0730270779e7e426b0ec3e7743f23963b6d6e4a,1771455629,2026-02-18T23:00:29+00:00,0.87,clob_prices_history
112418822297470572658312548631220776645321771603729476024056332596414394278374,0x0c38dd9305e3205557885183f0730270779e7e426b0ec3e7743f23963b6d6e4a,1771456524,2026-02-18T23:15:24+00:00,0.865,clob_prices_history
112418822297470572658312548631220776645321771603729476024056332596414394278374,0x0c38dd9305e3205557885183f0730270779e7e426b0ec3e7743f23963b6d6e4a,1771457441,2026-02-18T23:30:41+00:00,0.875,clob_prices_history
112418822297470572658312548631220776645321771603729476024056332596414394278374,0x0c38dd9305e3205557885183f0730270779e7e426b0ec3e7743f23963b6d6e4a,1771458321,2026-02-18T23:45:21+00:00,0.885,clob_prices_history
112418822297470572658312548631220776645321771603729476024056332596414394278374,0x0c38dd9305e3205557885183f0730270779e7e426b0ec3e7743f23963b6d6e4a,1771460124,2026-02-19T00:15:24+00:00,0.885,clob_prices_history
112418822297470572658312548631220776645321771603729476024056332596414394278374,0x0c38dd9305e3205557885183f0730270779e7e426b0ec3e7743f23963b6d6e4a,1771461030,2026-02-19T00:30:30+00:00,0.885,clob_prices_history
112418822297470572658312548631220776645321771603729476024056332596414394278374,0x0c38dd9305e3205557885183f0730270779e7e426b0ec3e7743f23963b6d6e4a,1771461929,2026-02-19T00:45:29+00:00,0.885,clob_prices_history
112418822297470572658312548631220776645321771603729476024056332596414394278374,0x0c38dd9305e3205557885183f0730270779e7e426b0ec3e7743f23963b6d6e4a,1771462829,2026-02-19T01:00:29+00:00,0.885,clob_prices_history
112418822297470572658312548631220776645321771603729476024056332596414394278374,0x0c38dd9305e3205557885183f0730270779e7e426b0ec3e7743f23963b6d6e4a,1771463722,2026-02-19T01:15:22+00:00,0.885,clob_prices_history
112418822297470572658312548631220776645321771603729476024056332596414394278374,0x0c38dd9305e3205557885183f0730270779e7e426b0ec3e7743f23963b6d6e4a,1771464630,2026-02-19T01:30:30+00:00,0.885,clob_prices_history
112418822297470572658312548631220776645321771603729476024056332596414394278374,0x0c38dd9305e3205557885183f0730270779e7e426b0ec3e7743f23963b6d6e4a,1771465522,2026-02-19T01:45:22+00:00,0.885,clob_prices_history
112418822297470572658312548631220776645321771603729476024056332596414394278374,0x0c38dd9305e3205557885183f0730270779e7e426b0ec3e7743f23963b6d6e4a,1771466430,2026-02-19T02:00:30+00:00,0.885,clob_prices_history
112418822297470572658312548631220776645321771603729476024056332596414394278374,0x0c38dd9305e3205557885183f0730270779e7e426b0ec3e7743f23963b6d6e4a,1771467323,2026-02-19T02:15:23+00:00,0.885,clob_prices_history
112418822297470572658312548631220776645321771603729476024056332596414394278374,0x0c38dd9305e3205557885183f0730270779e7e426b0ec3e7743f23963b6d6e4a,1771468235,2026-02-19T02:30:35+00:00,0.885,clob_prices_history
112418822297470572658312548631220776645321771603729476024056332596414394278374,0x0c38dd9305e3205557885183f0730270779e7e426b0ec3e7743f23963b6d6e4a,1771469124,2026-02-19T02:45:24+00:00,0.885,clob_prices_history
112418822297470572658312548631220776645321771603729476024056332596414394278374,0x0c38dd9305e3205557885183f0730270779e7e426b0ec3e7743f23963b6d6e4a,1771470050,2026-02-19T03:00:50+00:00,0.885,clob_prices_history
112418822297470572658312548631220776645321771603729476024056332596414394278374,0x0c38dd9305e3205557885183f0730270779e7e426b0ec3e7743f23963b6d6e4a,1771470923,2026-02-19T03:15:23+00:00,0.885,clob_prices_history
112418822297470572658312548631220776645321771603729476024056332596414394278374,0x0c38dd9305e3205557885183f0730270779e7e426b0ec3e7743f23963b6d6e4a,1771471829,2026-02-19T03:30:29+00:00,0.885,clob_prices_history
112418822297470572658312548631220776645321771603729476024056332596414394278374,0x0c38dd9305e3205557885183f0730270779e7e426b0ec3e7743f23963b6d6e4a,1771472723,2026-02-19T03:45:23+00:00,0.885,clob_prices_history
112418822297470572658312548631220776645321771603729476024056332596414394278374,0x0c38dd9305e3205557885183f0730270779e7e426b0ec3e7743f23963b6d6e4a,1771473629,2026-02-19T04:00:29+00:00,0.885,clob_prices_history
112418822297470572658312548631220776645321771603729476024056332596414394278374,0x0c38dd9305e3205557885183f0730270779e7e426b0ec3e7743f23963b6d6e4a,1771474523,2026-02-19T04:15:23+00:00,0.885,clob_prices_history
112418822297470572658312548631220776645321771603729476024056332596414394278374,0x0c38dd9305e3205557885183f0730270779e7e426b0ec3e7743f23963b6d6e4a,1771475429,2026-02-19T04:30:29+00:00,0.885,clob_prices_history
112418822297470572658312548631220776645321771603729476024056332596414394278374,0x0c38dd9305e3205557885183f0730270779e7e426b0ec3e7743f23963b6d6e4a,1771476322,2026-02-19T04:45:22+00:00,0.885,clob_prices_history
112418822297470572658312548631220776645321771603729476024056332596414394278374,0x0c38dd9305e3205557885183f0730270779e7e426b0ec3e7743f23963b6d6e4a,1771477230,2026-02-19T05:00:30+00:00,0.885,clob_prices_history
112418822297470572658312548631220776645321771603729476024056332596414394278374,0x0c38dd9305e3205557885183f0730270779e7e426b0ec3e7743f23963b6d6e4a,1771478122,2026-02-19T05:15:22+00:00,0.885,clob_prices_history
112418822297470572658312548631220776645321771603729476024056332596414394278374,0x0c38dd9305e3205557885183f0730270779e7e426b0ec3e7743f23963b6d6e4a,1771479029,2026-02-19T05:30:29+00:00,0.885,clob_prices_history
112418822297470572658312548631220776645321771603729476024056332596414394278374,0x0c38dd9305e3205557885183f0730270779e7e426b0ec3e7743f23963b6d6e4a,1771479954,2026-02-19T05:45:54+00:00,0.885,clob_prices_history
112418822297470572658312548631220776645321771603729476024056332596414394278374,0x0c38dd9305e3205557885183f0730270779e7e426b0ec3e7743f23963b6d6e4a,1771481723,2026-02-19T06:15:23+00:00,0.885,clob_prices_history
112418822297470572658312548631220776645321771603729476024056332596414394278374,0x0c38dd9305e3205557885183f0730270779e7e426b0ec3e7743f23963b6d6e4a,1771482636,2026-02-19T06:30:36+00:00,0.885,clob_prices_history
112418822297470572658312548631220776645321771603729476024056332596414394278374,0x0c38dd9305e3205557885183f0730270779e7e426b0ec3e7743f23963b6d6e4a,1771483523,2026-02-19T06:45:23+00:00,0.885,clob_prices_history
112418822297470572658312548631220776645321771603729476024056332596414394278374,0x0c38dd9305e3205557885183f0730270779e7e426b0ec3e7743f23963b6d6e4a,1771484430,2026-02-19T07:00:30+00:00,0.885,clob_prices_history
112418822297470572658312548631220776645321771603729476024056332596414394278374,0x0c38dd9305e3205557885183f0730270779e7e426b0ec3e7743f23963b6d6e4a,1771485330,2026-02-19T07:15:30+00:00,0.885,clob_prices_history
112418822297470572658312548631220776645321771603729476024056332596414394278374,0x0c38dd9305e3205557885183f0730270779e7e426b0ec3e7743f23963b6d6e4a,1771486229,2026-02-19T07:30:29+00:00,0.885,clob_prices_history
112418822297470572658312548631220776645321771603729476024056332596414394278374,0x0c38dd9305e3205557885183f0730270779e7e426b0ec3e7743f23963b6d6e4a,1771487122,2026-02-19T07:45:22+00:00,0.885,clob_prices_history
112418822297470572658312548631220776645321771603729476024056332596414394278374,0x0c38dd9305e3205557885183f0730270779e7e426b0ec3e7743f23963b6d6e4a,1771488029,2026-02-19T08:00:29+00:00,0.885,clob_prices_history
112418822297470572658312548631220776645321771603729476024056332596414394278374,0x0c38dd9305e3205557885183f0730270779e7e426b0ec3e7743f23963b6d6e4a,1771488921,2026-02-19T08:15:21+00:00,0.88,clob_prices_history
112418822297470572658312548631220776645321771603729476024056332596414394278374,0x0c38dd9305e3205557885183f0730270779e7e426b0ec3e7743f23963b6d6e4a,1771490723,2026-02-19T08:45:23+00:00,0.88,clob_prices_history
112418822297470572658312548631220776645321771603729476024056332596414394278374,0x0c38dd9305e3205557885183f0730270779e7e426b0ec3e7743f23963b6d6e4a,1771491655,2026-02-19T09:00:55+00:00,0.88,clob_prices_history
112418822297470572658312548631220776645321771603729476024056332596414394278374,0x0c38dd9305e3205557885183f0730270779e7e426b0ec3e7743f23963b6d6e4a,1771492523,2026-02-19T09:15:23+00:00,0.88,clob_prices_history
112418822297470572658312548631220776645321771603729476024056332596414394278374,0x0c38dd9305e3205557885183f0730270779e7e426b0ec3e7743f23963b6d6e4a,1771493429,2026-02-19T09:30:29+00:00,0.88,clob_prices_history
112418822297470572658312548631220776645321771603729476024056332596414394278374,0x0c38dd9305e3205557885183f0730270779e7e426b0ec3e7743f23963b6d6e4a,1771494357,2026-02-19T09:45:57+00:00,0.88,clob_prices_history
112418822297470572658312548631220776645321771603729476024056332596414394278374,0x0c38dd9305e3205557885183f0730270779e7e426b0ec3e7743f23963b6d6e4a,1771495232,2026-02-19T10:00:32+00:00,0.88,clob_prices_history
112418822297470572658312548631220776645321771603729476024056332596414394278374,0x0c38dd9305e3205557885183f0730270779e7e426b0ec3e7743f23963b6d6e4a,1771496131,2026-02-19T10:15:31+00:00,0.88,clob_prices_history
112418822297470572658312548631220776645321771603729476024056332596414394278374,0x0c38dd9305e3205557885183f0730270779e7e426b0ec3e7743f23963b6d6e4a,1771497029,2026-02-19T10:30:29+00:00,0.88,clob_prices_history
112418822297470572658312548631220776645321771603729476024056332596414394278374,0x0c38dd9305e3205557885183f0730270779e7e426b0ec3e7743f23963b6d6e4a,1771497929,2026-02-19T10:45:29+00:00,0.88,clob_prices_history
112418822297470572658312548631220776645321771603729476024056332596414394278374,0x0c38dd9305e3205557885183f0730270779e7e426b0ec3e7743f23963b6d6e4a,1771498831,2026-02-19T11:00:31+00:00,0.875,clob_prices_history
112418822297470572658312548631220776645321771603729476024056332596414394278374,0x0c38dd9305e3205557885183f0730270779e7e426b0ec3e7743f23963b6d6e4a,1771499725,2026-02-19T11:15:25+00:00,0.88,clob_prices_history
112418822297470572658312548631220776645321771603729476024056332596414394278374,0x0c38dd9305e3205557885183f0730270779e7e426b0ec3e7743f23963b6d6e4a,1771500649,2026-02-19T11:30:49+00:00,0.88,clob_prices_history
112418822297470572658312548631220776645321771603729476024056332596414394278374,0x0c38dd9305e3205557885183f0730270779e7e426b0ec3e7743f23963b6d6e4a,1771501524,2026-02-19T11:45:24+00:00,0.88,clob_prices_history
112418822297470572658312548631220776645321771603729476024056332596414394278374,0x0c38dd9305e3205557885183f0730270779e7e426b0ec3e7743f23963b6d6e4a,1771503323,2026-02-19T12:15:23+00:00,0.88,clob_prices_history
112418822297470572658312548631220776645321771603729476024056332596414394278374,0x0c38dd9305e3205557885183f0730270779e7e426b0ec3e7743f23963b6d6e4a,1771504244,2026-02-19T12:30:44+00:00,0.88,clob_prices_history
112418822297470572658312548631220776645321771603729476024056332596414394278374,0x0c38dd9305e3205557885183f0730270779e7e426b0ec3e7743f23963b6d6e4a,1771505123,2026-02-19T12:45:23+00:00,0.88,clob_prices_history
112418822297470572658312548631220776645321771603729476024056332596414394278374,0x0c38dd9305e3205557885183f0730270779e7e426b0ec3e7743f23963b6d6e4a,1771506030,2026-02-19T13:00:30+00:00,0.88,clob_prices_history
112418822297470572658312548631220776645321771603729476024056332596414394278374,0x0c38dd9305e3205557885183f0730270779e7e426b0ec3e7743f23963b6d6e4a,1771506924,2026-02-19T13:15:24+00:00,0.88,clob_prices_history
112418822297470572658312548631220776645321771603729476024056332596414394278374,0x0c38dd9305e3205557885183f0730270779e7e426b0ec3e7743f23963b6d6e4a,1771507835,2026-02-19T13:30:35+00:00,0.88,clob_prices_history
112418822297470572658312548631220776645321771603729476024056332596414394278374,0x0c38dd9305e3205557885183f0730270779e7e426b0ec3e7743f23963b6d6e4a,1771508736,2026-02-19T13:45:36+00:00,0.88,clob_prices_history
112418822297470572658312548631220776645321771603729476024056332596414394278374,0x0c38dd9305e3205557885183f0730270779e7e426b0ec3e7743f23963b6d6e4a,1771509631,2026-02-19T14:00:31+00:00,0.89,clob_prices_history
112418822297470572658312548631220776645321771603729476024056332596414394278374,0x0c38dd9305e3205557885183f0730270779e7e426b0ec3e7743f23963b6d6e4a,1771510523,2026-02-19T14:15:23+00:00,0.865,clob_prices_history
112418822297470572658312548631220776645321771603729476024056332596414394278374,0x0c38dd9305e3205557885183f0730270779e7e426b0ec3e7743f23963b6d6e4a,1771511433,2026-02-19T14:30:33+00:00,0.865,clob_prices_history
112418822297470572658312548631220776645321771603729476024056332596414394278374,0x0c38dd9305e3205557885183f0730270779e7e426b0ec3e7743f23963b6d6e4a,1771512337,2026-02-19T14:45:37+00:00,0.865,clob_prices_history
112418822297470572658312548631220776645321771603729476024056332596414394278374,0x0c38dd9305e3205557885183f0730270779e7e426b0ec3e7743f23963b6d6e4a,1771513253,2026-02-19T15:00:53+00:00,0.865,clob_prices_history
112418822297470572658312548631220776645321771603729476024056332596414394278374,0x0c38dd9305e3205557885183f0730270779e7e426b0ec3e7743f23963b6d6e4a,1771514123,2026-02-19T15:15:23+00:00,0.855,clob_prices_history
112418822297470572658312548631220776645321771603729476024056332596414394278374,0x0c38dd9305e3205557885183f0730270779e7e426b0ec3e7743f23963b6d6e4a,1771515923,2026-02-19T15:45:23+00:00,0.855,clob_prices_history
112418822297470572658312548631220776645321771603729476024056332596414394278374,0x0c38dd9305e3205557885183f0730270779e7e426b0ec3e7743f23963b6d6e4a,1771516834,2026-02-19T16:00:34+00:00,0.855,clob_prices_history
112418822297470572658312548631220776645321771603729476024056332596414394278374,0x0c38dd9305e3205557885183f0730270779e7e426b0ec3e7743f23963b6d6e4a,1771517723,2026-02-19T16:15:23+00:00,0.86,clob_prices_history
112418822297470572658312548631220776645321771603729476024056332596414394278374,0x0c38dd9305e3205557885183f0730270779e7e426b0ec3e7743f23963b6d6e4a,1771518630,2026-02-19T16:30:30+00:00,0.88,clob_prices_history
112418822297470572658312548631220776645321771603729476024056332596414394278374,0x0c38dd9305e3205557885183f0730270779e7e426b0ec3e7743f23963b6d6e4a,1771519523,2026-02-19T16:45:23+00:00,0.88,clob_prices_history
112418822297470572658312548631220776645321771603729476024056332596414394278374,0x0c38dd9305e3205557885183f0730270779e7e426b0ec3e7743f23963b6d6e4a,1771520457,2026-02-19T17:00:57+00:00,0.88,clob_prices_history
112418822297470572658312548631220776645321771603729476024056332596414394278374,0x0c38dd9305e3205557885183f0730270779e7e426b0ec3e7743f23963b6d6e4a,1771521329,2026-02-19T17:15:29+00:00,0.88,clob_prices_history
112418822297470572658312548631220776645321771603729476024056332596414394278374,0x0c38dd9305e3205557885183f0730270779e7e426b0ec3e7743f23963b6d6e4a,1771522242,2026-02-19T17:30:42+00:00,0.88,clob_prices_history
112418822297470572658312548631220776645321771603729476024056332596414394278374,0x0c38dd9305e3205557885183f0730270779e7e426b0ec3e7743f23963b6d6e4a,1771523158,2026-02-19T17:45:58+00:00,0.88,clob_prices_history
112418822297470572658312548631220776645321771603729476024056332596414394278374,0x0c38dd9305e3205557885183f0730270779e7e426b0ec3e7743f23963b6d6e4a,1771524055,2026-02-19T18:00:55+00:00,0.88,clob_prices_history
112418822297470572658312548631220776645321771603729476024056332596414394278374,0x0c38dd9305e3205557885183f0730270779e7e426b0ec3e7743f23963b6d6e4a,1771524959,2026-02-19T18:15:59+00:00,0.88,clob_prices_history
112418822297470572658312548631220776645321771603729476024056332596414394278374,0x0c38dd9305e3205557885183f0730270779e7e426b0ec3e7743f23963b6d6e4a,1771525832,2026-02-19T18:30:32+00:00,0.88,clob_prices_history
112418822297470572658312548631220776645321771603729476024056332596414394278374,0x0c38dd9305e3205557885183f0730270779e7e426b0ec3e7743f23963b6d6e4a,1771526731,2026-02-19T18:45:31+00:00,0.88,clob_prices_history
112418822297470572658312548631220776645321771603729476024056332596414394278374,0x0c38dd9305e3205557885183f0730270779e7e426b0ec3e7743f23963b6d6e4a,1771527632,2026-02-19T19:00:32+00:00,0.88,clob_prices_history
112418822297470572658312548631220776645321771603729476024056332596414394278374,0x0c38dd9305e3205557885183f0730270779e7e426b0ec3e7743f23963b6d6e4a,1771528524,2026-02-19T19:15:24+00:00,0.88,clob_prices_history
112418822297470572658312548631220776645321771603729476024056332596414394278374,0x0c38dd9305e3205557885183f0730270779e7e426b0ec3e7743f23963b6d6e4a,1771529432,2026-02-19T19:30:32+00:00,0.88,clob_prices_history
112418822297470572658312548631220776645321771603729476024056332596414394278374,0x0c38dd9305e3205557885183f0730270779e7e426b0ec3e7743f23963b6d6e4a,1771530325,2026-02-19T19:45:25+00:00,0.88,clob_prices_history
112418822297470572658312548631220776645321771603729476024056332596414394278374,0x0c38dd9305e3205557885183f0730270779e7e426b0ec3e7743f23963b6d6e4a,1771531233,2026-02-19T20:00:33+00:00,0.88,clob_prices_history
112418822297470572658312548631220776645321771603729476024056332596414394278374,0x0c38dd9305e3205557885183f0730270779e7e426b0ec3e7743f23963b6d6e4a,1771532124,2026-02-19T20:15:24+00:00,0.88,clob_prices_history
112418822297470572658312548631220776645321771603729476024056332596414394278374,0x0c38dd9305e3205557885183f0730270779e7e426b0ec3e7743f23963b6d6e4a,1771533038,2026-02-19T20:30:38+00:00,0.88,clob_prices_history
112418822297470572658312548631220776645321771603729476024056332596414394278374,0x0c38dd9305e3205557885183f0730270779e7e426b0ec3e7743f23963b6d6e4a,1771533931,2026-02-19T20:45:31+00:00,0.885,clob_prices_history
112418822297470572658312548631220776645321771603729476024056332596414394278374,0x0c38dd9305e3205557885183f0730270779e7e426b0ec3e7743f23963b6d6e4a,1771534855,2026-02-19T21:00:55+00:00,0.885,clob_prices_history
112418822297470572658312548631220776645321771603729476024056332596414394278374,0x0c38dd9305e3205557885183f0730270779e7e426b0ec3e7743f23963b6d6e4a,1771535724,2026-02-19T21:15:24+00:00,0.885,clob_prices_history
112418822297470572658312548631220776645321771603729476024056332596414394278374,0x0c38dd9305e3205557885183f0730270779e7e426b0ec3e7743f23963b6d6e4a,1771536631,2026-02-19T21:30:31+00:00,0.885,clob_prices_history
112418822297470572658312548631220776645321771603729476024056332596414394278374,0x0c38dd9305e3205557885183f0730270779e7e426b0ec3e7743f23963b6d6e4a,1771537524,2026-02-19T21:45:24+00:00,0.885,clob_prices_history
112418822297470572658312548631220776645321771603729476024056332596414394278374,0x0c38dd9305e3205557885183f0730270779e7e426b0ec3e7743f23963b6d6e4a,1771538433,2026-02-19T22:00:33+00:00,0.885,clob_prices_history
112418822297470572658312548631220776645321771603729476024056332596414394278374,0x0c38dd9305e3205557885183f0730270779e7e426b0ec3e7743f23963b6d6e4a,1771539324,2026-02-19T22:15:24+00:00,0.885,clob_prices_history
112418822297470572658312548631220776645321771603729476024056332596414394278374,0x0c38dd9305e3205557885183f0730270779e7e426b0ec3e7743f23963b6d6e4a,1771540239,2026-02-19T22:30:39+00:00,0.885,clob_prices_history
112418822297470572658312548631220776645321771603729476024056332596414394278374,0x0c38dd9305e3205557885183f0730270779e7e426b0ec3e7743f23963b6d6e4a,1771541131,2026-02-19T22:45:31+00:00,0.885,clob_prices_history
112418822297470572658312548631220776645321771603729476024056332596414394278374,0x0c38dd9305e3205557885183f0730270779e7e426b0ec3e7743f23963b6d6e4a,1771542032,2026-02-19T23:00:32+00:00,0.885,clob_prices_history
112418822297470572658312548631220776645321771603729476024056332596414394278374,0x0c38dd9305e3205557885183f0730270779e7e426b0ec3e7743f23963b6d6e4a,1771542931,2026-02-19T23:15:31+00:00,0.885,clob_prices_history
112418822297470572658312548631220776645321771603729476024056332596414394278374,0x0c38dd9305e3205557885183f0730270779e7e426b0ec3e7743f23963b6d6e4a,1771543830,2026-02-19T23:30:30+00:00,0.885,clob_prices_history
112418822297470572658312548631220776645321771603729476024056332596414394278374,0x0c38dd9305e3205557885183f0730270779e7e426b0ec3e7743f23963b6d6e4a,1771544725,2026-02-19T23:45:25+00:00,0.885,clob_prices_history
112418822297470572658312548631220776645321771603729476024056332596414394278374,0x0c38dd9305e3205557885183f0730270779e7e426b0ec3e7743f23963b6d6e4a,1771545658,2026-02-20T00:00:58+00:00,0.885,clob_prices_history
112418822297470572658312548631220776645321771603729476024056332596414394278374,0x0c38dd9305e3205557885183f0730270779e7e426b0ec3e7743f23963b6d6e4a,1771546524,2026-02-20T00:15:24+00:00,0.885,clob_prices_history
112418822297470572658312548631220776645321771603729476024056332596414394278374,0x0c38dd9305e3205557885183f0730270779e7e426b0ec3e7743f23963b6d6e4a,1771547424,2026-02-20T00:30:24+00:00,0.885,clob_prices_history
112418822297470572658312548631220776645321771603729476024056332596414394278374,0x0c38dd9305e3205557885183f0730270779e7e426b0ec3e7743f23963b6d6e4a,1771548324,2026-02-20T00:45:24+00:00,0.89,clob_prices_history
112418822297470572658312548631220776645321771603729476024056332596414394278374,0x0c38dd9305e3205557885183f0730270779e7e426b0ec3e7743f23963b6d6e4a,1771549239,2026-02-20T01:00:39+00:00,0.89,clob_prices_history
112418822297470572658312548631220776645321771603729476024056332596414394278374,0x0c38dd9305e3205557885183f0730270779e7e426b0ec3e7743f23963b6d6e4a,1771550125,2026-02-20T01:15:25+00:00,0.89,clob_prices_history
112418822297470572658312548631220776645321771603729476024056332596414394278374,0x0c38dd9305e3205557885183f0730270779e7e426b0ec3e7743f23963b6d6e4a,1771551027,2026-02-20T01:30:27+00:00,0.89,clob_prices_history
112418822297470572658312548631220776645321771603729476024056332596414394278374,0x0c38dd9305e3205557885183f0730270779e7e426b0ec3e7743f23963b6d6e4a,1771551923,2026-02-20T01:45:23+00:00,0.89,clob_prices_history
112418822297470572658312548631220776645321771603729476024056332596414394278374,0x0c38dd9305e3205557885183f0730270779e7e426b0ec3e7743f23963b6d6e4a,1771552826,2026-02-20T02:00:26+00:00,0.89,clob_prices_history
112418822297470572658312548631220776645321771603729476024056332596414394278374,0x0c38dd9305e3205557885183f0730270779e7e426b0ec3e7743f23963b6d6e4a,1771553728,2026-02-20T02:15:28+00:00,0.89,clob_prices_history
112418822297470572658312548631220776645321771603729476024056332596414394278374,0x0c38dd9305e3205557885183f0730270779e7e426b0ec3e7743f23963b6d6e4a,1771554627,2026-02-20T02:30:27+00:00,0.885,clob_prices_history
112418822297470572658312548631220776645321771603729476024056332596414394278374,0x0c38dd9305e3205557885183f0730270779e7e426b0ec3e7743f23963b6d6e4a,1771555524,2026-02-20T02:45:24+00:00,0.88,clob_prices_history
112418822297470572658312548631220776645321771603729476024056332596414394278374,0x0c38dd9305e3205557885183f0730270779e7e426b0ec3e7743f23963b6d6e4a,1771556455,2026-02-20T03:00:55+00:00,0.88,clob_prices_history
112418822297470572658312548631220776645321771603729476024056332596414394278374,0x0c38dd9305e3205557885183f0730270779e7e426b0ec3e7743f23963b6d6e4a,1771557324,2026-02-20T03:15:24+00:00,0.88,clob_prices_history
112418822297470572658312548631220776645321771603729476024056332596414394278374,0x0c38dd9305e3205557885183f0730270779e7e426b0ec3e7743f23963b6d6e4a,1771558226,2026-02-20T03:30:26+00:00,0.88,clob_prices_history
112418822297470572658312548631220776645321771603729476024056332596414394278374,0x0c38dd9305e3205557885183f0730270779e7e426b0ec3e7743f23963b6d6e4a,1771559122,2026-02-20T03:45:22+00:00,0.88,clob_prices_history
112418822297470572658312548631220776645321771603729476024056332596414394278374,0x0c38dd9305e3205557885183f0730270779e7e426b0ec3e7743f23963b6d6e4a,1771560025,2026-02-20T04:00:25+00:00,0.88,clob_prices_history
112418822297470572658312548631220776645321771603729476024056332596414394278374,0x0c38dd9305e3205557885183f0730270779e7e426b0ec3e7743f23963b6d6e4a,1771560922,2026-02-20T04:15:22+00:00,0.88,clob_prices_history
112418822297470572658312548631220776645321771603729476024056332596414394278374,0x0c38dd9305e3205557885183f0730270779e7e426b0ec3e7743f23963b6d6e4a,1771561826,2026-02-20T04:30:26+00:00,0.88,clob_prices_history
112418822297470572658312548631220776645321771603729476024056332596414394278374,0x0c38dd9305e3205557885183f0730270779e7e426b0ec3e7743f23963b6d6e4a,1771562723,2026-02-20T04:45:23+00:00,0.88,clob_prices_history
112418822297470572658312548631220776645321771603729476024056332596414394278374,0x0c38dd9305e3205557885183f0730270779e7e426b0ec3e7743f23963b6d6e4a,1771563624,2026-02-20T05:00:24+00:00,0.88,clob_prices_history
112418822297470572658312548631220776645321771603729476024056332596414394278374,0x0c38dd9305e3205557885183f0730270779e7e426b0ec3e7743f23963b6d6e4a,1771564551,2026-02-20T05:15:51+00:00,0.88,clob_prices_history
112418822297470572658312548631220776645321771603729476024056332596414394278374,0x0c38dd9305e3205557885183f0730270779e7e426b0ec3e7743f23963b6d6e4a,1771565427,2026-02-20T05:30:27+00:00,0.88,clob_prices_history
112418822297470572658312548631220776645321771603729476024056332596414394278374,0x0c38dd9305e3205557885183f0730270779e7e426b0ec3e7743f23963b6d6e4a,1771566327,2026-02-20T05:45:27+00:00,0.88,clob_prices_history
112418822297470572658312548631220776645321771603729476024056332596414394278374,0x0c38dd9305e3205557885183f0730270779e7e426b0ec3e7743f23963b6d6e4a,1771567248,2026-02-20T06:00:48+00:00,0.88,clob_prices_history
112418822297470572658312548631220776645321771603729476024056332596414394278374,0x0c38dd9305e3205557885183f0730270779e7e426b0ec3e7743f23963b6d6e4a,1771568122,2026-02-20T06:15:22+00:00,0.88,clob_prices_history
112418822297470572658312548631220776645321771603729476024056332596414394278374,0x0c38dd9305e3205557885183f0730270779e7e426b0ec3e7743f23963b6d6e4a,1771569024,2026-02-20T06:30:24+00:00,0.88,clob_prices_history
112418822297470572658312548631220776645321771603729476024056332596414394278374,0x0c38dd9305e3205557885183f0730270779e7e426b0ec3e7743f23963b6d6e4a,1771569923,2026-02-20T06:45:23+00:00,0.88,clob_prices_history
112418822297470572658312548631220776645321771603729476024056332596414394278374,0x0c38dd9305e3205557885183f0730270779e7e426b0ec3e7743f23963b6d6e4a,1771570825,2026-02-20T07:00:25+00:00,0.88,clob_prices_history
112418822297470572658312548631220776645321771603729476024056332596414394278374,0x0c38dd9305e3205557885183f0730270779e7e426b0ec3e7743f23963b6d6e4a,1771571722,2026-02-20T07:15:22+00:00,0.88,clob_prices_history
112418822297470572658312548631220776645321771603729476024056332596414394278374,0x0c38dd9305e3205557885183f0730270779e7e426b0ec3e7743f23963b6d6e4a,1771572625,2026-02-20T07:30:25+00:00,0.88,clob_prices_history
112418822297470572658312548631220776645321771603729476024056332596414394278374,0x0c38dd9305e3205557885183f0730270779e7e426b0ec3e7743f23963b6d6e4a,1771573525,2026-02-20T07:45:25+00:00,0.88,clob_prices_history
112418822297470572658312548631220776645321771603729476024056332596414394278374,0x0c38dd9305e3205557885183f0730270779e7e426b0ec3e7743f23963b6d6e4a,1771574426,2026-02-20T08:00:26+00:00,0.88,clob_prices_history
112418822297470572658312548631220776645321771603729476024056332596414394278374,0x0c38dd9305e3205557885183f0730270779e7e426b0ec3e7743f23963b6d6e4a,1771575322,2026-02-20T08:15:22+00:00,0.88,clob_prices_history
112418822297470572658312548631220776645321771603729476024056332596414394278374,0x0c38dd9305e3205557885183f0730270779e7e426b0ec3e7743f23963b6d6e4a,1771576225,2026-02-20T08:30:25+00:00,0.88,clob_prices_history
112418822297470572658312548631220776645321771603729476024056332596414394278374,0x0c38dd9305e3205557885183f0730270779e7e426b0ec3e7743f23963b6d6e4a,1771577123,2026-02-20T08:45:23+00:00,0.88,clob_prices_history
112418822297470572658312548631220776645321771603729476024056332596414394278374,0x0c38dd9305e3205557885183f0730270779e7e426b0ec3e7743f23963b6d6e4a,1771578039,2026-02-20T09:00:39+00:00,0.88,clob_prices_history
112418822297470572658312548631220776645321771603729476024056332596414394278374,0x0c38dd9305e3205557885183f0730270779e7e426b0ec3e7743f23963b6d6e4a,1771578922,2026-02-20T09:15:22+00:00,0.88,clob_prices_history
112418822297470572658312548631220776645321771603729476024056332596414394278374,0x0c38dd9305e3205557885183f0730270779e7e426b0ec3e7743f23963b6d6e4a,1771579829,2026-02-20T09:30:29+00:00,0.88,clob_prices_history
112418822297470572658312548631220776645321771603729476024056332596414394278374,0x0c38dd9305e3205557885183f0730270779e7e426b0ec3e7743f23963b6d6e4a,1771580722,2026-02-20T09:45:22+00:00,0.88,clob_prices_history
112418822297470572658312548631220776645321771603729476024056332596414394278374,0x0c38dd9305e3205557885183f0730270779e7e426b0ec3e7743f23963b6d6e4a,1771581626,2026-02-20T10:00:26+00:00,0.88,clob_prices_history
112418822297470572658312548631220776645321771603729476024056332596414394278374,0x0c38dd9305e3205557885183f0730270779e7e426b0ec3e7743f23963b6d6e4a,1771582526,2026-02-20T10:15:26+00:00,0.88,clob_prices_history
112418822297470572658312548631220776645321771603729476024056332596414394278374,0x0c38dd9305e3205557885183f0730270779e7e426b0ec3e7743f23963b6d6e4a,1771583425,2026-02-20T10:30:25+00:00,0.88,clob_prices_history
112418822297470572658312548631220776645321771603729476024056332596414394278374,0x0c38dd9305e3205557885183f0730270779e7e426b0ec3e7743f23963b6d6e4a,1771584353,2026-02-20T10:45:53+00:00,0.88,clob_prices_history
112418822297470572658312548631220776645321771603729476024056332596414394278374,0x0c38dd9305e3205557885183f0730270779e7e426b0ec3e7743f23963b6d6e4a,1771585226,2026-02-20T11:00:26+00:00,0.88,clob_prices_history
112418822297470572658312548631220776645321771603729476024056332596414394278374,0x0c38dd9305e3205557885183f0730270779e7e426b0ec3e7743f23963b6d6e4a,1771586127,2026-02-20T11:15:27+00:00,0.88,clob_prices_history
112418822297470572658312548631220776645321771603729476024056332596414394278374,0x0c38dd9305e3205557885183f0730270779e7e426b0ec3e7743f23963b6d6e4a,1771587025,2026-02-20T11:30:25+00:00,0.88,clob_prices_history
112418822297470572658312548631220776645321771603729476024056332596414394278374,0x0c38dd9305e3205557885183f0730270779e7e426b0ec3e7743f23963b6d6e4a,1771587923,2026-02-20T11:45:23+00:00,0.88,clob_prices_history
112418822297470572658312548631220776645321771603729476024056332596414394278374,0x0c38dd9305e3205557885183f0730270779e7e426b0ec3e7743f23963b6d6e4a,1771588836,2026-02-20T12:00:36+00:00,0.88,clob_prices_history
112418822297470572658312548631220776645321771603729476024056332596414394278374,0x0c38dd9305e3205557885183f0730270779e7e426b0ec3e7743f23963b6d6e4a,1771589722,2026-02-20T12:15:22+00:00,0.88,clob_prices_history
112418822297470572658312548631220776645321771603729476024056332596414394278374,0x0c38dd9305e3205557885183f0730270779e7e426b0ec3e7743f23963b6d6e4a,1771590656,2026-02-20T12:30:56+00:00,0.88,clob_prices_history
112418822297470572658312548631220776645321771603729476024056332596414394278374,0x0c38dd9305e3205557885183f0730270779e7e426b0ec3e7743f23963b6d6e4a,1771591522,2026-02-20T12:45:22+00:00,0.88,clob_prices_history
112418822297470572658312548631220776645321771603729476024056332596414394278374,0x0c38dd9305e3205557885183f0730270779e7e426b0ec3e7743f23963b6d6e4a,1771592457,2026-02-20T13:00:57+00:00,0.845,clob_prices_history
112418822297470572658312548631220776645321771603729476024056332596414394278374,0x0c38dd9305e3205557885183f0730270779e7e426b0ec3e7743f23963b6d6e4a,1771593323,2026-02-20T13:15:23+00:00,0.845,clob_prices_history
112418822297470572658312548631220776645321771603729476024056332596414394278374,0x0c38dd9305e3205557885183f0730270779e7e426b0ec3e7743f23963b6d6e4a,1771594231,2026-02-20T13:30:31+00:00,0.845,clob_prices_history
112418822297470572658312548631220776645321771603729476024056332596414394278374,0x0c38dd9305e3205557885183f0730270779e7e426b0ec3e7743f23963b6d6e4a,1771595132,2026-02-20T13:45:32+00:00,0.845,clob_prices_history
112418822297470572658312548631220776645321771603729476024056332596414394278374,0x0c38dd9305e3205557885183f0730270779e7e426b0ec3e7743f23963b6d6e4a,1771596024,2026-02-20T14:00:24+00:00,0.845,clob_prices_history
112418822297470572658312548631220776645321771603729476024056332596414394278374,0x0c38dd9305e3205557885183f0730270779e7e426b0ec3e7743f23963b6d6e4a,1771596943,2026-02-20T14:15:43+00:00,0.845,clob_prices_history
112418822297470572658312548631220776645321771603729476024056332596414394278374,0x0c38dd9305e3205557885183f0730270779e7e426b0ec3e7743f23963b6d6e4a,1771597826,2026-02-20T14:30:26+00:00,0.87,clob_prices_history
112418822297470572658312548631220776645321771603729476024056332596414394278374,0x0c38dd9305e3205557885183f0730270779e7e426b0ec3e7743f23963b6d6e4a,1771598723,2026-02-20T14:45:23+00:00,0.875,clob_prices_history
112418822297470572658312548631220776645321771603729476024056332596414394278374,0x0c38dd9305e3205557885183f0730270779e7e426b0ec3e7743f23963b6d6e4a,1771599633,2026-02-20T15:00:33+00:00,0.875,clob_prices_history
112418822297470572658312548631220776645321771603729476024056332596414394278374,0x0c38dd9305e3205557885183f0730270779e7e426b0ec3e7743f23963b6d6e4a,1771600525,2026-02-20T15:15:25+00:00,0.875,clob_prices_history
112418822297470572658312548631220776645321771603729476024056332596414394278374,0x0c38dd9305e3205557885183f0730270779e7e426b0ec3e7743f23963b6d6e4a,1771601444,2026-02-20T15:30:44+00:00,0.875,clob_prices_history
112418822297470572658312548631220776645321771603729476024056332596414394278374,0x0c38dd9305e3205557885183f0730270779e7e426b0ec3e7743f23963b6d6e4a,1771602325,2026-02-20T15:45:25+00:00,0.875,clob_prices_history
112418822297470572658312548631220776645321771603729476024056332596414394278374,0x0c38dd9305e3205557885183f0730270779e7e426b0ec3e7743f23963b6d6e4a,1771604125,2026-02-20T16:15:25+00:00,0.875,clob_prices_history
112418822297470572658312548631220776645321771603729476024056332596414394278374,0x0c38dd9305e3205557885183f0730270779e7e426b0ec3e7743f23963b6d6e4a,1771605033,2026-02-20T16:30:33+00:00,0.875,clob_prices_history
112418822297470572658312548631220776645321771603729476024056332596414394278374,0x0c38dd9305e3205557885183f0730270779e7e426b0ec3e7743f23963b6d6e4a,1771605925,2026-02-20T16:45:25+00:00,0.875,clob_prices_history
112418822297470572658312548631220776645321771603729476024056332596414394278374,0x0c38dd9305e3205557885183f0730270779e7e426b0ec3e7743f23963b6d6e4a,1771606855,2026-02-20T17:00:55+00:00,0.875,clob_prices_history
112418822297470572658312548631220776645321771603729476024056332596414394278374,0x0c38dd9305e3205557885183f0730270779e7e426b0ec3e7743f23963b6d6e4a,1771607723,2026-02-20T17:15:23+00:00,0.875,clob_prices_history
112418822297470572658312548631220776645321771603729476024056332596414394278374,0x0c38dd9305e3205557885183f0730270779e7e426b0ec3e7743f23963b6d6e4a,1771608626,2026-02-20T17:30:26+00:00,0.875,clob_prices_history
112418822297470572658312548631220776645321771603729476024056332596414394278374,0x0c38dd9305e3205557885183f0730270779e7e426b0ec3e7743f23963b6d6e4a,1771609531,2026-02-20T17:45:31+00:00,0.875,clob_prices_history
112418822297470572658312548631220776645321771603729476024056332596414394278374,0x0c38dd9305e3205557885183f0730270779e7e426b0ec3e7743f23963b6d6e4a,1771610433,2026-02-20T18:00:33+00:00,0.875,clob_prices_history
112418822297470572658312548631220776645321771603729476024056332596414394278374,0x0c38dd9305e3205557885183f0730270779e7e426b0ec3e7743f23963b6d6e4a,1771611338,2026-02-20T18:15:38+00:00,0.875,clob_prices_history
112418822297470572658312548631220776645321771603729476024056332596414394278374,0x0c38dd9305e3205557885183f0730270779e7e426b0ec3e7743f23963b6d6e4a,1771612227,2026-02-20T18:30:27+00:00,0.875,clob_prices_history
112418822297470572658312548631220776645321771603729476024056332596414394278374,0x0c38dd9305e3205557885183f0730270779e7e426b0ec3e7743f23963b6d6e4a,1771613124,2026-02-20T18:45:24+00:00,0.875,clob_prices_history
112418822297470572658312548631220776645321771603729476024056332596414394278374,0x0c38dd9305e3205557885183f0730270779e7e426b0ec3e7743f23963b6d6e4a,1771614033,2026-02-20T19:00:33+00:00,0.875,clob_prices_history
112418822297470572658312548631220776645321771603729476024056332596414394278374,0x0c38dd9305e3205557885183f0730270779e7e426b0ec3e7743f23963b6d6e4a,1771614925,2026-02-20T19:15:25+00:00,0.875,clob_prices_history
112418822297470572658312548631220776645321771603729476024056332596414394278374,0x0c38dd9305e3205557885183f0730270779e7e426b0ec3e7743f23963b6d6e4a,1771615827,2026-02-20T19:30:27+00:00,0.875,clob_prices_history
112418822297470572658312548631220776645321771603729476024056332596414394278374,0x0c38dd9305e3205557885183f0730270779e7e426b0ec3e7743f23963b6d6e4a,1771616724,2026-02-20T19:45:24+00:00,0.875,clob_prices_history
112418822297470572658312548631220776645321771603729476024056332596414394278374,0x0c38dd9305e3205557885183f0730270779e7e426b0ec3e7743f23963b6d6e4a,1771617628,2026-02-20T20:00:28+00:00,0.875,clob_prices_history
112418822297470572658312548631220776645321771603729476024056332596414394278374,0x0c38dd9305e3205557885183f0730270779e7e426b0ec3e7743f23963b6d6e4a,1771618537,2026-02-20T20:15:37+00:00,0.875,clob_prices_history
112418822297470572658312548631220776645321771603729476024056332596414394278374,0x0c38dd9305e3205557885183f0730270779e7e426b0ec3e7743f23963b6d6e4a,1771619427,2026-02-20T20:30:27+00:00,0.875,clob_prices_history
112418822297470572658312548631220776645321771603729476024056332596414394278374,0x0c38dd9305e3205557885183f0730270779e7e426b0ec3e7743f23963b6d6e4a,1771620357,2026-02-20T20:45:57+00:00,0.875,clob_prices_history
112418822297470572658312548631220776645321771603729476024056332596414394278374,0x0c38dd9305e3205557885183f0730270779e7e426b0ec3e7743f23963b6d6e4a,1771621234,2026-02-20T21:00:34+00:00,0.875,clob_prices_history
112418822297470572658312548631220776645321771603729476024056332596414394278374,0x0c38dd9305e3205557885183f0730270779e7e426b0ec3e7743f23963b6d6e4a,1771622123,2026-02-20T21:15:23+00:00,0.875,clob_prices_history
112418822297470572658312548631220776645321771603729476024056332596414394278374,0x0c38dd9305e3205557885183f0730270779e7e426b0ec3e7743f23963b6d6e4a,1771623026,2026-02-20T21:30:26+00:00,0.875,clob_prices_history
112418822297470572658312548631220776645321771603729476024056332596414394278374,0x0c38dd9305e3205557885183f0730270779e7e426b0ec3e7743f23963b6d6e4a,1771623923,2026-02-20T21:45:23+00:00,0.875,clob_prices_history
112418822297470572658312548631220776645321771603729476024056332596414394278374,0x0c38dd9305e3205557885183f0730270779e7e426b0ec3e7743f23963b6d6e4a,1771624827,2026-02-20T22:00:27+00:00,0.875,clob_prices_history
112418822297470572658312548631220776645321771603729476024056332596414394278374,0x0c38dd9305e3205557885183f0730270779e7e426b0ec3e7743f23963b6d6e4a,1771625724,2026-02-20T22:15:24+00:00,0.875,clob_prices_history
112418822297470572658312548631220776645321771603729476024056332596414394278374,0x0c38dd9305e3205557885183f0730270779e7e426b0ec3e7743f23963b6d6e4a,1771626633,2026-02-20T22:30:33+00:00,0.875,clob_prices_history
112418822297470572658312548631220776645321771603729476024056332596414394278374,0x0c38dd9305e3205557885183f0730270779e7e426b0ec3e7743f23963b6d6e4a,1771627523,2026-02-20T22:45:23+00:00,0.875,clob_prices_history
112418822297470572658312548631220776645321771603729476024056332596414394278374,0x0c38dd9305e3205557885183f0730270779e7e426b0ec3e7743f23963b6d6e4a,1771628427,2026-02-20T23:00:27+00:00,0.875,clob_prices_history
112418822297470572658312548631220776645321771603729476024056332596414394278374,0x0c38dd9305e3205557885183f0730270779e7e426b0ec3e7743f23963b6d6e4a,1771629323,2026-02-20T23:15:23+00:00,0.875,clob_prices_history
112418822297470572658312548631220776645321771603729476024056332596414394278374,0x0c38dd9305e3205557885183f0730270779e7e426b0ec3e7743f23963b6d6e4a,1771630236,2026-02-20T23:30:36+00:00,0.875,clob_prices_history
112418822297470572658312548631220776645321771603729476024056332596414394278374,0x0c38dd9305e3205557885183f0730270779e7e426b0ec3e7743f23963b6d6e4a,1771631124,2026-02-20T23:45:24+00:00,0.875,clob_prices_history
112418822297470572658312548631220776645321771603729476024056332596414394278374,0x0c38dd9305e3205557885183f0730270779e7e426b0ec3e7743f23963b6d6e4a,1771632039,2026-02-21T00:00:39+00:00,0.875,clob_prices_history
112418822297470572658312548631220776645321771603729476024056332596414394278374,0x0c38dd9305e3205557885183f0730270779e7e426b0ec3e7743f23963b6d6e4a,1771632924,2026-02-21T00:15:24+00:00,0.875,clob_prices_history
112418822297470572658312548631220776645321771603729476024056332596414394278374,0x0c38dd9305e3205557885183f0730270779e7e426b0ec3e7743f23963b6d6e4a,1771633841,2026-02-21T00:30:41+00:00,0.875,clob_prices_history
112418822297470572658312548631220776645321771603729476024056332596414394278374,0x0c38dd9305e3205557885183f0730270779e7e426b0ec3e7743f23963b6d6e4a,1771634722,2026-02-21T00:45:22+00:00,0.875,clob_prices_history
112418822297470572658312548631220776645321771603729476024056332596414394278374,0x0c38dd9305e3205557885183f0730270779e7e426b0ec3e7743f23963b6d6e4a,1771635633,2026-02-21T01:00:33+00:00,0.875,clob_prices_history
112418822297470572658312548631220776645321771603729476024056332596414394278374,0x0c38dd9305e3205557885183f0730270779e7e426b0ec3e7743f23963b6d6e4a,1771636523,2026-02-21T01:15:23+00:00,0.875,clob_prices_history
112418822297470572658312548631220776645321771603729476024056332596414394278374,0x0c38dd9305e3205557885183f0730270779e7e426b0ec3e7743f23963b6d6e4a,1771637432,2026-02-21T01:30:32+00:00,0.875,clob_prices_history
112418822297470572658312548631220776645321771603729476024056332596414394278374,0x0c38dd9305e3205557885183f0730270779e7e426b0ec3e7743f23963b6d6e4a,1771638350,2026-02-21T01:45:50+00:00,0.875,clob_prices_history
112418822297470572658312548631220776645321771603729476024056332596414394278374,0x0c38dd9305e3205557885183f0730270779e7e426b0ec3e7743f23963b6d6e4a,1771639226,2026-02-21T02:00:26+00:00,0.875,clob_prices_history
112418822297470572658312548631220776645321771603729476024056332596414394278374,0x0c38dd9305e3205557885183f0730270779e7e426b0ec3e7743f23963b6d6e4a,1771640131,2026-02-21T02:15:31+00:00,0.875,clob_prices_history
112418822297470572658312548631220776645321771603729476024056332596414394278374,0x0c38dd9305e3205557885183f0730270779e7e426b0ec3e7743f23963b6d6e4a,1771641027,2026-02-21T02:30:27+00:00,0.875,clob_prices_history
112418822297470572658312548631220776645321771603729476024056332596414394278374,0x0c38dd9305e3205557885183f0730270779e7e426b0ec3e7743f23963b6d6e4a,1771641923,2026-02-21T02:45:23+00:00,0.875,clob_prices_history
112418822297470572658312548631220776645321771603729476024056332596414394278374,0x0c38dd9305e3205557885183f0730270779e7e426b0ec3e7743f23963b6d6e4a,1771642835,2026-02-21T03:00:35+00:00,0.875,clob_prices_history
112418822297470572658312548631220776645321771603729476024056332596414394278374,0x0c38dd9305e3205557885183f0730270779e7e426b0ec3e7743f23963b6d6e4a,1771643722,2026-02-21T03:15:22+00:00,0.875,clob_prices_history
112418822297470572658312548631220776645321771603729476024056332596414394278374,0x0c38dd9305e3205557885183f0730270779e7e426b0ec3e7743f23963b6d6e4a,1771644646,2026-02-21T03:30:46+00:00,0.875,clob_prices_history
112418822297470572658312548631220776645321771603729476024056332596414394278374,0x0c38dd9305e3205557885183f0730270779e7e426b0ec3e7743f23963b6d6e4a,1771645523,2026-02-21T03:45:23+00:00,0.875,clob_prices_history
112418822297470572658312548631220776645321771603729476024056332596414394278374,0x0c38dd9305e3205557885183f0730270779e7e426b0ec3e7743f23963b6d6e4a,1771646435,2026-02-21T04:00:35+00:00,0.875,clob_prices_history
112418822297470572658312548631220776645321771603729476024056332596414394278374,0x0c38dd9305e3205557885183f0730270779e7e426b0ec3e7743f23963b6d6e4a,1771647323,2026-02-21T04:15:23+00:00,0.875,clob_prices_history
112418822297470572658312548631220776645321771603729476024056332596414394278374,0x0c38dd9305e3205557885183f0730270779e7e426b0ec3e7743f23963b6d6e4a,1771648227,2026-02-21T04:30:27+00:00,0.875,clob_prices_history
112418822297470572658312548631220776645321771603729476024056332596414394278374,0x0c38dd9305e3205557885183f0730270779e7e426b0ec3e7743f23963b6d6e4a,1771649123,2026-02-21T04:45:23+00:00,0.875,clob_prices_history
112418822297470572658312548631220776645321771603729476024056332596414394278374,0x0c38dd9305e3205557885183f0730270779e7e426b0ec3e7743f23963b6d6e4a,1771650026,2026-02-21T05:00:26+00:00,0.875,clob_prices_history
112418822297470572658312548631220776645321771603729476024056332596414394278374,0x0c38dd9305e3205557885183f0730270779e7e426b0ec3e7743f23963b6d6e4a,1771650924,2026-02-21T05:15:24+00:00,0.875,clob_prices_history
112418822297470572658312548631220776645321771603729476024056332596414394278374,0x0c38dd9305e3205557885183f0730270779e7e426b0ec3e7743f23963b6d6e4a,1771651835,2026-02-21T05:30:35+00:00,0.875,clob_prices_history
112418822297470572658312548631220776645321771603729476024056332596414394278374,0x0c38dd9305e3205557885183f0730270779e7e426b0ec3e7743f23963b6d6e4a,1771652725,2026-02-21T05:45:25+00:00,0.875,clob_prices_history
112418822297470572658312548631220776645321771603729476024056332596414394278374,0x0c38dd9305e3205557885183f0730270779e7e426b0ec3e7743f23963b6d6e4a,1771654529,2026-02-21T06:15:29+00:00,0.875,clob_prices_history
112418822297470572658312548631220776645321771603729476024056332596414394278374,0x0c38dd9305e3205557885183f0730270779e7e426b0ec3e7743f23963b6d6e4a,1771655428,2026-02-21T06:30:28+00:00,0.875,clob_prices_history
112418822297470572658312548631220776645321771603729476024056332596414394278374,0x0c38dd9305e3205557885183f0730270779e7e426b0ec3e7743f23963b6d6e4a,1771656324,2026-02-21T06:45:24+00:00,0.875,clob_prices_history
112418822297470572658312548631220776645321771603729476024056332596414394278374,0x0c38dd9305e3205557885183f0730270779e7e426b0ec3e7743f23963b6d6e4a,1771657229,2026-02-21T07:00:29+00:00,0.875,clob_prices_history
112418822297470572658312548631220776645321771603729476024056332596414394278374,0x0c38dd9305e3205557885183f0730270779e7e426b0ec3e7743f23963b6d6e4a,1771658131,2026-02-21T07:15:31+00:00,0.875,clob_prices_history
112418822297470572658312548631220776645321771603729476024056332596414394278374,0x0c38dd9305e3205557885183f0730270779e7e426b0ec3e7743f23963b6d6e4a,1771659028,2026-02-21T07:30:28+00:00,0.875,clob_prices_history
112418822297470572658312548631220776645321771603729476024056332596414394278374,0x0c38dd9305e3205557885183f0730270779e7e426b0ec3e7743f23963b6d6e4a,1771659924,2026-02-21T07:45:24+00:00,0.875,clob_prices_history
112418822297470572658312548631220776645321771603729476024056332596414394278374,0x0c38dd9305e3205557885183f0730270779e7e426b0ec3e7743f23963b6d6e4a,1771660828,2026-02-21T08:00:28+00:00,0.875,clob_prices_history
112418822297470572658312548631220776645321771603729476024056332596414394278374,0x0c38dd9305e3205557885183f0730270779e7e426b0ec3e7743f23963b6d6e4a,1771661724,2026-02-21T08:15:24+00:00,0.875,clob_prices_history
112418822297470572658312548631220776645321771603729476024056332596414394278374,0x0c38dd9305e3205557885183f0730270779e7e426b0ec3e7743f23963b6d6e4a,1771662630,2026-02-21T08:30:30+00:00,0.875,clob_prices_history
112418822297470572658312548631220776645321771603729476024056332596414394278374,0x0c38dd9305e3205557885183f0730270779e7e426b0ec3e7743f23963b6d6e4a,1771663531,2026-02-21T08:45:31+00:00,0.875,clob_prices_history
112418822297470572658312548631220776645321771603729476024056332596414394278374,0x0c38dd9305e3205557885183f0730270779e7e426b0ec3e7743f23963b6d6e4a,1771664436,2026-02-21T09:00:36+00:00,0.875,clob_prices_history
112418822297470572658312548631220776645321771603729476024056332596414394278374,0x0c38dd9305e3205557885183f0730270779e7e426b0ec3e7743f23963b6d6e4a,1771665323,2026-02-21T09:15:23+00:00,0.875,clob_prices_history
112418822297470572658312548631220776645321771603729476024056332596414394278374,0x0c38dd9305e3205557885183f0730270779e7e426b0ec3e7743f23963b6d6e4a,1771666228,2026-02-21T09:30:28+00:00,0.875,clob_prices_history
112418822297470572658312548631220776645321771603729476024056332596414394278374,0x0c38dd9305e3205557885183f0730270779e7e426b0ec3e7743f23963b6d6e4a,1771667124,2026-02-21T09:45:24+00:00,0.875,clob_prices_history
112418822297470572658312548631220776645321771603729476024056332596414394278374,0x0c38dd9305e3205557885183f0730270779e7e426b0ec3e7743f23963b6d6e4a,1771668030,2026-02-21T10:00:30+00:00,0.845,clob_prices_history
112418822297470572658312548631220776645321771603729476024056332596414394278374,0x0c38dd9305e3205557885183f0730270779e7e426b0ec3e7743f23963b6d6e4a,1771668924,2026-02-21T10:15:24+00:00,0.86,clob_prices_history
112418822297470572658312548631220776645321771603729476024056332596414394278374,0x0c38dd9305e3205557885183f0730270779e7e426b0ec3e7743f23963b6d6e4a,1771669847,2026-02-21T10:30:47+00:00,0.86,clob_prices_history
112418822297470572658312548631220776645321771603729476024056332596414394278374,0x0c38dd9305e3205557885183f0730270779e7e426b0ec3e7743f23963b6d6e4a,1771670722,2026-02-21T10:45:22+00:00,0.875,clob_prices_history
112418822297470572658312548631220776645321771603729476024056332596414394278374,0x0c38dd9305e3205557885183f0730270779e7e426b0ec3e7743f23963b6d6e4a,1771671639,2026-02-21T11:00:39+00:00,0.875,clob_prices_history
112418822297470572658312548631220776645321771603729476024056332596414394278374,0x0c38dd9305e3205557885183f0730270779e7e426b0ec3e7743f23963b6d6e4a,1771672524,2026-02-21T11:15:24+00:00,0.875,clob_prices_history
112418822297470572658312548631220776645321771603729476024056332596414394278374,0x0c38dd9305e3205557885183f0730270779e7e426b0ec3e7743f23963b6d6e4a,1771673429,2026-02-21T11:30:29+00:00,0.875,clob_prices_history
112418822297470572658312548631220776645321771603729476024056332596414394278374,0x0c38dd9305e3205557885183f0730270779e7e426b0ec3e7743f23963b6d6e4a,1771674330,2026-02-21T11:45:30+00:00,0.875,clob_prices_history
112418822297470572658312548631220776645321771603729476024056332596414394278374,0x0c38dd9305e3205557885183f0730270779e7e426b0ec3e7743f23963b6d6e4a,1771675239,2026-02-21T12:00:39+00:00,0.875,clob_prices_history
112418822297470572658312548631220776645321771603729476024056332596414394278374,0x0c38dd9305e3205557885183f0730270779e7e426b0ec3e7743f23963b6d6e4a,1771676125,2026-02-21T12:15:25+00:00,0.875,clob_prices_history
112418822297470572658312548631220776645321771603729476024056332596414394278374,0x0c38dd9305e3205557885183f0730270779e7e426b0ec3e7743f23963b6d6e4a,1771677028,2026-02-21T12:30:28+00:00,0.875,clob_prices_history
112418822297470572658312548631220776645321771603729476024056332596414394278374,0x0c38dd9305e3205557885183f0730270779e7e426b0ec3e7743f23963b6d6e4a,1771677925,2026-02-21T12:45:25+00:00,0.875,clob_prices_history
112418822297470572658312548631220776645321771603729476024056332596414394278374,0x0c38dd9305e3205557885183f0730270779e7e426b0ec3e7743f23963b6d6e4a,1771678837,2026-02-21T13:00:37+00:00,0.875,clob_prices_history
112418822297470572658312548631220776645321771603729476024056332596414394278374,0x0c38dd9305e3205557885183f0730270779e7e426b0ec3e7743f23963b6d6e4a,1771679724,2026-02-21T13:15:24+00:00,0.875,clob_prices_history
112418822297470572658312548631220776645321771603729476024056332596414394278374,0x0c38dd9305e3205557885183f0730270779e7e426b0ec3e7743f23963b6d6e4a,1771680649,2026-02-21T13:30:49+00:00,0.875,clob_prices_history
112418822297470572658312548631220776645321771603729476024056332596414394278374,0x0c38dd9305e3205557885183f0730270779e7e426b0ec3e7743f23963b6d6e4a,1771681529,2026-02-21T13:45:29+00:00,0.875,clob_prices_history
112418822297470572658312548631220776645321771603729476024056332596414394278374,0x0c38dd9305e3205557885183f0730270779e7e426b0ec3e7743f23963b6d6e4a,1771682429,2026-02-21T14:00:29+00:00,0.875,clob_prices_history
112418822297470572658312548631220776645321771603729476024056332596414394278374,0x0c38dd9305e3205557885183f0730270779e7e426b0ec3e7743f23963b6d6e4a,1771683326,2026-02-21T14:15:26+00:00,0.875,clob_prices_history
112418822297470572658312548631220776645321771603729476024056332596414394278374,0x0c38dd9305e3205557885183f0730270779e7e426b0ec3e7743f23963b6d6e4a,1771684234,2026-02-21T14:30:34+00:00,0.875,clob_prices_history
112418822297470572658312548631220776645321771603729476024056332596414394278374,0x0c38dd9305e3205557885183f0730270779e7e426b0ec3e7743f23963b6d6e4a,1771685123,2026-02-21T14:45:23+00:00,0.875,clob_prices_history
112418822297470572658312548631220776645321771603729476024056332596414394278374,0x0c38dd9305e3205557885183f0730270779e7e426b0ec3e7743f23963b6d6e4a,1771686038,2026-02-21T15:00:38+00:00,0.875,clob_prices_history
112418822297470572658312548631220776645321771603729476024056332596414394278374,0x0c38dd9305e3205557885183f0730270779e7e426b0ec3e7743f23963b6d6e4a,1771686925,2026-02-21T15:15:25+00:00,0.875,clob_prices_history
112418822297470572658312548631220776645321771603729476024056332596414394278374,0x0c38dd9305e3205557885183f0730270779e7e426b0ec3e7743f23963b6d6e4a,1771687829,2026-02-21T15:30:29+00:00,0.875,clob_prices_history
112418822297470572658312548631220776645321771603729476024056332596414394278374,0x0c38dd9305e3205557885183f0730270779e7e426b0ec3e7743f23963b6d6e4a,1771688724,2026-02-21T15:45:24+00:00,0.875,clob_prices_history
112418822297470572658312548631220776645321771603729476024056332596414394278374,0x0c38dd9305e3205557885183f0730270779e7e426b0ec3e7743f23963b6d6e4a,1771689629,2026-02-21T16:00:29+00:00,0.875,clob_prices_history
112418822297470572658312548631220776645321771603729476024056332596414394278374,0x0c38dd9305e3205557885183f0730270779e7e426b0ec3e7743f23963b6d6e4a,1771690530,2026-02-21T16:15:30+00:00,0.875,clob_prices_history
112418822297470572658312548631220776645321771603729476024056332596414394278374,0x0c38dd9305e3205557885183f0730270779e7e426b0ec3e7743f23963b6d6e4a,1771691441,2026-02-21T16:30:41+00:00,0.875,clob_prices_history
112418822297470572658312548631220776645321771603729476024056332596414394278374,0x0c38dd9305e3205557885183f0730270779e7e426b0ec3e7743f23963b6d6e4a,1771692326,2026-02-21T16:45:26+00:00,0.875,clob_prices_history
112418822297470572658312548631220776645321771603729476024056332596414394278374,0x0c38dd9305e3205557885183f0730270779e7e426b0ec3e7743f23963b6d6e4a,1771693248,2026-02-21T17:00:48+00:00,0.875,clob_prices_history
112418822297470572658312548631220776645321771603729476024056332596414394278374,0x0c38dd9305e3205557885183f0730270779e7e426b0ec3e7743f23963b6d6e4a,1771694124,2026-02-21T17:15:24+00:00,0.875,clob_prices_history
112418822297470572658312548631220776645321771603729476024056332596414394278374,0x0c38dd9305e3205557885183f0730270779e7e426b0ec3e7743f23963b6d6e4a,1771695030,2026-02-21T17:30:30+00:00,0.875,clob_prices_history
112418822297470572658312548631220776645321771603729476024056332596414394278374,0x0c38dd9305e3205557885183f0730270779e7e426b0ec3e7743f23963b6d6e4a,1771695927,2026-02-21T17:45:27+00:00,0.875,clob_prices_history
112418822297470572658312548631220776645321771603729476024056332596414394278374,0x0c38dd9305e3205557885183f0730270779e7e426b0ec3e7743f23963b6d6e4a,1771696837,2026-02-21T18:00:37+00:00,0.875,clob_prices_history
112418822297470572658312548631220776645321771603729476024056332596414394278374,0x0c38dd9305e3205557885183f0730270779e7e426b0ec3e7743f23963b6d6e4a,1771697754,2026-02-21T18:15:54+00:00,0.875,clob_prices_history
112418822297470572658312548631220776645321771603729476024056332596414394278374,0x0c38dd9305e3205557885183f0730270779e7e426b0ec3e7743f23963b6d6e4a,1771698629,2026-02-21T18:30:29+00:00,0.875,clob_prices_history
112418822297470572658312548631220776645321771603729476024056332596414394278374,0x0c38dd9305e3205557885183f0730270779e7e426b0ec3e7743f23963b6d6e4a,1771699525,2026-02-21T18:45:25+00:00,0.875,clob_prices_history
112418822297470572658312548631220776645321771603729476024056332596414394278374,0x0c38dd9305e3205557885183f0730270779e7e426b0ec3e7743f23963b6d6e4a,1771700437,2026-02-21T19:00:37+00:00,0.875,clob_prices_history
112418822297470572658312548631220776645321771603729476024056332596414394278374,0x0c38dd9305e3205557885183f0730270779e7e426b0ec3e7743f23963b6d6e4a,1771701326,2026-02-21T19:15:26+00:00,0.875,clob_prices_history
112418822297470572658312548631220776645321771603729476024056332596414394278374,0x0c38dd9305e3205557885183f0730270779e7e426b0ec3e7743f23963b6d6e4a,1771703124,2026-02-21T19:45:24+00:00,0.875,clob_prices_history
112418822297470572658312548631220776645321771603729476024056332596414394278374,0x0c38dd9305e3205557885183f0730270779e7e426b0ec3e7743f23963b6d6e4a,1771704038,2026-02-21T20:00:38+00:00,0.875,clob_prices_history
112418822297470572658312548631220776645321771603729476024056332596414394278374,0x0c38dd9305e3205557885183f0730270779e7e426b0ec3e7743f23963b6d6e4a,1771704944,2026-02-21T20:15:44+00:00,0.875,clob_prices_history
112418822297470572658312548631220776645321771603729476024056332596414394278374,0x0c38dd9305e3205557885183f0730270779e7e426b0ec3e7743f23963b6d6e4a,1771705832,2026-02-21T20:30:32+00:00,0.875,clob_prices_history
112418822297470572658312548631220776645321771603729476024056332596414394278374,0x0c38dd9305e3205557885183f0730270779e7e426b0ec3e7743f23963b6d6e4a,1771706738,2026-02-21T20:45:38+00:00,0.875,clob_prices_history
112418822297470572658312548631220776645321771603729476024056332596414394278374,0x0c38dd9305e3205557885183f0730270779e7e426b0ec3e7743f23963b6d6e4a,1771707637,2026-02-21T21:00:37+00:00,0.875,clob_prices_history
112418822297470572658312548631220776645321771603729476024056332596414394278374,0x0c38dd9305e3205557885183f0730270779e7e426b0ec3e7743f23963b6d6e4a,1771708535,2026-02-21T21:15:35+00:00,0.875,clob_prices_history
112418822297470572658312548631220776645321771603729476024056332596414394278374,0x0c38dd9305e3205557885183f0730270779e7e426b0ec3e7743f23963b6d6e4a,1771709431,2026-02-21T21:30:31+00:00,0.875,clob_prices_history
112418822297470572658312548631220776645321771603729476024056332596414394278374,0x0c38dd9305e3205557885183f0730270779e7e426b0ec3e7743f23963b6d6e4a,1771710330,2026-02-21T21:45:30+00:00,0.875,clob_prices_history
112418822297470572658312548631220776645321771603729476024056332596414394278374,0x0c38dd9305e3205557885183f0730270779e7e426b0ec3e7743f23963b6d6e4a,1771711230,2026-02-21T22:00:30+00:00,0.875,clob_prices_history
112418822297470572658312548631220776645321771603729476024056332596414394278374,0x0c38dd9305e3205557885183f0730270779e7e426b0ec3e7743f23963b6d6e4a,1771712124,2026-02-21T22:15:24+00:00,0.875,clob_prices_history
112418822297470572658312548631220776645321771603729476024056332596414394278374,0x0c38dd9305e3205557885183f0730270779e7e426b0ec3e7743f23963b6d6e4a,1771713030,2026-02-21T22:30:30+00:00,0.875,clob_prices_history
112418822297470572658312548631220776645321771603729476024056332596414394278374,0x0c38dd9305e3205557885183f0730270779e7e426b0ec3e7743f23963b6d6e4a,1771713931,2026-02-21T22:45:31+00:00,0.875,clob_prices_history
112418822297470572658312548631220776645321771603729476024056332596414394278374,0x0c38dd9305e3205557885183f0730270779e7e426b0ec3e7743f23963b6d6e4a,1771714830,2026-02-21T23:00:30+00:00,0.875,clob_prices_history
112418822297470572658312548631220776645321771603729476024056332596414394278374,0x0c38dd9305e3205557885183f0730270779e7e426b0ec3e7743f23963b6d6e4a,1771715736,2026-02-21T23:15:36+00:00,0.875,clob_prices_history
112418822297470572658312548631220776645321771603729476024056332596414394278374,0x0c38dd9305e3205557885183f0730270779e7e426b0ec3e7743f23963b6d6e4a,1771716630,2026-02-21T23:30:30+00:00,0.875,clob_prices_history
112418822297470572658312548631220776645321771603729476024056332596414394278374,0x0c38dd9305e3205557885183f0730270779e7e426b0ec3e7743f23963b6d6e4a,1771717525,2026-02-21T23:45:25+00:00,0.875,clob_prices_history
112418822297470572658312548631220776645321771603729476024056332596414394278374,0x0c38dd9305e3205557885183f0730270779e7e426b0ec3e7743f23963b6d6e4a,1771718439,2026-02-22T00:00:39+00:00,0.875,clob_prices_history
112418822297470572658312548631220776645321771603729476024056332596414394278374,0x0c38dd9305e3205557885183f0730270779e7e426b0ec3e7743f23963b6d6e4a,1771719323,2026-02-22T00:15:23+00:00,0.875,clob_prices_history
112418822297470572658312548631220776645321771603729476024056332596414394278374,0x0c38dd9305e3205557885183f0730270779e7e426b0ec3e7743f23963b6d6e4a,1771720230,2026-02-22T00:30:30+00:00,0.875,clob_prices_history
112418822297470572658312548631220776645321771603729476024056332596414394278374,0x0c38dd9305e3205557885183f0730270779e7e426b0ec3e7743f23963b6d6e4a,1771721124,2026-02-22T00:45:24+00:00,0.875,clob_prices_history
112418822297470572658312548631220776645321771603729476024056332596414394278374,0x0c38dd9305e3205557885183f0730270779e7e426b0ec3e7743f23963b6d6e4a,1771722030,2026-02-22T01:00:30+00:00,0.875,clob_prices_history
112418822297470572658312548631220776645321771603729476024056332596414394278374,0x0c38dd9305e3205557885183f0730270779e7e426b0ec3e7743f23963b6d6e4a,1771722925,2026-02-22T01:15:25+00:00,0.875,clob_prices_history
112418822297470572658312548631220776645321771603729476024056332596414394278374,0x0c38dd9305e3205557885183f0730270779e7e426b0ec3e7743f23963b6d6e4a,1771723830,2026-02-22T01:30:30+00:00,0.875,clob_prices_history
112418822297470572658312548631220776645321771603729476024056332596414394278374,0x0c38dd9305e3205557885183f0730270779e7e426b0ec3e7743f23963b6d6e4a,1771724723,2026-02-22T01:45:23+00:00,0.875,clob_prices_history
112418822297470572658312548631220776645321771603729476024056332596414394278374,0x0c38dd9305e3205557885183f0730270779e7e426b0ec3e7743f23963b6d6e4a,1771725631,2026-02-22T02:00:31+00:00,0.875,clob_prices_history
112418822297470572658312548631220776645321771603729476024056332596414394278374,0x0c38dd9305e3205557885183f0730270779e7e426b0ec3e7743f23963b6d6e4a,1771726524,2026-02-22T02:15:24+00:00,0.875,clob_prices_history
112418822297470572658312548631220776645321771603729476024056332596414394278374,0x0c38dd9305e3205557885183f0730270779e7e426b0ec3e7743f23963b6d6e4a,1771727430,2026-02-22T02:30:30+00:00,0.875,clob_prices_history
112418822297470572658312548631220776645321771603729476024056332596414394278374,0x0c38dd9305e3205557885183f0730270779e7e426b0ec3e7743f23963b6d6e4a,1771728322,2026-02-22T02:45:22+00:00,0.875,clob_prices_history
112418822297470572658312548631220776645321771603729476024056332596414394278374,0x0c38dd9305e3205557885183f0730270779e7e426b0ec3e7743f23963b6d6e4a,1771729251,2026-02-22T03:00:51+00:00,0.875,clob_prices_history
112418822297470572658312548631220776645321771603729476024056332596414394278374,0x0c38dd9305e3205557885183f0730270779e7e426b0ec3e7743f23963b6d6e4a,1771730122,2026-02-22T03:15:22+00:00,0.875,clob_prices_history
112418822297470572658312548631220776645321771603729476024056332596414394278374,0x0c38dd9305e3205557885183f0730270779e7e426b0ec3e7743f23963b6d6e4a,1771731028,2026-02-22T03:30:28+00:00,0.875,clob_prices_history
112418822297470572658312548631220776645321771603729476024056332596414394278374,0x0c38dd9305e3205557885183f0730270779e7e426b0ec3e7743f23963b6d6e4a,1771731922,2026-02-22T03:45:22+00:00,0.875,clob_prices_history
112418822297470572658312548631220776645321771603729476024056332596414394278374,0x0c38dd9305e3205557885183f0730270779e7e426b0ec3e7743f23963b6d6e4a,1771732828,2026-02-22T04:00:28+00:00,0.875,clob_prices_history
112418822297470572658312548631220776645321771603729476024056332596414394278374,0x0c38dd9305e3205557885183f0730270779e7e426b0ec3e7743f23963b6d6e4a,1771733721,2026-02-22T04:15:21+00:00,0.875,clob_prices_history
112418822297470572658312548631220776645321771603729476024056332596414394278374,0x0c38dd9305e3205557885183f0730270779e7e426b0ec3e7743f23963b6d6e4a,1771734627,2026-02-22T04:30:27+00:00,0.875,clob_prices_history
112418822297470572658312548631220776645321771603729476024056332596414394278374,0x0c38dd9305e3205557885183f0730270779e7e426b0ec3e7743f23963b6d6e4a,1771735522,2026-02-22T04:45:22+00:00,0.875,clob_prices_history
112418822297470572658312548631220776645321771603729476024056332596414394278374,0x0c38dd9305e3205557885183f0730270779e7e426b0ec3e7743f23963b6d6e4a,1771736427,2026-02-22T05:00:27+00:00,0.875,clob_prices_history
112418822297470572658312548631220776645321771603729476024056332596414394278374,0x0c38dd9305e3205557885183f0730270779e7e426b0ec3e7743f23963b6d6e4a,1771737324,2026-02-22T05:15:24+00:00,0.875,clob_prices_history
112418822297470572658312548631220776645321771603729476024056332596414394278374,0x0c38dd9305e3205557885183f0730270779e7e426b0ec3e7743f23963b6d6e4a,1771738228,2026-02-22T05:30:28+00:00,0.875,clob_prices_history
112418822297470572658312548631220776645321771603729476024056332596414394278374,0x0c38dd9305e3205557885183f0730270779e7e426b0ec3e7743f23963b6d6e4a,1771739122,2026-02-22T05:45:22+00:00,0.875,clob_prices_history
112418822297470572658312548631220776645321771603729476024056332596414394278374,0x0c38dd9305e3205557885183f0730270779e7e426b0ec3e7743f23963b6d6e4a,1771740035,2026-02-22T06:00:35+00:00,0.875,clob_prices_history
112418822297470572658312548631220776645321771603729476024056332596414394278374,0x0c38dd9305e3205557885183f0730270779e7e426b0ec3e7743f23963b6d6e4a,1771740923,2026-02-22T06:15:23+00:00,0.875,clob_prices_history
112418822297470572658312548631220776645321771603729476024056332596414394278374,0x0c38dd9305e3205557885183f0730270779e7e426b0ec3e7743f23963b6d6e4a,1771741829,2026-02-22T06:30:29+00:00,0.875,clob_prices_history
112418822297470572658312548631220776645321771603729476024056332596414394278374,0x0c38dd9305e3205557885183f0730270779e7e426b0ec3e7743f23963b6d6e4a,1771742723,2026-02-22T06:45:23+00:00,0.875,clob_prices_history
112418822297470572658312548631220776645321771603729476024056332596414394278374,0x0c38dd9305e3205557885183f0730270779e7e426b0ec3e7743f23963b6d6e4a,1771744522,2026-02-22T07:15:22+00:00,0.875,clob_prices_history
112418822297470572658312548631220776645321771603729476024056332596414394278374,0x0c38dd9305e3205557885183f0730270779e7e426b0ec3e7743f23963b6d6e4a,1771745432,2026-02-22T07:30:32+00:00,0.875,clob_prices_history
112418822297470572658312548631220776645321771603729476024056332596414394278374,0x0c38dd9305e3205557885183f0730270779e7e426b0ec3e7743f23963b6d6e4a,1771746322,2026-02-22T07:45:22+00:00,0.875,clob_prices_history
112418822297470572658312548631220776645321771603729476024056332596414394278374,0x0c38dd9305e3205557885183f0730270779e7e426b0ec3e7743f23963b6d6e4a,1771747236,2026-02-22T08:00:36+00:00,0.875,clob_prices_history
112418822297470572658312548631220776645321771603729476024056332596414394278374,0x0c38dd9305e3205557885183f0730270779e7e426b0ec3e7743f23963b6d6e4a,1771748123,2026-02-22T08:15:23+00:00,0.875,clob_prices_history
112418822297470572658312548631220776645321771603729476024056332596414394278374,0x0c38dd9305e3205557885183f0730270779e7e426b0ec3e7743f23963b6d6e4a,1771749029,2026-02-22T08:30:29+00:00,0.875,clob_prices_history
112418822297470572658312548631220776645321771603729476024056332596414394278374,0x0c38dd9305e3205557885183f0730270779e7e426b0ec3e7743f23963b6d6e4a,1771749923,2026-02-22T08:45:23+00:00,0.875,clob_prices_history
112418822297470572658312548631220776645321771603729476024056332596414394278374,0x0c38dd9305e3205557885183f0730270779e7e426b0ec3e7743f23963b6d6e4a,1771750838,2026-02-22T09:00:38+00:00,0.875,clob_prices_history
112418822297470572658312548631220776645321771603729476024056332596414394278374,0x0c38dd9305e3205557885183f0730270779e7e426b0ec3e7743f23963b6d6e4a,1771751733,2026-02-22T09:15:33+00:00,0.875,clob_prices_history
112418822297470572658312548631220776645321771603729476024056332596414394278374,0x0c38dd9305e3205557885183f0730270779e7e426b0ec3e7743f23963b6d6e4a,1771752629,2026-02-22T09:30:29+00:00,0.875,clob_prices_history
112418822297470572658312548631220776645321771603729476024056332596414394278374,0x0c38dd9305e3205557885183f0730270779e7e426b0ec3e7743f23963b6d6e4a,1771753523,2026-02-22T09:45:23+00:00,0.875,clob_prices_history
112418822297470572658312548631220776645321771603729476024056332596414394278374,0x0c38dd9305e3205557885183f0730270779e7e426b0ec3e7743f23963b6d6e4a,1771754431,2026-02-22T10:00:31+00:00,0.88,clob_prices_history
112418822297470572658312548631220776645321771603729476024056332596414394278374,0x0c38dd9305e3205557885183f0730270779e7e426b0ec3e7743f23963b6d6e4a,1771755327,2026-02-22T10:15:27+00:00,0.88,clob_prices_history
112418822297470572658312548631220776645321771603729476024056332596414394278374,0x0c38dd9305e3205557885183f0730270779e7e426b0ec3e7743f23963b6d6e4a,1771756229,2026-02-22T10:30:29+00:00,0.88,clob_prices_history
112418822297470572658312548631220776645321771603729476024056332596414394278374,0x0c38dd9305e3205557885183f0730270779e7e426b0ec3e7743f23963b6d6e4a,1771757124,2026-02-22T10:45:24+00:00,0.88,clob_prices_history
112418822297470572658312548631220776645321771603729476024056332596414394278374,0x0c38dd9305e3205557885183f0730270779e7e426b0ec3e7743f23963b6d6e4a,1771758030,2026-02-22T11:00:30+00:00,0.88,clob_prices_history
112418822297470572658312548631220776645321771603729476024056332596414394278374,0x0c38dd9305e3205557885183f0730270779e7e426b0ec3e7743f23963b6d6e4a,1771758923,2026-02-22T11:15:23+00:00,0.88,clob_prices_history
112418822297470572658312548631220776645321771603729476024056332596414394278374,0x0c38dd9305e3205557885183f0730270779e7e426b0ec3e7743f23963b6d6e4a,1771759855,2026-02-22T11:30:55+00:00,0.88,clob_prices_history
112418822297470572658312548631220776645321771603729476024056332596414394278374,0x0c38dd9305e3205557885183f0730270779e7e426b0ec3e7743f23963b6d6e4a,1771760722,2026-02-22T11:45:22+00:00,0.88,clob_prices_history
112418822297470572658312548631220776645321771603729476024056332596414394278374,0x0c38dd9305e3205557885183f0730270779e7e426b0ec3e7743f23963b6d6e4a,1771761649,2026-02-22T12:00:49+00:00,0.88,clob_prices_history
112418822297470572658312548631220776645321771603729476024056332596414394278374,0x0c38dd9305e3205557885183f0730270779e7e426b0ec3e7743f23963b6d6e4a,1771762522,2026-02-22T12:15:22+00:00,0.88,clob_prices_history
112418822297470572658312548631220776645321771603729476024056332596414394278374,0x0c38dd9305e3205557885183f0730270779e7e426b0ec3e7743f23963b6d6e4a,1771763433,2026-02-22T12:30:33+00:00,0.88,clob_prices_history
112418822297470572658312548631220776645321771603729476024056332596414394278374,0x0c38dd9305e3205557885183f0730270779e7e426b0ec3e7743f23963b6d6e4a,1771764328,2026-02-22T12:45:28+00:00,0.88,clob_prices_history
112418822297470572658312548631220776645321771603729476024056332596414394278374,0x0c38dd9305e3205557885183f0730270779e7e426b0ec3e7743f23963b6d6e4a,1771765229,2026-02-22T13:00:29+00:00,0.88,clob_prices_history
112418822297470572658312548631220776645321771603729476024056332596414394278374,0x0c38dd9305e3205557885183f0730270779e7e426b0ec3e7743f23963b6d6e4a,1771766123,2026-02-22T13:15:23+00:00,0.88,clob_prices_history
112418822297470572658312548631220776645321771603729476024056332596414394278374,0x0c38dd9305e3205557885183f0730270779e7e426b0ec3e7743f23963b6d6e4a,1771767029,2026-02-22T13:30:29+00:00,0.88,clob_prices_history
112418822297470572658312548631220776645321771603729476024056332596414394278374,0x0c38dd9305e3205557885183f0730270779e7e426b0ec3e7743f23963b6d6e4a,1771767932,2026-02-22T13:45:32+00:00,0.88,clob_prices_history
112418822297470572658312548631220776645321771603729476024056332596414394278374,0x0c38dd9305e3205557885183f0730270779e7e426b0ec3e7743f23963b6d6e4a,1771769723,2026-02-22T14:15:23+00:00,0.88,clob_prices_history
112418822297470572658312548631220776645321771603729476024056332596414394278374,0x0c38dd9305e3205557885183f0730270779e7e426b0ec3e7743f23963b6d6e4a,1771770631,2026-02-22T14:30:31+00:00,0.88,clob_prices_history
112418822297470572658312548631220776645321771603729476024056332596414394278374,0x0c38dd9305e3205557885183f0730270779e7e426b0ec3e7743f23963b6d6e4a,1771771526,2026-02-22T14:45:26+00:00,0.88,clob_prices_history
112418822297470572658312548631220776645321771603729476024056332596414394278374,0x0c38dd9305e3205557885183f0730270779e7e426b0ec3e7743f23963b6d6e4a,1771772436,2026-02-22T15:00:36+00:00,0.88,clob_prices_history
112418822297470572658312548631220776645321771603729476024056332596414394278374,0x0c38dd9305e3205557885183f0730270779e7e426b0ec3e7743f23963b6d6e4a,1771773339,2026-02-22T15:15:39+00:00,0.88,clob_prices_history
112418822297470572658312548631220776645321771603729476024056332596414394278374,0x0c38dd9305e3205557885183f0730270779e7e426b0ec3e7743f23963b6d6e4a,1771774230,2026-02-22T15:30:30+00:00,0.88,clob_prices_history
112418822297470572658312548631220776645321771603729476024056332596414394278374,0x0c38dd9305e3205557885183f0730270779e7e426b0ec3e7743f23963b6d6e4a,1771775123,2026-02-22T15:45:23+00:00,0.88,clob_prices_history
112418822297470572658312548631220776645321771603729476024056332596414394278374,0x0c38dd9305e3205557885183f0730270779e7e426b0ec3e7743f23963b6d6e4a,1771776033,2026-02-22T16:00:33+00:00,0.88,clob_prices_history
112418822297470572658312548631220776645321771603729476024056332596414394278374,0x0c38dd9305e3205557885183f0730270779e7e426b0ec3e7743f23963b6d6e4a,1771776956,2026-02-22T16:15:56+00:00,0.88,clob_prices_history
112418822297470572658312548631220776645321771603729476024056332596414394278374,0x0c38dd9305e3205557885183f0730270779e7e426b0ec3e7743f23963b6d6e4a,1771777829,2026-02-22T16:30:29+00:00,0.88,clob_prices_history
112418822297470572658312548631220776645321771603729476024056332596414394278374,0x0c38dd9305e3205557885183f0730270779e7e426b0ec3e7743f23963b6d6e4a,1771778730,2026-02-22T16:45:30+00:00,0.88,clob_prices_history
112418822297470572658312548631220776645321771603729476024056332596414394278374,0x0c38dd9305e3205557885183f0730270779e7e426b0ec3e7743f23963b6d6e4a,1771780522,2026-02-22T17:15:22+00:00,0.88,clob_prices_history
112418822297470572658312548631220776645321771603729476024056332596414394278374,0x0c38dd9305e3205557885183f0730270779e7e426b0ec3e7743f23963b6d6e4a,1771781431,2026-02-22T17:30:31+00:00,0.88,clob_prices_history
112418822297470572658312548631220776645321771603729476024056332596414394278374,0x0c38dd9305e3205557885183f0730270779e7e426b0ec3e7743f23963b6d6e4a,1771782325,2026-02-22T17:45:25+00:00,0.88,clob_prices_history
112418822297470572658312548631220776645321771603729476024056332596414394278374,0x0c38dd9305e3205557885183f0730270779e7e426b0ec3e7743f23963b6d6e4a,1771783246,2026-02-22T18:00:46+00:00,0.88,clob_prices_history
112418822297470572658312548631220776645321771603729476024056332596414394278374,0x0c38dd9305e3205557885183f0730270779e7e426b0ec3e7743f23963b6d6e4a,1771784123,2026-02-22T18:15:23+00:00,0.88,clob_prices_history
112418822297470572658312548631220776645321771603729476024056332596414394278374,0x0c38dd9305e3205557885183f0730270779e7e426b0ec3e7743f23963b6d6e4a,1771785045,2026-02-22T18:30:45+00:00,0.88,clob_prices_history
112418822297470572658312548631220776645321771603729476024056332596414394278374,0x0c38dd9305e3205557885183f0730270779e7e426b0ec3e7743f23963b6d6e4a,1771785930,2026-02-22T18:45:30+00:00,0.88,clob_prices_history
112418822297470572658312548631220776645321771603729476024056332596414394278374,0x0c38dd9305e3205557885183f0730270779e7e426b0ec3e7743f23963b6d6e4a,1771786833,2026-02-22T19:00:33+00:00,0.88,clob_prices_history
112418822297470572658312548631220776645321771603729476024056332596414394278374,0x0c38dd9305e3205557885183f0730270779e7e426b0ec3e7743f23963b6d6e4a,1771787725,2026-02-22T19:15:25+00:00,0.88,clob_prices_history
112418822297470572658312548631220776645321771603729476024056332596414394278374,0x0c38dd9305e3205557885183f0730270779e7e426b0ec3e7743f23963b6d6e4a,1771788638,2026-02-22T19:30:38+00:00,0.88,clob_prices_history
112418822297470572658312548631220776645321771603729476024056332596414394278374,0x0c38dd9305e3205557885183f0730270779e7e426b0ec3e7743f23963b6d6e4a,1771789524,2026-02-22T19:45:24+00:00,0.88,clob_prices_history
112418822297470572658312548631220776645321771603729476024056332596414394278374,0x0c38dd9305e3205557885183f0730270779e7e426b0ec3e7743f23963b6d6e4a,1771790433,2026-02-22T20:00:33+00:00,0.88,clob_prices_history
112418822297470572658312548631220776645321771603729476024056332596414394278374,0x0c38dd9305e3205557885183f0730270779e7e426b0ec3e7743f23963b6d6e4a,1771791323,2026-02-22T20:15:23+00:00,0.88,clob_prices_history
112418822297470572658312548631220776645321771603729476024056332596414394278374,0x0c38dd9305e3205557885183f0730270779e7e426b0ec3e7743f23963b6d6e4a,1771792231,2026-02-22T20:30:31+00:00,0.88,clob_prices_history
112418822297470572658312548631220776645321771603729476024056332596414394278374,0x0c38dd9305e3205557885183f0730270779e7e426b0ec3e7743f23963b6d6e4a,1771793124,2026-02-22T20:45:24+00:00,0.885,clob_prices_history
112418822297470572658312548631220776645321771603729476024056332596414394278374,0x0c38dd9305e3205557885183f0730270779e7e426b0ec3e7743f23963b6d6e4a,1771794046,2026-02-22T21:00:46+00:00,0.89,clob_prices_history
112418822297470572658312548631220776645321771603729476024056332596414394278374,0x0c38dd9305e3205557885183f0730270779e7e426b0ec3e7743f23963b6d6e4a,1771794923,2026-02-22T21:15:23+00:00,0.89,clob_prices_history
112418822297470572658312548631220776645321771603729476024056332596414394278374,0x0c38dd9305e3205557885183f0730270779e7e426b0ec3e7743f23963b6d6e4a,1771795843,2026-02-22T21:30:43+00:00,0.885,clob_prices_history
112418822297470572658312548631220776645321771603729476024056332596414394278374,0x0c38dd9305e3205557885183f0730270779e7e426b0ec3e7743f23963b6d6e4a,1771796724,2026-02-22T21:45:24+00:00,0.88,clob_prices_history
112418822297470572658312548631220776645321771603729476024056332596414394278374,0x0c38dd9305e3205557885183f0730270779e7e426b0ec3e7743f23963b6d6e4a,1771797631,2026-02-22T22:00:31+00:00,0.88,clob_prices_history
112418822297470572658312548631220776645321771603729476024056332596414394278374,0x0c38dd9305e3205557885183f0730270779e7e426b0ec3e7743f23963b6d6e4a,1771798524,2026-02-22T22:15:24+00:00,0.88,clob_prices_history
112418822297470572658312548631220776645321771603729476024056332596414394278374,0x0c38dd9305e3205557885183f0730270779e7e426b0ec3e7743f23963b6d6e4a,1771799442,2026-02-22T22:30:42+00:00,0.88,clob_prices_history
112418822297470572658312548631220776645321771603729476024056332596414394278374,0x0c38dd9305e3205557885183f0730270779e7e426b0ec3e7743f23963b6d6e4a,1771800323,2026-02-22T22:45:23+00:00,0.88,clob_prices_history
112418822297470572658312548631220776645321771603729476024056332596414394278374,0x0c38dd9305e3205557885183f0730270779e7e426b0ec3e7743f23963b6d6e4a,1771801231,2026-02-22T23:00:31+00:00,0.88,clob_prices_history
112418822297470572658312548631220776645321771603729476024056332596414394278374,0x0c38dd9305e3205557885183f0730270779e7e426b0ec3e7743f23963b6d6e4a,1771802129,2026-02-22T23:15:29+00:00,0.88,clob_prices_history
112418822297470572658312548631220776645321771603729476024056332596414394278374,0x0c38dd9305e3205557885183f0730270779e7e426b0ec3e7743f23963b6d6e4a,1771803031,2026-02-22T23:30:31+00:00,0.88,clob_prices_history
112418822297470572658312548631220776645321771603729476024056332596414394278374,0x0c38dd9305e3205557885183f0730270779e7e426b0ec3e7743f23963b6d6e4a,1771803923,2026-02-22T23:45:23+00:00,0.88,clob_prices_history
112418822297470572658312548631220776645321771603729476024056332596414394278374,0x0c38dd9305e3205557885183f0730270779e7e426b0ec3e7743f23963b6d6e4a,1771804847,2026-02-23T00:00:47+00:00,0.88,clob_prices_history
112418822297470572658312548631220776645321771603729476024056332596414394278374,0x0c38dd9305e3205557885183f0730270779e7e426b0ec3e7743f23963b6d6e4a,1771805729,2026-02-23T00:15:29+00:00,0.88,clob_prices_history
112418822297470572658312548631220776645321771603729476024056332596414394278374,0x0c38dd9305e3205557885183f0730270779e7e426b0ec3e7743f23963b6d6e4a,1771806630,2026-02-23T00:30:30+00:00,0.88,clob_prices_history
112418822297470572658312548631220776645321771603729476024056332596414394278374,0x0c38dd9305e3205557885183f0730270779e7e426b0ec3e7743f23963b6d6e4a,1771807522,2026-02-23T00:45:22+00:00,0.88,clob_prices_history
112418822297470572658312548631220776645321771603729476024056332596414394278374,0x0c38dd9305e3205557885183f0730270779e7e426b0ec3e7743f23963b6d6e4a,1771810235,2026-02-23T01:30:35+00:00,0.88,clob_prices_history
112418822297470572658312548631220776645321771603729476024056332596414394278374,0x0c38dd9305e3205557885183f0730270779e7e426b0ec3e7743f23963b6d6e4a,1771811123,2026-02-23T01:45:23+00:00,0.88,clob_prices_history
112418822297470572658312548631220776645321771603729476024056332596414394278374,0x0c38dd9305e3205557885183f0730270779e7e426b0ec3e7743f23963b6d6e4a,1771812030,2026-02-23T02:00:30+00:00,0.88,clob_prices_history
112418822297470572658312548631220776645321771603729476024056332596414394278374,0x0c38dd9305e3205557885183f0730270779e7e426b0ec3e7743f23963b6d6e4a,1771812922,2026-02-23T02:15:22+00:00,0.88,clob_prices_history
112418822297470572658312548631220776645321771603729476024056332596414394278374,0x0c38dd9305e3205557885183f0730270779e7e426b0ec3e7743f23963b6d6e4a,1771813829,2026-02-23T02:30:29+00:00,0.88,clob_prices_history
112418822297470572658312548631220776645321771603729476024056332596414394278374,0x0c38dd9305e3205557885183f0730270779e7e426b0ec3e7743f23963b6d6e4a,1771814724,2026-02-23T02:45:24+00:00,0.88,clob_prices_history
112418822297470572658312548631220776645321771603729476024056332596414394278374,0x0c38dd9305e3205557885183f0730270779e7e426b0ec3e7743f23963b6d6e4a,1771815637,2026-02-23T03:00:37+00:00,0.88,clob_prices_history
112418822297470572658312548631220776645321771603729476024056332596414394278374,0x0c38dd9305e3205557885183f0730270779e7e426b0ec3e7743f23963b6d6e4a,1771816521,2026-02-23T03:15:21+00:00,0.88,clob_prices_history
112418822297470572658312548631220776645321771603729476024056332596414394278374,0x0c38dd9305e3205557885183f0730270779e7e426b0ec3e7743f23963b6d6e4a,1771817432,2026-02-23T03:30:32+00:00,0.88,clob_prices_history
112418822297470572658312548631220776645321771603729476024056332596414394278374,0x0c38dd9305e3205557885183f0730270779e7e426b0ec3e7743f23963b6d6e4a,1771818322,2026-02-23T03:45:22+00:00,0.88,clob_prices_history
112418822297470572658312548631220776645321771603729476024056332596414394278374,0x0c38dd9305e3205557885183f0730270779e7e426b0ec3e7743f23963b6d6e4a,1771819235,2026-02-23T04:00:35+00:00,0.88,clob_prices_history
112418822297470572658312548631220776645321771603729476024056332596414394278374,0x0c38dd9305e3205557885183f0730270779e7e426b0ec3e7743f23963b6d6e4a,1771820137,2026-02-23T04:15:37+00:00,0.88,clob_prices_history
112418822297470572658312548631220776645321771603729476024056332596414394278374,0x0c38dd9305e3205557885183f0730270779e7e426b0ec3e7743f23963b6d6e4a,1771821029,2026-02-23T04:30:29+00:00,0.88,clob_prices_history
112418822297470572658312548631220776645321771603729476024056332596414394278374,0x0c38dd9305e3205557885183f0730270779e7e426b0ec3e7743f23963b6d6e4a,1771821921,2026-02-23T04:45:21+00:00,0.88,clob_prices_history
112418822297470572658312548631220776645321771603729476024056332596414394278374,0x0c38dd9305e3205557885183f0730270779e7e426b0ec3e7743f23963b6d6e4a,1771822830,2026-02-23T05:00:30+00:00,0.88,clob_prices_history
112418822297470572658312548631220776645321771603729476024056332596414394278374,0x0c38dd9305e3205557885183f0730270779e7e426b0ec3e7743f23963b6d6e4a,1771823722,2026-02-23T05:15:22+00:00,0.88,clob_prices_history
112418822297470572658312548631220776645321771603729476024056332596414394278374,0x0c38dd9305e3205557885183f0730270779e7e426b0ec3e7743f23963b6d6e4a,1771824635,2026-02-23T05:30:35+00:00,0.88,clob_prices_history
112418822297470572658312548631220776645321771603729476024056332596414394278374,0x0c38dd9305e3205557885183f0730270779e7e426b0ec3e7743f23963b6d6e4a,1771825538,2026-02-23T05:45:38+00:00,0.88,clob_prices_history
112418822297470572658312548631220776645321771603729476024056332596414394278374,0x0c38dd9305e3205557885183f0730270779e7e426b0ec3e7743f23963b6d6e4a,1771826441,2026-02-23T06:00:41+00:00,0.88,clob_prices_history
112418822297470572658312548631220776645321771603729476024056332596414394278374,0x0c38dd9305e3205557885183f0730270779e7e426b0ec3e7743f23963b6d6e4a,1771827321,2026-02-23T06:15:21+00:00,0.88,clob_prices_history
112418822297470572658312548631220776645321771603729476024056332596414394278374,0x0c38dd9305e3205557885183f0730270779e7e426b0ec3e7743f23963b6d6e4a,1771828229,2026-02-23T06:30:29+00:00,0.88,clob_prices_history
112418822297470572658312548631220776645321771603729476024056332596414394278374,0x0c38dd9305e3205557885183f0730270779e7e426b0ec3e7743f23963b6d6e4a,1771829121,2026-02-23T06:45:21+00:00,0.88,clob_prices_history
112418822297470572658312548631220776645321771603729476024056332596414394278374,0x0c38dd9305e3205557885183f0730270779e7e426b0ec3e7743f23963b6d6e4a,1771830030,2026-02-23T07:00:30+00:00,0.88,clob_prices_history
112418822297470572658312548631220776645321771603729476024056332596414394278374,0x0c38dd9305e3205557885183f0730270779e7e426b0ec3e7743f23963b6d6e4a,1771830921,2026-02-23T07:15:21+00:00,0.88,clob_prices_history
112418822297470572658312548631220776645321771603729476024056332596414394278374,0x0c38dd9305e3205557885183f0730270779e7e426b0ec3e7743f23963b6d6e4a,1771831829,2026-02-23T07:30:29+00:00,0.88,clob_prices_history
112418822297470572658312548631220776645321771603729476024056332596414394278374,0x0c38dd9305e3205557885183f0730270779e7e426b0ec3e7743f23963b6d6e4a,1771832729,2026-02-23T07:45:29+00:00,0.88,clob_prices_history
112418822297470572658312548631220776645321771603729476024056332596414394278374,0x0c38dd9305e3205557885183f0730270779e7e426b0ec3e7743f23963b6d6e4a,1771833645,2026-02-23T08:00:45+00:00,0.88,clob_prices_history
112418822297470572658312548631220776645321771603729476024056332596414394278374,0x0c38dd9305e3205557885183f0730270779e7e426b0ec3e7743f23963b6d6e4a,1771834523,2026-02-23T08:15:23+00:00,0.88,clob_prices_history
112418822297470572658312548631220776645321771603729476024056332596414394278374,0x0c38dd9305e3205557885183f0730270779e7e426b0ec3e7743f23963b6d6e4a,1771835429,2026-02-23T08:30:29+00:00,0.88,clob_prices_history
112418822297470572658312548631220776645321771603729476024056332596414394278374,0x0c38dd9305e3205557885183f0730270779e7e426b0ec3e7743f23963b6d6e4a,1771836355,2026-02-23T08:45:55+00:00,0.88,clob_prices_history
112418822297470572658312548631220776645321771603729476024056332596414394278374,0x0c38dd9305e3205557885183f0730270779e7e426b0ec3e7743f23963b6d6e4a,1771837237,2026-02-23T09:00:37+00:00,0.88,clob_prices_history
112418822297470572658312548631220776645321771603729476024056332596414394278374,0x0c38dd9305e3205557885183f0730270779e7e426b0ec3e7743f23963b6d6e4a,1771838129,2026-02-23T09:15:29+00:00,0.88,clob_prices_history
112418822297470572658312548631220776645321771603729476024056332596414394278374,0x0c38dd9305e3205557885183f0730270779e7e426b0ec3e7743f23963b6d6e4a,1771839029,2026-02-23T09:30:29+00:00,0.875,clob_prices_history
112418822297470572658312548631220776645321771603729476024056332596414394278374,0x0c38dd9305e3205557885183f0730270779e7e426b0ec3e7743f23963b6d6e4a,1771839923,2026-02-23T09:45:23+00:00,0.875,clob_prices_history
112418822297470572658312548631220776645321771603729476024056332596414394278374,0x0c38dd9305e3205557885183f0730270779e7e426b0ec3e7743f23963b6d6e4a,1771840828,2026-02-23T10:00:28+00:00,0.875,clob_prices_history
112418822297470572658312548631220776645321771603729476024056332596414394278374,0x0c38dd9305e3205557885183f0730270779e7e426b0ec3e7743f23963b6d6e4a,1771841734,2026-02-23T10:15:34+00:00,0.875,clob_prices_history
112418822297470572658312548631220776645321771603729476024056332596414394278374,0x0c38dd9305e3205557885183f0730270779e7e426b0ec3e7743f23963b6d6e4a,1771842631,2026-02-23T10:30:31+00:00,0.875,clob_prices_history
112418822297470572658312548631220776645321771603729476024056332596414394278374,0x0c38dd9305e3205557885183f0730270779e7e426b0ec3e7743f23963b6d6e4a,1771843522,2026-02-23T10:45:22+00:00,0.875,clob_prices_history
112418822297470572658312548631220776645321771603729476024056332596414394278374,0x0c38dd9305e3205557885183f0730270779e7e426b0ec3e7743f23963b6d6e4a,1771844441,2026-02-23T11:00:41+00:00,0.875,clob_prices_history
112418822297470572658312548631220776645321771603729476024056332596414394278374,0x0c38dd9305e3205557885183f0730270779e7e426b0ec3e7743f23963b6d6e4a,1771845335,2026-02-23T11:15:35+00:00,0.875,clob_prices_history
112418822297470572658312548631220776645321771603729476024056332596414394278374,0x0c38dd9305e3205557885183f0730270779e7e426b0ec3e7743f23963b6d6e4a,1771846228,2026-02-23T11:30:28+00:00,0.875,clob_prices_history
112418822297470572658312548631220776645321771603729476024056332596414394278374,0x0c38dd9305e3205557885183f0730270779e7e426b0ec3e7743f23963b6d6e4a,1771847156,2026-02-23T11:45:56+00:00,0.875,clob_prices_history
112418822297470572658312548631220776645321771603729476024056332596414394278374,0x0c38dd9305e3205557885183f0730270779e7e426b0ec3e7743f23963b6d6e4a,1771848054,2026-02-23T12:00:54+00:00,0.875,clob_prices_history
112418822297470572658312548631220776645321771603729476024056332596414394278374,0x0c38dd9305e3205557885183f0730270779e7e426b0ec3e7743f23963b6d6e4a,1771848922,2026-02-23T12:15:22+00:00,0.875,clob_prices_history
112418822297470572658312548631220776645321771603729476024056332596414394278374,0x0c38dd9305e3205557885183f0730270779e7e426b0ec3e7743f23963b6d6e4a,1771849858,2026-02-23T12:30:58+00:00,0.875,clob_prices_history
112418822297470572658312548631220776645321771603729476024056332596414394278374,0x0c38dd9305e3205557885183f0730270779e7e426b0ec3e7743f23963b6d6e4a,1771850727,2026-02-23T12:45:27+00:00,0.875,clob_prices_history
112418822297470572658312548631220776645321771603729476024056332596414394278374,0x0c38dd9305e3205557885183f0730270779e7e426b0ec3e7743f23963b6d6e4a,1771851628,2026-02-23T13:00:28+00:00,0.875,clob_prices_history
112418822297470572658312548631220776645321771603729476024056332596414394278374,0x0c38dd9305e3205557885183f0730270779e7e426b0ec3e7743f23963b6d6e4a,1771852540,2026-02-23T13:15:40+00:00,0.875,clob_prices_history
112418822297470572658312548631220776645321771603729476024056332596414394278374,0x0c38dd9305e3205557885183f0730270779e7e426b0ec3e7743f23963b6d6e4a,1771853444,2026-02-23T13:30:44+00:00,0.875,clob_prices_history
112418822297470572658312548631220776645321771603729476024056332596414394278374,0x0c38dd9305e3205557885183f0730270779e7e426b0ec3e7743f23963b6d6e4a,1771854328,2026-02-23T13:45:28+00:00,0.875,clob_prices_history
112418822297470572658312548631220776645321771603729476024056332596414394278374,0x0c38dd9305e3205557885183f0730270779e7e426b0ec3e7743f23963b6d6e4a,1771855229,2026-02-23T14:00:29+00:00,0.875,clob_prices_history
112418822297470572658312548631220776645321771603729476024056332596414394278374,0x0c38dd9305e3205557885183f0730270779e7e426b0ec3e7743f23963b6d6e4a,1771856123,2026-02-23T14:15:23+00:00,0.875,clob_prices_history
112418822297470572658312548631220776645321771603729476024056332596414394278374,0x0c38dd9305e3205557885183f0730270779e7e426b0ec3e7743f23963b6d6e4a,1771857029,2026-02-23T14:30:29+00:00,0.875,clob_prices_history
112418822297470572658312548631220776645321771603729476024056332596414394278374,0x0c38dd9305e3205557885183f0730270779e7e426b0ec3e7743f23963b6d6e4a,1771857950,2026-02-23T14:45:50+00:00,0.875,clob_prices_history
112418822297470572658312548631220776645321771603729476024056332596414394278374,0x0c38dd9305e3205557885183f0730270779e7e426b0ec3e7743f23963b6d6e4a,1771858854,2026-02-23T15:00:54+00:00,0.875,clob_prices_history
112418822297470572658312548631220776645321771603729476024056332596414394278374,0x0c38dd9305e3205557885183f0730270779e7e426b0ec3e7743f23963b6d6e4a,1771859722,2026-02-23T15:15:22+00:00,0.875,clob_prices_history
112418822297470572658312548631220776645321771603729476024056332596414394278374,0x0c38dd9305e3205557885183f0730270779e7e426b0ec3e7743f23963b6d6e4a,1771860646,2026-02-23T15:30:46+00:00,0.875,clob_prices_history
112418822297470572658312548631220776645321771603729476024056332596414394278374,0x0c38dd9305e3205557885183f0730270779e7e426b0ec3e7743f23963b6d6e4a,1771861536,2026-02-23T15:45:36+00:00,0.875,clob_prices_history
112418822297470572658312548631220776645321771603729476024056332596414394278374,0x0c38dd9305e3205557885183f0730270779e7e426b0ec3e7743f23963b6d6e4a,1771862429,2026-02-23T16:00:29+00:00,0.875,clob_prices_history
112418822297470572658312548631220776645321771603729476024056332596414394278374,0x0c38dd9305e3205557885183f0730270779e7e426b0ec3e7743f23963b6d6e4a,1771863327,2026-02-23T16:15:27+00:00,0.875,clob_prices_history
112418822297470572658312548631220776645321771603729476024056332596414394278374,0x0c38dd9305e3205557885183f0730270779e7e426b0ec3e7743f23963b6d6e4a,1771864228,2026-02-23T16:30:28+00:00,0.875,clob_prices_history
112418822297470572658312548631220776645321771603729476024056332596414394278374,0x0c38dd9305e3205557885183f0730270779e7e426b0ec3e7743f23963b6d6e4a,1771865155,2026-02-23T16:45:55+00:00,0.875,clob_prices_history
112418822297470572658312548631220776645321771603729476024056332596414394278374,0x0c38dd9305e3205557885183f0730270779e7e426b0ec3e7743f23963b6d6e4a,1771866033,2026-02-23T17:00:33+00:00,0.875,clob_prices_history
112418822297470572658312548631220776645321771603729476024056332596414394278374,0x0c38dd9305e3205557885183f0730270779e7e426b0ec3e7743f23963b6d6e4a,1771866923,2026-02-23T17:15:23+00:00,0.875,clob_prices_history
112418822297470572658312548631220776645321771603729476024056332596414394278374,0x0c38dd9305e3205557885183f0730270779e7e426b0ec3e7743f23963b6d6e4a,1771868729,2026-02-23T17:45:29+00:00,0.875,clob_prices_history
112418822297470572658312548631220776645321771603729476024056332596414394278374,0x0c38dd9305e3205557885183f0730270779e7e426b0ec3e7743f23963b6d6e4a,1771869655,2026-02-23T18:00:55+00:00,0.875,clob_prices_history
112418822297470572658312548631220776645321771603729476024056332596414394278374,0x0c38dd9305e3205557885183f0730270779e7e426b0ec3e7743f23963b6d6e4a,1771870538,2026-02-23T18:15:38+00:00,0.875,clob_prices_history
112418822297470572658312548631220776645321771603729476024056332596414394278374,0x0c38dd9305e3205557885183f0730270779e7e426b0ec3e7743f23963b6d6e4a,1771871430,2026-02-23T18:30:30+00:00,0.875,clob_prices_history
112418822297470572658312548631220776645321771603729476024056332596414394278374,0x0c38dd9305e3205557885183f0730270779e7e426b0ec3e7743f23963b6d6e4a,1771872322,2026-02-23T18:45:22+00:00,0.875,clob_prices_history
112418822297470572658312548631220776645321771603729476024056332596414394278374,0x0c38dd9305e3205557885183f0730270779e7e426b0ec3e7743f23963b6d6e4a,1771873229,2026-02-23T19:00:29+00:00,0.875,clob_prices_history
112418822297470572658312548631220776645321771603729476024056332596414394278374,0x0c38dd9305e3205557885183f0730270779e7e426b0ec3e7743f23963b6d6e4a,1771874122,2026-02-23T19:15:22+00:00,0.875,clob_prices_history
112418822297470572658312548631220776645321771603729476024056332596414394278374,0x0c38dd9305e3205557885183f0730270779e7e426b0ec3e7743f23963b6d6e4a,1771875038,2026-02-23T19:30:38+00:00,0.875,clob_prices_history
112418822297470572658312548631220776645321771603729476024056332596414394278374,0x0c38dd9305e3205557885183f0730270779e7e426b0ec3e7743f23963b6d6e4a,1771875925,2026-02-23T19:45:25+00:00,0.875,clob_prices_history
112418822297470572658312548631220776645321771603729476024056332596414394278374,0x0c38dd9305e3205557885183f0730270779e7e426b0ec3e7743f23963b6d6e4a,1771876829,2026-02-23T20:00:29+00:00,0.875,clob_prices_history
112418822297470572658312548631220776645321771603729476024056332596414394278374,0x0c38dd9305e3205557885183f0730270779e7e426b0ec3e7743f23963b6d6e4a,1771877724,2026-02-23T20:15:24+00:00,0.875,clob_prices_history
112418822297470572658312548631220776645321771603729476024056332596414394278374,0x0c38dd9305e3205557885183f0730270779e7e426b0ec3e7743f23963b6d6e4a,1771878638,2026-02-23T20:30:38+00:00,0.875,clob_prices_history
112418822297470572658312548631220776645321771603729476024056332596414394278374,0x0c38dd9305e3205557885183f0730270779e7e426b0ec3e7743f23963b6d6e4a,1771879524,2026-02-23T20:45:24+00:00,0.875,clob_prices_history
112418822297470572658312548631220776645321771603729476024056332596414394278374,0x0c38dd9305e3205557885183f0730270779e7e426b0ec3e7743f23963b6d6e4a,1771880437,2026-02-23T21:00:37+00:00,0.875,clob_prices_history
112418822297470572658312548631220776645321771603729476024056332596414394278374,0x0c38dd9305e3205557885183f0730270779e7e426b0ec3e7743f23963b6d6e4a,1771881324,2026-02-23T21:15:24+00:00,0.875,clob_prices_history
112418822297470572658312548631220776645321771603729476024056332596414394278374,0x0c38dd9305e3205557885183f0730270779e7e426b0ec3e7743f23963b6d6e4a,1771882238,2026-02-23T21:30:38+00:00,0.875,clob_prices_history
112418822297470572658312548631220776645321771603729476024056332596414394278374,0x0c38dd9305e3205557885183f0730270779e7e426b0ec3e7743f23963b6d6e4a,1771883124,2026-02-23T21:45:24+00:00,0.875,clob_prices_history
112418822297470572658312548631220776645321771603729476024056332596414394278374,0x0c38dd9305e3205557885183f0730270779e7e426b0ec3e7743f23963b6d6e4a,1771884030,2026-02-23T22:00:30+00:00,0.875,clob_prices_history
112418822297470572658312548631220776645321771603729476024056332596414394278374,0x0c38dd9305e3205557885183f0730270779e7e426b0ec3e7743f23963b6d6e4a,1771884921,2026-02-23T22:15:21+00:00,0.875,clob_prices_history
112418822297470572658312548631220776645321771603729476024056332596414394278374,0x0c38dd9305e3205557885183f0730270779e7e426b0ec3e7743f23963b6d6e4a,1771885832,2026-02-23T22:30:32+00:00,0.875,clob_prices_history
112418822297470572658312548631220776645321771603729476024056332596414394278374,0x0c38dd9305e3205557885183f0730270779e7e426b0ec3e7743f23963b6d6e4a,1771886723,2026-02-23T22:45:23+00:00,0.875,clob_prices_history
112418822297470572658312548631220776645321771603729476024056332596414394278374,0x0c38dd9305e3205557885183f0730270779e7e426b0ec3e7743f23963b6d6e4a,1771887635,2026-02-23T23:00:35+00:00,0.875,clob_prices_history
112418822297470572658312548631220776645321771603729476024056332596414394278374,0x0c38dd9305e3205557885183f0730270779e7e426b0ec3e7743f23963b6d6e4a,1771888523,2026-02-23T23:15:23+00:00,0.875,clob_prices_history
112418822297470572658312548631220776645321771603729476024056332596414394278374,0x0c38dd9305e3205557885183f0730270779e7e426b0ec3e7743f23963b6d6e4a,1771889429,2026-02-23T23:30:29+00:00,0.875,clob_prices_history
112418822297470572658312548631220776645321771603729476024056332596414394278374,0x0c38dd9305e3205557885183f0730270779e7e426b0ec3e7743f23963b6d6e4a,1771890322,2026-02-23T23:45:22+00:00,0.875,clob_prices_history
112418822297470572658312548631220776645321771603729476024056332596414394278374,0x0c38dd9305e3205557885183f0730270779e7e426b0ec3e7743f23963b6d6e4a,1771891248,2026-02-24T00:00:48+00:00,0.875,clob_prices_history
112418822297470572658312548631220776645321771603729476024056332596414394278374,0x0c38dd9305e3205557885183f0730270779e7e426b0ec3e7743f23963b6d6e4a,1771892121,2026-02-24T00:15:21+00:00,0.875,clob_prices_history
112418822297470572658312548631220776645321771603729476024056332596414394278374,0x0c38dd9305e3205557885183f0730270779e7e426b0ec3e7743f23963b6d6e4a,1771893028,2026-02-24T00:30:28+00:00,0.875,clob_prices_history
112418822297470572658312548631220776645321771603729476024056332596414394278374,0x0c38dd9305e3205557885183f0730270779e7e426b0ec3e7743f23963b6d6e4a,1771893921,2026-02-24T00:45:21+00:00,0.875,clob_prices_history
112418822297470572658312548631220776645321771603729476024056332596414394278374,0x0c38dd9305e3205557885183f0730270779e7e426b0ec3e7743f23963b6d6e4a,1771894830,2026-02-24T01:00:30+00:00,0.875,clob_prices_history
112418822297470572658312548631220776645321771603729476024056332596414394278374,0x0c38dd9305e3205557885183f0730270779e7e426b0ec3e7743f23963b6d6e4a,1771895733,2026-02-24T01:15:33+00:00,0.875,clob_prices_history
112418822297470572658312548631220776645321771603729476024056332596414394278374,0x0c38dd9305e3205557885183f0730270779e7e426b0ec3e7743f23963b6d6e4a,1771896630,2026-02-24T01:30:30+00:00,0.875,clob_prices_history
112418822297470572658312548631220776645321771603729476024056332596414394278374,0x0c38dd9305e3205557885183f0730270779e7e426b0ec3e7743f23963b6d6e4a,1771897523,2026-02-24T01:45:23+00:00,0.875,clob_prices_history
112418822297470572658312548631220776645321771603729476024056332596414394278374,0x0c38dd9305e3205557885183f0730270779e7e426b0ec3e7743f23963b6d6e4a,1771898438,2026-02-24T02:00:38+00:00,0.875,clob_prices_history
112418822297470572658312548631220776645321771603729476024056332596414394278374,0x0c38dd9305e3205557885183f0730270779e7e426b0ec3e7743f23963b6d6e4a,1771899322,2026-02-24T02:15:22+00:00,0.875,clob_prices_history
112418822297470572658312548631220776645321771603729476024056332596414394278374,0x0c38dd9305e3205557885183f0730270779e7e426b0ec3e7743f23963b6d6e4a,1771900229,2026-02-24T02:30:29+00:00,0.875,clob_prices_history
112418822297470572658312548631220776645321771603729476024056332596414394278374,0x0c38dd9305e3205557885183f0730270779e7e426b0ec3e7743f23963b6d6e4a,1771901121,2026-02-24T02:45:21+00:00,0.875,clob_prices_history
112418822297470572658312548631220776645321771603729476024056332596414394278374,0x0c38dd9305e3205557885183f0730270779e7e426b0ec3e7743f23963b6d6e4a,1771902037,2026-02-24T03:00:37+00:00,0.875,clob_prices_history
112418822297470572658312548631220776645321771603729476024056332596414394278374,0x0c38dd9305e3205557885183f0730270779e7e426b0ec3e7743f23963b6d6e4a,1771902923,2026-02-24T03:15:23+00:00,0.875,clob_prices_history
112418822297470572658312548631220776645321771603729476024056332596414394278374,0x0c38dd9305e3205557885183f0730270779e7e426b0ec3e7743f23963b6d6e4a,1771903829,2026-02-24T03:30:29+00:00,0.875,clob_prices_history
112418822297470572658312548631220776645321771603729476024056332596414394278374,0x0c38dd9305e3205557885183f0730270779e7e426b0ec3e7743f23963b6d6e4a,1771904722,2026-02-24T03:45:22+00:00,0.875,clob_prices_history
112418822297470572658312548631220776645321771603729476024056332596414394278374,0x0c38dd9305e3205557885183f0730270779e7e426b0ec3e7743f23963b6d6e4a,1771905630,2026-02-24T04:00:30+00:00,0.875,clob_prices_history
112418822297470572658312548631220776645321771603729476024056332596414394278374,0x0c38dd9305e3205557885183f0730270779e7e426b0ec3e7743f23963b6d6e4a,1771906523,2026-02-24T04:15:23+00:00,0.875,clob_prices_history
112418822297470572658312548631220776645321771603729476024056332596414394278374,0x0c38dd9305e3205557885183f0730270779e7e426b0ec3e7743f23963b6d6e4a,1771908322,2026-02-24T04:45:22+00:00,0.875,clob_prices_history
112418822297470572658312548631220776645321771603729476024056332596414394278374,0x0c38dd9305e3205557885183f0730270779e7e426b0ec3e7743f23963b6d6e4a,1771909203,2026-02-24T05:00:03+00:00,0.875,clob_prices_history
112418822297470572658312548631220776645321771603729476024056332596414394278374,0x0c38dd9305e3205557885183f0730270779e7e426b0ec3e7743f23963b6d6e4a,1771909248,2026-02-24T05:00:48+00:00,0.875,clob_prices_history
112418822297470572658312548631220776645321771603729476024056332596414394278374,0x0c38dd9305e3205557885183f0730270779e7e426b0ec3e7743f23963b6d6e4a,1771910125,2026-02-24T05:15:25+00:00,0.875,clob_prices_history
112418822297470572658312548631220776645321771603729476024056332596414394278374,0x0c38dd9305e3205557885183f0730270779e7e426b0ec3e7743f23963b6d6e4a,1771911031,2026-02-24T05:30:31+00:00,0.885,clob_prices_history
112418822297470572658312548631220776645321771603729476024056332596414394278374,0x0c38dd9305e3205557885183f0730270779e7e426b0ec3e7743f23963b6d6e4a,1771911938,2026-02-24T05:45:38+00:00,0.885,clob_prices_history
112418822297470572658312548631220776645321771603729476024056332596414394278374,0x0c38dd9305e3205557885183f0730270779e7e426b0ec3e7743f23963b6d6e4a,1771912838,2026-02-24T06:00:38+00:00,0.885,clob_prices_history
112418822297470572658312548631220776645321771603729476024056332596414394278374,0x0c38dd9305e3205557885183f0730270779e7e426b0ec3e7743f23963b6d6e4a,1771913725,2026-02-24T06:15:25+00:00,0.88,clob_prices_history
112418822297470572658312548631220776645321771603729476024056332596414394278374,0x0c38dd9305e3205557885183f0730270779e7e426b0ec3e7743f23963b6d6e4a,1771914631,2026-02-24T06:30:31+00:00,0.885,clob_prices_history
112418822297470572658312548631220776645321771603729476024056332596414394278374,0x0c38dd9305e3205557885183f0730270779e7e426b0ec3e7743f23963b6d6e4a,1771915522,2026-02-24T06:45:22+00:00,0.885,clob_prices_history
112418822297470572658312548631220776645321771603729476024056332596414394278374,0x0c38dd9305e3205557885183f0730270779e7e426b0ec3e7743f23963b6d6e4a,1771916443,2026-02-24T07:00:43+00:00,0.885,clob_prices_history
112418822297470572658312548631220776645321771603729476024056332596414394278374,0x0c38dd9305e3205557885183f0730270779e7e426b0ec3e7743f23963b6d6e4a,1771917322,2026-02-24T07:15:22+00:00,0.885,clob_prices_history
112418822297470572658312548631220776645321771603729476024056332596414394278374,0x0c38dd9305e3205557885183f0730270779e7e426b0ec3e7743f23963b6d6e4a,1771918243,2026-02-24T07:30:43+00:00,0.885,clob_prices_history
112418822297470572658312548631220776645321771603729476024056332596414394278374,0x0c38dd9305e3205557885183f0730270779e7e426b0ec3e7743f23963b6d6e4a,1771919122,2026-02-24T07:45:22+00:00,0.885,clob_prices_history
112418822297470572658312548631220776645321771603729476024056332596414394278374,0x0c38dd9305e3205557885183f0730270779e7e426b0ec3e7743f23963b6d6e4a,1771920049,2026-02-24T08:00:49+00:00,0.885,clob_prices_history
112418822297470572658312548631220776645321771603729476024056332596414394278374,0x0c38dd9305e3205557885183f0730270779e7e426b0ec3e7743f23963b6d6e4a,1771920921,2026-02-24T08:15:21+00:00,0.885,clob_prices_history
112418822297470572658312548631220776645321771603729476024056332596414394278374,0x0c38dd9305e3205557885183f0730270779e7e426b0ec3e7743f23963b6d6e4a,1771921835,2026-02-24T08:30:35+00:00,0.885,clob_prices_history
112418822297470572658312548631220776645321771603729476024056332596414394278374,0x0c38dd9305e3205557885183f0730270779e7e426b0ec3e7743f23963b6d6e4a,1771922725,2026-02-24T08:45:25+00:00,0.895,clob_prices_history
112418822297470572658312548631220776645321771603729476024056332596414394278374,0x0c38dd9305e3205557885183f0730270779e7e426b0ec3e7743f23963b6d6e4a,1771923646,2026-02-24T09:00:46+00:00,0.895,clob_prices_history
112418822297470572658312548631220776645321771603729476024056332596414394278374,0x0c38dd9305e3205557885183f0730270779e7e426b0ec3e7743f23963b6d6e4a,1771924523,2026-02-24T09:15:23+00:00,0.895,clob_prices_history
112418822297470572658312548631220776645321771603729476024056332596414394278374,0x0c38dd9305e3205557885183f0730270779e7e426b0ec3e7743f23963b6d6e4a,1771925429,2026-02-24T09:30:29+00:00,0.895,clob_prices_history
112418822297470572658312548631220776645321771603729476024056332596414394278374,0x0c38dd9305e3205557885183f0730270779e7e426b0ec3e7743f23963b6d6e4a,1771926323,2026-02-24T09:45:23+00:00,0.895,clob_prices_history
112418822297470572658312548631220776645321771603729476024056332596414394278374,0x0c38dd9305e3205557885183f0730270779e7e426b0ec3e7743f23963b6d6e4a,1771927231,2026-02-24T10:00:31+00:00,0.895,clob_prices_history
112418822297470572658312548631220776645321771603729476024056332596414394278374,0x0c38dd9305e3205557885183f0730270779e7e426b0ec3e7743f23963b6d6e4a,1771928127,2026-02-24T10:15:27+00:00,0.895,clob_prices_history
112418822297470572658312548631220776645321771603729476024056332596414394278374,0x0c38dd9305e3205557885183f0730270779e7e426b0ec3e7743f23963b6d6e4a,1771929030,2026-02-24T10:30:30+00:00,0.9,clob_prices_history
112418822297470572658312548631220776645321771603729476024056332596414394278374,0x0c38dd9305e3205557885183f0730270779e7e426b0ec3e7743f23963b6d6e4a,1771929921,2026-02-24T10:45:21+00:00,0.9,clob_prices_history
112418822297470572658312548631220776645321771603729476024056332596414394278374,0x0c38dd9305e3205557885183f0730270779e7e426b0ec3e7743f23963b6d6e4a,1771930830,2026-02-24T11:00:30+00:00,0.9,clob_prices_history
112418822297470572658312548631220776645321771603729476024056332596414394278374,0x0c38dd9305e3205557885183f0730270779e7e426b0ec3e7743f23963b6d6e4a,1771931728,2026-02-24T11:15:28+00:00,0.9,clob_prices_history
112418822297470572658312548631220776645321771603729476024056332596414394278374,0x0c38dd9305e3205557885183f0730270779e7e426b0ec3e7743f23963b6d6e4a,1771932630,2026-02-24T11:30:30+00:00,0.9,clob_prices_history
112418822297470572658312548631220776645321771603729476024056332596414394278374,0x0c38dd9305e3205557885183f0730270779e7e426b0ec3e7743f23963b6d6e4a,1771933524,2026-02-24T11:45:24+00:00,0.9,clob_prices_history
112418822297470572658312548631220776645321771603729476024056332596414394278374,0x0c38dd9305e3205557885183f0730270779e7e426b0ec3e7743f23963b6d6e4a,1771935323,2026-02-24T12:15:23+00:00,0.9,clob_prices_history
112418822297470572658312548631220776645321771603729476024056332596414394278374,0x0c38dd9305e3205557885183f0730270779e7e426b0ec3e7743f23963b6d6e4a,1771936248,2026-02-24T12:30:48+00:00,0.9,clob_prices_history
112418822297470572658312548631220776645321771603729476024056332596414394278374,0x0c38dd9305e3205557885183f0730270779e7e426b0ec3e7743f23963b6d6e4a,1771937124,2026-02-24T12:45:24+00:00,0.9,clob_prices_history
112418822297470572658312548631220776645321771603729476024056332596414394278374,0x0c38dd9305e3205557885183f0730270779e7e426b0ec3e7743f23963b6d6e4a,1771938035,2026-02-24T13:00:35+00:00,0.9,clob_prices_history
112418822297470572658312548631220776645321771603729476024056332596414394278374,0x0c38dd9305e3205557885183f0730270779e7e426b0ec3e7743f23963b6d6e4a,1771938924,2026-02-24T13:15:24+00:00,0.9,clob_prices_history
112418822297470572658312548631220776645321771603729476024056332596414394278374,0x0c38dd9305e3205557885183f0730270779e7e426b0ec3e7743f23963b6d6e4a,1771939831,2026-02-24T13:30:31+00:00,0.9,clob_prices_history
112418822297470572658312548631220776645321771603729476024056332596414394278374,0x0c38dd9305e3205557885183f0730270779e7e426b0ec3e7743f23963b6d6e4a,1771940733,2026-02-24T13:45:33+00:00,0.9,clob_prices_history
112418822297470572658312548631220776645321771603729476024056332596414394278374,0x0c38dd9305e3205557885183f0730270779e7e426b0ec3e7743f23963b6d6e4a,1771941630,2026-02-24T14:00:30+00:00,0.9,clob_prices_history
112418822297470572658312548631220776645321771603729476024056332596414394278374,0x0c38dd9305e3205557885183f0730270779e7e426b0ec3e7743f23963b6d6e4a,1771942529,2026-02-24T14:15:29+00:00,0.9,clob_prices_history
112418822297470572658312548631220776645321771603729476024056332596414394278374,0x0c38dd9305e3205557885183f0730270779e7e426b0ec3e7743f23963b6d6e4a,1771943430,2026-02-24T14:30:30+00:00,0.9,clob_prices_history
112418822297470572658312548631220776645321771603729476024056332596414394278374,0x0c38dd9305e3205557885183f0730270779e7e426b0ec3e7743f23963b6d6e4a,1771944324,2026-02-24T14:45:24+00:00,0.9,clob_prices_history
112418822297470572658312548631220776645321771603729476024056332596414394278374,0x0c38dd9305e3205557885183f0730270779e7e426b0ec3e7743f23963b6d6e4a,1771945240,2026-02-24T15:00:40+00:00,0.9,clob_prices_history
112418822297470572658312548631220776645321771603729476024056332596414394278374,0x0c38dd9305e3205557885183f0730270779e7e426b0ec3e7743f23963b6d6e4a,1771946123,2026-02-24T15:15:23+00:00,0.9,clob_prices_history
112418822297470572658312548631220776645321771603729476024056332596414394278374,0x0c38dd9305e3205557885183f0730270779e7e426b0ec3e7743f23963b6d6e4a,1771947031,2026-02-24T15:30:31+00:00,0.9,clob_prices_history
112418822297470572658312548631220776645321771603729476024056332596414394278374,0x0c38dd9305e3205557885183f0730270779e7e426b0ec3e7743f23963b6d6e4a,1771947928,2026-02-24T15:45:28+00:00,0.9,clob_prices_history
112418822297470572658312548631220776645321771603729476024056332596414394278374,0x0c38dd9305e3205557885183f0730270779e7e426b0ec3e7743f23963b6d6e4a,1771948830,2026-02-24T16:00:30+00:00,0.9,clob_prices_history
112418822297470572658312548631220776645321771603729476024056332596414394278374,0x0c38dd9305e3205557885183f0730270779e7e426b0ec3e7743f23963b6d6e4a,1771949731,2026-02-24T16:15:31+00:00,0.9,clob_prices_history
112418822297470572658312548631220776645321771603729476024056332596414394278374,0x0c38dd9305e3205557885183f0730270779e7e426b0ec3e7743f23963b6d6e4a,1771950629,2026-02-24T16:30:29+00:00,0.9,clob_prices_history
112418822297470572658312548631220776645321771603729476024056332596414394278374,0x0c38dd9305e3205557885183f0730270779e7e426b0ec3e7743f23963b6d6e4a,1771951524,2026-02-24T16:45:24+00:00,0.9,clob_prices_history
112418822297470572658312548631220776645321771603729476024056332596414394278374,0x0c38dd9305e3205557885183f0730270779e7e426b0ec3e7743f23963b6d6e4a,1771952455,2026-02-24T17:00:55+00:00,0.9,clob_prices_history
112418822297470572658312548631220776645321771603729476024056332596414394278374,0x0c38dd9305e3205557885183f0730270779e7e426b0ec3e7743f23963b6d6e4a,1771953324,2026-02-24T17:15:24+00:00,0.9,clob_prices_history
112418822297470572658312548631220776645321771603729476024056332596414394278374,0x0c38dd9305e3205557885183f0730270779e7e426b0ec3e7743f23963b6d6e4a,1771954239,2026-02-24T17:30:39+00:00,0.9,clob_prices_history
112418822297470572658312548631220776645321771603729476024056332596414394278374,0x0c38dd9305e3205557885183f0730270779e7e426b0ec3e7743f23963b6d6e4a,1771955124,2026-02-24T17:45:24+00:00,0.9,clob_prices_history
112418822297470572658312548631220776645321771603729476024056332596414394278374,0x0c38dd9305e3205557885183f0730270779e7e426b0ec3e7743f23963b6d6e4a,1771956041,2026-02-24T18:00:41+00:00,0.9,clob_prices_history
112418822297470572658312548631220776645321771603729476024056332596414394278374,0x0c38dd9305e3205557885183f0730270779e7e426b0ec3e7743f23963b6d6e4a,1771956926,2026-02-24T18:15:26+00:00,0.9,clob_prices_history
112418822297470572658312548631220776645321771603729476024056332596414394278374,0x0c38dd9305e3205557885183f0730270779e7e426b0ec3e7743f23963b6d6e4a,1771957838,2026-02-24T18:30:38+00:00,0.9,clob_prices_history
112418822297470572658312548631220776645321771603729476024056332596414394278374,0x0c38dd9305e3205557885183f0730270779e7e426b0ec3e7743f23963b6d6e4a,1771958725,2026-02-24T18:45:25+00:00,0.9,clob_prices_history
112418822297470572658312548631220776645321771603729476024056332596414394278374,0x0c38dd9305e3205557885183f0730270779e7e426b0ec3e7743f23963b6d6e4a,1771959631,2026-02-24T19:00:31+00:00,0.9,clob_prices_history
112418822297470572658312548631220776645321771603729476024056332596414394278374,0x0c38dd9305e3205557885183f0730270779e7e426b0ec3e7743f23963b6d6e4a,1771960525,2026-02-24T19:15:25+00:00,0.9,clob_prices_history
112418822297470572658312548631220776645321771603729476024056332596414394278374,0x0c38dd9305e3205557885183f0730270779e7e426b0ec3e7743f23963b6d6e4a,1771961433,2026-02-24T19:30:33+00:00,0.9,clob_prices_history
112418822297470572658312548631220776645321771603729476024056332596414394278374,0x0c38dd9305e3205557885183f0730270779e7e426b0ec3e7743f23963b6d6e4a,1771962326,2026-02-24T19:45:26+00:00,0.9,clob_prices_history
112418822297470572658312548631220776645321771603729476024056332596414394278374,0x0c38dd9305e3205557885183f0730270779e7e426b0ec3e7743f23963b6d6e4a,1771963231,2026-02-24T20:00:31+00:00,0.9,clob_prices_history
112418822297470572658312548631220776645321771603729476024056332596414394278374,0x0c38dd9305e3205557885183f0730270779e7e426b0ec3e7743f23963b6d6e4a,1771964124,2026-02-24T20:15:24+00:00,0.9,clob_prices_history
112418822297470572658312548631220776645321771603729476024056332596414394278374,0x0c38dd9305e3205557885183f0730270779e7e426b0ec3e7743f23963b6d6e4a,1771965037,2026-02-24T20:30:37+00:00,0.9,clob_prices_history
112418822297470572658312548631220776645321771603729476024056332596414394278374,0x0c38dd9305e3205557885183f0730270779e7e426b0ec3e7743f23963b6d6e4a,1771965924,2026-02-24T20:45:24+00:00,0.9,clob_prices_history
112418822297470572658312548631220776645321771603729476024056332596414394278374,0x0c38dd9305e3205557885183f0730270779e7e426b0ec3e7743f23963b6d6e4a,1771966838,2026-02-24T21:00:38+00:00,0.9,clob_prices_history
112418822297470572658312548631220776645321771603729476024056332596414394278374,0x0c38dd9305e3205557885183f0730270779e7e426b0ec3e7743f23963b6d6e4a,1771967725,2026-02-24T21:15:25+00:00,0.9,clob_prices_history
112418822297470572658312548631220776645321771603729476024056332596414394278374,0x0c38dd9305e3205557885183f0730270779e7e426b0ec3e7743f23963b6d6e4a,1771968632,2026-02-24T21:30:32+00:00,0.9,clob_prices_history
112418822297470572658312548631220776645321771603729476024056332596414394278374,0x0c38dd9305e3205557885183f0730270779e7e426b0ec3e7743f23963b6d6e4a,1771969525,2026-02-24T21:45:25+00:00,0.9,clob_prices_history
112418822297470572658312548631220776645321771603729476024056332596414394278374,0x0c38dd9305e3205557885183f0730270779e7e426b0ec3e7743f23963b6d6e4a,1771970446,2026-02-24T22:00:46+00:00,0.9,clob_prices_history
112418822297470572658312548631220776645321771603729476024056332596414394278374,0x0c38dd9305e3205557885183f0730270779e7e426b0ec3e7743f23963b6d6e4a,1771971335,2026-02-24T22:15:35+00:00,0.9,clob_prices_history
112418822297470572658312548631220776645321771603729476024056332596414394278374,0x0c38dd9305e3205557885183f0730270779e7e426b0ec3e7743f23963b6d6e4a,1771972230,2026-02-24T22:30:30+00:00,0.9,clob_prices_history
112418822297470572658312548631220776645321771603729476024056332596414394278374,0x0c38dd9305e3205557885183f0730270779e7e426b0ec3e7743f23963b6d6e4a,1771973123,2026-02-24T22:45:23+00:00,0.9,clob_prices_history
112418822297470572658312548631220776645321771603729476024056332596414394278374,0x0c38dd9305e3205557885183f0730270779e7e426b0ec3e7743f23963b6d6e4a,1771974924,2026-02-24T23:15:24+00:00,0.9,clob_prices_history
112418822297470572658312548631220776645321771603729476024056332596414394278374,0x0c38dd9305e3205557885183f0730270779e7e426b0ec3e7743f23963b6d6e4a,1771975851,2026-02-24T23:30:51+00:00,0.9,clob_prices_history
112418822297470572658312548631220776645321771603729476024056332596414394278374,0x0c38dd9305e3205557885183f0730270779e7e426b0ec3e7743f23963b6d6e4a,1771976725,2026-02-24T23:45:25+00:00,0.9,clob_prices_history
112418822297470572658312548631220776645321771603729476024056332596414394278374,0x0c38dd9305e3205557885183f0730270779e7e426b0ec3e7743f23963b6d6e4a,1771977655,2026-02-25T00:00:55+00:00,0.9,clob_prices_history
112418822297470572658312548631220776645321771603729476024056332596414394278374,0x0c38dd9305e3205557885183f0730270779e7e426b0ec3e7743f23963b6d6e4a,1771978537,2026-02-25T00:15:37+00:00,0.9,clob_prices_history
112418822297470572658312548631220776645321771603729476024056332596414394278374,0x0c38dd9305e3205557885183f0730270779e7e426b0ec3e7743f23963b6d6e4a,1771979439,2026-02-25T00:30:39+00:00,0.9,clob_prices_history
112418822297470572658312548631220776645321771603729476024056332596414394278374,0x0c38dd9305e3205557885183f0730270779e7e426b0ec3e7743f23963b6d6e4a,1771980325,2026-02-25T00:45:25+00:00,0.9,clob_prices_history
112418822297470572658312548631220776645321771603729476024056332596414394278374,0x0c38dd9305e3205557885183f0730270779e7e426b0ec3e7743f23963b6d6e4a,1771981231,2026-02-25T01:00:31+00:00,0.9,clob_prices_history
112418822297470572658312548631220776645321771603729476024056332596414394278374,0x0c38dd9305e3205557885183f0730270779e7e426b0ec3e7743f23963b6d6e4a,1771982132,2026-02-25T01:15:32+00:00,0.9,clob_prices_history
112418822297470572658312548631220776645321771603729476024056332596414394278374,0x0c38dd9305e3205557885183f0730270779e7e426b0ec3e7743f23963b6d6e4a,1771983031,2026-02-25T01:30:31+00:00,0.9,clob_prices_history
112418822297470572658312548631220776645321771603729476024056332596414394278374,0x0c38dd9305e3205557885183f0730270779e7e426b0ec3e7743f23963b6d6e4a,1771983932,2026-02-25T01:45:32+00:00,0.9,clob_prices_history
112418822297470572658312548631220776645321771603729476024056332596414394278374,0x0c38dd9305e3205557885183f0730270779e7e426b0ec3e7743f23963b6d6e4a,1771984845,2026-02-25T02:00:45+00:00,0.9,clob_prices_history
112418822297470572658312548631220776645321771603729476024056332596414394278374,0x0c38dd9305e3205557885183f0730270779e7e426b0ec3e7743f23963b6d6e4a,1771985725,2026-02-25T02:15:25+00:00,0.9,clob_prices_history
112418822297470572658312548631220776645321771603729476024056332596414394278374,0x0c38dd9305e3205557885183f0730270779e7e426b0ec3e7743f23963b6d6e4a,1771986632,2026-02-25T02:30:32+00:00,0.9,clob_prices_history
112418822297470572658312548631220776645321771603729476024056332596414394278374,0x0c38dd9305e3205557885183f0730270779e7e426b0ec3e7743f23963b6d6e4a,1771987525,2026-02-25T02:45:25+00:00,0.9,clob_prices_history
112418822297470572658312548631220776645321771603729476024056332596414394278374,0x0c38dd9305e3205557885183f0730270779e7e426b0ec3e7743f23963b6d6e4a,1771988438,2026-02-25T03:00:38+00:00,0.9,clob_prices_history
112418822297470572658312548631220776645321771603729476024056332596414394278374,0x0c38dd9305e3205557885183f0730270779e7e426b0ec3e7743f23963b6d6e4a,1771989329,2026-02-25T03:15:29+00:00,0.9,clob_prices_history
112418822297470572658312548631220776645321771603729476024056332596414394278374,0x0c38dd9305e3205557885183f0730270779e7e426b0ec3e7743f23963b6d6e4a,1771990230,2026-02-25T03:30:30+00:00,0.9,clob_prices_history
112418822297470572658312548631220776645321771603729476024056332596414394278374,0x0c38dd9305e3205557885183f0730270779e7e426b0ec3e7743f23963b6d6e4a,1771991124,2026-02-25T03:45:24+00:00,0.9,clob_prices_history
112418822297470572658312548631220776645321771603729476024056332596414394278374,0x0c38dd9305e3205557885183f0730270779e7e426b0ec3e7743f23963b6d6e4a,1771992938,2026-02-25T04:15:38+00:00,0.9,clob_prices_history
112418822297470572658312548631220776645321771603729476024056332596414394278374,0x0c38dd9305e3205557885183f0730270779e7e426b0ec3e7743f23963b6d6e4a,1771993836,2026-02-25T04:30:36+00:00,0.9,clob_prices_history
112418822297470572658312548631220776645321771603729476024056332596414394278374,0x0c38dd9305e3205557885183f0730270779e7e426b0ec3e7743f23963b6d6e4a,1771994724,2026-02-25T04:45:24+00:00,0.9,clob_prices_history
112418822297470572658312548631220776645321771603729476024056332596414394278374,0x0c38dd9305e3205557885183f0730270779e7e426b0ec3e7743f23963b6d6e4a,1771995630,2026-02-25T05:00:30+00:00,0.9,clob_prices_history
112418822297470572658312548631220776645321771603729476024056332596414394278374,0x0c38dd9305e3205557885183f0730270779e7e426b0ec3e7743f23963b6d6e4a,1771996530,2026-02-25T05:15:30+00:00,0.9,clob_prices_history
112418822297470572658312548631220776645321771603729476024056332596414394278374,0x0c38dd9305e3205557885183f0730270779e7e426b0ec3e7743f23963b6d6e4a,1771997434,2026-02-25T05:30:34+00:00,0.9,clob_prices_history
112418822297470572658312548631220776645321771603729476024056332596414394278374,0x0c38dd9305e3205557885183f0730270779e7e426b0ec3e7743f23963b6d6e4a,1771998326,2026-02-25T05:45:26+00:00,0.9,clob_prices_history
112418822297470572658312548631220776645321771603729476024056332596414394278374,0x0c38dd9305e3205557885183f0730270779e7e426b0ec3e7743f23963b6d6e4a,1771999238,2026-02-25T06:00:38+00:00,0.9,clob_prices_history
112418822297470572658312548631220776645321771603729476024056332596414394278374,0x0c38dd9305e3205557885183f0730270779e7e426b0ec3e7743f23963b6d6e4a,1772000124,2026-02-25T06:15:24+00:00,0.9,clob_prices_history
112418822297470572658312548631220776645321771603729476024056332596414394278374,0x0c38dd9305e3205557885183f0730270779e7e426b0ec3e7743f23963b6d6e4a,1772001030,2026-02-25T06:30:30+00:00,0.9,clob_prices_history
112418822297470572658312548631220776645321771603729476024056332596414394278374,0x0c38dd9305e3205557885183f0730270779e7e426b0ec3e7743f23963b6d6e4a,1772001938,2026-02-25T06:45:38+00:00,0.9,clob_prices_history
112418822297470572658312548631220776645321771603729476024056332596414394278374,0x0c38dd9305e3205557885183f0730270779e7e426b0ec3e7743f23963b6d6e4a,1772002831,2026-02-25T07:00:31+00:00,0.9,clob_prices_history
112418822297470572658312548631220776645321771603729476024056332596414394278374,0x0c38dd9305e3205557885183f0730270779e7e426b0ec3e7743f23963b6d6e4a,1772003728,2026-02-25T07:15:28+00:00,0.9,clob_prices_history
112418822297470572658312548631220776645321771603729476024056332596414394278374,0x0c38dd9305e3205557885183f0730270779e7e426b0ec3e7743f23963b6d6e4a,1772004638,2026-02-25T07:30:38+00:00,0.9,clob_prices_history
112418822297470572658312548631220776645321771603729476024056332596414394278374,0x0c38dd9305e3205557885183f0730270779e7e426b0ec3e7743f23963b6d6e4a,1772005525,2026-02-25T07:45:25+00:00,0.9,clob_prices_history
112418822297470572658312548631220776645321771603729476024056332596414394278374,0x0c38dd9305e3205557885183f0730270779e7e426b0ec3e7743f23963b6d6e4a,1772006434,2026-02-25T08:00:34+00:00,0.9,clob_prices_history
112418822297470572658312548631220776645321771603729476024056332596414394278374,0x0c38dd9305e3205557885183f0730270779e7e426b0ec3e7743f23963b6d6e4a,1772007327,2026-02-25T08:15:27+00:00,0.9,clob_prices_history
112418822297470572658312548631220776645321771603729476024056332596414394278374,0x0c38dd9305e3205557885183f0730270779e7e426b0ec3e7743f23963b6d6e4a,1772008228,2026-02-25T08:30:28+00:00,0.9,clob_prices_history
112418822297470572658312548631220776645321771603729476024056332596414394278374,0x0c38dd9305e3205557885183f0730270779e7e426b0ec3e7743f23963b6d6e4a,1772009131,2026-02-25T08:45:31+00:00,0.9,clob_prices_history
112418822297470572658312548631220776645321771603729476024056332596414394278374,0x0c38dd9305e3205557885183f0730270779e7e426b0ec3e7743f23963b6d6e4a,1772010039,2026-02-25T09:00:39+00:00,0.9,clob_prices_history
112418822297470572658312548631220776645321771603729476024056332596414394278374,0x0c38dd9305e3205557885183f0730270779e7e426b0ec3e7743f23963b6d6e4a,1772010923,2026-02-25T09:15:23+00:00,0.9,clob_prices_history
112418822297470572658312548631220776645321771603729476024056332596414394278374,0x0c38dd9305e3205557885183f0730270779e7e426b0ec3e7743f23963b6d6e4a,1772011836,2026-02-25T09:30:36+00:00,0.9,clob_prices_history
112418822297470572658312548631220776645321771603729476024056332596414394278374,0x0c38dd9305e3205557885183f0730270779e7e426b0ec3e7743f23963b6d6e4a,1772012731,2026-02-25T09:45:31+00:00,0.9,clob_prices_history
112418822297470572658312548631220776645321771603729476024056332596414394278374,0x0c38dd9305e3205557885183f0730270779e7e426b0ec3e7743f23963b6d6e4a,1772013629,2026-02-25T10:00:29+00:00,0.9,clob_prices_history
112418822297470572658312548631220776645321771603729476024056332596414394278374,0x0c38dd9305e3205557885183f0730270779e7e426b0ec3e7743f23963b6d6e4a,1772014523,2026-02-25T10:15:23+00:00,0.9,clob_prices_history
112418822297470572658312548631220776645321771603729476024056332596414394278374,0x0c38dd9305e3205557885183f0730270779e7e426b0ec3e7743f23963b6d6e4a,1772015446,2026-02-25T10:30:46+00:00,0.9,clob_prices_history
112418822297470572658312548631220776645321771603729476024056332596414394278374,0x0c38dd9305e3205557885183f0730270779e7e426b0ec3e7743f23963b6d6e4a,1772016324,2026-02-25T10:45:24+00:00,0.9,clob_prices_history
112418822297470572658312548631220776645321771603729476024056332596414394278374,0x0c38dd9305e3205557885183f0730270779e7e426b0ec3e7743f23963b6d6e4a,1772017230,2026-02-25T11:00:30+00:00,0.9,clob_prices_history
112418822297470572658312548631220776645321771603729476024056332596414394278374,0x0c38dd9305e3205557885183f0730270779e7e426b0ec3e7743f23963b6d6e4a,1772018123,2026-02-25T11:15:23+00:00,0.9,clob_prices_history
112418822297470572658312548631220776645321771603729476024056332596414394278374,0x0c38dd9305e3205557885183f0730270779e7e426b0ec3e7743f23963b6d6e4a,1772019035,2026-02-25T11:30:35+00:00,0.9,clob_prices_history
112418822297470572658312548631220776645321771603729476024056332596414394278374,0x0c38dd9305e3205557885183f0730270779e7e426b0ec3e7743f23963b6d6e4a,1772019925,2026-02-25T11:45:25+00:00,0.9,clob_prices_history
112418822297470572658312548631220776645321771603729476024056332596414394278374,0x0c38dd9305e3205557885183f0730270779e7e426b0ec3e7743f23963b6d6e4a,1772021723,2026-02-25T12:15:23+00:00,0.9,clob_prices_history
112418822297470572658312548631220776645321771603729476024056332596414394278374,0x0c38dd9305e3205557885183f0730270779e7e426b0ec3e7743f23963b6d6e4a,1772022653,2026-02-25T12:30:53+00:00,0.9,clob_prices_history
112418822297470572658312548631220776645321771603729476024056332596414394278374,0x0c38dd9305e3205557885183f0730270779e7e426b0ec3e7743f23963b6d6e4a,1772023525,2026-02-25T12:45:25+00:00,0.9,clob_prices_history
112418822297470572658312548631220776645321771603729476024056332596414394278374,0x0c38dd9305e3205557885183f0730270779e7e426b0ec3e7743f23963b6d6e4a,1772024428,2026-02-25T13:00:28+00:00,0.9,clob_prices_history
112418822297470572658312548631220776645321771603729476024056332596414394278374,0x0c38dd9305e3205557885183f0730270779e7e426b0ec3e7743f23963b6d6e4a,1772025324,2026-02-25T13:15:24+00:00,0.9,clob_prices_history
112418822297470572658312548631220776645321771603729476024056332596414394278374,0x0c38dd9305e3205557885183f0730270779e7e426b0ec3e7743f23963b6d6e4a,1772026228,2026-02-25T13:30:28+00:00,0.9,clob_prices_history
112418822297470572658312548631220776645321771603729476024056332596414394278374,0x0c38dd9305e3205557885183f0730270779e7e426b0ec3e7743f23963b6d6e4a,1772027124,2026-02-25T13:45:24+00:00,0.9,clob_prices_history
112418822297470572658312548631220776645321771603729476024056332596414394278374,0x0c38dd9305e3205557885183f0730270779e7e426b0ec3e7743f23963b6d6e4a,1772028038,2026-02-25T14:00:38+00:00,0.9,clob_prices_history
112418822297470572658312548631220776645321771603729476024056332596414394278374,0x0c38dd9305e3205557885183f0730270779e7e426b0ec3e7743f23963b6d6e4a,1772028925,2026-02-25T14:15:25+00:00,0.9,clob_prices_history
112418822297470572658312548631220776645321771603729476024056332596414394278374,0x0c38dd9305e3205557885183f0730270779e7e426b0ec3e7743f23963b6d6e4a,1772029833,2026-02-25T14:30:33+00:00,0.9,clob_prices_history
112418822297470572658312548631220776645321771603729476024056332596414394278374,0x0c38dd9305e3205557885183f0730270779e7e426b0ec3e7743f23963b6d6e4a,1772030725,2026-02-25T14:45:25+00:00,0.905,clob_prices_history
112418822297470572658312548631220776645321771603729476024056332596414394278374,0x0c38dd9305e3205557885183f0730270779e7e426b0ec3e7743f23963b6d6e4a,1772031645,2026-02-25T15:00:45+00:00,0.905,clob_prices_history
112418822297470572658312548631220776645321771603729476024056332596414394278374,0x0c38dd9305e3205557885183f0730270779e7e426b0ec3e7743f23963b6d6e4a,1772033448,2026-02-25T15:30:48+00:00,0.905,clob_prices_history
112418822297470572658312548631220776645321771603729476024056332596414394278374,0x0c38dd9305e3205557885183f0730270779e7e426b0ec3e7743f23963b6d6e4a,1772034325,2026-02-25T15:45:25+00:00,0.905,clob_prices_history
112418822297470572658312548631220776645321771603729476024056332596414394278374,0x0c38dd9305e3205557885183f0730270779e7e426b0ec3e7743f23963b6d6e4a,1772035230,2026-02-25T16:00:30+00:00,0.905,clob_prices_history
112418822297470572658312548631220776645321771603729476024056332596414394278374,0x0c38dd9305e3205557885183f0730270779e7e426b0ec3e7743f23963b6d6e4a,1772036124,2026-02-25T16:15:24+00:00,0.905,clob_prices_history
112418822297470572658312548631220776645321771603729476024056332596414394278374,0x0c38dd9305e3205557885183f0730270779e7e426b0ec3e7743f23963b6d6e4a,1772037031,2026-02-25T16:30:31+00:00,0.905,clob_prices_history
112418822297470572658312548631220776645321771603729476024056332596414394278374,0x0c38dd9305e3205557885183f0730270779e7e426b0ec3e7743f23963b6d6e4a,1772037958,2026-02-25T16:45:58+00:00,0.905,clob_prices_history
112418822297470572658312548631220776645321771603729476024056332596414394278374,0x0c38dd9305e3205557885183f0730270779e7e426b0ec3e7743f23963b6d6e4a,1772038829,2026-02-25T17:00:29+00:00,0.905,clob_prices_history
112418822297470572658312548631220776645321771603729476024056332596414394278374,0x0c38dd9305e3205557885183f0730270779e7e426b0ec3e7743f23963b6d6e4a,1772039730,2026-02-25T17:15:30+00:00,0.905,clob_prices_history
112418822297470572658312548631220776645321771603729476024056332596414394278374,0x0c38dd9305e3205557885183f0730270779e7e426b0ec3e7743f23963b6d6e4a,1772040631,2026-02-25T17:30:31+00:00,0.905,clob_prices_history
112418822297470572658312548631220776645321771603729476024056332596414394278374,0x0c38dd9305e3205557885183f0730270779e7e426b0ec3e7743f23963b6d6e4a,1772041524,2026-02-25T17:45:24+00:00,0.905,clob_prices_history
112418822297470572658312548631220776645321771603729476024056332596414394278374,0x0c38dd9305e3205557885183f0730270779e7e426b0ec3e7743f23963b6d6e4a,1772042439,2026-02-25T18:00:39+00:00,0.91,clob_prices_history
112418822297470572658312548631220776645321771603729476024056332596414394278374,0x0c38dd9305e3205557885183f0730270779e7e426b0ec3e7743f23963b6d6e4a,1772043324,2026-02-25T18:15:24+00:00,0.91,clob_prices_history
112418822297470572658312548631220776645321771603729476024056332596414394278374,0x0c38dd9305e3205557885183f0730270779e7e426b0ec3e7743f23963b6d6e4a,1772044230,2026-02-25T18:30:30+00:00,0.91,clob_prices_history
112418822297470572658312548631220776645321771603729476024056332596414394278374,0x0c38dd9305e3205557885183f0730270779e7e426b0ec3e7743f23963b6d6e4a,1772045125,2026-02-25T18:45:25+00:00,0.91,clob_prices_history
112418822297470572658312548631220776645321771603729476024056332596414394278374,0x0c38dd9305e3205557885183f0730270779e7e426b0ec3e7743f23963b6d6e4a,1772046032,2026-02-25T19:00:32+00:00,0.91,clob_prices_history
112418822297470572658312548631220776645321771603729476024056332596414394278374,0x0c38dd9305e3205557885183f0730270779e7e426b0ec3e7743f23963b6d6e4a,1772046924,2026-02-25T19:15:24+00:00,0.9,clob_prices_history
112418822297470572658312548631220776645321771603729476024056332596414394278374,0x0c38dd9305e3205557885183f0730270779e7e426b0ec3e7743f23963b6d6e4a,1772048726,2026-02-25T19:45:26+00:00,0.895,clob_prices_history
112418822297470572658312548631220776645321771603729476024056332596414394278374,0x0c38dd9305e3205557885183f0730270779e7e426b0ec3e7743f23963b6d6e4a,1772049648,2026-02-25T20:00:48+00:00,0.895,clob_prices_history
112418822297470572658312548631220776645321771603729476024056332596414394278374,0x0c38dd9305e3205557885183f0730270779e7e426b0ec3e7743f23963b6d6e4a,1772050529,2026-02-25T20:15:29+00:00,0.895,clob_prices_history
112418822297470572658312548631220776645321771603729476024056332596414394278374,0x0c38dd9305e3205557885183f0730270779e7e426b0ec3e7743f23963b6d6e4a,1772051431,2026-02-25T20:30:31+00:00,0.895,clob_prices_history
112418822297470572658312548631220776645321771603729476024056332596414394278374,0x0c38dd9305e3205557885183f0730270779e7e426b0ec3e7743f23963b6d6e4a,1772052327,2026-02-25T20:45:27+00:00,0.895,clob_prices_history
112418822297470572658312548631220776645321771603729476024056332596414394278374,0x0c38dd9305e3205557885183f0730270779e7e426b0ec3e7743f23963b6d6e4a,1772053240,2026-02-25T21:00:40+00:00,0.895,clob_prices_history
112418822297470572658312548631220776645321771603729476024056332596414394278374,0x0c38dd9305e3205557885183f0730270779e7e426b0ec3e7743f23963b6d6e4a,1772054133,2026-02-25T21:15:33+00:00,0.895,clob_prices_history
112418822297470572658312548631220776645321771603729476024056332596414394278374,0x0c38dd9305e3205557885183f0730270779e7e426b0ec3e7743f23963b6d6e4a,1772055037,2026-02-25T21:30:37+00:00,0.895,clob_prices_history
112418822297470572658312548631220776645321771603729476024056332596414394278374,0x0c38dd9305e3205557885183f0730270779e7e426b0ec3e7743f23963b6d6e4a,1772055931,2026-02-25T21:45:31+00:00,0.895,clob_prices_history
112418822297470572658312548631220776645321771603729476024056332596414394278374,0x0c38dd9305e3205557885183f0730270779e7e426b0ec3e7743f23963b6d6e4a,1772056832,2026-02-25T22:00:32+00:00,0.895,clob_prices_history
112418822297470572658312548631220776645321771603729476024056332596414394278374,0x0c38dd9305e3205557885183f0730270779e7e426b0ec3e7743f23963b6d6e4a,1772057726,2026-02-25T22:15:26+00:00,0.895,clob_prices_history
112418822297470572658312548631220776645321771603729476024056332596414394278374,0x0c38dd9305e3205557885183f0730270779e7e426b0ec3e7743f23963b6d6e4a,1772058644,2026-02-25T22:30:44+00:00,0.895,clob_prices_history
112418822297470572658312548631220776645321771603729476024056332596414394278374,0x0c38dd9305e3205557885183f0730270779e7e426b0ec3e7743f23963b6d6e4a,1772059524,2026-02-25T22:45:24+00:00,0.895,clob_prices_history
112418822297470572658312548631220776645321771603729476024056332596414394278374,0x0c38dd9305e3205557885183f0730270779e7e426b0ec3e7743f23963b6d6e4a,1772060440,2026-02-25T23:00:40+00:00,0.895,clob_prices_history
112418822297470572658312548631220776645321771603729476024056332596414394278374,0x0c38dd9305e3205557885183f0730270779e7e426b0ec3e7743f23963b6d6e4a,1772061325,2026-02-25T23:15:25+00:00,0.895,clob_prices_history
112418822297470572658312548631220776645321771603729476024056332596414394278374,0x0c38dd9305e3205557885183f0730270779e7e426b0ec3e7743f23963b6d6e4a,1772062233,2026-02-25T23:30:33+00:00,0.895,clob_prices_history
112418822297470572658312548631220776645321771603729476024056332596414394278374,0x0c38dd9305e3205557885183f0730270779e7e426b0ec3e7743f23963b6d6e4a,1772063127,2026-02-25T23:45:27+00:00,0.895,clob_prices_history
112418822297470572658312548631220776645321771603729476024056332596414394278374,0x0c38dd9305e3205557885183f0730270779e7e426b0ec3e7743f23963b6d6e4a,1772064049,2026-02-26T00:00:49+00:00,0.895,clob_prices_history
112418822297470572658312548631220776645321771603729476024056332596414394278374,0x0c38dd9305e3205557885183f0730270779e7e426b0ec3e7743f23963b6d6e4a,1772064925,2026-02-26T00:15:25+00:00,0.895,clob_prices_history
112418822297470572658312548631220776645321771603729476024056332596414394278374,0x0c38dd9305e3205557885183f0730270779e7e426b0ec3e7743f23963b6d6e4a,1772065830,2026-02-26T00:30:30+00:00,0.895,clob_prices_history
112418822297470572658312548631220776645321771603729476024056332596414394278374,0x0c38dd9305e3205557885183f0730270779e7e426b0ec3e7743f23963b6d6e4a,1772066725,2026-02-26T00:45:25+00:00,0.895,clob_prices_history
112418822297470572658312548631220776645321771603729476024056332596414394278374,0x0c38dd9305e3205557885183f0730270779e7e426b0ec3e7743f23963b6d6e4a,1772067630,2026-02-26T01:00:30+00:00,0.895,clob_prices_history
112418822297470572658312548631220776645321771603729476024056332596414394278374,0x0c38dd9305e3205557885183f0730270779e7e426b0ec3e7743f23963b6d6e4a,1772068526,2026-02-26T01:15:26+00:00,0.895,clob_prices_history
112418822297470572658312548631220776645321771603729476024056332596414394278374,0x0c38dd9305e3205557885183f0730270779e7e426b0ec3e7743f23963b6d6e4a,1772069432,2026-02-26T01:30:32+00:00,0.895,clob_prices_history
112418822297470572658312548631220776645321771603729476024056332596414394278374,0x0c38dd9305e3205557885183f0730270779e7e426b0ec3e7743f23963b6d6e4a,1772070327,2026-02-26T01:45:27+00:00,0.895,clob_prices_history
112418822297470572658312548631220776645321771603729476024056332596414394278374,0x0c38dd9305e3205557885183f0730270779e7e426b0ec3e7743f23963b6d6e4a,1772071232,2026-02-26T02:00:32+00:00,0.895,clob_prices_history
112418822297470572658312548631220776645321771603729476024056332596414394278374,0x0c38dd9305e3205557885183f0730270779e7e426b0ec3e7743f23963b6d6e4a,1772072126,2026-02-26T02:15:26+00:00,0.895,clob_prices_history
112418822297470572658312548631220776645321771603729476024056332596414394278374,0x0c38dd9305e3205557885183f0730270779e7e426b0ec3e7743f23963b6d6e4a,1772073033,2026-02-26T02:30:33+00:00,0.895,clob_prices_history
112418822297470572658312548631220776645321771603729476024056332596414394278374,0x0c38dd9305e3205557885183f0730270779e7e426b0ec3e7743f23963b6d6e4a,1772073926,2026-02-26T02:45:26+00:00,0.895,clob_prices_history
112418822297470572658312548631220776645321771603729476024056332596414394278374,0x0c38dd9305e3205557885183f0730270779e7e426b0ec3e7743f23963b6d6e4a,1772075725,2026-02-26T03:15:25+00:00,0.895,clob_prices_history
112418822297470572658312548631220776645321771603729476024056332596414394278374,0x0c38dd9305e3205557885183f0730270779e7e426b0ec3e7743f23963b6d6e4a,1772077525,2026-02-26T03:45:25+00:00,0.895,clob_prices_history
112418822297470572658312548631220776645321771603729476024056332596414394278374,0x0c38dd9305e3205557885183f0730270779e7e426b0ec3e7743f23963b6d6e4a,1772078443,2026-02-26T04:00:43+00:00,0.895,clob_prices_history
112418822297470572658312548631220776645321771603729476024056332596414394278374,0x0c38dd9305e3205557885183f0730270779e7e426b0ec3e7743f23963b6d6e4a,1772079324,2026-02-26T04:15:24+00:00,0.895,clob_prices_history
112418822297470572658312548631220776645321771603729476024056332596414394278374,0x0c38dd9305e3205557885183f0730270779e7e426b0ec3e7743f23963b6d6e4a,1772080232,2026-02-26T04:30:32+00:00,0.895,clob_prices_history
112418822297470572658312548631220776645321771603729476024056332596414394278374,0x0c38dd9305e3205557885183f0730270779e7e426b0ec3e7743f23963b6d6e4a,1772081123,2026-02-26T04:45:23+00:00,0.895,clob_prices_history
112418822297470572658312548631220776645321771603729476024056332596414394278374,0x0c38dd9305e3205557885183f0730270779e7e426b0ec3e7743f23963b6d6e4a,1772082032,2026-02-26T05:00:32+00:00,0.895,clob_prices_history
112418822297470572658312548631220776645321771603729476024056332596414394278374,0x0c38dd9305e3205557885183f0730270779e7e426b0ec3e7743f23963b6d6e4a,1772082926,2026-02-26T05:15:26+00:00,0.895,clob_prices_history
112418822297470572658312548631220776645321771603729476024056332596414394278374,0x0c38dd9305e3205557885183f0730270779e7e426b0ec3e7743f23963b6d6e4a,1772083832,2026-02-26T05:30:32+00:00,0.895,clob_prices_history
112418822297470572658312548631220776645321771603729476024056332596414394278374,0x0c38dd9305e3205557885183f0730270779e7e426b0ec3e7743f23963b6d6e4a,1772084726,2026-02-26T05:45:26+00:00,0.895,clob_prices_history
112418822297470572658312548631220776645321771603729476024056332596414394278374,0x0c38dd9305e3205557885183f0730270779e7e426b0ec3e7743f23963b6d6e4a,1772085641,2026-02-26T06:00:41+00:00,0.895,clob_prices_history
112418822297470572658312548631220776645321771603729476024056332596414394278374,0x0c38dd9305e3205557885183f0730270779e7e426b0ec3e7743f23963b6d6e4a,1772086523,2026-02-26T06:15:23+00:00,0.895,clob_prices_history
112418822297470572658312548631220776645321771603729476024056332596414394278374,0x0c38dd9305e3205557885183f0730270779e7e426b0ec3e7743f23963b6d6e4a,1772087432,2026-02-26T06:30:32+00:00,0.895,clob_prices_history
112418822297470572658312548631220776645321771603729476024056332596414394278374,0x0c38dd9305e3205557885183f0730270779e7e426b0ec3e7743f23963b6d6e4a,1772088324,2026-02-26T06:45:24+00:00,0.895,clob_prices_history
112418822297470572658312548631220776645321771603729476024056332596414394278374,0x0c38dd9305e3205557885183f0730270779e7e426b0ec3e7743f23963b6d6e4a,1772089234,2026-02-26T07:00:34+00:00,0.895,clob_prices_history
112418822297470572658312548631220776645321771603729476024056332596414394278374,0x0c38dd9305e3205557885183f0730270779e7e426b0ec3e7743f23963b6d6e4a,1772090124,2026-02-26T07:15:24+00:00,0.895,clob_prices_history
112418822297470572658312548631220776645321771603729476024056332596414394278374,0x0c38dd9305e3205557885183f0730270779e7e426b0ec3e7743f23963b6d6e4a,1772091031,2026-02-26T07:30:31+00:00,0.895,clob_prices_history
112418822297470572658312548631220776645321771603729476024056332596414394278374,0x0c38dd9305e3205557885183f0730270779e7e426b0ec3e7743f23963b6d6e4a,1772091939,2026-02-26T07:45:39+00:00,0.895,clob_prices_history
112418822297470572658312548631220776645321771603729476024056332596414394278374,0x0c38dd9305e3205557885183f0730270779e7e426b0ec3e7743f23963b6d6e4a,1772092836,2026-02-26T08:00:36+00:00,0.895,clob_prices_history
112418822297470572658312548631220776645321771603729476024056332596414394278374,0x0c38dd9305e3205557885183f0730270779e7e426b0ec3e7743f23963b6d6e4a,1772093724,2026-02-26T08:15:24+00:00,0.895,clob_prices_history
112418822297470572658312548631220776645321771603729476024056332596414394278374,0x0c38dd9305e3205557885183f0730270779e7e426b0ec3e7743f23963b6d6e4a,1772094631,2026-02-26T08:30:31+00:00,0.895,clob_prices_history
112418822297470572658312548631220776645321771603729476024056332596414394278374,0x0c38dd9305e3205557885183f0730270779e7e426b0ec3e7743f23963b6d6e4a,1772095525,2026-02-26T08:45:25+00:00,0.895,clob_prices_history
112418822297470572658312548631220776645321771603729476024056332596414394278374,0x0c38dd9305e3205557885183f0730270779e7e426b0ec3e7743f23963b6d6e4a,1772096457,2026-02-26T09:00:57+00:00,0.895,clob_prices_history
112418822297470572658312548631220776645321771603729476024056332596414394278374,0x0c38dd9305e3205557885183f0730270779e7e426b0ec3e7743f23963b6d6e4a,1772097327,2026-02-26T09:15:27+00:00,0.895,clob_prices_history
112418822297470572658312548631220776645321771603729476024056332596414394278374,0x0c38dd9305e3205557885183f0730270779e7e426b0ec3e7743f23963b6d6e4a,1772098233,2026-02-26T09:30:33+00:00,0.895,clob_prices_history
112418822297470572658312548631220776645321771603729476024056332596414394278374,0x0c38dd9305e3205557885183f0730270779e7e426b0ec3e7743f23963b6d6e4a,1772099109,2026-02-26T09:45:09+00:00,0.895,clob_prices_history
112418822297470572658312548631220776645321771603729476024056332596414394278374,0x0c38dd9305e3205557885183f0730270779e7e426b0ec3e7743f23963b6d6e4a,1772099142,2026-02-26T09:45:42+00:00,0.895,clob_prices_history
112418822297470572658312548631220776645321771603729476024056332596414394278374,0x0c38dd9305e3205557885183f0730270779e7e426b0ec3e7743f23963b6d6e4a,1772100032,2026-02-26T10:00:32+00:00,0.895,clob_prices_history
112418822297470572658312548631220776645321771603729476024056332596414394278374,0x0c38dd9305e3205557885183f0730270779e7e426b0ec3e7743f23963b6d6e4a,1772100938,2026-02-26T10:15:38+00:00,0.895,clob_prices_history
112418822297470572658312548631220776645321771603729476024056332596414394278374,0x0c38dd9305e3205557885183f0730270779e7e426b0ec3e7743f23963b6d6e4a,1772101833,2026-02-26T10:30:33+00:00,0.895,clob_prices_history
112418822297470572658312548631220776645321771603729476024056332596414394278374,0x0c38dd9305e3205557885183f0730270779e7e426b0ec3e7743f23963b6d6e4a,1772102725,2026-02-26T10:45:25+00:00,0.895,clob_prices_history
112418822297470572658312548631220776645321771603729476024056332596414394278374,0x0c38dd9305e3205557885183f0730270779e7e426b0ec3e7743f23963b6d6e4a,1772103630,2026-02-26T11:00:30+00:00,0.895,clob_prices_history
112418822297470572658312548631220776645321771603729476024056332596414394278374,0x0c38dd9305e3205557885183f0730270779e7e426b0ec3e7743f23963b6d6e4a,1772104525,2026-02-26T11:15:25+00:00,0.895,clob_prices_history
112418822297470572658312548631220776645321771603729476024056332596414394278374,0x0c38dd9305e3205557885183f0730270779e7e426b0ec3e7743f23963b6d6e4a,1772105451,2026-02-26T11:30:51+00:00,0.895,clob_prices_history
112418822297470572658312548631220776645321771603729476024056332596414394278374,0x0c38dd9305e3205557885183f0730270779e7e426b0ec3e7743f23963b6d6e4a,1772106324,2026-02-26T11:45:24+00:00,0.895,clob_prices_history
112418822297470572658312548631220776645321771603729476024056332596414394278374,0x0c38dd9305e3205557885183f0730270779e7e426b0ec3e7743f23963b6d6e4a,1772108129,2026-02-26T12:15:29+00:00,0.895,clob_prices_history
112418822297470572658312548631220776645321771603729476024056332596414394278374,0x0c38dd9305e3205557885183f0730270779e7e426b0ec3e7743f23963b6d6e4a,1772109054,2026-02-26T12:30:54+00:00,0.895,clob_prices_history
112418822297470572658312548631220776645321771603729476024056332596414394278374,0x0c38dd9305e3205557885183f0730270779e7e426b0ec3e7743f23963b6d6e4a,1772109927,2026-02-26T12:45:27+00:00,0.895,clob_prices_history
112418822297470572658312548631220776645321771603729476024056332596414394278374,0x0c38dd9305e3205557885183f0730270779e7e426b0ec3e7743f23963b6d6e4a,1772110834,2026-02-26T13:00:34+00:00,0.895,clob_prices_history
112418822297470572658312548631220776645321771603729476024056332596414394278374,0x0c38dd9305e3205557885183f0730270779e7e426b0ec3e7743f23963b6d6e4a,1772111724,2026-02-26T13:15:24+00:00,0.895,clob_prices_history
112418822297470572658312548631220776645321771603729476024056332596414394278374,0x0c38dd9305e3205557885183f0730270779e7e426b0ec3e7743f23963b6d6e4a,1772112635,2026-02-26T13:30:35+00:00,0.895,clob_prices_history
112418822297470572658312548631220776645321771603729476024056332596414394278374,0x0c38dd9305e3205557885183f0730270779e7e426b0ec3e7743f23963b6d6e4a,1772113527,2026-02-26T13:45:27+00:00,0.895,clob_prices_history
112418822297470572658312548631220776645321771603729476024056332596414394278374,0x0c38dd9305e3205557885183f0730270779e7e426b0ec3e7743f23963b6d6e4a,1772114436,2026-02-26T14:00:36+00:00,0.895,clob_prices_history
112418822297470572658312548631220776645321771603729476024056332596414394278374,0x0c38dd9305e3205557885183f0730270779e7e426b0ec3e7743f23963b6d6e4a,1772115337,2026-02-26T14:15:37+00:00,0.895,clob_prices_history
112418822297470572658312548631220776645321771603729476024056332596414394278374,0x0c38dd9305e3205557885183f0730270779e7e426b0ec3e7743f23963b6d6e4a,1772116234,2026-02-26T14:30:34+00:00,0.895,clob_prices_history
112418822297470572658312548631220776645321771603729476024056332596414394278374,0x0c38dd9305e3205557885183f0730270779e7e426b0ec3e7743f23963b6d6e4a,1772117105,2026-02-26T14:45:05+00:00,0.895,clob_prices_history
112418822297470572658312548631220776645321771603729476024056332596414394278374,0x0c38dd9305e3205557885183f0730270779e7e426b0ec3e7743f23963b6d6e4a,1772117139,2026-02-26T14:45:39+00:00,0.895,clob_prices_history
112418822297470572658312548631220776645321771603729476024056332596414394278374,0x0c38dd9305e3205557885183f0730270779e7e426b0ec3e7743f23963b6d6e4a,1772118048,2026-02-26T15:00:48+00:00,0.895,clob_prices_history
112418822297470572658312548631220776645321771603729476024056332596414394278374,0x0c38dd9305e3205557885183f0730270779e7e426b0ec3e7743f23963b6d6e4a,1772118931,2026-02-26T15:15:31+00:00,0.895,clob_prices_history
112418822297470572658312548631220776645321771603729476024056332596414394278374,0x0c38dd9305e3205557885183f0730270779e7e426b0ec3e7743f23963b6d6e4a,1772119837,2026-02-26T15:30:37+00:00,0.895,clob_prices_history
112418822297470572658312548631220776645321771603729476024056332596414394278374,0x0c38dd9305e3205557885183f0730270779e7e426b0ec3e7743f23963b6d6e4a,1772121651,2026-02-26T16:00:51+00:00,0.9,clob_prices_history
112418822297470572658312548631220776645321771603729476024056332596414394278374,0x0c38dd9305e3205557885183f0730270779e7e426b0ec3e7743f23963b6d6e4a,1772122535,2026-02-26T16:15:35+00:00,0.9,clob_prices_history
112418822297470572658312548631220776645321771603729476024056332596414394278374,0x0c38dd9305e3205557885183f0730270779e7e426b0ec3e7743f23963b6d6e4a,1772123435,2026-02-26T16:30:35+00:00,0.9,clob_prices_history
112418822297470572658312548631220776645321771603729476024056332596414394278374,0x0c38dd9305e3205557885183f0730270779e7e426b0ec3e7743f23963b6d6e4a,1772124328,2026-02-26T16:45:28+00:00,0.9,clob_prices_history
112418822297470572658312548631220776645321771603729476024056332596414394278374,0x0c38dd9305e3205557885183f0730270779e7e426b0ec3e7743f23963b6d6e4a,1772125240,2026-02-26T17:00:40+00:00,0.9,clob_prices_history
112418822297470572658312548631220776645321771603729476024056332596414394278374,0x0c38dd9305e3205557885183f0730270779e7e426b0ec3e7743f23963b6d6e4a,1772126128,2026-02-26T17:15:28+00:00,0.9,clob_prices_history
112418822297470572658312548631220776645321771603729476024056332596414394278374,0x0c38dd9305e3205557885183f0730270779e7e426b0ec3e7743f23963b6d6e4a,1772127043,2026-02-26T17:30:43+00:00,0.9,clob_prices_history
112418822297470572658312548631220776645321771603729476024056332596414394278374,0x0c38dd9305e3205557885183f0730270779e7e426b0ec3e7743f23963b6d6e4a,1772127930,2026-02-26T17:45:30+00:00,0.9,clob_prices_history
112418822297470572658312548631220776645321771603729476024056332596414394278374,0x0c38dd9305e3205557885183f0730270779e7e426b0ec3e7743f23963b6d6e4a,1772129729,2026-02-26T18:15:29+00:00,0.9,clob_prices_history
112418822297470572658312548631220776645321771603729476024056332596414394278374,0x0c38dd9305e3205557885183f0730270779e7e426b0ec3e7743f23963b6d6e4a,1772130636,2026-02-26T18:30:36+00:00,0.9,clob_prices_history
112418822297470572658312548631220776645321771603729476024056332596414394278374,0x0c38dd9305e3205557885183f0730270779e7e426b0ec3e7743f23963b6d6e4a,1772131528,2026-02-26T18:45:28+00:00,0.9,clob_prices_history
112418822297470572658312548631220776645321771603729476024056332596414394278374,0x0c38dd9305e3205557885183f0730270779e7e426b0ec3e7743f23963b6d6e4a,1772132438,2026-02-26T19:00:38+00:00,0.9,clob_prices_history
112418822297470572658312548631220776645321771603729476024056332596414394278374,0x0c38dd9305e3205557885183f0730270779e7e426b0ec3e7743f23963b6d6e4a,1772133329,2026-02-26T19:15:29+00:00,0.9,clob_prices_history
112418822297470572658312548631220776645321771603729476024056332596414394278374,0x0c38dd9305e3205557885183f0730270779e7e426b0ec3e7743f23963b6d6e4a,1772134201,2026-02-26T19:30:01+00:00,0.9,clob_prices_history
112418822297470572658312548631220776645321771603729476024056332596414394278374,0x0c38dd9305e3205557885183f0730270779e7e426b0ec3e7743f23963b6d6e4a,1772134250,2026-02-26T19:30:50+00:00,0.9,clob_prices_history
112418822297470572658312548631220776645321771603729476024056332596414394278374,0x0c38dd9305e3205557885183f0730270779e7e426b0ec3e7743f23963b6d6e4a,1772135128,2026-02-26T19:45:28+00:00,0.9,clob_prices_history
112418822297470572658312548631220776645321771603729476024056332596414394278374,0x0c38dd9305e3205557885183f0730270779e7e426b0ec3e7743f23963b6d6e4a,1772136039,2026-02-26T20:00:39+00:00,0.9,clob_prices_history
112418822297470572658312548631220776645321771603729476024056332596414394278374,0x0c38dd9305e3205557885183f0730270779e7e426b0ec3e7743f23963b6d6e4a,1772136928,2026-02-26T20:15:28+00:00,0.9,clob_prices_history
112418822297470572658312548631220776645321771603729476024056332596414394278374,0x0c38dd9305e3205557885183f0730270779e7e426b0ec3e7743f23963b6d6e4a,1772137841,2026-02-26T20:30:41+00:00,0.9,clob_prices_history
112418822297470572658312548631220776645321771603729476024056332596414394278374,0x0c38dd9305e3205557885183f0730270779e7e426b0ec3e7743f23963b6d6e4a,1772138728,2026-02-26T20:45:28+00:00,0.9,clob_prices_history
112418822297470572658312548631220776645321771603729476024056332596414394278374,0x0c38dd9305e3205557885183f0730270779e7e426b0ec3e7743f23963b6d6e4a,1772139644,2026-02-26T21:00:44+00:00,0.9,clob_prices_history
112418822297470572658312548631220776645321771603729476024056332596414394278374,0x0c38dd9305e3205557885183f0730270779e7e426b0ec3e7743f23963b6d6e4a,1772140533,2026-02-26T21:15:33+00:00,0.9,clob_prices_history
112418822297470572658312548631220776645321771603729476024056332596414394278374,0x0c38dd9305e3205557885183f0730270779e7e426b0ec3e7743f23963b6d6e4a,1772141435,2026-02-26T21:30:35+00:00,0.9,clob_prices_history
112418822297470572658312548631220776645321771603729476024056332596414394278374,0x0c38dd9305e3205557885183f0730270779e7e426b0ec3e7743f23963b6d6e4a,1772142326,2026-02-26T21:45:26+00:00,0.9,clob_prices_history
112418822297470572658312548631220776645321771603729476024056332596414394278374,0x0c38dd9305e3205557885183f0730270779e7e426b0ec3e7743f23963b6d6e4a,1772143235,2026-02-26T22:00:35+00:00,0.9,clob_prices_history
112418822297470572658312548631220776645321771603729476024056332596414394278374,0x0c38dd9305e3205557885183f0730270779e7e426b0ec3e7743f23963b6d6e4a,1772144135,2026-02-26T22:15:35+00:00,0.9,clob_prices_history
112418822297470572658312548631220776645321771603729476024056332596414394278374,0x0c38dd9305e3205557885183f0730270779e7e426b0ec3e7743f23963b6d6e4a,1772145035,2026-02-26T22:30:35+00:00,0.9,clob_prices_history
112418822297470572658312548631220776645321771603729476024056332596414394278374,0x0c38dd9305e3205557885183f0730270779e7e426b0ec3e7743f23963b6d6e4a,1772145928,2026-02-26T22:45:28+00:00,0.9,clob_prices_history
112418822297470572658312548631220776645321771603729476024056332596414394278374,0x0c38dd9305e3205557885183f0730270779e7e426b0ec3e7743f23963b6d6e4a,1772146836,2026-02-26T23:00:36+00:00,0.925,clob_prices_history
112418822297470572658312548631220776645321771603729476024056332596414394278374,0x0c38dd9305e3205557885183f0730270779e7e426b0ec3e7743f23963b6d6e4a,1772147727,2026-02-26T23:15:27+00:00,0.925,clob_prices_history
112418822297470572658312548631220776645321771603729476024056332596414394278374,0x0c38dd9305e3205557885183f0730270779e7e426b0ec3e7743f23963b6d6e4a,1772148635,2026-02-26T23:30:35+00:00,0.925,clob_prices_history
112418822297470572658312548631220776645321771603729476024056332596414394278374,0x0c38dd9305e3205557885183f0730270779e7e426b0ec3e7743f23963b6d6e4a,1772150454,2026-02-27T00:00:54+00:00,0.925,clob_prices_history
112418822297470572658312548631220776645321771603729476024056332596414394278374,0x0c38dd9305e3205557885183f0730270779e7e426b0ec3e7743f23963b6d6e4a,1772151335,2026-02-27T00:15:35+00:00,0.925,clob_prices_history
112418822297470572658312548631220776645321771603729476024056332596414394278374,0x0c38dd9305e3205557885183f0730270779e7e426b0ec3e7743f23963b6d6e4a,1772152235,2026-02-27T00:30:35+00:00,0.925,clob_prices_history
112418822297470572658312548631220776645321771603729476024056332596414394278374,0x0c38dd9305e3205557885183f0730270779e7e426b0ec3e7743f23963b6d6e4a,1772153129,2026-02-27T00:45:29+00:00,0.925,clob_prices_history
112418822297470572658312548631220776645321771603729476024056332596414394278374,0x0c38dd9305e3205557885183f0730270779e7e426b0ec3e7743f23963b6d6e4a,1772154035,2026-02-27T01:00:35+00:00,0.925,clob_prices_history
112418822297470572658312548631220776645321771603729476024056332596414394278374,0x0c38dd9305e3205557885183f0730270779e7e426b0ec3e7743f23963b6d6e4a,1772154928,2026-02-27T01:15:28+00:00,0.925,clob_prices_history
112418822297470572658312548631220776645321771603729476024056332596414394278374,0x0c38dd9305e3205557885183f0730270779e7e426b0ec3e7743f23963b6d6e4a,1772155835,2026-02-27T01:30:35+00:00,0.925,clob_prices_history
112418822297470572658312548631220776645321771603729476024056332596414394278374,0x0c38dd9305e3205557885183f0730270779e7e426b0ec3e7743f23963b6d6e4a,1772156742,2026-02-27T01:45:42+00:00,0.925,clob_prices_history
112418822297470572658312548631220776645321771603729476024056332596414394278374,0x0c38dd9305e3205557885183f0730270779e7e426b0ec3e7743f23963b6d6e4a,1772157636,2026-02-27T02:00:36+00:00,0.925,clob_prices_history
112418822297470572658312548631220776645321771603729476024056332596414394278374,0x0c38dd9305e3205557885183f0730270779e7e426b0ec3e7743f23963b6d6e4a,1772158529,2026-02-27T02:15:29+00:00,0.925,clob_prices_history
112418822297470572658312548631220776645321771603729476024056332596414394278374,0x0c38dd9305e3205557885183f0730270779e7e426b0ec3e7743f23963b6d6e4a,1772159438,2026-02-27T02:30:38+00:00,0.925,clob_prices_history
112418822297470572658312548631220776645321771603729476024056332596414394278374,0x0c38dd9305e3205557885183f0730270779e7e426b0ec3e7743f23963b6d6e4a,1772160333,2026-02-27T02:45:33+00:00,0.925,clob_prices_history
112418822297470572658312548631220776645321771603729476024056332596414394278374,0x0c38dd9305e3205557885183f0730270779e7e426b0ec3e7743f23963b6d6e4a,1772161244,2026-02-27T03:00:44+00:00,0.925,clob_prices_history
112418822297470572658312548631220776645321771603729476024056332596414394278374,0x0c38dd9305e3205557885183f0730270779e7e426b0ec3e7743f23963b6d6e4a,1772162130,2026-02-27T03:15:30+00:00,0.925,clob_prices_history
112418822297470572658312548631220776645321771603729476024056332596414394278374,0x0c38dd9305e3205557885183f0730270779e7e426b0ec3e7743f23963b6d6e4a,1772163041,2026-02-27T03:30:41+00:00,0.925,clob_prices_history
112418822297470572658312548631220776645321771603729476024056332596414394278374,0x0c38dd9305e3205557885183f0730270779e7e426b0ec3e7743f23963b6d6e4a,1772163927,2026-02-27T03:45:27+00:00,0.925,clob_prices_history
112418822297470572658312548631220776645321771603729476024056332596414394278374,0x0c38dd9305e3205557885183f0730270779e7e426b0ec3e7743f23963b6d6e4a,1772164836,2026-02-27T04:00:36+00:00,0.925,clob_prices_history
112418822297470572658312548631220776645321771603729476024056332596414394278374,0x0c38dd9305e3205557885183f0730270779e7e426b0ec3e7743f23963b6d6e4a,1772165727,2026-02-27T04:15:27+00:00,0.925,clob_prices_history
112418822297470572658312548631220776645321771603729476024056332596414394278374,0x0c38dd9305e3205557885183f0730270779e7e426b0ec3e7743f23963b6d6e4a,1772166635,2026-02-27T04:30:35+00:00,0.925,clob_prices_history
112418822297470572658312548631220776645321771603729476024056332596414394278374,0x0c38dd9305e3205557885183f0730270779e7e426b0ec3e7743f23963b6d6e4a,1772167526,2026-02-27T04:45:26+00:00,0.925,clob_prices_history
112418822297470572658312548631220776645321771603729476024056332596414394278374,0x0c38dd9305e3205557885183f0730270779e7e426b0ec3e7743f23963b6d6e4a,1772168450,2026-02-27T05:00:50+00:00,0.925,clob_prices_history
112418822297470572658312548631220776645321771603729476024056332596414394278374,0x0c38dd9305e3205557885183f0730270779e7e426b0ec3e7743f23963b6d6e4a,1772169333,2026-02-27T05:15:33+00:00,0.925,clob_prices_history
112418822297470572658312548631220776645321771603729476024056332596414394278374,0x0c38dd9305e3205557885183f0730270779e7e426b0ec3e7743f23963b6d6e4a,1772170234,2026-02-27T05:30:34+00:00,0.925,clob_prices_history
112418822297470572658312548631220776645321771603729476024056332596414394278374,0x0c38dd9305e3205557885183f0730270779e7e426b0ec3e7743f23963b6d6e4a,1772171132,2026-02-27T05:45:32+00:00,0.925,clob_prices_history
112418822297470572658312548631220776645321771603729476024056332596414394278374,0x0c38dd9305e3205557885183f0730270779e7e426b0ec3e7743f23963b6d6e4a,1772172044,2026-02-27T06:00:44+00:00,0.925,clob_prices_history
112418822297470572658312548631220776645321771603729476024056332596414394278374,0x0c38dd9305e3205557885183f0730270779e7e426b0ec3e7743f23963b6d6e4a,1772172925,2026-02-27T06:15:25+00:00,0.925,clob_prices_history
112418822297470572658312548631220776645321771603729476024056332596414394278374,0x0c38dd9305e3205557885183f0730270779e7e426b0ec3e7743f23963b6d6e4a,1772174726,2026-02-27T06:45:26+00:00,0.925,clob_prices_history
112418822297470572658312548631220776645321771603729476024056332596414394278374,0x0c38dd9305e3205557885183f0730270779e7e426b0ec3e7743f23963b6d6e4a,1772175636,2026-02-27T07:00:36+00:00,0.925,clob_prices_history
112418822297470572658312548631220776645321771603729476024056332596414394278374,0x0c38dd9305e3205557885183f0730270779e7e426b0ec3e7743f23963b6d6e4a,1772176527,2026-02-27T07:15:27+00:00,0.925,clob_prices_history
112418822297470572658312548631220776645321771603729476024056332596414394278374,0x0c38dd9305e3205557885183f0730270779e7e426b0ec3e7743f23963b6d6e4a,1772177439,2026-02-27T07:30:39+00:00,0.925,clob_prices_history
112418822297470572658312548631220776645321771603729476024056332596414394278374,0x0c38dd9305e3205557885183f0730270779e7e426b0ec3e7743f23963b6d6e4a,1772178325,2026-02-27T07:45:25+00:00,0.925,clob_prices_history
112418822297470572658312548631220776645321771603729476024056332596414394278374,0x0c38dd9305e3205557885183f0730270779e7e426b0ec3e7743f23963b6d6e4a,1772179241,2026-02-27T08:00:41+00:00,0.925,clob_prices_history
112418822297470572658312548631220776645321771603729476024056332596414394278374,0x0c38dd9305e3205557885183f0730270779e7e426b0ec3e7743f23963b6d6e4a,1772180125,2026-02-27T08:15:25+00:00,0.925,clob_prices_history
112418822297470572658312548631220776645321771603729476024056332596414394278374,0x0c38dd9305e3205557885183f0730270779e7e426b0ec3e7743f23963b6d6e4a,1772181035,2026-02-27T08:30:35+00:00,0.925,clob_prices_history
112418822297470572658312548631220776645321771603729476024056332596414394278374,0x0c38dd9305e3205557885183f0730270779e7e426b0ec3e7743f23963b6d6e4a,1772182850,2026-02-27T09:00:50+00:00,0.925,clob_prices_history
112418822297470572658312548631220776645321771603729476024056332596414394278374,0x0c38dd9305e3205557885183f0730270779e7e426b0ec3e7743f23963b6d6e4a,1772183734,2026-02-27T09:15:34+00:00,0.925,clob_prices_history
112418822297470572658312548631220776645321771603729476024056332596414394278374,0x0c38dd9305e3205557885183f0730270779e7e426b0ec3e7743f23963b6d6e4a,1772184634,2026-02-27T09:30:34+00:00,0.925,clob_prices_history
112418822297470572658312548631220776645321771603729476024056332596414394278374,0x0c38dd9305e3205557885183f0730270779e7e426b0ec3e7743f23963b6d6e4a,1772185527,2026-02-27T09:45:27+00:00,0.925,clob_prices_history
112418822297470572658312548631220776645321771603729476024056332596414394278374,0x0c38dd9305e3205557885183f0730270779e7e426b0ec3e7743f23963b6d6e4a,1772186437,2026-02-27T10:00:37+00:00,0.925,clob_prices_history
112418822297470572658312548631220776645321771603729476024056332596414394278374,0x0c38dd9305e3205557885183f0730270779e7e426b0ec3e7743f23963b6d6e4a,1772187327,2026-02-27T10:15:27+00:00,0.925,clob_prices_history
112418822297470572658312548631220776645321771603729476024056332596414394278374,0x0c38dd9305e3205557885183f0730270779e7e426b0ec3e7743f23963b6d6e4a,1772188257,2026-02-27T10:30:57+00:00,0.925,clob_prices_history
112418822297470572658312548631220776645321771603729476024056332596414394278374,0x0c38dd9305e3205557885183f0730270779e7e426b0ec3e7743f23963b6d6e4a,1772189125,2026-02-27T10:45:25+00:00,0.925,clob_prices_history
112418822297470572658312548631220776645321771603729476024056332596414394278374,0x0c38dd9305e3205557885183f0730270779e7e426b0ec3e7743f23963b6d6e4a,1772190040,2026-02-27T11:00:40+00:00,0.925,clob_prices_history
112418822297470572658312548631220776645321771603729476024056332596414394278374,0x0c38dd9305e3205557885183f0730270779e7e426b0ec3e7743f23963b6d6e4a,1772190929,2026-02-27T11:15:29+00:00,0.925,clob_prices_history
112418822297470572658312548631220776645321771603729476024056332596414394278374,0x0c38dd9305e3205557885183f0730270779e7e426b0ec3e7743f23963b6d6e4a,1772191836,2026-02-27T11:30:36+00:00,0.925,clob_prices_history
112418822297470572658312548631220776645321771603729476024056332596414394278374,0x0c38dd9305e3205557885183f0730270779e7e426b0ec3e7743f23963b6d6e4a,1772192729,2026-02-27T11:45:29+00:00,0.925,clob_prices_history
112418822297470572658312548631220776645321771603729476024056332596414394278374,0x0c38dd9305e3205557885183f0730270779e7e426b0ec3e7743f23963b6d6e4a,1772194525,2026-02-27T12:15:25+00:00,0.925,clob_prices_history
112418822297470572658312548631220776645321771603729476024056332596414394278374,0x0c38dd9305e3205557885183f0730270779e7e426b0ec3e7743f23963b6d6e4a,1772195445,2026-02-27T12:30:45+00:00,0.925,clob_prices_history
112418822297470572658312548631220776645321771603729476024056332596414394278374,0x0c38dd9305e3205557885183f0730270779e7e426b0ec3e7743f23963b6d6e4a,1772196326,2026-02-27T12:45:26+00:00,0.925,clob_prices_history
112418822297470572658312548631220776645321771603729476024056332596414394278374,0x0c38dd9305e3205557885183f0730270779e7e426b0ec3e7743f23963b6d6e4a,1772197238,2026-02-27T13:00:38+00:00,0.885,clob_prices_history
112418822297470572658312548631220776645321771603729476024056332596414394278374,0x0c38dd9305e3205557885183f0730270779e7e426b0ec3e7743f23963b6d6e4a,1772198133,2026-02-27T13:15:33+00:00,0.9,clob_prices_history
112418822297470572658312548631220776645321771603729476024056332596414394278374,0x0c38dd9305e3205557885183f0730270779e7e426b0ec3e7743f23963b6d6e4a,1772199035,2026-02-27T13:30:35+00:00,0.9,clob_prices_history
112418822297470572658312548631220776645321771603729476024056332596414394278374,0x0c38dd9305e3205557885183f0730270779e7e426b0ec3e7743f23963b6d6e4a,1772200836,2026-02-27T14:00:36+00:00,0.9,clob_prices_history
112418822297470572658312548631220776645321771603729476024056332596414394278374,0x0c38dd9305e3205557885183f0730270779e7e426b0ec3e7743f23963b6d6e4a,1772201728,2026-02-27T14:15:28+00:00,0.9,clob_prices_history
112418822297470572658312548631220776645321771603729476024056332596414394278374,0x0c38dd9305e3205557885183f0730270779e7e426b0ec3e7743f23963b6d6e4a,1772202637,2026-02-27T14:30:37+00:00,0.9,clob_prices_history
112418822297470572658312548631220776645321771603729476024056332596414394278374,0x0c38dd9305e3205557885183f0730270779e7e426b0ec3e7743f23963b6d6e4a,1772203528,2026-02-27T14:45:28+00:00,0.9,clob_prices_history
112418822297470572658312548631220776645321771603729476024056332596414394278374,0x0c38dd9305e3205557885183f0730270779e7e426b0ec3e7743f23963b6d6e4a,1772204450,2026-02-27T15:00:50+00:00,0.9,clob_prices_history
112418822297470572658312548631220776645321771603729476024056332596414394278374,0x0c38dd9305e3205557885183f0730270779e7e426b0ec3e7743f23963b6d6e4a,1772205327,2026-02-27T15:15:27+00:00,0.9,clob_prices_history
112418822297470572658312548631220776645321771603729476024056332596414394278374,0x0c38dd9305e3205557885183f0730270779e7e426b0ec3e7743f23963b6d6e4a,1772206242,2026-02-27T15:30:42+00:00,0.9,clob_prices_history
112418822297470572658312548631220776645321771603729476024056332596414394278374,0x0c38dd9305e3205557885183f0730270779e7e426b0ec3e7743f23963b6d6e4a,1772207128,2026-02-27T15:45:28+00:00,0.9,clob_prices_history
112418822297470572658312548631220776645321771603729476024056332596414394278374,0x0c38dd9305e3205557885183f0730270779e7e426b0ec3e7743f23963b6d6e4a,1772208048,2026-02-27T16:00:48+00:00,0.9,clob_prices_history
112418822297470572658312548631220776645321771603729476024056332596414394278374,0x0c38dd9305e3205557885183f0730270779e7e426b0ec3e7743f23963b6d6e4a,1772209836,2026-02-27T16:30:36+00:00,0.835,clob_prices_history
112418822297470572658312548631220776645321771603729476024056332596414394278374,0x0c38dd9305e3205557885183f0730270779e7e426b0ec3e7743f23963b6d6e4a,1772210726,2026-02-27T16:45:26+00:00,0.835,clob_prices_history
112418822297470572658312548631220776645321771603729476024056332596414394278374,0x0c38dd9305e3205557885183f0730270779e7e426b0ec3e7743f23963b6d6e4a,1772212530,2026-02-27T17:15:30+00:00,0.875,clob_prices_history
112418822297470572658312548631220776645321771603729476024056332596414394278374,0x0c38dd9305e3205557885183f0730270779e7e426b0ec3e7743f23963b6d6e4a,1772213442,2026-02-27T17:30:42+00:00,0.875,clob_prices_history
112418822297470572658312548631220776645321771603729476024056332596414394278374,0x0c38dd9305e3205557885183f0730270779e7e426b0ec3e7743f23963b6d6e4a,1772214325,2026-02-27T17:45:25+00:00,0.885,clob_prices_history
112418822297470572658312548631220776645321771603729476024056332596414394278374,0x0c38dd9305e3205557885183f0730270779e7e426b0ec3e7743f23963b6d6e4a,1772215253,2026-02-27T18:00:53+00:00,0.885,clob_prices_history
112418822297470572658312548631220776645321771603729476024056332596414394278374,0x0c38dd9305e3205557885183f0730270779e7e426b0ec3e7743f23963b6d6e4a,1772216128,2026-02-27T18:15:28+00:00,0.885,clob_prices_history
112418822297470572658312548631220776645321771603729476024056332596414394278374,0x0c38dd9305e3205557885183f0730270779e7e426b0ec3e7743f23963b6d6e4a,1772217036,2026-02-27T18:30:36+00:00,0.885,clob_prices_history
112418822297470572658312548631220776645321771603729476024056332596414394278374,0x0c38dd9305e3205557885183f0730270779e7e426b0ec3e7743f23963b6d6e4a,1772217926,2026-02-27T18:45:26+00:00,0.885,clob_prices_history
112418822297470572658312548631220776645321771603729476024056332596414394278374,0x0c38dd9305e3205557885183f0730270779e7e426b0ec3e7743f23963b6d6e4a,1772218837,2026-02-27T19:00:37+00:00,0.885,clob_prices_history
112418822297470572658312548631220776645321771603729476024056332596414394278374,0x0c38dd9305e3205557885183f0730270779e7e426b0ec3e7743f23963b6d6e4a,1772219741,2026-02-27T19:15:41+00:00,0.885,clob_prices_history
112418822297470572658312548631220776645321771603729476024056332596414394278374,0x0c38dd9305e3205557885183f0730270779e7e426b0ec3e7743f23963b6d6e4a,1772220642,2026-02-27T19:30:42+00:00,0.885,clob_prices_history
112418822297470572658312548631220776645321771603729476024056332596414394278374,0x0c38dd9305e3205557885183f0730270779e7e426b0ec3e7743f23963b6d6e4a,1772221528,2026-02-27T19:45:28+00:00,0.885,clob_prices_history
112418822297470572658312548631220776645321771603729476024056332596414394278374,0x0c38dd9305e3205557885183f0730270779e7e426b0ec3e7743f23963b6d6e4a,1772222437,2026-02-27T20:00:37+00:00,0.885,clob_prices_history
112418822297470572658312548631220776645321771603729476024056332596414394278374,0x0c38dd9305e3205557885183f0730270779e7e426b0ec3e7743f23963b6d6e4a,1772223329,2026-02-27T20:15:29+00:00,0.885,clob_prices_history
112418822297470572658312548631220776645321771603729476024056332596414394278374,0x0c38dd9305e3205557885183f0730270779e7e426b0ec3e7743f23963b6d6e4a,1772224239,2026-02-27T20:30:39+00:00,0.885,clob_prices_history
112418822297470572658312548631220776645321771603729476024056332596414394278374,0x0c38dd9305e3205557885183f0730270779e7e426b0ec3e7743f23963b6d6e4a,1772225145,2026-02-27T20:45:45+00:00,0.885,clob_prices_history
112418822297470572658312548631220776645321771603729476024056332596414394278374,0x0c38dd9305e3205557885183f0730270779e7e426b0ec3e7743f23963b6d6e4a,1772226047,2026-02-27T21:00:47+00:00,0.885,clob_prices_history
112418822297470572658312548631220776645321771603729476024056332596414394278374,0x0c38dd9305e3205557885183f0730270779e7e426b0ec3e7743f23963b6d6e4a,1772226937,2026-02-27T21:15:37+00:00,0.885,clob_prices_history
112418822297470572658312548631220776645321771603729476024056332596414394278374,0x0c38dd9305e3205557885183f0730270779e7e426b0ec3e7743f23963b6d6e4a,1772227837,2026-02-27T21:30:37+00:00,0.88,clob_prices_history
112418822297470572658312548631220776645321771603729476024056332596414394278374,0x0c38dd9305e3205557885183f0730270779e7e426b0ec3e7743f23963b6d6e4a,1772228728,2026-02-27T21:45:28+00:00,0.885,clob_prices_history
112418822297470572658312548631220776645321771603729476024056332596414394278374,0x0c38dd9305e3205557885183f0730270779e7e426b0ec3e7743f23963b6d6e4a,1772229639,2026-02-27T22:00:39+00:00,0.88,clob_prices_history
112418822297470572658312548631220776645321771603729476024056332596414394278374,0x0c38dd9305e3205557885183f0730270779e7e426b0ec3e7743f23963b6d6e4a,1772230530,2026-02-27T22:15:30+00:00,0.88,clob_prices_history
112418822297470572658312548631220776645321771603729476024056332596414394278374,0x0c38dd9305e3205557885183f0730270779e7e426b0ec3e7743f23963b6d6e4a,1772231443,2026-02-27T22:30:43+00:00,0.88,clob_prices_history
112418822297470572658312548631220776645321771603729476024056332596414394278374,0x0c38dd9305e3205557885183f0730270779e7e426b0ec3e7743f23963b6d6e4a,1772232330,2026-02-27T22:45:30+00:00,0.885,clob_prices_history
112418822297470572658312548631220776645321771603729476024056332596414394278374,0x0c38dd9305e3205557885183f0730270779e7e426b0ec3e7743f23963b6d6e4a,1772233245,2026-02-27T23:00:45+00:00,0.88,clob_prices_history
112418822297470572658312548631220776645321771603729476024056332596414394278374,0x0c38dd9305e3205557885183f0730270779e7e426b0ec3e7743f23963b6d6e4a,1772234140,2026-02-27T23:15:40+00:00,0.88,clob_prices_history
112418822297470572658312548631220776645321771603729476024056332596414394278374,0x0c38dd9305e3205557885183f0730270779e7e426b0ec3e7743f23963b6d6e4a,1772235038,2026-02-27T23:30:38+00:00,0.88,clob_prices_history
112418822297470572658312548631220776645321771603729476024056332596414394278374,0x0c38dd9305e3205557885183f0730270779e7e426b0ec3e7743f23963b6d6e4a,1772235931,2026-02-27T23:45:31+00:00,0.89,clob_prices_history
112418822297470572658312548631220776645321771603729476024056332596414394278374,0x0c38dd9305e3205557885183f0730270779e7e426b0ec3e7743f23963b6d6e4a,1772236851,2026-02-28T00:00:51+00:00,0.885,clob_prices_history
112418822297470572658312548631220776645321771603729476024056332596414394278374,0x0c38dd9305e3205557885183f0730270779e7e426b0ec3e7743f23963b6d6e4a,1772237755,2026-02-28T00:15:55+00:00,0.88,clob_prices_history
112418822297470572658312548631220776645321771603729476024056332596414394278374,0x0c38dd9305e3205557885183f0730270779e7e426b0ec3e7743f23963b6d6e4a,1772238634,2026-02-28T00:30:34+00:00,0.89,clob_prices_history
112418822297470572658312548631220776645321771603729476024056332596414394278374,0x0c38dd9305e3205557885183f0730270779e7e426b0ec3e7743f23963b6d6e4a,1772239531,2026-02-28T00:45:31+00:00,0.88,clob_prices_history
112418822297470572658312548631220776645321771603729476024056332596414394278374,0x0c38dd9305e3205557885183f0730270779e7e426b0ec3e7743f23963b6d6e4a,1772240433,2026-02-28T01:00:33+00:00,0.88,clob_prices_history
112418822297470572658312548631220776645321771603729476024056332596414394278374,0x0c38dd9305e3205557885183f0730270779e7e426b0ec3e7743f23963b6d6e4a,1772241330,2026-02-28T01:15:30+00:00,0.875,clob_prices_history
112418822297470572658312548631220776645321771603729476024056332596414394278374,0x0c38dd9305e3205557885183f0730270779e7e426b0ec3e7743f23963b6d6e4a,1772242233,2026-02-28T01:30:33+00:00,0.875,clob_prices_history
112418822297470572658312548631220776645321771603729476024056332596414394278374,0x0c38dd9305e3205557885183f0730270779e7e426b0ec3e7743f23963b6d6e4a,1772243131,2026-02-28T01:45:31+00:00,0.875,clob_prices_history
112418822297470572658312548631220776645321771603729476024056332596414394278374,0x0c38dd9305e3205557885183f0730270779e7e426b0ec3e7743f23963b6d6e4a,1772244038,2026-02-28T02:00:38+00:00,0.875,clob_prices_history
112418822297470572658312548631220776645321771603729476024056332596414394278374,0x0c38dd9305e3205557885183f0730270779e7e426b0ec3e7743f23963b6d6e4a,1772244932,2026-02-28T02:15:32+00:00,0.875,clob_prices_history
112418822297470572658312548631220776645321771603729476024056332596414394278374,0x0c38dd9305e3205557885183f0730270779e7e426b0ec3e7743f23963b6d6e4a,1772245834,2026-02-28T02:30:34+00:00,0.875,clob_prices_history
112418822297470572658312548631220776645321771603729476024056332596414394278374,0x0c38dd9305e3205557885183f0730270779e7e426b0ec3e7743f23963b6d6e4a,1772246730,2026-02-28T02:45:30+00:00,0.875,clob_prices_history
112418822297470572658312548631220776645321771603729476024056332596414394278374,0x0c38dd9305e3205557885183f0730270779e7e426b0ec3e7743f23963b6d6e4a,1772247636,2026-02-28T03:00:36+00:00,0.875,clob_prices_history
112418822297470572658312548631220776645321771603729476024056332596414394278374,0x0c38dd9305e3205557885183f0730270779e7e426b0ec3e7743f23963b6d6e4a,1772248538,2026-02-28T03:15:38+00:00,0.875,clob_prices_history
112418822297470572658312548631220776645321771603729476024056332596414394278374,0x0c38dd9305e3205557885183f0730270779e7e426b0ec3e7743f23963b6d6e4a,1772249434,2026-02-28T03:30:34+00:00,0.875,clob_prices_history
112418822297470572658312548631220776645321771603729476024056332596414394278374,0x0c38dd9305e3205557885183f0730270779e7e426b0ec3e7743f23963b6d6e4a,1772250329,2026-02-28T03:45:29+00:00,0.875,clob_prices_history
112418822297470572658312548631220776645321771603729476024056332596414394278374,0x0c38dd9305e3205557885183f0730270779e7e426b0ec3e7743f23963b6d6e4a,1772251234,2026-02-28T04:00:34+00:00,0.875,clob_prices_history
112418822297470572658312548631220776645321771603729476024056332596414394278374,0x0c38dd9305e3205557885183f0730270779e7e426b0ec3e7743f23963b6d6e4a,1772252130,2026-02-28T04:15:30+00:00,0.875,clob_prices_history
112418822297470572658312548631220776645321771603729476024056332596414394278374,0x0c38dd9305e3205557885183f0730270779e7e426b0ec3e7743f23963b6d6e4a,1772253034,2026-02-28T04:30:34+00:00,0.88,clob_prices_history
112418822297470572658312548631220776645321771603729476024056332596414394278374,0x0c38dd9305e3205557885183f0730270779e7e426b0ec3e7743f23963b6d6e4a,1772253909,2026-02-28T04:45:09+00:00,0.875,clob_prices_history
112418822297470572658312548631220776645321771603729476024056332596414394278374,0x0c38dd9305e3205557885183f0730270779e7e426b0ec3e7743f23963b6d6e4a,1772253947,2026-02-28T04:45:47+00:00,0.875,clob_prices_history
112418822297470572658312548631220776645321771603729476024056332596414394278374,0x0c38dd9305e3205557885183f0730270779e7e426b0ec3e7743f23963b6d6e4a,1772254834,2026-02-28T05:00:34+00:00,0.875,clob_prices_history
112418822297470572658312548631220776645321771603729476024056332596414394278374,0x0c38dd9305e3205557885183f0730270779e7e426b0ec3e7743f23963b6d6e4a,1772255731,2026-02-28T05:15:31+00:00,0.89,clob_prices_history
112418822297470572658312548631220776645321771603729476024056332596414394278374,0x0c38dd9305e3205557885183f0730270779e7e426b0ec3e7743f23963b6d6e4a,1772256636,2026-02-28T05:30:36+00:00,0.895,clob_prices_history
112418822297470572658312548631220776645321771603729476024056332596414394278374,0x0c38dd9305e3205557885183f0730270779e7e426b0ec3e7743f23963b6d6e4a,1772257531,2026-02-28T05:45:31+00:00,0.875,clob_prices_history
112418822297470572658312548631220776645321771603729476024056332596414394278374,0x0c38dd9305e3205557885183f0730270779e7e426b0ec3e7743f23963b6d6e4a,1772258442,2026-02-28T06:00:42+00:00,0.875,clob_prices_history
112418822297470572658312548631220776645321771603729476024056332596414394278374,0x0c38dd9305e3205557885183f0730270779e7e426b0ec3e7743f23963b6d6e4a,1772259332,2026-02-28T06:15:32+00:00,0.89,clob_prices_history
112418822297470572658312548631220776645321771603729476024056332596414394278374,0x0c38dd9305e3205557885183f0730270779e7e426b0ec3e7743f23963b6d6e4a,1772260235,2026-02-28T06:30:35+00:00,0.875,clob_prices_history
112418822297470572658312548631220776645321771603729476024056332596414394278374,0x0c38dd9305e3205557885183f0730270779e7e426b0ec3e7743f23963b6d6e4a,1772261133,2026-02-28T06:45:33+00:00,0.875,clob_prices_history
112418822297470572658312548631220776645321771603729476024056332596414394278374,0x0c38dd9305e3205557885183f0730270779e7e426b0ec3e7743f23963b6d6e4a,1772262040,2026-02-28T07:00:40+00:00,0.875,clob_prices_history
112418822297470572658312548631220776645321771603729476024056332596414394278374,0x0c38dd9305e3205557885183f0730270779e7e426b0ec3e7743f23963b6d6e4a,1772262934,2026-02-28T07:15:34+00:00,0.87,clob_prices_history
112418822297470572658312548631220776645321771603729476024056332596414394278374,0x0c38dd9305e3205557885183f0730270779e7e426b0ec3e7743f23963b6d6e4a,1772263835,2026-02-28T07:30:35+00:00,0.845,clob_prices_history
112418822297470572658312548631220776645321771603729476024056332596414394278374,0x0c38dd9305e3205557885183f0730270779e7e426b0ec3e7743f23963b6d6e4a,1772264731,2026-02-28T07:45:31+00:00,0.835,clob_prices_history
112418822297470572658312548631220776645321771603729476024056332596414394278374,0x0c38dd9305e3205557885183f0730270779e7e426b0ec3e7743f23963b6d6e4a,1772265645,2026-02-28T08:00:45+00:00,0.82,clob_prices_history
112418822297470572658312548631220776645321771603729476024056332596414394278374,0x0c38dd9305e3205557885183f0730270779e7e426b0ec3e7743f23963b6d6e4a,1772266529,2026-02-28T08:15:29+00:00,0.82,clob_prices_history
112418822297470572658312548631220776645321771603729476024056332596414394278374,0x0c38dd9305e3205557885183f0730270779e7e426b0ec3e7743f23963b6d6e4a,1772267416,2026-02-28T08:30:16+00:00,0.74,clob_prices_history
112418822297470572658312548631220776645321771603729476024056332596414394278374,0x0c38dd9305e3205557885183f0730270779e7e426b0ec3e7743f23963b6d6e4a,1772267459,2026-02-28T08:30:59+00:00,0.735,clob_prices_history
112418822297470572658312548631220776645321771603729476024056332596414394278374,0x0c38dd9305e3205557885183f0730270779e7e426b0ec3e7743f23963b6d6e4a,1772268332,2026-02-28T08:45:32+00:00,0.77,clob_prices_history
112418822297470572658312548631220776645321771603729476024056332596414394278374,0x0c38dd9305e3205557885183f0730270779e7e426b0ec3e7743f23963b6d6e4a,1772270132,2026-02-28T09:15:32+00:00,0.785,clob_prices_history
112418822297470572658312548631220776645321771603729476024056332596414394278374,0x0c38dd9305e3205557885183f0730270779e7e426b0ec3e7743f23963b6d6e4a,1772271039,2026-02-28T09:30:39+00:00,0.785,clob_prices_history
112418822297470572658312548631220776645321771603729476024056332596414394278374,0x0c38dd9305e3205557885183f0730270779e7e426b0ec3e7743f23963b6d6e4a,1772271930,2026-02-28T09:45:30+00:00,0.79,clob_prices_history
112418822297470572658312548631220776645321771603729476024056332596414394278374,0x0c38dd9305e3205557885183f0730270779e7e426b0ec3e7743f23963b6d6e4a,1772272840,2026-02-28T10:00:40+00:00,0.79,clob_prices_history
112418822297470572658312548631220776645321771603729476024056332596414394278374,0x0c38dd9305e3205557885183f0730270779e7e426b0ec3e7743f23963b6d6e4a,1772274633,2026-02-28T10:30:33+00:00,0.815,clob_prices_history
112418822297470572658312548631220776645321771603729476024056332596414394278374,0x0c38dd9305e3205557885183f0730270779e7e426b0ec3e7743f23963b6d6e4a,1772275536,2026-02-28T10:45:36+00:00,0.77,clob_prices_history
112418822297470572658312548631220776645321771603729476024056332596414394278374,0x0c38dd9305e3205557885183f0730270779e7e426b0ec3e7743f23963b6d6e4a,1772276435,2026-02-28T11:00:35+00:00,0.765,clob_prices_history
112418822297470572658312548631220776645321771603729476024056332596414394278374,0x0c38dd9305e3205557885183f0730270779e7e426b0ec3e7743f23963b6d6e4a,1772277330,2026-02-28T11:15:30+00:00,0.77,clob_prices_history
112418822297470572658312548631220776645321771603729476024056332596414394278374,0x0c38dd9305e3205557885183f0730270779e7e426b0ec3e7743f23963b6d6e4a,1772278235,2026-02-28T11:30:35+00:00,0.78,clob_prices_history
112418822297470572658312548631220776645321771603729476024056332596414394278374,0x0c38dd9305e3205557885183f0730270779e7e426b0ec3e7743f23963b6d6e4a,1772279129,2026-02-28T11:45:29+00:00,0.78,clob_prices_history
112418822297470572658312548631220776645321771603729476024056332596414394278374,0x0c38dd9305e3205557885183f0730270779e7e426b0ec3e7743f23963b6d6e4a,1772280010,2026-02-28T12:00:10+00:00,0.755,clob_prices_history
112418822297470572658312548631220776645321771603729476024056332596414394278374,0x0c38dd9305e3205557885183f0730270779e7e426b0ec3e7743f23963b6d6e4a,1772280931,2026-02-28T12:15:31+00:00,0.805,clob_prices_history
112418822297470572658312548631220776645321771603729476024056332596414394278374,0x0c38dd9305e3205557885183f0730270779e7e426b0ec3e7743f23963b6d6e4a,1772281836,2026-02-28T12:30:36+00:00,0.805,clob_prices_history
112418822297470572658312548631220776645321771603729476024056332596414394278374,0x0c38dd9305e3205557885183f0730270779e7e426b0ec3e7743f23963b6d6e4a,1772282741,2026-02-28T12:45:41+00:00,0.81,clob_prices_history
112418822297470572658312548631220776645321771603729476024056332596414394278374,0x0c38dd9305e3205557885183f0730270779e7e426b0ec3e7743f23963b6d6e4a,1772283636,2026-02-28T13:00:36+00:00,0.825,clob_prices_history
112418822297470572658312548631220776645321771603729476024056332596414394278374,0x0c38dd9305e3205557885183f0730270779e7e426b0ec3e7743f23963b6d6e4a,1772284531,2026-02-28T13:15:31+00:00,0.82,clob_prices_history
112418822297470572658312548631220776645321771603729476024056332596414394278374,0x0c38dd9305e3205557885183f0730270779e7e426b0ec3e7743f23963b6d6e4a,1772285434,2026-02-28T13:30:34+00:00,0.82,clob_prices_history
112418822297470572658312548631220776645321771603729476024056332596414394278374,0x0c38dd9305e3205557885183f0730270779e7e426b0ec3e7743f23963b6d6e4a,1772286335,2026-02-28T13:45:35+00:00,0.785,clob_prices_history
112418822297470572658312548631220776645321771603729476024056332596414394278374,0x0c38dd9305e3205557885183f0730270779e7e426b0ec3e7743f23963b6d6e4a,1772287250,2026-02-28T14:00:50+00:00,0.79,clob_prices_history
112418822297470572658312548631220776645321771603729476024056332596414394278374,0x0c38dd9305e3205557885183f0730270779e7e426b0ec3e7743f23963b6d6e4a,1772288131,2026-02-28T14:15:31+00:00,0.765,clob_prices_history
112418822297470572658312548631220776645321771603729476024056332596414394278374,0x0c38dd9305e3205557885183f0730270779e7e426b0ec3e7743f23963b6d6e4a,1772289035,2026-02-28T14:30:35+00:00,0.76,clob_prices_history
112418822297470572658312548631220776645321771603729476024056332596414394278374,0x0c38dd9305e3205557885183f0730270779e7e426b0ec3e7743f23963b6d6e4a,1772289933,2026-02-28T14:45:33+00:00,0.76,clob_prices_history
112418822297470572658312548631220776645321771603729476024056332596414394278374,0x0c38dd9305e3205557885183f0730270779e7e426b0ec3e7743f23963b6d6e4a,1772290839,2026-02-28T15:00:39+00:00,0.77,clob_prices_history
112418822297470572658312548631220776645321771603729476024056332596414394278374,0x0c38dd9305e3205557885183f0730270779e7e426b0ec3e7743f23963b6d6e4a,1772291738,2026-02-28T15:15:38+00:00,0.77,clob_prices_history
112418822297470572658312548631220776645321771603729476024056332596414394278374,0x0c38dd9305e3205557885183f0730270779e7e426b0ec3e7743f23963b6d6e4a,1772292635,2026-02-28T15:30:35+00:00,0.775,clob_prices_history
112418822297470572658312548631220776645321771603729476024056332596414394278374,0x0c38dd9305e3205557885183f0730270779e7e426b0ec3e7743f23963b6d6e4a,1772293532,2026-02-28T15:45:32+00:00,0.78,clob_prices_history
112418822297470572658312548631220776645321771603729476024056332596414394278374,0x0c38dd9305e3205557885183f0730270779e7e426b0ec3e7743f23963b6d6e4a,1772294438,2026-02-28T16:00:38+00:00,0.775,clob_prices_history
112418822297470572658312548631220776645321771603729476024056332596414394278374,0x0c38dd9305e3205557885183f0730270779e7e426b0ec3e7743f23963b6d6e4a,1772295332,2026-02-28T16:15:32+00:00,0.76,clob_prices_history
112418822297470572658312548631220776645321771603729476024056332596414394278374,0x0c38dd9305e3205557885183f0730270779e7e426b0ec3e7743f23963b6d6e4a,1772298940,2026-02-28T17:15:40+00:00,0.79,clob_prices_history
112418822297470572658312548631220776645321771603729476024056332596414394278374,0x0c38dd9305e3205557885183f0730270779e7e426b0ec3e7743f23963b6d6e4a,1772299836,2026-02-28T17:30:36+00:00,0.79,clob_prices_history
112418822297470572658312548631220776645321771603729476024056332596414394278374,0x0c38dd9305e3205557885183f0730270779e7e426b0ec3e7743f23963b6d6e4a,1772300733,2026-02-28T17:45:33+00:00,0.79,clob_prices_history
112418822297470572658312548631220776645321771603729476024056332596414394278374,0x0c38dd9305e3205557885183f0730270779e7e426b0ec3e7743f23963b6d6e4a,1772301640,2026-02-28T18:00:40+00:00,0.79,clob_prices_history
112418822297470572658312548631220776645321771603729476024056332596414394278374,0x0c38dd9305e3205557885183f0730270779e7e426b0ec3e7743f23963b6d6e4a,1772303438,2026-02-28T18:30:38+00:00,0.8,clob_prices_history
112418822297470572658312548631220776645321771603729476024056332596414394278374,0x0c38dd9305e3205557885183f0730270779e7e426b0ec3e7743f23963b6d6e4a,1772304339,2026-02-28T18:45:39+00:00,0.8,clob_prices_history
112418822297470572658312548631220776645321771603729476024056332596414394278374,0x0c38dd9305e3205557885183f0730270779e7e426b0ec3e7743f23963b6d6e4a,1772305239,2026-02-28T19:00:39+00:00,0.765,clob_prices_history
112418822297470572658312548631220776645321771603729476024056332596414394278374,0x0c38dd9305e3205557885183f0730270779e7e426b0ec3e7743f23963b6d6e4a,1772306133,2026-02-28T19:15:33+00:00,0.785,clob_prices_history
112418822297470572658312548631220776645321771603729476024056332596414394278374,0x0c38dd9305e3205557885183f0730270779e7e426b0ec3e7743f23963b6d6e4a,1772307036,2026-02-28T19:30:36+00:00,0.79,clob_prices_history
112418822297470572658312548631220776645321771603729476024056332596414394278374,0x0c38dd9305e3205557885183f0730270779e7e426b0ec3e7743f23963b6d6e4a,1772307932,2026-02-28T19:45:32+00:00,0.77,clob_prices_history
112418822297470572658312548631220776645321771603729476024056332596414394278374,0x0c38dd9305e3205557885183f0730270779e7e426b0ec3e7743f23963b6d6e4a,1772308838,2026-02-28T20:00:38+00:00,0.78,clob_prices_history
112418822297470572658312548631220776645321771603729476024056332596414394278374,0x0c38dd9305e3205557885183f0730270779e7e426b0ec3e7743f23963b6d6e4a,1772309734,2026-02-28T20:15:34+00:00,0.785,clob_prices_history
112418822297470572658312548631220776645321771603729476024056332596414394278374,0x0c38dd9305e3205557885183f0730270779e7e426b0ec3e7743f23963b6d6e4a,1772311532,2026-02-28T20:45:32+00:00,0.795,clob_prices_history
112418822297470572658312548631220776645321771603729476024056332596414394278374,0x0c38dd9305e3205557885183f0730270779e7e426b0ec3e7743f23963b6d6e4a,1772312440,2026-02-28T21:00:40+00:00,0.795,clob_prices_history
112418822297470572658312548631220776645321771603729476024056332596414394278374,0x0c38dd9305e3205557885183f0730270779e7e426b0ec3e7743f23963b6d6e4a,1772313332,2026-02-28T21:15:32+00:00,0.8,clob_prices_history
112418822297470572658312548631220776645321771603729476024056332596414394278374,0x0c38dd9305e3205557885183f0730270779e7e426b0ec3e7743f23963b6d6e4a,1772315131,2026-02-28T21:45:31+00:00,0.795,clob_prices_history
112418822297470572658312548631220776645321771603729476024056332596414394278374,0x0c38dd9305e3205557885183f0730270779e7e426b0ec3e7743f23963b6d6e4a,1772316041,2026-02-28T22:00:41+00:00,0.79,clob_prices_history
112418822297470572658312548631220776645321771603729476024056332596414394278374,0x0c38dd9305e3205557885183f0730270779e7e426b0ec3e7743f23963b6d6e4a,1772316932,2026-02-28T22:15:32+00:00,0.79,clob_prices_history
112418822297470572658312548631220776645321771603729476024056332596414394278374,0x0c38dd9305e3205557885183f0730270779e7e426b0ec3e7743f23963b6d6e4a,1772317836,2026-02-28T22:30:36+00:00,0.79,clob_prices_history
112418822297470572658312548631220776645321771603729476024056332596414394278374,0x0c38dd9305e3205557885183f0730270779e7e426b0ec3e7743f23963b6d6e4a,1772318730,2026-02-28T22:45:30+00:00,0.805,clob_prices_history
112418822297470572658312548631220776645321771603729476024056332596414394278374,0x0c38dd9305e3205557885183f0730270779e7e426b0ec3e7743f23963b6d6e4a,1772319635,2026-02-28T23:00:35+00:00,0.81,clob_prices_history
112418822297470572658312548631220776645321771603729476024056332596414394278374,0x0c38dd9305e3205557885183f0730270779e7e426b0ec3e7743f23963b6d6e4a,1772320532,2026-02-28T23:15:32+00:00,0.815,clob_prices_history
112418822297470572658312548631220776645321771603729476024056332596414394278374,0x0c38dd9305e3205557885183f0730270779e7e426b0ec3e7743f23963b6d6e4a,1772321446,2026-02-28T23:30:46+00:00,0.815,clob_prices_history
112418822297470572658312548631220776645321771603729476024056332596414394278374,0x0c38dd9305e3205557885183f0730270779e7e426b0ec3e7743f23963b6d6e4a,1772322330,2026-02-28T23:45:30+00:00,0.815,clob_prices_history
