asset,conditionId,timestamp,timestamp_utc,price,source
63409286016973577903012142269621228305682014726736632772295861872995350316136,0x95783b62c693ea42d8613482a625828fc14a288e8e8440b974c54d42f4ffd04b,1775001655,2026-04-01T00:00:55+00:00,0.755,clob_prices_history
63409286016973577903012142269621228305682014726736632772295861872995350316136,0x95783b62c693ea42d8613482a625828fc14a288e8e8440b974c54d42f4ffd04b,1775005238,2026-04-01T01:00:38+00:00,0.76,clob_prices_history
63409286016973577903012142269621228305682014726736632772295861872995350316136,0x95783b62c693ea42d8613482a625828fc14a288e8e8440b974c54d42f4ffd04b,1775008841,2026-04-01T02:00:41+00:00,0.76,clob_prices_history
63409286016973577903012142269621228305682014726736632772295861872995350316136,0x95783b62c693ea42d8613482a625828fc14a288e8e8440b974c54d42f4ffd04b,1775012445,2026-04-01T03:00:45+00:00,0.76,clob_prices_history
63409286016973577903012142269621228305682014726736632772295861872995350316136,0x95783b62c693ea42d8613482a625828fc14a288e8e8440b974c54d42f4ffd04b,1775016054,2026-04-01T04:00:54+00:00,0.75,clob_prices_history
63409286016973577903012142269621228305682014726736632772295861872995350316136,0x95783b62c693ea42d8613482a625828fc14a288e8e8440b974c54d42f4ffd04b,1775019638,2026-04-01T05:00:38+00:00,0.75,clob_prices_history
63409286016973577903012142269621228305682014726736632772295861872995350316136,0x95783b62c693ea42d8613482a625828fc14a288e8e8440b974c54d42f4ffd04b,1775023239,2026-04-01T06:00:39+00:00,0.75,clob_prices_history
63409286016973577903012142269621228305682014726736632772295861872995350316136,0x95783b62c693ea42d8613482a625828fc14a288e8e8440b974c54d42f4ffd04b,1775026839,2026-04-01T07:00:39+00:00,0.75,clob_prices_history
63409286016973577903012142269621228305682014726736632772295861872995350316136,0x95783b62c693ea42d8613482a625828fc14a288e8e8440b974c54d42f4ffd04b,1775030445,2026-04-01T08:00:45+00:00,0.745,clob_prices_history
63409286016973577903012142269621228305682014726736632772295861872995350316136,0x95783b62c693ea42d8613482a625828fc14a288e8e8440b974c54d42f4ffd04b,1775034044,2026-04-01T09:00:44+00:00,0.755,clob_prices_history
63409286016973577903012142269621228305682014726736632772295861872995350316136,0x95783b62c693ea42d8613482a625828fc14a288e8e8440b974c54d42f4ffd04b,1775037636,2026-04-01T10:00:36+00:00,0.755,clob_prices_history
63409286016973577903012142269621228305682014726736632772295861872995350316136,0x95783b62c693ea42d8613482a625828fc14a288e8e8440b974c54d42f4ffd04b,1775041237,2026-04-01T11:00:37+00:00,0.755,clob_prices_history
63409286016973577903012142269621228305682014726736632772295861872995350316136,0x95783b62c693ea42d8613482a625828fc14a288e8e8440b974c54d42f4ffd04b,1775044855,2026-04-01T12:00:55+00:00,0.755,clob_prices_history
63409286016973577903012142269621228305682014726736632772295861872995350316136,0x95783b62c693ea42d8613482a625828fc14a288e8e8440b974c54d42f4ffd04b,1775048437,2026-04-01T13:00:37+00:00,0.755,clob_prices_history
63409286016973577903012142269621228305682014726736632772295861872995350316136,0x95783b62c693ea42d8613482a625828fc14a288e8e8440b974c54d42f4ffd04b,1775052043,2026-04-01T14:00:43+00:00,0.745,clob_prices_history
63409286016973577903012142269621228305682014726736632772295861872995350316136,0x95783b62c693ea42d8613482a625828fc14a288e8e8440b974c54d42f4ffd04b,1775055645,2026-04-01T15:00:45+00:00,0.74,clob_prices_history
63409286016973577903012142269621228305682014726736632772295861872995350316136,0x95783b62c693ea42d8613482a625828fc14a288e8e8440b974c54d42f4ffd04b,1775059245,2026-04-01T16:00:45+00:00,0.745,clob_prices_history
63409286016973577903012142269621228305682014726736632772295861872995350316136,0x95783b62c693ea42d8613482a625828fc14a288e8e8440b974c54d42f4ffd04b,1775062852,2026-04-01T17:00:52+00:00,0.755,clob_prices_history
63409286016973577903012142269621228305682014726736632772295861872995350316136,0x95783b62c693ea42d8613482a625828fc14a288e8e8440b974c54d42f4ffd04b,1775066443,2026-04-01T18:00:43+00:00,0.76,clob_prices_history
63409286016973577903012142269621228305682014726736632772295861872995350316136,0x95783b62c693ea42d8613482a625828fc14a288e8e8440b974c54d42f4ffd04b,1775070045,2026-04-01T19:00:45+00:00,0.76,clob_prices_history
63409286016973577903012142269621228305682014726736632772295861872995350316136,0x95783b62c693ea42d8613482a625828fc14a288e8e8440b974c54d42f4ffd04b,1775073650,2026-04-01T20:00:50+00:00,0.76,clob_prices_history
63409286016973577903012142269621228305682014726736632772295861872995350316136,0x95783b62c693ea42d8613482a625828fc14a288e8e8440b974c54d42f4ffd04b,1775080841,2026-04-01T22:00:41+00:00,0.765,clob_prices_history
63409286016973577903012142269621228305682014726736632772295861872995350316136,0x95783b62c693ea42d8613482a625828fc14a288e8e8440b974c54d42f4ffd04b,1775084452,2026-04-01T23:00:52+00:00,0.765,clob_prices_history
63409286016973577903012142269621228305682014726736632772295861872995350316136,0x95783b62c693ea42d8613482a625828fc14a288e8e8440b974c54d42f4ffd04b,1775088049,2026-04-02T00:00:49+00:00,0.765,clob_prices_history
63409286016973577903012142269621228305682014726736632772295861872995350316136,0x95783b62c693ea42d8613482a625828fc14a288e8e8440b974c54d42f4ffd04b,1775091650,2026-04-02T01:00:50+00:00,0.765,clob_prices_history
63409286016973577903012142269621228305682014726736632772295861872995350316136,0x95783b62c693ea42d8613482a625828fc14a288e8e8440b974c54d42f4ffd04b,1775095239,2026-04-02T02:00:39+00:00,0.745,clob_prices_history
63409286016973577903012142269621228305682014726736632772295861872995350316136,0x95783b62c693ea42d8613482a625828fc14a288e8e8440b974c54d42f4ffd04b,1775098858,2026-04-02T03:00:58+00:00,0.745,clob_prices_history
63409286016973577903012142269621228305682014726736632772295861872995350316136,0x95783b62c693ea42d8613482a625828fc14a288e8e8440b974c54d42f4ffd04b,1775102442,2026-04-02T04:00:42+00:00,0.745,clob_prices_history
63409286016973577903012142269621228305682014726736632772295861872995350316136,0x95783b62c693ea42d8613482a625828fc14a288e8e8440b974c54d42f4ffd04b,1775106040,2026-04-02T05:00:40+00:00,0.745,clob_prices_history
63409286016973577903012142269621228305682014726736632772295861872995350316136,0x95783b62c693ea42d8613482a625828fc14a288e8e8440b974c54d42f4ffd04b,1775109651,2026-04-02T06:00:51+00:00,0.745,clob_prices_history
63409286016973577903012142269621228305682014726736632772295861872995350316136,0x95783b62c693ea42d8613482a625828fc14a288e8e8440b974c54d42f4ffd04b,1775113237,2026-04-02T07:00:37+00:00,0.745,clob_prices_history
63409286016973577903012142269621228305682014726736632772295861872995350316136,0x95783b62c693ea42d8613482a625828fc14a288e8e8440b974c54d42f4ffd04b,1775116838,2026-04-02T08:00:38+00:00,0.75,clob_prices_history
63409286016973577903012142269621228305682014726736632772295861872995350316136,0x95783b62c693ea42d8613482a625828fc14a288e8e8440b974c54d42f4ffd04b,1775120439,2026-04-02T09:00:39+00:00,0.745,clob_prices_history
63409286016973577903012142269621228305682014726736632772295861872995350316136,0x95783b62c693ea42d8613482a625828fc14a288e8e8440b974c54d42f4ffd04b,1775124037,2026-04-02T10:00:37+00:00,0.745,clob_prices_history
63409286016973577903012142269621228305682014726736632772295861872995350316136,0x95783b62c693ea42d8613482a625828fc14a288e8e8440b974c54d42f4ffd04b,1775127640,2026-04-02T11:00:40+00:00,0.745,clob_prices_history
63409286016973577903012142269621228305682014726736632772295861872995350316136,0x95783b62c693ea42d8613482a625828fc14a288e8e8440b974c54d42f4ffd04b,1775131245,2026-04-02T12:00:45+00:00,0.745,clob_prices_history
63409286016973577903012142269621228305682014726736632772295861872995350316136,0x95783b62c693ea42d8613482a625828fc14a288e8e8440b974c54d42f4ffd04b,1775134855,2026-04-02T13:00:55+00:00,0.745,clob_prices_history
63409286016973577903012142269621228305682014726736632772295861872995350316136,0x95783b62c693ea42d8613482a625828fc14a288e8e8440b974c54d42f4ffd04b,1775138452,2026-04-02T14:00:52+00:00,0.745,clob_prices_history
63409286016973577903012142269621228305682014726736632772295861872995350316136,0x95783b62c693ea42d8613482a625828fc14a288e8e8440b974c54d42f4ffd04b,1775149209,2026-04-02T17:00:09+00:00,0.75,clob_prices_history
63409286016973577903012142269621228305682014726736632772295861872995350316136,0x95783b62c693ea42d8613482a625828fc14a288e8e8440b974c54d42f4ffd04b,1775152841,2026-04-02T18:00:41+00:00,0.75,clob_prices_history
63409286016973577903012142269621228305682014726736632772295861872995350316136,0x95783b62c693ea42d8613482a625828fc14a288e8e8440b974c54d42f4ffd04b,1775156438,2026-04-02T19:00:38+00:00,0.75,clob_prices_history
63409286016973577903012142269621228305682014726736632772295861872995350316136,0x95783b62c693ea42d8613482a625828fc14a288e8e8440b974c54d42f4ffd04b,1775160041,2026-04-02T20:00:41+00:00,0.75,clob_prices_history
63409286016973577903012142269621228305682014726736632772295861872995350316136,0x95783b62c693ea42d8613482a625828fc14a288e8e8440b974c54d42f4ffd04b,1775163657,2026-04-02T21:00:57+00:00,0.705,clob_prices_history
63409286016973577903012142269621228305682014726736632772295861872995350316136,0x95783b62c693ea42d8613482a625828fc14a288e8e8440b974c54d42f4ffd04b,1775167241,2026-04-02T22:00:41+00:00,0.74,clob_prices_history
63409286016973577903012142269621228305682014726736632772295861872995350316136,0x95783b62c693ea42d8613482a625828fc14a288e8e8440b974c54d42f4ffd04b,1775170839,2026-04-02T23:00:39+00:00,0.74,clob_prices_history
63409286016973577903012142269621228305682014726736632772295861872995350316136,0x95783b62c693ea42d8613482a625828fc14a288e8e8440b974c54d42f4ffd04b,1775174457,2026-04-03T00:00:57+00:00,0.745,clob_prices_history
63409286016973577903012142269621228305682014726736632772295861872995350316136,0x95783b62c693ea42d8613482a625828fc14a288e8e8440b974c54d42f4ffd04b,1775178039,2026-04-03T01:00:39+00:00,0.745,clob_prices_history
63409286016973577903012142269621228305682014726736632772295861872995350316136,0x95783b62c693ea42d8613482a625828fc14a288e8e8440b974c54d42f4ffd04b,1775181642,2026-04-03T02:00:42+00:00,0.745,clob_prices_history
63409286016973577903012142269621228305682014726736632772295861872995350316136,0x95783b62c693ea42d8613482a625828fc14a288e8e8440b974c54d42f4ffd04b,1775185259,2026-04-03T03:00:59+00:00,0.76,clob_prices_history
63409286016973577903012142269621228305682014726736632772295861872995350316136,0x95783b62c693ea42d8613482a625828fc14a288e8e8440b974c54d42f4ffd04b,1775188840,2026-04-03T04:00:40+00:00,0.76,clob_prices_history
63409286016973577903012142269621228305682014726736632772295861872995350316136,0x95783b62c693ea42d8613482a625828fc14a288e8e8440b974c54d42f4ffd04b,1775192451,2026-04-03T05:00:51+00:00,0.76,clob_prices_history
63409286016973577903012142269621228305682014726736632772295861872995350316136,0x95783b62c693ea42d8613482a625828fc14a288e8e8440b974c54d42f4ffd04b,1775199640,2026-04-03T07:00:40+00:00,0.76,clob_prices_history
63409286016973577903012142269621228305682014726736632772295861872995350316136,0x95783b62c693ea42d8613482a625828fc14a288e8e8440b974c54d42f4ffd04b,1775203240,2026-04-03T08:00:40+00:00,0.76,clob_prices_history
63409286016973577903012142269621228305682014726736632772295861872995350316136,0x95783b62c693ea42d8613482a625828fc14a288e8e8440b974c54d42f4ffd04b,1775206845,2026-04-03T09:00:45+00:00,0.755,clob_prices_history
63409286016973577903012142269621228305682014726736632772295861872995350316136,0x95783b62c693ea42d8613482a625828fc14a288e8e8440b974c54d42f4ffd04b,1775210440,2026-04-03T10:00:40+00:00,0.755,clob_prices_history
63409286016973577903012142269621228305682014726736632772295861872995350316136,0x95783b62c693ea42d8613482a625828fc14a288e8e8440b974c54d42f4ffd04b,1775214040,2026-04-03T11:00:40+00:00,0.75,clob_prices_history
63409286016973577903012142269621228305682014726736632772295861872995350316136,0x95783b62c693ea42d8613482a625828fc14a288e8e8440b974c54d42f4ffd04b,1775217647,2026-04-03T12:00:47+00:00,0.755,clob_prices_history
63409286016973577903012142269621228305682014726736632772295861872995350316136,0x95783b62c693ea42d8613482a625828fc14a288e8e8440b974c54d42f4ffd04b,1775221246,2026-04-03T13:00:46+00:00,0.755,clob_prices_history
63409286016973577903012142269621228305682014726736632772295861872995350316136,0x95783b62c693ea42d8613482a625828fc14a288e8e8440b974c54d42f4ffd04b,1775224845,2026-04-03T14:00:45+00:00,0.755,clob_prices_history
63409286016973577903012142269621228305682014726736632772295861872995350316136,0x95783b62c693ea42d8613482a625828fc14a288e8e8440b974c54d42f4ffd04b,1775228447,2026-04-03T15:00:47+00:00,0.755,clob_prices_history
63409286016973577903012142269621228305682014726736632772295861872995350316136,0x95783b62c693ea42d8613482a625828fc14a288e8e8440b974c54d42f4ffd04b,1775232041,2026-04-03T16:00:41+00:00,0.755,clob_prices_history
63409286016973577903012142269621228305682014726736632772295861872995350316136,0x95783b62c693ea42d8613482a625828fc14a288e8e8440b974c54d42f4ffd04b,1775235659,2026-04-03T17:00:59+00:00,0.755,clob_prices_history
63409286016973577903012142269621228305682014726736632772295861872995350316136,0x95783b62c693ea42d8613482a625828fc14a288e8e8440b974c54d42f4ffd04b,1775246447,2026-04-03T20:00:47+00:00,0.75,clob_prices_history
63409286016973577903012142269621228305682014726736632772295861872995350316136,0x95783b62c693ea42d8613482a625828fc14a288e8e8440b974c54d42f4ffd04b,1775250059,2026-04-03T21:00:59+00:00,0.745,clob_prices_history
63409286016973577903012142269621228305682014726736632772295861872995350316136,0x95783b62c693ea42d8613482a625828fc14a288e8e8440b974c54d42f4ffd04b,1775253636,2026-04-03T22:00:36+00:00,0.74,clob_prices_history
63409286016973577903012142269621228305682014726736632772295861872995350316136,0x95783b62c693ea42d8613482a625828fc14a288e8e8440b974c54d42f4ffd04b,1775257251,2026-04-03T23:00:51+00:00,0.74,clob_prices_history
63409286016973577903012142269621228305682014726736632772295861872995350316136,0x95783b62c693ea42d8613482a625828fc14a288e8e8440b974c54d42f4ffd04b,1775260856,2026-04-04T00:00:56+00:00,0.74,clob_prices_history
63409286016973577903012142269621228305682014726736632772295861872995350316136,0x95783b62c693ea42d8613482a625828fc14a288e8e8440b974c54d42f4ffd04b,1775264450,2026-04-04T01:00:50+00:00,0.74,clob_prices_history
63409286016973577903012142269621228305682014726736632772295861872995350316136,0x95783b62c693ea42d8613482a625828fc14a288e8e8440b974c54d42f4ffd04b,1775268039,2026-04-04T02:00:39+00:00,0.74,clob_prices_history
63409286016973577903012142269621228305682014726736632772295861872995350316136,0x95783b62c693ea42d8613482a625828fc14a288e8e8440b974c54d42f4ffd04b,1775271644,2026-04-04T03:00:44+00:00,0.74,clob_prices_history
63409286016973577903012142269621228305682014726736632772295861872995350316136,0x95783b62c693ea42d8613482a625828fc14a288e8e8440b974c54d42f4ffd04b,1775278841,2026-04-04T05:00:41+00:00,0.74,clob_prices_history
63409286016973577903012142269621228305682014726736632772295861872995350316136,0x95783b62c693ea42d8613482a625828fc14a288e8e8440b974c54d42f4ffd04b,1775282446,2026-04-04T06:00:46+00:00,0.74,clob_prices_history
63409286016973577903012142269621228305682014726736632772295861872995350316136,0x95783b62c693ea42d8613482a625828fc14a288e8e8440b974c54d42f4ffd04b,1775286041,2026-04-04T07:00:41+00:00,0.76,clob_prices_history
63409286016973577903012142269621228305682014726736632772295861872995350316136,0x95783b62c693ea42d8613482a625828fc14a288e8e8440b974c54d42f4ffd04b,1775289643,2026-04-04T08:00:43+00:00,0.76,clob_prices_history
63409286016973577903012142269621228305682014726736632772295861872995350316136,0x95783b62c693ea42d8613482a625828fc14a288e8e8440b974c54d42f4ffd04b,1775293248,2026-04-04T09:00:48+00:00,0.775,clob_prices_history
63409286016973577903012142269621228305682014726736632772295861872995350316136,0x95783b62c693ea42d8613482a625828fc14a288e8e8440b974c54d42f4ffd04b,1775296857,2026-04-04T10:00:57+00:00,0.775,clob_prices_history
63409286016973577903012142269621228305682014726736632772295861872995350316136,0x95783b62c693ea42d8613482a625828fc14a288e8e8440b974c54d42f4ffd04b,1775300449,2026-04-04T11:00:49+00:00,0.77,clob_prices_history
63409286016973577903012142269621228305682014726736632772295861872995350316136,0x95783b62c693ea42d8613482a625828fc14a288e8e8440b974c54d42f4ffd04b,1775304052,2026-04-04T12:00:52+00:00,0.77,clob_prices_history
63409286016973577903012142269621228305682014726736632772295861872995350316136,0x95783b62c693ea42d8613482a625828fc14a288e8e8440b974c54d42f4ffd04b,1775307643,2026-04-04T13:00:43+00:00,0.765,clob_prices_history
63409286016973577903012142269621228305682014726736632772295861872995350316136,0x95783b62c693ea42d8613482a625828fc14a288e8e8440b974c54d42f4ffd04b,1775314850,2026-04-04T15:00:50+00:00,0.77,clob_prices_history
63409286016973577903012142269621228305682014726736632772295861872995350316136,0x95783b62c693ea42d8613482a625828fc14a288e8e8440b974c54d42f4ffd04b,1775318444,2026-04-04T16:00:44+00:00,0.75,clob_prices_history
63409286016973577903012142269621228305682014726736632772295861872995350316136,0x95783b62c693ea42d8613482a625828fc14a288e8e8440b974c54d42f4ffd04b,1775325647,2026-04-04T18:00:47+00:00,0.75,clob_prices_history
63409286016973577903012142269621228305682014726736632772295861872995350316136,0x95783b62c693ea42d8613482a625828fc14a288e8e8440b974c54d42f4ffd04b,1775332853,2026-04-04T20:00:53+00:00,0.735,clob_prices_history
63409286016973577903012142269621228305682014726736632772295861872995350316136,0x95783b62c693ea42d8613482a625828fc14a288e8e8440b974c54d42f4ffd04b,1775336448,2026-04-04T21:00:48+00:00,0.74,clob_prices_history
63409286016973577903012142269621228305682014726736632772295861872995350316136,0x95783b62c693ea42d8613482a625828fc14a288e8e8440b974c54d42f4ffd04b,1775340052,2026-04-04T22:00:52+00:00,0.74,clob_prices_history
63409286016973577903012142269621228305682014726736632772295861872995350316136,0x95783b62c693ea42d8613482a625828fc14a288e8e8440b974c54d42f4ffd04b,1775350848,2026-04-05T01:00:48+00:00,0.745,clob_prices_history
63409286016973577903012142269621228305682014726736632772295861872995350316136,0x95783b62c693ea42d8613482a625828fc14a288e8e8440b974c54d42f4ffd04b,1775354458,2026-04-05T02:00:58+00:00,0.745,clob_prices_history
63409286016973577903012142269621228305682014726736632772295861872995350316136,0x95783b62c693ea42d8613482a625828fc14a288e8e8440b974c54d42f4ffd04b,1775361643,2026-04-05T04:00:43+00:00,0.76,clob_prices_history
63409286016973577903012142269621228305682014726736632772295861872995350316136,0x95783b62c693ea42d8613482a625828fc14a288e8e8440b974c54d42f4ffd04b,1775365244,2026-04-05T05:00:44+00:00,0.755,clob_prices_history
63409286016973577903012142269621228305682014726736632772295861872995350316136,0x95783b62c693ea42d8613482a625828fc14a288e8e8440b974c54d42f4ffd04b,1775368856,2026-04-05T06:00:56+00:00,0.755,clob_prices_history
63409286016973577903012142269621228305682014726736632772295861872995350316136,0x95783b62c693ea42d8613482a625828fc14a288e8e8440b974c54d42f4ffd04b,1775372446,2026-04-05T07:00:46+00:00,0.75,clob_prices_history
63409286016973577903012142269621228305682014726736632772295861872995350316136,0x95783b62c693ea42d8613482a625828fc14a288e8e8440b974c54d42f4ffd04b,1775376057,2026-04-05T08:00:57+00:00,0.755,clob_prices_history
63409286016973577903012142269621228305682014726736632772295861872995350316136,0x95783b62c693ea42d8613482a625828fc14a288e8e8440b974c54d42f4ffd04b,1775379657,2026-04-05T09:00:57+00:00,0.755,clob_prices_history
63409286016973577903012142269621228305682014726736632772295861872995350316136,0x95783b62c693ea42d8613482a625828fc14a288e8e8440b974c54d42f4ffd04b,1775383241,2026-04-05T10:00:41+00:00,0.765,clob_prices_history
63409286016973577903012142269621228305682014726736632772295861872995350316136,0x95783b62c693ea42d8613482a625828fc14a288e8e8440b974c54d42f4ffd04b,1775386842,2026-04-05T11:00:42+00:00,0.77,clob_prices_history
63409286016973577903012142269621228305682014726736632772295861872995350316136,0x95783b62c693ea42d8613482a625828fc14a288e8e8440b974c54d42f4ffd04b,1775390451,2026-04-05T12:00:51+00:00,0.755,clob_prices_history
63409286016973577903012142269621228305682014726736632772295861872995350316136,0x95783b62c693ea42d8613482a625828fc14a288e8e8440b974c54d42f4ffd04b,1775394046,2026-04-05T13:00:46+00:00,0.755,clob_prices_history
63409286016973577903012142269621228305682014726736632772295861872995350316136,0x95783b62c693ea42d8613482a625828fc14a288e8e8440b974c54d42f4ffd04b,1775397649,2026-04-05T14:00:49+00:00,0.755,clob_prices_history
63409286016973577903012142269621228305682014726736632772295861872995350316136,0x95783b62c693ea42d8613482a625828fc14a288e8e8440b974c54d42f4ffd04b,1775401246,2026-04-05T15:00:46+00:00,0.76,clob_prices_history
63409286016973577903012142269621228305682014726736632772295861872995350316136,0x95783b62c693ea42d8613482a625828fc14a288e8e8440b974c54d42f4ffd04b,1775404850,2026-04-05T16:00:50+00:00,0.75,clob_prices_history
63409286016973577903012142269621228305682014726736632772295861872995350316136,0x95783b62c693ea42d8613482a625828fc14a288e8e8440b974c54d42f4ffd04b,1775408447,2026-04-05T17:00:47+00:00,0.75,clob_prices_history
63409286016973577903012142269621228305682014726736632772295861872995350316136,0x95783b62c693ea42d8613482a625828fc14a288e8e8440b974c54d42f4ffd04b,1775412059,2026-04-05T18:00:59+00:00,0.74,clob_prices_history
63409286016973577903012142269621228305682014726736632772295861872995350316136,0x95783b62c693ea42d8613482a625828fc14a288e8e8440b974c54d42f4ffd04b,1775415644,2026-04-05T19:00:44+00:00,0.745,clob_prices_history
63409286016973577903012142269621228305682014726736632772295861872995350316136,0x95783b62c693ea42d8613482a625828fc14a288e8e8440b974c54d42f4ffd04b,1775419254,2026-04-05T20:00:54+00:00,0.745,clob_prices_history
63409286016973577903012142269621228305682014726736632772295861872995350316136,0x95783b62c693ea42d8613482a625828fc14a288e8e8440b974c54d42f4ffd04b,1775426450,2026-04-05T22:00:50+00:00,0.755,clob_prices_history
63409286016973577903012142269621228305682014726736632772295861872995350316136,0x95783b62c693ea42d8613482a625828fc14a288e8e8440b974c54d42f4ffd04b,1775430044,2026-04-05T23:00:44+00:00,0.755,clob_prices_history
63409286016973577903012142269621228305682014726736632772295861872995350316136,0x95783b62c693ea42d8613482a625828fc14a288e8e8440b974c54d42f4ffd04b,1775433658,2026-04-06T00:00:58+00:00,0.755,clob_prices_history
63409286016973577903012142269621228305682014726736632772295861872995350316136,0x95783b62c693ea42d8613482a625828fc14a288e8e8440b974c54d42f4ffd04b,1775437243,2026-04-06T01:00:43+00:00,0.755,clob_prices_history
63409286016973577903012142269621228305682014726736632772295861872995350316136,0x95783b62c693ea42d8613482a625828fc14a288e8e8440b974c54d42f4ffd04b,1775440847,2026-04-06T02:00:47+00:00,0.755,clob_prices_history
63409286016973577903012142269621228305682014726736632772295861872995350316136,0x95783b62c693ea42d8613482a625828fc14a288e8e8440b974c54d42f4ffd04b,1775444448,2026-04-06T03:00:48+00:00,0.755,clob_prices_history
63409286016973577903012142269621228305682014726736632772295861872995350316136,0x95783b62c693ea42d8613482a625828fc14a288e8e8440b974c54d42f4ffd04b,1775448043,2026-04-06T04:00:43+00:00,0.755,clob_prices_history
63409286016973577903012142269621228305682014726736632772295861872995350316136,0x95783b62c693ea42d8613482a625828fc14a288e8e8440b974c54d42f4ffd04b,1775451643,2026-04-06T05:00:43+00:00,0.755,clob_prices_history
63409286016973577903012142269621228305682014726736632772295861872995350316136,0x95783b62c693ea42d8613482a625828fc14a288e8e8440b974c54d42f4ffd04b,1775458843,2026-04-06T07:00:43+00:00,0.755,clob_prices_history
63409286016973577903012142269621228305682014726736632772295861872995350316136,0x95783b62c693ea42d8613482a625828fc14a288e8e8440b974c54d42f4ffd04b,1775462441,2026-04-06T08:00:41+00:00,0.755,clob_prices_history
63409286016973577903012142269621228305682014726736632772295861872995350316136,0x95783b62c693ea42d8613482a625828fc14a288e8e8440b974c54d42f4ffd04b,1775469639,2026-04-06T10:00:39+00:00,0.745,clob_prices_history
63409286016973577903012142269621228305682014726736632772295861872995350316136,0x95783b62c693ea42d8613482a625828fc14a288e8e8440b974c54d42f4ffd04b,1775473242,2026-04-06T11:00:42+00:00,0.755,clob_prices_history
63409286016973577903012142269621228305682014726736632772295861872995350316136,0x95783b62c693ea42d8613482a625828fc14a288e8e8440b974c54d42f4ffd04b,1775476849,2026-04-06T12:00:49+00:00,0.755,clob_prices_history
63409286016973577903012142269621228305682014726736632772295861872995350316136,0x95783b62c693ea42d8613482a625828fc14a288e8e8440b974c54d42f4ffd04b,1775480441,2026-04-06T13:00:41+00:00,0.755,clob_prices_history
63409286016973577903012142269621228305682014726736632772295861872995350316136,0x95783b62c693ea42d8613482a625828fc14a288e8e8440b974c54d42f4ffd04b,1775484042,2026-04-06T14:00:42+00:00,0.755,clob_prices_history
63409286016973577903012142269621228305682014726736632772295861872995350316136,0x95783b62c693ea42d8613482a625828fc14a288e8e8440b974c54d42f4ffd04b,1775487647,2026-04-06T15:00:47+00:00,0.76,clob_prices_history
63409286016973577903012142269621228305682014726736632772295861872995350316136,0x95783b62c693ea42d8613482a625828fc14a288e8e8440b974c54d42f4ffd04b,1775491258,2026-04-06T16:00:58+00:00,0.76,clob_prices_history
63409286016973577903012142269621228305682014726736632772295861872995350316136,0x95783b62c693ea42d8613482a625828fc14a288e8e8440b974c54d42f4ffd04b,1775494847,2026-04-06T17:00:47+00:00,0.76,clob_prices_history
63409286016973577903012142269621228305682014726736632772295861872995350316136,0x95783b62c693ea42d8613482a625828fc14a288e8e8440b974c54d42f4ffd04b,1775498414,2026-04-06T18:00:14+00:00,0.77,clob_prices_history
63409286016973577903012142269621228305682014726736632772295861872995350316136,0x95783b62c693ea42d8613482a625828fc14a288e8e8440b974c54d42f4ffd04b,1775502049,2026-04-06T19:00:49+00:00,0.77,clob_prices_history
63409286016973577903012142269621228305682014726736632772295861872995350316136,0x95783b62c693ea42d8613482a625828fc14a288e8e8440b974c54d42f4ffd04b,1775505642,2026-04-06T20:00:42+00:00,0.77,clob_prices_history
63409286016973577903012142269621228305682014726736632772295861872995350316136,0x95783b62c693ea42d8613482a625828fc14a288e8e8440b974c54d42f4ffd04b,1775509246,2026-04-06T21:00:46+00:00,0.765,clob_prices_history
63409286016973577903012142269621228305682014726736632772295861872995350316136,0x95783b62c693ea42d8613482a625828fc14a288e8e8440b974c54d42f4ffd04b,1775512843,2026-04-06T22:00:43+00:00,0.765,clob_prices_history
63409286016973577903012142269621228305682014726736632772295861872995350316136,0x95783b62c693ea42d8613482a625828fc14a288e8e8440b974c54d42f4ffd04b,1775516446,2026-04-06T23:00:46+00:00,0.77,clob_prices_history
63409286016973577903012142269621228305682014726736632772295861872995350316136,0x95783b62c693ea42d8613482a625828fc14a288e8e8440b974c54d42f4ffd04b,1775520053,2026-04-07T00:00:53+00:00,0.77,clob_prices_history
63409286016973577903012142269621228305682014726736632772295861872995350316136,0x95783b62c693ea42d8613482a625828fc14a288e8e8440b974c54d42f4ffd04b,1775523645,2026-04-07T01:00:45+00:00,0.77,clob_prices_history
63409286016973577903012142269621228305682014726736632772295861872995350316136,0x95783b62c693ea42d8613482a625828fc14a288e8e8440b974c54d42f4ffd04b,1775527241,2026-04-07T02:00:41+00:00,0.77,clob_prices_history
63409286016973577903012142269621228305682014726736632772295861872995350316136,0x95783b62c693ea42d8613482a625828fc14a288e8e8440b974c54d42f4ffd04b,1775530844,2026-04-07T03:00:44+00:00,0.77,clob_prices_history
63409286016973577903012142269621228305682014726736632772295861872995350316136,0x95783b62c693ea42d8613482a625828fc14a288e8e8440b974c54d42f4ffd04b,1775534441,2026-04-07T04:00:41+00:00,0.77,clob_prices_history
63409286016973577903012142269621228305682014726736632772295861872995350316136,0x95783b62c693ea42d8613482a625828fc14a288e8e8440b974c54d42f4ffd04b,1775545243,2026-04-07T07:00:43+00:00,0.77,clob_prices_history
63409286016973577903012142269621228305682014726736632772295861872995350316136,0x95783b62c693ea42d8613482a625828fc14a288e8e8440b974c54d42f4ffd04b,1775548850,2026-04-07T08:00:50+00:00,0.77,clob_prices_history
63409286016973577903012142269621228305682014726736632772295861872995350316136,0x95783b62c693ea42d8613482a625828fc14a288e8e8440b974c54d42f4ffd04b,1775552448,2026-04-07T09:00:48+00:00,0.77,clob_prices_history
63409286016973577903012142269621228305682014726736632772295861872995350316136,0x95783b62c693ea42d8613482a625828fc14a288e8e8440b974c54d42f4ffd04b,1775556059,2026-04-07T10:00:59+00:00,0.77,clob_prices_history
63409286016973577903012142269621228305682014726736632772295861872995350316136,0x95783b62c693ea42d8613482a625828fc14a288e8e8440b974c54d42f4ffd04b,1775559639,2026-04-07T11:00:39+00:00,0.77,clob_prices_history
63409286016973577903012142269621228305682014726736632772295861872995350316136,0x95783b62c693ea42d8613482a625828fc14a288e8e8440b974c54d42f4ffd04b,1775563253,2026-04-07T12:00:53+00:00,0.77,clob_prices_history
63409286016973577903012142269621228305682014726736632772295861872995350316136,0x95783b62c693ea42d8613482a625828fc14a288e8e8440b974c54d42f4ffd04b,1775566848,2026-04-07T13:00:48+00:00,0.77,clob_prices_history
63409286016973577903012142269621228305682014726736632772295861872995350316136,0x95783b62c693ea42d8613482a625828fc14a288e8e8440b974c54d42f4ffd04b,1775570419,2026-04-07T14:00:19+00:00,0.77,clob_prices_history
63409286016973577903012142269621228305682014726736632772295861872995350316136,0x95783b62c693ea42d8613482a625828fc14a288e8e8440b974c54d42f4ffd04b,1775577654,2026-04-07T16:00:54+00:00,0.77,clob_prices_history
63409286016973577903012142269621228305682014726736632772295861872995350316136,0x95783b62c693ea42d8613482a625828fc14a288e8e8440b974c54d42f4ffd04b,1775581210,2026-04-07T17:00:10+00:00,0.77,clob_prices_history
63409286016973577903012142269621228305682014726736632772295861872995350316136,0x95783b62c693ea42d8613482a625828fc14a288e8e8440b974c54d42f4ffd04b,1775584814,2026-04-07T18:00:14+00:00,0.77,clob_prices_history
63409286016973577903012142269621228305682014726736632772295861872995350316136,0x95783b62c693ea42d8613482a625828fc14a288e8e8440b974c54d42f4ffd04b,1775588432,2026-04-07T19:00:32+00:00,0.77,clob_prices_history
63409286016973577903012142269621228305682014726736632772295861872995350316136,0x95783b62c693ea42d8613482a625828fc14a288e8e8440b974c54d42f4ffd04b,1775592051,2026-04-07T20:00:51+00:00,0.77,clob_prices_history
63409286016973577903012142269621228305682014726736632772295861872995350316136,0x95783b62c693ea42d8613482a625828fc14a288e8e8440b974c54d42f4ffd04b,1775595650,2026-04-07T21:00:50+00:00,0.77,clob_prices_history
63409286016973577903012142269621228305682014726736632772295861872995350316136,0x95783b62c693ea42d8613482a625828fc14a288e8e8440b974c54d42f4ffd04b,1775599252,2026-04-07T22:00:52+00:00,0.77,clob_prices_history
63409286016973577903012142269621228305682014726736632772295861872995350316136,0x95783b62c693ea42d8613482a625828fc14a288e8e8440b974c54d42f4ffd04b,1775602849,2026-04-07T23:00:49+00:00,0.765,clob_prices_history
63409286016973577903012142269621228305682014726736632772295861872995350316136,0x95783b62c693ea42d8613482a625828fc14a288e8e8440b974c54d42f4ffd04b,1775610055,2026-04-08T01:00:55+00:00,0.755,clob_prices_history
63409286016973577903012142269621228305682014726736632772295861872995350316136,0x95783b62c693ea42d8613482a625828fc14a288e8e8440b974c54d42f4ffd04b,1775613611,2026-04-08T02:00:11+00:00,0.76,clob_prices_history
63409286016973577903012142269621228305682014726736632772295861872995350316136,0x95783b62c693ea42d8613482a625828fc14a288e8e8440b974c54d42f4ffd04b,1775617256,2026-04-08T03:00:56+00:00,0.76,clob_prices_history
63409286016973577903012142269621228305682014726736632772295861872995350316136,0x95783b62c693ea42d8613482a625828fc14a288e8e8440b974c54d42f4ffd04b,1775620855,2026-04-08T04:00:55+00:00,0.76,clob_prices_history
63409286016973577903012142269621228305682014726736632772295861872995350316136,0x95783b62c693ea42d8613482a625828fc14a288e8e8440b974c54d42f4ffd04b,1775624457,2026-04-08T05:00:57+00:00,0.76,clob_prices_history
63409286016973577903012142269621228305682014726736632772295861872995350316136,0x95783b62c693ea42d8613482a625828fc14a288e8e8440b974c54d42f4ffd04b,1775628056,2026-04-08T06:00:56+00:00,0.745,clob_prices_history
63409286016973577903012142269621228305682014726736632772295861872995350316136,0x95783b62c693ea42d8613482a625828fc14a288e8e8440b974c54d42f4ffd04b,1775631647,2026-04-08T07:00:47+00:00,0.73,clob_prices_history
63409286016973577903012142269621228305682014726736632772295861872995350316136,0x95783b62c693ea42d8613482a625828fc14a288e8e8440b974c54d42f4ffd04b,1775635236,2026-04-08T08:00:36+00:00,0.73,clob_prices_history
63409286016973577903012142269621228305682014726736632772295861872995350316136,0x95783b62c693ea42d8613482a625828fc14a288e8e8440b974c54d42f4ffd04b,1775646043,2026-04-08T11:00:43+00:00,0.73,clob_prices_history
63409286016973577903012142269621228305682014726736632772295861872995350316136,0x95783b62c693ea42d8613482a625828fc14a288e8e8440b974c54d42f4ffd04b,1775653220,2026-04-08T13:00:20+00:00,0.735,clob_prices_history
63409286016973577903012142269621228305682014726736632772295861872995350316136,0x95783b62c693ea42d8613482a625828fc14a288e8e8440b974c54d42f4ffd04b,1775656856,2026-04-08T14:00:56+00:00,0.75,clob_prices_history
63409286016973577903012142269621228305682014726736632772295861872995350316136,0x95783b62c693ea42d8613482a625828fc14a288e8e8440b974c54d42f4ffd04b,1775664059,2026-04-08T16:00:59+00:00,0.735,clob_prices_history
63409286016973577903012142269621228305682014726736632772295861872995350316136,0x95783b62c693ea42d8613482a625828fc14a288e8e8440b974c54d42f4ffd04b,1775667648,2026-04-08T17:00:48+00:00,0.74,clob_prices_history
63409286016973577903012142269621228305682014726736632772295861872995350316136,0x95783b62c693ea42d8613482a625828fc14a288e8e8440b974c54d42f4ffd04b,1775671257,2026-04-08T18:00:57+00:00,0.745,clob_prices_history
63409286016973577903012142269621228305682014726736632772295861872995350316136,0x95783b62c693ea42d8613482a625828fc14a288e8e8440b974c54d42f4ffd04b,1775674844,2026-04-08T19:00:44+00:00,0.78,clob_prices_history
63409286016973577903012142269621228305682014726736632772295861872995350316136,0x95783b62c693ea42d8613482a625828fc14a288e8e8440b974c54d42f4ffd04b,1775678441,2026-04-08T20:00:41+00:00,0.77,clob_prices_history
63409286016973577903012142269621228305682014726736632772295861872995350316136,0x95783b62c693ea42d8613482a625828fc14a288e8e8440b974c54d42f4ffd04b,1775682057,2026-04-08T21:00:57+00:00,0.745,clob_prices_history
63409286016973577903012142269621228305682014726736632772295861872995350316136,0x95783b62c693ea42d8613482a625828fc14a288e8e8440b974c54d42f4ffd04b,1775685647,2026-04-08T22:00:47+00:00,0.75,clob_prices_history
63409286016973577903012142269621228305682014726736632772295861872995350316136,0x95783b62c693ea42d8613482a625828fc14a288e8e8440b974c54d42f4ffd04b,1775689215,2026-04-08T23:00:15+00:00,0.755,clob_prices_history
63409286016973577903012142269621228305682014726736632772295861872995350316136,0x95783b62c693ea42d8613482a625828fc14a288e8e8440b974c54d42f4ffd04b,1775692814,2026-04-09T00:00:14+00:00,0.755,clob_prices_history
63409286016973577903012142269621228305682014726736632772295861872995350316136,0x95783b62c693ea42d8613482a625828fc14a288e8e8440b974c54d42f4ffd04b,1775696442,2026-04-09T01:00:42+00:00,0.755,clob_prices_history
63409286016973577903012142269621228305682014726736632772295861872995350316136,0x95783b62c693ea42d8613482a625828fc14a288e8e8440b974c54d42f4ffd04b,1775700043,2026-04-09T02:00:43+00:00,0.755,clob_prices_history
63409286016973577903012142269621228305682014726736632772295861872995350316136,0x95783b62c693ea42d8613482a625828fc14a288e8e8440b974c54d42f4ffd04b,1775703647,2026-04-09T03:00:47+00:00,0.755,clob_prices_history
63409286016973577903012142269621228305682014726736632772295861872995350316136,0x95783b62c693ea42d8613482a625828fc14a288e8e8440b974c54d42f4ffd04b,1775707240,2026-04-09T04:00:40+00:00,0.75,clob_prices_history
63409286016973577903012142269621228305682014726736632772295861872995350316136,0x95783b62c693ea42d8613482a625828fc14a288e8e8440b974c54d42f4ffd04b,1775710841,2026-04-09T05:00:41+00:00,0.755,clob_prices_history
63409286016973577903012142269621228305682014726736632772295861872995350316136,0x95783b62c693ea42d8613482a625828fc14a288e8e8440b974c54d42f4ffd04b,1775714447,2026-04-09T06:00:47+00:00,0.755,clob_prices_history
63409286016973577903012142269621228305682014726736632772295861872995350316136,0x95783b62c693ea42d8613482a625828fc14a288e8e8440b974c54d42f4ffd04b,1775718039,2026-04-09T07:00:39+00:00,0.755,clob_prices_history
63409286016973577903012142269621228305682014726736632772295861872995350316136,0x95783b62c693ea42d8613482a625828fc14a288e8e8440b974c54d42f4ffd04b,1775721640,2026-04-09T08:00:40+00:00,0.755,clob_prices_history
63409286016973577903012142269621228305682014726736632772295861872995350316136,0x95783b62c693ea42d8613482a625828fc14a288e8e8440b974c54d42f4ffd04b,1775725246,2026-04-09T09:00:46+00:00,0.75,clob_prices_history
63409286016973577903012142269621228305682014726736632772295861872995350316136,0x95783b62c693ea42d8613482a625828fc14a288e8e8440b974c54d42f4ffd04b,1775728841,2026-04-09T10:00:41+00:00,0.75,clob_prices_history
63409286016973577903012142269621228305682014726736632772295861872995350316136,0x95783b62c693ea42d8613482a625828fc14a288e8e8440b974c54d42f4ffd04b,1775732442,2026-04-09T11:00:42+00:00,0.75,clob_prices_history
63409286016973577903012142269621228305682014726736632772295861872995350316136,0x95783b62c693ea42d8613482a625828fc14a288e8e8440b974c54d42f4ffd04b,1775736052,2026-04-09T12:00:52+00:00,0.75,clob_prices_history
63409286016973577903012142269621228305682014726736632772295861872995350316136,0x95783b62c693ea42d8613482a625828fc14a288e8e8440b974c54d42f4ffd04b,1775739645,2026-04-09T13:00:45+00:00,0.75,clob_prices_history
63409286016973577903012142269621228305682014726736632772295861872995350316136,0x95783b62c693ea42d8613482a625828fc14a288e8e8440b974c54d42f4ffd04b,1775743248,2026-04-09T14:00:48+00:00,0.75,clob_prices_history
63409286016973577903012142269621228305682014726736632772295861872995350316136,0x95783b62c693ea42d8613482a625828fc14a288e8e8440b974c54d42f4ffd04b,1775750446,2026-04-09T16:00:46+00:00,0.755,clob_prices_history
63409286016973577903012142269621228305682014726736632772295861872995350316136,0x95783b62c693ea42d8613482a625828fc14a288e8e8440b974c54d42f4ffd04b,1775754058,2026-04-09T17:00:58+00:00,0.755,clob_prices_history
63409286016973577903012142269621228305682014726736632772295861872995350316136,0x95783b62c693ea42d8613482a625828fc14a288e8e8440b974c54d42f4ffd04b,1775757659,2026-04-09T18:00:59+00:00,0.75,clob_prices_history
63409286016973577903012142269621228305682014726736632772295861872995350316136,0x95783b62c693ea42d8613482a625828fc14a288e8e8440b974c54d42f4ffd04b,1775761250,2026-04-09T19:00:50+00:00,0.79,clob_prices_history
63409286016973577903012142269621228305682014726736632772295861872995350316136,0x95783b62c693ea42d8613482a625828fc14a288e8e8440b974c54d42f4ffd04b,1775764848,2026-04-09T20:00:48+00:00,0.78,clob_prices_history
63409286016973577903012142269621228305682014726736632772295861872995350316136,0x95783b62c693ea42d8613482a625828fc14a288e8e8440b974c54d42f4ffd04b,1775768455,2026-04-09T21:00:55+00:00,0.77,clob_prices_history
63409286016973577903012142269621228305682014726736632772295861872995350316136,0x95783b62c693ea42d8613482a625828fc14a288e8e8440b974c54d42f4ffd04b,1775772048,2026-04-09T22:00:48+00:00,0.775,clob_prices_history
63409286016973577903012142269621228305682014726736632772295861872995350316136,0x95783b62c693ea42d8613482a625828fc14a288e8e8440b974c54d42f4ffd04b,1775775648,2026-04-09T23:00:48+00:00,0.775,clob_prices_history
63409286016973577903012142269621228305682014726736632772295861872995350316136,0x95783b62c693ea42d8613482a625828fc14a288e8e8440b974c54d42f4ffd04b,1775782848,2026-04-10T01:00:48+00:00,0.755,clob_prices_history
63409286016973577903012142269621228305682014726736632772295861872995350316136,0x95783b62c693ea42d8613482a625828fc14a288e8e8440b974c54d42f4ffd04b,1775786444,2026-04-10T02:00:44+00:00,0.75,clob_prices_history
63409286016973577903012142269621228305682014726736632772295861872995350316136,0x95783b62c693ea42d8613482a625828fc14a288e8e8440b974c54d42f4ffd04b,1775790051,2026-04-10T03:00:51+00:00,0.755,clob_prices_history
63409286016973577903012142269621228305682014726736632772295861872995350316136,0x95783b62c693ea42d8613482a625828fc14a288e8e8440b974c54d42f4ffd04b,1775793647,2026-04-10T04:00:47+00:00,0.755,clob_prices_history
63409286016973577903012142269621228305682014726736632772295861872995350316136,0x95783b62c693ea42d8613482a625828fc14a288e8e8440b974c54d42f4ffd04b,1775797247,2026-04-10T05:00:47+00:00,0.755,clob_prices_history
63409286016973577903012142269621228305682014726736632772295861872995350316136,0x95783b62c693ea42d8613482a625828fc14a288e8e8440b974c54d42f4ffd04b,1775804444,2026-04-10T07:00:44+00:00,0.76,clob_prices_history
63409286016973577903012142269621228305682014726736632772295861872995350316136,0x95783b62c693ea42d8613482a625828fc14a288e8e8440b974c54d42f4ffd04b,1775815249,2026-04-10T10:00:49+00:00,0.775,clob_prices_history
63409286016973577903012142269621228305682014726736632772295861872995350316136,0x95783b62c693ea42d8613482a625828fc14a288e8e8440b974c54d42f4ffd04b,1775818844,2026-04-10T11:00:44+00:00,0.775,clob_prices_history
63409286016973577903012142269621228305682014726736632772295861872995350316136,0x95783b62c693ea42d8613482a625828fc14a288e8e8440b974c54d42f4ffd04b,1775822456,2026-04-10T12:00:56+00:00,0.775,clob_prices_history
63409286016973577903012142269621228305682014726736632772295861872995350316136,0x95783b62c693ea42d8613482a625828fc14a288e8e8440b974c54d42f4ffd04b,1775829649,2026-04-10T14:00:49+00:00,0.75,clob_prices_history
63409286016973577903012142269621228305682014726736632772295861872995350316136,0x95783b62c693ea42d8613482a625828fc14a288e8e8440b974c54d42f4ffd04b,1775836853,2026-04-10T16:00:53+00:00,0.73,clob_prices_history
63409286016973577903012142269621228305682014726736632772295861872995350316136,0x95783b62c693ea42d8613482a625828fc14a288e8e8440b974c54d42f4ffd04b,1775844055,2026-04-10T18:00:55+00:00,0.725,clob_prices_history
63409286016973577903012142269621228305682014726736632772295861872995350316136,0x95783b62c693ea42d8613482a625828fc14a288e8e8440b974c54d42f4ffd04b,1775847648,2026-04-10T19:00:48+00:00,0.725,clob_prices_history
63409286016973577903012142269621228305682014726736632772295861872995350316136,0x95783b62c693ea42d8613482a625828fc14a288e8e8440b974c54d42f4ffd04b,1775854856,2026-04-10T21:00:56+00:00,0.725,clob_prices_history
63409286016973577903012142269621228305682014726736632772295861872995350316136,0x95783b62c693ea42d8613482a625828fc14a288e8e8440b974c54d42f4ffd04b,1775858459,2026-04-10T22:00:59+00:00,0.725,clob_prices_history
63409286016973577903012142269621228305682014726736632772295861872995350316136,0x95783b62c693ea42d8613482a625828fc14a288e8e8440b974c54d42f4ffd04b,1775869246,2026-04-11T01:00:46+00:00,0.725,clob_prices_history
63409286016973577903012142269621228305682014726736632772295861872995350316136,0x95783b62c693ea42d8613482a625828fc14a288e8e8440b974c54d42f4ffd04b,1775872851,2026-04-11T02:00:51+00:00,0.725,clob_prices_history
63409286016973577903012142269621228305682014726736632772295861872995350316136,0x95783b62c693ea42d8613482a625828fc14a288e8e8440b974c54d42f4ffd04b,1775876450,2026-04-11T03:00:50+00:00,0.735,clob_prices_history
63409286016973577903012142269621228305682014726736632772295861872995350316136,0x95783b62c693ea42d8613482a625828fc14a288e8e8440b974c54d42f4ffd04b,1775880052,2026-04-11T04:00:52+00:00,0.735,clob_prices_history
63409286016973577903012142269621228305682014726736632772295861872995350316136,0x95783b62c693ea42d8613482a625828fc14a288e8e8440b974c54d42f4ffd04b,1775883651,2026-04-11T05:00:51+00:00,0.735,clob_prices_history
63409286016973577903012142269621228305682014726736632772295861872995350316136,0x95783b62c693ea42d8613482a625828fc14a288e8e8440b974c54d42f4ffd04b,1775890844,2026-04-11T07:00:44+00:00,0.735,clob_prices_history
63409286016973577903012142269621228305682014726736632772295861872995350316136,0x95783b62c693ea42d8613482a625828fc14a288e8e8440b974c54d42f4ffd04b,1775894443,2026-04-11T08:00:43+00:00,0.735,clob_prices_history
63409286016973577903012142269621228305682014726736632772295861872995350316136,0x95783b62c693ea42d8613482a625828fc14a288e8e8440b974c54d42f4ffd04b,1775898050,2026-04-11T09:00:50+00:00,0.735,clob_prices_history
63409286016973577903012142269621228305682014726736632772295861872995350316136,0x95783b62c693ea42d8613482a625828fc14a288e8e8440b974c54d42f4ffd04b,1775901609,2026-04-11T10:00:09+00:00,0.735,clob_prices_history
63409286016973577903012142269621228305682014726736632772295861872995350316136,0x95783b62c693ea42d8613482a625828fc14a288e8e8440b974c54d42f4ffd04b,1775905243,2026-04-11T11:00:43+00:00,0.745,clob_prices_history
63409286016973577903012142269621228305682014726736632772295861872995350316136,0x95783b62c693ea42d8613482a625828fc14a288e8e8440b974c54d42f4ffd04b,1775912447,2026-04-11T13:00:47+00:00,0.745,clob_prices_history
63409286016973577903012142269621228305682014726736632772295861872995350316136,0x95783b62c693ea42d8613482a625828fc14a288e8e8440b974c54d42f4ffd04b,1775916046,2026-04-11T14:00:46+00:00,0.735,clob_prices_history
63409286016973577903012142269621228305682014726736632772295861872995350316136,0x95783b62c693ea42d8613482a625828fc14a288e8e8440b974c54d42f4ffd04b,1775923245,2026-04-11T16:00:45+00:00,0.735,clob_prices_history
63409286016973577903012142269621228305682014726736632772295861872995350316136,0x95783b62c693ea42d8613482a625828fc14a288e8e8440b974c54d42f4ffd04b,1775926848,2026-04-11T17:00:48+00:00,0.715,clob_prices_history
63409286016973577903012142269621228305682014726736632772295861872995350316136,0x95783b62c693ea42d8613482a625828fc14a288e8e8440b974c54d42f4ffd04b,1775930457,2026-04-11T18:00:57+00:00,0.74,clob_prices_history
63409286016973577903012142269621228305682014726736632772295861872995350316136,0x95783b62c693ea42d8613482a625828fc14a288e8e8440b974c54d42f4ffd04b,1775934047,2026-04-11T19:00:47+00:00,0.74,clob_prices_history
63409286016973577903012142269621228305682014726736632772295861872995350316136,0x95783b62c693ea42d8613482a625828fc14a288e8e8440b974c54d42f4ffd04b,1775937650,2026-04-11T20:00:50+00:00,0.74,clob_prices_history
63409286016973577903012142269621228305682014726736632772295861872995350316136,0x95783b62c693ea42d8613482a625828fc14a288e8e8440b974c54d42f4ffd04b,1775941251,2026-04-11T21:00:51+00:00,0.74,clob_prices_history
63409286016973577903012142269621228305682014726736632772295861872995350316136,0x95783b62c693ea42d8613482a625828fc14a288e8e8440b974c54d42f4ffd04b,1775948448,2026-04-11T23:00:48+00:00,0.735,clob_prices_history
63409286016973577903012142269621228305682014726736632772295861872995350316136,0x95783b62c693ea42d8613482a625828fc14a288e8e8440b974c54d42f4ffd04b,1775955642,2026-04-12T01:00:42+00:00,0.735,clob_prices_history
63409286016973577903012142269621228305682014726736632772295861872995350316136,0x95783b62c693ea42d8613482a625828fc14a288e8e8440b974c54d42f4ffd04b,1775959243,2026-04-12T02:00:43+00:00,0.735,clob_prices_history
63409286016973577903012142269621228305682014726736632772295861872995350316136,0x95783b62c693ea42d8613482a625828fc14a288e8e8440b974c54d42f4ffd04b,1775962845,2026-04-12T03:00:45+00:00,0.735,clob_prices_history
63409286016973577903012142269621228305682014726736632772295861872995350316136,0x95783b62c693ea42d8613482a625828fc14a288e8e8440b974c54d42f4ffd04b,1775966443,2026-04-12T04:00:43+00:00,0.74,clob_prices_history
63409286016973577903012142269621228305682014726736632772295861872995350316136,0x95783b62c693ea42d8613482a625828fc14a288e8e8440b974c54d42f4ffd04b,1775970044,2026-04-12T05:00:44+00:00,0.74,clob_prices_history
63409286016973577903012142269621228305682014726736632772295861872995350316136,0x95783b62c693ea42d8613482a625828fc14a288e8e8440b974c54d42f4ffd04b,1775973650,2026-04-12T06:00:50+00:00,0.74,clob_prices_history
63409286016973577903012142269621228305682014726736632772295861872995350316136,0x95783b62c693ea42d8613482a625828fc14a288e8e8440b974c54d42f4ffd04b,1775977243,2026-04-12T07:00:43+00:00,0.74,clob_prices_history
63409286016973577903012142269621228305682014726736632772295861872995350316136,0x95783b62c693ea42d8613482a625828fc14a288e8e8440b974c54d42f4ffd04b,1775980843,2026-04-12T08:00:43+00:00,0.745,clob_prices_history
63409286016973577903012142269621228305682014726736632772295861872995350316136,0x95783b62c693ea42d8613482a625828fc14a288e8e8440b974c54d42f4ffd04b,1775984452,2026-04-12T09:00:52+00:00,0.74,clob_prices_history
63409286016973577903012142269621228305682014726736632772295861872995350316136,0x95783b62c693ea42d8613482a625828fc14a288e8e8440b974c54d42f4ffd04b,1775988045,2026-04-12T10:00:45+00:00,0.74,clob_prices_history
63409286016973577903012142269621228305682014726736632772295861872995350316136,0x95783b62c693ea42d8613482a625828fc14a288e8e8440b974c54d42f4ffd04b,1775991643,2026-04-12T11:00:43+00:00,0.74,clob_prices_history
63409286016973577903012142269621228305682014726736632772295861872995350316136,0x95783b62c693ea42d8613482a625828fc14a288e8e8440b974c54d42f4ffd04b,1775995259,2026-04-12T12:00:59+00:00,0.745,clob_prices_history
63409286016973577903012142269621228305682014726736632772295861872995350316136,0x95783b62c693ea42d8613482a625828fc14a288e8e8440b974c54d42f4ffd04b,1775998846,2026-04-12T13:00:46+00:00,0.745,clob_prices_history
63409286016973577903012142269621228305682014726736632772295861872995350316136,0x95783b62c693ea42d8613482a625828fc14a288e8e8440b974c54d42f4ffd04b,1776002446,2026-04-12T14:00:46+00:00,0.74,clob_prices_history
63409286016973577903012142269621228305682014726736632772295861872995350316136,0x95783b62c693ea42d8613482a625828fc14a288e8e8440b974c54d42f4ffd04b,1776013247,2026-04-12T17:00:47+00:00,0.745,clob_prices_history
63409286016973577903012142269621228305682014726736632772295861872995350316136,0x95783b62c693ea42d8613482a625828fc14a288e8e8440b974c54d42f4ffd04b,1776016849,2026-04-12T18:00:49+00:00,0.745,clob_prices_history
63409286016973577903012142269621228305682014726736632772295861872995350316136,0x95783b62c693ea42d8613482a625828fc14a288e8e8440b974c54d42f4ffd04b,1776020446,2026-04-12T19:00:46+00:00,0.75,clob_prices_history
63409286016973577903012142269621228305682014726736632772295861872995350316136,0x95783b62c693ea42d8613482a625828fc14a288e8e8440b974c54d42f4ffd04b,1776024045,2026-04-12T20:00:45+00:00,0.75,clob_prices_history
63409286016973577903012142269621228305682014726736632772295861872995350316136,0x95783b62c693ea42d8613482a625828fc14a288e8e8440b974c54d42f4ffd04b,1776027649,2026-04-12T21:00:49+00:00,0.75,clob_prices_history
63409286016973577903012142269621228305682014726736632772295861872995350316136,0x95783b62c693ea42d8613482a625828fc14a288e8e8440b974c54d42f4ffd04b,1776031248,2026-04-12T22:00:48+00:00,0.75,clob_prices_history
63409286016973577903012142269621228305682014726736632772295861872995350316136,0x95783b62c693ea42d8613482a625828fc14a288e8e8440b974c54d42f4ffd04b,1776034847,2026-04-12T23:00:47+00:00,0.75,clob_prices_history
63409286016973577903012142269621228305682014726736632772295861872995350316136,0x95783b62c693ea42d8613482a625828fc14a288e8e8440b974c54d42f4ffd04b,1776038453,2026-04-13T00:00:53+00:00,0.75,clob_prices_history
63409286016973577903012142269621228305682014726736632772295861872995350316136,0x95783b62c693ea42d8613482a625828fc14a288e8e8440b974c54d42f4ffd04b,1776042039,2026-04-13T01:00:39+00:00,0.75,clob_prices_history
63409286016973577903012142269621228305682014726736632772295861872995350316136,0x95783b62c693ea42d8613482a625828fc14a288e8e8440b974c54d42f4ffd04b,1776045648,2026-04-13T02:00:48+00:00,0.75,clob_prices_history
63409286016973577903012142269621228305682014726736632772295861872995350316136,0x95783b62c693ea42d8613482a625828fc14a288e8e8440b974c54d42f4ffd04b,1776049244,2026-04-13T03:00:44+00:00,0.75,clob_prices_history
63409286016973577903012142269621228305682014726736632772295861872995350316136,0x95783b62c693ea42d8613482a625828fc14a288e8e8440b974c54d42f4ffd04b,1776052838,2026-04-13T04:00:38+00:00,0.75,clob_prices_history
63409286016973577903012142269621228305682014726736632772295861872995350316136,0x95783b62c693ea42d8613482a625828fc14a288e8e8440b974c54d42f4ffd04b,1776056445,2026-04-13T05:00:45+00:00,0.75,clob_prices_history
63409286016973577903012142269621228305682014726736632772295861872995350316136,0x95783b62c693ea42d8613482a625828fc14a288e8e8440b974c54d42f4ffd04b,1776060047,2026-04-13T06:00:47+00:00,0.75,clob_prices_history
63409286016973577903012142269621228305682014726736632772295861872995350316136,0x95783b62c693ea42d8613482a625828fc14a288e8e8440b974c54d42f4ffd04b,1776063642,2026-04-13T07:00:42+00:00,0.785,clob_prices_history
63409286016973577903012142269621228305682014726736632772295861872995350316136,0x95783b62c693ea42d8613482a625828fc14a288e8e8440b974c54d42f4ffd04b,1776067242,2026-04-13T08:00:42+00:00,0.78,clob_prices_history
63409286016973577903012142269621228305682014726736632772295861872995350316136,0x95783b62c693ea42d8613482a625828fc14a288e8e8440b974c54d42f4ffd04b,1776070850,2026-04-13T09:00:50+00:00,0.78,clob_prices_history
63409286016973577903012142269621228305682014726736632772295861872995350316136,0x95783b62c693ea42d8613482a625828fc14a288e8e8440b974c54d42f4ffd04b,1776074444,2026-04-13T10:00:44+00:00,0.78,clob_prices_history
63409286016973577903012142269621228305682014726736632772295861872995350316136,0x95783b62c693ea42d8613482a625828fc14a288e8e8440b974c54d42f4ffd04b,1776078044,2026-04-13T11:00:44+00:00,0.775,clob_prices_history
63409286016973577903012142269621228305682014726736632772295861872995350316136,0x95783b62c693ea42d8613482a625828fc14a288e8e8440b974c54d42f4ffd04b,1776085244,2026-04-13T13:00:44+00:00,0.775,clob_prices_history
63409286016973577903012142269621228305682014726736632772295861872995350316136,0x95783b62c693ea42d8613482a625828fc14a288e8e8440b974c54d42f4ffd04b,1776088850,2026-04-13T14:00:50+00:00,0.775,clob_prices_history
63409286016973577903012142269621228305682014726736632772295861872995350316136,0x95783b62c693ea42d8613482a625828fc14a288e8e8440b974c54d42f4ffd04b,1776096051,2026-04-13T16:00:51+00:00,0.775,clob_prices_history
63409286016973577903012142269621228305682014726736632772295861872995350316136,0x95783b62c693ea42d8613482a625828fc14a288e8e8440b974c54d42f4ffd04b,1776099650,2026-04-13T17:00:50+00:00,0.775,clob_prices_history
63409286016973577903012142269621228305682014726736632772295861872995350316136,0x95783b62c693ea42d8613482a625828fc14a288e8e8440b974c54d42f4ffd04b,1776103251,2026-04-13T18:00:51+00:00,0.775,clob_prices_history
63409286016973577903012142269621228305682014726736632772295861872995350316136,0x95783b62c693ea42d8613482a625828fc14a288e8e8440b974c54d42f4ffd04b,1776106847,2026-04-13T19:00:47+00:00,0.775,clob_prices_history
63409286016973577903012142269621228305682014726736632772295861872995350316136,0x95783b62c693ea42d8613482a625828fc14a288e8e8440b974c54d42f4ffd04b,1776110445,2026-04-13T20:00:45+00:00,0.775,clob_prices_history
63409286016973577903012142269621228305682014726736632772295861872995350316136,0x95783b62c693ea42d8613482a625828fc14a288e8e8440b974c54d42f4ffd04b,1776117654,2026-04-13T22:00:54+00:00,0.775,clob_prices_history
63409286016973577903012142269621228305682014726736632772295861872995350316136,0x95783b62c693ea42d8613482a625828fc14a288e8e8440b974c54d42f4ffd04b,1776121258,2026-04-13T23:00:58+00:00,0.775,clob_prices_history
63409286016973577903012142269621228305682014726736632772295861872995350316136,0x95783b62c693ea42d8613482a625828fc14a288e8e8440b974c54d42f4ffd04b,1776128441,2026-04-14T01:00:41+00:00,0.775,clob_prices_history
63409286016973577903012142269621228305682014726736632772295861872995350316136,0x95783b62c693ea42d8613482a625828fc14a288e8e8440b974c54d42f4ffd04b,1776132044,2026-04-14T02:00:44+00:00,0.775,clob_prices_history
63409286016973577903012142269621228305682014726736632772295861872995350316136,0x95783b62c693ea42d8613482a625828fc14a288e8e8440b974c54d42f4ffd04b,1776135650,2026-04-14T03:00:50+00:00,0.775,clob_prices_history
63409286016973577903012142269621228305682014726736632772295861872995350316136,0x95783b62c693ea42d8613482a625828fc14a288e8e8440b974c54d42f4ffd04b,1776139246,2026-04-14T04:00:46+00:00,0.775,clob_prices_history
63409286016973577903012142269621228305682014726736632772295861872995350316136,0x95783b62c693ea42d8613482a625828fc14a288e8e8440b974c54d42f4ffd04b,1776142844,2026-04-14T05:00:44+00:00,0.775,clob_prices_history
63409286016973577903012142269621228305682014726736632772295861872995350316136,0x95783b62c693ea42d8613482a625828fc14a288e8e8440b974c54d42f4ffd04b,1776150045,2026-04-14T07:00:45+00:00,0.775,clob_prices_history
63409286016973577903012142269621228305682014726736632772295861872995350316136,0x95783b62c693ea42d8613482a625828fc14a288e8e8440b974c54d42f4ffd04b,1776153641,2026-04-14T08:00:41+00:00,0.775,clob_prices_history
63409286016973577903012142269621228305682014726736632772295861872995350316136,0x95783b62c693ea42d8613482a625828fc14a288e8e8440b974c54d42f4ffd04b,1776157249,2026-04-14T09:00:49+00:00,0.775,clob_prices_history
63409286016973577903012142269621228305682014726736632772295861872995350316136,0x95783b62c693ea42d8613482a625828fc14a288e8e8440b974c54d42f4ffd04b,1776160840,2026-04-14T10:00:40+00:00,0.775,clob_prices_history
63409286016973577903012142269621228305682014726736632772295861872995350316136,0x95783b62c693ea42d8613482a625828fc14a288e8e8440b974c54d42f4ffd04b,1776164444,2026-04-14T11:00:44+00:00,0.775,clob_prices_history
63409286016973577903012142269621228305682014726736632772295861872995350316136,0x95783b62c693ea42d8613482a625828fc14a288e8e8440b974c54d42f4ffd04b,1776171645,2026-04-14T13:00:45+00:00,0.775,clob_prices_history
63409286016973577903012142269621228305682014726736632772295861872995350316136,0x95783b62c693ea42d8613482a625828fc14a288e8e8440b974c54d42f4ffd04b,1776175245,2026-04-14T14:00:45+00:00,0.775,clob_prices_history
63409286016973577903012142269621228305682014726736632772295861872995350316136,0x95783b62c693ea42d8613482a625828fc14a288e8e8440b974c54d42f4ffd04b,1776178851,2026-04-14T15:00:51+00:00,0.775,clob_prices_history
63409286016973577903012142269621228305682014726736632772295861872995350316136,0x95783b62c693ea42d8613482a625828fc14a288e8e8440b974c54d42f4ffd04b,1776182444,2026-04-14T16:00:44+00:00,0.775,clob_prices_history
63409286016973577903012142269621228305682014726736632772295861872995350316136,0x95783b62c693ea42d8613482a625828fc14a288e8e8440b974c54d42f4ffd04b,1776186047,2026-04-14T17:00:47+00:00,0.775,clob_prices_history
63409286016973577903012142269621228305682014726736632772295861872995350316136,0x95783b62c693ea42d8613482a625828fc14a288e8e8440b974c54d42f4ffd04b,1776196844,2026-04-14T20:00:44+00:00,0.775,clob_prices_history
63409286016973577903012142269621228305682014726736632772295861872995350316136,0x95783b62c693ea42d8613482a625828fc14a288e8e8440b974c54d42f4ffd04b,1776200451,2026-04-14T21:00:51+00:00,0.775,clob_prices_history
63409286016973577903012142269621228305682014726736632772295861872995350316136,0x95783b62c693ea42d8613482a625828fc14a288e8e8440b974c54d42f4ffd04b,1776204044,2026-04-14T22:00:44+00:00,0.83,clob_prices_history
63409286016973577903012142269621228305682014726736632772295861872995350316136,0x95783b62c693ea42d8613482a625828fc14a288e8e8440b974c54d42f4ffd04b,1776211256,2026-04-15T00:00:56+00:00,0.805,clob_prices_history
63409286016973577903012142269621228305682014726736632772295861872995350316136,0x95783b62c693ea42d8613482a625828fc14a288e8e8440b974c54d42f4ffd04b,1776214841,2026-04-15T01:00:41+00:00,0.805,clob_prices_history
63409286016973577903012142269621228305682014726736632772295861872995350316136,0x95783b62c693ea42d8613482a625828fc14a288e8e8440b974c54d42f4ffd04b,1776218445,2026-04-15T02:00:45+00:00,0.805,clob_prices_history
63409286016973577903012142269621228305682014726736632772295861872995350316136,0x95783b62c693ea42d8613482a625828fc14a288e8e8440b974c54d42f4ffd04b,1776222047,2026-04-15T03:00:47+00:00,0.805,clob_prices_history
63409286016973577903012142269621228305682014726736632772295861872995350316136,0x95783b62c693ea42d8613482a625828fc14a288e8e8440b974c54d42f4ffd04b,1776225642,2026-04-15T04:00:42+00:00,0.805,clob_prices_history
63409286016973577903012142269621228305682014726736632772295861872995350316136,0x95783b62c693ea42d8613482a625828fc14a288e8e8440b974c54d42f4ffd04b,1776232850,2026-04-15T06:00:50+00:00,0.805,clob_prices_history
63409286016973577903012142269621228305682014726736632772295861872995350316136,0x95783b62c693ea42d8613482a625828fc14a288e8e8440b974c54d42f4ffd04b,1776236443,2026-04-15T07:00:43+00:00,0.805,clob_prices_history
63409286016973577903012142269621228305682014726736632772295861872995350316136,0x95783b62c693ea42d8613482a625828fc14a288e8e8440b974c54d42f4ffd04b,1776240047,2026-04-15T08:00:47+00:00,0.805,clob_prices_history
63409286016973577903012142269621228305682014726736632772295861872995350316136,0x95783b62c693ea42d8613482a625828fc14a288e8e8440b974c54d42f4ffd04b,1776243647,2026-04-15T09:00:47+00:00,0.805,clob_prices_history
63409286016973577903012142269621228305682014726736632772295861872995350316136,0x95783b62c693ea42d8613482a625828fc14a288e8e8440b974c54d42f4ffd04b,1776247255,2026-04-15T10:00:55+00:00,0.805,clob_prices_history
63409286016973577903012142269621228305682014726736632772295861872995350316136,0x95783b62c693ea42d8613482a625828fc14a288e8e8440b974c54d42f4ffd04b,1776250844,2026-04-15T11:00:44+00:00,0.795,clob_prices_history
63409286016973577903012142269621228305682014726736632772295861872995350316136,0x95783b62c693ea42d8613482a625828fc14a288e8e8440b974c54d42f4ffd04b,1776254458,2026-04-15T12:00:58+00:00,0.8,clob_prices_history
63409286016973577903012142269621228305682014726736632772295861872995350316136,0x95783b62c693ea42d8613482a625828fc14a288e8e8440b974c54d42f4ffd04b,1776261643,2026-04-15T14:00:43+00:00,0.795,clob_prices_history
63409286016973577903012142269621228305682014726736632772295861872995350316136,0x95783b62c693ea42d8613482a625828fc14a288e8e8440b974c54d42f4ffd04b,1776265253,2026-04-15T15:00:53+00:00,0.79,clob_prices_history
63409286016973577903012142269621228305682014726736632772295861872995350316136,0x95783b62c693ea42d8613482a625828fc14a288e8e8440b974c54d42f4ffd04b,1776268847,2026-04-15T16:00:47+00:00,0.785,clob_prices_history
63409286016973577903012142269621228305682014726736632772295861872995350316136,0x95783b62c693ea42d8613482a625828fc14a288e8e8440b974c54d42f4ffd04b,1776272446,2026-04-15T17:00:46+00:00,0.785,clob_prices_history
63409286016973577903012142269621228305682014726736632772295861872995350316136,0x95783b62c693ea42d8613482a625828fc14a288e8e8440b974c54d42f4ffd04b,1776276052,2026-04-15T18:00:52+00:00,0.79,clob_prices_history
63409286016973577903012142269621228305682014726736632772295861872995350316136,0x95783b62c693ea42d8613482a625828fc14a288e8e8440b974c54d42f4ffd04b,1776283247,2026-04-15T20:00:47+00:00,0.785,clob_prices_history
63409286016973577903012142269621228305682014726736632772295861872995350316136,0x95783b62c693ea42d8613482a625828fc14a288e8e8440b974c54d42f4ffd04b,1776286803,2026-04-15T21:00:03+00:00,0.785,clob_prices_history
63409286016973577903012142269621228305682014726736632772295861872995350316136,0x95783b62c693ea42d8613482a625828fc14a288e8e8440b974c54d42f4ffd04b,1776290441,2026-04-15T22:00:41+00:00,0.78,clob_prices_history
63409286016973577903012142269621228305682014726736632772295861872995350316136,0x95783b62c693ea42d8613482a625828fc14a288e8e8440b974c54d42f4ffd04b,1776294043,2026-04-15T23:00:43+00:00,0.785,clob_prices_history
63409286016973577903012142269621228305682014726736632772295861872995350316136,0x95783b62c693ea42d8613482a625828fc14a288e8e8440b974c54d42f4ffd04b,1776297659,2026-04-16T00:00:59+00:00,0.78,clob_prices_history
63409286016973577903012142269621228305682014726736632772295861872995350316136,0x95783b62c693ea42d8613482a625828fc14a288e8e8440b974c54d42f4ffd04b,1776301243,2026-04-16T01:00:43+00:00,0.78,clob_prices_history
63409286016973577903012142269621228305682014726736632772295861872995350316136,0x95783b62c693ea42d8613482a625828fc14a288e8e8440b974c54d42f4ffd04b,1776304846,2026-04-16T02:00:46+00:00,0.775,clob_prices_history
63409286016973577903012142269621228305682014726736632772295861872995350316136,0x95783b62c693ea42d8613482a625828fc14a288e8e8440b974c54d42f4ffd04b,1776308457,2026-04-16T03:00:57+00:00,0.775,clob_prices_history
63409286016973577903012142269621228305682014726736632772295861872995350316136,0x95783b62c693ea42d8613482a625828fc14a288e8e8440b974c54d42f4ffd04b,1776312045,2026-04-16T04:00:45+00:00,0.775,clob_prices_history
63409286016973577903012142269621228305682014726736632772295861872995350316136,0x95783b62c693ea42d8613482a625828fc14a288e8e8440b974c54d42f4ffd04b,1776315644,2026-04-16T05:00:44+00:00,0.775,clob_prices_history
63409286016973577903012142269621228305682014726736632772295861872995350316136,0x95783b62c693ea42d8613482a625828fc14a288e8e8440b974c54d42f4ffd04b,1776319258,2026-04-16T06:00:58+00:00,0.775,clob_prices_history
63409286016973577903012142269621228305682014726736632772295861872995350316136,0x95783b62c693ea42d8613482a625828fc14a288e8e8440b974c54d42f4ffd04b,1776322844,2026-04-16T07:00:44+00:00,0.775,clob_prices_history
63409286016973577903012142269621228305682014726736632772295861872995350316136,0x95783b62c693ea42d8613482a625828fc14a288e8e8440b974c54d42f4ffd04b,1776326445,2026-04-16T08:00:45+00:00,0.775,clob_prices_history
63409286016973577903012142269621228305682014726736632772295861872995350316136,0x95783b62c693ea42d8613482a625828fc14a288e8e8440b974c54d42f4ffd04b,1776333649,2026-04-16T10:00:49+00:00,0.775,clob_prices_history
63409286016973577903012142269621228305682014726736632772295861872995350316136,0x95783b62c693ea42d8613482a625828fc14a288e8e8440b974c54d42f4ffd04b,1776337241,2026-04-16T11:00:41+00:00,0.775,clob_prices_history
63409286016973577903012142269621228305682014726736632772295861872995350316136,0x95783b62c693ea42d8613482a625828fc14a288e8e8440b974c54d42f4ffd04b,1776340853,2026-04-16T12:00:53+00:00,0.775,clob_prices_history
63409286016973577903012142269621228305682014726736632772295861872995350316136,0x95783b62c693ea42d8613482a625828fc14a288e8e8440b974c54d42f4ffd04b,1776344447,2026-04-16T13:00:47+00:00,0.775,clob_prices_history
63409286016973577903012142269621228305682014726736632772295861872995350316136,0x95783b62c693ea42d8613482a625828fc14a288e8e8440b974c54d42f4ffd04b,1776348047,2026-04-16T14:00:47+00:00,0.775,clob_prices_history
63409286016973577903012142269621228305682014726736632772295861872995350316136,0x95783b62c693ea42d8613482a625828fc14a288e8e8440b974c54d42f4ffd04b,1776351658,2026-04-16T15:00:58+00:00,0.775,clob_prices_history
63409286016973577903012142269621228305682014726736632772295861872995350316136,0x95783b62c693ea42d8613482a625828fc14a288e8e8440b974c54d42f4ffd04b,1776355250,2026-04-16T16:00:50+00:00,0.775,clob_prices_history
63409286016973577903012142269621228305682014726736632772295861872995350316136,0x95783b62c693ea42d8613482a625828fc14a288e8e8440b974c54d42f4ffd04b,1776358847,2026-04-16T17:00:47+00:00,0.775,clob_prices_history
63409286016973577903012142269621228305682014726736632772295861872995350316136,0x95783b62c693ea42d8613482a625828fc14a288e8e8440b974c54d42f4ffd04b,1776366044,2026-04-16T19:00:44+00:00,0.775,clob_prices_history
63409286016973577903012142269621228305682014726736632772295861872995350316136,0x95783b62c693ea42d8613482a625828fc14a288e8e8440b974c54d42f4ffd04b,1776369631,2026-04-16T20:00:31+00:00,0.775,clob_prices_history
63409286016973577903012142269621228305682014726736632772295861872995350316136,0x95783b62c693ea42d8613482a625828fc14a288e8e8440b974c54d42f4ffd04b,1776373227,2026-04-16T21:00:27+00:00,0.775,clob_prices_history
63409286016973577903012142269621228305682014726736632772295861872995350316136,0x95783b62c693ea42d8613482a625828fc14a288e8e8440b974c54d42f4ffd04b,1776376846,2026-04-16T22:00:46+00:00,0.775,clob_prices_history
63409286016973577903012142269621228305682014726736632772295861872995350316136,0x95783b62c693ea42d8613482a625828fc14a288e8e8440b974c54d42f4ffd04b,1776380446,2026-04-16T23:00:46+00:00,0.775,clob_prices_history
63409286016973577903012142269621228305682014726736632772295861872995350316136,0x95783b62c693ea42d8613482a625828fc14a288e8e8440b974c54d42f4ffd04b,1776384057,2026-04-17T00:00:57+00:00,0.775,clob_prices_history
63409286016973577903012142269621228305682014726736632772295861872995350316136,0x95783b62c693ea42d8613482a625828fc14a288e8e8440b974c54d42f4ffd04b,1776387643,2026-04-17T01:00:43+00:00,0.775,clob_prices_history
63409286016973577903012142269621228305682014726736632772295861872995350316136,0x95783b62c693ea42d8613482a625828fc14a288e8e8440b974c54d42f4ffd04b,1776391247,2026-04-17T02:00:47+00:00,0.775,clob_prices_history
63409286016973577903012142269621228305682014726736632772295861872995350316136,0x95783b62c693ea42d8613482a625828fc14a288e8e8440b974c54d42f4ffd04b,1776394844,2026-04-17T03:00:44+00:00,0.775,clob_prices_history
63409286016973577903012142269621228305682014726736632772295861872995350316136,0x95783b62c693ea42d8613482a625828fc14a288e8e8440b974c54d42f4ffd04b,1776398439,2026-04-17T04:00:39+00:00,0.775,clob_prices_history
63409286016973577903012142269621228305682014726736632772295861872995350316136,0x95783b62c693ea42d8613482a625828fc14a288e8e8440b974c54d42f4ffd04b,1776402040,2026-04-17T05:00:40+00:00,0.775,clob_prices_history
63409286016973577903012142269621228305682014726736632772295861872995350316136,0x95783b62c693ea42d8613482a625828fc14a288e8e8440b974c54d42f4ffd04b,1776405648,2026-04-17T06:00:48+00:00,0.775,clob_prices_history
63409286016973577903012142269621228305682014726736632772295861872995350316136,0x95783b62c693ea42d8613482a625828fc14a288e8e8440b974c54d42f4ffd04b,1776409242,2026-04-17T07:00:42+00:00,0.775,clob_prices_history
63409286016973577903012142269621228305682014726736632772295861872995350316136,0x95783b62c693ea42d8613482a625828fc14a288e8e8440b974c54d42f4ffd04b,1776412856,2026-04-17T08:00:56+00:00,0.775,clob_prices_history
63409286016973577903012142269621228305682014726736632772295861872995350316136,0x95783b62c693ea42d8613482a625828fc14a288e8e8440b974c54d42f4ffd04b,1776416455,2026-04-17T09:00:55+00:00,0.775,clob_prices_history
63409286016973577903012142269621228305682014726736632772295861872995350316136,0x95783b62c693ea42d8613482a625828fc14a288e8e8440b974c54d42f4ffd04b,1776420046,2026-04-17T10:00:46+00:00,0.775,clob_prices_history
63409286016973577903012142269621228305682014726736632772295861872995350316136,0x95783b62c693ea42d8613482a625828fc14a288e8e8440b974c54d42f4ffd04b,1776423641,2026-04-17T11:00:41+00:00,0.775,clob_prices_history
63409286016973577903012142269621228305682014726736632772295861872995350316136,0x95783b62c693ea42d8613482a625828fc14a288e8e8440b974c54d42f4ffd04b,1776427252,2026-04-17T12:00:52+00:00,0.775,clob_prices_history
63409286016973577903012142269621228305682014726736632772295861872995350316136,0x95783b62c693ea42d8613482a625828fc14a288e8e8440b974c54d42f4ffd04b,1776430845,2026-04-17T13:00:45+00:00,0.775,clob_prices_history
63409286016973577903012142269621228305682014726736632772295861872995350316136,0x95783b62c693ea42d8613482a625828fc14a288e8e8440b974c54d42f4ffd04b,1776438000,2026-04-17T15:00:00+00:00,0.775,clob_prices_history
63409286016973577903012142269621228305682014726736632772295861872995350316136,0x95783b62c693ea42d8613482a625828fc14a288e8e8440b974c54d42f4ffd04b,1776441650,2026-04-17T16:00:50+00:00,0.775,clob_prices_history
63409286016973577903012142269621228305682014726736632772295861872995350316136,0x95783b62c693ea42d8613482a625828fc14a288e8e8440b974c54d42f4ffd04b,1776448810,2026-04-17T18:00:10+00:00,0.775,clob_prices_history
63409286016973577903012142269621228305682014726736632772295861872995350316136,0x95783b62c693ea42d8613482a625828fc14a288e8e8440b974c54d42f4ffd04b,1776452456,2026-04-17T19:00:56+00:00,0.775,clob_prices_history
63409286016973577903012142269621228305682014726736632772295861872995350316136,0x95783b62c693ea42d8613482a625828fc14a288e8e8440b974c54d42f4ffd04b,1776459652,2026-04-17T21:00:52+00:00,0.775,clob_prices_history
63409286016973577903012142269621228305682014726736632772295861872995350316136,0x95783b62c693ea42d8613482a625828fc14a288e8e8440b974c54d42f4ffd04b,1776463249,2026-04-17T22:00:49+00:00,0.775,clob_prices_history
63409286016973577903012142269621228305682014726736632772295861872995350316136,0x95783b62c693ea42d8613482a625828fc14a288e8e8440b974c54d42f4ffd04b,1776466844,2026-04-17T23:00:44+00:00,0.775,clob_prices_history
63409286016973577903012142269621228305682014726736632772295861872995350316136,0x95783b62c693ea42d8613482a625828fc14a288e8e8440b974c54d42f4ffd04b,1776474051,2026-04-18T01:00:51+00:00,0.775,clob_prices_history
63409286016973577903012142269621228305682014726736632772295861872995350316136,0x95783b62c693ea42d8613482a625828fc14a288e8e8440b974c54d42f4ffd04b,1776477653,2026-04-18T02:00:53+00:00,0.775,clob_prices_history
63409286016973577903012142269621228305682014726736632772295861872995350316136,0x95783b62c693ea42d8613482a625828fc14a288e8e8440b974c54d42f4ffd04b,1776484846,2026-04-18T04:00:46+00:00,0.775,clob_prices_history
63409286016973577903012142269621228305682014726736632772295861872995350316136,0x95783b62c693ea42d8613482a625828fc14a288e8e8440b974c54d42f4ffd04b,1776488450,2026-04-18T05:00:50+00:00,0.775,clob_prices_history
63409286016973577903012142269621228305682014726736632772295861872995350316136,0x95783b62c693ea42d8613482a625828fc14a288e8e8440b974c54d42f4ffd04b,1776492045,2026-04-18T06:00:45+00:00,0.775,clob_prices_history
63409286016973577903012142269621228305682014726736632772295861872995350316136,0x95783b62c693ea42d8613482a625828fc14a288e8e8440b974c54d42f4ffd04b,1776495640,2026-04-18T07:00:40+00:00,0.775,clob_prices_history
63409286016973577903012142269621228305682014726736632772295861872995350316136,0x95783b62c693ea42d8613482a625828fc14a288e8e8440b974c54d42f4ffd04b,1776499243,2026-04-18T08:00:43+00:00,0.775,clob_prices_history
63409286016973577903012142269621228305682014726736632772295861872995350316136,0x95783b62c693ea42d8613482a625828fc14a288e8e8440b974c54d42f4ffd04b,1776502830,2026-04-18T09:00:30+00:00,0.775,clob_prices_history
63409286016973577903012142269621228305682014726736632772295861872995350316136,0x95783b62c693ea42d8613482a625828fc14a288e8e8440b974c54d42f4ffd04b,1776506440,2026-04-18T10:00:40+00:00,0.775,clob_prices_history
63409286016973577903012142269621228305682014726736632772295861872995350316136,0x95783b62c693ea42d8613482a625828fc14a288e8e8440b974c54d42f4ffd04b,1776513653,2026-04-18T12:00:53+00:00,0.775,clob_prices_history
63409286016973577903012142269621228305682014726736632772295861872995350316136,0x95783b62c693ea42d8613482a625828fc14a288e8e8440b974c54d42f4ffd04b,1776517248,2026-04-18T13:00:48+00:00,0.775,clob_prices_history
63409286016973577903012142269621228305682014726736632772295861872995350316136,0x95783b62c693ea42d8613482a625828fc14a288e8e8440b974c54d42f4ffd04b,1776520846,2026-04-18T14:00:46+00:00,0.775,clob_prices_history
63409286016973577903012142269621228305682014726736632772295861872995350316136,0x95783b62c693ea42d8613482a625828fc14a288e8e8440b974c54d42f4ffd04b,1776528047,2026-04-18T16:00:47+00:00,0.775,clob_prices_history
63409286016973577903012142269621228305682014726736632772295861872995350316136,0x95783b62c693ea42d8613482a625828fc14a288e8e8440b974c54d42f4ffd04b,1776531641,2026-04-18T17:00:41+00:00,0.775,clob_prices_history
63409286016973577903012142269621228305682014726736632772295861872995350316136,0x95783b62c693ea42d8613482a625828fc14a288e8e8440b974c54d42f4ffd04b,1776538845,2026-04-18T19:00:45+00:00,0.775,clob_prices_history
63409286016973577903012142269621228305682014726736632772295861872995350316136,0x95783b62c693ea42d8613482a625828fc14a288e8e8440b974c54d42f4ffd04b,1776542453,2026-04-18T20:00:53+00:00,0.775,clob_prices_history
63409286016973577903012142269621228305682014726736632772295861872995350316136,0x95783b62c693ea42d8613482a625828fc14a288e8e8440b974c54d42f4ffd04b,1776546048,2026-04-18T21:00:48+00:00,0.775,clob_prices_history
63409286016973577903012142269621228305682014726736632772295861872995350316136,0x95783b62c693ea42d8613482a625828fc14a288e8e8440b974c54d42f4ffd04b,1776549643,2026-04-18T22:00:43+00:00,0.775,clob_prices_history
63409286016973577903012142269621228305682014726736632772295861872995350316136,0x95783b62c693ea42d8613482a625828fc14a288e8e8440b974c54d42f4ffd04b,1776553244,2026-04-18T23:00:44+00:00,0.775,clob_prices_history
63409286016973577903012142269621228305682014726736632772295861872995350316136,0x95783b62c693ea42d8613482a625828fc14a288e8e8440b974c54d42f4ffd04b,1776556847,2026-04-19T00:00:47+00:00,0.775,clob_prices_history
63409286016973577903012142269621228305682014726736632772295861872995350316136,0x95783b62c693ea42d8613482a625828fc14a288e8e8440b974c54d42f4ffd04b,1776560444,2026-04-19T01:00:44+00:00,0.775,clob_prices_history
63409286016973577903012142269621228305682014726736632772295861872995350316136,0x95783b62c693ea42d8613482a625828fc14a288e8e8440b974c54d42f4ffd04b,1776564041,2026-04-19T02:00:41+00:00,0.775,clob_prices_history
63409286016973577903012142269621228305682014726736632772295861872995350316136,0x95783b62c693ea42d8613482a625828fc14a288e8e8440b974c54d42f4ffd04b,1776567643,2026-04-19T03:00:43+00:00,0.775,clob_prices_history
63409286016973577903012142269621228305682014726736632772295861872995350316136,0x95783b62c693ea42d8613482a625828fc14a288e8e8440b974c54d42f4ffd04b,1776571251,2026-04-19T04:00:51+00:00,0.775,clob_prices_history
63409286016973577903012142269621228305682014726736632772295861872995350316136,0x95783b62c693ea42d8613482a625828fc14a288e8e8440b974c54d42f4ffd04b,1776574840,2026-04-19T05:00:40+00:00,0.775,clob_prices_history
63409286016973577903012142269621228305682014726736632772295861872995350316136,0x95783b62c693ea42d8613482a625828fc14a288e8e8440b974c54d42f4ffd04b,1776578446,2026-04-19T06:00:46+00:00,0.775,clob_prices_history
63409286016973577903012142269621228305682014726736632772295861872995350316136,0x95783b62c693ea42d8613482a625828fc14a288e8e8440b974c54d42f4ffd04b,1776582036,2026-04-19T07:00:36+00:00,0.775,clob_prices_history
63409286016973577903012142269621228305682014726736632772295861872995350316136,0x95783b62c693ea42d8613482a625828fc14a288e8e8440b974c54d42f4ffd04b,1776585650,2026-04-19T08:00:50+00:00,0.775,clob_prices_history
63409286016973577903012142269621228305682014726736632772295861872995350316136,0x95783b62c693ea42d8613482a625828fc14a288e8e8440b974c54d42f4ffd04b,1776589249,2026-04-19T09:00:49+00:00,0.775,clob_prices_history
63409286016973577903012142269621228305682014726736632772295861872995350316136,0x95783b62c693ea42d8613482a625828fc14a288e8e8440b974c54d42f4ffd04b,1776592844,2026-04-19T10:00:44+00:00,0.775,clob_prices_history
63409286016973577903012142269621228305682014726736632772295861872995350316136,0x95783b62c693ea42d8613482a625828fc14a288e8e8440b974c54d42f4ffd04b,1776596448,2026-04-19T11:00:48+00:00,0.775,clob_prices_history
63409286016973577903012142269621228305682014726736632772295861872995350316136,0x95783b62c693ea42d8613482a625828fc14a288e8e8440b974c54d42f4ffd04b,1776603645,2026-04-19T13:00:45+00:00,0.775,clob_prices_history
63409286016973577903012142269621228305682014726736632772295861872995350316136,0x95783b62c693ea42d8613482a625828fc14a288e8e8440b974c54d42f4ffd04b,1776607249,2026-04-19T14:00:49+00:00,0.775,clob_prices_history
63409286016973577903012142269621228305682014726736632772295861872995350316136,0x95783b62c693ea42d8613482a625828fc14a288e8e8440b974c54d42f4ffd04b,1776610854,2026-04-19T15:00:54+00:00,0.775,clob_prices_history
63409286016973577903012142269621228305682014726736632772295861872995350316136,0x95783b62c693ea42d8613482a625828fc14a288e8e8440b974c54d42f4ffd04b,1776618046,2026-04-19T17:00:46+00:00,0.775,clob_prices_history
63409286016973577903012142269621228305682014726736632772295861872995350316136,0x95783b62c693ea42d8613482a625828fc14a288e8e8440b974c54d42f4ffd04b,1776621653,2026-04-19T18:00:53+00:00,0.775,clob_prices_history
63409286016973577903012142269621228305682014726736632772295861872995350316136,0x95783b62c693ea42d8613482a625828fc14a288e8e8440b974c54d42f4ffd04b,1776625246,2026-04-19T19:00:46+00:00,0.775,clob_prices_history
63409286016973577903012142269621228305682014726736632772295861872995350316136,0x95783b62c693ea42d8613482a625828fc14a288e8e8440b974c54d42f4ffd04b,1776628848,2026-04-19T20:00:48+00:00,0.775,clob_prices_history
63409286016973577903012142269621228305682014726736632772295861872995350316136,0x95783b62c693ea42d8613482a625828fc14a288e8e8440b974c54d42f4ffd04b,1776632446,2026-04-19T21:00:46+00:00,0.775,clob_prices_history
63409286016973577903012142269621228305682014726736632772295861872995350316136,0x95783b62c693ea42d8613482a625828fc14a288e8e8440b974c54d42f4ffd04b,1776636047,2026-04-19T22:00:47+00:00,0.775,clob_prices_history
63409286016973577903012142269621228305682014726736632772295861872995350316136,0x95783b62c693ea42d8613482a625828fc14a288e8e8440b974c54d42f4ffd04b,1776639643,2026-04-19T23:00:43+00:00,0.775,clob_prices_history
63409286016973577903012142269621228305682014726736632772295861872995350316136,0x95783b62c693ea42d8613482a625828fc14a288e8e8440b974c54d42f4ffd04b,1776643249,2026-04-20T00:00:49+00:00,0.775,clob_prices_history
63409286016973577903012142269621228305682014726736632772295861872995350316136,0x95783b62c693ea42d8613482a625828fc14a288e8e8440b974c54d42f4ffd04b,1776646842,2026-04-20T01:00:42+00:00,0.775,clob_prices_history
63409286016973577903012142269621228305682014726736632772295861872995350316136,0x95783b62c693ea42d8613482a625828fc14a288e8e8440b974c54d42f4ffd04b,1776650441,2026-04-20T02:00:41+00:00,0.79,clob_prices_history
63409286016973577903012142269621228305682014726736632772295861872995350316136,0x95783b62c693ea42d8613482a625828fc14a288e8e8440b974c54d42f4ffd04b,1776654047,2026-04-20T03:00:47+00:00,0.775,clob_prices_history
63409286016973577903012142269621228305682014726736632772295861872995350316136,0x95783b62c693ea42d8613482a625828fc14a288e8e8440b974c54d42f4ffd04b,1776657640,2026-04-20T04:00:40+00:00,0.78,clob_prices_history
63409286016973577903012142269621228305682014726736632772295861872995350316136,0x95783b62c693ea42d8613482a625828fc14a288e8e8440b974c54d42f4ffd04b,1776661251,2026-04-20T05:00:51+00:00,0.775,clob_prices_history
63409286016973577903012142269621228305682014726736632772295861872995350316136,0x95783b62c693ea42d8613482a625828fc14a288e8e8440b974c54d42f4ffd04b,1776664848,2026-04-20T06:00:48+00:00,0.775,clob_prices_history
63409286016973577903012142269621228305682014726736632772295861872995350316136,0x95783b62c693ea42d8613482a625828fc14a288e8e8440b974c54d42f4ffd04b,1776668448,2026-04-20T07:00:48+00:00,0.78,clob_prices_history
63409286016973577903012142269621228305682014726736632772295861872995350316136,0x95783b62c693ea42d8613482a625828fc14a288e8e8440b974c54d42f4ffd04b,1776675652,2026-04-20T09:00:52+00:00,0.785,clob_prices_history
63409286016973577903012142269621228305682014726736632772295861872995350316136,0x95783b62c693ea42d8613482a625828fc14a288e8e8440b974c54d42f4ffd04b,1776679254,2026-04-20T10:00:54+00:00,0.785,clob_prices_history
63409286016973577903012142269621228305682014726736632772295861872995350316136,0x95783b62c693ea42d8613482a625828fc14a288e8e8440b974c54d42f4ffd04b,1776682851,2026-04-20T11:00:51+00:00,0.785,clob_prices_history
63409286016973577903012142269621228305682014726736632772295861872995350316136,0x95783b62c693ea42d8613482a625828fc14a288e8e8440b974c54d42f4ffd04b,1776686446,2026-04-20T12:00:46+00:00,0.785,clob_prices_history
63409286016973577903012142269621228305682014726736632772295861872995350316136,0x95783b62c693ea42d8613482a625828fc14a288e8e8440b974c54d42f4ffd04b,1776693657,2026-04-20T14:00:57+00:00,0.785,clob_prices_history
63409286016973577903012142269621228305682014726736632772295861872995350316136,0x95783b62c693ea42d8613482a625828fc14a288e8e8440b974c54d42f4ffd04b,1776697254,2026-04-20T15:00:54+00:00,0.775,clob_prices_history
63409286016973577903012142269621228305682014726736632772295861872995350316136,0x95783b62c693ea42d8613482a625828fc14a288e8e8440b974c54d42f4ffd04b,1776704454,2026-04-20T17:00:54+00:00,0.775,clob_prices_history
63409286016973577903012142269621228305682014726736632772295861872995350316136,0x95783b62c693ea42d8613482a625828fc14a288e8e8440b974c54d42f4ffd04b,1776708046,2026-04-20T18:00:46+00:00,0.78,clob_prices_history
63409286016973577903012142269621228305682014726736632772295861872995350316136,0x95783b62c693ea42d8613482a625828fc14a288e8e8440b974c54d42f4ffd04b,1776715242,2026-04-20T20:00:42+00:00,0.795,clob_prices_history
63409286016973577903012142269621228305682014726736632772295861872995350316136,0x95783b62c693ea42d8613482a625828fc14a288e8e8440b974c54d42f4ffd04b,1776722447,2026-04-20T22:00:47+00:00,0.785,clob_prices_history
63409286016973577903012142269621228305682014726736632772295861872995350316136,0x95783b62c693ea42d8613482a625828fc14a288e8e8440b974c54d42f4ffd04b,1776726056,2026-04-20T23:00:56+00:00,0.79,clob_prices_history
63409286016973577903012142269621228305682014726736632772295861872995350316136,0x95783b62c693ea42d8613482a625828fc14a288e8e8440b974c54d42f4ffd04b,1776729653,2026-04-21T00:00:53+00:00,0.79,clob_prices_history
63409286016973577903012142269621228305682014726736632772295861872995350316136,0x95783b62c693ea42d8613482a625828fc14a288e8e8440b974c54d42f4ffd04b,1776733249,2026-04-21T01:00:49+00:00,0.795,clob_prices_history
63409286016973577903012142269621228305682014726736632772295861872995350316136,0x95783b62c693ea42d8613482a625828fc14a288e8e8440b974c54d42f4ffd04b,1776736852,2026-04-21T02:00:52+00:00,0.795,clob_prices_history
63409286016973577903012142269621228305682014726736632772295861872995350316136,0x95783b62c693ea42d8613482a625828fc14a288e8e8440b974c54d42f4ffd04b,1776740448,2026-04-21T03:00:48+00:00,0.795,clob_prices_history
63409286016973577903012142269621228305682014726736632772295861872995350316136,0x95783b62c693ea42d8613482a625828fc14a288e8e8440b974c54d42f4ffd04b,1776744042,2026-04-21T04:00:42+00:00,0.795,clob_prices_history
63409286016973577903012142269621228305682014726736632772295861872995350316136,0x95783b62c693ea42d8613482a625828fc14a288e8e8440b974c54d42f4ffd04b,1776747657,2026-04-21T05:00:57+00:00,0.795,clob_prices_history
63409286016973577903012142269621228305682014726736632772295861872995350316136,0x95783b62c693ea42d8613482a625828fc14a288e8e8440b974c54d42f4ffd04b,1776754845,2026-04-21T07:00:45+00:00,0.8,clob_prices_history
63409286016973577903012142269621228305682014726736632772295861872995350316136,0x95783b62c693ea42d8613482a625828fc14a288e8e8440b974c54d42f4ffd04b,1776758404,2026-04-21T08:00:04+00:00,0.795,clob_prices_history
63409286016973577903012142269621228305682014726736632772295861872995350316136,0x95783b62c693ea42d8613482a625828fc14a288e8e8440b974c54d42f4ffd04b,1776762054,2026-04-21T09:00:54+00:00,0.795,clob_prices_history
63409286016973577903012142269621228305682014726736632772295861872995350316136,0x95783b62c693ea42d8613482a625828fc14a288e8e8440b974c54d42f4ffd04b,1776765618,2026-04-21T10:00:18+00:00,0.795,clob_prices_history
63409286016973577903012142269621228305682014726736632772295861872995350316136,0x95783b62c693ea42d8613482a625828fc14a288e8e8440b974c54d42f4ffd04b,1776769249,2026-04-21T11:00:49+00:00,0.79,clob_prices_history
63409286016973577903012142269621228305682014726736632772295861872995350316136,0x95783b62c693ea42d8613482a625828fc14a288e8e8440b974c54d42f4ffd04b,1776772852,2026-04-21T12:00:52+00:00,0.79,clob_prices_history
63409286016973577903012142269621228305682014726736632772295861872995350316136,0x95783b62c693ea42d8613482a625828fc14a288e8e8440b974c54d42f4ffd04b,1776780017,2026-04-21T14:00:17+00:00,0.79,clob_prices_history
63409286016973577903012142269621228305682014726736632772295861872995350316136,0x95783b62c693ea42d8613482a625828fc14a288e8e8440b974c54d42f4ffd04b,1776783651,2026-04-21T15:00:51+00:00,0.79,clob_prices_history
63409286016973577903012142269621228305682014726736632772295861872995350316136,0x95783b62c693ea42d8613482a625828fc14a288e8e8440b974c54d42f4ffd04b,1776787250,2026-04-21T16:00:50+00:00,0.79,clob_prices_history
63409286016973577903012142269621228305682014726736632772295861872995350316136,0x95783b62c693ea42d8613482a625828fc14a288e8e8440b974c54d42f4ffd04b,1776790809,2026-04-21T17:00:09+00:00,0.79,clob_prices_history
63409286016973577903012142269621228305682014726736632772295861872995350316136,0x95783b62c693ea42d8613482a625828fc14a288e8e8440b974c54d42f4ffd04b,1776794426,2026-04-21T18:00:26+00:00,0.785,clob_prices_history
63409286016973577903012142269621228305682014726736632772295861872995350316136,0x95783b62c693ea42d8613482a625828fc14a288e8e8440b974c54d42f4ffd04b,1776798026,2026-04-21T19:00:26+00:00,0.79,clob_prices_history
63409286016973577903012142269621228305682014726736632772295861872995350316136,0x95783b62c693ea42d8613482a625828fc14a288e8e8440b974c54d42f4ffd04b,1776808813,2026-04-21T22:00:13+00:00,0.79,clob_prices_history
63409286016973577903012142269621228305682014726736632772295861872995350316136,0x95783b62c693ea42d8613482a625828fc14a288e8e8440b974c54d42f4ffd04b,1776812442,2026-04-21T23:00:42+00:00,0.79,clob_prices_history
63409286016973577903012142269621228305682014726736632772295861872995350316136,0x95783b62c693ea42d8613482a625828fc14a288e8e8440b974c54d42f4ffd04b,1776816005,2026-04-22T00:00:05+00:00,0.8,clob_prices_history
63409286016973577903012142269621228305682014726736632772295861872995350316136,0x95783b62c693ea42d8613482a625828fc14a288e8e8440b974c54d42f4ffd04b,1776819605,2026-04-22T01:00:05+00:00,0.79,clob_prices_history
63409286016973577903012142269621228305682014726736632772295861872995350316136,0x95783b62c693ea42d8613482a625828fc14a288e8e8440b974c54d42f4ffd04b,1776823203,2026-04-22T02:00:03+00:00,0.785,clob_prices_history
63409286016973577903012142269621228305682014726736632772295861872995350316136,0x95783b62c693ea42d8613482a625828fc14a288e8e8440b974c54d42f4ffd04b,1776826804,2026-04-22T03:00:04+00:00,0.79,clob_prices_history
63409286016973577903012142269621228305682014726736632772295861872995350316136,0x95783b62c693ea42d8613482a625828fc14a288e8e8440b974c54d42f4ffd04b,1776830404,2026-04-22T04:00:04+00:00,0.79,clob_prices_history
63409286016973577903012142269621228305682014726736632772295861872995350316136,0x95783b62c693ea42d8613482a625828fc14a288e8e8440b974c54d42f4ffd04b,1776834006,2026-04-22T05:00:06+00:00,0.785,clob_prices_history
63409286016973577903012142269621228305682014726736632772295861872995350316136,0x95783b62c693ea42d8613482a625828fc14a288e8e8440b974c54d42f4ffd04b,1776837605,2026-04-22T06:00:05+00:00,0.78,clob_prices_history
63409286016973577903012142269621228305682014726736632772295861872995350316136,0x95783b62c693ea42d8613482a625828fc14a288e8e8440b974c54d42f4ffd04b,1776841203,2026-04-22T07:00:03+00:00,0.79,clob_prices_history
63409286016973577903012142269621228305682014726736632772295861872995350316136,0x95783b62c693ea42d8613482a625828fc14a288e8e8440b974c54d42f4ffd04b,1776844805,2026-04-22T08:00:05+00:00,0.785,clob_prices_history
63409286016973577903012142269621228305682014726736632772295861872995350316136,0x95783b62c693ea42d8613482a625828fc14a288e8e8440b974c54d42f4ffd04b,1776848404,2026-04-22T09:00:04+00:00,0.785,clob_prices_history
63409286016973577903012142269621228305682014726736632772295861872995350316136,0x95783b62c693ea42d8613482a625828fc14a288e8e8440b974c54d42f4ffd04b,1776852003,2026-04-22T10:00:03+00:00,0.785,clob_prices_history
63409286016973577903012142269621228305682014726736632772295861872995350316136,0x95783b62c693ea42d8613482a625828fc14a288e8e8440b974c54d42f4ffd04b,1776855605,2026-04-22T11:00:05+00:00,0.785,clob_prices_history
63409286016973577903012142269621228305682014726736632772295861872995350316136,0x95783b62c693ea42d8613482a625828fc14a288e8e8440b974c54d42f4ffd04b,1776859205,2026-04-22T12:00:05+00:00,0.785,clob_prices_history
63409286016973577903012142269621228305682014726736632772295861872995350316136,0x95783b62c693ea42d8613482a625828fc14a288e8e8440b974c54d42f4ffd04b,1776862803,2026-04-22T13:00:03+00:00,0.795,clob_prices_history
63409286016973577903012142269621228305682014726736632772295861872995350316136,0x95783b62c693ea42d8613482a625828fc14a288e8e8440b974c54d42f4ffd04b,1776866403,2026-04-22T14:00:03+00:00,0.79,clob_prices_history
63409286016973577903012142269621228305682014726736632772295861872995350316136,0x95783b62c693ea42d8613482a625828fc14a288e8e8440b974c54d42f4ffd04b,1776870004,2026-04-22T15:00:04+00:00,0.79,clob_prices_history
63409286016973577903012142269621228305682014726736632772295861872995350316136,0x95783b62c693ea42d8613482a625828fc14a288e8e8440b974c54d42f4ffd04b,1776873606,2026-04-22T16:00:06+00:00,0.78,clob_prices_history
63409286016973577903012142269621228305682014726736632772295861872995350316136,0x95783b62c693ea42d8613482a625828fc14a288e8e8440b974c54d42f4ffd04b,1776877207,2026-04-22T17:00:07+00:00,0.775,clob_prices_history
63409286016973577903012142269621228305682014726736632772295861872995350316136,0x95783b62c693ea42d8613482a625828fc14a288e8e8440b974c54d42f4ffd04b,1776880805,2026-04-22T18:00:05+00:00,0.775,clob_prices_history
63409286016973577903012142269621228305682014726736632772295861872995350316136,0x95783b62c693ea42d8613482a625828fc14a288e8e8440b974c54d42f4ffd04b,1776884403,2026-04-22T19:00:03+00:00,0.775,clob_prices_history
63409286016973577903012142269621228305682014726736632772295861872995350316136,0x95783b62c693ea42d8613482a625828fc14a288e8e8440b974c54d42f4ffd04b,1776888003,2026-04-22T20:00:03+00:00,0.775,clob_prices_history
63409286016973577903012142269621228305682014726736632772295861872995350316136,0x95783b62c693ea42d8613482a625828fc14a288e8e8440b974c54d42f4ffd04b,1776891604,2026-04-22T21:00:04+00:00,0.775,clob_prices_history
63409286016973577903012142269621228305682014726736632772295861872995350316136,0x95783b62c693ea42d8613482a625828fc14a288e8e8440b974c54d42f4ffd04b,1776895204,2026-04-22T22:00:04+00:00,0.775,clob_prices_history
63409286016973577903012142269621228305682014726736632772295861872995350316136,0x95783b62c693ea42d8613482a625828fc14a288e8e8440b974c54d42f4ffd04b,1776898805,2026-04-22T23:00:05+00:00,0.775,clob_prices_history
63409286016973577903012142269621228305682014726736632772295861872995350316136,0x95783b62c693ea42d8613482a625828fc14a288e8e8440b974c54d42f4ffd04b,1776902405,2026-04-23T00:00:05+00:00,0.775,clob_prices_history
63409286016973577903012142269621228305682014726736632772295861872995350316136,0x95783b62c693ea42d8613482a625828fc14a288e8e8440b974c54d42f4ffd04b,1776906019,2026-04-23T01:00:19+00:00,0.775,clob_prices_history
63409286016973577903012142269621228305682014726736632772295861872995350316136,0x95783b62c693ea42d8613482a625828fc14a288e8e8440b974c54d42f4ffd04b,1776909605,2026-04-23T02:00:05+00:00,0.775,clob_prices_history
63409286016973577903012142269621228305682014726736632772295861872995350316136,0x95783b62c693ea42d8613482a625828fc14a288e8e8440b974c54d42f4ffd04b,1776913205,2026-04-23T03:00:05+00:00,0.775,clob_prices_history
63409286016973577903012142269621228305682014726736632772295861872995350316136,0x95783b62c693ea42d8613482a625828fc14a288e8e8440b974c54d42f4ffd04b,1776916805,2026-04-23T04:00:05+00:00,0.775,clob_prices_history
63409286016973577903012142269621228305682014726736632772295861872995350316136,0x95783b62c693ea42d8613482a625828fc14a288e8e8440b974c54d42f4ffd04b,1776920404,2026-04-23T05:00:04+00:00,0.775,clob_prices_history
63409286016973577903012142269621228305682014726736632772295861872995350316136,0x95783b62c693ea42d8613482a625828fc14a288e8e8440b974c54d42f4ffd04b,1776924006,2026-04-23T06:00:06+00:00,0.775,clob_prices_history
63409286016973577903012142269621228305682014726736632772295861872995350316136,0x95783b62c693ea42d8613482a625828fc14a288e8e8440b974c54d42f4ffd04b,1776927605,2026-04-23T07:00:05+00:00,0.775,clob_prices_history
63409286016973577903012142269621228305682014726736632772295861872995350316136,0x95783b62c693ea42d8613482a625828fc14a288e8e8440b974c54d42f4ffd04b,1776931219,2026-04-23T08:00:19+00:00,0.795,clob_prices_history
63409286016973577903012142269621228305682014726736632772295861872995350316136,0x95783b62c693ea42d8613482a625828fc14a288e8e8440b974c54d42f4ffd04b,1776934804,2026-04-23T09:00:04+00:00,0.79,clob_prices_history
63409286016973577903012142269621228305682014726736632772295861872995350316136,0x95783b62c693ea42d8613482a625828fc14a288e8e8440b974c54d42f4ffd04b,1776938404,2026-04-23T10:00:04+00:00,0.785,clob_prices_history
63409286016973577903012142269621228305682014726736632772295861872995350316136,0x95783b62c693ea42d8613482a625828fc14a288e8e8440b974c54d42f4ffd04b,1776942004,2026-04-23T11:00:04+00:00,0.785,clob_prices_history
63409286016973577903012142269621228305682014726736632772295861872995350316136,0x95783b62c693ea42d8613482a625828fc14a288e8e8440b974c54d42f4ffd04b,1776945607,2026-04-23T12:00:07+00:00,0.785,clob_prices_history
63409286016973577903012142269621228305682014726736632772295861872995350316136,0x95783b62c693ea42d8613482a625828fc14a288e8e8440b974c54d42f4ffd04b,1776949207,2026-04-23T13:00:07+00:00,0.775,clob_prices_history
63409286016973577903012142269621228305682014726736632772295861872995350316136,0x95783b62c693ea42d8613482a625828fc14a288e8e8440b974c54d42f4ffd04b,1776952805,2026-04-23T14:00:05+00:00,0.775,clob_prices_history
63409286016973577903012142269621228305682014726736632772295861872995350316136,0x95783b62c693ea42d8613482a625828fc14a288e8e8440b974c54d42f4ffd04b,1776956404,2026-04-23T15:00:04+00:00,0.775,clob_prices_history
63409286016973577903012142269621228305682014726736632772295861872995350316136,0x95783b62c693ea42d8613482a625828fc14a288e8e8440b974c54d42f4ffd04b,1776960004,2026-04-23T16:00:04+00:00,0.775,clob_prices_history
63409286016973577903012142269621228305682014726736632772295861872995350316136,0x95783b62c693ea42d8613482a625828fc14a288e8e8440b974c54d42f4ffd04b,1776963604,2026-04-23T17:00:04+00:00,0.775,clob_prices_history
63409286016973577903012142269621228305682014726736632772295861872995350316136,0x95783b62c693ea42d8613482a625828fc14a288e8e8440b974c54d42f4ffd04b,1776967206,2026-04-23T18:00:06+00:00,0.775,clob_prices_history
63409286016973577903012142269621228305682014726736632772295861872995350316136,0x95783b62c693ea42d8613482a625828fc14a288e8e8440b974c54d42f4ffd04b,1776970807,2026-04-23T19:00:07+00:00,0.8,clob_prices_history
63409286016973577903012142269621228305682014726736632772295861872995350316136,0x95783b62c693ea42d8613482a625828fc14a288e8e8440b974c54d42f4ffd04b,1776974406,2026-04-23T20:00:06+00:00,0.785,clob_prices_history
63409286016973577903012142269621228305682014726736632772295861872995350316136,0x95783b62c693ea42d8613482a625828fc14a288e8e8440b974c54d42f4ffd04b,1776978007,2026-04-23T21:00:07+00:00,0.785,clob_prices_history
63409286016973577903012142269621228305682014726736632772295861872995350316136,0x95783b62c693ea42d8613482a625828fc14a288e8e8440b974c54d42f4ffd04b,1776981607,2026-04-23T22:00:07+00:00,0.785,clob_prices_history
63409286016973577903012142269621228305682014726736632772295861872995350316136,0x95783b62c693ea42d8613482a625828fc14a288e8e8440b974c54d42f4ffd04b,1776985206,2026-04-23T23:00:06+00:00,0.785,clob_prices_history
63409286016973577903012142269621228305682014726736632772295861872995350316136,0x95783b62c693ea42d8613482a625828fc14a288e8e8440b974c54d42f4ffd04b,1776988818,2026-04-24T00:00:18+00:00,0.775,clob_prices_history
63409286016973577903012142269621228305682014726736632772295861872995350316136,0x95783b62c693ea42d8613482a625828fc14a288e8e8440b974c54d42f4ffd04b,1776992405,2026-04-24T01:00:05+00:00,0.775,clob_prices_history
63409286016973577903012142269621228305682014726736632772295861872995350316136,0x95783b62c693ea42d8613482a625828fc14a288e8e8440b974c54d42f4ffd04b,1776996004,2026-04-24T02:00:04+00:00,0.785,clob_prices_history
63409286016973577903012142269621228305682014726736632772295861872995350316136,0x95783b62c693ea42d8613482a625828fc14a288e8e8440b974c54d42f4ffd04b,1776999615,2026-04-24T03:00:15+00:00,0.785,clob_prices_history
63409286016973577903012142269621228305682014726736632772295861872995350316136,0x95783b62c693ea42d8613482a625828fc14a288e8e8440b974c54d42f4ffd04b,1777003204,2026-04-24T04:00:04+00:00,0.79,clob_prices_history
63409286016973577903012142269621228305682014726736632772295861872995350316136,0x95783b62c693ea42d8613482a625828fc14a288e8e8440b974c54d42f4ffd04b,1777006805,2026-04-24T05:00:05+00:00,0.79,clob_prices_history
63409286016973577903012142269621228305682014726736632772295861872995350316136,0x95783b62c693ea42d8613482a625828fc14a288e8e8440b974c54d42f4ffd04b,1777010404,2026-04-24T06:00:04+00:00,0.79,clob_prices_history
63409286016973577903012142269621228305682014726736632772295861872995350316136,0x95783b62c693ea42d8613482a625828fc14a288e8e8440b974c54d42f4ffd04b,1777014003,2026-04-24T07:00:03+00:00,0.79,clob_prices_history
63409286016973577903012142269621228305682014726736632772295861872995350316136,0x95783b62c693ea42d8613482a625828fc14a288e8e8440b974c54d42f4ffd04b,1777017604,2026-04-24T08:00:04+00:00,0.79,clob_prices_history
63409286016973577903012142269621228305682014726736632772295861872995350316136,0x95783b62c693ea42d8613482a625828fc14a288e8e8440b974c54d42f4ffd04b,1777021204,2026-04-24T09:00:04+00:00,0.79,clob_prices_history
63409286016973577903012142269621228305682014726736632772295861872995350316136,0x95783b62c693ea42d8613482a625828fc14a288e8e8440b974c54d42f4ffd04b,1777024804,2026-04-24T10:00:04+00:00,0.79,clob_prices_history
63409286016973577903012142269621228305682014726736632772295861872995350316136,0x95783b62c693ea42d8613482a625828fc14a288e8e8440b974c54d42f4ffd04b,1777028404,2026-04-24T11:00:04+00:00,0.79,clob_prices_history
63409286016973577903012142269621228305682014726736632772295861872995350316136,0x95783b62c693ea42d8613482a625828fc14a288e8e8440b974c54d42f4ffd04b,1777032004,2026-04-24T12:00:04+00:00,0.79,clob_prices_history
63409286016973577903012142269621228305682014726736632772295861872995350316136,0x95783b62c693ea42d8613482a625828fc14a288e8e8440b974c54d42f4ffd04b,1777035604,2026-04-24T13:00:04+00:00,0.79,clob_prices_history
63409286016973577903012142269621228305682014726736632772295861872995350316136,0x95783b62c693ea42d8613482a625828fc14a288e8e8440b974c54d42f4ffd04b,1777039218,2026-04-24T14:00:18+00:00,0.79,clob_prices_history
63409286016973577903012142269621228305682014726736632772295861872995350316136,0x95783b62c693ea42d8613482a625828fc14a288e8e8440b974c54d42f4ffd04b,1777042804,2026-04-24T15:00:04+00:00,0.785,clob_prices_history
63409286016973577903012142269621228305682014726736632772295861872995350316136,0x95783b62c693ea42d8613482a625828fc14a288e8e8440b974c54d42f4ffd04b,1777046404,2026-04-24T16:00:04+00:00,0.785,clob_prices_history
63409286016973577903012142269621228305682014726736632772295861872995350316136,0x95783b62c693ea42d8613482a625828fc14a288e8e8440b974c54d42f4ffd04b,1777050004,2026-04-24T17:00:04+00:00,0.815,clob_prices_history
63409286016973577903012142269621228305682014726736632772295861872995350316136,0x95783b62c693ea42d8613482a625828fc14a288e8e8440b974c54d42f4ffd04b,1777053605,2026-04-24T18:00:05+00:00,0.8,clob_prices_history
63409286016973577903012142269621228305682014726736632772295861872995350316136,0x95783b62c693ea42d8613482a625828fc14a288e8e8440b974c54d42f4ffd04b,1777057203,2026-04-24T19:00:03+00:00,0.805,clob_prices_history
63409286016973577903012142269621228305682014726736632772295861872995350316136,0x95783b62c693ea42d8613482a625828fc14a288e8e8440b974c54d42f4ffd04b,1777060805,2026-04-24T20:00:05+00:00,0.79,clob_prices_history
63409286016973577903012142269621228305682014726736632772295861872995350316136,0x95783b62c693ea42d8613482a625828fc14a288e8e8440b974c54d42f4ffd04b,1777064404,2026-04-24T21:00:04+00:00,0.795,clob_prices_history
63409286016973577903012142269621228305682014726736632772295861872995350316136,0x95783b62c693ea42d8613482a625828fc14a288e8e8440b974c54d42f4ffd04b,1777068006,2026-04-24T22:00:06+00:00,0.795,clob_prices_history
63409286016973577903012142269621228305682014726736632772295861872995350316136,0x95783b62c693ea42d8613482a625828fc14a288e8e8440b974c54d42f4ffd04b,1777071604,2026-04-24T23:00:04+00:00,0.795,clob_prices_history
63409286016973577903012142269621228305682014726736632772295861872995350316136,0x95783b62c693ea42d8613482a625828fc14a288e8e8440b974c54d42f4ffd04b,1777075210,2026-04-25T00:00:10+00:00,0.795,clob_prices_history
63409286016973577903012142269621228305682014726736632772295861872995350316136,0x95783b62c693ea42d8613482a625828fc14a288e8e8440b974c54d42f4ffd04b,1777078804,2026-04-25T01:00:04+00:00,0.795,clob_prices_history
63409286016973577903012142269621228305682014726736632772295861872995350316136,0x95783b62c693ea42d8613482a625828fc14a288e8e8440b974c54d42f4ffd04b,1777082404,2026-04-25T02:00:04+00:00,0.785,clob_prices_history
63409286016973577903012142269621228305682014726736632772295861872995350316136,0x95783b62c693ea42d8613482a625828fc14a288e8e8440b974c54d42f4ffd04b,1777086005,2026-04-25T03:00:05+00:00,0.795,clob_prices_history
63409286016973577903012142269621228305682014726736632772295861872995350316136,0x95783b62c693ea42d8613482a625828fc14a288e8e8440b974c54d42f4ffd04b,1777089603,2026-04-25T04:00:03+00:00,0.795,clob_prices_history
63409286016973577903012142269621228305682014726736632772295861872995350316136,0x95783b62c693ea42d8613482a625828fc14a288e8e8440b974c54d42f4ffd04b,1777093204,2026-04-25T05:00:04+00:00,0.795,clob_prices_history
63409286016973577903012142269621228305682014726736632772295861872995350316136,0x95783b62c693ea42d8613482a625828fc14a288e8e8440b974c54d42f4ffd04b,1777096817,2026-04-25T06:00:17+00:00,0.805,clob_prices_history
63409286016973577903012142269621228305682014726736632772295861872995350316136,0x95783b62c693ea42d8613482a625828fc14a288e8e8440b974c54d42f4ffd04b,1777100407,2026-04-25T07:00:07+00:00,0.8,clob_prices_history
63409286016973577903012142269621228305682014726736632772295861872995350316136,0x95783b62c693ea42d8613482a625828fc14a288e8e8440b974c54d42f4ffd04b,1777104004,2026-04-25T08:00:04+00:00,0.8,clob_prices_history
63409286016973577903012142269621228305682014726736632772295861872995350316136,0x95783b62c693ea42d8613482a625828fc14a288e8e8440b974c54d42f4ffd04b,1777107608,2026-04-25T09:00:08+00:00,0.795,clob_prices_history
63409286016973577903012142269621228305682014726736632772295861872995350316136,0x95783b62c693ea42d8613482a625828fc14a288e8e8440b974c54d42f4ffd04b,1777111208,2026-04-25T10:00:08+00:00,0.795,clob_prices_history
63409286016973577903012142269621228305682014726736632772295861872995350316136,0x95783b62c693ea42d8613482a625828fc14a288e8e8440b974c54d42f4ffd04b,1777114806,2026-04-25T11:00:06+00:00,0.79,clob_prices_history
63409286016973577903012142269621228305682014726736632772295861872995350316136,0x95783b62c693ea42d8613482a625828fc14a288e8e8440b974c54d42f4ffd04b,1777118405,2026-04-25T12:00:05+00:00,0.785,clob_prices_history
63409286016973577903012142269621228305682014726736632772295861872995350316136,0x95783b62c693ea42d8613482a625828fc14a288e8e8440b974c54d42f4ffd04b,1777122005,2026-04-25T13:00:05+00:00,0.785,clob_prices_history
63409286016973577903012142269621228305682014726736632772295861872995350316136,0x95783b62c693ea42d8613482a625828fc14a288e8e8440b974c54d42f4ffd04b,1777125603,2026-04-25T14:00:03+00:00,0.785,clob_prices_history
63409286016973577903012142269621228305682014726736632772295861872995350316136,0x95783b62c693ea42d8613482a625828fc14a288e8e8440b974c54d42f4ffd04b,1777129204,2026-04-25T15:00:04+00:00,0.785,clob_prices_history
63409286016973577903012142269621228305682014726736632772295861872995350316136,0x95783b62c693ea42d8613482a625828fc14a288e8e8440b974c54d42f4ffd04b,1777132805,2026-04-25T16:00:05+00:00,0.785,clob_prices_history
63409286016973577903012142269621228305682014726736632772295861872995350316136,0x95783b62c693ea42d8613482a625828fc14a288e8e8440b974c54d42f4ffd04b,1777136417,2026-04-25T17:00:17+00:00,0.79,clob_prices_history
63409286016973577903012142269621228305682014726736632772295861872995350316136,0x95783b62c693ea42d8613482a625828fc14a288e8e8440b974c54d42f4ffd04b,1777140004,2026-04-25T18:00:04+00:00,0.795,clob_prices_history
63409286016973577903012142269621228305682014726736632772295861872995350316136,0x95783b62c693ea42d8613482a625828fc14a288e8e8440b974c54d42f4ffd04b,1777143604,2026-04-25T19:00:04+00:00,0.79,clob_prices_history
63409286016973577903012142269621228305682014726736632772295861872995350316136,0x95783b62c693ea42d8613482a625828fc14a288e8e8440b974c54d42f4ffd04b,1777147204,2026-04-25T20:00:04+00:00,0.805,clob_prices_history
63409286016973577903012142269621228305682014726736632772295861872995350316136,0x95783b62c693ea42d8613482a625828fc14a288e8e8440b974c54d42f4ffd04b,1777150806,2026-04-25T21:00:06+00:00,0.805,clob_prices_history
63409286016973577903012142269621228305682014726736632772295861872995350316136,0x95783b62c693ea42d8613482a625828fc14a288e8e8440b974c54d42f4ffd04b,1777154417,2026-04-25T22:00:17+00:00,0.805,clob_prices_history
63409286016973577903012142269621228305682014726736632772295861872995350316136,0x95783b62c693ea42d8613482a625828fc14a288e8e8440b974c54d42f4ffd04b,1777158004,2026-04-25T23:00:04+00:00,0.805,clob_prices_history
63409286016973577903012142269621228305682014726736632772295861872995350316136,0x95783b62c693ea42d8613482a625828fc14a288e8e8440b974c54d42f4ffd04b,1777161604,2026-04-26T00:00:04+00:00,0.805,clob_prices_history
63409286016973577903012142269621228305682014726736632772295861872995350316136,0x95783b62c693ea42d8613482a625828fc14a288e8e8440b974c54d42f4ffd04b,1777165206,2026-04-26T01:00:06+00:00,0.805,clob_prices_history
63409286016973577903012142269621228305682014726736632772295861872995350316136,0x95783b62c693ea42d8613482a625828fc14a288e8e8440b974c54d42f4ffd04b,1777168804,2026-04-26T02:00:04+00:00,0.81,clob_prices_history
63409286016973577903012142269621228305682014726736632772295861872995350316136,0x95783b62c693ea42d8613482a625828fc14a288e8e8440b974c54d42f4ffd04b,1777172421,2026-04-26T03:00:21+00:00,0.81,clob_prices_history
63409286016973577903012142269621228305682014726736632772295861872995350316136,0x95783b62c693ea42d8613482a625828fc14a288e8e8440b974c54d42f4ffd04b,1777176003,2026-04-26T04:00:03+00:00,0.81,clob_prices_history
63409286016973577903012142269621228305682014726736632772295861872995350316136,0x95783b62c693ea42d8613482a625828fc14a288e8e8440b974c54d42f4ffd04b,1777179604,2026-04-26T05:00:04+00:00,0.815,clob_prices_history
63409286016973577903012142269621228305682014726736632772295861872995350316136,0x95783b62c693ea42d8613482a625828fc14a288e8e8440b974c54d42f4ffd04b,1777183203,2026-04-26T06:00:03+00:00,0.815,clob_prices_history
63409286016973577903012142269621228305682014726736632772295861872995350316136,0x95783b62c693ea42d8613482a625828fc14a288e8e8440b974c54d42f4ffd04b,1777186804,2026-04-26T07:00:04+00:00,0.815,clob_prices_history
63409286016973577903012142269621228305682014726736632772295861872995350316136,0x95783b62c693ea42d8613482a625828fc14a288e8e8440b974c54d42f4ffd04b,1777190406,2026-04-26T08:00:06+00:00,0.815,clob_prices_history
63409286016973577903012142269621228305682014726736632772295861872995350316136,0x95783b62c693ea42d8613482a625828fc14a288e8e8440b974c54d42f4ffd04b,1777194004,2026-04-26T09:00:04+00:00,0.815,clob_prices_history
63409286016973577903012142269621228305682014726736632772295861872995350316136,0x95783b62c693ea42d8613482a625828fc14a288e8e8440b974c54d42f4ffd04b,1777197604,2026-04-26T10:00:04+00:00,0.815,clob_prices_history
63409286016973577903012142269621228305682014726736632772295861872995350316136,0x95783b62c693ea42d8613482a625828fc14a288e8e8440b974c54d42f4ffd04b,1777201204,2026-04-26T11:00:04+00:00,0.815,clob_prices_history
63409286016973577903012142269621228305682014726736632772295861872995350316136,0x95783b62c693ea42d8613482a625828fc14a288e8e8440b974c54d42f4ffd04b,1777204804,2026-04-26T12:00:04+00:00,0.815,clob_prices_history
63409286016973577903012142269621228305682014726736632772295861872995350316136,0x95783b62c693ea42d8613482a625828fc14a288e8e8440b974c54d42f4ffd04b,1777208405,2026-04-26T13:00:05+00:00,0.815,clob_prices_history
63409286016973577903012142269621228305682014726736632772295861872995350316136,0x95783b62c693ea42d8613482a625828fc14a288e8e8440b974c54d42f4ffd04b,1777212007,2026-04-26T14:00:07+00:00,0.815,clob_prices_history
63409286016973577903012142269621228305682014726736632772295861872995350316136,0x95783b62c693ea42d8613482a625828fc14a288e8e8440b974c54d42f4ffd04b,1777215603,2026-04-26T15:00:03+00:00,0.815,clob_prices_history
63409286016973577903012142269621228305682014726736632772295861872995350316136,0x95783b62c693ea42d8613482a625828fc14a288e8e8440b974c54d42f4ffd04b,1777219205,2026-04-26T16:00:05+00:00,0.815,clob_prices_history
63409286016973577903012142269621228305682014726736632772295861872995350316136,0x95783b62c693ea42d8613482a625828fc14a288e8e8440b974c54d42f4ffd04b,1777222804,2026-04-26T17:00:04+00:00,0.815,clob_prices_history
63409286016973577903012142269621228305682014726736632772295861872995350316136,0x95783b62c693ea42d8613482a625828fc14a288e8e8440b974c54d42f4ffd04b,1777226416,2026-04-26T18:00:16+00:00,0.815,clob_prices_history
63409286016973577903012142269621228305682014726736632772295861872995350316136,0x95783b62c693ea42d8613482a625828fc14a288e8e8440b974c54d42f4ffd04b,1777230004,2026-04-26T19:00:04+00:00,0.815,clob_prices_history
63409286016973577903012142269621228305682014726736632772295861872995350316136,0x95783b62c693ea42d8613482a625828fc14a288e8e8440b974c54d42f4ffd04b,1777233604,2026-04-26T20:00:04+00:00,0.815,clob_prices_history
63409286016973577903012142269621228305682014726736632772295861872995350316136,0x95783b62c693ea42d8613482a625828fc14a288e8e8440b974c54d42f4ffd04b,1777237206,2026-04-26T21:00:06+00:00,0.815,clob_prices_history
63409286016973577903012142269621228305682014726736632772295861872995350316136,0x95783b62c693ea42d8613482a625828fc14a288e8e8440b974c54d42f4ffd04b,1777240805,2026-04-26T22:00:05+00:00,0.815,clob_prices_history
63409286016973577903012142269621228305682014726736632772295861872995350316136,0x95783b62c693ea42d8613482a625828fc14a288e8e8440b974c54d42f4ffd04b,1777244403,2026-04-26T23:00:03+00:00,0.815,clob_prices_history
63409286016973577903012142269621228305682014726736632772295861872995350316136,0x95783b62c693ea42d8613482a625828fc14a288e8e8440b974c54d42f4ffd04b,1777248004,2026-04-27T00:00:04+00:00,0.815,clob_prices_history
63409286016973577903012142269621228305682014726736632772295861872995350316136,0x95783b62c693ea42d8613482a625828fc14a288e8e8440b974c54d42f4ffd04b,1777251604,2026-04-27T01:00:04+00:00,0.815,clob_prices_history
63409286016973577903012142269621228305682014726736632772295861872995350316136,0x95783b62c693ea42d8613482a625828fc14a288e8e8440b974c54d42f4ffd04b,1777255205,2026-04-27T02:00:05+00:00,0.815,clob_prices_history
63409286016973577903012142269621228305682014726736632772295861872995350316136,0x95783b62c693ea42d8613482a625828fc14a288e8e8440b974c54d42f4ffd04b,1777258803,2026-04-27T03:00:03+00:00,0.815,clob_prices_history
63409286016973577903012142269621228305682014726736632772295861872995350316136,0x95783b62c693ea42d8613482a625828fc14a288e8e8440b974c54d42f4ffd04b,1777262405,2026-04-27T04:00:05+00:00,0.815,clob_prices_history
63409286016973577903012142269621228305682014726736632772295861872995350316136,0x95783b62c693ea42d8613482a625828fc14a288e8e8440b974c54d42f4ffd04b,1777266004,2026-04-27T05:00:04+00:00,0.815,clob_prices_history
63409286016973577903012142269621228305682014726736632772295861872995350316136,0x95783b62c693ea42d8613482a625828fc14a288e8e8440b974c54d42f4ffd04b,1777269604,2026-04-27T06:00:04+00:00,0.81,clob_prices_history
63409286016973577903012142269621228305682014726736632772295861872995350316136,0x95783b62c693ea42d8613482a625828fc14a288e8e8440b974c54d42f4ffd04b,1777273205,2026-04-27T07:00:05+00:00,0.805,clob_prices_history
63409286016973577903012142269621228305682014726736632772295861872995350316136,0x95783b62c693ea42d8613482a625828fc14a288e8e8440b974c54d42f4ffd04b,1777276817,2026-04-27T08:00:17+00:00,0.81,clob_prices_history
63409286016973577903012142269621228305682014726736632772295861872995350316136,0x95783b62c693ea42d8613482a625828fc14a288e8e8440b974c54d42f4ffd04b,1777280403,2026-04-27T09:00:03+00:00,0.81,clob_prices_history
63409286016973577903012142269621228305682014726736632772295861872995350316136,0x95783b62c693ea42d8613482a625828fc14a288e8e8440b974c54d42f4ffd04b,1777284004,2026-04-27T10:00:04+00:00,0.81,clob_prices_history
63409286016973577903012142269621228305682014726736632772295861872995350316136,0x95783b62c693ea42d8613482a625828fc14a288e8e8440b974c54d42f4ffd04b,1777287603,2026-04-27T11:00:03+00:00,0.805,clob_prices_history
63409286016973577903012142269621228305682014726736632772295861872995350316136,0x95783b62c693ea42d8613482a625828fc14a288e8e8440b974c54d42f4ffd04b,1777291215,2026-04-27T12:00:15+00:00,0.81,clob_prices_history
63409286016973577903012142269621228305682014726736632772295861872995350316136,0x95783b62c693ea42d8613482a625828fc14a288e8e8440b974c54d42f4ffd04b,1777294803,2026-04-27T13:00:03+00:00,0.81,clob_prices_history
63409286016973577903012142269621228305682014726736632772295861872995350316136,0x95783b62c693ea42d8613482a625828fc14a288e8e8440b974c54d42f4ffd04b,1777298405,2026-04-27T14:00:05+00:00,0.81,clob_prices_history
63409286016973577903012142269621228305682014726736632772295861872995350316136,0x95783b62c693ea42d8613482a625828fc14a288e8e8440b974c54d42f4ffd04b,1777302005,2026-04-27T15:00:05+00:00,0.81,clob_prices_history
63409286016973577903012142269621228305682014726736632772295861872995350316136,0x95783b62c693ea42d8613482a625828fc14a288e8e8440b974c54d42f4ffd04b,1777305606,2026-04-27T16:00:06+00:00,0.805,clob_prices_history
63409286016973577903012142269621228305682014726736632772295861872995350316136,0x95783b62c693ea42d8613482a625828fc14a288e8e8440b974c54d42f4ffd04b,1777309204,2026-04-27T17:00:04+00:00,0.805,clob_prices_history
63409286016973577903012142269621228305682014726736632772295861872995350316136,0x95783b62c693ea42d8613482a625828fc14a288e8e8440b974c54d42f4ffd04b,1777312817,2026-04-27T18:00:17+00:00,0.81,clob_prices_history
63409286016973577903012142269621228305682014726736632772295861872995350316136,0x95783b62c693ea42d8613482a625828fc14a288e8e8440b974c54d42f4ffd04b,1777316418,2026-04-27T19:00:18+00:00,0.805,clob_prices_history
63409286016973577903012142269621228305682014726736632772295861872995350316136,0x95783b62c693ea42d8613482a625828fc14a288e8e8440b974c54d42f4ffd04b,1777320004,2026-04-27T20:00:04+00:00,0.805,clob_prices_history
63409286016973577903012142269621228305682014726736632772295861872995350316136,0x95783b62c693ea42d8613482a625828fc14a288e8e8440b974c54d42f4ffd04b,1777323618,2026-04-27T21:00:18+00:00,0.81,clob_prices_history
63409286016973577903012142269621228305682014726736632772295861872995350316136,0x95783b62c693ea42d8613482a625828fc14a288e8e8440b974c54d42f4ffd04b,1777327204,2026-04-27T22:00:04+00:00,0.805,clob_prices_history
63409286016973577903012142269621228305682014726736632772295861872995350316136,0x95783b62c693ea42d8613482a625828fc14a288e8e8440b974c54d42f4ffd04b,1777330803,2026-04-27T23:00:03+00:00,0.805,clob_prices_history
63409286016973577903012142269621228305682014726736632772295861872995350316136,0x95783b62c693ea42d8613482a625828fc14a288e8e8440b974c54d42f4ffd04b,1777334404,2026-04-28T00:00:04+00:00,0.81,clob_prices_history
63409286016973577903012142269621228305682014726736632772295861872995350316136,0x95783b62c693ea42d8613482a625828fc14a288e8e8440b974c54d42f4ffd04b,1777338004,2026-04-28T01:00:04+00:00,0.805,clob_prices_history
63409286016973577903012142269621228305682014726736632772295861872995350316136,0x95783b62c693ea42d8613482a625828fc14a288e8e8440b974c54d42f4ffd04b,1777341604,2026-04-28T02:00:04+00:00,0.805,clob_prices_history
63409286016973577903012142269621228305682014726736632772295861872995350316136,0x95783b62c693ea42d8613482a625828fc14a288e8e8440b974c54d42f4ffd04b,1777345203,2026-04-28T03:00:03+00:00,0.805,clob_prices_history
63409286016973577903012142269621228305682014726736632772295861872995350316136,0x95783b62c693ea42d8613482a625828fc14a288e8e8440b974c54d42f4ffd04b,1777348805,2026-04-28T04:00:05+00:00,0.805,clob_prices_history
63409286016973577903012142269621228305682014726736632772295861872995350316136,0x95783b62c693ea42d8613482a625828fc14a288e8e8440b974c54d42f4ffd04b,1777352404,2026-04-28T05:00:04+00:00,0.805,clob_prices_history
63409286016973577903012142269621228305682014726736632772295861872995350316136,0x95783b62c693ea42d8613482a625828fc14a288e8e8440b974c54d42f4ffd04b,1777356003,2026-04-28T06:00:03+00:00,0.805,clob_prices_history
63409286016973577903012142269621228305682014726736632772295861872995350316136,0x95783b62c693ea42d8613482a625828fc14a288e8e8440b974c54d42f4ffd04b,1777359616,2026-04-28T07:00:16+00:00,0.805,clob_prices_history
63409286016973577903012142269621228305682014726736632772295861872995350316136,0x95783b62c693ea42d8613482a625828fc14a288e8e8440b974c54d42f4ffd04b,1777363204,2026-04-28T08:00:04+00:00,0.81,clob_prices_history
63409286016973577903012142269621228305682014726736632772295861872995350316136,0x95783b62c693ea42d8613482a625828fc14a288e8e8440b974c54d42f4ffd04b,1777366805,2026-04-28T09:00:05+00:00,0.81,clob_prices_history
63409286016973577903012142269621228305682014726736632772295861872995350316136,0x95783b62c693ea42d8613482a625828fc14a288e8e8440b974c54d42f4ffd04b,1777370403,2026-04-28T10:00:03+00:00,0.805,clob_prices_history
63409286016973577903012142269621228305682014726736632772295861872995350316136,0x95783b62c693ea42d8613482a625828fc14a288e8e8440b974c54d42f4ffd04b,1777374003,2026-04-28T11:00:03+00:00,0.805,clob_prices_history
63409286016973577903012142269621228305682014726736632772295861872995350316136,0x95783b62c693ea42d8613482a625828fc14a288e8e8440b974c54d42f4ffd04b,1777377603,2026-04-28T12:00:03+00:00,0.805,clob_prices_history
63409286016973577903012142269621228305682014726736632772295861872995350316136,0x95783b62c693ea42d8613482a625828fc14a288e8e8440b974c54d42f4ffd04b,1777381204,2026-04-28T13:00:04+00:00,0.83,clob_prices_history
63409286016973577903012142269621228305682014726736632772295861872995350316136,0x95783b62c693ea42d8613482a625828fc14a288e8e8440b974c54d42f4ffd04b,1777384804,2026-04-28T14:00:04+00:00,0.815,clob_prices_history
63409286016973577903012142269621228305682014726736632772295861872995350316136,0x95783b62c693ea42d8613482a625828fc14a288e8e8440b974c54d42f4ffd04b,1777388404,2026-04-28T15:00:04+00:00,0.81,clob_prices_history
63409286016973577903012142269621228305682014726736632772295861872995350316136,0x95783b62c693ea42d8613482a625828fc14a288e8e8440b974c54d42f4ffd04b,1777392003,2026-04-28T16:00:03+00:00,0.815,clob_prices_history
63409286016973577903012142269621228305682014726736632772295861872995350316136,0x95783b62c693ea42d8613482a625828fc14a288e8e8440b974c54d42f4ffd04b,1777395604,2026-04-28T17:00:04+00:00,0.815,clob_prices_history
63409286016973577903012142269621228305682014726736632772295861872995350316136,0x95783b62c693ea42d8613482a625828fc14a288e8e8440b974c54d42f4ffd04b,1777399204,2026-04-28T18:00:04+00:00,0.815,clob_prices_history
63409286016973577903012142269621228305682014726736632772295861872995350316136,0x95783b62c693ea42d8613482a625828fc14a288e8e8440b974c54d42f4ffd04b,1777402805,2026-04-28T19:00:05+00:00,0.815,clob_prices_history
63409286016973577903012142269621228305682014726736632772295861872995350316136,0x95783b62c693ea42d8613482a625828fc14a288e8e8440b974c54d42f4ffd04b,1777406418,2026-04-28T20:00:18+00:00,0.815,clob_prices_history
63409286016973577903012142269621228305682014726736632772295861872995350316136,0x95783b62c693ea42d8613482a625828fc14a288e8e8440b974c54d42f4ffd04b,1777410003,2026-04-28T21:00:03+00:00,0.815,clob_prices_history
63409286016973577903012142269621228305682014726736632772295861872995350316136,0x95783b62c693ea42d8613482a625828fc14a288e8e8440b974c54d42f4ffd04b,1777413618,2026-04-28T22:00:18+00:00,0.82,clob_prices_history
63409286016973577903012142269621228305682014726736632772295861872995350316136,0x95783b62c693ea42d8613482a625828fc14a288e8e8440b974c54d42f4ffd04b,1777417204,2026-04-28T23:00:04+00:00,0.82,clob_prices_history
63409286016973577903012142269621228305682014726736632772295861872995350316136,0x95783b62c693ea42d8613482a625828fc14a288e8e8440b974c54d42f4ffd04b,1777420803,2026-04-29T00:00:03+00:00,0.815,clob_prices_history
63409286016973577903012142269621228305682014726736632772295861872995350316136,0x95783b62c693ea42d8613482a625828fc14a288e8e8440b974c54d42f4ffd04b,1777424404,2026-04-29T01:00:04+00:00,0.815,clob_prices_history
63409286016973577903012142269621228305682014726736632772295861872995350316136,0x95783b62c693ea42d8613482a625828fc14a288e8e8440b974c54d42f4ffd04b,1777428004,2026-04-29T02:00:04+00:00,0.815,clob_prices_history
63409286016973577903012142269621228305682014726736632772295861872995350316136,0x95783b62c693ea42d8613482a625828fc14a288e8e8440b974c54d42f4ffd04b,1777431603,2026-04-29T03:00:03+00:00,0.815,clob_prices_history
63409286016973577903012142269621228305682014726736632772295861872995350316136,0x95783b62c693ea42d8613482a625828fc14a288e8e8440b974c54d42f4ffd04b,1777435203,2026-04-29T04:00:03+00:00,0.815,clob_prices_history
63409286016973577903012142269621228305682014726736632772295861872995350316136,0x95783b62c693ea42d8613482a625828fc14a288e8e8440b974c54d42f4ffd04b,1777438804,2026-04-29T05:00:04+00:00,0.815,clob_prices_history
63409286016973577903012142269621228305682014726736632772295861872995350316136,0x95783b62c693ea42d8613482a625828fc14a288e8e8440b974c54d42f4ffd04b,1777442403,2026-04-29T06:00:03+00:00,0.815,clob_prices_history
63409286016973577903012142269621228305682014726736632772295861872995350316136,0x95783b62c693ea42d8613482a625828fc14a288e8e8440b974c54d42f4ffd04b,1777446015,2026-04-29T07:00:15+00:00,0.815,clob_prices_history
63409286016973577903012142269621228305682014726736632772295861872995350316136,0x95783b62c693ea42d8613482a625828fc14a288e8e8440b974c54d42f4ffd04b,1777449603,2026-04-29T08:00:03+00:00,0.815,clob_prices_history
63409286016973577903012142269621228305682014726736632772295861872995350316136,0x95783b62c693ea42d8613482a625828fc14a288e8e8440b974c54d42f4ffd04b,1777453203,2026-04-29T09:00:03+00:00,0.815,clob_prices_history
63409286016973577903012142269621228305682014726736632772295861872995350316136,0x95783b62c693ea42d8613482a625828fc14a288e8e8440b974c54d42f4ffd04b,1777456803,2026-04-29T10:00:03+00:00,0.815,clob_prices_history
63409286016973577903012142269621228305682014726736632772295861872995350316136,0x95783b62c693ea42d8613482a625828fc14a288e8e8440b974c54d42f4ffd04b,1777460403,2026-04-29T11:00:03+00:00,0.815,clob_prices_history
63409286016973577903012142269621228305682014726736632772295861872995350316136,0x95783b62c693ea42d8613482a625828fc14a288e8e8440b974c54d42f4ffd04b,1777464004,2026-04-29T12:00:04+00:00,0.815,clob_prices_history
63409286016973577903012142269621228305682014726736632772295861872995350316136,0x95783b62c693ea42d8613482a625828fc14a288e8e8440b974c54d42f4ffd04b,1777467604,2026-04-29T13:00:04+00:00,0.815,clob_prices_history
63409286016973577903012142269621228305682014726736632772295861872995350316136,0x95783b62c693ea42d8613482a625828fc14a288e8e8440b974c54d42f4ffd04b,1777471203,2026-04-29T14:00:03+00:00,0.805,clob_prices_history
63409286016973577903012142269621228305682014726736632772295861872995350316136,0x95783b62c693ea42d8613482a625828fc14a288e8e8440b974c54d42f4ffd04b,1777474804,2026-04-29T15:00:04+00:00,0.795,clob_prices_history
63409286016973577903012142269621228305682014726736632772295861872995350316136,0x95783b62c693ea42d8613482a625828fc14a288e8e8440b974c54d42f4ffd04b,1777478404,2026-04-29T16:00:04+00:00,0.8,clob_prices_history
63409286016973577903012142269621228305682014726736632772295861872995350316136,0x95783b62c693ea42d8613482a625828fc14a288e8e8440b974c54d42f4ffd04b,1777482003,2026-04-29T17:00:03+00:00,0.8,clob_prices_history
63409286016973577903012142269621228305682014726736632772295861872995350316136,0x95783b62c693ea42d8613482a625828fc14a288e8e8440b974c54d42f4ffd04b,1777485604,2026-04-29T18:00:04+00:00,0.8,clob_prices_history
63409286016973577903012142269621228305682014726736632772295861872995350316136,0x95783b62c693ea42d8613482a625828fc14a288e8e8440b974c54d42f4ffd04b,1777489204,2026-04-29T19:00:04+00:00,0.8,clob_prices_history
63409286016973577903012142269621228305682014726736632772295861872995350316136,0x95783b62c693ea42d8613482a625828fc14a288e8e8440b974c54d42f4ffd04b,1777492803,2026-04-29T20:00:03+00:00,0.805,clob_prices_history
63409286016973577903012142269621228305682014726736632772295861872995350316136,0x95783b62c693ea42d8613482a625828fc14a288e8e8440b974c54d42f4ffd04b,1777496416,2026-04-29T21:00:16+00:00,0.8,clob_prices_history
63409286016973577903012142269621228305682014726736632772295861872995350316136,0x95783b62c693ea42d8613482a625828fc14a288e8e8440b974c54d42f4ffd04b,1777500005,2026-04-29T22:00:05+00:00,0.81,clob_prices_history
63409286016973577903012142269621228305682014726736632772295861872995350316136,0x95783b62c693ea42d8613482a625828fc14a288e8e8440b974c54d42f4ffd04b,1777503604,2026-04-29T23:00:04+00:00,0.805,clob_prices_history
63409286016973577903012142269621228305682014726736632772295861872995350316136,0x95783b62c693ea42d8613482a625828fc14a288e8e8440b974c54d42f4ffd04b,1777507205,2026-04-30T00:00:05+00:00,0.805,clob_prices_history
63409286016973577903012142269621228305682014726736632772295861872995350316136,0x95783b62c693ea42d8613482a625828fc14a288e8e8440b974c54d42f4ffd04b,1777510820,2026-04-30T01:00:20+00:00,0.81,clob_prices_history
63409286016973577903012142269621228305682014726736632772295861872995350316136,0x95783b62c693ea42d8613482a625828fc14a288e8e8440b974c54d42f4ffd04b,1777514403,2026-04-30T02:00:03+00:00,0.805,clob_prices_history
63409286016973577903012142269621228305682014726736632772295861872995350316136,0x95783b62c693ea42d8613482a625828fc14a288e8e8440b974c54d42f4ffd04b,1777518004,2026-04-30T03:00:04+00:00,0.805,clob_prices_history
63409286016973577903012142269621228305682014726736632772295861872995350316136,0x95783b62c693ea42d8613482a625828fc14a288e8e8440b974c54d42f4ffd04b,1777521603,2026-04-30T04:00:03+00:00,0.805,clob_prices_history
63409286016973577903012142269621228305682014726736632772295861872995350316136,0x95783b62c693ea42d8613482a625828fc14a288e8e8440b974c54d42f4ffd04b,1777525204,2026-04-30T05:00:04+00:00,0.805,clob_prices_history
63409286016973577903012142269621228305682014726736632772295861872995350316136,0x95783b62c693ea42d8613482a625828fc14a288e8e8440b974c54d42f4ffd04b,1777528804,2026-04-30T06:00:04+00:00,0.805,clob_prices_history
63409286016973577903012142269621228305682014726736632772295861872995350316136,0x95783b62c693ea42d8613482a625828fc14a288e8e8440b974c54d42f4ffd04b,1777532404,2026-04-30T07:00:04+00:00,0.805,clob_prices_history
63409286016973577903012142269621228305682014726736632772295861872995350316136,0x95783b62c693ea42d8613482a625828fc14a288e8e8440b974c54d42f4ffd04b,1777536003,2026-04-30T08:00:03+00:00,0.805,clob_prices_history
63409286016973577903012142269621228305682014726736632772295861872995350316136,0x95783b62c693ea42d8613482a625828fc14a288e8e8440b974c54d42f4ffd04b,1777539606,2026-04-30T09:00:06+00:00,0.805,clob_prices_history
63409286016973577903012142269621228305682014726736632772295861872995350316136,0x95783b62c693ea42d8613482a625828fc14a288e8e8440b974c54d42f4ffd04b,1777543215,2026-04-30T10:00:15+00:00,0.805,clob_prices_history
63409286016973577903012142269621228305682014726736632772295861872995350316136,0x95783b62c693ea42d8613482a625828fc14a288e8e8440b974c54d42f4ffd04b,1777546817,2026-04-30T11:00:17+00:00,0.805,clob_prices_history
63409286016973577903012142269621228305682014726736632772295861872995350316136,0x95783b62c693ea42d8613482a625828fc14a288e8e8440b974c54d42f4ffd04b,1777550404,2026-04-30T12:00:04+00:00,0.805,clob_prices_history
63409286016973577903012142269621228305682014726736632772295861872995350316136,0x95783b62c693ea42d8613482a625828fc14a288e8e8440b974c54d42f4ffd04b,1777554004,2026-04-30T13:00:04+00:00,0.805,clob_prices_history
63409286016973577903012142269621228305682014726736632772295861872995350316136,0x95783b62c693ea42d8613482a625828fc14a288e8e8440b974c54d42f4ffd04b,1777557605,2026-04-30T14:00:05+00:00,0.805,clob_prices_history
63409286016973577903012142269621228305682014726736632772295861872995350316136,0x95783b62c693ea42d8613482a625828fc14a288e8e8440b974c54d42f4ffd04b,1777561206,2026-04-30T15:00:06+00:00,0.81,clob_prices_history
63409286016973577903012142269621228305682014726736632772295861872995350316136,0x95783b62c693ea42d8613482a625828fc14a288e8e8440b974c54d42f4ffd04b,1777563124,2026-04-30T15:32:04+00:00,0.81,clob_prices_history
