asset,conditionId,timestamp,timestamp_utc,price,source
52035147432985774092509040925165515760899062720939921734142361138587845236034,0xb215decbedd846168842f6e207f09bd5f50ce51d2191f238887d976ec21b6f66,1775002547,2026-04-01T00:15:47+00:00,0.055,clob_prices_history
52035147432985774092509040925165515760899062720939921734142361138587845236034,0xb215decbedd846168842f6e207f09bd5f50ce51d2191f238887d976ec21b6f66,1775004347,2026-04-01T00:45:47+00:00,0.055,clob_prices_history
52035147432985774092509040925165515760899062720939921734142361138587845236034,0xb215decbedd846168842f6e207f09bd5f50ce51d2191f238887d976ec21b6f66,1775005251,2026-04-01T01:00:51+00:00,0.055,clob_prices_history
52035147432985774092509040925165515760899062720939921734142361138587845236034,0xb215decbedd846168842f6e207f09bd5f50ce51d2191f238887d976ec21b6f66,1775006152,2026-04-01T01:15:52+00:00,0.055,clob_prices_history
52035147432985774092509040925165515760899062720939921734142361138587845236034,0xb215decbedd846168842f6e207f09bd5f50ce51d2191f238887d976ec21b6f66,1775007052,2026-04-01T01:30:52+00:00,0.055,clob_prices_history
52035147432985774092509040925165515760899062720939921734142361138587845236034,0xb215decbedd846168842f6e207f09bd5f50ce51d2191f238887d976ec21b6f66,1775007953,2026-04-01T01:45:53+00:00,0.055,clob_prices_history
52035147432985774092509040925165515760899062720939921734142361138587845236034,0xb215decbedd846168842f6e207f09bd5f50ce51d2191f238887d976ec21b6f66,1775008855,2026-04-01T02:00:55+00:00,0.055,clob_prices_history
52035147432985774092509040925165515760899062720939921734142361138587845236034,0xb215decbedd846168842f6e207f09bd5f50ce51d2191f238887d976ec21b6f66,1775010651,2026-04-01T02:30:51+00:00,0.055,clob_prices_history
52035147432985774092509040925165515760899062720939921734142361138587845236034,0xb215decbedd846168842f6e207f09bd5f50ce51d2191f238887d976ec21b6f66,1775011550,2026-04-01T02:45:50+00:00,0.055,clob_prices_history
52035147432985774092509040925165515760899062720939921734142361138587845236034,0xb215decbedd846168842f6e207f09bd5f50ce51d2191f238887d976ec21b6f66,1775013349,2026-04-01T03:15:49+00:00,0.055,clob_prices_history
52035147432985774092509040925165515760899062720939921734142361138587845236034,0xb215decbedd846168842f6e207f09bd5f50ce51d2191f238887d976ec21b6f66,1775014252,2026-04-01T03:30:52+00:00,0.055,clob_prices_history
52035147432985774092509040925165515760899062720939921734142361138587845236034,0xb215decbedd846168842f6e207f09bd5f50ce51d2191f238887d976ec21b6f66,1775015147,2026-04-01T03:45:47+00:00,0.055,clob_prices_history
52035147432985774092509040925165515760899062720939921734142361138587845236034,0xb215decbedd846168842f6e207f09bd5f50ce51d2191f238887d976ec21b6f66,1775016949,2026-04-01T04:15:49+00:00,0.055,clob_prices_history
52035147432985774092509040925165515760899062720939921734142361138587845236034,0xb215decbedd846168842f6e207f09bd5f50ce51d2191f238887d976ec21b6f66,1775017852,2026-04-01T04:30:52+00:00,0.055,clob_prices_history
52035147432985774092509040925165515760899062720939921734142361138587845236034,0xb215decbedd846168842f6e207f09bd5f50ce51d2191f238887d976ec21b6f66,1775018748,2026-04-01T04:45:48+00:00,0.055,clob_prices_history
52035147432985774092509040925165515760899062720939921734142361138587845236034,0xb215decbedd846168842f6e207f09bd5f50ce51d2191f238887d976ec21b6f66,1775019651,2026-04-01T05:00:51+00:00,0.055,clob_prices_history
52035147432985774092509040925165515760899062720939921734142361138587845236034,0xb215decbedd846168842f6e207f09bd5f50ce51d2191f238887d976ec21b6f66,1775020551,2026-04-01T05:15:51+00:00,0.055,clob_prices_history
52035147432985774092509040925165515760899062720939921734142361138587845236034,0xb215decbedd846168842f6e207f09bd5f50ce51d2191f238887d976ec21b6f66,1775021408,2026-04-01T05:30:08+00:00,0.055,clob_prices_history
52035147432985774092509040925165515760899062720939921734142361138587845236034,0xb215decbedd846168842f6e207f09bd5f50ce51d2191f238887d976ec21b6f66,1775022357,2026-04-01T05:45:57+00:00,0.055,clob_prices_history
52035147432985774092509040925165515760899062720939921734142361138587845236034,0xb215decbedd846168842f6e207f09bd5f50ce51d2191f238887d976ec21b6f66,1775023256,2026-04-01T06:00:56+00:00,0.055,clob_prices_history
52035147432985774092509040925165515760899062720939921734142361138587845236034,0xb215decbedd846168842f6e207f09bd5f50ce51d2191f238887d976ec21b6f66,1775025948,2026-04-01T06:45:48+00:00,0.055,clob_prices_history
52035147432985774092509040925165515760899062720939921734142361138587845236034,0xb215decbedd846168842f6e207f09bd5f50ce51d2191f238887d976ec21b6f66,1775028650,2026-04-01T07:30:50+00:00,0.055,clob_prices_history
52035147432985774092509040925165515760899062720939921734142361138587845236034,0xb215decbedd846168842f6e207f09bd5f50ce51d2191f238887d976ec21b6f66,1775029548,2026-04-01T07:45:48+00:00,0.055,clob_prices_history
52035147432985774092509040925165515760899062720939921734142361138587845236034,0xb215decbedd846168842f6e207f09bd5f50ce51d2191f238887d976ec21b6f66,1775030459,2026-04-01T08:00:59+00:00,0.055,clob_prices_history
52035147432985774092509040925165515760899062720939921734142361138587845236034,0xb215decbedd846168842f6e207f09bd5f50ce51d2191f238887d976ec21b6f66,1775031305,2026-04-01T08:15:05+00:00,0.055,clob_prices_history
52035147432985774092509040925165515760899062720939921734142361138587845236034,0xb215decbedd846168842f6e207f09bd5f50ce51d2191f238887d976ec21b6f66,1775033149,2026-04-01T08:45:49+00:00,0.055,clob_prices_history
52035147432985774092509040925165515760899062720939921734142361138587845236034,0xb215decbedd846168842f6e207f09bd5f50ce51d2191f238887d976ec21b6f66,1775034000,2026-04-01T09:00:00+00:00,0.055,clob_prices_history
52035147432985774092509040925165515760899062720939921734142361138587845236034,0xb215decbedd846168842f6e207f09bd5f50ce51d2191f238887d976ec21b6f66,1775034953,2026-04-01T09:15:53+00:00,0.055,clob_prices_history
52035147432985774092509040925165515760899062720939921734142361138587845236034,0xb215decbedd846168842f6e207f09bd5f50ce51d2191f238887d976ec21b6f66,1775035856,2026-04-01T09:30:56+00:00,0.055,clob_prices_history
52035147432985774092509040925165515760899062720939921734142361138587845236034,0xb215decbedd846168842f6e207f09bd5f50ce51d2191f238887d976ec21b6f66,1775036700,2026-04-01T09:45:00+00:00,0.055,clob_prices_history
52035147432985774092509040925165515760899062720939921734142361138587845236034,0xb215decbedd846168842f6e207f09bd5f50ce51d2191f238887d976ec21b6f66,1775036753,2026-04-01T09:45:53+00:00,0.055,clob_prices_history
52035147432985774092509040925165515760899062720939921734142361138587845236034,0xb215decbedd846168842f6e207f09bd5f50ce51d2191f238887d976ec21b6f66,1775037652,2026-04-01T10:00:52+00:00,0.055,clob_prices_history
52035147432985774092509040925165515760899062720939921734142361138587845236034,0xb215decbedd846168842f6e207f09bd5f50ce51d2191f238887d976ec21b6f66,1775038548,2026-04-01T10:15:48+00:00,0.055,clob_prices_history
52035147432985774092509040925165515760899062720939921734142361138587845236034,0xb215decbedd846168842f6e207f09bd5f50ce51d2191f238887d976ec21b6f66,1775039450,2026-04-01T10:30:50+00:00,0.055,clob_prices_history
52035147432985774092509040925165515760899062720939921734142361138587845236034,0xb215decbedd846168842f6e207f09bd5f50ce51d2191f238887d976ec21b6f66,1775040351,2026-04-01T10:45:51+00:00,0.055,clob_prices_history
52035147432985774092509040925165515760899062720939921734142361138587845236034,0xb215decbedd846168842f6e207f09bd5f50ce51d2191f238887d976ec21b6f66,1775041251,2026-04-01T11:00:51+00:00,0.055,clob_prices_history
52035147432985774092509040925165515760899062720939921734142361138587845236034,0xb215decbedd846168842f6e207f09bd5f50ce51d2191f238887d976ec21b6f66,1775042148,2026-04-01T11:15:48+00:00,0.055,clob_prices_history
52035147432985774092509040925165515760899062720939921734142361138587845236034,0xb215decbedd846168842f6e207f09bd5f50ce51d2191f238887d976ec21b6f66,1775043049,2026-04-01T11:30:49+00:00,0.055,clob_prices_history
52035147432985774092509040925165515760899062720939921734142361138587845236034,0xb215decbedd846168842f6e207f09bd5f50ce51d2191f238887d976ec21b6f66,1775043945,2026-04-01T11:45:45+00:00,0.055,clob_prices_history
52035147432985774092509040925165515760899062720939921734142361138587845236034,0xb215decbedd846168842f6e207f09bd5f50ce51d2191f238887d976ec21b6f66,1775045746,2026-04-01T12:15:46+00:00,0.055,clob_prices_history
52035147432985774092509040925165515760899062720939921734142361138587845236034,0xb215decbedd846168842f6e207f09bd5f50ce51d2191f238887d976ec21b6f66,1775046655,2026-04-01T12:30:55+00:00,0.055,clob_prices_history
52035147432985774092509040925165515760899062720939921734142361138587845236034,0xb215decbedd846168842f6e207f09bd5f50ce51d2191f238887d976ec21b6f66,1775047554,2026-04-01T12:45:54+00:00,0.055,clob_prices_history
52035147432985774092509040925165515760899062720939921734142361138587845236034,0xb215decbedd846168842f6e207f09bd5f50ce51d2191f238887d976ec21b6f66,1775048451,2026-04-01T13:00:51+00:00,0.055,clob_prices_history
52035147432985774092509040925165515760899062720939921734142361138587845236034,0xb215decbedd846168842f6e207f09bd5f50ce51d2191f238887d976ec21b6f66,1775049356,2026-04-01T13:15:56+00:00,0.055,clob_prices_history
52035147432985774092509040925165515760899062720939921734142361138587845236034,0xb215decbedd846168842f6e207f09bd5f50ce51d2191f238887d976ec21b6f66,1775050259,2026-04-01T13:30:59+00:00,0.055,clob_prices_history
52035147432985774092509040925165515760899062720939921734142361138587845236034,0xb215decbedd846168842f6e207f09bd5f50ce51d2191f238887d976ec21b6f66,1775051151,2026-04-01T13:45:51+00:00,0.05,clob_prices_history
52035147432985774092509040925165515760899062720939921734142361138587845236034,0xb215decbedd846168842f6e207f09bd5f50ce51d2191f238887d976ec21b6f66,1775052057,2026-04-01T14:00:57+00:00,0.045,clob_prices_history
52035147432985774092509040925165515760899062720939921734142361138587845236034,0xb215decbedd846168842f6e207f09bd5f50ce51d2191f238887d976ec21b6f66,1775053856,2026-04-01T14:30:56+00:00,0.045,clob_prices_history
52035147432985774092509040925165515760899062720939921734142361138587845236034,0xb215decbedd846168842f6e207f09bd5f50ce51d2191f238887d976ec21b6f66,1775054755,2026-04-01T14:45:55+00:00,0.045,clob_prices_history
52035147432985774092509040925165515760899062720939921734142361138587845236034,0xb215decbedd846168842f6e207f09bd5f50ce51d2191f238887d976ec21b6f66,1775056508,2026-04-01T15:15:08+00:00,0.045,clob_prices_history
52035147432985774092509040925165515760899062720939921734142361138587845236034,0xb215decbedd846168842f6e207f09bd5f50ce51d2191f238887d976ec21b6f66,1775060148,2026-04-01T16:15:48+00:00,0.045,clob_prices_history
52035147432985774092509040925165515760899062720939921734142361138587845236034,0xb215decbedd846168842f6e207f09bd5f50ce51d2191f238887d976ec21b6f66,1775061055,2026-04-01T16:30:55+00:00,0.045,clob_prices_history
52035147432985774092509040925165515760899062720939921734142361138587845236034,0xb215decbedd846168842f6e207f09bd5f50ce51d2191f238887d976ec21b6f66,1775061953,2026-04-01T16:45:53+00:00,0.045,clob_prices_history
52035147432985774092509040925165515760899062720939921734142361138587845236034,0xb215decbedd846168842f6e207f09bd5f50ce51d2191f238887d976ec21b6f66,1775063754,2026-04-01T17:15:54+00:00,0.045,clob_prices_history
52035147432985774092509040925165515760899062720939921734142361138587845236034,0xb215decbedd846168842f6e207f09bd5f50ce51d2191f238887d976ec21b6f66,1775065507,2026-04-01T17:45:07+00:00,0.045,clob_prices_history
52035147432985774092509040925165515760899062720939921734142361138587845236034,0xb215decbedd846168842f6e207f09bd5f50ce51d2191f238887d976ec21b6f66,1775067357,2026-04-01T18:15:57+00:00,0.045,clob_prices_history
52035147432985774092509040925165515760899062720939921734142361138587845236034,0xb215decbedd846168842f6e207f09bd5f50ce51d2191f238887d976ec21b6f66,1775068207,2026-04-01T18:30:07+00:00,0.045,clob_prices_history
52035147432985774092509040925165515760899062720939921734142361138587845236034,0xb215decbedd846168842f6e207f09bd5f50ce51d2191f238887d976ec21b6f66,1775069157,2026-04-01T18:45:57+00:00,0.045,clob_prices_history
52035147432985774092509040925165515760899062720939921734142361138587845236034,0xb215decbedd846168842f6e207f09bd5f50ce51d2191f238887d976ec21b6f66,1775070952,2026-04-01T19:15:52+00:00,0.045,clob_prices_history
52035147432985774092509040925165515760899062720939921734142361138587845236034,0xb215decbedd846168842f6e207f09bd5f50ce51d2191f238887d976ec21b6f66,1775071809,2026-04-01T19:30:09+00:00,0.045,clob_prices_history
52035147432985774092509040925165515760899062720939921734142361138587845236034,0xb215decbedd846168842f6e207f09bd5f50ce51d2191f238887d976ec21b6f66,1775072756,2026-04-01T19:45:56+00:00,0.045,clob_prices_history
52035147432985774092509040925165515760899062720939921734142361138587845236034,0xb215decbedd846168842f6e207f09bd5f50ce51d2191f238887d976ec21b6f66,1775074548,2026-04-01T20:15:48+00:00,0.045,clob_prices_history
52035147432985774092509040925165515760899062720939921734142361138587845236034,0xb215decbedd846168842f6e207f09bd5f50ce51d2191f238887d976ec21b6f66,1775076355,2026-04-01T20:45:55+00:00,0.045,clob_prices_history
52035147432985774092509040925165515760899062720939921734142361138587845236034,0xb215decbedd846168842f6e207f09bd5f50ce51d2191f238887d976ec21b6f66,1775077227,2026-04-01T21:00:27+00:00,0.045,clob_prices_history
52035147432985774092509040925165515760899062720939921734142361138587845236034,0xb215decbedd846168842f6e207f09bd5f50ce51d2191f238887d976ec21b6f66,1775078154,2026-04-01T21:15:54+00:00,0.045,clob_prices_history
52035147432985774092509040925165515760899062720939921734142361138587845236034,0xb215decbedd846168842f6e207f09bd5f50ce51d2191f238887d976ec21b6f66,1775079953,2026-04-01T21:45:53+00:00,0.045,clob_prices_history
52035147432985774092509040925165515760899062720939921734142361138587845236034,0xb215decbedd846168842f6e207f09bd5f50ce51d2191f238887d976ec21b6f66,1775080855,2026-04-01T22:00:55+00:00,0.045,clob_prices_history
52035147432985774092509040925165515760899062720939921734142361138587845236034,0xb215decbedd846168842f6e207f09bd5f50ce51d2191f238887d976ec21b6f66,1775081713,2026-04-01T22:15:13+00:00,0.045,clob_prices_history
52035147432985774092509040925165515760899062720939921734142361138587845236034,0xb215decbedd846168842f6e207f09bd5f50ce51d2191f238887d976ec21b6f66,1775082658,2026-04-01T22:30:58+00:00,0.045,clob_prices_history
52035147432985774092509040925165515760899062720939921734142361138587845236034,0xb215decbedd846168842f6e207f09bd5f50ce51d2191f238887d976ec21b6f66,1775083555,2026-04-01T22:45:55+00:00,0.045,clob_prices_history
52035147432985774092509040925165515760899062720939921734142361138587845236034,0xb215decbedd846168842f6e207f09bd5f50ce51d2191f238887d976ec21b6f66,1775085356,2026-04-01T23:15:56+00:00,0.045,clob_prices_history
52035147432985774092509040925165515760899062720939921734142361138587845236034,0xb215decbedd846168842f6e207f09bd5f50ce51d2191f238887d976ec21b6f66,1775087153,2026-04-01T23:45:53+00:00,0.045,clob_prices_history
52035147432985774092509040925165515760899062720939921734142361138587845236034,0xb215decbedd846168842f6e207f09bd5f50ce51d2191f238887d976ec21b6f66,1775088959,2026-04-02T00:15:59+00:00,0.045,clob_prices_history
52035147432985774092509040925165515760899062720939921734142361138587845236034,0xb215decbedd846168842f6e207f09bd5f50ce51d2191f238887d976ec21b6f66,1775089853,2026-04-02T00:30:53+00:00,0.045,clob_prices_history
52035147432985774092509040925165515760899062720939921734142361138587845236034,0xb215decbedd846168842f6e207f09bd5f50ce51d2191f238887d976ec21b6f66,1775090751,2026-04-02T00:45:51+00:00,0.045,clob_prices_history
52035147432985774092509040925165515760899062720939921734142361138587845236034,0xb215decbedd846168842f6e207f09bd5f50ce51d2191f238887d976ec21b6f66,1775092547,2026-04-02T01:15:47+00:00,0.045,clob_prices_history
52035147432985774092509040925165515760899062720939921734142361138587845236034,0xb215decbedd846168842f6e207f09bd5f50ce51d2191f238887d976ec21b6f66,1775094359,2026-04-02T01:45:59+00:00,0.045,clob_prices_history
52035147432985774092509040925165515760899062720939921734142361138587845236034,0xb215decbedd846168842f6e207f09bd5f50ce51d2191f238887d976ec21b6f66,1775095257,2026-04-02T02:00:57+00:00,0.045,clob_prices_history
52035147432985774092509040925165515760899062720939921734142361138587845236034,0xb215decbedd846168842f6e207f09bd5f50ce51d2191f238887d976ec21b6f66,1775096151,2026-04-02T02:15:51+00:00,0.045,clob_prices_history
52035147432985774092509040925165515760899062720939921734142361138587845236034,0xb215decbedd846168842f6e207f09bd5f50ce51d2191f238887d976ec21b6f66,1775097059,2026-04-02T02:30:59+00:00,0.045,clob_prices_history
52035147432985774092509040925165515760899062720939921734142361138587845236034,0xb215decbedd846168842f6e207f09bd5f50ce51d2191f238887d976ec21b6f66,1775097958,2026-04-02T02:45:58+00:00,0.045,clob_prices_history
52035147432985774092509040925165515760899062720939921734142361138587845236034,0xb215decbedd846168842f6e207f09bd5f50ce51d2191f238887d976ec21b6f66,1775099750,2026-04-02T03:15:50+00:00,0.045,clob_prices_history
52035147432985774092509040925165515760899062720939921734142361138587845236034,0xb215decbedd846168842f6e207f09bd5f50ce51d2191f238887d976ec21b6f66,1775100651,2026-04-02T03:30:51+00:00,0.045,clob_prices_history
52035147432985774092509040925165515760899062720939921734142361138587845236034,0xb215decbedd846168842f6e207f09bd5f50ce51d2191f238887d976ec21b6f66,1775101553,2026-04-02T03:45:53+00:00,0.045,clob_prices_history
52035147432985774092509040925165515760899062720939921734142361138587845236034,0xb215decbedd846168842f6e207f09bd5f50ce51d2191f238887d976ec21b6f66,1775102457,2026-04-02T04:00:57+00:00,0.045,clob_prices_history
52035147432985774092509040925165515760899062720939921734142361138587845236034,0xb215decbedd846168842f6e207f09bd5f50ce51d2191f238887d976ec21b6f66,1775103348,2026-04-02T04:15:48+00:00,0.045,clob_prices_history
52035147432985774092509040925165515760899062720939921734142361138587845236034,0xb215decbedd846168842f6e207f09bd5f50ce51d2191f238887d976ec21b6f66,1775106056,2026-04-02T05:00:56+00:00,0.045,clob_prices_history
52035147432985774092509040925165515760899062720939921734142361138587845236034,0xb215decbedd846168842f6e207f09bd5f50ce51d2191f238887d976ec21b6f66,1775106956,2026-04-02T05:15:56+00:00,0.045,clob_prices_history
52035147432985774092509040925165515760899062720939921734142361138587845236034,0xb215decbedd846168842f6e207f09bd5f50ce51d2191f238887d976ec21b6f66,1775107853,2026-04-02T05:30:53+00:00,0.045,clob_prices_history
52035147432985774092509040925165515760899062720939921734142361138587845236034,0xb215decbedd846168842f6e207f09bd5f50ce51d2191f238887d976ec21b6f66,1775108701,2026-04-02T05:45:01+00:00,0.045,clob_prices_history
52035147432985774092509040925165515760899062720939921734142361138587845236034,0xb215decbedd846168842f6e207f09bd5f50ce51d2191f238887d976ec21b6f66,1775108755,2026-04-02T05:45:55+00:00,0.045,clob_prices_history
52035147432985774092509040925165515760899062720939921734142361138587845236034,0xb215decbedd846168842f6e207f09bd5f50ce51d2191f238887d976ec21b6f66,1775110552,2026-04-02T06:15:52+00:00,0.045,clob_prices_history
52035147432985774092509040925165515760899062720939921734142361138587845236034,0xb215decbedd846168842f6e207f09bd5f50ce51d2191f238887d976ec21b6f66,1775112346,2026-04-02T06:45:46+00:00,0.045,clob_prices_history
52035147432985774092509040925165515760899062720939921734142361138587845236034,0xb215decbedd846168842f6e207f09bd5f50ce51d2191f238887d976ec21b6f66,1775113253,2026-04-02T07:00:53+00:00,0.045,clob_prices_history
52035147432985774092509040925165515760899062720939921734142361138587845236034,0xb215decbedd846168842f6e207f09bd5f50ce51d2191f238887d976ec21b6f66,1775114146,2026-04-02T07:15:46+00:00,0.045,clob_prices_history
52035147432985774092509040925165515760899062720939921734142361138587845236034,0xb215decbedd846168842f6e207f09bd5f50ce51d2191f238887d976ec21b6f66,1775115056,2026-04-02T07:30:56+00:00,0.045,clob_prices_history
52035147432985774092509040925165515760899062720939921734142361138587845236034,0xb215decbedd846168842f6e207f09bd5f50ce51d2191f238887d976ec21b6f66,1775115947,2026-04-02T07:45:47+00:00,0.045,clob_prices_history
52035147432985774092509040925165515760899062720939921734142361138587845236034,0xb215decbedd846168842f6e207f09bd5f50ce51d2191f238887d976ec21b6f66,1775116854,2026-04-02T08:00:54+00:00,0.045,clob_prices_history
52035147432985774092509040925165515760899062720939921734142361138587845236034,0xb215decbedd846168842f6e207f09bd5f50ce51d2191f238887d976ec21b6f66,1775117747,2026-04-02T08:15:47+00:00,0.045,clob_prices_history
52035147432985774092509040925165515760899062720939921734142361138587845236034,0xb215decbedd846168842f6e207f09bd5f50ce51d2191f238887d976ec21b6f66,1775118650,2026-04-02T08:30:50+00:00,0.045,clob_prices_history
52035147432985774092509040925165515760899062720939921734142361138587845236034,0xb215decbedd846168842f6e207f09bd5f50ce51d2191f238887d976ec21b6f66,1775120457,2026-04-02T09:00:57+00:00,0.045,clob_prices_history
52035147432985774092509040925165515760899062720939921734142361138587845236034,0xb215decbedd846168842f6e207f09bd5f50ce51d2191f238887d976ec21b6f66,1775121351,2026-04-02T09:15:51+00:00,0.045,clob_prices_history
52035147432985774092509040925165515760899062720939921734142361138587845236034,0xb215decbedd846168842f6e207f09bd5f50ce51d2191f238887d976ec21b6f66,1775122253,2026-04-02T09:30:53+00:00,0.045,clob_prices_history
52035147432985774092509040925165515760899062720939921734142361138587845236034,0xb215decbedd846168842f6e207f09bd5f50ce51d2191f238887d976ec21b6f66,1775123148,2026-04-02T09:45:48+00:00,0.045,clob_prices_history
52035147432985774092509040925165515760899062720939921734142361138587845236034,0xb215decbedd846168842f6e207f09bd5f50ce51d2191f238887d976ec21b6f66,1775124053,2026-04-02T10:00:53+00:00,0.045,clob_prices_history
52035147432985774092509040925165515760899062720939921734142361138587845236034,0xb215decbedd846168842f6e207f09bd5f50ce51d2191f238887d976ec21b6f66,1775124952,2026-04-02T10:15:52+00:00,0.045,clob_prices_history
52035147432985774092509040925165515760899062720939921734142361138587845236034,0xb215decbedd846168842f6e207f09bd5f50ce51d2191f238887d976ec21b6f66,1775125854,2026-04-02T10:30:54+00:00,0.045,clob_prices_history
52035147432985774092509040925165515760899062720939921734142361138587845236034,0xb215decbedd846168842f6e207f09bd5f50ce51d2191f238887d976ec21b6f66,1775126749,2026-04-02T10:45:49+00:00,0.045,clob_prices_history
52035147432985774092509040925165515760899062720939921734142361138587845236034,0xb215decbedd846168842f6e207f09bd5f50ce51d2191f238887d976ec21b6f66,1775127659,2026-04-02T11:00:59+00:00,0.045,clob_prices_history
52035147432985774092509040925165515760899062720939921734142361138587845236034,0xb215decbedd846168842f6e207f09bd5f50ce51d2191f238887d976ec21b6f66,1775128547,2026-04-02T11:15:47+00:00,0.045,clob_prices_history
52035147432985774092509040925165515760899062720939921734142361138587845236034,0xb215decbedd846168842f6e207f09bd5f50ce51d2191f238887d976ec21b6f66,1775129456,2026-04-02T11:30:56+00:00,0.045,clob_prices_history
52035147432985774092509040925165515760899062720939921734142361138587845236034,0xb215decbedd846168842f6e207f09bd5f50ce51d2191f238887d976ec21b6f66,1775130349,2026-04-02T11:45:49+00:00,0.045,clob_prices_history
52035147432985774092509040925165515760899062720939921734142361138587845236034,0xb215decbedd846168842f6e207f09bd5f50ce51d2191f238887d976ec21b6f66,1775132155,2026-04-02T12:15:55+00:00,0.045,clob_prices_history
52035147432985774092509040925165515760899062720939921734142361138587845236034,0xb215decbedd846168842f6e207f09bd5f50ce51d2191f238887d976ec21b6f66,1775136606,2026-04-02T13:30:06+00:00,0.045,clob_prices_history
52035147432985774092509040925165515760899062720939921734142361138587845236034,0xb215decbedd846168842f6e207f09bd5f50ce51d2191f238887d976ec21b6f66,1775137557,2026-04-02T13:45:57+00:00,0.045,clob_prices_history
52035147432985774092509040925165515760899062720939921734142361138587845236034,0xb215decbedd846168842f6e207f09bd5f50ce51d2191f238887d976ec21b6f66,1775139353,2026-04-02T14:15:53+00:00,0.045,clob_prices_history
52035147432985774092509040925165515760899062720939921734142361138587845236034,0xb215decbedd846168842f6e207f09bd5f50ce51d2191f238887d976ec21b6f66,1775142012,2026-04-02T15:00:12+00:00,0.045,clob_prices_history
52035147432985774092509040925165515760899062720939921734142361138587845236034,0xb215decbedd846168842f6e207f09bd5f50ce51d2191f238887d976ec21b6f66,1775142910,2026-04-02T15:15:10+00:00,0.045,clob_prices_history
52035147432985774092509040925165515760899062720939921734142361138587845236034,0xb215decbedd846168842f6e207f09bd5f50ce51d2191f238887d976ec21b6f66,1775145613,2026-04-02T16:00:13+00:00,0.045,clob_prices_history
52035147432985774092509040925165515760899062720939921734142361138587845236034,0xb215decbedd846168842f6e207f09bd5f50ce51d2191f238887d976ec21b6f66,1775147416,2026-04-02T16:30:16+00:00,0.045,clob_prices_history
52035147432985774092509040925165515760899062720939921734142361138587845236034,0xb215decbedd846168842f6e207f09bd5f50ce51d2191f238887d976ec21b6f66,1775149225,2026-04-02T17:00:25+00:00,0.045,clob_prices_history
52035147432985774092509040925165515760899062720939921734142361138587845236034,0xb215decbedd846168842f6e207f09bd5f50ce51d2191f238887d976ec21b6f66,1775150133,2026-04-02T17:15:33+00:00,0.045,clob_prices_history
52035147432985774092509040925165515760899062720939921734142361138587845236034,0xb215decbedd846168842f6e207f09bd5f50ce51d2191f238887d976ec21b6f66,1775151041,2026-04-02T17:30:41+00:00,0.045,clob_prices_history
52035147432985774092509040925165515760899062720939921734142361138587845236034,0xb215decbedd846168842f6e207f09bd5f50ce51d2191f238887d976ec21b6f66,1775151948,2026-04-02T17:45:48+00:00,0.045,clob_prices_history
52035147432985774092509040925165515760899062720939921734142361138587845236034,0xb215decbedd846168842f6e207f09bd5f50ce51d2191f238887d976ec21b6f66,1775153749,2026-04-02T18:15:49+00:00,0.045,clob_prices_history
52035147432985774092509040925165515760899062720939921734142361138587845236034,0xb215decbedd846168842f6e207f09bd5f50ce51d2191f238887d976ec21b6f66,1775154654,2026-04-02T18:30:54+00:00,0.045,clob_prices_history
52035147432985774092509040925165515760899062720939921734142361138587845236034,0xb215decbedd846168842f6e207f09bd5f50ce51d2191f238887d976ec21b6f66,1775156454,2026-04-02T19:00:54+00:00,0.045,clob_prices_history
52035147432985774092509040925165515760899062720939921734142361138587845236034,0xb215decbedd846168842f6e207f09bd5f50ce51d2191f238887d976ec21b6f66,1775157354,2026-04-02T19:15:54+00:00,0.045,clob_prices_history
52035147432985774092509040925165515760899062720939921734142361138587845236034,0xb215decbedd846168842f6e207f09bd5f50ce51d2191f238887d976ec21b6f66,1775158256,2026-04-02T19:30:56+00:00,0.045,clob_prices_history
52035147432985774092509040925165515760899062720939921734142361138587845236034,0xb215decbedd846168842f6e207f09bd5f50ce51d2191f238887d976ec21b6f66,1775159149,2026-04-02T19:45:49+00:00,0.045,clob_prices_history
52035147432985774092509040925165515760899062720939921734142361138587845236034,0xb215decbedd846168842f6e207f09bd5f50ce51d2191f238887d976ec21b6f66,1775160056,2026-04-02T20:00:56+00:00,0.045,clob_prices_history
52035147432985774092509040925165515760899062720939921734142361138587845236034,0xb215decbedd846168842f6e207f09bd5f50ce51d2191f238887d976ec21b6f66,1775160950,2026-04-02T20:15:50+00:00,0.045,clob_prices_history
52035147432985774092509040925165515760899062720939921734142361138587845236034,0xb215decbedd846168842f6e207f09bd5f50ce51d2191f238887d976ec21b6f66,1775161859,2026-04-02T20:30:59+00:00,0.045,clob_prices_history
52035147432985774092509040925165515760899062720939921734142361138587845236034,0xb215decbedd846168842f6e207f09bd5f50ce51d2191f238887d976ec21b6f66,1775162701,2026-04-02T20:45:01+00:00,0.045,clob_prices_history
52035147432985774092509040925165515760899062720939921734142361138587845236034,0xb215decbedd846168842f6e207f09bd5f50ce51d2191f238887d976ec21b6f66,1775162759,2026-04-02T20:45:59+00:00,0.045,clob_prices_history
52035147432985774092509040925165515760899062720939921734142361138587845236034,0xb215decbedd846168842f6e207f09bd5f50ce51d2191f238887d976ec21b6f66,1775164552,2026-04-02T21:15:52+00:00,0.045,clob_prices_history
52035147432985774092509040925165515760899062720939921734142361138587845236034,0xb215decbedd846168842f6e207f09bd5f50ce51d2191f238887d976ec21b6f66,1775165455,2026-04-02T21:30:55+00:00,0.045,clob_prices_history
52035147432985774092509040925165515760899062720939921734142361138587845236034,0xb215decbedd846168842f6e207f09bd5f50ce51d2191f238887d976ec21b6f66,1775166358,2026-04-02T21:45:58+00:00,0.045,clob_prices_history
52035147432985774092509040925165515760899062720939921734142361138587845236034,0xb215decbedd846168842f6e207f09bd5f50ce51d2191f238887d976ec21b6f66,1775167259,2026-04-02T22:00:59+00:00,0.045,clob_prices_history
52035147432985774092509040925165515760899062720939921734142361138587845236034,0xb215decbedd846168842f6e207f09bd5f50ce51d2191f238887d976ec21b6f66,1775168103,2026-04-02T22:15:03+00:00,0.045,clob_prices_history
52035147432985774092509040925165515760899062720939921734142361138587845236034,0xb215decbedd846168842f6e207f09bd5f50ce51d2191f238887d976ec21b6f66,1775169057,2026-04-02T22:30:57+00:00,0.045,clob_prices_history
52035147432985774092509040925165515760899062720939921734142361138587845236034,0xb215decbedd846168842f6e207f09bd5f50ce51d2191f238887d976ec21b6f66,1775170855,2026-04-02T23:00:55+00:00,0.045,clob_prices_history
52035147432985774092509040925165515760899062720939921734142361138587845236034,0xb215decbedd846168842f6e207f09bd5f50ce51d2191f238887d976ec21b6f66,1775171753,2026-04-02T23:15:53+00:00,0.045,clob_prices_history
52035147432985774092509040925165515760899062720939921734142361138587845236034,0xb215decbedd846168842f6e207f09bd5f50ce51d2191f238887d976ec21b6f66,1775172654,2026-04-02T23:30:54+00:00,0.045,clob_prices_history
52035147432985774092509040925165515760899062720939921734142361138587845236034,0xb215decbedd846168842f6e207f09bd5f50ce51d2191f238887d976ec21b6f66,1775173551,2026-04-02T23:45:51+00:00,0.045,clob_prices_history
52035147432985774092509040925165515760899062720939921734142361138587845236034,0xb215decbedd846168842f6e207f09bd5f50ce51d2191f238887d976ec21b6f66,1775175348,2026-04-03T00:15:48+00:00,0.045,clob_prices_history
52035147432985774092509040925165515760899062720939921734142361138587845236034,0xb215decbedd846168842f6e207f09bd5f50ce51d2191f238887d976ec21b6f66,1775176257,2026-04-03T00:30:57+00:00,0.045,clob_prices_history
52035147432985774092509040925165515760899062720939921734142361138587845236034,0xb215decbedd846168842f6e207f09bd5f50ce51d2191f238887d976ec21b6f66,1775177150,2026-04-03T00:45:50+00:00,0.045,clob_prices_history
52035147432985774092509040925165515760899062720939921734142361138587845236034,0xb215decbedd846168842f6e207f09bd5f50ce51d2191f238887d976ec21b6f66,1775178054,2026-04-03T01:00:54+00:00,0.045,clob_prices_history
52035147432985774092509040925165515760899062720939921734142361138587845236034,0xb215decbedd846168842f6e207f09bd5f50ce51d2191f238887d976ec21b6f66,1775178951,2026-04-03T01:15:51+00:00,0.045,clob_prices_history
52035147432985774092509040925165515760899062720939921734142361138587845236034,0xb215decbedd846168842f6e207f09bd5f50ce51d2191f238887d976ec21b6f66,1775179858,2026-04-03T01:30:58+00:00,0.045,clob_prices_history
52035147432985774092509040925165515760899062720939921734142361138587845236034,0xb215decbedd846168842f6e207f09bd5f50ce51d2191f238887d976ec21b6f66,1775180749,2026-04-03T01:45:49+00:00,0.045,clob_prices_history
52035147432985774092509040925165515760899062720939921734142361138587845236034,0xb215decbedd846168842f6e207f09bd5f50ce51d2191f238887d976ec21b6f66,1775181659,2026-04-03T02:00:59+00:00,0.045,clob_prices_history
52035147432985774092509040925165515760899062720939921734142361138587845236034,0xb215decbedd846168842f6e207f09bd5f50ce51d2191f238887d976ec21b6f66,1775182551,2026-04-03T02:15:51+00:00,0.045,clob_prices_history
52035147432985774092509040925165515760899062720939921734142361138587845236034,0xb215decbedd846168842f6e207f09bd5f50ce51d2191f238887d976ec21b6f66,1775183456,2026-04-03T02:30:56+00:00,0.045,clob_prices_history
52035147432985774092509040925165515760899062720939921734142361138587845236034,0xb215decbedd846168842f6e207f09bd5f50ce51d2191f238887d976ec21b6f66,1775186151,2026-04-03T03:15:51+00:00,0.045,clob_prices_history
52035147432985774092509040925165515760899062720939921734142361138587845236034,0xb215decbedd846168842f6e207f09bd5f50ce51d2191f238887d976ec21b6f66,1775187055,2026-04-03T03:30:55+00:00,0.045,clob_prices_history
52035147432985774092509040925165515760899062720939921734142361138587845236034,0xb215decbedd846168842f6e207f09bd5f50ce51d2191f238887d976ec21b6f66,1775187954,2026-04-03T03:45:54+00:00,0.045,clob_prices_history
52035147432985774092509040925165515760899062720939921734142361138587845236034,0xb215decbedd846168842f6e207f09bd5f50ce51d2191f238887d976ec21b6f66,1775188855,2026-04-03T04:00:55+00:00,0.045,clob_prices_history
52035147432985774092509040925165515760899062720939921734142361138587845236034,0xb215decbedd846168842f6e207f09bd5f50ce51d2191f238887d976ec21b6f66,1775189750,2026-04-03T04:15:50+00:00,0.045,clob_prices_history
52035147432985774092509040925165515760899062720939921734142361138587845236034,0xb215decbedd846168842f6e207f09bd5f50ce51d2191f238887d976ec21b6f66,1775190601,2026-04-03T04:30:01+00:00,0.045,clob_prices_history
52035147432985774092509040925165515760899062720939921734142361138587845236034,0xb215decbedd846168842f6e207f09bd5f50ce51d2191f238887d976ec21b6f66,1775190658,2026-04-03T04:30:58+00:00,0.045,clob_prices_history
52035147432985774092509040925165515760899062720939921734142361138587845236034,0xb215decbedd846168842f6e207f09bd5f50ce51d2191f238887d976ec21b6f66,1775191549,2026-04-03T04:45:49+00:00,0.045,clob_prices_history
52035147432985774092509040925165515760899062720939921734142361138587845236034,0xb215decbedd846168842f6e207f09bd5f50ce51d2191f238887d976ec21b6f66,1775192408,2026-04-03T05:00:08+00:00,0.045,clob_prices_history
52035147432985774092509040925165515760899062720939921734142361138587845236034,0xb215decbedd846168842f6e207f09bd5f50ce51d2191f238887d976ec21b6f66,1775193352,2026-04-03T05:15:52+00:00,0.045,clob_prices_history
52035147432985774092509040925165515760899062720939921734142361138587845236034,0xb215decbedd846168842f6e207f09bd5f50ce51d2191f238887d976ec21b6f66,1775195149,2026-04-03T05:45:49+00:00,0.045,clob_prices_history
52035147432985774092509040925165515760899062720939921734142361138587845236034,0xb215decbedd846168842f6e207f09bd5f50ce51d2191f238887d976ec21b6f66,1775196952,2026-04-03T06:15:52+00:00,0.045,clob_prices_history
52035147432985774092509040925165515760899062720939921734142361138587845236034,0xb215decbedd846168842f6e207f09bd5f50ce51d2191f238887d976ec21b6f66,1775199657,2026-04-03T07:00:57+00:00,0.045,clob_prices_history
52035147432985774092509040925165515760899062720939921734142361138587845236034,0xb215decbedd846168842f6e207f09bd5f50ce51d2191f238887d976ec21b6f66,1775200552,2026-04-03T07:15:52+00:00,0.045,clob_prices_history
52035147432985774092509040925165515760899062720939921734142361138587845236034,0xb215decbedd846168842f6e207f09bd5f50ce51d2191f238887d976ec21b6f66,1775201455,2026-04-03T07:30:55+00:00,0.045,clob_prices_history
52035147432985774092509040925165515760899062720939921734142361138587845236034,0xb215decbedd846168842f6e207f09bd5f50ce51d2191f238887d976ec21b6f66,1775202309,2026-04-03T07:45:09+00:00,0.045,clob_prices_history
52035147432985774092509040925165515760899062720939921734142361138587845236034,0xb215decbedd846168842f6e207f09bd5f50ce51d2191f238887d976ec21b6f66,1775203257,2026-04-03T08:00:57+00:00,0.045,clob_prices_history
52035147432985774092509040925165515760899062720939921734142361138587845236034,0xb215decbedd846168842f6e207f09bd5f50ce51d2191f238887d976ec21b6f66,1775204149,2026-04-03T08:15:49+00:00,0.045,clob_prices_history
52035147432985774092509040925165515760899062720939921734142361138587845236034,0xb215decbedd846168842f6e207f09bd5f50ce51d2191f238887d976ec21b6f66,1775205056,2026-04-03T08:30:56+00:00,0.045,clob_prices_history
52035147432985774092509040925165515760899062720939921734142361138587845236034,0xb215decbedd846168842f6e207f09bd5f50ce51d2191f238887d976ec21b6f66,1775207749,2026-04-03T09:15:49+00:00,0.045,clob_prices_history
52035147432985774092509040925165515760899062720939921734142361138587845236034,0xb215decbedd846168842f6e207f09bd5f50ce51d2191f238887d976ec21b6f66,1775208658,2026-04-03T09:30:58+00:00,0.045,clob_prices_history
52035147432985774092509040925165515760899062720939921734142361138587845236034,0xb215decbedd846168842f6e207f09bd5f50ce51d2191f238887d976ec21b6f66,1775209555,2026-04-03T09:45:55+00:00,0.045,clob_prices_history
52035147432985774092509040925165515760899062720939921734142361138587845236034,0xb215decbedd846168842f6e207f09bd5f50ce51d2191f238887d976ec21b6f66,1775210458,2026-04-03T10:00:58+00:00,0.045,clob_prices_history
52035147432985774092509040925165515760899062720939921734142361138587845236034,0xb215decbedd846168842f6e207f09bd5f50ce51d2191f238887d976ec21b6f66,1775211349,2026-04-03T10:15:49+00:00,0.045,clob_prices_history
52035147432985774092509040925165515760899062720939921734142361138587845236034,0xb215decbedd846168842f6e207f09bd5f50ce51d2191f238887d976ec21b6f66,1775213150,2026-04-03T10:45:50+00:00,0.045,clob_prices_history
52035147432985774092509040925165515760899062720939921734142361138587845236034,0xb215decbedd846168842f6e207f09bd5f50ce51d2191f238887d976ec21b6f66,1775214056,2026-04-03T11:00:56+00:00,0.045,clob_prices_history
52035147432985774092509040925165515760899062720939921734142361138587845236034,0xb215decbedd846168842f6e207f09bd5f50ce51d2191f238887d976ec21b6f66,1775214904,2026-04-03T11:15:04+00:00,0.045,clob_prices_history
52035147432985774092509040925165515760899062720939921734142361138587845236034,0xb215decbedd846168842f6e207f09bd5f50ce51d2191f238887d976ec21b6f66,1775215856,2026-04-03T11:30:56+00:00,0.045,clob_prices_history
52035147432985774092509040925165515760899062720939921734142361138587845236034,0xb215decbedd846168842f6e207f09bd5f50ce51d2191f238887d976ec21b6f66,1775216752,2026-04-03T11:45:52+00:00,0.045,clob_prices_history
52035147432985774092509040925165515760899062720939921734142361138587845236034,0xb215decbedd846168842f6e207f09bd5f50ce51d2191f238887d976ec21b6f66,1775218550,2026-04-03T12:15:50+00:00,0.045,clob_prices_history
52035147432985774092509040925165515760899062720939921734142361138587845236034,0xb215decbedd846168842f6e207f09bd5f50ce51d2191f238887d976ec21b6f66,1775220354,2026-04-03T12:45:54+00:00,0.045,clob_prices_history
52035147432985774092509040925165515760899062720939921734142361138587845236034,0xb215decbedd846168842f6e207f09bd5f50ce51d2191f238887d976ec21b6f66,1775222153,2026-04-03T13:15:53+00:00,0.045,clob_prices_history
52035147432985774092509040925165515760899062720939921734142361138587845236034,0xb215decbedd846168842f6e207f09bd5f50ce51d2191f238887d976ec21b6f66,1775223959,2026-04-03T13:45:59+00:00,0.045,clob_prices_history
52035147432985774092509040925165515760899062720939921734142361138587845236034,0xb215decbedd846168842f6e207f09bd5f50ce51d2191f238887d976ec21b6f66,1775225702,2026-04-03T14:15:02+00:00,0.045,clob_prices_history
52035147432985774092509040925165515760899062720939921734142361138587845236034,0xb215decbedd846168842f6e207f09bd5f50ce51d2191f238887d976ec21b6f66,1775226659,2026-04-03T14:30:59+00:00,0.045,clob_prices_history
52035147432985774092509040925165515760899062720939921734142361138587845236034,0xb215decbedd846168842f6e207f09bd5f50ce51d2191f238887d976ec21b6f66,1775229354,2026-04-03T15:15:54+00:00,0.045,clob_prices_history
52035147432985774092509040925165515760899062720939921734142361138587845236034,0xb215decbedd846168842f6e207f09bd5f50ce51d2191f238887d976ec21b6f66,1775231152,2026-04-03T15:45:52+00:00,0.045,clob_prices_history
52035147432985774092509040925165515760899062720939921734142361138587845236034,0xb215decbedd846168842f6e207f09bd5f50ce51d2191f238887d976ec21b6f66,1775232059,2026-04-03T16:00:59+00:00,0.045,clob_prices_history
52035147432985774092509040925165515760899062720939921734142361138587845236034,0xb215decbedd846168842f6e207f09bd5f50ce51d2191f238887d976ec21b6f66,1775233809,2026-04-03T16:30:09+00:00,0.045,clob_prices_history
52035147432985774092509040925165515760899062720939921734142361138587845236034,0xb215decbedd846168842f6e207f09bd5f50ce51d2191f238887d976ec21b6f66,1775234752,2026-04-03T16:45:52+00:00,0.045,clob_prices_history
52035147432985774092509040925165515760899062720939921734142361138587845236034,0xb215decbedd846168842f6e207f09bd5f50ce51d2191f238887d976ec21b6f66,1775235602,2026-04-03T17:00:02+00:00,0.045,clob_prices_history
52035147432985774092509040925165515760899062720939921734142361138587845236034,0xb215decbedd846168842f6e207f09bd5f50ce51d2191f238887d976ec21b6f66,1775236557,2026-04-03T17:15:57+00:00,0.045,clob_prices_history
52035147432985774092509040925165515760899062720939921734142361138587845236034,0xb215decbedd846168842f6e207f09bd5f50ce51d2191f238887d976ec21b6f66,1775237440,2026-04-03T17:30:40+00:00,0.045,clob_prices_history
52035147432985774092509040925165515760899062720939921734142361138587845236034,0xb215decbedd846168842f6e207f09bd5f50ce51d2191f238887d976ec21b6f66,1775238300,2026-04-03T17:45:00+00:00,0.045,clob_prices_history
52035147432985774092509040925165515760899062720939921734142361138587845236034,0xb215decbedd846168842f6e207f09bd5f50ce51d2191f238887d976ec21b6f66,1775239228,2026-04-03T18:00:28+00:00,0.045,clob_prices_history
52035147432985774092509040925165515760899062720939921734142361138587845236034,0xb215decbedd846168842f6e207f09bd5f50ce51d2191f238887d976ec21b6f66,1775241954,2026-04-03T18:45:54+00:00,0.045,clob_prices_history
52035147432985774092509040925165515760899062720939921734142361138587845236034,0xb215decbedd846168842f6e207f09bd5f50ce51d2191f238887d976ec21b6f66,1775242824,2026-04-03T19:00:24+00:00,0.045,clob_prices_history
52035147432985774092509040925165515760899062720939921734142361138587845236034,0xb215decbedd846168842f6e207f09bd5f50ce51d2191f238887d976ec21b6f66,1775243717,2026-04-03T19:15:17+00:00,0.045,clob_prices_history
52035147432985774092509040925165515760899062720939921734142361138587845236034,0xb215decbedd846168842f6e207f09bd5f50ce51d2191f238887d976ec21b6f66,1775244645,2026-04-03T19:30:45+00:00,0.045,clob_prices_history
52035147432985774092509040925165515760899062720939921734142361138587845236034,0xb215decbedd846168842f6e207f09bd5f50ce51d2191f238887d976ec21b6f66,1775245558,2026-04-03T19:45:58+00:00,0.045,clob_prices_history
52035147432985774092509040925165515760899062720939921734142361138587845236034,0xb215decbedd846168842f6e207f09bd5f50ce51d2191f238887d976ec21b6f66,1775247359,2026-04-03T20:15:59+00:00,0.045,clob_prices_history
52035147432985774092509040925165515760899062720939921734142361138587845236034,0xb215decbedd846168842f6e207f09bd5f50ce51d2191f238887d976ec21b6f66,1775250012,2026-04-03T21:00:12+00:00,0.045,clob_prices_history
52035147432985774092509040925165515760899062720939921734142361138587845236034,0xb215decbedd846168842f6e207f09bd5f50ce51d2191f238887d976ec21b6f66,1775250958,2026-04-03T21:15:58+00:00,0.045,clob_prices_history
52035147432985774092509040925165515760899062720939921734142361138587845236034,0xb215decbedd846168842f6e207f09bd5f50ce51d2191f238887d976ec21b6f66,1775252742,2026-04-03T21:45:42+00:00,0.045,clob_prices_history
52035147432985774092509040925165515760899062720939921734142361138587845236034,0xb215decbedd846168842f6e207f09bd5f50ce51d2191f238887d976ec21b6f66,1775254552,2026-04-03T22:15:52+00:00,0.045,clob_prices_history
52035147432985774092509040925165515760899062720939921734142361138587845236034,0xb215decbedd846168842f6e207f09bd5f50ce51d2191f238887d976ec21b6f66,1775255422,2026-04-03T22:30:22+00:00,0.045,clob_prices_history
52035147432985774092509040925165515760899062720939921734142361138587845236034,0xb215decbedd846168842f6e207f09bd5f50ce51d2191f238887d976ec21b6f66,1775256354,2026-04-03T22:45:54+00:00,0.045,clob_prices_history
52035147432985774092509040925165515760899062720939921734142361138587845236034,0xb215decbedd846168842f6e207f09bd5f50ce51d2191f238887d976ec21b6f66,1775258151,2026-04-03T23:15:51+00:00,0.045,clob_prices_history
52035147432985774092509040925165515760899062720939921734142361138587845236034,0xb215decbedd846168842f6e207f09bd5f50ce51d2191f238887d976ec21b6f66,1775259958,2026-04-03T23:45:58+00:00,0.045,clob_prices_history
52035147432985774092509040925165515760899062720939921734142361138587845236034,0xb215decbedd846168842f6e207f09bd5f50ce51d2191f238887d976ec21b6f66,1775261709,2026-04-04T00:15:09+00:00,0.045,clob_prices_history
52035147432985774092509040925165515760899062720939921734142361138587845236034,0xb215decbedd846168842f6e207f09bd5f50ce51d2191f238887d976ec21b6f66,1775265349,2026-04-04T01:15:49+00:00,0.045,clob_prices_history
52035147432985774092509040925165515760899062720939921734142361138587845236034,0xb215decbedd846168842f6e207f09bd5f50ce51d2191f238887d976ec21b6f66,1775267150,2026-04-04T01:45:50+00:00,0.045,clob_prices_history
52035147432985774092509040925165515760899062720939921734142361138587845236034,0xb215decbedd846168842f6e207f09bd5f50ce51d2191f238887d976ec21b6f66,1775268905,2026-04-04T02:15:05+00:00,0.045,clob_prices_history
52035147432985774092509040925165515760899062720939921734142361138587845236034,0xb215decbedd846168842f6e207f09bd5f50ce51d2191f238887d976ec21b6f66,1775272552,2026-04-04T03:15:52+00:00,0.045,clob_prices_history
52035147432985774092509040925165515760899062720939921734142361138587845236034,0xb215decbedd846168842f6e207f09bd5f50ce51d2191f238887d976ec21b6f66,1775274350,2026-04-04T03:45:50+00:00,0.045,clob_prices_history
52035147432985774092509040925165515760899062720939921734142361138587845236034,0xb215decbedd846168842f6e207f09bd5f50ce51d2191f238887d976ec21b6f66,1775276102,2026-04-04T04:15:02+00:00,0.045,clob_prices_history
52035147432985774092509040925165515760899062720939921734142361138587845236034,0xb215decbedd846168842f6e207f09bd5f50ce51d2191f238887d976ec21b6f66,1775276154,2026-04-04T04:15:54+00:00,0.045,clob_prices_history
52035147432985774092509040925165515760899062720939921734142361138587845236034,0xb215decbedd846168842f6e207f09bd5f50ce51d2191f238887d976ec21b6f66,1775277952,2026-04-04T04:45:52+00:00,0.045,clob_prices_history
52035147432985774092509040925165515760899062720939921734142361138587845236034,0xb215decbedd846168842f6e207f09bd5f50ce51d2191f238887d976ec21b6f66,1775279703,2026-04-04T05:15:03+00:00,0.045,clob_prices_history
52035147432985774092509040925165515760899062720939921734142361138587845236034,0xb215decbedd846168842f6e207f09bd5f50ce51d2191f238887d976ec21b6f66,1775279758,2026-04-04T05:15:58+00:00,0.045,clob_prices_history
52035147432985774092509040925165515760899062720939921734142361138587845236034,0xb215decbedd846168842f6e207f09bd5f50ce51d2191f238887d976ec21b6f66,1775281550,2026-04-04T05:45:50+00:00,0.045,clob_prices_history
52035147432985774092509040925165515760899062720939921734142361138587845236034,0xb215decbedd846168842f6e207f09bd5f50ce51d2191f238887d976ec21b6f66,1775285105,2026-04-04T06:45:05+00:00,0.045,clob_prices_history
52035147432985774092509040925165515760899062720939921734142361138587845236034,0xb215decbedd846168842f6e207f09bd5f50ce51d2191f238887d976ec21b6f66,1775285159,2026-04-04T06:45:59+00:00,0.045,clob_prices_history
52035147432985774092509040925165515760899062720939921734142361138587845236034,0xb215decbedd846168842f6e207f09bd5f50ce51d2191f238887d976ec21b6f66,1775286059,2026-04-04T07:00:59+00:00,0.045,clob_prices_history
52035147432985774092509040925165515760899062720939921734142361138587845236034,0xb215decbedd846168842f6e207f09bd5f50ce51d2191f238887d976ec21b6f66,1775286952,2026-04-04T07:15:52+00:00,0.045,clob_prices_history
52035147432985774092509040925165515760899062720939921734142361138587845236034,0xb215decbedd846168842f6e207f09bd5f50ce51d2191f238887d976ec21b6f66,1775288757,2026-04-04T07:45:57+00:00,0.045,clob_prices_history
52035147432985774092509040925165515760899062720939921734142361138587845236034,0xb215decbedd846168842f6e207f09bd5f50ce51d2191f238887d976ec21b6f66,1775290553,2026-04-04T08:15:53+00:00,0.045,clob_prices_history
52035147432985774092509040925165515760899062720939921734142361138587845236034,0xb215decbedd846168842f6e207f09bd5f50ce51d2191f238887d976ec21b6f66,1775292352,2026-04-04T08:45:52+00:00,0.045,clob_prices_history
52035147432985774092509040925165515760899062720939921734142361138587845236034,0xb215decbedd846168842f6e207f09bd5f50ce51d2191f238887d976ec21b6f66,1775295954,2026-04-04T09:45:54+00:00,0.045,clob_prices_history
52035147432985774092509040925165515760899062720939921734142361138587845236034,0xb215decbedd846168842f6e207f09bd5f50ce51d2191f238887d976ec21b6f66,1775301353,2026-04-04T11:15:53+00:00,0.045,clob_prices_history
52035147432985774092509040925165515760899062720939921734142361138587845236034,0xb215decbedd846168842f6e207f09bd5f50ce51d2191f238887d976ec21b6f66,1775303156,2026-04-04T11:45:56+00:00,0.045,clob_prices_history
52035147432985774092509040925165515760899062720939921734142361138587845236034,0xb215decbedd846168842f6e207f09bd5f50ce51d2191f238887d976ec21b6f66,1775304951,2026-04-04T12:15:51+00:00,0.045,clob_prices_history
52035147432985774092509040925165515760899062720939921734142361138587845236034,0xb215decbedd846168842f6e207f09bd5f50ce51d2191f238887d976ec21b6f66,1775306755,2026-04-04T12:45:55+00:00,0.045,clob_prices_history
52035147432985774092509040925165515760899062720939921734142361138587845236034,0xb215decbedd846168842f6e207f09bd5f50ce51d2191f238887d976ec21b6f66,1775308501,2026-04-04T13:15:01+00:00,0.045,clob_prices_history
52035147432985774092509040925165515760899062720939921734142361138587845236034,0xb215decbedd846168842f6e207f09bd5f50ce51d2191f238887d976ec21b6f66,1775310301,2026-04-04T13:45:01+00:00,0.045,clob_prices_history
52035147432985774092509040925165515760899062720939921734142361138587845236034,0xb215decbedd846168842f6e207f09bd5f50ce51d2191f238887d976ec21b6f66,1775310356,2026-04-04T13:45:56+00:00,0.045,clob_prices_history
52035147432985774092509040925165515760899062720939921734142361138587845236034,0xb215decbedd846168842f6e207f09bd5f50ce51d2191f238887d976ec21b6f66,1775311209,2026-04-04T14:00:09+00:00,0.045,clob_prices_history
52035147432985774092509040925165515760899062720939921734142361138587845236034,0xb215decbedd846168842f6e207f09bd5f50ce51d2191f238887d976ec21b6f66,1775312153,2026-04-04T14:15:53+00:00,0.045,clob_prices_history
52035147432985774092509040925165515760899062720939921734142361138587845236034,0xb215decbedd846168842f6e207f09bd5f50ce51d2191f238887d976ec21b6f66,1775313952,2026-04-04T14:45:52+00:00,0.045,clob_prices_history
52035147432985774092509040925165515760899062720939921734142361138587845236034,0xb215decbedd846168842f6e207f09bd5f50ce51d2191f238887d976ec21b6f66,1775317555,2026-04-04T15:45:55+00:00,0.036,clob_prices_history
52035147432985774092509040925165515760899062720939921734142361138587845236034,0xb215decbedd846168842f6e207f09bd5f50ce51d2191f238887d976ec21b6f66,1775319352,2026-04-04T16:15:52+00:00,0.035,clob_prices_history
52035147432985774092509040925165515760899062720939921734142361138587845236034,0xb215decbedd846168842f6e207f09bd5f50ce51d2191f238887d976ec21b6f66,1775321155,2026-04-04T16:45:55+00:00,0.035,clob_prices_history
52035147432985774092509040925165515760899062720939921734142361138587845236034,0xb215decbedd846168842f6e207f09bd5f50ce51d2191f238887d976ec21b6f66,1775322018,2026-04-04T17:00:18+00:00,0.0355,clob_prices_history
52035147432985774092509040925165515760899062720939921734142361138587845236034,0xb215decbedd846168842f6e207f09bd5f50ce51d2191f238887d976ec21b6f66,1775322953,2026-04-04T17:15:53+00:00,0.0355,clob_prices_history
52035147432985774092509040925165515760899062720939921734142361138587845236034,0xb215decbedd846168842f6e207f09bd5f50ce51d2191f238887d976ec21b6f66,1775323814,2026-04-04T17:30:14+00:00,0.0355,clob_prices_history
52035147432985774092509040925165515760899062720939921734142361138587845236034,0xb215decbedd846168842f6e207f09bd5f50ce51d2191f238887d976ec21b6f66,1775324756,2026-04-04T17:45:56+00:00,0.0355,clob_prices_history
52035147432985774092509040925165515760899062720939921734142361138587845236034,0xb215decbedd846168842f6e207f09bd5f50ce51d2191f238887d976ec21b6f66,1775328303,2026-04-04T18:45:03+00:00,0.036,clob_prices_history
52035147432985774092509040925165515760899062720939921734142361138587845236034,0xb215decbedd846168842f6e207f09bd5f50ce51d2191f238887d976ec21b6f66,1775328356,2026-04-04T18:45:56+00:00,0.036,clob_prices_history
52035147432985774092509040925165515760899062720939921734142361138587845236034,0xb215decbedd846168842f6e207f09bd5f50ce51d2191f238887d976ec21b6f66,1775329214,2026-04-04T19:00:14+00:00,0.036,clob_prices_history
52035147432985774092509040925165515760899062720939921734142361138587845236034,0xb215decbedd846168842f6e207f09bd5f50ce51d2191f238887d976ec21b6f66,1775331951,2026-04-04T19:45:51+00:00,0.0355,clob_prices_history
52035147432985774092509040925165515760899062720939921734142361138587845236034,0xb215decbedd846168842f6e207f09bd5f50ce51d2191f238887d976ec21b6f66,1775333752,2026-04-04T20:15:52+00:00,0.0375,clob_prices_history
52035147432985774092509040925165515760899062720939921734142361138587845236034,0xb215decbedd846168842f6e207f09bd5f50ce51d2191f238887d976ec21b6f66,1775337350,2026-04-04T21:15:50+00:00,0.0365,clob_prices_history
52035147432985774092509040925165515760899062720939921734142361138587845236034,0xb215decbedd846168842f6e207f09bd5f50ce51d2191f238887d976ec21b6f66,1775339127,2026-04-04T21:45:27+00:00,0.0365,clob_prices_history
52035147432985774092509040925165515760899062720939921734142361138587845236034,0xb215decbedd846168842f6e207f09bd5f50ce51d2191f238887d976ec21b6f66,1775340951,2026-04-04T22:15:51+00:00,0.0365,clob_prices_history
52035147432985774092509040925165515760899062720939921734142361138587845236034,0xb215decbedd846168842f6e207f09bd5f50ce51d2191f238887d976ec21b6f66,1775345419,2026-04-04T23:30:19+00:00,0.0375,clob_prices_history
52035147432985774092509040925165515760899062720939921734142361138587845236034,0xb215decbedd846168842f6e207f09bd5f50ce51d2191f238887d976ec21b6f66,1775346301,2026-04-04T23:45:01+00:00,0.0375,clob_prices_history
52035147432985774092509040925165515760899062720939921734142361138587845236034,0xb215decbedd846168842f6e207f09bd5f50ce51d2191f238887d976ec21b6f66,1775346357,2026-04-04T23:45:57+00:00,0.0375,clob_prices_history
52035147432985774092509040925165515760899062720939921734142361138587845236034,0xb215decbedd846168842f6e207f09bd5f50ce51d2191f238887d976ec21b6f66,1775347223,2026-04-05T00:00:23+00:00,0.0375,clob_prices_history
52035147432985774092509040925165515760899062720939921734142361138587845236034,0xb215decbedd846168842f6e207f09bd5f50ce51d2191f238887d976ec21b6f66,1775348151,2026-04-05T00:15:51+00:00,0.0375,clob_prices_history
52035147432985774092509040925165515760899062720939921734142361138587845236034,0xb215decbedd846168842f6e207f09bd5f50ce51d2191f238887d976ec21b6f66,1775349956,2026-04-05T00:45:56+00:00,0.0375,clob_prices_history
52035147432985774092509040925165515760899062720939921734142361138587845236034,0xb215decbedd846168842f6e207f09bd5f50ce51d2191f238887d976ec21b6f66,1775350800,2026-04-05T01:00:00+00:00,0.0375,clob_prices_history
52035147432985774092509040925165515760899062720939921734142361138587845236034,0xb215decbedd846168842f6e207f09bd5f50ce51d2191f238887d976ec21b6f66,1775353550,2026-04-05T01:45:50+00:00,0.0375,clob_prices_history
52035147432985774092509040925165515760899062720939921734142361138587845236034,0xb215decbedd846168842f6e207f09bd5f50ce51d2191f238887d976ec21b6f66,1775355349,2026-04-05T02:15:49+00:00,0.0375,clob_prices_history
52035147432985774092509040925165515760899062720939921734142361138587845236034,0xb215decbedd846168842f6e207f09bd5f50ce51d2191f238887d976ec21b6f66,1775357150,2026-04-05T02:45:50+00:00,0.0375,clob_prices_history
52035147432985774092509040925165515760899062720939921734142361138587845236034,0xb215decbedd846168842f6e207f09bd5f50ce51d2191f238887d976ec21b6f66,1775360748,2026-04-05T03:45:48+00:00,0.0375,clob_prices_history
52035147432985774092509040925165515760899062720939921734142361138587845236034,0xb215decbedd846168842f6e207f09bd5f50ce51d2191f238887d976ec21b6f66,1775362551,2026-04-05T04:15:51+00:00,0.0375,clob_prices_history
52035147432985774092509040925165515760899062720939921734142361138587845236034,0xb215decbedd846168842f6e207f09bd5f50ce51d2191f238887d976ec21b6f66,1775364349,2026-04-05T04:45:49+00:00,0.038,clob_prices_history
52035147432985774092509040925165515760899062720939921734142361138587845236034,0xb215decbedd846168842f6e207f09bd5f50ce51d2191f238887d976ec21b6f66,1775366153,2026-04-05T05:15:53+00:00,0.038,clob_prices_history
52035147432985774092509040925165515760899062720939921734142361138587845236034,0xb215decbedd846168842f6e207f09bd5f50ce51d2191f238887d976ec21b6f66,1775367950,2026-04-05T05:45:50+00:00,0.038,clob_prices_history
52035147432985774092509040925165515760899062720939921734142361138587845236034,0xb215decbedd846168842f6e207f09bd5f50ce51d2191f238887d976ec21b6f66,1775369752,2026-04-05T06:15:52+00:00,0.0385,clob_prices_history
52035147432985774092509040925165515760899062720939921734142361138587845236034,0xb215decbedd846168842f6e207f09bd5f50ce51d2191f238887d976ec21b6f66,1775371550,2026-04-05T06:45:50+00:00,0.0385,clob_prices_history
52035147432985774092509040925165515760899062720939921734142361138587845236034,0xb215decbedd846168842f6e207f09bd5f50ce51d2191f238887d976ec21b6f66,1775373352,2026-04-05T07:15:52+00:00,0.039,clob_prices_history
52035147432985774092509040925165515760899062720939921734142361138587845236034,0xb215decbedd846168842f6e207f09bd5f50ce51d2191f238887d976ec21b6f66,1775375102,2026-04-05T07:45:02+00:00,0.039,clob_prices_history
52035147432985774092509040925165515760899062720939921734142361138587845236034,0xb215decbedd846168842f6e207f09bd5f50ce51d2191f238887d976ec21b6f66,1775375157,2026-04-05T07:45:57+00:00,0.039,clob_prices_history
52035147432985774092509040925165515760899062720939921734142361138587845236034,0xb215decbedd846168842f6e207f09bd5f50ce51d2191f238887d976ec21b6f66,1775376950,2026-04-05T08:15:50+00:00,0.0395,clob_prices_history
52035147432985774092509040925165515760899062720939921734142361138587845236034,0xb215decbedd846168842f6e207f09bd5f50ce51d2191f238887d976ec21b6f66,1775378750,2026-04-05T08:45:50+00:00,0.0395,clob_prices_history
52035147432985774092509040925165515760899062720939921734142361138587845236034,0xb215decbedd846168842f6e207f09bd5f50ce51d2191f238887d976ec21b6f66,1775380554,2026-04-05T09:15:54+00:00,0.0425,clob_prices_history
52035147432985774092509040925165515760899062720939921734142361138587845236034,0xb215decbedd846168842f6e207f09bd5f50ce51d2191f238887d976ec21b6f66,1775384151,2026-04-05T10:15:51+00:00,0.0475,clob_prices_history
52035147432985774092509040925165515760899062720939921734142361138587845236034,0xb215decbedd846168842f6e207f09bd5f50ce51d2191f238887d976ec21b6f66,1775385953,2026-04-05T10:45:53+00:00,0.0475,clob_prices_history
52035147432985774092509040925165515760899062720939921734142361138587845236034,0xb215decbedd846168842f6e207f09bd5f50ce51d2191f238887d976ec21b6f66,1775387750,2026-04-05T11:15:50+00:00,0.0475,clob_prices_history
52035147432985774092509040925165515760899062720939921734142361138587845236034,0xb215decbedd846168842f6e207f09bd5f50ce51d2191f238887d976ec21b6f66,1775389551,2026-04-05T11:45:51+00:00,0.0475,clob_prices_history
52035147432985774092509040925165515760899062720939921734142361138587845236034,0xb215decbedd846168842f6e207f09bd5f50ce51d2191f238887d976ec21b6f66,1775391351,2026-04-05T12:15:51+00:00,0.0475,clob_prices_history
52035147432985774092509040925165515760899062720939921734142361138587845236034,0xb215decbedd846168842f6e207f09bd5f50ce51d2191f238887d976ec21b6f66,1775393102,2026-04-05T12:45:02+00:00,0.0475,clob_prices_history
52035147432985774092509040925165515760899062720939921734142361138587845236034,0xb215decbedd846168842f6e207f09bd5f50ce51d2191f238887d976ec21b6f66,1775393158,2026-04-05T12:45:58+00:00,0.0475,clob_prices_history
52035147432985774092509040925165515760899062720939921734142361138587845236034,0xb215decbedd846168842f6e207f09bd5f50ce51d2191f238887d976ec21b6f66,1775394900,2026-04-05T13:15:00+00:00,0.0475,clob_prices_history
52035147432985774092509040925165515760899062720939921734142361138587845236034,0xb215decbedd846168842f6e207f09bd5f50ce51d2191f238887d976ec21b6f66,1775394953,2026-04-05T13:15:53+00:00,0.0475,clob_prices_history
52035147432985774092509040925165515760899062720939921734142361138587845236034,0xb215decbedd846168842f6e207f09bd5f50ce51d2191f238887d976ec21b6f66,1775396757,2026-04-05T13:45:57+00:00,0.0475,clob_prices_history
52035147432985774092509040925165515760899062720939921734142361138587845236034,0xb215decbedd846168842f6e207f09bd5f50ce51d2191f238887d976ec21b6f66,1775397600,2026-04-05T14:00:00+00:00,0.0475,clob_prices_history
52035147432985774092509040925165515760899062720939921734142361138587845236034,0xb215decbedd846168842f6e207f09bd5f50ce51d2191f238887d976ec21b6f66,1775398510,2026-04-05T14:15:10+00:00,0.0475,clob_prices_history
52035147432985774092509040925165515760899062720939921734142361138587845236034,0xb215decbedd846168842f6e207f09bd5f50ce51d2191f238887d976ec21b6f66,1775399410,2026-04-05T14:30:10+00:00,0.0475,clob_prices_history
52035147432985774092509040925165515760899062720939921734142361138587845236034,0xb215decbedd846168842f6e207f09bd5f50ce51d2191f238887d976ec21b6f66,1775400353,2026-04-05T14:45:53+00:00,0.0475,clob_prices_history
52035147432985774092509040925165515760899062720939921734142361138587845236034,0xb215decbedd846168842f6e207f09bd5f50ce51d2191f238887d976ec21b6f66,1775402104,2026-04-05T15:15:04+00:00,0.0475,clob_prices_history
52035147432985774092509040925165515760899062720939921734142361138587845236034,0xb215decbedd846168842f6e207f09bd5f50ce51d2191f238887d976ec21b6f66,1775403959,2026-04-05T15:45:59+00:00,0.0475,clob_prices_history
52035147432985774092509040925165515760899062720939921734142361138587845236034,0xb215decbedd846168842f6e207f09bd5f50ce51d2191f238887d976ec21b6f66,1775405758,2026-04-05T16:15:58+00:00,0.0475,clob_prices_history
52035147432985774092509040925165515760899062720939921734142361138587845236034,0xb215decbedd846168842f6e207f09bd5f50ce51d2191f238887d976ec21b6f66,1775406617,2026-04-05T16:30:17+00:00,0.0475,clob_prices_history
52035147432985774092509040925165515760899062720939921734142361138587845236034,0xb215decbedd846168842f6e207f09bd5f50ce51d2191f238887d976ec21b6f66,1775407553,2026-04-05T16:45:53+00:00,0.0475,clob_prices_history
52035147432985774092509040925165515760899062720939921734142361138587845236034,0xb215decbedd846168842f6e207f09bd5f50ce51d2191f238887d976ec21b6f66,1775409350,2026-04-05T17:15:50+00:00,0.0485,clob_prices_history
52035147432985774092509040925165515760899062720939921734142361138587845236034,0xb215decbedd846168842f6e207f09bd5f50ce51d2191f238887d976ec21b6f66,1775410204,2026-04-05T17:30:04+00:00,0.046,clob_prices_history
52035147432985774092509040925165515760899062720939921734142361138587845236034,0xb215decbedd846168842f6e207f09bd5f50ce51d2191f238887d976ec21b6f66,1775411150,2026-04-05T17:45:50+00:00,0.046,clob_prices_history
52035147432985774092509040925165515760899062720939921734142361138587845236034,0xb215decbedd846168842f6e207f09bd5f50ce51d2191f238887d976ec21b6f66,1775412951,2026-04-05T18:15:51+00:00,0.0455,clob_prices_history
52035147432985774092509040925165515760899062720939921734142361138587845236034,0xb215decbedd846168842f6e207f09bd5f50ce51d2191f238887d976ec21b6f66,1775414750,2026-04-05T18:45:50+00:00,0.048,clob_prices_history
52035147432985774092509040925165515760899062720939921734142361138587845236034,0xb215decbedd846168842f6e207f09bd5f50ce51d2191f238887d976ec21b6f66,1775416550,2026-04-05T19:15:50+00:00,0.048,clob_prices_history
52035147432985774092509040925165515760899062720939921734142361138587845236034,0xb215decbedd846168842f6e207f09bd5f50ce51d2191f238887d976ec21b6f66,1775417432,2026-04-05T19:30:32+00:00,0.048,clob_prices_history
52035147432985774092509040925165515760899062720939921734142361138587845236034,0xb215decbedd846168842f6e207f09bd5f50ce51d2191f238887d976ec21b6f66,1775418350,2026-04-05T19:45:50+00:00,0.048,clob_prices_history
52035147432985774092509040925165515760899062720939921734142361138587845236034,0xb215decbedd846168842f6e207f09bd5f50ce51d2191f238887d976ec21b6f66,1775420152,2026-04-05T20:15:52+00:00,0.048,clob_prices_history
52035147432985774092509040925165515760899062720939921734142361138587845236034,0xb215decbedd846168842f6e207f09bd5f50ce51d2191f238887d976ec21b6f66,1775421900,2026-04-05T20:45:00+00:00,0.048,clob_prices_history
52035147432985774092509040925165515760899062720939921734142361138587845236034,0xb215decbedd846168842f6e207f09bd5f50ce51d2191f238887d976ec21b6f66,1775421953,2026-04-05T20:45:53+00:00,0.048,clob_prices_history
52035147432985774092509040925165515760899062720939921734142361138587845236034,0xb215decbedd846168842f6e207f09bd5f50ce51d2191f238887d976ec21b6f66,1775422813,2026-04-05T21:00:13+00:00,0.048,clob_prices_history
52035147432985774092509040925165515760899062720939921734142361138587845236034,0xb215decbedd846168842f6e207f09bd5f50ce51d2191f238887d976ec21b6f66,1775423748,2026-04-05T21:15:48+00:00,0.048,clob_prices_history
52035147432985774092509040925165515760899062720939921734142361138587845236034,0xb215decbedd846168842f6e207f09bd5f50ce51d2191f238887d976ec21b6f66,1775425549,2026-04-05T21:45:49+00:00,0.048,clob_prices_history
52035147432985774092509040925165515760899062720939921734142361138587845236034,0xb215decbedd846168842f6e207f09bd5f50ce51d2191f238887d976ec21b6f66,1775427353,2026-04-05T22:15:53+00:00,0.048,clob_prices_history
52035147432985774092509040925165515760899062720939921734142361138587845236034,0xb215decbedd846168842f6e207f09bd5f50ce51d2191f238887d976ec21b6f66,1775429157,2026-04-05T22:45:57+00:00,0.048,clob_prices_history
52035147432985774092509040925165515760899062720939921734142361138587845236034,0xb215decbedd846168842f6e207f09bd5f50ce51d2191f238887d976ec21b6f66,1775430957,2026-04-05T23:15:57+00:00,0.048,clob_prices_history
52035147432985774092509040925165515760899062720939921734142361138587845236034,0xb215decbedd846168842f6e207f09bd5f50ce51d2191f238887d976ec21b6f66,1775432753,2026-04-05T23:45:53+00:00,0.0475,clob_prices_history
52035147432985774092509040925165515760899062720939921734142361138587845236034,0xb215decbedd846168842f6e207f09bd5f50ce51d2191f238887d976ec21b6f66,1775438105,2026-04-06T01:15:05+00:00,0.0465,clob_prices_history
52035147432985774092509040925165515760899062720939921734142361138587845236034,0xb215decbedd846168842f6e207f09bd5f50ce51d2191f238887d976ec21b6f66,1775441754,2026-04-06T02:15:54+00:00,0.0465,clob_prices_history
52035147432985774092509040925165515760899062720939921734142361138587845236034,0xb215decbedd846168842f6e207f09bd5f50ce51d2191f238887d976ec21b6f66,1775443554,2026-04-06T02:45:54+00:00,0.0465,clob_prices_history
52035147432985774092509040925165515760899062720939921734142361138587845236034,0xb215decbedd846168842f6e207f09bd5f50ce51d2191f238887d976ec21b6f66,1775448951,2026-04-06T04:15:51+00:00,0.0465,clob_prices_history
52035147432985774092509040925165515760899062720939921734142361138587845236034,0xb215decbedd846168842f6e207f09bd5f50ce51d2191f238887d976ec21b6f66,1775450751,2026-04-06T04:45:51+00:00,0.047,clob_prices_history
52035147432985774092509040925165515760899062720939921734142361138587845236034,0xb215decbedd846168842f6e207f09bd5f50ce51d2191f238887d976ec21b6f66,1775452553,2026-04-06T05:15:53+00:00,0.0475,clob_prices_history
52035147432985774092509040925165515760899062720939921734142361138587845236034,0xb215decbedd846168842f6e207f09bd5f50ce51d2191f238887d976ec21b6f66,1775454352,2026-04-06T05:45:52+00:00,0.047,clob_prices_history
52035147432985774092509040925165515760899062720939921734142361138587845236034,0xb215decbedd846168842f6e207f09bd5f50ce51d2191f238887d976ec21b6f66,1775456153,2026-04-06T06:15:53+00:00,0.047,clob_prices_history
52035147432985774092509040925165515760899062720939921734142361138587845236034,0xb215decbedd846168842f6e207f09bd5f50ce51d2191f238887d976ec21b6f66,1775457001,2026-04-06T06:30:01+00:00,0.047,clob_prices_history
52035147432985774092509040925165515760899062720939921734142361138587845236034,0xb215decbedd846168842f6e207f09bd5f50ce51d2191f238887d976ec21b6f66,1775457950,2026-04-06T06:45:50+00:00,0.047,clob_prices_history
52035147432985774092509040925165515760899062720939921734142361138587845236034,0xb215decbedd846168842f6e207f09bd5f50ce51d2191f238887d976ec21b6f66,1775461504,2026-04-06T07:45:04+00:00,0.047,clob_prices_history
52035147432985774092509040925165515760899062720939921734142361138587845236034,0xb215decbedd846168842f6e207f09bd5f50ce51d2191f238887d976ec21b6f66,1775463356,2026-04-06T08:15:56+00:00,0.047,clob_prices_history
52035147432985774092509040925165515760899062720939921734142361138587845236034,0xb215decbedd846168842f6e207f09bd5f50ce51d2191f238887d976ec21b6f66,1775465152,2026-04-06T08:45:52+00:00,0.0475,clob_prices_history
52035147432985774092509040925165515760899062720939921734142361138587845236034,0xb215decbedd846168842f6e207f09bd5f50ce51d2191f238887d976ec21b6f66,1775466013,2026-04-06T09:00:13+00:00,0.048,clob_prices_history
52035147432985774092509040925165515760899062720939921734142361138587845236034,0xb215decbedd846168842f6e207f09bd5f50ce51d2191f238887d976ec21b6f66,1775466950,2026-04-06T09:15:50+00:00,0.048,clob_prices_history
52035147432985774092509040925165515760899062720939921734142361138587845236034,0xb215decbedd846168842f6e207f09bd5f50ce51d2191f238887d976ec21b6f66,1775468755,2026-04-06T09:45:55+00:00,0.048,clob_prices_history
52035147432985774092509040925165515760899062720939921734142361138587845236034,0xb215decbedd846168842f6e207f09bd5f50ce51d2191f238887d976ec21b6f66,1775470551,2026-04-06T10:15:51+00:00,0.048,clob_prices_history
52035147432985774092509040925165515760899062720939921734142361138587845236034,0xb215decbedd846168842f6e207f09bd5f50ce51d2191f238887d976ec21b6f66,1775474154,2026-04-06T11:15:54+00:00,0.0495,clob_prices_history
52035147432985774092509040925165515760899062720939921734142361138587845236034,0xb215decbedd846168842f6e207f09bd5f50ce51d2191f238887d976ec21b6f66,1775475011,2026-04-06T11:30:11+00:00,0.0495,clob_prices_history
52035147432985774092509040925165515760899062720939921734142361138587845236034,0xb215decbedd846168842f6e207f09bd5f50ce51d2191f238887d976ec21b6f66,1775475951,2026-04-06T11:45:51+00:00,0.0495,clob_prices_history
52035147432985774092509040925165515760899062720939921734142361138587845236034,0xb215decbedd846168842f6e207f09bd5f50ce51d2191f238887d976ec21b6f66,1775477751,2026-04-06T12:15:51+00:00,0.0495,clob_prices_history
52035147432985774092509040925165515760899062720939921734142361138587845236034,0xb215decbedd846168842f6e207f09bd5f50ce51d2191f238887d976ec21b6f66,1775478606,2026-04-06T12:30:06+00:00,0.049,clob_prices_history
52035147432985774092509040925165515760899062720939921734142361138587845236034,0xb215decbedd846168842f6e207f09bd5f50ce51d2191f238887d976ec21b6f66,1775479558,2026-04-06T12:45:58+00:00,0.049,clob_prices_history
52035147432985774092509040925165515760899062720939921734142361138587845236034,0xb215decbedd846168842f6e207f09bd5f50ce51d2191f238887d976ec21b6f66,1775481355,2026-04-06T13:15:55+00:00,0.049,clob_prices_history
52035147432985774092509040925165515760899062720939921734142361138587845236034,0xb215decbedd846168842f6e207f09bd5f50ce51d2191f238887d976ec21b6f66,1775483155,2026-04-06T13:45:55+00:00,0.0475,clob_prices_history
52035147432985774092509040925165515760899062720939921734142361138587845236034,0xb215decbedd846168842f6e207f09bd5f50ce51d2191f238887d976ec21b6f66,1775484954,2026-04-06T14:15:54+00:00,0.0475,clob_prices_history
52035147432985774092509040925165515760899062720939921734142361138587845236034,0xb215decbedd846168842f6e207f09bd5f50ce51d2191f238887d976ec21b6f66,1775486752,2026-04-06T14:45:52+00:00,0.0485,clob_prices_history
52035147432985774092509040925165515760899062720939921734142361138587845236034,0xb215decbedd846168842f6e207f09bd5f50ce51d2191f238887d976ec21b6f66,1775488554,2026-04-06T15:15:54+00:00,0.0485,clob_prices_history
52035147432985774092509040925165515760899062720939921734142361138587845236034,0xb215decbedd846168842f6e207f09bd5f50ce51d2191f238887d976ec21b6f66,1775489402,2026-04-06T15:30:02+00:00,0.0485,clob_prices_history
52035147432985774092509040925165515760899062720939921734142361138587845236034,0xb215decbedd846168842f6e207f09bd5f50ce51d2191f238887d976ec21b6f66,1775490353,2026-04-06T15:45:53+00:00,0.048,clob_prices_history
52035147432985774092509040925165515760899062720939921734142361138587845236034,0xb215decbedd846168842f6e207f09bd5f50ce51d2191f238887d976ec21b6f66,1775491210,2026-04-06T16:00:10+00:00,0.048,clob_prices_history
52035147432985774092509040925165515760899062720939921734142361138587845236034,0xb215decbedd846168842f6e207f09bd5f50ce51d2191f238887d976ec21b6f66,1775493957,2026-04-06T16:45:57+00:00,0.048,clob_prices_history
52035147432985774092509040925165515760899062720939921734142361138587845236034,0xb215decbedd846168842f6e207f09bd5f50ce51d2191f238887d976ec21b6f66,1775495753,2026-04-06T17:15:53+00:00,0.048,clob_prices_history
52035147432985774092509040925165515760899062720939921734142361138587845236034,0xb215decbedd846168842f6e207f09bd5f50ce51d2191f238887d976ec21b6f66,1775497505,2026-04-06T17:45:05+00:00,0.048,clob_prices_history
52035147432985774092509040925165515760899062720939921734142361138587845236034,0xb215decbedd846168842f6e207f09bd5f50ce51d2191f238887d976ec21b6f66,1775498451,2026-04-06T18:00:51+00:00,0.048,clob_prices_history
52035147432985774092509040925165515760899062720939921734142361138587845236034,0xb215decbedd846168842f6e207f09bd5f50ce51d2191f238887d976ec21b6f66,1775500250,2026-04-06T18:30:50+00:00,0.048,clob_prices_history
52035147432985774092509040925165515760899062720939921734142361138587845236034,0xb215decbedd846168842f6e207f09bd5f50ce51d2191f238887d976ec21b6f66,1775501100,2026-04-06T18:45:00+00:00,0.048,clob_prices_history
52035147432985774092509040925165515760899062720939921734142361138587845236034,0xb215decbedd846168842f6e207f09bd5f50ce51d2191f238887d976ec21b6f66,1775502953,2026-04-06T19:15:53+00:00,0.048,clob_prices_history
52035147432985774092509040925165515760899062720939921734142361138587845236034,0xb215decbedd846168842f6e207f09bd5f50ce51d2191f238887d976ec21b6f66,1775504757,2026-04-06T19:45:57+00:00,0.048,clob_prices_history
52035147432985774092509040925165515760899062720939921734142361138587845236034,0xb215decbedd846168842f6e207f09bd5f50ce51d2191f238887d976ec21b6f66,1775506501,2026-04-06T20:15:01+00:00,0.048,clob_prices_history
52035147432985774092509040925165515760899062720939921734142361138587845236034,0xb215decbedd846168842f6e207f09bd5f50ce51d2191f238887d976ec21b6f66,1775506558,2026-04-06T20:15:58+00:00,0.048,clob_prices_history
52035147432985774092509040925165515760899062720939921734142361138587845236034,0xb215decbedd846168842f6e207f09bd5f50ce51d2191f238887d976ec21b6f66,1775508352,2026-04-06T20:45:52+00:00,0.048,clob_prices_history
52035147432985774092509040925165515760899062720939921734142361138587845236034,0xb215decbedd846168842f6e207f09bd5f50ce51d2191f238887d976ec21b6f66,1775518229,2026-04-06T23:30:29+00:00,0.048,clob_prices_history
52035147432985774092509040925165515760899062720939921734142361138587845236034,0xb215decbedd846168842f6e207f09bd5f50ce51d2191f238887d976ec21b6f66,1775519125,2026-04-06T23:45:25+00:00,0.048,clob_prices_history
52035147432985774092509040925165515760899062720939921734142361138587845236034,0xb215decbedd846168842f6e207f09bd5f50ce51d2191f238887d976ec21b6f66,1775520955,2026-04-07T00:15:55+00:00,0.048,clob_prices_history
52035147432985774092509040925165515760899062720939921734142361138587845236034,0xb215decbedd846168842f6e207f09bd5f50ce51d2191f238887d976ec21b6f66,1775521811,2026-04-07T00:30:11+00:00,0.0475,clob_prices_history
52035147432985774092509040925165515760899062720939921734142361138587845236034,0xb215decbedd846168842f6e207f09bd5f50ce51d2191f238887d976ec21b6f66,1775522750,2026-04-07T00:45:50+00:00,0.047,clob_prices_history
52035147432985774092509040925165515760899062720939921734142361138587845236034,0xb215decbedd846168842f6e207f09bd5f50ce51d2191f238887d976ec21b6f66,1775524556,2026-04-07T01:15:56+00:00,0.047,clob_prices_history
52035147432985774092509040925165515760899062720939921734142361138587845236034,0xb215decbedd846168842f6e207f09bd5f50ce51d2191f238887d976ec21b6f66,1775529950,2026-04-07T02:45:50+00:00,0.047,clob_prices_history
52035147432985774092509040925165515760899062720939921734142361138587845236034,0xb215decbedd846168842f6e207f09bd5f50ce51d2191f238887d976ec21b6f66,1775531749,2026-04-07T03:15:49+00:00,0.047,clob_prices_history
52035147432985774092509040925165515760899062720939921734142361138587845236034,0xb215decbedd846168842f6e207f09bd5f50ce51d2191f238887d976ec21b6f66,1775533506,2026-04-07T03:45:06+00:00,0.0465,clob_prices_history
52035147432985774092509040925165515760899062720939921734142361138587845236034,0xb215decbedd846168842f6e207f09bd5f50ce51d2191f238887d976ec21b6f66,1775535350,2026-04-07T04:15:50+00:00,0.0465,clob_prices_history
52035147432985774092509040925165515760899062720939921734142361138587845236034,0xb215decbedd846168842f6e207f09bd5f50ce51d2191f238887d976ec21b6f66,1775537154,2026-04-07T04:45:54+00:00,0.0465,clob_prices_history
52035147432985774092509040925165515760899062720939921734142361138587845236034,0xb215decbedd846168842f6e207f09bd5f50ce51d2191f238887d976ec21b6f66,1775538956,2026-04-07T05:15:56+00:00,0.0465,clob_prices_history
52035147432985774092509040925165515760899062720939921734142361138587845236034,0xb215decbedd846168842f6e207f09bd5f50ce51d2191f238887d976ec21b6f66,1775539804,2026-04-07T05:30:04+00:00,0.0465,clob_prices_history
52035147432985774092509040925165515760899062720939921734142361138587845236034,0xb215decbedd846168842f6e207f09bd5f50ce51d2191f238887d976ec21b6f66,1775540753,2026-04-07T05:45:53+00:00,0.0465,clob_prices_history
52035147432985774092509040925165515760899062720939921734142361138587845236034,0xb215decbedd846168842f6e207f09bd5f50ce51d2191f238887d976ec21b6f66,1775541610,2026-04-07T06:00:10+00:00,0.0465,clob_prices_history
52035147432985774092509040925165515760899062720939921734142361138587845236034,0xb215decbedd846168842f6e207f09bd5f50ce51d2191f238887d976ec21b6f66,1775542553,2026-04-07T06:15:53+00:00,0.0465,clob_prices_history
52035147432985774092509040925165515760899062720939921734142361138587845236034,0xb215decbedd846168842f6e207f09bd5f50ce51d2191f238887d976ec21b6f66,1775544354,2026-04-07T06:45:54+00:00,0.0465,clob_prices_history
52035147432985774092509040925165515760899062720939921734142361138587845236034,0xb215decbedd846168842f6e207f09bd5f50ce51d2191f238887d976ec21b6f66,1775546150,2026-04-07T07:15:50+00:00,0.0465,clob_prices_history
52035147432985774092509040925165515760899062720939921734142361138587845236034,0xb215decbedd846168842f6e207f09bd5f50ce51d2191f238887d976ec21b6f66,1775547951,2026-04-07T07:45:51+00:00,0.0465,clob_prices_history
52035147432985774092509040925165515760899062720939921734142361138587845236034,0xb215decbedd846168842f6e207f09bd5f50ce51d2191f238887d976ec21b6f66,1775549752,2026-04-07T08:15:52+00:00,0.0465,clob_prices_history
52035147432985774092509040925165515760899062720939921734142361138587845236034,0xb215decbedd846168842f6e207f09bd5f50ce51d2191f238887d976ec21b6f66,1775550612,2026-04-07T08:30:12+00:00,0.0465,clob_prices_history
52035147432985774092509040925165515760899062720939921734142361138587845236034,0xb215decbedd846168842f6e207f09bd5f50ce51d2191f238887d976ec21b6f66,1775551551,2026-04-07T08:45:51+00:00,0.0465,clob_prices_history
52035147432985774092509040925165515760899062720939921734142361138587845236034,0xb215decbedd846168842f6e207f09bd5f50ce51d2191f238887d976ec21b6f66,1775553352,2026-04-07T09:15:52+00:00,0.0455,clob_prices_history
52035147432985774092509040925165515760899062720939921734142361138587845236034,0xb215decbedd846168842f6e207f09bd5f50ce51d2191f238887d976ec21b6f66,1775554205,2026-04-07T09:30:05+00:00,0.0455,clob_prices_history
52035147432985774092509040925165515760899062720939921734142361138587845236034,0xb215decbedd846168842f6e207f09bd5f50ce51d2191f238887d976ec21b6f66,1775555102,2026-04-07T09:45:02+00:00,0.0455,clob_prices_history
52035147432985774092509040925165515760899062720939921734142361138587845236034,0xb215decbedd846168842f6e207f09bd5f50ce51d2191f238887d976ec21b6f66,1775555157,2026-04-07T09:45:57+00:00,0.0455,clob_prices_history
52035147432985774092509040925165515760899062720939921734142361138587845236034,0xb215decbedd846168842f6e207f09bd5f50ce51d2191f238887d976ec21b6f66,1775556952,2026-04-07T10:15:52+00:00,0.0455,clob_prices_history
52035147432985774092509040925165515760899062720939921734142361138587845236034,0xb215decbedd846168842f6e207f09bd5f50ce51d2191f238887d976ec21b6f66,1775558750,2026-04-07T10:45:50+00:00,0.0455,clob_prices_history
52035147432985774092509040925165515760899062720939921734142361138587845236034,0xb215decbedd846168842f6e207f09bd5f50ce51d2191f238887d976ec21b6f66,1775560550,2026-04-07T11:15:50+00:00,0.0455,clob_prices_history
52035147432985774092509040925165515760899062720939921734142361138587845236034,0xb215decbedd846168842f6e207f09bd5f50ce51d2191f238887d976ec21b6f66,1775561421,2026-04-07T11:30:21+00:00,0.0455,clob_prices_history
52035147432985774092509040925165515760899062720939921734142361138587845236034,0xb215decbedd846168842f6e207f09bd5f50ce51d2191f238887d976ec21b6f66,1775562355,2026-04-07T11:45:55+00:00,0.0455,clob_prices_history
52035147432985774092509040925165515760899062720939921734142361138587845236034,0xb215decbedd846168842f6e207f09bd5f50ce51d2191f238887d976ec21b6f66,1775564156,2026-04-07T12:15:56+00:00,0.0455,clob_prices_history
52035147432985774092509040925165515760899062720939921734142361138587845236034,0xb215decbedd846168842f6e207f09bd5f50ce51d2191f238887d976ec21b6f66,1775565953,2026-04-07T12:45:53+00:00,0.0455,clob_prices_history
52035147432985774092509040925165515760899062720939921734142361138587845236034,0xb215decbedd846168842f6e207f09bd5f50ce51d2191f238887d976ec21b6f66,1775567700,2026-04-07T13:15:00+00:00,0.0455,clob_prices_history
52035147432985774092509040925165515760899062720939921734142361138587845236034,0xb215decbedd846168842f6e207f09bd5f50ce51d2191f238887d976ec21b6f66,1775567755,2026-04-07T13:15:55+00:00,0.0455,clob_prices_history
52035147432985774092509040925165515760899062720939921734142361138587845236034,0xb215decbedd846168842f6e207f09bd5f50ce51d2191f238887d976ec21b6f66,1775568630,2026-04-07T13:30:30+00:00,0.0455,clob_prices_history
52035147432985774092509040925165515760899062720939921734142361138587845236034,0xb215decbedd846168842f6e207f09bd5f50ce51d2191f238887d976ec21b6f66,1775569514,2026-04-07T13:45:14+00:00,0.0455,clob_prices_history
52035147432985774092509040925165515760899062720939921734142361138587845236034,0xb215decbedd846168842f6e207f09bd5f50ce51d2191f238887d976ec21b6f66,1775570453,2026-04-07T14:00:53+00:00,0.0455,clob_prices_history
52035147432985774092509040925165515760899062720939921734142361138587845236034,0xb215decbedd846168842f6e207f09bd5f50ce51d2191f238887d976ec21b6f66,1775571314,2026-04-07T14:15:14+00:00,0.0455,clob_prices_history
52035147432985774092509040925165515760899062720939921734142361138587845236034,0xb215decbedd846168842f6e207f09bd5f50ce51d2191f238887d976ec21b6f66,1775572250,2026-04-07T14:30:50+00:00,0.0455,clob_prices_history
52035147432985774092509040925165515760899062720939921734142361138587845236034,0xb215decbedd846168842f6e207f09bd5f50ce51d2191f238887d976ec21b6f66,1775573106,2026-04-07T14:45:06+00:00,0.0455,clob_prices_history
52035147432985774092509040925165515760899062720939921734142361138587845236034,0xb215decbedd846168842f6e207f09bd5f50ce51d2191f238887d976ec21b6f66,1775574911,2026-04-07T15:15:11+00:00,0.0455,clob_prices_history
52035147432985774092509040925165515760899062720939921734142361138587845236034,0xb215decbedd846168842f6e207f09bd5f50ce51d2191f238887d976ec21b6f66,1775576752,2026-04-07T15:45:52+00:00,0.0455,clob_prices_history
52035147432985774092509040925165515760899062720939921734142361138587845236034,0xb215decbedd846168842f6e207f09bd5f50ce51d2191f238887d976ec21b6f66,1775578512,2026-04-07T16:15:12+00:00,0.0455,clob_prices_history
52035147432985774092509040925165515760899062720939921734142361138587845236034,0xb215decbedd846168842f6e207f09bd5f50ce51d2191f238887d976ec21b6f66,1775580356,2026-04-07T16:45:56+00:00,0.0455,clob_prices_history
52035147432985774092509040925165515760899062720939921734142361138587845236034,0xb215decbedd846168842f6e207f09bd5f50ce51d2191f238887d976ec21b6f66,1775581243,2026-04-07T17:00:43+00:00,0.0455,clob_prices_history
52035147432985774092509040925165515760899062720939921734142361138587845236034,0xb215decbedd846168842f6e207f09bd5f50ce51d2191f238887d976ec21b6f66,1775583039,2026-04-07T17:30:39+00:00,0.0455,clob_prices_history
52035147432985774092509040925165515760899062720939921734142361138587845236034,0xb215decbedd846168842f6e207f09bd5f50ce51d2191f238887d976ec21b6f66,1775583954,2026-04-07T17:45:54+00:00,0.0455,clob_prices_history
52035147432985774092509040925165515760899062720939921734142361138587845236034,0xb215decbedd846168842f6e207f09bd5f50ce51d2191f238887d976ec21b6f66,1775584857,2026-04-07T18:00:57+00:00,0.0455,clob_prices_history
52035147432985774092509040925165515760899062720939921734142361138587845236034,0xb215decbedd846168842f6e207f09bd5f50ce51d2191f238887d976ec21b6f66,1775585714,2026-04-07T18:15:14+00:00,0.0455,clob_prices_history
52035147432985774092509040925165515760899062720939921734142361138587845236034,0xb215decbedd846168842f6e207f09bd5f50ce51d2191f238887d976ec21b6f66,1775586643,2026-04-07T18:30:43+00:00,0.0455,clob_prices_history
52035147432985774092509040925165515760899062720939921734142361138587845236034,0xb215decbedd846168842f6e207f09bd5f50ce51d2191f238887d976ec21b6f66,1775587538,2026-04-07T18:45:38+00:00,0.0455,clob_prices_history
52035147432985774092509040925165515760899062720939921734142361138587845236034,0xb215decbedd846168842f6e207f09bd5f50ce51d2191f238887d976ec21b6f66,1775588458,2026-04-07T19:00:58+00:00,0.0465,clob_prices_history
52035147432985774092509040925165515760899062720939921734142361138587845236034,0xb215decbedd846168842f6e207f09bd5f50ce51d2191f238887d976ec21b6f66,1775589328,2026-04-07T19:15:28+00:00,0.0465,clob_prices_history
52035147432985774092509040925165515760899062720939921734142361138587845236034,0xb215decbedd846168842f6e207f09bd5f50ce51d2191f238887d976ec21b6f66,1775590206,2026-04-07T19:30:06+00:00,0.0465,clob_prices_history
52035147432985774092509040925165515760899062720939921734142361138587845236034,0xb215decbedd846168842f6e207f09bd5f50ce51d2191f238887d976ec21b6f66,1775591124,2026-04-07T19:45:24+00:00,0.0465,clob_prices_history
52035147432985774092509040925165515760899062720939921734142361138587845236034,0xb215decbedd846168842f6e207f09bd5f50ce51d2191f238887d976ec21b6f66,1775592002,2026-04-07T20:00:02+00:00,0.0465,clob_prices_history
52035147432985774092509040925165515760899062720939921734142361138587845236034,0xb215decbedd846168842f6e207f09bd5f50ce51d2191f238887d976ec21b6f66,1775592954,2026-04-07T20:15:54+00:00,0.0465,clob_prices_history
52035147432985774092509040925165515760899062720939921734142361138587845236034,0xb215decbedd846168842f6e207f09bd5f50ce51d2191f238887d976ec21b6f66,1775594752,2026-04-07T20:45:52+00:00,0.0465,clob_prices_history
52035147432985774092509040925165515760899062720939921734142361138587845236034,0xb215decbedd846168842f6e207f09bd5f50ce51d2191f238887d976ec21b6f66,1775598304,2026-04-07T21:45:04+00:00,0.0445,clob_prices_history
52035147432985774092509040925165515760899062720939921734142361138587845236034,0xb215decbedd846168842f6e207f09bd5f50ce51d2191f238887d976ec21b6f66,1775599201,2026-04-07T22:00:01+00:00,0.0455,clob_prices_history
52035147432985774092509040925165515760899062720939921734142361138587845236034,0xb215decbedd846168842f6e207f09bd5f50ce51d2191f238887d976ec21b6f66,1775600157,2026-04-07T22:15:57+00:00,0.0455,clob_prices_history
52035147432985774092509040925165515760899062720939921734142361138587845236034,0xb215decbedd846168842f6e207f09bd5f50ce51d2191f238887d976ec21b6f66,1775601013,2026-04-07T22:30:13+00:00,0.0455,clob_prices_history
52035147432985774092509040925165515760899062720939921734142361138587845236034,0xb215decbedd846168842f6e207f09bd5f50ce51d2191f238887d976ec21b6f66,1775601909,2026-04-07T22:45:09+00:00,0.0455,clob_prices_history
52035147432985774092509040925165515760899062720939921734142361138587845236034,0xb215decbedd846168842f6e207f09bd5f50ce51d2191f238887d976ec21b6f66,1775603732,2026-04-07T23:15:32+00:00,0.0455,clob_prices_history
52035147432985774092509040925165515760899062720939921734142361138587845236034,0xb215decbedd846168842f6e207f09bd5f50ce51d2191f238887d976ec21b6f66,1775604616,2026-04-07T23:30:16+00:00,0.0475,clob_prices_history
52035147432985774092509040925165515760899062720939921734142361138587845236034,0xb215decbedd846168842f6e207f09bd5f50ce51d2191f238887d976ec21b6f66,1775605549,2026-04-07T23:45:49+00:00,0.0475,clob_prices_history
52035147432985774092509040925165515760899062720939921734142361138587845236034,0xb215decbedd846168842f6e207f09bd5f50ce51d2191f238887d976ec21b6f66,1775609102,2026-04-08T00:45:02+00:00,0.0475,clob_prices_history
52035147432985774092509040925165515760899062720939921734142361138587845236034,0xb215decbedd846168842f6e207f09bd5f50ce51d2191f238887d976ec21b6f66,1775610002,2026-04-08T01:00:02+00:00,0.0475,clob_prices_history
52035147432985774092509040925165515760899062720939921734142361138587845236034,0xb215decbedd846168842f6e207f09bd5f50ce51d2191f238887d976ec21b6f66,1775610957,2026-04-08T01:15:57+00:00,0.0475,clob_prices_history
52035147432985774092509040925165515760899062720939921734142361138587845236034,0xb215decbedd846168842f6e207f09bd5f50ce51d2191f238887d976ec21b6f66,1775612728,2026-04-08T01:45:28+00:00,0.0475,clob_prices_history
52035147432985774092509040925165515760899062720939921734142361138587845236034,0xb215decbedd846168842f6e207f09bd5f50ce51d2191f238887d976ec21b6f66,1775613643,2026-04-08T02:00:43+00:00,0.0475,clob_prices_history
52035147432985774092509040925165515760899062720939921734142361138587845236034,0xb215decbedd846168842f6e207f09bd5f50ce51d2191f238887d976ec21b6f66,1775614553,2026-04-08T02:15:53+00:00,0.0475,clob_prices_history
52035147432985774092509040925165515760899062720939921734142361138587845236034,0xb215decbedd846168842f6e207f09bd5f50ce51d2191f238887d976ec21b6f66,1775618104,2026-04-08T03:15:04+00:00,0.046,clob_prices_history
52035147432985774092509040925165515760899062720939921734142361138587845236034,0xb215decbedd846168842f6e207f09bd5f50ce51d2191f238887d976ec21b6f66,1775619000,2026-04-08T03:30:00+00:00,0.0465,clob_prices_history
52035147432985774092509040925165515760899062720939921734142361138587845236034,0xb215decbedd846168842f6e207f09bd5f50ce51d2191f238887d976ec21b6f66,1775619927,2026-04-08T03:45:27+00:00,0.0465,clob_prices_history
52035147432985774092509040925165515760899062720939921734142361138587845236034,0xb215decbedd846168842f6e207f09bd5f50ce51d2191f238887d976ec21b6f66,1775621735,2026-04-08T04:15:35+00:00,0.047,clob_prices_history
52035147432985774092509040925165515760899062720939921734142361138587845236034,0xb215decbedd846168842f6e207f09bd5f50ce51d2191f238887d976ec21b6f66,1775623540,2026-04-08T04:45:40+00:00,0.047,clob_prices_history
52035147432985774092509040925165515760899062720939921734142361138587845236034,0xb215decbedd846168842f6e207f09bd5f50ce51d2191f238887d976ec21b6f66,1775625305,2026-04-08T05:15:05+00:00,0.047,clob_prices_history
52035147432985774092509040925165515760899062720939921734142361138587845236034,0xb215decbedd846168842f6e207f09bd5f50ce51d2191f238887d976ec21b6f66,1775626256,2026-04-08T05:30:56+00:00,0.0465,clob_prices_history
52035147432985774092509040925165515760899062720939921734142361138587845236034,0xb215decbedd846168842f6e207f09bd5f50ce51d2191f238887d976ec21b6f66,1775628958,2026-04-08T06:15:58+00:00,0.0465,clob_prices_history
52035147432985774092509040925165515760899062720939921734142361138587845236034,0xb215decbedd846168842f6e207f09bd5f50ce51d2191f238887d976ec21b6f66,1775629818,2026-04-08T06:30:18+00:00,0.0465,clob_prices_history
52035147432985774092509040925165515760899062720939921734142361138587845236034,0xb215decbedd846168842f6e207f09bd5f50ce51d2191f238887d976ec21b6f66,1775630755,2026-04-08T06:45:55+00:00,0.048,clob_prices_history
52035147432985774092509040925165515760899062720939921734142361138587845236034,0xb215decbedd846168842f6e207f09bd5f50ce51d2191f238887d976ec21b6f66,1775634316,2026-04-08T07:45:16+00:00,0.0475,clob_prices_history
52035147432985774092509040925165515760899062720939921734142361138587845236034,0xb215decbedd846168842f6e207f09bd5f50ce51d2191f238887d976ec21b6f66,1775637000,2026-04-08T08:30:00+00:00,0.0465,clob_prices_history
52035147432985774092509040925165515760899062720939921734142361138587845236034,0xb215decbedd846168842f6e207f09bd5f50ce51d2191f238887d976ec21b6f66,1775637905,2026-04-08T08:45:05+00:00,0.0465,clob_prices_history
52035147432985774092509040925165515760899062720939921734142361138587845236034,0xb215decbedd846168842f6e207f09bd5f50ce51d2191f238887d976ec21b6f66,1775638820,2026-04-08T09:00:20+00:00,0.046,clob_prices_history
52035147432985774092509040925165515760899062720939921734142361138587845236034,0xb215decbedd846168842f6e207f09bd5f50ce51d2191f238887d976ec21b6f66,1775639753,2026-04-08T09:15:53+00:00,0.046,clob_prices_history
52035147432985774092509040925165515760899062720939921734142361138587845236034,0xb215decbedd846168842f6e207f09bd5f50ce51d2191f238887d976ec21b6f66,1775641505,2026-04-08T09:45:05+00:00,0.046,clob_prices_history
52035147432985774092509040925165515760899062720939921734142361138587845236034,0xb215decbedd846168842f6e207f09bd5f50ce51d2191f238887d976ec21b6f66,1775645158,2026-04-08T10:45:58+00:00,0.044,clob_prices_history
52035147432985774092509040925165515760899062720939921734142361138587845236034,0xb215decbedd846168842f6e207f09bd5f50ce51d2191f238887d976ec21b6f66,1775646952,2026-04-08T11:15:52+00:00,0.044,clob_prices_history
52035147432985774092509040925165515760899062720939921734142361138587845236034,0xb215decbedd846168842f6e207f09bd5f50ce51d2191f238887d976ec21b6f66,1775648705,2026-04-08T11:45:05+00:00,0.044,clob_prices_history
52035147432985774092509040925165515760899062720939921734142361138587845236034,0xb215decbedd846168842f6e207f09bd5f50ce51d2191f238887d976ec21b6f66,1775649659,2026-04-08T12:00:59+00:00,0.044,clob_prices_history
52035147432985774092509040925165515760899062720939921734142361138587845236034,0xb215decbedd846168842f6e207f09bd5f50ce51d2191f238887d976ec21b6f66,1775650559,2026-04-08T12:15:59+00:00,0.044,clob_prices_history
52035147432985774092509040925165515760899062720939921734142361138587845236034,0xb215decbedd846168842f6e207f09bd5f50ce51d2191f238887d976ec21b6f66,1775651449,2026-04-08T12:30:49+00:00,0.044,clob_prices_history
52035147432985774092509040925165515760899062720939921734142361138587845236034,0xb215decbedd846168842f6e207f09bd5f50ce51d2191f238887d976ec21b6f66,1775652343,2026-04-08T12:45:43+00:00,0.044,clob_prices_history
52035147432985774092509040925165515760899062720939921734142361138587845236034,0xb215decbedd846168842f6e207f09bd5f50ce51d2191f238887d976ec21b6f66,1775653257,2026-04-08T13:00:57+00:00,0.044,clob_prices_history
52035147432985774092509040925165515760899062720939921734142361138587845236034,0xb215decbedd846168842f6e207f09bd5f50ce51d2191f238887d976ec21b6f66,1775654122,2026-04-08T13:15:22+00:00,0.044,clob_prices_history
52035147432985774092509040925165515760899062720939921734142361138587845236034,0xb215decbedd846168842f6e207f09bd5f50ce51d2191f238887d976ec21b6f66,1775655050,2026-04-08T13:30:50+00:00,0.044,clob_prices_history
52035147432985774092509040925165515760899062720939921734142361138587845236034,0xb215decbedd846168842f6e207f09bd5f50ce51d2191f238887d976ec21b6f66,1775655915,2026-04-08T13:45:15+00:00,0.044,clob_prices_history
52035147432985774092509040925165515760899062720939921734142361138587845236034,0xb215decbedd846168842f6e207f09bd5f50ce51d2191f238887d976ec21b6f66,1775657752,2026-04-08T14:15:52+00:00,0.0445,clob_prices_history
52035147432985774092509040925165515760899062720939921734142361138587845236034,0xb215decbedd846168842f6e207f09bd5f50ce51d2191f238887d976ec21b6f66,1775658655,2026-04-08T14:30:55+00:00,0.044,clob_prices_history
52035147432985774092509040925165515760899062720939921734142361138587845236034,0xb215decbedd846168842f6e207f09bd5f50ce51d2191f238887d976ec21b6f66,1775659504,2026-04-08T14:45:04+00:00,0.044,clob_prices_history
52035147432985774092509040925165515760899062720939921734142361138587845236034,0xb215decbedd846168842f6e207f09bd5f50ce51d2191f238887d976ec21b6f66,1775660437,2026-04-08T15:00:37+00:00,0.044,clob_prices_history
52035147432985774092509040925165515760899062720939921734142361138587845236034,0xb215decbedd846168842f6e207f09bd5f50ce51d2191f238887d976ec21b6f66,1775661356,2026-04-08T15:15:56+00:00,0.044,clob_prices_history
52035147432985774092509040925165515760899062720939921734142361138587845236034,0xb215decbedd846168842f6e207f09bd5f50ce51d2191f238887d976ec21b6f66,1775662242,2026-04-08T15:30:42+00:00,0.0455,clob_prices_history
52035147432985774092509040925165515760899062720939921734142361138587845236034,0xb215decbedd846168842f6e207f09bd5f50ce51d2191f238887d976ec21b6f66,1775663156,2026-04-08T15:45:56+00:00,0.0445,clob_prices_history
52035147432985774092509040925165515760899062720939921734142361138587845236034,0xb215decbedd846168842f6e207f09bd5f50ce51d2191f238887d976ec21b6f66,1775664907,2026-04-08T16:15:07+00:00,0.044,clob_prices_history
52035147432985774092509040925165515760899062720939921734142361138587845236034,0xb215decbedd846168842f6e207f09bd5f50ce51d2191f238887d976ec21b6f66,1775666706,2026-04-08T16:45:06+00:00,0.044,clob_prices_history
52035147432985774092509040925165515760899062720939921734142361138587845236034,0xb215decbedd846168842f6e207f09bd5f50ce51d2191f238887d976ec21b6f66,1775668500,2026-04-08T17:15:00+00:00,0.0445,clob_prices_history
52035147432985774092509040925165515760899062720939921734142361138587845236034,0xb215decbedd846168842f6e207f09bd5f50ce51d2191f238887d976ec21b6f66,1775668559,2026-04-08T17:15:59+00:00,0.0445,clob_prices_history
52035147432985774092509040925165515760899062720939921734142361138587845236034,0xb215decbedd846168842f6e207f09bd5f50ce51d2191f238887d976ec21b6f66,1775670357,2026-04-08T17:45:57+00:00,0.0455,clob_prices_history
52035147432985774092509040925165515760899062720939921734142361138587845236034,0xb215decbedd846168842f6e207f09bd5f50ce51d2191f238887d976ec21b6f66,1775672102,2026-04-08T18:15:02+00:00,0.0455,clob_prices_history
52035147432985774092509040925165515760899062720939921734142361138587845236034,0xb215decbedd846168842f6e207f09bd5f50ce51d2191f238887d976ec21b6f66,1775675753,2026-04-08T19:15:53+00:00,0.0415,clob_prices_history
52035147432985774092509040925165515760899062720939921734142361138587845236034,0xb215decbedd846168842f6e207f09bd5f50ce51d2191f238887d976ec21b6f66,1775676632,2026-04-08T19:30:32+00:00,0.042,clob_prices_history
52035147432985774092509040925165515760899062720939921734142361138587845236034,0xb215decbedd846168842f6e207f09bd5f50ce51d2191f238887d976ec21b6f66,1775677531,2026-04-08T19:45:31+00:00,0.0425,clob_prices_history
52035147432985774092509040925165515760899062720939921734142361138587845236034,0xb215decbedd846168842f6e207f09bd5f50ce51d2191f238887d976ec21b6f66,1775679344,2026-04-08T20:15:44+00:00,0.039,clob_prices_history
52035147432985774092509040925165515760899062720939921734142361138587845236034,0xb215decbedd846168842f6e207f09bd5f50ce51d2191f238887d976ec21b6f66,1775684721,2026-04-08T21:45:21+00:00,0.039,clob_prices_history
52035147432985774092509040925165515760899062720939921734142361138587845236034,0xb215decbedd846168842f6e207f09bd5f50ce51d2191f238887d976ec21b6f66,1775687410,2026-04-08T22:30:10+00:00,0.039,clob_prices_history
52035147432985774092509040925165515760899062720939921734142361138587845236034,0xb215decbedd846168842f6e207f09bd5f50ce51d2191f238887d976ec21b6f66,1775689248,2026-04-08T23:00:48+00:00,0.039,clob_prices_history
52035147432985774092509040925165515760899062720939921734142361138587845236034,0xb215decbedd846168842f6e207f09bd5f50ce51d2191f238887d976ec21b6f66,1775690156,2026-04-08T23:15:56+00:00,0.039,clob_prices_history
52035147432985774092509040925165515760899062720939921734142361138587845236034,0xb215decbedd846168842f6e207f09bd5f50ce51d2191f238887d976ec21b6f66,1775691013,2026-04-08T23:30:13+00:00,0.0405,clob_prices_history
52035147432985774092509040925165515760899062720939921734142361138587845236034,0xb215decbedd846168842f6e207f09bd5f50ce51d2191f238887d976ec21b6f66,1775691900,2026-04-08T23:45:00+00:00,0.0395,clob_prices_history
52035147432985774092509040925165515760899062720939921734142361138587845236034,0xb215decbedd846168842f6e207f09bd5f50ce51d2191f238887d976ec21b6f66,1775692840,2026-04-09T00:00:40+00:00,0.0395,clob_prices_history
52035147432985774092509040925165515760899062720939921734142361138587845236034,0xb215decbedd846168842f6e207f09bd5f50ce51d2191f238887d976ec21b6f66,1775693752,2026-04-09T00:15:52+00:00,0.0395,clob_prices_history
52035147432985774092509040925165515760899062720939921734142361138587845236034,0xb215decbedd846168842f6e207f09bd5f50ce51d2191f238887d976ec21b6f66,1775694657,2026-04-09T00:30:57+00:00,0.0395,clob_prices_history
52035147432985774092509040925165515760899062720939921734142361138587845236034,0xb215decbedd846168842f6e207f09bd5f50ce51d2191f238887d976ec21b6f66,1775695551,2026-04-09T00:45:51+00:00,0.0395,clob_prices_history
52035147432985774092509040925165515760899062720939921734142361138587845236034,0xb215decbedd846168842f6e207f09bd5f50ce51d2191f238887d976ec21b6f66,1775696456,2026-04-09T01:00:56+00:00,0.0395,clob_prices_history
52035147432985774092509040925165515760899062720939921734142361138587845236034,0xb215decbedd846168842f6e207f09bd5f50ce51d2191f238887d976ec21b6f66,1775697351,2026-04-09T01:15:51+00:00,0.0395,clob_prices_history
52035147432985774092509040925165515760899062720939921734142361138587845236034,0xb215decbedd846168842f6e207f09bd5f50ce51d2191f238887d976ec21b6f66,1775698253,2026-04-09T01:30:53+00:00,0.039,clob_prices_history
52035147432985774092509040925165515760899062720939921734142361138587845236034,0xb215decbedd846168842f6e207f09bd5f50ce51d2191f238887d976ec21b6f66,1775699152,2026-04-09T01:45:52+00:00,0.039,clob_prices_history
52035147432985774092509040925165515760899062720939921734142361138587845236034,0xb215decbedd846168842f6e207f09bd5f50ce51d2191f238887d976ec21b6f66,1775700058,2026-04-09T02:00:58+00:00,0.039,clob_prices_history
52035147432985774092509040925165515760899062720939921734142361138587845236034,0xb215decbedd846168842f6e207f09bd5f50ce51d2191f238887d976ec21b6f66,1775700951,2026-04-09T02:15:51+00:00,0.039,clob_prices_history
52035147432985774092509040925165515760899062720939921734142361138587845236034,0xb215decbedd846168842f6e207f09bd5f50ce51d2191f238887d976ec21b6f66,1775701855,2026-04-09T02:30:55+00:00,0.039,clob_prices_history
52035147432985774092509040925165515760899062720939921734142361138587845236034,0xb215decbedd846168842f6e207f09bd5f50ce51d2191f238887d976ec21b6f66,1775702752,2026-04-09T02:45:52+00:00,0.0385,clob_prices_history
52035147432985774092509040925165515760899062720939921734142361138587845236034,0xb215decbedd846168842f6e207f09bd5f50ce51d2191f238887d976ec21b6f66,1775704549,2026-04-09T03:15:49+00:00,0.0395,clob_prices_history
52035147432985774092509040925165515760899062720939921734142361138587845236034,0xb215decbedd846168842f6e207f09bd5f50ce51d2191f238887d976ec21b6f66,1775705454,2026-04-09T03:30:54+00:00,0.0395,clob_prices_history
52035147432985774092509040925165515760899062720939921734142361138587845236034,0xb215decbedd846168842f6e207f09bd5f50ce51d2191f238887d976ec21b6f66,1775706350,2026-04-09T03:45:50+00:00,0.0385,clob_prices_history
52035147432985774092509040925165515760899062720939921734142361138587845236034,0xb215decbedd846168842f6e207f09bd5f50ce51d2191f238887d976ec21b6f66,1775707257,2026-04-09T04:00:57+00:00,0.0385,clob_prices_history
52035147432985774092509040925165515760899062720939921734142361138587845236034,0xb215decbedd846168842f6e207f09bd5f50ce51d2191f238887d976ec21b6f66,1775708149,2026-04-09T04:15:49+00:00,0.0385,clob_prices_history
52035147432985774092509040925165515760899062720939921734142361138587845236034,0xb215decbedd846168842f6e207f09bd5f50ce51d2191f238887d976ec21b6f66,1775709054,2026-04-09T04:30:54+00:00,0.0385,clob_prices_history
52035147432985774092509040925165515760899062720939921734142361138587845236034,0xb215decbedd846168842f6e207f09bd5f50ce51d2191f238887d976ec21b6f66,1775709952,2026-04-09T04:45:52+00:00,0.0385,clob_prices_history
52035147432985774092509040925165515760899062720939921734142361138587845236034,0xb215decbedd846168842f6e207f09bd5f50ce51d2191f238887d976ec21b6f66,1775710856,2026-04-09T05:00:56+00:00,0.0385,clob_prices_history
52035147432985774092509040925165515760899062720939921734142361138587845236034,0xb215decbedd846168842f6e207f09bd5f50ce51d2191f238887d976ec21b6f66,1775711754,2026-04-09T05:15:54+00:00,0.0385,clob_prices_history
52035147432985774092509040925165515760899062720939921734142361138587845236034,0xb215decbedd846168842f6e207f09bd5f50ce51d2191f238887d976ec21b6f66,1775712654,2026-04-09T05:30:54+00:00,0.0385,clob_prices_history
52035147432985774092509040925165515760899062720939921734142361138587845236034,0xb215decbedd846168842f6e207f09bd5f50ce51d2191f238887d976ec21b6f66,1775713551,2026-04-09T05:45:51+00:00,0.0385,clob_prices_history
52035147432985774092509040925165515760899062720939921734142361138587845236034,0xb215decbedd846168842f6e207f09bd5f50ce51d2191f238887d976ec21b6f66,1775715353,2026-04-09T06:15:53+00:00,0.0385,clob_prices_history
52035147432985774092509040925165515760899062720939921734142361138587845236034,0xb215decbedd846168842f6e207f09bd5f50ce51d2191f238887d976ec21b6f66,1775716254,2026-04-09T06:30:54+00:00,0.0385,clob_prices_history
52035147432985774092509040925165515760899062720939921734142361138587845236034,0xb215decbedd846168842f6e207f09bd5f50ce51d2191f238887d976ec21b6f66,1775717151,2026-04-09T06:45:51+00:00,0.0385,clob_prices_history
52035147432985774092509040925165515760899062720939921734142361138587845236034,0xb215decbedd846168842f6e207f09bd5f50ce51d2191f238887d976ec21b6f66,1775718054,2026-04-09T07:00:54+00:00,0.0385,clob_prices_history
52035147432985774092509040925165515760899062720939921734142361138587845236034,0xb215decbedd846168842f6e207f09bd5f50ce51d2191f238887d976ec21b6f66,1775718952,2026-04-09T07:15:52+00:00,0.038,clob_prices_history
52035147432985774092509040925165515760899062720939921734142361138587845236034,0xb215decbedd846168842f6e207f09bd5f50ce51d2191f238887d976ec21b6f66,1775719855,2026-04-09T07:30:55+00:00,0.0385,clob_prices_history
52035147432985774092509040925165515760899062720939921734142361138587845236034,0xb215decbedd846168842f6e207f09bd5f50ce51d2191f238887d976ec21b6f66,1775720750,2026-04-09T07:45:50+00:00,0.0385,clob_prices_history
52035147432985774092509040925165515760899062720939921734142361138587845236034,0xb215decbedd846168842f6e207f09bd5f50ce51d2191f238887d976ec21b6f66,1775721654,2026-04-09T08:00:54+00:00,0.0385,clob_prices_history
52035147432985774092509040925165515760899062720939921734142361138587845236034,0xb215decbedd846168842f6e207f09bd5f50ce51d2191f238887d976ec21b6f66,1775722551,2026-04-09T08:15:51+00:00,0.0385,clob_prices_history
52035147432985774092509040925165515760899062720939921734142361138587845236034,0xb215decbedd846168842f6e207f09bd5f50ce51d2191f238887d976ec21b6f66,1775724351,2026-04-09T08:45:51+00:00,0.0385,clob_prices_history
52035147432985774092509040925165515760899062720939921734142361138587845236034,0xb215decbedd846168842f6e207f09bd5f50ce51d2191f238887d976ec21b6f66,1775726151,2026-04-09T09:15:51+00:00,0.0385,clob_prices_history
52035147432985774092509040925165515760899062720939921734142361138587845236034,0xb215decbedd846168842f6e207f09bd5f50ce51d2191f238887d976ec21b6f66,1775727009,2026-04-09T09:30:09+00:00,0.0385,clob_prices_history
52035147432985774092509040925165515760899062720939921734142361138587845236034,0xb215decbedd846168842f6e207f09bd5f50ce51d2191f238887d976ec21b6f66,1775727924,2026-04-09T09:45:24+00:00,0.0385,clob_prices_history
52035147432985774092509040925165515760899062720939921734142361138587845236034,0xb215decbedd846168842f6e207f09bd5f50ce51d2191f238887d976ec21b6f66,1775728856,2026-04-09T10:00:56+00:00,0.0385,clob_prices_history
52035147432985774092509040925165515760899062720939921734142361138587845236034,0xb215decbedd846168842f6e207f09bd5f50ce51d2191f238887d976ec21b6f66,1775730654,2026-04-09T10:30:54+00:00,0.0395,clob_prices_history
52035147432985774092509040925165515760899062720939921734142361138587845236034,0xb215decbedd846168842f6e207f09bd5f50ce51d2191f238887d976ec21b6f66,1775731553,2026-04-09T10:45:53+00:00,0.0395,clob_prices_history
52035147432985774092509040925165515760899062720939921734142361138587845236034,0xb215decbedd846168842f6e207f09bd5f50ce51d2191f238887d976ec21b6f66,1775732456,2026-04-09T11:00:56+00:00,0.041,clob_prices_history
52035147432985774092509040925165515760899062720939921734142361138587845236034,0xb215decbedd846168842f6e207f09bd5f50ce51d2191f238887d976ec21b6f66,1775733301,2026-04-09T11:15:01+00:00,0.0415,clob_prices_history
52035147432985774092509040925165515760899062720939921734142361138587845236034,0xb215decbedd846168842f6e207f09bd5f50ce51d2191f238887d976ec21b6f66,1775733355,2026-04-09T11:15:55+00:00,0.0415,clob_prices_history
52035147432985774092509040925165515760899062720939921734142361138587845236034,0xb215decbedd846168842f6e207f09bd5f50ce51d2191f238887d976ec21b6f66,1775734257,2026-04-09T11:30:57+00:00,0.043,clob_prices_history
52035147432985774092509040925165515760899062720939921734142361138587845236034,0xb215decbedd846168842f6e207f09bd5f50ce51d2191f238887d976ec21b6f66,1775736951,2026-04-09T12:15:51+00:00,0.0435,clob_prices_history
52035147432985774092509040925165515760899062720939921734142361138587845236034,0xb215decbedd846168842f6e207f09bd5f50ce51d2191f238887d976ec21b6f66,1775737856,2026-04-09T12:30:56+00:00,0.043,clob_prices_history
52035147432985774092509040925165515760899062720939921734142361138587845236034,0xb215decbedd846168842f6e207f09bd5f50ce51d2191f238887d976ec21b6f66,1775738753,2026-04-09T12:45:53+00:00,0.0435,clob_prices_history
52035147432985774092509040925165515760899062720939921734142361138587845236034,0xb215decbedd846168842f6e207f09bd5f50ce51d2191f238887d976ec21b6f66,1775740552,2026-04-09T13:15:52+00:00,0.043,clob_prices_history
52035147432985774092509040925165515760899062720939921734142361138587845236034,0xb215decbedd846168842f6e207f09bd5f50ce51d2191f238887d976ec21b6f66,1775741456,2026-04-09T13:30:56+00:00,0.043,clob_prices_history
52035147432985774092509040925165515760899062720939921734142361138587845236034,0xb215decbedd846168842f6e207f09bd5f50ce51d2191f238887d976ec21b6f66,1775742355,2026-04-09T13:45:55+00:00,0.0435,clob_prices_history
52035147432985774092509040925165515760899062720939921734142361138587845236034,0xb215decbedd846168842f6e207f09bd5f50ce51d2191f238887d976ec21b6f66,1775744152,2026-04-09T14:15:52+00:00,0.0435,clob_prices_history
52035147432985774092509040925165515760899062720939921734142361138587845236034,0xb215decbedd846168842f6e207f09bd5f50ce51d2191f238887d976ec21b6f66,1775746819,2026-04-09T15:00:19+00:00,0.0435,clob_prices_history
52035147432985774092509040925165515760899062720939921734142361138587845236034,0xb215decbedd846168842f6e207f09bd5f50ce51d2191f238887d976ec21b6f66,1775747754,2026-04-09T15:15:54+00:00,0.0435,clob_prices_history
52035147432985774092509040925165515760899062720939921734142361138587845236034,0xb215decbedd846168842f6e207f09bd5f50ce51d2191f238887d976ec21b6f66,1775753106,2026-04-09T16:45:06+00:00,0.0425,clob_prices_history
52035147432985774092509040925165515760899062720939921734142361138587845236034,0xb215decbedd846168842f6e207f09bd5f50ce51d2191f238887d976ec21b6f66,1775754921,2026-04-09T17:15:21+00:00,0.0425,clob_prices_history
52035147432985774092509040925165515760899062720939921734142361138587845236034,0xb215decbedd846168842f6e207f09bd5f50ce51d2191f238887d976ec21b6f66,1775763959,2026-04-09T19:45:59+00:00,0.0415,clob_prices_history
52035147432985774092509040925165515760899062720939921734142361138587845236034,0xb215decbedd846168842f6e207f09bd5f50ce51d2191f238887d976ec21b6f66,1775765754,2026-04-09T20:15:54+00:00,0.0415,clob_prices_history
52035147432985774092509040925165515760899062720939921734142361138587845236034,0xb215decbedd846168842f6e207f09bd5f50ce51d2191f238887d976ec21b6f66,1775767554,2026-04-09T20:45:54+00:00,0.0415,clob_prices_history
52035147432985774092509040925165515760899062720939921734142361138587845236034,0xb215decbedd846168842f6e207f09bd5f50ce51d2191f238887d976ec21b6f66,1775778357,2026-04-09T23:45:57+00:00,0.042,clob_prices_history
52035147432985774092509040925165515760899062720939921734142361138587845236034,0xb215decbedd846168842f6e207f09bd5f50ce51d2191f238887d976ec21b6f66,1775781957,2026-04-10T00:45:57+00:00,0.0415,clob_prices_history
52035147432985774092509040925165515760899062720939921734142361138587845236034,0xb215decbedd846168842f6e207f09bd5f50ce51d2191f238887d976ec21b6f66,1775783754,2026-04-10T01:15:54+00:00,0.0415,clob_prices_history
52035147432985774092509040925165515760899062720939921734142361138587845236034,0xb215decbedd846168842f6e207f09bd5f50ce51d2191f238887d976ec21b6f66,1775787353,2026-04-10T02:15:53+00:00,0.0415,clob_prices_history
52035147432985774092509040925165515760899062720939921734142361138587845236034,0xb215decbedd846168842f6e207f09bd5f50ce51d2191f238887d976ec21b6f66,1775788258,2026-04-10T02:30:58+00:00,0.0415,clob_prices_history
52035147432985774092509040925165515760899062720939921734142361138587845236034,0xb215decbedd846168842f6e207f09bd5f50ce51d2191f238887d976ec21b6f66,1775790956,2026-04-10T03:15:56+00:00,0.0425,clob_prices_history
52035147432985774092509040925165515760899062720939921734142361138587845236034,0xb215decbedd846168842f6e207f09bd5f50ce51d2191f238887d976ec21b6f66,1775796356,2026-04-10T04:45:56+00:00,0.0415,clob_prices_history
52035147432985774092509040925165515760899062720939921734142361138587845236034,0xb215decbedd846168842f6e207f09bd5f50ce51d2191f238887d976ec21b6f66,1775799953,2026-04-10T05:45:53+00:00,0.0415,clob_prices_history
52035147432985774092509040925165515760899062720939921734142361138587845236034,0xb215decbedd846168842f6e207f09bd5f50ce51d2191f238887d976ec21b6f66,1775800845,2026-04-10T06:00:45+00:00,0.0415,clob_prices_history
52035147432985774092509040925165515760899062720939921734142361138587845236034,0xb215decbedd846168842f6e207f09bd5f50ce51d2191f238887d976ec21b6f66,1775801754,2026-04-10T06:15:54+00:00,0.0415,clob_prices_history
52035147432985774092509040925165515760899062720939921734142361138587845236034,0xb215decbedd846168842f6e207f09bd5f50ce51d2191f238887d976ec21b6f66,1775803553,2026-04-10T06:45:53+00:00,0.0415,clob_prices_history
52035147432985774092509040925165515760899062720939921734142361138587845236034,0xb215decbedd846168842f6e207f09bd5f50ce51d2191f238887d976ec21b6f66,1775805353,2026-04-10T07:15:53+00:00,0.0415,clob_prices_history
52035147432985774092509040925165515760899062720939921734142361138587845236034,0xb215decbedd846168842f6e207f09bd5f50ce51d2191f238887d976ec21b6f66,1775806258,2026-04-10T07:30:58+00:00,0.0415,clob_prices_history
52035147432985774092509040925165515760899062720939921734142361138587845236034,0xb215decbedd846168842f6e207f09bd5f50ce51d2191f238887d976ec21b6f66,1775808013,2026-04-10T08:00:13+00:00,0.0415,clob_prices_history
52035147432985774092509040925165515760899062720939921734142361138587845236034,0xb215decbedd846168842f6e207f09bd5f50ce51d2191f238887d976ec21b6f66,1775808955,2026-04-10T08:15:55+00:00,0.0415,clob_prices_history
52035147432985774092509040925165515760899062720939921734142361138587845236034,0xb215decbedd846168842f6e207f09bd5f50ce51d2191f238887d976ec21b6f66,1775810753,2026-04-10T08:45:53+00:00,0.0415,clob_prices_history
52035147432985774092509040925165515760899062720939921734142361138587845236034,0xb215decbedd846168842f6e207f09bd5f50ce51d2191f238887d976ec21b6f66,1775811614,2026-04-10T09:00:14+00:00,0.0415,clob_prices_history
52035147432985774092509040925165515760899062720939921734142361138587845236034,0xb215decbedd846168842f6e207f09bd5f50ce51d2191f238887d976ec21b6f66,1775812553,2026-04-10T09:15:53+00:00,0.0415,clob_prices_history
52035147432985774092509040925165515760899062720939921734142361138587845236034,0xb215decbedd846168842f6e207f09bd5f50ce51d2191f238887d976ec21b6f66,1775814357,2026-04-10T09:45:57+00:00,0.0415,clob_prices_history
52035147432985774092509040925165515760899062720939921734142361138587845236034,0xb215decbedd846168842f6e207f09bd5f50ce51d2191f238887d976ec21b6f66,1775816132,2026-04-10T10:15:32+00:00,0.0415,clob_prices_history
52035147432985774092509040925165515760899062720939921734142361138587845236034,0xb215decbedd846168842f6e207f09bd5f50ce51d2191f238887d976ec21b6f66,1775817955,2026-04-10T10:45:55+00:00,0.042,clob_prices_history
52035147432985774092509040925165515760899062720939921734142361138587845236034,0xb215decbedd846168842f6e207f09bd5f50ce51d2191f238887d976ec21b6f66,1775819754,2026-04-10T11:15:54+00:00,0.042,clob_prices_history
52035147432985774092509040925165515760899062720939921734142361138587845236034,0xb215decbedd846168842f6e207f09bd5f50ce51d2191f238887d976ec21b6f66,1775821507,2026-04-10T11:45:07+00:00,0.042,clob_prices_history
52035147432985774092509040925165515760899062720939921734142361138587845236034,0xb215decbedd846168842f6e207f09bd5f50ce51d2191f238887d976ec21b6f66,1775825155,2026-04-10T12:45:55+00:00,0.0425,clob_prices_history
52035147432985774092509040925165515760899062720939921734142361138587845236034,0xb215decbedd846168842f6e207f09bd5f50ce51d2191f238887d976ec21b6f66,1775826017,2026-04-10T13:00:17+00:00,0.043,clob_prices_history
52035147432985774092509040925165515760899062720939921734142361138587845236034,0xb215decbedd846168842f6e207f09bd5f50ce51d2191f238887d976ec21b6f66,1775826953,2026-04-10T13:15:53+00:00,0.043,clob_prices_history
52035147432985774092509040925165515760899062720939921734142361138587845236034,0xb215decbedd846168842f6e207f09bd5f50ce51d2191f238887d976ec21b6f66,1775830554,2026-04-10T14:15:54+00:00,0.043,clob_prices_history
52035147432985774092509040925165515760899062720939921734142361138587845236034,0xb215decbedd846168842f6e207f09bd5f50ce51d2191f238887d976ec21b6f66,1775832355,2026-04-10T14:45:55+00:00,0.043,clob_prices_history
52035147432985774092509040925165515760899062720939921734142361138587845236034,0xb215decbedd846168842f6e207f09bd5f50ce51d2191f238887d976ec21b6f66,1775833248,2026-04-10T15:00:48+00:00,0.043,clob_prices_history
52035147432985774092509040925165515760899062720939921734142361138587845236034,0xb215decbedd846168842f6e207f09bd5f50ce51d2191f238887d976ec21b6f66,1775834152,2026-04-10T15:15:52+00:00,0.043,clob_prices_history
52035147432985774092509040925165515760899062720939921734142361138587845236034,0xb215decbedd846168842f6e207f09bd5f50ce51d2191f238887d976ec21b6f66,1775836803,2026-04-10T16:00:03+00:00,0.043,clob_prices_history
52035147432985774092509040925165515760899062720939921734142361138587845236034,0xb215decbedd846168842f6e207f09bd5f50ce51d2191f238887d976ec21b6f66,1775837753,2026-04-10T16:15:53+00:00,0.043,clob_prices_history
52035147432985774092509040925165515760899062720939921734142361138587845236034,0xb215decbedd846168842f6e207f09bd5f50ce51d2191f238887d976ec21b6f66,1775839555,2026-04-10T16:45:55+00:00,0.0435,clob_prices_history
52035147432985774092509040925165515760899062720939921734142361138587845236034,0xb215decbedd846168842f6e207f09bd5f50ce51d2191f238887d976ec21b6f66,1775840438,2026-04-10T17:00:38+00:00,0.0435,clob_prices_history
52035147432985774092509040925165515760899062720939921734142361138587845236034,0xb215decbedd846168842f6e207f09bd5f50ce51d2191f238887d976ec21b6f66,1775841354,2026-04-10T17:15:54+00:00,0.0435,clob_prices_history
52035147432985774092509040925165515760899062720939921734142361138587845236034,0xb215decbedd846168842f6e207f09bd5f50ce51d2191f238887d976ec21b6f66,1775843108,2026-04-10T17:45:08+00:00,0.0435,clob_prices_history
52035147432985774092509040925165515760899062720939921734142361138587845236034,0xb215decbedd846168842f6e207f09bd5f50ce51d2191f238887d976ec21b6f66,1775846755,2026-04-10T18:45:55+00:00,0.0435,clob_prices_history
52035147432985774092509040925165515760899062720939921734142361138587845236034,0xb215decbedd846168842f6e207f09bd5f50ce51d2191f238887d976ec21b6f66,1775848555,2026-04-10T19:15:55+00:00,0.0435,clob_prices_history
52035147432985774092509040925165515760899062720939921734142361138587845236034,0xb215decbedd846168842f6e207f09bd5f50ce51d2191f238887d976ec21b6f66,1775850305,2026-04-10T19:45:05+00:00,0.0435,clob_prices_history
52035147432985774092509040925165515760899062720939921734142361138587845236034,0xb215decbedd846168842f6e207f09bd5f50ce51d2191f238887d976ec21b6f66,1775851217,2026-04-10T20:00:17+00:00,0.0435,clob_prices_history
52035147432985774092509040925165515760899062720939921734142361138587845236034,0xb215decbedd846168842f6e207f09bd5f50ce51d2191f238887d976ec21b6f66,1775852159,2026-04-10T20:15:59+00:00,0.0435,clob_prices_history
52035147432985774092509040925165515760899062720939921734142361138587845236034,0xb215decbedd846168842f6e207f09bd5f50ce51d2191f238887d976ec21b6f66,1775853915,2026-04-10T20:45:15+00:00,0.0435,clob_prices_history
52035147432985774092509040925165515760899062720939921734142361138587845236034,0xb215decbedd846168842f6e207f09bd5f50ce51d2191f238887d976ec21b6f66,1775855728,2026-04-10T21:15:28+00:00,0.0445,clob_prices_history
52035147432985774092509040925165515760899062720939921734142361138587845236034,0xb215decbedd846168842f6e207f09bd5f50ce51d2191f238887d976ec21b6f66,1775856616,2026-04-10T21:30:16+00:00,0.0445,clob_prices_history
52035147432985774092509040925165515760899062720939921734142361138587845236034,0xb215decbedd846168842f6e207f09bd5f50ce51d2191f238887d976ec21b6f66,1775857529,2026-04-10T21:45:29+00:00,0.0445,clob_prices_history
52035147432985774092509040925165515760899062720939921734142361138587845236034,0xb215decbedd846168842f6e207f09bd5f50ce51d2191f238887d976ec21b6f66,1775859359,2026-04-10T22:15:59+00:00,0.0445,clob_prices_history
52035147432985774092509040925165515760899062720939921734142361138587845236034,0xb215decbedd846168842f6e207f09bd5f50ce51d2191f238887d976ec21b6f66,1775860247,2026-04-10T22:30:47+00:00,0.0445,clob_prices_history
52035147432985774092509040925165515760899062720939921734142361138587845236034,0xb215decbedd846168842f6e207f09bd5f50ce51d2191f238887d976ec21b6f66,1775861157,2026-04-10T22:45:57+00:00,0.0445,clob_prices_history
52035147432985774092509040925165515760899062720939921734142361138587845236034,0xb215decbedd846168842f6e207f09bd5f50ce51d2191f238887d976ec21b6f66,1775862023,2026-04-10T23:00:23+00:00,0.0445,clob_prices_history
52035147432985774092509040925165515760899062720939921734142361138587845236034,0xb215decbedd846168842f6e207f09bd5f50ce51d2191f238887d976ec21b6f66,1775862957,2026-04-10T23:15:57+00:00,0.0445,clob_prices_history
52035147432985774092509040925165515760899062720939921734142361138587845236034,0xb215decbedd846168842f6e207f09bd5f50ce51d2191f238887d976ec21b6f66,1775863824,2026-04-10T23:30:24+00:00,0.0445,clob_prices_history
52035147432985774092509040925165515760899062720939921734142361138587845236034,0xb215decbedd846168842f6e207f09bd5f50ce51d2191f238887d976ec21b6f66,1775864713,2026-04-10T23:45:13+00:00,0.0445,clob_prices_history
52035147432985774092509040925165515760899062720939921734142361138587845236034,0xb215decbedd846168842f6e207f09bd5f50ce51d2191f238887d976ec21b6f66,1775866555,2026-04-11T00:15:55+00:00,0.0445,clob_prices_history
52035147432985774092509040925165515760899062720939921734142361138587845236034,0xb215decbedd846168842f6e207f09bd5f50ce51d2191f238887d976ec21b6f66,1775868355,2026-04-11T00:45:55+00:00,0.0445,clob_prices_history
52035147432985774092509040925165515760899062720939921734142361138587845236034,0xb215decbedd846168842f6e207f09bd5f50ce51d2191f238887d976ec21b6f66,1775870155,2026-04-11T01:15:55+00:00,0.0445,clob_prices_history
52035147432985774092509040925165515760899062720939921734142361138587845236034,0xb215decbedd846168842f6e207f09bd5f50ce51d2191f238887d976ec21b6f66,1775871900,2026-04-11T01:45:00+00:00,0.0435,clob_prices_history
52035147432985774092509040925165515760899062720939921734142361138587845236034,0xb215decbedd846168842f6e207f09bd5f50ce51d2191f238887d976ec21b6f66,1775871956,2026-04-11T01:45:56+00:00,0.0445,clob_prices_history
52035147432985774092509040925165515760899062720939921734142361138587845236034,0xb215decbedd846168842f6e207f09bd5f50ce51d2191f238887d976ec21b6f66,1775873703,2026-04-11T02:15:03+00:00,0.0445,clob_prices_history
52035147432985774092509040925165515760899062720939921734142361138587845236034,0xb215decbedd846168842f6e207f09bd5f50ce51d2191f238887d976ec21b6f66,1775875554,2026-04-11T02:45:54+00:00,0.0445,clob_prices_history
52035147432985774092509040925165515760899062720939921734142361138587845236034,0xb215decbedd846168842f6e207f09bd5f50ce51d2191f238887d976ec21b6f66,1775877353,2026-04-11T03:15:53+00:00,0.0445,clob_prices_history
52035147432985774092509040925165515760899062720939921734142361138587845236034,0xb215decbedd846168842f6e207f09bd5f50ce51d2191f238887d976ec21b6f66,1775879153,2026-04-11T03:45:53+00:00,0.0445,clob_prices_history
52035147432985774092509040925165515760899062720939921734142361138587845236034,0xb215decbedd846168842f6e207f09bd5f50ce51d2191f238887d976ec21b6f66,1775880954,2026-04-11T04:15:54+00:00,0.0445,clob_prices_history
52035147432985774092509040925165515760899062720939921734142361138587845236034,0xb215decbedd846168842f6e207f09bd5f50ce51d2191f238887d976ec21b6f66,1775882753,2026-04-11T04:45:53+00:00,0.0445,clob_prices_history
52035147432985774092509040925165515760899062720939921734142361138587845236034,0xb215decbedd846168842f6e207f09bd5f50ce51d2191f238887d976ec21b6f66,1775884556,2026-04-11T05:15:56+00:00,0.0435,clob_prices_history
52035147432985774092509040925165515760899062720939921734142361138587845236034,0xb215decbedd846168842f6e207f09bd5f50ce51d2191f238887d976ec21b6f66,1775885411,2026-04-11T05:30:11+00:00,0.0445,clob_prices_history
52035147432985774092509040925165515760899062720939921734142361138587845236034,0xb215decbedd846168842f6e207f09bd5f50ce51d2191f238887d976ec21b6f66,1775886351,2026-04-11T05:45:51+00:00,0.0445,clob_prices_history
52035147432985774092509040925165515760899062720939921734142361138587845236034,0xb215decbedd846168842f6e207f09bd5f50ce51d2191f238887d976ec21b6f66,1775887204,2026-04-11T06:00:04+00:00,0.0435,clob_prices_history
52035147432985774092509040925165515760899062720939921734142361138587845236034,0xb215decbedd846168842f6e207f09bd5f50ce51d2191f238887d976ec21b6f66,1775888153,2026-04-11T06:15:53+00:00,0.0445,clob_prices_history
52035147432985774092509040925165515760899062720939921734142361138587845236034,0xb215decbedd846168842f6e207f09bd5f50ce51d2191f238887d976ec21b6f66,1775889951,2026-04-11T06:45:51+00:00,0.0445,clob_prices_history
52035147432985774092509040925165515760899062720939921734142361138587845236034,0xb215decbedd846168842f6e207f09bd5f50ce51d2191f238887d976ec21b6f66,1775891752,2026-04-11T07:15:52+00:00,0.0445,clob_prices_history
52035147432985774092509040925165515760899062720939921734142361138587845236034,0xb215decbedd846168842f6e207f09bd5f50ce51d2191f238887d976ec21b6f66,1775893553,2026-04-11T07:45:53+00:00,0.0415,clob_prices_history
52035147432985774092509040925165515760899062720939921734142361138587845236034,0xb215decbedd846168842f6e207f09bd5f50ce51d2191f238887d976ec21b6f66,1775894459,2026-04-11T08:00:59+00:00,0.042,clob_prices_history
52035147432985774092509040925165515760899062720939921734142361138587845236034,0xb215decbedd846168842f6e207f09bd5f50ce51d2191f238887d976ec21b6f66,1775897155,2026-04-11T08:45:55+00:00,0.0415,clob_prices_history
52035147432985774092509040925165515760899062720939921734142361138587845236034,0xb215decbedd846168842f6e207f09bd5f50ce51d2191f238887d976ec21b6f66,1775898953,2026-04-11T09:15:53+00:00,0.043,clob_prices_history
52035147432985774092509040925165515760899062720939921734142361138587845236034,0xb215decbedd846168842f6e207f09bd5f50ce51d2191f238887d976ec21b6f66,1775900752,2026-04-11T09:45:52+00:00,0.043,clob_prices_history
52035147432985774092509040925165515760899062720939921734142361138587845236034,0xb215decbedd846168842f6e207f09bd5f50ce51d2191f238887d976ec21b6f66,1775901629,2026-04-11T10:00:29+00:00,0.043,clob_prices_history
52035147432985774092509040925165515760899062720939921734142361138587845236034,0xb215decbedd846168842f6e207f09bd5f50ce51d2191f238887d976ec21b6f66,1775902552,2026-04-11T10:15:52+00:00,0.0435,clob_prices_history
52035147432985774092509040925165515760899062720939921734142361138587845236034,0xb215decbedd846168842f6e207f09bd5f50ce51d2191f238887d976ec21b6f66,1775904356,2026-04-11T10:45:56+00:00,0.043,clob_prices_history
52035147432985774092509040925165515760899062720939921734142361138587845236034,0xb215decbedd846168842f6e207f09bd5f50ce51d2191f238887d976ec21b6f66,1775906154,2026-04-11T11:15:54+00:00,0.043,clob_prices_history
52035147432985774092509040925165515760899062720939921734142361138587845236034,0xb215decbedd846168842f6e207f09bd5f50ce51d2191f238887d976ec21b6f66,1775907958,2026-04-11T11:45:58+00:00,0.0435,clob_prices_history
52035147432985774092509040925165515760899062720939921734142361138587845236034,0xb215decbedd846168842f6e207f09bd5f50ce51d2191f238887d976ec21b6f66,1775909754,2026-04-11T12:15:54+00:00,0.04,clob_prices_history
52035147432985774092509040925165515760899062720939921734142361138587845236034,0xb215decbedd846168842f6e207f09bd5f50ce51d2191f238887d976ec21b6f66,1775911554,2026-04-11T12:45:54+00:00,0.0415,clob_prices_history
52035147432985774092509040925165515760899062720939921734142361138587845236034,0xb215decbedd846168842f6e207f09bd5f50ce51d2191f238887d976ec21b6f66,1775913352,2026-04-11T13:15:52+00:00,0.0415,clob_prices_history
52035147432985774092509040925165515760899062720939921734142361138587845236034,0xb215decbedd846168842f6e207f09bd5f50ce51d2191f238887d976ec21b6f66,1775915159,2026-04-11T13:45:59+00:00,0.04,clob_prices_history
52035147432985774092509040925165515760899062720939921734142361138587845236034,0xb215decbedd846168842f6e207f09bd5f50ce51d2191f238887d976ec21b6f66,1775916906,2026-04-11T14:15:06+00:00,0.04,clob_prices_history
52035147432985774092509040925165515760899062720939921734142361138587845236034,0xb215decbedd846168842f6e207f09bd5f50ce51d2191f238887d976ec21b6f66,1775918753,2026-04-11T14:45:53+00:00,0.0405,clob_prices_history
52035147432985774092509040925165515760899062720939921734142361138587845236034,0xb215decbedd846168842f6e207f09bd5f50ce51d2191f238887d976ec21b6f66,1775920525,2026-04-11T15:15:25+00:00,0.042,clob_prices_history
52035147432985774092509040925165515760899062720939921734142361138587845236034,0xb215decbedd846168842f6e207f09bd5f50ce51d2191f238887d976ec21b6f66,1775924153,2026-04-11T16:15:53+00:00,0.04,clob_prices_history
52035147432985774092509040925165515760899062720939921734142361138587845236034,0xb215decbedd846168842f6e207f09bd5f50ce51d2191f238887d976ec21b6f66,1775925959,2026-04-11T16:45:59+00:00,0.0395,clob_prices_history
52035147432985774092509040925165515760899062720939921734142361138587845236034,0xb215decbedd846168842f6e207f09bd5f50ce51d2191f238887d976ec21b6f66,1775927751,2026-04-11T17:15:51+00:00,0.039,clob_prices_history
52035147432985774092509040925165515760899062720939921734142361138587845236034,0xb215decbedd846168842f6e207f09bd5f50ce51d2191f238887d976ec21b6f66,1775929559,2026-04-11T17:45:59+00:00,0.039,clob_prices_history
52035147432985774092509040925165515760899062720939921734142361138587845236034,0xb215decbedd846168842f6e207f09bd5f50ce51d2191f238887d976ec21b6f66,1775931355,2026-04-11T18:15:55+00:00,0.04,clob_prices_history
52035147432985774092509040925165515760899062720939921734142361138587845236034,0xb215decbedd846168842f6e207f09bd5f50ce51d2191f238887d976ec21b6f66,1775933151,2026-04-11T18:45:51+00:00,0.04,clob_prices_history
52035147432985774092509040925165515760899062720939921734142361138587845236034,0xb215decbedd846168842f6e207f09bd5f50ce51d2191f238887d976ec21b6f66,1775934952,2026-04-11T19:15:52+00:00,0.04,clob_prices_history
52035147432985774092509040925165515760899062720939921734142361138587845236034,0xb215decbedd846168842f6e207f09bd5f50ce51d2191f238887d976ec21b6f66,1775936751,2026-04-11T19:45:51+00:00,0.04,clob_prices_history
52035147432985774092509040925165515760899062720939921734142361138587845236034,0xb215decbedd846168842f6e207f09bd5f50ce51d2191f238887d976ec21b6f66,1775940302,2026-04-11T20:45:02+00:00,0.04,clob_prices_history
52035147432985774092509040925165515760899062720939921734142361138587845236034,0xb215decbedd846168842f6e207f09bd5f50ce51d2191f238887d976ec21b6f66,1775940359,2026-04-11T20:45:59+00:00,0.04,clob_prices_history
52035147432985774092509040925165515760899062720939921734142361138587845236034,0xb215decbedd846168842f6e207f09bd5f50ce51d2191f238887d976ec21b6f66,1775942151,2026-04-11T21:15:51+00:00,0.04,clob_prices_history
52035147432985774092509040925165515760899062720939921734142361138587845236034,0xb215decbedd846168842f6e207f09bd5f50ce51d2191f238887d976ec21b6f66,1775943950,2026-04-11T21:45:50+00:00,0.04,clob_prices_history
52035147432985774092509040925165515760899062720939921734142361138587845236034,0xb215decbedd846168842f6e207f09bd5f50ce51d2191f238887d976ec21b6f66,1775944813,2026-04-11T22:00:13+00:00,0.04,clob_prices_history
52035147432985774092509040925165515760899062720939921734142361138587845236034,0xb215decbedd846168842f6e207f09bd5f50ce51d2191f238887d976ec21b6f66,1775945750,2026-04-11T22:15:50+00:00,0.0425,clob_prices_history
52035147432985774092509040925165515760899062720939921734142361138587845236034,0xb215decbedd846168842f6e207f09bd5f50ce51d2191f238887d976ec21b6f66,1775947550,2026-04-11T22:45:50+00:00,0.0425,clob_prices_history
52035147432985774092509040925165515760899062720939921734142361138587845236034,0xb215decbedd846168842f6e207f09bd5f50ce51d2191f238887d976ec21b6f66,1775949351,2026-04-11T23:15:51+00:00,0.0425,clob_prices_history
52035147432985774092509040925165515760899062720939921734142361138587845236034,0xb215decbedd846168842f6e207f09bd5f50ce51d2191f238887d976ec21b6f66,1775950222,2026-04-11T23:30:22+00:00,0.04,clob_prices_history
52035147432985774092509040925165515760899062720939921734142361138587845236034,0xb215decbedd846168842f6e207f09bd5f50ce51d2191f238887d976ec21b6f66,1775951149,2026-04-11T23:45:49+00:00,0.04,clob_prices_history
52035147432985774092509040925165515760899062720939921734142361138587845236034,0xb215decbedd846168842f6e207f09bd5f50ce51d2191f238887d976ec21b6f66,1775952021,2026-04-12T00:00:21+00:00,0.041,clob_prices_history
52035147432985774092509040925165515760899062720939921734142361138587845236034,0xb215decbedd846168842f6e207f09bd5f50ce51d2191f238887d976ec21b6f66,1775952951,2026-04-12T00:15:51+00:00,0.0415,clob_prices_history
52035147432985774092509040925165515760899062720939921734142361138587845236034,0xb215decbedd846168842f6e207f09bd5f50ce51d2191f238887d976ec21b6f66,1775954748,2026-04-12T00:45:48+00:00,0.041,clob_prices_history
52035147432985774092509040925165515760899062720939921734142361138587845236034,0xb215decbedd846168842f6e207f09bd5f50ce51d2191f238887d976ec21b6f66,1775958354,2026-04-12T01:45:54+00:00,0.042,clob_prices_history
52035147432985774092509040925165515760899062720939921734142361138587845236034,0xb215decbedd846168842f6e207f09bd5f50ce51d2191f238887d976ec21b6f66,1775960148,2026-04-12T02:15:48+00:00,0.042,clob_prices_history
52035147432985774092509040925165515760899062720939921734142361138587845236034,0xb215decbedd846168842f6e207f09bd5f50ce51d2191f238887d976ec21b6f66,1775961007,2026-04-12T02:30:07+00:00,0.039,clob_prices_history
52035147432985774092509040925165515760899062720939921734142361138587845236034,0xb215decbedd846168842f6e207f09bd5f50ce51d2191f238887d976ec21b6f66,1775961948,2026-04-12T02:45:48+00:00,0.0405,clob_prices_history
52035147432985774092509040925165515760899062720939921734142361138587845236034,0xb215decbedd846168842f6e207f09bd5f50ce51d2191f238887d976ec21b6f66,1775963701,2026-04-12T03:15:01+00:00,0.039,clob_prices_history
52035147432985774092509040925165515760899062720939921734142361138587845236034,0xb215decbedd846168842f6e207f09bd5f50ce51d2191f238887d976ec21b6f66,1775963759,2026-04-12T03:15:59+00:00,0.039,clob_prices_history
52035147432985774092509040925165515760899062720939921734142361138587845236034,0xb215decbedd846168842f6e207f09bd5f50ce51d2191f238887d976ec21b6f66,1775965549,2026-04-12T03:45:49+00:00,0.038,clob_prices_history
52035147432985774092509040925165515760899062720939921734142361138587845236034,0xb215decbedd846168842f6e207f09bd5f50ce51d2191f238887d976ec21b6f66,1775967350,2026-04-12T04:15:50+00:00,0.038,clob_prices_history
52035147432985774092509040925165515760899062720939921734142361138587845236034,0xb215decbedd846168842f6e207f09bd5f50ce51d2191f238887d976ec21b6f66,1775969149,2026-04-12T04:45:49+00:00,0.0375,clob_prices_history
52035147432985774092509040925165515760899062720939921734142361138587845236034,0xb215decbedd846168842f6e207f09bd5f50ce51d2191f238887d976ec21b6f66,1775970951,2026-04-12T05:15:51+00:00,0.0375,clob_prices_history
52035147432985774092509040925165515760899062720939921734142361138587845236034,0xb215decbedd846168842f6e207f09bd5f50ce51d2191f238887d976ec21b6f66,1775971815,2026-04-12T05:30:15+00:00,0.0375,clob_prices_history
52035147432985774092509040925165515760899062720939921734142361138587845236034,0xb215decbedd846168842f6e207f09bd5f50ce51d2191f238887d976ec21b6f66,1775972750,2026-04-12T05:45:50+00:00,0.037,clob_prices_history
52035147432985774092509040925165515760899062720939921734142361138587845236034,0xb215decbedd846168842f6e207f09bd5f50ce51d2191f238887d976ec21b6f66,1775974549,2026-04-12T06:15:49+00:00,0.035,clob_prices_history
52035147432985774092509040925165515760899062720939921734142361138587845236034,0xb215decbedd846168842f6e207f09bd5f50ce51d2191f238887d976ec21b6f66,1775976349,2026-04-12T06:45:49+00:00,0.0345,clob_prices_history
52035147432985774092509040925165515760899062720939921734142361138587845236034,0xb215decbedd846168842f6e207f09bd5f50ce51d2191f238887d976ec21b6f66,1775979952,2026-04-12T07:45:52+00:00,0.0345,clob_prices_history
52035147432985774092509040925165515760899062720939921734142361138587845236034,0xb215decbedd846168842f6e207f09bd5f50ce51d2191f238887d976ec21b6f66,1775981750,2026-04-12T08:15:50+00:00,0.034,clob_prices_history
52035147432985774092509040925165515760899062720939921734142361138587845236034,0xb215decbedd846168842f6e207f09bd5f50ce51d2191f238887d976ec21b6f66,1775983550,2026-04-12T08:45:50+00:00,0.034,clob_prices_history
52035147432985774092509040925165515760899062720939921734142361138587845236034,0xb215decbedd846168842f6e207f09bd5f50ce51d2191f238887d976ec21b6f66,1775985350,2026-04-12T09:15:50+00:00,0.0345,clob_prices_history
52035147432985774092509040925165515760899062720939921734142361138587845236034,0xb215decbedd846168842f6e207f09bd5f50ce51d2191f238887d976ec21b6f66,1775987103,2026-04-12T09:45:03+00:00,0.0345,clob_prices_history
52035147432985774092509040925165515760899062720939921734142361138587845236034,0xb215decbedd846168842f6e207f09bd5f50ce51d2191f238887d976ec21b6f66,1775988952,2026-04-12T10:15:52+00:00,0.0335,clob_prices_history
52035147432985774092509040925165515760899062720939921734142361138587845236034,0xb215decbedd846168842f6e207f09bd5f50ce51d2191f238887d976ec21b6f66,1775990753,2026-04-12T10:45:53+00:00,0.033,clob_prices_history
52035147432985774092509040925165515760899062720939921734142361138587845236034,0xb215decbedd846168842f6e207f09bd5f50ce51d2191f238887d976ec21b6f66,1775994353,2026-04-12T11:45:53+00:00,0.033,clob_prices_history
52035147432985774092509040925165515760899062720939921734142361138587845236034,0xb215decbedd846168842f6e207f09bd5f50ce51d2191f238887d976ec21b6f66,1775996156,2026-04-12T12:15:56+00:00,0.0345,clob_prices_history
52035147432985774092509040925165515760899062720939921734142361138587845236034,0xb215decbedd846168842f6e207f09bd5f50ce51d2191f238887d976ec21b6f66,1775997952,2026-04-12T12:45:52+00:00,0.0345,clob_prices_history
52035147432985774092509040925165515760899062720939921734142361138587845236034,0xb215decbedd846168842f6e207f09bd5f50ce51d2191f238887d976ec21b6f66,1775999704,2026-04-12T13:15:04+00:00,0.0345,clob_prices_history
52035147432985774092509040925165515760899062720939921734142361138587845236034,0xb215decbedd846168842f6e207f09bd5f50ce51d2191f238887d976ec21b6f66,1776001505,2026-04-12T13:45:05+00:00,0.0405,clob_prices_history
52035147432985774092509040925165515760899062720939921734142361138587845236034,0xb215decbedd846168842f6e207f09bd5f50ce51d2191f238887d976ec21b6f66,1776003352,2026-04-12T14:15:52+00:00,0.0475,clob_prices_history
52035147432985774092509040925165515760899062720939921734142361138587845236034,0xb215decbedd846168842f6e207f09bd5f50ce51d2191f238887d976ec21b6f66,1776005151,2026-04-12T14:45:51+00:00,0.0485,clob_prices_history
52035147432985774092509040925165515760899062720939921734142361138587845236034,0xb215decbedd846168842f6e207f09bd5f50ce51d2191f238887d976ec21b6f66,1776006952,2026-04-12T15:15:52+00:00,0.0455,clob_prices_history
52035147432985774092509040925165515760899062720939921734142361138587845236034,0xb215decbedd846168842f6e207f09bd5f50ce51d2191f238887d976ec21b6f66,1776008752,2026-04-12T15:45:52+00:00,0.048,clob_prices_history
52035147432985774092509040925165515760899062720939921734142361138587845236034,0xb215decbedd846168842f6e207f09bd5f50ce51d2191f238887d976ec21b6f66,1776009615,2026-04-12T16:00:15+00:00,0.05,clob_prices_history
52035147432985774092509040925165515760899062720939921734142361138587845236034,0xb215decbedd846168842f6e207f09bd5f50ce51d2191f238887d976ec21b6f66,1776010559,2026-04-12T16:15:59+00:00,0.051,clob_prices_history
52035147432985774092509040925165515760899062720939921734142361138587845236034,0xb215decbedd846168842f6e207f09bd5f50ce51d2191f238887d976ec21b6f66,1776012352,2026-04-12T16:45:52+00:00,0.0545,clob_prices_history
52035147432985774092509040925165515760899062720939921734142361138587845236034,0xb215decbedd846168842f6e207f09bd5f50ce51d2191f238887d976ec21b6f66,1776014157,2026-04-12T17:15:57+00:00,0.0565,clob_prices_history
52035147432985774092509040925165515760899062720939921734142361138587845236034,0xb215decbedd846168842f6e207f09bd5f50ce51d2191f238887d976ec21b6f66,1776015958,2026-04-12T17:45:58+00:00,0.0565,clob_prices_history
52035147432985774092509040925165515760899062720939921734142361138587845236034,0xb215decbedd846168842f6e207f09bd5f50ce51d2191f238887d976ec21b6f66,1776017753,2026-04-12T18:15:53+00:00,0.0555,clob_prices_history
52035147432985774092509040925165515760899062720939921734142361138587845236034,0xb215decbedd846168842f6e207f09bd5f50ce51d2191f238887d976ec21b6f66,1776019554,2026-04-12T18:45:54+00:00,0.0565,clob_prices_history
52035147432985774092509040925165515760899062720939921734142361138587845236034,0xb215decbedd846168842f6e207f09bd5f50ce51d2191f238887d976ec21b6f66,1776021352,2026-04-12T19:15:52+00:00,0.0555,clob_prices_history
52035147432985774092509040925165515760899062720939921734142361138587845236034,0xb215decbedd846168842f6e207f09bd5f50ce51d2191f238887d976ec21b6f66,1776023159,2026-04-12T19:45:59+00:00,0.0565,clob_prices_history
52035147432985774092509040925165515760899062720939921734142361138587845236034,0xb215decbedd846168842f6e207f09bd5f50ce51d2191f238887d976ec21b6f66,1776024950,2026-04-12T20:15:50+00:00,0.055,clob_prices_history
52035147432985774092509040925165515760899062720939921734142361138587845236034,0xb215decbedd846168842f6e207f09bd5f50ce51d2191f238887d976ec21b6f66,1776028551,2026-04-12T21:15:51+00:00,0.0565,clob_prices_history
52035147432985774092509040925165515760899062720939921734142361138587845236034,0xb215decbedd846168842f6e207f09bd5f50ce51d2191f238887d976ec21b6f66,1776030351,2026-04-12T21:45:51+00:00,0.0455,clob_prices_history
52035147432985774092509040925165515760899062720939921734142361138587845236034,0xb215decbedd846168842f6e207f09bd5f50ce51d2191f238887d976ec21b6f66,1776032150,2026-04-12T22:15:50+00:00,0.066,clob_prices_history
52035147432985774092509040925165515760899062720939921734142361138587845236034,0xb215decbedd846168842f6e207f09bd5f50ce51d2191f238887d976ec21b6f66,1776036607,2026-04-12T23:30:07+00:00,0.0515,clob_prices_history
52035147432985774092509040925165515760899062720939921734142361138587845236034,0xb215decbedd846168842f6e207f09bd5f50ce51d2191f238887d976ec21b6f66,1776037503,2026-04-12T23:45:03+00:00,0.05,clob_prices_history
52035147432985774092509040925165515760899062720939921734142361138587845236034,0xb215decbedd846168842f6e207f09bd5f50ce51d2191f238887d976ec21b6f66,1776037556,2026-04-12T23:45:56+00:00,0.05,clob_prices_history
52035147432985774092509040925165515760899062720939921734142361138587845236034,0xb215decbedd846168842f6e207f09bd5f50ce51d2191f238887d976ec21b6f66,1776041150,2026-04-13T00:45:50+00:00,0.054,clob_prices_history
52035147432985774092509040925165515760899062720939921734142361138587845236034,0xb215decbedd846168842f6e207f09bd5f50ce51d2191f238887d976ec21b6f66,1776042947,2026-04-13T01:15:47+00:00,0.0545,clob_prices_history
52035147432985774092509040925165515760899062720939921734142361138587845236034,0xb215decbedd846168842f6e207f09bd5f50ce51d2191f238887d976ec21b6f66,1776044757,2026-04-13T01:45:57+00:00,0.0535,clob_prices_history
52035147432985774092509040925165515760899062720939921734142361138587845236034,0xb215decbedd846168842f6e207f09bd5f50ce51d2191f238887d976ec21b6f66,1776048346,2026-04-13T02:45:46+00:00,0.0525,clob_prices_history
52035147432985774092509040925165515760899062720939921734142361138587845236034,0xb215decbedd846168842f6e207f09bd5f50ce51d2191f238887d976ec21b6f66,1776050150,2026-04-13T03:15:50+00:00,0.0535,clob_prices_history
52035147432985774092509040925165515760899062720939921734142361138587845236034,0xb215decbedd846168842f6e207f09bd5f50ce51d2191f238887d976ec21b6f66,1776051946,2026-04-13T03:45:46+00:00,0.0535,clob_prices_history
52035147432985774092509040925165515760899062720939921734142361138587845236034,0xb215decbedd846168842f6e207f09bd5f50ce51d2191f238887d976ec21b6f66,1776052855,2026-04-13T04:00:55+00:00,0.045,clob_prices_history
52035147432985774092509040925165515760899062720939921734142361138587845236034,0xb215decbedd846168842f6e207f09bd5f50ce51d2191f238887d976ec21b6f66,1776055549,2026-04-13T04:45:49+00:00,0.044,clob_prices_history
52035147432985774092509040925165515760899062720939921734142361138587845236034,0xb215decbedd846168842f6e207f09bd5f50ce51d2191f238887d976ec21b6f66,1776057350,2026-04-13T05:15:50+00:00,0.0445,clob_prices_history
52035147432985774092509040925165515760899062720939921734142361138587845236034,0xb215decbedd846168842f6e207f09bd5f50ce51d2191f238887d976ec21b6f66,1776059150,2026-04-13T05:45:50+00:00,0.0455,clob_prices_history
52035147432985774092509040925165515760899062720939921734142361138587845236034,0xb215decbedd846168842f6e207f09bd5f50ce51d2191f238887d976ec21b6f66,1776060948,2026-04-13T06:15:48+00:00,0.0465,clob_prices_history
52035147432985774092509040925165515760899062720939921734142361138587845236034,0xb215decbedd846168842f6e207f09bd5f50ce51d2191f238887d976ec21b6f66,1776064548,2026-04-13T07:15:48+00:00,0.044,clob_prices_history
52035147432985774092509040925165515760899062720939921734142361138587845236034,0xb215decbedd846168842f6e207f09bd5f50ce51d2191f238887d976ec21b6f66,1776066348,2026-04-13T07:45:48+00:00,0.044,clob_prices_history
52035147432985774092509040925165515760899062720939921734142361138587845236034,0xb215decbedd846168842f6e207f09bd5f50ce51d2191f238887d976ec21b6f66,1776068149,2026-04-13T08:15:49+00:00,0.0435,clob_prices_history
52035147432985774092509040925165515760899062720939921734142361138587845236034,0xb215decbedd846168842f6e207f09bd5f50ce51d2191f238887d976ec21b6f66,1776069011,2026-04-13T08:30:11+00:00,0.0435,clob_prices_history
52035147432985774092509040925165515760899062720939921734142361138587845236034,0xb215decbedd846168842f6e207f09bd5f50ce51d2191f238887d976ec21b6f66,1776071753,2026-04-13T09:15:53+00:00,0.0435,clob_prices_history
52035147432985774092509040925165515760899062720939921734142361138587845236034,0xb215decbedd846168842f6e207f09bd5f50ce51d2191f238887d976ec21b6f66,1776073502,2026-04-13T09:45:02+00:00,0.0435,clob_prices_history
52035147432985774092509040925165515760899062720939921734142361138587845236034,0xb215decbedd846168842f6e207f09bd5f50ce51d2191f238887d976ec21b6f66,1776075349,2026-04-13T10:15:49+00:00,0.043,clob_prices_history
52035147432985774092509040925165515760899062720939921734142361138587845236034,0xb215decbedd846168842f6e207f09bd5f50ce51d2191f238887d976ec21b6f66,1776077150,2026-04-13T10:45:50+00:00,0.043,clob_prices_history
52035147432985774092509040925165515760899062720939921734142361138587845236034,0xb215decbedd846168842f6e207f09bd5f50ce51d2191f238887d976ec21b6f66,1776078949,2026-04-13T11:15:49+00:00,0.043,clob_prices_history
52035147432985774092509040925165515760899062720939921734142361138587845236034,0xb215decbedd846168842f6e207f09bd5f50ce51d2191f238887d976ec21b6f66,1776080750,2026-04-13T11:45:50+00:00,0.043,clob_prices_history
52035147432985774092509040925165515760899062720939921734142361138587845236034,0xb215decbedd846168842f6e207f09bd5f50ce51d2191f238887d976ec21b6f66,1776082548,2026-04-13T12:15:48+00:00,0.043,clob_prices_history
52035147432985774092509040925165515760899062720939921734142361138587845236034,0xb215decbedd846168842f6e207f09bd5f50ce51d2191f238887d976ec21b6f66,1776083400,2026-04-13T12:30:00+00:00,0.043,clob_prices_history
52035147432985774092509040925165515760899062720939921734142361138587845236034,0xb215decbedd846168842f6e207f09bd5f50ce51d2191f238887d976ec21b6f66,1776086153,2026-04-13T13:15:53+00:00,0.043,clob_prices_history
52035147432985774092509040925165515760899062720939921734142361138587845236034,0xb215decbedd846168842f6e207f09bd5f50ce51d2191f238887d976ec21b6f66,1776087953,2026-04-13T13:45:53+00:00,0.0435,clob_prices_history
52035147432985774092509040925165515760899062720939921734142361138587845236034,0xb215decbedd846168842f6e207f09bd5f50ce51d2191f238887d976ec21b6f66,1776091549,2026-04-13T14:45:49+00:00,0.0435,clob_prices_history
52035147432985774092509040925165515760899062720939921734142361138587845236034,0xb215decbedd846168842f6e207f09bd5f50ce51d2191f238887d976ec21b6f66,1776096005,2026-04-13T16:00:05+00:00,0.0435,clob_prices_history
52035147432985774092509040925165515760899062720939921734142361138587845236034,0xb215decbedd846168842f6e207f09bd5f50ce51d2191f238887d976ec21b6f66,1776096951,2026-04-13T16:15:51+00:00,0.0435,clob_prices_history
52035147432985774092509040925165515760899062720939921734142361138587845236034,0xb215decbedd846168842f6e207f09bd5f50ce51d2191f238887d976ec21b6f66,1776100501,2026-04-13T17:15:01+00:00,0.0435,clob_prices_history
52035147432985774092509040925165515760899062720939921734142361138587845236034,0xb215decbedd846168842f6e207f09bd5f50ce51d2191f238887d976ec21b6f66,1776100554,2026-04-13T17:15:54+00:00,0.0435,clob_prices_history
52035147432985774092509040925165515760899062720939921734142361138587845236034,0xb215decbedd846168842f6e207f09bd5f50ce51d2191f238887d976ec21b6f66,1776102350,2026-04-13T17:45:50+00:00,0.0435,clob_prices_history
52035147432985774092509040925165515760899062720939921734142361138587845236034,0xb215decbedd846168842f6e207f09bd5f50ce51d2191f238887d976ec21b6f66,1776104150,2026-04-13T18:15:50+00:00,0.0445,clob_prices_history
52035147432985774092509040925165515760899062720939921734142361138587845236034,0xb215decbedd846168842f6e207f09bd5f50ce51d2191f238887d976ec21b6f66,1776107757,2026-04-13T19:15:57+00:00,0.0445,clob_prices_history
52035147432985774092509040925165515760899062720939921734142361138587845236034,0xb215decbedd846168842f6e207f09bd5f50ce51d2191f238887d976ec21b6f66,1776111352,2026-04-13T20:15:52+00:00,0.0425,clob_prices_history
52035147432985774092509040925165515760899062720939921734142361138587845236034,0xb215decbedd846168842f6e207f09bd5f50ce51d2191f238887d976ec21b6f66,1776113151,2026-04-13T20:45:51+00:00,0.0425,clob_prices_history
52035147432985774092509040925165515760899062720939921734142361138587845236034,0xb215decbedd846168842f6e207f09bd5f50ce51d2191f238887d976ec21b6f66,1776114950,2026-04-13T21:15:50+00:00,0.0425,clob_prices_history
52035147432985774092509040925165515760899062720939921734142361138587845236034,0xb215decbedd846168842f6e207f09bd5f50ce51d2191f238887d976ec21b6f66,1776116751,2026-04-13T21:45:51+00:00,0.0425,clob_prices_history
52035147432985774092509040925165515760899062720939921734142361138587845236034,0xb215decbedd846168842f6e207f09bd5f50ce51d2191f238887d976ec21b6f66,1776117603,2026-04-13T22:00:03+00:00,0.0425,clob_prices_history
52035147432985774092509040925165515760899062720939921734142361138587845236034,0xb215decbedd846168842f6e207f09bd5f50ce51d2191f238887d976ec21b6f66,1776118552,2026-04-13T22:15:52+00:00,0.0425,clob_prices_history
52035147432985774092509040925165515760899062720939921734142361138587845236034,0xb215decbedd846168842f6e207f09bd5f50ce51d2191f238887d976ec21b6f66,1776123952,2026-04-13T23:45:52+00:00,0.0425,clob_prices_history
52035147432985774092509040925165515760899062720939921734142361138587845236034,0xb215decbedd846168842f6e207f09bd5f50ce51d2191f238887d976ec21b6f66,1776125751,2026-04-14T00:15:51+00:00,0.0425,clob_prices_history
52035147432985774092509040925165515760899062720939921734142361138587845236034,0xb215decbedd846168842f6e207f09bd5f50ce51d2191f238887d976ec21b6f66,1776127551,2026-04-14T00:45:51+00:00,0.0425,clob_prices_history
52035147432985774092509040925165515760899062720939921734142361138587845236034,0xb215decbedd846168842f6e207f09bd5f50ce51d2191f238887d976ec21b6f66,1776129302,2026-04-14T01:15:02+00:00,0.0425,clob_prices_history
52035147432985774092509040925165515760899062720939921734142361138587845236034,0xb215decbedd846168842f6e207f09bd5f50ce51d2191f238887d976ec21b6f66,1776129355,2026-04-14T01:15:55+00:00,0.0425,clob_prices_history
52035147432985774092509040925165515760899062720939921734142361138587845236034,0xb215decbedd846168842f6e207f09bd5f50ce51d2191f238887d976ec21b6f66,1776130206,2026-04-14T01:30:06+00:00,0.0425,clob_prices_history
52035147432985774092509040925165515760899062720939921734142361138587845236034,0xb215decbedd846168842f6e207f09bd5f50ce51d2191f238887d976ec21b6f66,1776131108,2026-04-14T01:45:08+00:00,0.042,clob_prices_history
52035147432985774092509040925165515760899062720939921734142361138587845236034,0xb215decbedd846168842f6e207f09bd5f50ce51d2191f238887d976ec21b6f66,1776132953,2026-04-14T02:15:53+00:00,0.042,clob_prices_history
52035147432985774092509040925165515760899062720939921734142361138587845236034,0xb215decbedd846168842f6e207f09bd5f50ce51d2191f238887d976ec21b6f66,1776134750,2026-04-14T02:45:50+00:00,0.042,clob_prices_history
52035147432985774092509040925165515760899062720939921734142361138587845236034,0xb215decbedd846168842f6e207f09bd5f50ce51d2191f238887d976ec21b6f66,1776136549,2026-04-14T03:15:49+00:00,0.042,clob_prices_history
52035147432985774092509040925165515760899062720939921734142361138587845236034,0xb215decbedd846168842f6e207f09bd5f50ce51d2191f238887d976ec21b6f66,1776137409,2026-04-14T03:30:09+00:00,0.042,clob_prices_history
52035147432985774092509040925165515760899062720939921734142361138587845236034,0xb215decbedd846168842f6e207f09bd5f50ce51d2191f238887d976ec21b6f66,1776138349,2026-04-14T03:45:49+00:00,0.042,clob_prices_history
52035147432985774092509040925165515760899062720939921734142361138587845236034,0xb215decbedd846168842f6e207f09bd5f50ce51d2191f238887d976ec21b6f66,1776140149,2026-04-14T04:15:49+00:00,0.042,clob_prices_history
52035147432985774092509040925165515760899062720939921734142361138587845236034,0xb215decbedd846168842f6e207f09bd5f50ce51d2191f238887d976ec21b6f66,1776141007,2026-04-14T04:30:07+00:00,0.042,clob_prices_history
52035147432985774092509040925165515760899062720939921734142361138587845236034,0xb215decbedd846168842f6e207f09bd5f50ce51d2191f238887d976ec21b6f66,1776141902,2026-04-14T04:45:02+00:00,0.042,clob_prices_history
52035147432985774092509040925165515760899062720939921734142361138587845236034,0xb215decbedd846168842f6e207f09bd5f50ce51d2191f238887d976ec21b6f66,1776141959,2026-04-14T04:45:59+00:00,0.042,clob_prices_history
52035147432985774092509040925165515760899062720939921734142361138587845236034,0xb215decbedd846168842f6e207f09bd5f50ce51d2191f238887d976ec21b6f66,1776145550,2026-04-14T05:45:50+00:00,0.042,clob_prices_history
52035147432985774092509040925165515760899062720939921734142361138587845236034,0xb215decbedd846168842f6e207f09bd5f50ce51d2191f238887d976ec21b6f66,1776147301,2026-04-14T06:15:01+00:00,0.042,clob_prices_history
52035147432985774092509040925165515760899062720939921734142361138587845236034,0xb215decbedd846168842f6e207f09bd5f50ce51d2191f238887d976ec21b6f66,1776147359,2026-04-14T06:15:59+00:00,0.042,clob_prices_history
52035147432985774092509040925165515760899062720939921734142361138587845236034,0xb215decbedd846168842f6e207f09bd5f50ce51d2191f238887d976ec21b6f66,1776149149,2026-04-14T06:45:49+00:00,0.042,clob_prices_history
52035147432985774092509040925165515760899062720939921734142361138587845236034,0xb215decbedd846168842f6e207f09bd5f50ce51d2191f238887d976ec21b6f66,1776150949,2026-04-14T07:15:49+00:00,0.041,clob_prices_history
52035147432985774092509040925165515760899062720939921734142361138587845236034,0xb215decbedd846168842f6e207f09bd5f50ce51d2191f238887d976ec21b6f66,1776152749,2026-04-14T07:45:49+00:00,0.041,clob_prices_history
52035147432985774092509040925165515760899062720939921734142361138587845236034,0xb215decbedd846168842f6e207f09bd5f50ce51d2191f238887d976ec21b6f66,1776154549,2026-04-14T08:15:49+00:00,0.0405,clob_prices_history
52035147432985774092509040925165515760899062720939921734142361138587845236034,0xb215decbedd846168842f6e207f09bd5f50ce51d2191f238887d976ec21b6f66,1776156349,2026-04-14T08:45:49+00:00,0.0405,clob_prices_history
52035147432985774092509040925165515760899062720939921734142361138587845236034,0xb215decbedd846168842f6e207f09bd5f50ce51d2191f238887d976ec21b6f66,1776159046,2026-04-14T09:30:46+00:00,0.0405,clob_prices_history
52035147432985774092509040925165515760899062720939921734142361138587845236034,0xb215decbedd846168842f6e207f09bd5f50ce51d2191f238887d976ec21b6f66,1776159950,2026-04-14T09:45:50+00:00,0.0405,clob_prices_history
52035147432985774092509040925165515760899062720939921734142361138587845236034,0xb215decbedd846168842f6e207f09bd5f50ce51d2191f238887d976ec21b6f66,1776161750,2026-04-14T10:15:50+00:00,0.0435,clob_prices_history
52035147432985774092509040925165515760899062720939921734142361138587845236034,0xb215decbedd846168842f6e207f09bd5f50ce51d2191f238887d976ec21b6f66,1776165354,2026-04-14T11:15:54+00:00,0.0445,clob_prices_history
52035147432985774092509040925165515760899062720939921734142361138587845236034,0xb215decbedd846168842f6e207f09bd5f50ce51d2191f238887d976ec21b6f66,1776167151,2026-04-14T11:45:51+00:00,0.0445,clob_prices_history
52035147432985774092509040925165515760899062720939921734142361138587845236034,0xb215decbedd846168842f6e207f09bd5f50ce51d2191f238887d976ec21b6f66,1776168949,2026-04-14T12:15:49+00:00,0.0445,clob_prices_history
52035147432985774092509040925165515760899062720939921734142361138587845236034,0xb215decbedd846168842f6e207f09bd5f50ce51d2191f238887d976ec21b6f66,1776172501,2026-04-14T13:15:01+00:00,0.0445,clob_prices_history
52035147432985774092509040925165515760899062720939921734142361138587845236034,0xb215decbedd846168842f6e207f09bd5f50ce51d2191f238887d976ec21b6f66,1776174356,2026-04-14T13:45:56+00:00,0.044,clob_prices_history
52035147432985774092509040925165515760899062720939921734142361138587845236034,0xb215decbedd846168842f6e207f09bd5f50ce51d2191f238887d976ec21b6f66,1776176155,2026-04-14T14:15:55+00:00,0.044,clob_prices_history
52035147432985774092509040925165515760899062720939921734142361138587845236034,0xb215decbedd846168842f6e207f09bd5f50ce51d2191f238887d976ec21b6f66,1776179754,2026-04-14T15:15:54+00:00,0.044,clob_prices_history
52035147432985774092509040925165515760899062720939921734142361138587845236034,0xb215decbedd846168842f6e207f09bd5f50ce51d2191f238887d976ec21b6f66,1776181550,2026-04-14T15:45:50+00:00,0.0435,clob_prices_history
52035147432985774092509040925165515760899062720939921734142361138587845236034,0xb215decbedd846168842f6e207f09bd5f50ce51d2191f238887d976ec21b6f66,1776183351,2026-04-14T16:15:51+00:00,0.0435,clob_prices_history
52035147432985774092509040925165515760899062720939921734142361138587845236034,0xb215decbedd846168842f6e207f09bd5f50ce51d2191f238887d976ec21b6f66,1776185151,2026-04-14T16:45:51+00:00,0.0435,clob_prices_history
52035147432985774092509040925165515760899062720939921734142361138587845236034,0xb215decbedd846168842f6e207f09bd5f50ce51d2191f238887d976ec21b6f66,1776186952,2026-04-14T17:15:52+00:00,0.0435,clob_prices_history
52035147432985774092509040925165515760899062720939921734142361138587845236034,0xb215decbedd846168842f6e207f09bd5f50ce51d2191f238887d976ec21b6f66,1776188759,2026-04-14T17:45:59+00:00,0.043,clob_prices_history
52035147432985774092509040925165515760899062720939921734142361138587845236034,0xb215decbedd846168842f6e207f09bd5f50ce51d2191f238887d976ec21b6f66,1776189626,2026-04-14T18:00:26+00:00,0.043,clob_prices_history
52035147432985774092509040925165515760899062720939921734142361138587845236034,0xb215decbedd846168842f6e207f09bd5f50ce51d2191f238887d976ec21b6f66,1776190553,2026-04-14T18:15:53+00:00,0.043,clob_prices_history
52035147432985774092509040925165515760899062720939921734142361138587845236034,0xb215decbedd846168842f6e207f09bd5f50ce51d2191f238887d976ec21b6f66,1776192306,2026-04-14T18:45:06+00:00,0.043,clob_prices_history
52035147432985774092509040925165515760899062720939921734142361138587845236034,0xb215decbedd846168842f6e207f09bd5f50ce51d2191f238887d976ec21b6f66,1776195951,2026-04-14T19:45:51+00:00,0.043,clob_prices_history
52035147432985774092509040925165515760899062720939921734142361138587845236034,0xb215decbedd846168842f6e207f09bd5f50ce51d2191f238887d976ec21b6f66,1776197706,2026-04-14T20:15:06+00:00,0.043,clob_prices_history
52035147432985774092509040925165515760899062720939921734142361138587845236034,0xb215decbedd846168842f6e207f09bd5f50ce51d2191f238887d976ec21b6f66,1776199553,2026-04-14T20:45:53+00:00,0.043,clob_prices_history
52035147432985774092509040925165515760899062720939921734142361138587845236034,0xb215decbedd846168842f6e207f09bd5f50ce51d2191f238887d976ec21b6f66,1776201355,2026-04-14T21:15:55+00:00,0.0435,clob_prices_history
52035147432985774092509040925165515760899062720939921734142361138587845236034,0xb215decbedd846168842f6e207f09bd5f50ce51d2191f238887d976ec21b6f66,1776203152,2026-04-14T21:45:52+00:00,0.0435,clob_prices_history
52035147432985774092509040925165515760899062720939921734142361138587845236034,0xb215decbedd846168842f6e207f09bd5f50ce51d2191f238887d976ec21b6f66,1776204951,2026-04-14T22:15:51+00:00,0.0435,clob_prices_history
52035147432985774092509040925165515760899062720939921734142361138587845236034,0xb215decbedd846168842f6e207f09bd5f50ce51d2191f238887d976ec21b6f66,1776206756,2026-04-14T22:45:56+00:00,0.044,clob_prices_history
52035147432985774092509040925165515760899062720939921734142361138587845236034,0xb215decbedd846168842f6e207f09bd5f50ce51d2191f238887d976ec21b6f66,1776208553,2026-04-14T23:15:53+00:00,0.0445,clob_prices_history
52035147432985774092509040925165515760899062720939921734142361138587845236034,0xb215decbedd846168842f6e207f09bd5f50ce51d2191f238887d976ec21b6f66,1776210302,2026-04-14T23:45:02+00:00,0.0445,clob_prices_history
52035147432985774092509040925165515760899062720939921734142361138587845236034,0xb215decbedd846168842f6e207f09bd5f50ce51d2191f238887d976ec21b6f66,1776210358,2026-04-14T23:45:58+00:00,0.0445,clob_prices_history
52035147432985774092509040925165515760899062720939921734142361138587845236034,0xb215decbedd846168842f6e207f09bd5f50ce51d2191f238887d976ec21b6f66,1776212151,2026-04-15T00:15:51+00:00,0.0445,clob_prices_history
52035147432985774092509040925165515760899062720939921734142361138587845236034,0xb215decbedd846168842f6e207f09bd5f50ce51d2191f238887d976ec21b6f66,1776213951,2026-04-15T00:45:51+00:00,0.0445,clob_prices_history
52035147432985774092509040925165515760899062720939921734142361138587845236034,0xb215decbedd846168842f6e207f09bd5f50ce51d2191f238887d976ec21b6f66,1776215753,2026-04-15T01:15:53+00:00,0.0445,clob_prices_history
52035147432985774092509040925165515760899062720939921734142361138587845236034,0xb215decbedd846168842f6e207f09bd5f50ce51d2191f238887d976ec21b6f66,1776217501,2026-04-15T01:45:01+00:00,0.0445,clob_prices_history
52035147432985774092509040925165515760899062720939921734142361138587845236034,0xb215decbedd846168842f6e207f09bd5f50ce51d2191f238887d976ec21b6f66,1776217555,2026-04-15T01:45:55+00:00,0.0445,clob_prices_history
52035147432985774092509040925165515760899062720939921734142361138587845236034,0xb215decbedd846168842f6e207f09bd5f50ce51d2191f238887d976ec21b6f66,1776219352,2026-04-15T02:15:52+00:00,0.0445,clob_prices_history
52035147432985774092509040925165515760899062720939921734142361138587845236034,0xb215decbedd846168842f6e207f09bd5f50ce51d2191f238887d976ec21b6f66,1776221151,2026-04-15T02:45:51+00:00,0.0445,clob_prices_history
52035147432985774092509040925165515760899062720939921734142361138587845236034,0xb215decbedd846168842f6e207f09bd5f50ce51d2191f238887d976ec21b6f66,1776222951,2026-04-15T03:15:51+00:00,0.0445,clob_prices_history
52035147432985774092509040925165515760899062720939921734142361138587845236034,0xb215decbedd846168842f6e207f09bd5f50ce51d2191f238887d976ec21b6f66,1776226551,2026-04-15T04:15:51+00:00,0.0445,clob_prices_history
52035147432985774092509040925165515760899062720939921734142361138587845236034,0xb215decbedd846168842f6e207f09bd5f50ce51d2191f238887d976ec21b6f66,1776228354,2026-04-15T04:45:54+00:00,0.0445,clob_prices_history
52035147432985774092509040925165515760899062720939921734142361138587845236034,0xb215decbedd846168842f6e207f09bd5f50ce51d2191f238887d976ec21b6f66,1776230105,2026-04-15T05:15:05+00:00,0.043,clob_prices_history
52035147432985774092509040925165515760899062720939921734142361138587845236034,0xb215decbedd846168842f6e207f09bd5f50ce51d2191f238887d976ec21b6f66,1776231953,2026-04-15T05:45:53+00:00,0.0435,clob_prices_history
52035147432985774092509040925165515760899062720939921734142361138587845236034,0xb215decbedd846168842f6e207f09bd5f50ce51d2191f238887d976ec21b6f66,1776235553,2026-04-15T06:45:53+00:00,0.0435,clob_prices_history
52035147432985774092509040925165515760899062720939921734142361138587845236034,0xb215decbedd846168842f6e207f09bd5f50ce51d2191f238887d976ec21b6f66,1776237354,2026-04-15T07:15:54+00:00,0.0435,clob_prices_history
52035147432985774092509040925165515760899062720939921734142361138587845236034,0xb215decbedd846168842f6e207f09bd5f50ce51d2191f238887d976ec21b6f66,1776239151,2026-04-15T07:45:51+00:00,0.0435,clob_prices_history
52035147432985774092509040925165515760899062720939921734142361138587845236034,0xb215decbedd846168842f6e207f09bd5f50ce51d2191f238887d976ec21b6f66,1776240952,2026-04-15T08:15:52+00:00,0.043,clob_prices_history
52035147432985774092509040925165515760899062720939921734142361138587845236034,0xb215decbedd846168842f6e207f09bd5f50ce51d2191f238887d976ec21b6f66,1776242753,2026-04-15T08:45:53+00:00,0.0425,clob_prices_history
52035147432985774092509040925165515760899062720939921734142361138587845236034,0xb215decbedd846168842f6e207f09bd5f50ce51d2191f238887d976ec21b6f66,1776244552,2026-04-15T09:15:52+00:00,0.043,clob_prices_history
52035147432985774092509040925165515760899062720939921734142361138587845236034,0xb215decbedd846168842f6e207f09bd5f50ce51d2191f238887d976ec21b6f66,1776246312,2026-04-15T09:45:12+00:00,0.043,clob_prices_history
52035147432985774092509040925165515760899062720939921734142361138587845236034,0xb215decbedd846168842f6e207f09bd5f50ce51d2191f238887d976ec21b6f66,1776248103,2026-04-15T10:15:03+00:00,0.0425,clob_prices_history
52035147432985774092509040925165515760899062720939921734142361138587845236034,0xb215decbedd846168842f6e207f09bd5f50ce51d2191f238887d976ec21b6f66,1776248156,2026-04-15T10:15:56+00:00,0.0425,clob_prices_history
52035147432985774092509040925165515760899062720939921734142361138587845236034,0xb215decbedd846168842f6e207f09bd5f50ce51d2191f238887d976ec21b6f66,1776249952,2026-04-15T10:45:52+00:00,0.0425,clob_prices_history
52035147432985774092509040925165515760899062720939921734142361138587845236034,0xb215decbedd846168842f6e207f09bd5f50ce51d2191f238887d976ec21b6f66,1776251749,2026-04-15T11:15:49+00:00,0.042,clob_prices_history
52035147432985774092509040925165515760899062720939921734142361138587845236034,0xb215decbedd846168842f6e207f09bd5f50ce51d2191f238887d976ec21b6f66,1776253551,2026-04-15T11:45:51+00:00,0.041,clob_prices_history
52035147432985774092509040925165515760899062720939921734142361138587845236034,0xb215decbedd846168842f6e207f09bd5f50ce51d2191f238887d976ec21b6f66,1776255351,2026-04-15T12:15:51+00:00,0.041,clob_prices_history
52035147432985774092509040925165515760899062720939921734142361138587845236034,0xb215decbedd846168842f6e207f09bd5f50ce51d2191f238887d976ec21b6f66,1776257150,2026-04-15T12:45:50+00:00,0.041,clob_prices_history
52035147432985774092509040925165515760899062720939921734142361138587845236034,0xb215decbedd846168842f6e207f09bd5f50ce51d2191f238887d976ec21b6f66,1776258012,2026-04-15T13:00:12+00:00,0.0405,clob_prices_history
52035147432985774092509040925165515760899062720939921734142361138587845236034,0xb215decbedd846168842f6e207f09bd5f50ce51d2191f238887d976ec21b6f66,1776258950,2026-04-15T13:15:50+00:00,0.0405,clob_prices_history
52035147432985774092509040925165515760899062720939921734142361138587845236034,0xb215decbedd846168842f6e207f09bd5f50ce51d2191f238887d976ec21b6f66,1776259801,2026-04-15T13:30:01+00:00,0.0405,clob_prices_history
52035147432985774092509040925165515760899062720939921734142361138587845236034,0xb215decbedd846168842f6e207f09bd5f50ce51d2191f238887d976ec21b6f66,1776260754,2026-04-15T13:45:54+00:00,0.041,clob_prices_history
52035147432985774092509040925165515760899062720939921734142361138587845236034,0xb215decbedd846168842f6e207f09bd5f50ce51d2191f238887d976ec21b6f66,1776262551,2026-04-15T14:15:51+00:00,0.039,clob_prices_history
52035147432985774092509040925165515760899062720939921734142361138587845236034,0xb215decbedd846168842f6e207f09bd5f50ce51d2191f238887d976ec21b6f66,1776264351,2026-04-15T14:45:51+00:00,0.039,clob_prices_history
52035147432985774092509040925165515760899062720939921734142361138587845236034,0xb215decbedd846168842f6e207f09bd5f50ce51d2191f238887d976ec21b6f66,1776266151,2026-04-15T15:15:51+00:00,0.0385,clob_prices_history
52035147432985774092509040925165515760899062720939921734142361138587845236034,0xb215decbedd846168842f6e207f09bd5f50ce51d2191f238887d976ec21b6f66,1776267950,2026-04-15T15:45:50+00:00,0.038,clob_prices_history
52035147432985774092509040925165515760899062720939921734142361138587845236034,0xb215decbedd846168842f6e207f09bd5f50ce51d2191f238887d976ec21b6f66,1776269752,2026-04-15T16:15:52+00:00,0.039,clob_prices_history
52035147432985774092509040925165515760899062720939921734142361138587845236034,0xb215decbedd846168842f6e207f09bd5f50ce51d2191f238887d976ec21b6f66,1776271550,2026-04-15T16:45:50+00:00,0.0385,clob_prices_history
52035147432985774092509040925165515760899062720939921734142361138587845236034,0xb215decbedd846168842f6e207f09bd5f50ce51d2191f238887d976ec21b6f66,1776273356,2026-04-15T17:15:56+00:00,0.0385,clob_prices_history
52035147432985774092509040925165515760899062720939921734142361138587845236034,0xb215decbedd846168842f6e207f09bd5f50ce51d2191f238887d976ec21b6f66,1776275150,2026-04-15T17:45:50+00:00,0.0385,clob_prices_history
52035147432985774092509040925165515760899062720939921734142361138587845236034,0xb215decbedd846168842f6e207f09bd5f50ce51d2191f238887d976ec21b6f66,1776278749,2026-04-15T18:45:49+00:00,0.039,clob_prices_history
52035147432985774092509040925165515760899062720939921734142361138587845236034,0xb215decbedd846168842f6e207f09bd5f50ce51d2191f238887d976ec21b6f66,1776279611,2026-04-15T19:00:11+00:00,0.0385,clob_prices_history
52035147432985774092509040925165515760899062720939921734142361138587845236034,0xb215decbedd846168842f6e207f09bd5f50ce51d2191f238887d976ec21b6f66,1776280549,2026-04-15T19:15:49+00:00,0.0385,clob_prices_history
52035147432985774092509040925165515760899062720939921734142361138587845236034,0xb215decbedd846168842f6e207f09bd5f50ce51d2191f238887d976ec21b6f66,1776282350,2026-04-15T19:45:50+00:00,0.038,clob_prices_history
52035147432985774092509040925165515760899062720939921734142361138587845236034,0xb215decbedd846168842f6e207f09bd5f50ce51d2191f238887d976ec21b6f66,1776284150,2026-04-15T20:15:50+00:00,0.038,clob_prices_history
52035147432985774092509040925165515760899062720939921734142361138587845236034,0xb215decbedd846168842f6e207f09bd5f50ce51d2191f238887d976ec21b6f66,1776286847,2026-04-15T21:00:47+00:00,0.038,clob_prices_history
52035147432985774092509040925165515760899062720939921734142361138587845236034,0xb215decbedd846168842f6e207f09bd5f50ce51d2191f238887d976ec21b6f66,1776287751,2026-04-15T21:15:51+00:00,0.038,clob_prices_history
52035147432985774092509040925165515760899062720939921734142361138587845236034,0xb215decbedd846168842f6e207f09bd5f50ce51d2191f238887d976ec21b6f66,1776289552,2026-04-15T21:45:52+00:00,0.038,clob_prices_history
52035147432985774092509040925165515760899062720939921734142361138587845236034,0xb215decbedd846168842f6e207f09bd5f50ce51d2191f238887d976ec21b6f66,1776293152,2026-04-15T22:45:52+00:00,0.038,clob_prices_history
52035147432985774092509040925165515760899062720939921734142361138587845236034,0xb215decbedd846168842f6e207f09bd5f50ce51d2191f238887d976ec21b6f66,1776294956,2026-04-15T23:15:56+00:00,0.038,clob_prices_history
52035147432985774092509040925165515760899062720939921734142361138587845236034,0xb215decbedd846168842f6e207f09bd5f50ce51d2191f238887d976ec21b6f66,1776296753,2026-04-15T23:45:53+00:00,0.038,clob_prices_history
52035147432985774092509040925165515760899062720939921734142361138587845236034,0xb215decbedd846168842f6e207f09bd5f50ce51d2191f238887d976ec21b6f66,1776298553,2026-04-16T00:15:53+00:00,0.038,clob_prices_history
52035147432985774092509040925165515760899062720939921734142361138587845236034,0xb215decbedd846168842f6e207f09bd5f50ce51d2191f238887d976ec21b6f66,1776300356,2026-04-16T00:45:56+00:00,0.038,clob_prices_history
52035147432985774092509040925165515760899062720939921734142361138587845236034,0xb215decbedd846168842f6e207f09bd5f50ce51d2191f238887d976ec21b6f66,1776305751,2026-04-16T02:15:51+00:00,0.038,clob_prices_history
52035147432985774092509040925165515760899062720939921734142361138587845236034,0xb215decbedd846168842f6e207f09bd5f50ce51d2191f238887d976ec21b6f66,1776307500,2026-04-16T02:45:00+00:00,0.038,clob_prices_history
52035147432985774092509040925165515760899062720939921734142361138587845236034,0xb215decbedd846168842f6e207f09bd5f50ce51d2191f238887d976ec21b6f66,1776309357,2026-04-16T03:15:57+00:00,0.038,clob_prices_history
52035147432985774092509040925165515760899062720939921734142361138587845236034,0xb215decbedd846168842f6e207f09bd5f50ce51d2191f238887d976ec21b6f66,1776311154,2026-04-16T03:45:54+00:00,0.038,clob_prices_history
52035147432985774092509040925165515760899062720939921734142361138587845236034,0xb215decbedd846168842f6e207f09bd5f50ce51d2191f238887d976ec21b6f66,1776312954,2026-04-16T04:15:54+00:00,0.038,clob_prices_history
52035147432985774092509040925165515760899062720939921734142361138587845236034,0xb215decbedd846168842f6e207f09bd5f50ce51d2191f238887d976ec21b6f66,1776314708,2026-04-16T04:45:08+00:00,0.038,clob_prices_history
52035147432985774092509040925165515760899062720939921734142361138587845236034,0xb215decbedd846168842f6e207f09bd5f50ce51d2191f238887d976ec21b6f66,1776318353,2026-04-16T05:45:53+00:00,0.038,clob_prices_history
52035147432985774092509040925165515760899062720939921734142361138587845236034,0xb215decbedd846168842f6e207f09bd5f50ce51d2191f238887d976ec21b6f66,1776319201,2026-04-16T06:00:01+00:00,0.038,clob_prices_history
52035147432985774092509040925165515760899062720939921734142361138587845236034,0xb215decbedd846168842f6e207f09bd5f50ce51d2191f238887d976ec21b6f66,1776320153,2026-04-16T06:15:53+00:00,0.038,clob_prices_history
52035147432985774092509040925165515760899062720939921734142361138587845236034,0xb215decbedd846168842f6e207f09bd5f50ce51d2191f238887d976ec21b6f66,1776321953,2026-04-16T06:45:53+00:00,0.038,clob_prices_history
52035147432985774092509040925165515760899062720939921734142361138587845236034,0xb215decbedd846168842f6e207f09bd5f50ce51d2191f238887d976ec21b6f66,1776323750,2026-04-16T07:15:50+00:00,0.038,clob_prices_history
52035147432985774092509040925165515760899062720939921734142361138587845236034,0xb215decbedd846168842f6e207f09bd5f50ce51d2191f238887d976ec21b6f66,1776327349,2026-04-16T08:15:49+00:00,0.036,clob_prices_history
52035147432985774092509040925165515760899062720939921734142361138587845236034,0xb215decbedd846168842f6e207f09bd5f50ce51d2191f238887d976ec21b6f66,1776328205,2026-04-16T08:30:05+00:00,0.036,clob_prices_history
52035147432985774092509040925165515760899062720939921734142361138587845236034,0xb215decbedd846168842f6e207f09bd5f50ce51d2191f238887d976ec21b6f66,1776329153,2026-04-16T08:45:53+00:00,0.036,clob_prices_history
52035147432985774092509040925165515760899062720939921734142361138587845236034,0xb215decbedd846168842f6e207f09bd5f50ce51d2191f238887d976ec21b6f66,1776330901,2026-04-16T09:15:01+00:00,0.036,clob_prices_history
52035147432985774092509040925165515760899062720939921734142361138587845236034,0xb215decbedd846168842f6e207f09bd5f50ce51d2191f238887d976ec21b6f66,1776330958,2026-04-16T09:15:58+00:00,0.036,clob_prices_history
52035147432985774092509040925165515760899062720939921734142361138587845236034,0xb215decbedd846168842f6e207f09bd5f50ce51d2191f238887d976ec21b6f66,1776332752,2026-04-16T09:45:52+00:00,0.036,clob_prices_history
52035147432985774092509040925165515760899062720939921734142361138587845236034,0xb215decbedd846168842f6e207f09bd5f50ce51d2191f238887d976ec21b6f66,1776334550,2026-04-16T10:15:50+00:00,0.036,clob_prices_history
52035147432985774092509040925165515760899062720939921734142361138587845236034,0xb215decbedd846168842f6e207f09bd5f50ce51d2191f238887d976ec21b6f66,1776336359,2026-04-16T10:45:59+00:00,0.036,clob_prices_history
52035147432985774092509040925165515760899062720939921734142361138587845236034,0xb215decbedd846168842f6e207f09bd5f50ce51d2191f238887d976ec21b6f66,1776338158,2026-04-16T11:15:58+00:00,0.036,clob_prices_history
52035147432985774092509040925165515760899062720939921734142361138587845236034,0xb215decbedd846168842f6e207f09bd5f50ce51d2191f238887d976ec21b6f66,1776339005,2026-04-16T11:30:05+00:00,0.036,clob_prices_history
52035147432985774092509040925165515760899062720939921734142361138587845236034,0xb215decbedd846168842f6e207f09bd5f50ce51d2191f238887d976ec21b6f66,1776339906,2026-04-16T11:45:06+00:00,0.036,clob_prices_history
52035147432985774092509040925165515760899062720939921734142361138587845236034,0xb215decbedd846168842f6e207f09bd5f50ce51d2191f238887d976ec21b6f66,1776341751,2026-04-16T12:15:51+00:00,0.036,clob_prices_history
52035147432985774092509040925165515760899062720939921734142361138587845236034,0xb215decbedd846168842f6e207f09bd5f50ce51d2191f238887d976ec21b6f66,1776343555,2026-04-16T12:45:55+00:00,0.036,clob_prices_history
52035147432985774092509040925165515760899062720939921734142361138587845236034,0xb215decbedd846168842f6e207f09bd5f50ce51d2191f238887d976ec21b6f66,1776347158,2026-04-16T13:45:58+00:00,0.036,clob_prices_history
52035147432985774092509040925165515760899062720939921734142361138587845236034,0xb215decbedd846168842f6e207f09bd5f50ce51d2191f238887d976ec21b6f66,1776348900,2026-04-16T14:15:00+00:00,0.036,clob_prices_history
52035147432985774092509040925165515760899062720939921734142361138587845236034,0xb215decbedd846168842f6e207f09bd5f50ce51d2191f238887d976ec21b6f66,1776352503,2026-04-16T15:15:03+00:00,0.036,clob_prices_history
52035147432985774092509040925165515760899062720939921734142361138587845236034,0xb215decbedd846168842f6e207f09bd5f50ce51d2191f238887d976ec21b6f66,1776354348,2026-04-16T15:45:48+00:00,0.036,clob_prices_history
52035147432985774092509040925165515760899062720939921734142361138587845236034,0xb215decbedd846168842f6e207f09bd5f50ce51d2191f238887d976ec21b6f66,1776356148,2026-04-16T16:15:48+00:00,0.036,clob_prices_history
52035147432985774092509040925165515760899062720939921734142361138587845236034,0xb215decbedd846168842f6e207f09bd5f50ce51d2191f238887d976ec21b6f66,1776359713,2026-04-16T17:15:13+00:00,0.036,clob_prices_history
52035147432985774092509040925165515760899062720939921734142361138587845236034,0xb215decbedd846168842f6e207f09bd5f50ce51d2191f238887d976ec21b6f66,1776361555,2026-04-16T17:45:55+00:00,0.036,clob_prices_history
52035147432985774092509040925165515760899062720939921734142361138587845236034,0xb215decbedd846168842f6e207f09bd5f50ce51d2191f238887d976ec21b6f66,1776362425,2026-04-16T18:00:25+00:00,0.036,clob_prices_history
52035147432985774092509040925165515760899062720939921734142361138587845236034,0xb215decbedd846168842f6e207f09bd5f50ce51d2191f238887d976ec21b6f66,1776365127,2026-04-16T18:45:27+00:00,0.036,clob_prices_history
52035147432985774092509040925165515760899062720939921734142361138587845236034,0xb215decbedd846168842f6e207f09bd5f50ce51d2191f238887d976ec21b6f66,1776366924,2026-04-16T19:15:24+00:00,0.036,clob_prices_history
52035147432985774092509040925165515760899062720939921734142361138587845236034,0xb215decbedd846168842f6e207f09bd5f50ce51d2191f238887d976ec21b6f66,1776367831,2026-04-16T19:30:31+00:00,0.036,clob_prices_history
52035147432985774092509040925165515760899062720939921734142361138587845236034,0xb215decbedd846168842f6e207f09bd5f50ce51d2191f238887d976ec21b6f66,1776368755,2026-04-16T19:45:55+00:00,0.036,clob_prices_history
52035147432985774092509040925165515760899062720939921734142361138587845236034,0xb215decbedd846168842f6e207f09bd5f50ce51d2191f238887d976ec21b6f66,1776371446,2026-04-16T20:30:46+00:00,0.036,clob_prices_history
52035147432985774092509040925165515760899062720939921734142361138587845236034,0xb215decbedd846168842f6e207f09bd5f50ce51d2191f238887d976ec21b6f66,1776372320,2026-04-16T20:45:20+00:00,0.036,clob_prices_history
52035147432985774092509040925165515760899062720939921734142361138587845236034,0xb215decbedd846168842f6e207f09bd5f50ce51d2191f238887d976ec21b6f66,1776374153,2026-04-16T21:15:53+00:00,0.036,clob_prices_history
52035147432985774092509040925165515760899062720939921734142361138587845236034,0xb215decbedd846168842f6e207f09bd5f50ce51d2191f238887d976ec21b6f66,1776379547,2026-04-16T22:45:47+00:00,0.036,clob_prices_history
52035147432985774092509040925165515760899062720939921734142361138587845236034,0xb215decbedd846168842f6e207f09bd5f50ce51d2191f238887d976ec21b6f66,1776381351,2026-04-16T23:15:51+00:00,0.036,clob_prices_history
52035147432985774092509040925165515760899062720939921734142361138587845236034,0xb215decbedd846168842f6e207f09bd5f50ce51d2191f238887d976ec21b6f66,1776384953,2026-04-17T00:15:53+00:00,0.036,clob_prices_history
52035147432985774092509040925165515760899062720939921734142361138587845236034,0xb215decbedd846168842f6e207f09bd5f50ce51d2191f238887d976ec21b6f66,1776385848,2026-04-17T00:30:48+00:00,0.036,clob_prices_history
52035147432985774092509040925165515760899062720939921734142361138587845236034,0xb215decbedd846168842f6e207f09bd5f50ce51d2191f238887d976ec21b6f66,1776386747,2026-04-17T00:45:47+00:00,0.036,clob_prices_history
52035147432985774092509040925165515760899062720939921734142361138587845236034,0xb215decbedd846168842f6e207f09bd5f50ce51d2191f238887d976ec21b6f66,1776387650,2026-04-17T01:00:50+00:00,0.036,clob_prices_history
52035147432985774092509040925165515760899062720939921734142361138587845236034,0xb215decbedd846168842f6e207f09bd5f50ce51d2191f238887d976ec21b6f66,1776388553,2026-04-17T01:15:53+00:00,0.036,clob_prices_history
52035147432985774092509040925165515760899062720939921734142361138587845236034,0xb215decbedd846168842f6e207f09bd5f50ce51d2191f238887d976ec21b6f66,1776389458,2026-04-17T01:30:58+00:00,0.036,clob_prices_history
52035147432985774092509040925165515760899062720939921734142361138587845236034,0xb215decbedd846168842f6e207f09bd5f50ce51d2191f238887d976ec21b6f66,1776390345,2026-04-17T01:45:45+00:00,0.036,clob_prices_history
52035147432985774092509040925165515760899062720939921734142361138587845236034,0xb215decbedd846168842f6e207f09bd5f50ce51d2191f238887d976ec21b6f66,1776391254,2026-04-17T02:00:54+00:00,0.036,clob_prices_history
52035147432985774092509040925165515760899062720939921734142361138587845236034,0xb215decbedd846168842f6e207f09bd5f50ce51d2191f238887d976ec21b6f66,1776392146,2026-04-17T02:15:46+00:00,0.036,clob_prices_history
52035147432985774092509040925165515760899062720939921734142361138587845236034,0xb215decbedd846168842f6e207f09bd5f50ce51d2191f238887d976ec21b6f66,1776393048,2026-04-17T02:30:48+00:00,0.036,clob_prices_history
52035147432985774092509040925165515760899062720939921734142361138587845236034,0xb215decbedd846168842f6e207f09bd5f50ce51d2191f238887d976ec21b6f66,1776393957,2026-04-17T02:45:57+00:00,0.036,clob_prices_history
52035147432985774092509040925165515760899062720939921734142361138587845236034,0xb215decbedd846168842f6e207f09bd5f50ce51d2191f238887d976ec21b6f66,1776394859,2026-04-17T03:00:59+00:00,0.036,clob_prices_history
52035147432985774092509040925165515760899062720939921734142361138587845236034,0xb215decbedd846168842f6e207f09bd5f50ce51d2191f238887d976ec21b6f66,1776395749,2026-04-17T03:15:49+00:00,0.036,clob_prices_history
52035147432985774092509040925165515760899062720939921734142361138587845236034,0xb215decbedd846168842f6e207f09bd5f50ce51d2191f238887d976ec21b6f66,1776396652,2026-04-17T03:30:52+00:00,0.036,clob_prices_history
52035147432985774092509040925165515760899062720939921734142361138587845236034,0xb215decbedd846168842f6e207f09bd5f50ce51d2191f238887d976ec21b6f66,1776397550,2026-04-17T03:45:50+00:00,0.036,clob_prices_history
52035147432985774092509040925165515760899062720939921734142361138587845236034,0xb215decbedd846168842f6e207f09bd5f50ce51d2191f238887d976ec21b6f66,1776398446,2026-04-17T04:00:46+00:00,0.036,clob_prices_history
52035147432985774092509040925165515760899062720939921734142361138587845236034,0xb215decbedd846168842f6e207f09bd5f50ce51d2191f238887d976ec21b6f66,1776399347,2026-04-17T04:15:47+00:00,0.036,clob_prices_history
52035147432985774092509040925165515760899062720939921734142361138587845236034,0xb215decbedd846168842f6e207f09bd5f50ce51d2191f238887d976ec21b6f66,1776400250,2026-04-17T04:30:50+00:00,0.036,clob_prices_history
52035147432985774092509040925165515760899062720939921734142361138587845236034,0xb215decbedd846168842f6e207f09bd5f50ce51d2191f238887d976ec21b6f66,1776401148,2026-04-17T04:45:48+00:00,0.036,clob_prices_history
52035147432985774092509040925165515760899062720939921734142361138587845236034,0xb215decbedd846168842f6e207f09bd5f50ce51d2191f238887d976ec21b6f66,1776402048,2026-04-17T05:00:48+00:00,0.036,clob_prices_history
52035147432985774092509040925165515760899062720939921734142361138587845236034,0xb215decbedd846168842f6e207f09bd5f50ce51d2191f238887d976ec21b6f66,1776402955,2026-04-17T05:15:55+00:00,0.036,clob_prices_history
52035147432985774092509040925165515760899062720939921734142361138587845236034,0xb215decbedd846168842f6e207f09bd5f50ce51d2191f238887d976ec21b6f66,1776403853,2026-04-17T05:30:53+00:00,0.036,clob_prices_history
52035147432985774092509040925165515760899062720939921734142361138587845236034,0xb215decbedd846168842f6e207f09bd5f50ce51d2191f238887d976ec21b6f66,1776404751,2026-04-17T05:45:51+00:00,0.036,clob_prices_history
52035147432985774092509040925165515760899062720939921734142361138587845236034,0xb215decbedd846168842f6e207f09bd5f50ce51d2191f238887d976ec21b6f66,1776406548,2026-04-17T06:15:48+00:00,0.036,clob_prices_history
52035147432985774092509040925165515760899062720939921734142361138587845236034,0xb215decbedd846168842f6e207f09bd5f50ce51d2191f238887d976ec21b6f66,1776407406,2026-04-17T06:30:06+00:00,0.036,clob_prices_history
52035147432985774092509040925165515760899062720939921734142361138587845236034,0xb215decbedd846168842f6e207f09bd5f50ce51d2191f238887d976ec21b6f66,1776408350,2026-04-17T06:45:50+00:00,0.036,clob_prices_history
52035147432985774092509040925165515760899062720939921734142361138587845236034,0xb215decbedd846168842f6e207f09bd5f50ce51d2191f238887d976ec21b6f66,1776409250,2026-04-17T07:00:50+00:00,0.036,clob_prices_history
52035147432985774092509040925165515760899062720939921734142361138587845236034,0xb215decbedd846168842f6e207f09bd5f50ce51d2191f238887d976ec21b6f66,1776410145,2026-04-17T07:15:45+00:00,0.036,clob_prices_history
52035147432985774092509040925165515760899062720939921734142361138587845236034,0xb215decbedd846168842f6e207f09bd5f50ce51d2191f238887d976ec21b6f66,1776411050,2026-04-17T07:30:50+00:00,0.036,clob_prices_history
52035147432985774092509040925165515760899062720939921734142361138587845236034,0xb215decbedd846168842f6e207f09bd5f50ce51d2191f238887d976ec21b6f66,1776411946,2026-04-17T07:45:46+00:00,0.0355,clob_prices_history
52035147432985774092509040925165515760899062720939921734142361138587845236034,0xb215decbedd846168842f6e207f09bd5f50ce51d2191f238887d976ec21b6f66,1776413747,2026-04-17T08:15:47+00:00,0.0355,clob_prices_history
52035147432985774092509040925165515760899062720939921734142361138587845236034,0xb215decbedd846168842f6e207f09bd5f50ce51d2191f238887d976ec21b6f66,1776414650,2026-04-17T08:30:50+00:00,0.035,clob_prices_history
52035147432985774092509040925165515760899062720939921734142361138587845236034,0xb215decbedd846168842f6e207f09bd5f50ce51d2191f238887d976ec21b6f66,1776415559,2026-04-17T08:45:59+00:00,0.0345,clob_prices_history
52035147432985774092509040925165515760899062720939921734142361138587845236034,0xb215decbedd846168842f6e207f09bd5f50ce51d2191f238887d976ec21b6f66,1776417351,2026-04-17T09:15:51+00:00,0.0345,clob_prices_history
52035147432985774092509040925165515760899062720939921734142361138587845236034,0xb215decbedd846168842f6e207f09bd5f50ce51d2191f238887d976ec21b6f66,1776418252,2026-04-17T09:30:52+00:00,0.0345,clob_prices_history
52035147432985774092509040925165515760899062720939921734142361138587845236034,0xb215decbedd846168842f6e207f09bd5f50ce51d2191f238887d976ec21b6f66,1776419154,2026-04-17T09:45:54+00:00,0.0345,clob_prices_history
52035147432985774092509040925165515760899062720939921734142361138587845236034,0xb215decbedd846168842f6e207f09bd5f50ce51d2191f238887d976ec21b6f66,1776420055,2026-04-17T10:00:55+00:00,0.0345,clob_prices_history
52035147432985774092509040925165515760899062720939921734142361138587845236034,0xb215decbedd846168842f6e207f09bd5f50ce51d2191f238887d976ec21b6f66,1776420946,2026-04-17T10:15:46+00:00,0.0345,clob_prices_history
52035147432985774092509040925165515760899062720939921734142361138587845236034,0xb215decbedd846168842f6e207f09bd5f50ce51d2191f238887d976ec21b6f66,1776421848,2026-04-17T10:30:48+00:00,0.0345,clob_prices_history
52035147432985774092509040925165515760899062720939921734142361138587845236034,0xb215decbedd846168842f6e207f09bd5f50ce51d2191f238887d976ec21b6f66,1776422757,2026-04-17T10:45:57+00:00,0.0345,clob_prices_history
52035147432985774092509040925165515760899062720939921734142361138587845236034,0xb215decbedd846168842f6e207f09bd5f50ce51d2191f238887d976ec21b6f66,1776423649,2026-04-17T11:00:49+00:00,0.0335,clob_prices_history
52035147432985774092509040925165515760899062720939921734142361138587845236034,0xb215decbedd846168842f6e207f09bd5f50ce51d2191f238887d976ec21b6f66,1776424551,2026-04-17T11:15:51+00:00,0.0335,clob_prices_history
52035147432985774092509040925165515760899062720939921734142361138587845236034,0xb215decbedd846168842f6e207f09bd5f50ce51d2191f238887d976ec21b6f66,1776425405,2026-04-17T11:30:05+00:00,0.0335,clob_prices_history
52035147432985774092509040925165515760899062720939921734142361138587845236034,0xb215decbedd846168842f6e207f09bd5f50ce51d2191f238887d976ec21b6f66,1776426349,2026-04-17T11:45:49+00:00,0.0335,clob_prices_history
52035147432985774092509040925165515760899062720939921734142361138587845236034,0xb215decbedd846168842f6e207f09bd5f50ce51d2191f238887d976ec21b6f66,1776428152,2026-04-17T12:15:52+00:00,0.0345,clob_prices_history
52035147432985774092509040925165515760899062720939921734142361138587845236034,0xb215decbedd846168842f6e207f09bd5f50ce51d2191f238887d976ec21b6f66,1776429953,2026-04-17T12:45:53+00:00,0.0345,clob_prices_history
52035147432985774092509040925165515760899062720939921734142361138587845236034,0xb215decbedd846168842f6e207f09bd5f50ce51d2191f238887d976ec21b6f66,1776430856,2026-04-17T13:00:56+00:00,0.0345,clob_prices_history
52035147432985774092509040925165515760899062720939921734142361138587845236034,0xb215decbedd846168842f6e207f09bd5f50ce51d2191f238887d976ec21b6f66,1776431752,2026-04-17T13:15:52+00:00,0.0345,clob_prices_history
52035147432985774092509040925165515760899062720939921734142361138587845236034,0xb215decbedd846168842f6e207f09bd5f50ce51d2191f238887d976ec21b6f66,1776432654,2026-04-17T13:30:54+00:00,0.034,clob_prices_history
52035147432985774092509040925165515760899062720939921734142361138587845236034,0xb215decbedd846168842f6e207f09bd5f50ce51d2191f238887d976ec21b6f66,1776433548,2026-04-17T13:45:48+00:00,0.034,clob_prices_history
52035147432985774092509040925165515760899062720939921734142361138587845236034,0xb215decbedd846168842f6e207f09bd5f50ce51d2191f238887d976ec21b6f66,1776435353,2026-04-17T14:15:53+00:00,0.034,clob_prices_history
52035147432985774092509040925165515760899062720939921734142361138587845236034,0xb215decbedd846168842f6e207f09bd5f50ce51d2191f238887d976ec21b6f66,1776436207,2026-04-17T14:30:07+00:00,0.0335,clob_prices_history
52035147432985774092509040925165515760899062720939921734142361138587845236034,0xb215decbedd846168842f6e207f09bd5f50ce51d2191f238887d976ec21b6f66,1776437149,2026-04-17T14:45:49+00:00,0.0335,clob_prices_history
52035147432985774092509040925165515760899062720939921734142361138587845236034,0xb215decbedd846168842f6e207f09bd5f50ce51d2191f238887d976ec21b6f66,1776438021,2026-04-17T15:00:21+00:00,0.033,clob_prices_history
52035147432985774092509040925165515760899062720939921734142361138587845236034,0xb215decbedd846168842f6e207f09bd5f50ce51d2191f238887d976ec21b6f66,1776438902,2026-04-17T15:15:02+00:00,0.0325,clob_prices_history
52035147432985774092509040925165515760899062720939921734142361138587845236034,0xb215decbedd846168842f6e207f09bd5f50ce51d2191f238887d976ec21b6f66,1776439859,2026-04-17T15:30:59+00:00,0.0325,clob_prices_history
52035147432985774092509040925165515760899062720939921734142361138587845236034,0xb215decbedd846168842f6e207f09bd5f50ce51d2191f238887d976ec21b6f66,1776440754,2026-04-17T15:45:54+00:00,0.0325,clob_prices_history
52035147432985774092509040925165515760899062720939921734142361138587845236034,0xb215decbedd846168842f6e207f09bd5f50ce51d2191f238887d976ec21b6f66,1776441658,2026-04-17T16:00:58+00:00,0.0325,clob_prices_history
52035147432985774092509040925165515760899062720939921734142361138587845236034,0xb215decbedd846168842f6e207f09bd5f50ce51d2191f238887d976ec21b6f66,1776442509,2026-04-17T16:15:09+00:00,0.03,clob_prices_history
52035147432985774092509040925165515760899062720939921734142361138587845236034,0xb215decbedd846168842f6e207f09bd5f50ce51d2191f238887d976ec21b6f66,1776444353,2026-04-17T16:45:53+00:00,0.03,clob_prices_history
52035147432985774092509040925165515760899062720939921734142361138587845236034,0xb215decbedd846168842f6e207f09bd5f50ce51d2191f238887d976ec21b6f66,1776445210,2026-04-17T17:00:10+00:00,0.0295,clob_prices_history
52035147432985774092509040925165515760899062720939921734142361138587845236034,0xb215decbedd846168842f6e207f09bd5f50ce51d2191f238887d976ec21b6f66,1776446151,2026-04-17T17:15:51+00:00,0.025,clob_prices_history
52035147432985774092509040925165515760899062720939921734142361138587845236034,0xb215decbedd846168842f6e207f09bd5f50ce51d2191f238887d976ec21b6f66,1776447010,2026-04-17T17:30:10+00:00,0.0245,clob_prices_history
52035147432985774092509040925165515760899062720939921734142361138587845236034,0xb215decbedd846168842f6e207f09bd5f50ce51d2191f238887d976ec21b6f66,1776447953,2026-04-17T17:45:53+00:00,0.0235,clob_prices_history
52035147432985774092509040925165515760899062720939921734142361138587845236034,0xb215decbedd846168842f6e207f09bd5f50ce51d2191f238887d976ec21b6f66,1776448829,2026-04-17T18:00:29+00:00,0.023,clob_prices_history
52035147432985774092509040925165515760899062720939921734142361138587845236034,0xb215decbedd846168842f6e207f09bd5f50ce51d2191f238887d976ec21b6f66,1776449748,2026-04-17T18:15:48+00:00,0.023,clob_prices_history
52035147432985774092509040925165515760899062720939921734142361138587845236034,0xb215decbedd846168842f6e207f09bd5f50ce51d2191f238887d976ec21b6f66,1776450609,2026-04-17T18:30:09+00:00,0.024,clob_prices_history
52035147432985774092509040925165515760899062720939921734142361138587845236034,0xb215decbedd846168842f6e207f09bd5f50ce51d2191f238887d976ec21b6f66,1776451558,2026-04-17T18:45:58+00:00,0.0235,clob_prices_history
52035147432985774092509040925165515760899062720939921734142361138587845236034,0xb215decbedd846168842f6e207f09bd5f50ce51d2191f238887d976ec21b6f66,1776452401,2026-04-17T19:00:01+00:00,0.024,clob_prices_history
52035147432985774092509040925165515760899062720939921734142361138587845236034,0xb215decbedd846168842f6e207f09bd5f50ce51d2191f238887d976ec21b6f66,1776454213,2026-04-17T19:30:13+00:00,0.0235,clob_prices_history
52035147432985774092509040925165515760899062720939921734142361138587845236034,0xb215decbedd846168842f6e207f09bd5f50ce51d2191f238887d976ec21b6f66,1776455112,2026-04-17T19:45:12+00:00,0.0235,clob_prices_history
52035147432985774092509040925165515760899062720939921734142361138587845236034,0xb215decbedd846168842f6e207f09bd5f50ce51d2191f238887d976ec21b6f66,1776456008,2026-04-17T20:00:08+00:00,0.0235,clob_prices_history
52035147432985774092509040925165515760899062720939921734142361138587845236034,0xb215decbedd846168842f6e207f09bd5f50ce51d2191f238887d976ec21b6f66,1776456947,2026-04-17T20:15:47+00:00,0.0225,clob_prices_history
52035147432985774092509040925165515760899062720939921734142361138587845236034,0xb215decbedd846168842f6e207f09bd5f50ce51d2191f238887d976ec21b6f66,1776458757,2026-04-17T20:45:57+00:00,0.0225,clob_prices_history
52035147432985774092509040925165515760899062720939921734142361138587845236034,0xb215decbedd846168842f6e207f09bd5f50ce51d2191f238887d976ec21b6f66,1776461459,2026-04-17T21:30:59+00:00,0.0225,clob_prices_history
52035147432985774092509040925165515760899062720939921734142361138587845236034,0xb215decbedd846168842f6e207f09bd5f50ce51d2191f238887d976ec21b6f66,1776462349,2026-04-17T21:45:49+00:00,0.0225,clob_prices_history
52035147432985774092509040925165515760899062720939921734142361138587845236034,0xb215decbedd846168842f6e207f09bd5f50ce51d2191f238887d976ec21b6f66,1776464147,2026-04-17T22:15:47+00:00,0.0225,clob_prices_history
52035147432985774092509040925165515760899062720939921734142361138587845236034,0xb215decbedd846168842f6e207f09bd5f50ce51d2191f238887d976ec21b6f66,1776465059,2026-04-17T22:30:59+00:00,0.0225,clob_prices_history
52035147432985774092509040925165515760899062720939921734142361138587845236034,0xb215decbedd846168842f6e207f09bd5f50ce51d2191f238887d976ec21b6f66,1776465955,2026-04-17T22:45:55+00:00,0.0225,clob_prices_history
52035147432985774092509040925165515760899062720939921734142361138587845236034,0xb215decbedd846168842f6e207f09bd5f50ce51d2191f238887d976ec21b6f66,1776466855,2026-04-17T23:00:55+00:00,0.0225,clob_prices_history
52035147432985774092509040925165515760899062720939921734142361138587845236034,0xb215decbedd846168842f6e207f09bd5f50ce51d2191f238887d976ec21b6f66,1776467752,2026-04-17T23:15:52+00:00,0.0225,clob_prices_history
52035147432985774092509040925165515760899062720939921734142361138587845236034,0xb215decbedd846168842f6e207f09bd5f50ce51d2191f238887d976ec21b6f66,1776469550,2026-04-17T23:45:50+00:00,0.0235,clob_prices_history
52035147432985774092509040925165515760899062720939921734142361138587845236034,0xb215decbedd846168842f6e207f09bd5f50ce51d2191f238887d976ec21b6f66,1776471351,2026-04-18T00:15:51+00:00,0.0235,clob_prices_history
52035147432985774092509040925165515760899062720939921734142361138587845236034,0xb215decbedd846168842f6e207f09bd5f50ce51d2191f238887d976ec21b6f66,1776473148,2026-04-18T00:45:48+00:00,0.0235,clob_prices_history
52035147432985774092509040925165515760899062720939921734142361138587845236034,0xb215decbedd846168842f6e207f09bd5f50ce51d2191f238887d976ec21b6f66,1776474948,2026-04-18T01:15:48+00:00,0.0235,clob_prices_history
52035147432985774092509040925165515760899062720939921734142361138587845236034,0xb215decbedd846168842f6e207f09bd5f50ce51d2191f238887d976ec21b6f66,1776475858,2026-04-18T01:30:58+00:00,0.0235,clob_prices_history
52035147432985774092509040925165515760899062720939921734142361138587845236034,0xb215decbedd846168842f6e207f09bd5f50ce51d2191f238887d976ec21b6f66,1776476754,2026-04-18T01:45:54+00:00,0.0235,clob_prices_history
52035147432985774092509040925165515760899062720939921734142361138587845236034,0xb215decbedd846168842f6e207f09bd5f50ce51d2191f238887d976ec21b6f66,1776478558,2026-04-18T02:15:58+00:00,0.029,clob_prices_history
52035147432985774092509040925165515760899062720939921734142361138587845236034,0xb215decbedd846168842f6e207f09bd5f50ce51d2191f238887d976ec21b6f66,1776479459,2026-04-18T02:30:59+00:00,0.029,clob_prices_history
52035147432985774092509040925165515760899062720939921734142361138587845236034,0xb215decbedd846168842f6e207f09bd5f50ce51d2191f238887d976ec21b6f66,1776480307,2026-04-18T02:45:07+00:00,0.0285,clob_prices_history
52035147432985774092509040925165515760899062720939921734142361138587845236034,0xb215decbedd846168842f6e207f09bd5f50ce51d2191f238887d976ec21b6f66,1776482152,2026-04-18T03:15:52+00:00,0.029,clob_prices_history
52035147432985774092509040925165515760899062720939921734142361138587845236034,0xb215decbedd846168842f6e207f09bd5f50ce51d2191f238887d976ec21b6f66,1776483055,2026-04-18T03:30:55+00:00,0.029,clob_prices_history
52035147432985774092509040925165515760899062720939921734142361138587845236034,0xb215decbedd846168842f6e207f09bd5f50ce51d2191f238887d976ec21b6f66,1776484857,2026-04-18T04:00:57+00:00,0.0285,clob_prices_history
52035147432985774092509040925165515760899062720939921734142361138587845236034,0xb215decbedd846168842f6e207f09bd5f50ce51d2191f238887d976ec21b6f66,1776485745,2026-04-18T04:15:45+00:00,0.0285,clob_prices_history
52035147432985774092509040925165515760899062720939921734142361138587845236034,0xb215decbedd846168842f6e207f09bd5f50ce51d2191f238887d976ec21b6f66,1776486651,2026-04-18T04:30:51+00:00,0.028,clob_prices_history
52035147432985774092509040925165515760899062720939921734142361138587845236034,0xb215decbedd846168842f6e207f09bd5f50ce51d2191f238887d976ec21b6f66,1776487551,2026-04-18T04:45:51+00:00,0.028,clob_prices_history
52035147432985774092509040925165515760899062720939921734142361138587845236034,0xb215decbedd846168842f6e207f09bd5f50ce51d2191f238887d976ec21b6f66,1776489352,2026-04-18T05:15:52+00:00,0.028,clob_prices_history
52035147432985774092509040925165515760899062720939921734142361138587845236034,0xb215decbedd846168842f6e207f09bd5f50ce51d2191f238887d976ec21b6f66,1776491150,2026-04-18T05:45:50+00:00,0.028,clob_prices_history
52035147432985774092509040925165515760899062720939921734142361138587845236034,0xb215decbedd846168842f6e207f09bd5f50ce51d2191f238887d976ec21b6f66,1776492953,2026-04-18T06:15:53+00:00,0.028,clob_prices_history
52035147432985774092509040925165515760899062720939921734142361138587845236034,0xb215decbedd846168842f6e207f09bd5f50ce51d2191f238887d976ec21b6f66,1776493856,2026-04-18T06:30:56+00:00,0.028,clob_prices_history
52035147432985774092509040925165515760899062720939921734142361138587845236034,0xb215decbedd846168842f6e207f09bd5f50ce51d2191f238887d976ec21b6f66,1776494746,2026-04-18T06:45:46+00:00,0.028,clob_prices_history
52035147432985774092509040925165515760899062720939921734142361138587845236034,0xb215decbedd846168842f6e207f09bd5f50ce51d2191f238887d976ec21b6f66,1776495649,2026-04-18T07:00:49+00:00,0.028,clob_prices_history
52035147432985774092509040925165515760899062720939921734142361138587845236034,0xb215decbedd846168842f6e207f09bd5f50ce51d2191f238887d976ec21b6f66,1776496546,2026-04-18T07:15:46+00:00,0.028,clob_prices_history
52035147432985774092509040925165515760899062720939921734142361138587845236034,0xb215decbedd846168842f6e207f09bd5f50ce51d2191f238887d976ec21b6f66,1776497450,2026-04-18T07:30:50+00:00,0.028,clob_prices_history
52035147432985774092509040925165515760899062720939921734142361138587845236034,0xb215decbedd846168842f6e207f09bd5f50ce51d2191f238887d976ec21b6f66,1776498348,2026-04-18T07:45:48+00:00,0.027,clob_prices_history
52035147432985774092509040925165515760899062720939921734142361138587845236034,0xb215decbedd846168842f6e207f09bd5f50ce51d2191f238887d976ec21b6f66,1776499252,2026-04-18T08:00:52+00:00,0.027,clob_prices_history
52035147432985774092509040925165515760899062720939921734142361138587845236034,0xb215decbedd846168842f6e207f09bd5f50ce51d2191f238887d976ec21b6f66,1776500152,2026-04-18T08:15:52+00:00,0.027,clob_prices_history
52035147432985774092509040925165515760899062720939921734142361138587845236034,0xb215decbedd846168842f6e207f09bd5f50ce51d2191f238887d976ec21b6f66,1776501058,2026-04-18T08:30:58+00:00,0.027,clob_prices_history
52035147432985774092509040925165515760899062720939921734142361138587845236034,0xb215decbedd846168842f6e207f09bd5f50ce51d2191f238887d976ec21b6f66,1776501948,2026-04-18T08:45:48+00:00,0.027,clob_prices_history
52035147432985774092509040925165515760899062720939921734142361138587845236034,0xb215decbedd846168842f6e207f09bd5f50ce51d2191f238887d976ec21b6f66,1776502855,2026-04-18T09:00:55+00:00,0.027,clob_prices_history
52035147432985774092509040925165515760899062720939921734142361138587845236034,0xb215decbedd846168842f6e207f09bd5f50ce51d2191f238887d976ec21b6f66,1776503746,2026-04-18T09:15:46+00:00,0.027,clob_prices_history
52035147432985774092509040925165515760899062720939921734142361138587845236034,0xb215decbedd846168842f6e207f09bd5f50ce51d2191f238887d976ec21b6f66,1776504652,2026-04-18T09:30:52+00:00,0.027,clob_prices_history
52035147432985774092509040925165515760899062720939921734142361138587845236034,0xb215decbedd846168842f6e207f09bd5f50ce51d2191f238887d976ec21b6f66,1776505546,2026-04-18T09:45:46+00:00,0.027,clob_prices_history
52035147432985774092509040925165515760899062720939921734142361138587845236034,0xb215decbedd846168842f6e207f09bd5f50ce51d2191f238887d976ec21b6f66,1776506453,2026-04-18T10:00:53+00:00,0.027,clob_prices_history
52035147432985774092509040925165515760899062720939921734142361138587845236034,0xb215decbedd846168842f6e207f09bd5f50ce51d2191f238887d976ec21b6f66,1776507346,2026-04-18T10:15:46+00:00,0.027,clob_prices_history
52035147432985774092509040925165515760899062720939921734142361138587845236034,0xb215decbedd846168842f6e207f09bd5f50ce51d2191f238887d976ec21b6f66,1776508258,2026-04-18T10:30:58+00:00,0.0295,clob_prices_history
52035147432985774092509040925165515760899062720939921734142361138587845236034,0xb215decbedd846168842f6e207f09bd5f50ce51d2191f238887d976ec21b6f66,1776509155,2026-04-18T10:45:55+00:00,0.0305,clob_prices_history
52035147432985774092509040925165515760899062720939921734142361138587845236034,0xb215decbedd846168842f6e207f09bd5f50ce51d2191f238887d976ec21b6f66,1776510003,2026-04-18T11:00:03+00:00,0.0305,clob_prices_history
52035147432985774092509040925165515760899062720939921734142361138587845236034,0xb215decbedd846168842f6e207f09bd5f50ce51d2191f238887d976ec21b6f66,1776510951,2026-04-18T11:15:51+00:00,0.0305,clob_prices_history
52035147432985774092509040925165515760899062720939921734142361138587845236034,0xb215decbedd846168842f6e207f09bd5f50ce51d2191f238887d976ec21b6f66,1776512749,2026-04-18T11:45:49+00:00,0.032,clob_prices_history
52035147432985774092509040925165515760899062720939921734142361138587845236034,0xb215decbedd846168842f6e207f09bd5f50ce51d2191f238887d976ec21b6f66,1776514522,2026-04-18T12:15:22+00:00,0.0325,clob_prices_history
52035147432985774092509040925165515760899062720939921734142361138587845236034,0xb215decbedd846168842f6e207f09bd5f50ce51d2191f238887d976ec21b6f66,1776516353,2026-04-18T12:45:53+00:00,0.0325,clob_prices_history
52035147432985774092509040925165515760899062720939921734142361138587845236034,0xb215decbedd846168842f6e207f09bd5f50ce51d2191f238887d976ec21b6f66,1776518155,2026-04-18T13:15:55+00:00,0.0325,clob_prices_history
52035147432985774092509040925165515760899062720939921734142361138587845236034,0xb215decbedd846168842f6e207f09bd5f50ce51d2191f238887d976ec21b6f66,1776519952,2026-04-18T13:45:52+00:00,0.0325,clob_prices_history
52035147432985774092509040925165515760899062720939921734142361138587845236034,0xb215decbedd846168842f6e207f09bd5f50ce51d2191f238887d976ec21b6f66,1776521748,2026-04-18T14:15:48+00:00,0.0325,clob_prices_history
52035147432985774092509040925165515760899062720939921734142361138587845236034,0xb215decbedd846168842f6e207f09bd5f50ce51d2191f238887d976ec21b6f66,1776523546,2026-04-18T14:45:46+00:00,0.0325,clob_prices_history
52035147432985774092509040925165515760899062720939921734142361138587845236034,0xb215decbedd846168842f6e207f09bd5f50ce51d2191f238887d976ec21b6f66,1776524413,2026-04-18T15:00:13+00:00,0.0325,clob_prices_history
52035147432985774092509040925165515760899062720939921734142361138587845236034,0xb215decbedd846168842f6e207f09bd5f50ce51d2191f238887d976ec21b6f66,1776525352,2026-04-18T15:15:52+00:00,0.0325,clob_prices_history
52035147432985774092509040925165515760899062720939921734142361138587845236034,0xb215decbedd846168842f6e207f09bd5f50ce51d2191f238887d976ec21b6f66,1776527150,2026-04-18T15:45:50+00:00,0.0325,clob_prices_history
52035147432985774092509040925165515760899062720939921734142361138587845236034,0xb215decbedd846168842f6e207f09bd5f50ce51d2191f238887d976ec21b6f66,1776528946,2026-04-18T16:15:46+00:00,0.0325,clob_prices_history
52035147432985774092509040925165515760899062720939921734142361138587845236034,0xb215decbedd846168842f6e207f09bd5f50ce51d2191f238887d976ec21b6f66,1776529823,2026-04-18T16:30:23+00:00,0.0325,clob_prices_history
52035147432985774092509040925165515760899062720939921734142361138587845236034,0xb215decbedd846168842f6e207f09bd5f50ce51d2191f238887d976ec21b6f66,1776530744,2026-04-18T16:45:44+00:00,0.0325,clob_prices_history
52035147432985774092509040925165515760899062720939921734142361138587845236034,0xb215decbedd846168842f6e207f09bd5f50ce51d2191f238887d976ec21b6f66,1776531654,2026-04-18T17:00:54+00:00,0.0325,clob_prices_history
52035147432985774092509040925165515760899062720939921734142361138587845236034,0xb215decbedd846168842f6e207f09bd5f50ce51d2191f238887d976ec21b6f66,1776532517,2026-04-18T17:15:17+00:00,0.0325,clob_prices_history
52035147432985774092509040925165515760899062720939921734142361138587845236034,0xb215decbedd846168842f6e207f09bd5f50ce51d2191f238887d976ec21b6f66,1776533422,2026-04-18T17:30:22+00:00,0.0325,clob_prices_history
52035147432985774092509040925165515760899062720939921734142361138587845236034,0xb215decbedd846168842f6e207f09bd5f50ce51d2191f238887d976ec21b6f66,1776534311,2026-04-18T17:45:11+00:00,0.0325,clob_prices_history
52035147432985774092509040925165515760899062720939921734142361138587845236034,0xb215decbedd846168842f6e207f09bd5f50ce51d2191f238887d976ec21b6f66,1776536153,2026-04-18T18:15:53+00:00,0.0325,clob_prices_history
52035147432985774092509040925165515760899062720939921734142361138587845236034,0xb215decbedd846168842f6e207f09bd5f50ce51d2191f238887d976ec21b6f66,1776537955,2026-04-18T18:45:55+00:00,0.0325,clob_prices_history
52035147432985774092509040925165515760899062720939921734142361138587845236034,0xb215decbedd846168842f6e207f09bd5f50ce51d2191f238887d976ec21b6f66,1776539747,2026-04-18T19:15:47+00:00,0.0325,clob_prices_history
52035147432985774092509040925165515760899062720939921734142361138587845236034,0xb215decbedd846168842f6e207f09bd5f50ce51d2191f238887d976ec21b6f66,1776541547,2026-04-18T19:45:47+00:00,0.0325,clob_prices_history
52035147432985774092509040925165515760899062720939921734142361138587845236034,0xb215decbedd846168842f6e207f09bd5f50ce51d2191f238887d976ec21b6f66,1776543350,2026-04-18T20:15:50+00:00,0.0325,clob_prices_history
52035147432985774092509040925165515760899062720939921734142361138587845236034,0xb215decbedd846168842f6e207f09bd5f50ce51d2191f238887d976ec21b6f66,1776544250,2026-04-18T20:30:50+00:00,0.0325,clob_prices_history
52035147432985774092509040925165515760899062720939921734142361138587845236034,0xb215decbedd846168842f6e207f09bd5f50ce51d2191f238887d976ec21b6f66,1776545146,2026-04-18T20:45:46+00:00,0.0325,clob_prices_history
52035147432985774092509040925165515760899062720939921734142361138587845236034,0xb215decbedd846168842f6e207f09bd5f50ce51d2191f238887d976ec21b6f66,1776546911,2026-04-18T21:15:11+00:00,0.029,clob_prices_history
52035147432985774092509040925165515760899062720939921734142361138587845236034,0xb215decbedd846168842f6e207f09bd5f50ce51d2191f238887d976ec21b6f66,1776548743,2026-04-18T21:45:43+00:00,0.029,clob_prices_history
52035147432985774092509040925165515760899062720939921734142361138587845236034,0xb215decbedd846168842f6e207f09bd5f50ce51d2191f238887d976ec21b6f66,1776549658,2026-04-18T22:00:58+00:00,0.029,clob_prices_history
52035147432985774092509040925165515760899062720939921734142361138587845236034,0xb215decbedd846168842f6e207f09bd5f50ce51d2191f238887d976ec21b6f66,1776550545,2026-04-18T22:15:45+00:00,0.029,clob_prices_history
52035147432985774092509040925165515760899062720939921734142361138587845236034,0xb215decbedd846168842f6e207f09bd5f50ce51d2191f238887d976ec21b6f66,1776551456,2026-04-18T22:30:56+00:00,0.029,clob_prices_history
52035147432985774092509040925165515760899062720939921734142361138587845236034,0xb215decbedd846168842f6e207f09bd5f50ce51d2191f238887d976ec21b6f66,1776552345,2026-04-18T22:45:45+00:00,0.029,clob_prices_history
52035147432985774092509040925165515760899062720939921734142361138587845236034,0xb215decbedd846168842f6e207f09bd5f50ce51d2191f238887d976ec21b6f66,1776553258,2026-04-18T23:00:58+00:00,0.029,clob_prices_history
52035147432985774092509040925165515760899062720939921734142361138587845236034,0xb215decbedd846168842f6e207f09bd5f50ce51d2191f238887d976ec21b6f66,1776555945,2026-04-18T23:45:45+00:00,0.0285,clob_prices_history
52035147432985774092509040925165515760899062720939921734142361138587845236034,0xb215decbedd846168842f6e207f09bd5f50ce51d2191f238887d976ec21b6f66,1776557753,2026-04-19T00:15:53+00:00,0.0285,clob_prices_history
52035147432985774092509040925165515760899062720939921734142361138587845236034,0xb215decbedd846168842f6e207f09bd5f50ce51d2191f238887d976ec21b6f66,1776559553,2026-04-19T00:45:53+00:00,0.0285,clob_prices_history
52035147432985774092509040925165515760899062720939921734142361138587845236034,0xb215decbedd846168842f6e207f09bd5f50ce51d2191f238887d976ec21b6f66,1776560453,2026-04-19T01:00:53+00:00,0.0285,clob_prices_history
52035147432985774092509040925165515760899062720939921734142361138587845236034,0xb215decbedd846168842f6e207f09bd5f50ce51d2191f238887d976ec21b6f66,1776561342,2026-04-19T01:15:42+00:00,0.0285,clob_prices_history
52035147432985774092509040925165515760899062720939921734142361138587845236034,0xb215decbedd846168842f6e207f09bd5f50ce51d2191f238887d976ec21b6f66,1776562245,2026-04-19T01:30:45+00:00,0.0285,clob_prices_history
52035147432985774092509040925165515760899062720939921734142361138587845236034,0xb215decbedd846168842f6e207f09bd5f50ce51d2191f238887d976ec21b6f66,1776563147,2026-04-19T01:45:47+00:00,0.0285,clob_prices_history
52035147432985774092509040925165515760899062720939921734142361138587845236034,0xb215decbedd846168842f6e207f09bd5f50ce51d2191f238887d976ec21b6f66,1776564056,2026-04-19T02:00:56+00:00,0.0285,clob_prices_history
52035147432985774092509040925165515760899062720939921734142361138587845236034,0xb215decbedd846168842f6e207f09bd5f50ce51d2191f238887d976ec21b6f66,1776564943,2026-04-19T02:15:43+00:00,0.0285,clob_prices_history
52035147432985774092509040925165515760899062720939921734142361138587845236034,0xb215decbedd846168842f6e207f09bd5f50ce51d2191f238887d976ec21b6f66,1776565857,2026-04-19T02:30:57+00:00,0.0285,clob_prices_history
52035147432985774092509040925165515760899062720939921734142361138587845236034,0xb215decbedd846168842f6e207f09bd5f50ce51d2191f238887d976ec21b6f66,1776566742,2026-04-19T02:45:42+00:00,0.0285,clob_prices_history
52035147432985774092509040925165515760899062720939921734142361138587845236034,0xb215decbedd846168842f6e207f09bd5f50ce51d2191f238887d976ec21b6f66,1776568540,2026-04-19T03:15:40+00:00,0.0285,clob_prices_history
52035147432985774092509040925165515760899062720939921734142361138587845236034,0xb215decbedd846168842f6e207f09bd5f50ce51d2191f238887d976ec21b6f66,1776569446,2026-04-19T03:30:46+00:00,0.029,clob_prices_history
52035147432985774092509040925165515760899062720939921734142361138587845236034,0xb215decbedd846168842f6e207f09bd5f50ce51d2191f238887d976ec21b6f66,1776570342,2026-04-19T03:45:42+00:00,0.029,clob_prices_history
52035147432985774092509040925165515760899062720939921734142361138587845236034,0xb215decbedd846168842f6e207f09bd5f50ce51d2191f238887d976ec21b6f66,1776571259,2026-04-19T04:00:59+00:00,0.029,clob_prices_history
52035147432985774092509040925165515760899062720939921734142361138587845236034,0xb215decbedd846168842f6e207f09bd5f50ce51d2191f238887d976ec21b6f66,1776572144,2026-04-19T04:15:44+00:00,0.029,clob_prices_history
52035147432985774092509040925165515760899062720939921734142361138587845236034,0xb215decbedd846168842f6e207f09bd5f50ce51d2191f238887d976ec21b6f66,1776573053,2026-04-19T04:30:53+00:00,0.029,clob_prices_history
52035147432985774092509040925165515760899062720939921734142361138587845236034,0xb215decbedd846168842f6e207f09bd5f50ce51d2191f238887d976ec21b6f66,1776573944,2026-04-19T04:45:44+00:00,0.029,clob_prices_history
52035147432985774092509040925165515760899062720939921734142361138587845236034,0xb215decbedd846168842f6e207f09bd5f50ce51d2191f238887d976ec21b6f66,1776574850,2026-04-19T05:00:50+00:00,0.029,clob_prices_history
52035147432985774092509040925165515760899062720939921734142361138587845236034,0xb215decbedd846168842f6e207f09bd5f50ce51d2191f238887d976ec21b6f66,1776575751,2026-04-19T05:15:51+00:00,0.0285,clob_prices_history
52035147432985774092509040925165515760899062720939921734142361138587845236034,0xb215decbedd846168842f6e207f09bd5f50ce51d2191f238887d976ec21b6f66,1776576649,2026-04-19T05:30:49+00:00,0.0285,clob_prices_history
52035147432985774092509040925165515760899062720939921734142361138587845236034,0xb215decbedd846168842f6e207f09bd5f50ce51d2191f238887d976ec21b6f66,1776577546,2026-04-19T05:45:46+00:00,0.0285,clob_prices_history
52035147432985774092509040925165515760899062720939921734142361138587845236034,0xb215decbedd846168842f6e207f09bd5f50ce51d2191f238887d976ec21b6f66,1776579342,2026-04-19T06:15:42+00:00,0.0285,clob_prices_history
52035147432985774092509040925165515760899062720939921734142361138587845236034,0xb215decbedd846168842f6e207f09bd5f50ce51d2191f238887d976ec21b6f66,1776580258,2026-04-19T06:30:58+00:00,0.0285,clob_prices_history
52035147432985774092509040925165515760899062720939921734142361138587845236034,0xb215decbedd846168842f6e207f09bd5f50ce51d2191f238887d976ec21b6f66,1776581142,2026-04-19T06:45:42+00:00,0.0285,clob_prices_history
52035147432985774092509040925165515760899062720939921734142361138587845236034,0xb215decbedd846168842f6e207f09bd5f50ce51d2191f238887d976ec21b6f66,1776582044,2026-04-19T07:00:44+00:00,0.0285,clob_prices_history
52035147432985774092509040925165515760899062720939921734142361138587845236034,0xb215decbedd846168842f6e207f09bd5f50ce51d2191f238887d976ec21b6f66,1776582942,2026-04-19T07:15:42+00:00,0.0285,clob_prices_history
52035147432985774092509040925165515760899062720939921734142361138587845236034,0xb215decbedd846168842f6e207f09bd5f50ce51d2191f238887d976ec21b6f66,1776583851,2026-04-19T07:30:51+00:00,0.0285,clob_prices_history
52035147432985774092509040925165515760899062720939921734142361138587845236034,0xb215decbedd846168842f6e207f09bd5f50ce51d2191f238887d976ec21b6f66,1776584746,2026-04-19T07:45:46+00:00,0.0285,clob_prices_history
52035147432985774092509040925165515760899062720939921734142361138587845236034,0xb215decbedd846168842f6e207f09bd5f50ce51d2191f238887d976ec21b6f66,1776586546,2026-04-19T08:15:46+00:00,0.0285,clob_prices_history
52035147432985774092509040925165515760899062720939921734142361138587845236034,0xb215decbedd846168842f6e207f09bd5f50ce51d2191f238887d976ec21b6f66,1776587455,2026-04-19T08:30:55+00:00,0.0285,clob_prices_history
52035147432985774092509040925165515760899062720939921734142361138587845236034,0xb215decbedd846168842f6e207f09bd5f50ce51d2191f238887d976ec21b6f66,1776588345,2026-04-19T08:45:45+00:00,0.028,clob_prices_history
52035147432985774092509040925165515760899062720939921734142361138587845236034,0xb215decbedd846168842f6e207f09bd5f50ce51d2191f238887d976ec21b6f66,1776590156,2026-04-19T09:15:56+00:00,0.028,clob_prices_history
52035147432985774092509040925165515760899062720939921734142361138587845236034,0xb215decbedd846168842f6e207f09bd5f50ce51d2191f238887d976ec21b6f66,1776591946,2026-04-19T09:45:46+00:00,0.028,clob_prices_history
52035147432985774092509040925165515760899062720939921734142361138587845236034,0xb215decbedd846168842f6e207f09bd5f50ce51d2191f238887d976ec21b6f66,1776593743,2026-04-19T10:15:43+00:00,0.028,clob_prices_history
52035147432985774092509040925165515760899062720939921734142361138587845236034,0xb215decbedd846168842f6e207f09bd5f50ce51d2191f238887d976ec21b6f66,1776595548,2026-04-19T10:45:48+00:00,0.028,clob_prices_history
52035147432985774092509040925165515760899062720939921734142361138587845236034,0xb215decbedd846168842f6e207f09bd5f50ce51d2191f238887d976ec21b6f66,1776597346,2026-04-19T11:15:46+00:00,0.0285,clob_prices_history
52035147432985774092509040925165515760899062720939921734142361138587845236034,0xb215decbedd846168842f6e207f09bd5f50ce51d2191f238887d976ec21b6f66,1776599144,2026-04-19T11:45:44+00:00,0.0285,clob_prices_history
52035147432985774092509040925165515760899062720939921734142361138587845236034,0xb215decbedd846168842f6e207f09bd5f50ce51d2191f238887d976ec21b6f66,1776600948,2026-04-19T12:15:48+00:00,0.0295,clob_prices_history
52035147432985774092509040925165515760899062720939921734142361138587845236034,0xb215decbedd846168842f6e207f09bd5f50ce51d2191f238887d976ec21b6f66,1776601857,2026-04-19T12:30:57+00:00,0.03,clob_prices_history
52035147432985774092509040925165515760899062720939921734142361138587845236034,0xb215decbedd846168842f6e207f09bd5f50ce51d2191f238887d976ec21b6f66,1776602751,2026-04-19T12:45:51+00:00,0.03,clob_prices_history
52035147432985774092509040925165515760899062720939921734142361138587845236034,0xb215decbedd846168842f6e207f09bd5f50ce51d2191f238887d976ec21b6f66,1776604504,2026-04-19T13:15:04+00:00,0.03,clob_prices_history
52035147432985774092509040925165515760899062720939921734142361138587845236034,0xb215decbedd846168842f6e207f09bd5f50ce51d2191f238887d976ec21b6f66,1776605459,2026-04-19T13:30:59+00:00,0.03,clob_prices_history
52035147432985774092509040925165515760899062720939921734142361138587845236034,0xb215decbedd846168842f6e207f09bd5f50ce51d2191f238887d976ec21b6f66,1776606346,2026-04-19T13:45:46+00:00,0.03,clob_prices_history
52035147432985774092509040925165515760899062720939921734142361138587845236034,0xb215decbedd846168842f6e207f09bd5f50ce51d2191f238887d976ec21b6f66,1776608153,2026-04-19T14:15:53+00:00,0.03,clob_prices_history
52035147432985774092509040925165515760899062720939921734142361138587845236034,0xb215decbedd846168842f6e207f09bd5f50ce51d2191f238887d976ec21b6f66,1776609953,2026-04-19T14:45:53+00:00,0.03,clob_prices_history
52035147432985774092509040925165515760899062720939921734142361138587845236034,0xb215decbedd846168842f6e207f09bd5f50ce51d2191f238887d976ec21b6f66,1776611746,2026-04-19T15:15:46+00:00,0.03,clob_prices_history
52035147432985774092509040925165515760899062720939921734142361138587845236034,0xb215decbedd846168842f6e207f09bd5f50ce51d2191f238887d976ec21b6f66,1776612627,2026-04-19T15:30:27+00:00,0.03,clob_prices_history
52035147432985774092509040925165515760899062720939921734142361138587845236034,0xb215decbedd846168842f6e207f09bd5f50ce51d2191f238887d976ec21b6f66,1776613543,2026-04-19T15:45:43+00:00,0.03,clob_prices_history
52035147432985774092509040925165515760899062720939921734142361138587845236034,0xb215decbedd846168842f6e207f09bd5f50ce51d2191f238887d976ec21b6f66,1776614412,2026-04-19T16:00:12+00:00,0.03,clob_prices_history
52035147432985774092509040925165515760899062720939921734142361138587845236034,0xb215decbedd846168842f6e207f09bd5f50ce51d2191f238887d976ec21b6f66,1776615344,2026-04-19T16:15:44+00:00,0.03,clob_prices_history
52035147432985774092509040925165515760899062720939921734142361138587845236034,0xb215decbedd846168842f6e207f09bd5f50ce51d2191f238887d976ec21b6f66,1776617151,2026-04-19T16:45:51+00:00,0.03,clob_prices_history
52035147432985774092509040925165515760899062720939921734142361138587845236034,0xb215decbedd846168842f6e207f09bd5f50ce51d2191f238887d976ec21b6f66,1776618949,2026-04-19T17:15:49+00:00,0.03,clob_prices_history
52035147432985774092509040925165515760899062720939921734142361138587845236034,0xb215decbedd846168842f6e207f09bd5f50ce51d2191f238887d976ec21b6f66,1776622549,2026-04-19T18:15:49+00:00,0.029,clob_prices_history
52035147432985774092509040925165515760899062720939921734142361138587845236034,0xb215decbedd846168842f6e207f09bd5f50ce51d2191f238887d976ec21b6f66,1776624353,2026-04-19T18:45:53+00:00,0.029,clob_prices_history
52035147432985774092509040925165515760899062720939921734142361138587845236034,0xb215decbedd846168842f6e207f09bd5f50ce51d2191f238887d976ec21b6f66,1776626154,2026-04-19T19:15:54+00:00,0.029,clob_prices_history
52035147432985774092509040925165515760899062720939921734142361138587845236034,0xb215decbedd846168842f6e207f09bd5f50ce51d2191f238887d976ec21b6f66,1776627949,2026-04-19T19:45:49+00:00,0.029,clob_prices_history
52035147432985774092509040925165515760899062720939921734142361138587845236034,0xb215decbedd846168842f6e207f09bd5f50ce51d2191f238887d976ec21b6f66,1776629744,2026-04-19T20:15:44+00:00,0.029,clob_prices_history
52035147432985774092509040925165515760899062720939921734142361138587845236034,0xb215decbedd846168842f6e207f09bd5f50ce51d2191f238887d976ec21b6f66,1776631547,2026-04-19T20:45:47+00:00,0.029,clob_prices_history
52035147432985774092509040925165515760899062720939921734142361138587845236034,0xb215decbedd846168842f6e207f09bd5f50ce51d2191f238887d976ec21b6f66,1776633343,2026-04-19T21:15:43+00:00,0.029,clob_prices_history
52035147432985774092509040925165515760899062720939921734142361138587845236034,0xb215decbedd846168842f6e207f09bd5f50ce51d2191f238887d976ec21b6f66,1776635146,2026-04-19T21:45:46+00:00,0.029,clob_prices_history
52035147432985774092509040925165515760899062720939921734142361138587845236034,0xb215decbedd846168842f6e207f09bd5f50ce51d2191f238887d976ec21b6f66,1776636948,2026-04-19T22:15:48+00:00,0.0305,clob_prices_history
52035147432985774092509040925165515760899062720939921734142361138587845236034,0xb215decbedd846168842f6e207f09bd5f50ce51d2191f238887d976ec21b6f66,1776638746,2026-04-19T22:45:46+00:00,0.0305,clob_prices_history
52035147432985774092509040925165515760899062720939921734142361138587845236034,0xb215decbedd846168842f6e207f09bd5f50ce51d2191f238887d976ec21b6f66,1776640543,2026-04-19T23:15:43+00:00,0.0305,clob_prices_history
52035147432985774092509040925165515760899062720939921734142361138587845236034,0xb215decbedd846168842f6e207f09bd5f50ce51d2191f238887d976ec21b6f66,1776641458,2026-04-19T23:30:58+00:00,0.0305,clob_prices_history
52035147432985774092509040925165515760899062720939921734142361138587845236034,0xb215decbedd846168842f6e207f09bd5f50ce51d2191f238887d976ec21b6f66,1776642348,2026-04-19T23:45:48+00:00,0.0305,clob_prices_history
52035147432985774092509040925165515760899062720939921734142361138587845236034,0xb215decbedd846168842f6e207f09bd5f50ce51d2191f238887d976ec21b6f66,1776644146,2026-04-20T00:15:46+00:00,0.0305,clob_prices_history
52035147432985774092509040925165515760899062720939921734142361138587845236034,0xb215decbedd846168842f6e207f09bd5f50ce51d2191f238887d976ec21b6f66,1776645942,2026-04-20T00:45:42+00:00,0.0305,clob_prices_history
52035147432985774092509040925165515760899062720939921734142361138587845236034,0xb215decbedd846168842f6e207f09bd5f50ce51d2191f238887d976ec21b6f66,1776646857,2026-04-20T01:00:57+00:00,0.0335,clob_prices_history
52035147432985774092509040925165515760899062720939921734142361138587845236034,0xb215decbedd846168842f6e207f09bd5f50ce51d2191f238887d976ec21b6f66,1776647745,2026-04-20T01:15:45+00:00,0.0335,clob_prices_history
52035147432985774092509040925165515760899062720939921734142361138587845236034,0xb215decbedd846168842f6e207f09bd5f50ce51d2191f238887d976ec21b6f66,1776648657,2026-04-20T01:30:57+00:00,0.0335,clob_prices_history
52035147432985774092509040925165515760899062720939921734142361138587845236034,0xb215decbedd846168842f6e207f09bd5f50ce51d2191f238887d976ec21b6f66,1776649540,2026-04-20T01:45:40+00:00,0.0335,clob_prices_history
52035147432985774092509040925165515760899062720939921734142361138587845236034,0xb215decbedd846168842f6e207f09bd5f50ce51d2191f238887d976ec21b6f66,1776650459,2026-04-20T02:00:59+00:00,0.033,clob_prices_history
52035147432985774092509040925165515760899062720939921734142361138587845236034,0xb215decbedd846168842f6e207f09bd5f50ce51d2191f238887d976ec21b6f66,1776651342,2026-04-20T02:15:42+00:00,0.0335,clob_prices_history
52035147432985774092509040925165515760899062720939921734142361138587845236034,0xb215decbedd846168842f6e207f09bd5f50ce51d2191f238887d976ec21b6f66,1776652256,2026-04-20T02:30:56+00:00,0.0335,clob_prices_history
52035147432985774092509040925165515760899062720939921734142361138587845236034,0xb215decbedd846168842f6e207f09bd5f50ce51d2191f238887d976ec21b6f66,1776653149,2026-04-20T02:45:49+00:00,0.03,clob_prices_history
52035147432985774092509040925165515760899062720939921734142361138587845236034,0xb215decbedd846168842f6e207f09bd5f50ce51d2191f238887d976ec21b6f66,1776654941,2026-04-20T03:15:41+00:00,0.03,clob_prices_history
52035147432985774092509040925165515760899062720939921734142361138587845236034,0xb215decbedd846168842f6e207f09bd5f50ce51d2191f238887d976ec21b6f66,1776656759,2026-04-20T03:45:59+00:00,0.03,clob_prices_history
52035147432985774092509040925165515760899062720939921734142361138587845236034,0xb215decbedd846168842f6e207f09bd5f50ce51d2191f238887d976ec21b6f66,1776657655,2026-04-20T04:00:55+00:00,0.0295,clob_prices_history
52035147432985774092509040925165515760899062720939921734142361138587845236034,0xb215decbedd846168842f6e207f09bd5f50ce51d2191f238887d976ec21b6f66,1776658546,2026-04-20T04:15:46+00:00,0.0295,clob_prices_history
52035147432985774092509040925165515760899062720939921734142361138587845236034,0xb215decbedd846168842f6e207f09bd5f50ce51d2191f238887d976ec21b6f66,1776660342,2026-04-20T04:45:42+00:00,0.0295,clob_prices_history
52035147432985774092509040925165515760899062720939921734142361138587845236034,0xb215decbedd846168842f6e207f09bd5f50ce51d2191f238887d976ec21b6f66,1776662142,2026-04-20T05:15:42+00:00,0.0295,clob_prices_history
52035147432985774092509040925165515760899062720939921734142361138587845236034,0xb215decbedd846168842f6e207f09bd5f50ce51d2191f238887d976ec21b6f66,1776663945,2026-04-20T05:45:45+00:00,0.0295,clob_prices_history
52035147432985774092509040925165515760899062720939921734142361138587845236034,0xb215decbedd846168842f6e207f09bd5f50ce51d2191f238887d976ec21b6f66,1776665745,2026-04-20T06:15:45+00:00,0.0295,clob_prices_history
52035147432985774092509040925165515760899062720939921734142361138587845236034,0xb215decbedd846168842f6e207f09bd5f50ce51d2191f238887d976ec21b6f66,1776667553,2026-04-20T06:45:53+00:00,0.0295,clob_prices_history
52035147432985774092509040925165515760899062720939921734142361138587845236034,0xb215decbedd846168842f6e207f09bd5f50ce51d2191f238887d976ec21b6f66,1776668459,2026-04-20T07:00:59+00:00,0.0295,clob_prices_history
52035147432985774092509040925165515760899062720939921734142361138587845236034,0xb215decbedd846168842f6e207f09bd5f50ce51d2191f238887d976ec21b6f66,1776669345,2026-04-20T07:15:45+00:00,0.0295,clob_prices_history
52035147432985774092509040925165515760899062720939921734142361138587845236034,0xb215decbedd846168842f6e207f09bd5f50ce51d2191f238887d976ec21b6f66,1776672952,2026-04-20T08:15:52+00:00,0.0295,clob_prices_history
52035147432985774092509040925165515760899062720939921734142361138587845236034,0xb215decbedd846168842f6e207f09bd5f50ce51d2191f238887d976ec21b6f66,1776674700,2026-04-20T08:45:00+00:00,0.0295,clob_prices_history
52035147432985774092509040925165515760899062720939921734142361138587845236034,0xb215decbedd846168842f6e207f09bd5f50ce51d2191f238887d976ec21b6f66,1776676504,2026-04-20T09:15:04+00:00,0.0295,clob_prices_history
52035147432985774092509040925165515760899062720939921734142361138587845236034,0xb215decbedd846168842f6e207f09bd5f50ce51d2191f238887d976ec21b6f66,1776678350,2026-04-20T09:45:50+00:00,0.0295,clob_prices_history
52035147432985774092509040925165515760899062720939921734142361138587845236034,0xb215decbedd846168842f6e207f09bd5f50ce51d2191f238887d976ec21b6f66,1776680147,2026-04-20T10:15:47+00:00,0.035,clob_prices_history
52035147432985774092509040925165515760899062720939921734142361138587845236034,0xb215decbedd846168842f6e207f09bd5f50ce51d2191f238887d976ec21b6f66,1776681056,2026-04-20T10:30:56+00:00,0.035,clob_prices_history
52035147432985774092509040925165515760899062720939921734142361138587845236034,0xb215decbedd846168842f6e207f09bd5f50ce51d2191f238887d976ec21b6f66,1776684659,2026-04-20T11:30:59+00:00,0.0345,clob_prices_history
52035147432985774092509040925165515760899062720939921734142361138587845236034,0xb215decbedd846168842f6e207f09bd5f50ce51d2191f238887d976ec21b6f66,1776685552,2026-04-20T11:45:52+00:00,0.0345,clob_prices_history
52035147432985774092509040925165515760899062720939921734142361138587845236034,0xb215decbedd846168842f6e207f09bd5f50ce51d2191f238887d976ec21b6f66,1776687352,2026-04-20T12:15:52+00:00,0.035,clob_prices_history
52035147432985774092509040925165515760899062720939921734142361138587845236034,0xb215decbedd846168842f6e207f09bd5f50ce51d2191f238887d976ec21b6f66,1776689153,2026-04-20T12:45:53+00:00,0.035,clob_prices_history
52035147432985774092509040925165515760899062720939921734142361138587845236034,0xb215decbedd846168842f6e207f09bd5f50ce51d2191f238887d976ec21b6f66,1776690003,2026-04-20T13:00:03+00:00,0.0345,clob_prices_history
52035147432985774092509040925165515760899062720939921734142361138587845236034,0xb215decbedd846168842f6e207f09bd5f50ce51d2191f238887d976ec21b6f66,1776690952,2026-04-20T13:15:52+00:00,0.0345,clob_prices_history
52035147432985774092509040925165515760899062720939921734142361138587845236034,0xb215decbedd846168842f6e207f09bd5f50ce51d2191f238887d976ec21b6f66,1776691809,2026-04-20T13:30:09+00:00,0.0345,clob_prices_history
52035147432985774092509040925165515760899062720939921734142361138587845236034,0xb215decbedd846168842f6e207f09bd5f50ce51d2191f238887d976ec21b6f66,1776692705,2026-04-20T13:45:05+00:00,0.0345,clob_prices_history
52035147432985774092509040925165515760899062720939921734142361138587845236034,0xb215decbedd846168842f6e207f09bd5f50ce51d2191f238887d976ec21b6f66,1776694552,2026-04-20T14:15:52+00:00,0.0345,clob_prices_history
52035147432985774092509040925165515760899062720939921734142361138587845236034,0xb215decbedd846168842f6e207f09bd5f50ce51d2191f238887d976ec21b6f66,1776695457,2026-04-20T14:30:57+00:00,0.0345,clob_prices_history
52035147432985774092509040925165515760899062720939921734142361138587845236034,0xb215decbedd846168842f6e207f09bd5f50ce51d2191f238887d976ec21b6f66,1776703516,2026-04-20T16:45:16+00:00,0.034,clob_prices_history
52035147432985774092509040925165515760899062720939921734142361138587845236034,0xb215decbedd846168842f6e207f09bd5f50ce51d2191f238887d976ec21b6f66,1776707120,2026-04-20T17:45:20+00:00,0.034,clob_prices_history
52035147432985774092509040925165515760899062720939921734142361138587845236034,0xb215decbedd846168842f6e207f09bd5f50ce51d2191f238887d976ec21b6f66,1776708946,2026-04-20T18:15:46+00:00,0.034,clob_prices_history
52035147432985774092509040925165515760899062720939921734142361138587845236034,0xb215decbedd846168842f6e207f09bd5f50ce51d2191f238887d976ec21b6f66,1776710706,2026-04-20T18:45:06+00:00,0.034,clob_prices_history
52035147432985774092509040925165515760899062720939921734142361138587845236034,0xb215decbedd846168842f6e207f09bd5f50ce51d2191f238887d976ec21b6f66,1776713428,2026-04-20T19:30:28+00:00,0.0335,clob_prices_history
52035147432985774092509040925165515760899062720939921734142361138587845236034,0xb215decbedd846168842f6e207f09bd5f50ce51d2191f238887d976ec21b6f66,1776714354,2026-04-20T19:45:54+00:00,0.0335,clob_prices_history
52035147432985774092509040925165515760899062720939921734142361138587845236034,0xb215decbedd846168842f6e207f09bd5f50ce51d2191f238887d976ec21b6f66,1776715256,2026-04-20T20:00:56+00:00,0.0335,clob_prices_history
52035147432985774092509040925165515760899062720939921734142361138587845236034,0xb215decbedd846168842f6e207f09bd5f50ce51d2191f238887d976ec21b6f66,1776716158,2026-04-20T20:15:58+00:00,0.0325,clob_prices_history
52035147432985774092509040925165515760899062720939921734142361138587845236034,0xb215decbedd846168842f6e207f09bd5f50ce51d2191f238887d976ec21b6f66,1776717057,2026-04-20T20:30:57+00:00,0.0325,clob_prices_history
52035147432985774092509040925165515760899062720939921734142361138587845236034,0xb215decbedd846168842f6e207f09bd5f50ce51d2191f238887d976ec21b6f66,1776717949,2026-04-20T20:45:49+00:00,0.0335,clob_prices_history
52035147432985774092509040925165515760899062720939921734142361138587845236034,0xb215decbedd846168842f6e207f09bd5f50ce51d2191f238887d976ec21b6f66,1776718817,2026-04-20T21:00:17+00:00,0.0335,clob_prices_history
52035147432985774092509040925165515760899062720939921734142361138587845236034,0xb215decbedd846168842f6e207f09bd5f50ce51d2191f238887d976ec21b6f66,1776719750,2026-04-20T21:15:50+00:00,0.0335,clob_prices_history
52035147432985774092509040925165515760899062720939921734142361138587845236034,0xb215decbedd846168842f6e207f09bd5f50ce51d2191f238887d976ec21b6f66,1776721548,2026-04-20T21:45:48+00:00,0.0325,clob_prices_history
52035147432985774092509040925165515760899062720939921734142361138587845236034,0xb215decbedd846168842f6e207f09bd5f50ce51d2191f238887d976ec21b6f66,1776723345,2026-04-20T22:15:45+00:00,0.032,clob_prices_history
52035147432985774092509040925165515760899062720939921734142361138587845236034,0xb215decbedd846168842f6e207f09bd5f50ce51d2191f238887d976ec21b6f66,1776725157,2026-04-20T22:45:57+00:00,0.032,clob_prices_history
52035147432985774092509040925165515760899062720939921734142361138587845236034,0xb215decbedd846168842f6e207f09bd5f50ce51d2191f238887d976ec21b6f66,1776726953,2026-04-20T23:15:53+00:00,0.032,clob_prices_history
52035147432985774092509040925165515760899062720939921734142361138587845236034,0xb215decbedd846168842f6e207f09bd5f50ce51d2191f238887d976ec21b6f66,1776728735,2026-04-20T23:45:35+00:00,0.032,clob_prices_history
52035147432985774092509040925165515760899062720939921734142361138587845236034,0xb215decbedd846168842f6e207f09bd5f50ce51d2191f238887d976ec21b6f66,1776730557,2026-04-21T00:15:57+00:00,0.032,clob_prices_history
52035147432985774092509040925165515760899062720939921734142361138587845236034,0xb215decbedd846168842f6e207f09bd5f50ce51d2191f238887d976ec21b6f66,1776732355,2026-04-21T00:45:55+00:00,0.033,clob_prices_history
52035147432985774092509040925165515760899062720939921734142361138587845236034,0xb215decbedd846168842f6e207f09bd5f50ce51d2191f238887d976ec21b6f66,1776734122,2026-04-21T01:15:22+00:00,0.034,clob_prices_history
52035147432985774092509040925165515760899062720939921734142361138587845236034,0xb215decbedd846168842f6e207f09bd5f50ce51d2191f238887d976ec21b6f66,1776735057,2026-04-21T01:30:57+00:00,0.035,clob_prices_history
52035147432985774092509040925165515760899062720939921734142361138587845236034,0xb215decbedd846168842f6e207f09bd5f50ce51d2191f238887d976ec21b6f66,1776737746,2026-04-21T02:15:46+00:00,0.035,clob_prices_history
52035147432985774092509040925165515760899062720939921734142361138587845236034,0xb215decbedd846168842f6e207f09bd5f50ce51d2191f238887d976ec21b6f66,1776738621,2026-04-21T02:30:21+00:00,0.035,clob_prices_history
52035147432985774092509040925165515760899062720939921734142361138587845236034,0xb215decbedd846168842f6e207f09bd5f50ce51d2191f238887d976ec21b6f66,1776739557,2026-04-21T02:45:57+00:00,0.033,clob_prices_history
52035147432985774092509040925165515760899062720939921734142361138587845236034,0xb215decbedd846168842f6e207f09bd5f50ce51d2191f238887d976ec21b6f66,1776741350,2026-04-21T03:15:50+00:00,0.0335,clob_prices_history
52035147432985774092509040925165515760899062720939921734142361138587845236034,0xb215decbedd846168842f6e207f09bd5f50ce51d2191f238887d976ec21b6f66,1776742253,2026-04-21T03:30:53+00:00,0.0335,clob_prices_history
52035147432985774092509040925165515760899062720939921734142361138587845236034,0xb215decbedd846168842f6e207f09bd5f50ce51d2191f238887d976ec21b6f66,1776743145,2026-04-21T03:45:45+00:00,0.0335,clob_prices_history
52035147432985774092509040925165515760899062720939921734142361138587845236034,0xb215decbedd846168842f6e207f09bd5f50ce51d2191f238887d976ec21b6f66,1776744052,2026-04-21T04:00:52+00:00,0.0335,clob_prices_history
52035147432985774092509040925165515760899062720939921734142361138587845236034,0xb215decbedd846168842f6e207f09bd5f50ce51d2191f238887d976ec21b6f66,1776744952,2026-04-21T04:15:52+00:00,0.0335,clob_prices_history
52035147432985774092509040925165515760899062720939921734142361138587845236034,0xb215decbedd846168842f6e207f09bd5f50ce51d2191f238887d976ec21b6f66,1776745855,2026-04-21T04:30:55+00:00,0.0335,clob_prices_history
52035147432985774092509040925165515760899062720939921734142361138587845236034,0xb215decbedd846168842f6e207f09bd5f50ce51d2191f238887d976ec21b6f66,1776746750,2026-04-21T04:45:50+00:00,0.0335,clob_prices_history
52035147432985774092509040925165515760899062720939921734142361138587845236034,0xb215decbedd846168842f6e207f09bd5f50ce51d2191f238887d976ec21b6f66,1776748546,2026-04-21T05:15:46+00:00,0.032,clob_prices_history
52035147432985774092509040925165515760899062720939921734142361138587845236034,0xb215decbedd846168842f6e207f09bd5f50ce51d2191f238887d976ec21b6f66,1776750345,2026-04-21T05:45:45+00:00,0.032,clob_prices_history
52035147432985774092509040925165515760899062720939921734142361138587845236034,0xb215decbedd846168842f6e207f09bd5f50ce51d2191f238887d976ec21b6f66,1776752147,2026-04-21T06:15:47+00:00,0.0315,clob_prices_history
52035147432985774092509040925165515760899062720939921734142361138587845236034,0xb215decbedd846168842f6e207f09bd5f50ce51d2191f238887d976ec21b6f66,1776753059,2026-04-21T06:30:59+00:00,0.0315,clob_prices_history
52035147432985774092509040925165515760899062720939921734142361138587845236034,0xb215decbedd846168842f6e207f09bd5f50ce51d2191f238887d976ec21b6f66,1776753948,2026-04-21T06:45:48+00:00,0.0315,clob_prices_history
52035147432985774092509040925165515760899062720939921734142361138587845236034,0xb215decbedd846168842f6e207f09bd5f50ce51d2191f238887d976ec21b6f66,1776755745,2026-04-21T07:15:45+00:00,0.0315,clob_prices_history
52035147432985774092509040925165515760899062720939921734142361138587845236034,0xb215decbedd846168842f6e207f09bd5f50ce51d2191f238887d976ec21b6f66,1776757549,2026-04-21T07:45:49+00:00,0.0315,clob_prices_history
52035147432985774092509040925165515760899062720939921734142361138587845236034,0xb215decbedd846168842f6e207f09bd5f50ce51d2191f238887d976ec21b6f66,1776758421,2026-04-21T08:00:21+00:00,0.0315,clob_prices_history
52035147432985774092509040925165515760899062720939921734142361138587845236034,0xb215decbedd846168842f6e207f09bd5f50ce51d2191f238887d976ec21b6f66,1776760259,2026-04-21T08:30:59+00:00,0.0315,clob_prices_history
52035147432985774092509040925165515760899062720939921734142361138587845236034,0xb215decbedd846168842f6e207f09bd5f50ce51d2191f238887d976ec21b6f66,1776761151,2026-04-21T08:45:51+00:00,0.0315,clob_prices_history
52035147432985774092509040925165515760899062720939921734142361138587845236034,0xb215decbedd846168842f6e207f09bd5f50ce51d2191f238887d976ec21b6f66,1776762949,2026-04-21T09:15:49+00:00,0.031,clob_prices_history
52035147432985774092509040925165515760899062720939921734142361138587845236034,0xb215decbedd846168842f6e207f09bd5f50ce51d2191f238887d976ec21b6f66,1776764721,2026-04-21T09:45:21+00:00,0.0315,clob_prices_history
52035147432985774092509040925165515760899062720939921734142361138587845236034,0xb215decbedd846168842f6e207f09bd5f50ce51d2191f238887d976ec21b6f66,1776765635,2026-04-21T10:00:35+00:00,0.0315,clob_prices_history
52035147432985774092509040925165515760899062720939921734142361138587845236034,0xb215decbedd846168842f6e207f09bd5f50ce51d2191f238887d976ec21b6f66,1776766513,2026-04-21T10:15:13+00:00,0.0315,clob_prices_history
52035147432985774092509040925165515760899062720939921734142361138587845236034,0xb215decbedd846168842f6e207f09bd5f50ce51d2191f238887d976ec21b6f66,1776767430,2026-04-21T10:30:30+00:00,0.0315,clob_prices_history
52035147432985774092509040925165515760899062720939921734142361138587845236034,0xb215decbedd846168842f6e207f09bd5f50ce51d2191f238887d976ec21b6f66,1776768308,2026-04-21T10:45:08+00:00,0.0315,clob_prices_history
52035147432985774092509040925165515760899062720939921734142361138587845236034,0xb215decbedd846168842f6e207f09bd5f50ce51d2191f238887d976ec21b6f66,1776770118,2026-04-21T11:15:18+00:00,0.0315,clob_prices_history
52035147432985774092509040925165515760899062720939921734142361138587845236034,0xb215decbedd846168842f6e207f09bd5f50ce51d2191f238887d976ec21b6f66,1776771056,2026-04-21T11:30:56+00:00,0.0315,clob_prices_history
52035147432985774092509040925165515760899062720939921734142361138587845236034,0xb215decbedd846168842f6e207f09bd5f50ce51d2191f238887d976ec21b6f66,1776771946,2026-04-21T11:45:46+00:00,0.0315,clob_prices_history
52035147432985774092509040925165515760899062720939921734142361138587845236034,0xb215decbedd846168842f6e207f09bd5f50ce51d2191f238887d976ec21b6f66,1776773705,2026-04-21T12:15:05+00:00,0.0315,clob_prices_history
52035147432985774092509040925165515760899062720939921734142361138587845236034,0xb215decbedd846168842f6e207f09bd5f50ce51d2191f238887d976ec21b6f66,1776775555,2026-04-21T12:45:55+00:00,0.0315,clob_prices_history
52035147432985774092509040925165515760899062720939921734142361138587845236034,0xb215decbedd846168842f6e207f09bd5f50ce51d2191f238887d976ec21b6f66,1776777311,2026-04-21T13:15:11+00:00,0.0315,clob_prices_history
52035147432985774092509040925165515760899062720939921734142361138587845236034,0xb215decbedd846168842f6e207f09bd5f50ce51d2191f238887d976ec21b6f66,1776778214,2026-04-21T13:30:14+00:00,0.0315,clob_prices_history
52035147432985774092509040925165515760899062720939921734142361138587845236034,0xb215decbedd846168842f6e207f09bd5f50ce51d2191f238887d976ec21b6f66,1776779153,2026-04-21T13:45:53+00:00,0.0315,clob_prices_history
52035147432985774092509040925165515760899062720939921734142361138587845236034,0xb215decbedd846168842f6e207f09bd5f50ce51d2191f238887d976ec21b6f66,1776780035,2026-04-21T14:00:35+00:00,0.0315,clob_prices_history
52035147432985774092509040925165515760899062720939921734142361138587845236034,0xb215decbedd846168842f6e207f09bd5f50ce51d2191f238887d976ec21b6f66,1776780944,2026-04-21T14:15:44+00:00,0.0315,clob_prices_history
52035147432985774092509040925165515760899062720939921734142361138587845236034,0xb215decbedd846168842f6e207f09bd5f50ce51d2191f238887d976ec21b6f66,1776781806,2026-04-21T14:30:06+00:00,0.0315,clob_prices_history
52035147432985774092509040925165515760899062720939921734142361138587845236034,0xb215decbedd846168842f6e207f09bd5f50ce51d2191f238887d976ec21b6f66,1776782754,2026-04-21T14:45:54+00:00,0.032,clob_prices_history
52035147432985774092509040925165515760899062720939921734142361138587845236034,0xb215decbedd846168842f6e207f09bd5f50ce51d2191f238887d976ec21b6f66,1776784523,2026-04-21T15:15:23+00:00,0.032,clob_prices_history
52035147432985774092509040925165515760899062720939921734142361138587845236034,0xb215decbedd846168842f6e207f09bd5f50ce51d2191f238887d976ec21b6f66,1776785429,2026-04-21T15:30:29+00:00,0.032,clob_prices_history
52035147432985774092509040925165515760899062720939921734142361138587845236034,0xb215decbedd846168842f6e207f09bd5f50ce51d2191f238887d976ec21b6f66,1776788122,2026-04-21T16:15:22+00:00,0.032,clob_prices_history
52035147432985774092509040925165515760899062720939921734142361138587845236034,0xb215decbedd846168842f6e207f09bd5f50ce51d2191f238887d976ec21b6f66,1776789925,2026-04-21T16:45:25+00:00,0.032,clob_prices_history
52035147432985774092509040925165515760899062720939921734142361138587845236034,0xb215decbedd846168842f6e207f09bd5f50ce51d2191f238887d976ec21b6f66,1776790826,2026-04-21T17:00:26+00:00,0.032,clob_prices_history
52035147432985774092509040925165515760899062720939921734142361138587845236034,0xb215decbedd846168842f6e207f09bd5f50ce51d2191f238887d976ec21b6f66,1776791758,2026-04-21T17:15:58+00:00,0.032,clob_prices_history
52035147432985774092509040925165515760899062720939921734142361138587845236034,0xb215decbedd846168842f6e207f09bd5f50ce51d2191f238887d976ec21b6f66,1776792658,2026-04-21T17:30:58+00:00,0.032,clob_prices_history
52035147432985774092509040925165515760899062720939921734142361138587845236034,0xb215decbedd846168842f6e207f09bd5f50ce51d2191f238887d976ec21b6f66,1776793516,2026-04-21T17:45:16+00:00,0.032,clob_prices_history
52035147432985774092509040925165515760899062720939921734142361138587845236034,0xb215decbedd846168842f6e207f09bd5f50ce51d2191f238887d976ec21b6f66,1776794455,2026-04-21T18:00:55+00:00,0.0325,clob_prices_history
52035147432985774092509040925165515760899062720939921734142361138587845236034,0xb215decbedd846168842f6e207f09bd5f50ce51d2191f238887d976ec21b6f66,1776795319,2026-04-21T18:15:19+00:00,0.0325,clob_prices_history
52035147432985774092509040925165515760899062720939921734142361138587845236034,0xb215decbedd846168842f6e207f09bd5f50ce51d2191f238887d976ec21b6f66,1776796200,2026-04-21T18:30:00+00:00,0.0325,clob_prices_history
52035147432985774092509040925165515760899062720939921734142361138587845236034,0xb215decbedd846168842f6e207f09bd5f50ce51d2191f238887d976ec21b6f66,1776797126,2026-04-21T18:45:26+00:00,0.0325,clob_prices_history
52035147432985774092509040925165515760899062720939921734142361138587845236034,0xb215decbedd846168842f6e207f09bd5f50ce51d2191f238887d976ec21b6f66,1776798044,2026-04-21T19:00:44+00:00,0.0325,clob_prices_history
52035147432985774092509040925165515760899062720939921734142361138587845236034,0xb215decbedd846168842f6e207f09bd5f50ce51d2191f238887d976ec21b6f66,1776798913,2026-04-21T19:15:13+00:00,0.0325,clob_prices_history
52035147432985774092509040925165515760899062720939921734142361138587845236034,0xb215decbedd846168842f6e207f09bd5f50ce51d2191f238887d976ec21b6f66,1776800737,2026-04-21T19:45:37+00:00,0.0325,clob_prices_history
52035147432985774092509040925165515760899062720939921734142361138587845236034,0xb215decbedd846168842f6e207f09bd5f50ce51d2191f238887d976ec21b6f66,1776801617,2026-04-21T20:00:17+00:00,0.0325,clob_prices_history
52035147432985774092509040925165515760899062720939921734142361138587845236034,0xb215decbedd846168842f6e207f09bd5f50ce51d2191f238887d976ec21b6f66,1776802512,2026-04-21T20:15:12+00:00,0.0325,clob_prices_history
52035147432985774092509040925165515760899062720939921734142361138587845236034,0xb215decbedd846168842f6e207f09bd5f50ce51d2191f238887d976ec21b6f66,1776804318,2026-04-21T20:45:18+00:00,0.0325,clob_prices_history
52035147432985774092509040925165515760899062720939921734142361138587845236034,0xb215decbedd846168842f6e207f09bd5f50ce51d2191f238887d976ec21b6f66,1776805219,2026-04-21T21:00:19+00:00,0.0325,clob_prices_history
52035147432985774092509040925165515760899062720939921734142361138587845236034,0xb215decbedd846168842f6e207f09bd5f50ce51d2191f238887d976ec21b6f66,1776806127,2026-04-21T21:15:27+00:00,0.0325,clob_prices_history
52035147432985774092509040925165515760899062720939921734142361138587845236034,0xb215decbedd846168842f6e207f09bd5f50ce51d2191f238887d976ec21b6f66,1776807919,2026-04-21T21:45:19+00:00,0.0325,clob_prices_history
52035147432985774092509040925165515760899062720939921734142361138587845236034,0xb215decbedd846168842f6e207f09bd5f50ce51d2191f238887d976ec21b6f66,1776808839,2026-04-21T22:00:39+00:00,0.0325,clob_prices_history
52035147432985774092509040925165515760899062720939921734142361138587845236034,0xb215decbedd846168842f6e207f09bd5f50ce51d2191f238887d976ec21b6f66,1776809700,2026-04-21T22:15:00+00:00,0.0325,clob_prices_history
52035147432985774092509040925165515760899062720939921734142361138587845236034,0xb215decbedd846168842f6e207f09bd5f50ce51d2191f238887d976ec21b6f66,1776810635,2026-04-21T22:30:35+00:00,0.0325,clob_prices_history
52035147432985774092509040925165515760899062720939921734142361138587845236034,0xb215decbedd846168842f6e207f09bd5f50ce51d2191f238887d976ec21b6f66,1776811548,2026-04-21T22:45:48+00:00,0.0325,clob_prices_history
52035147432985774092509040925165515760899062720939921734142361138587845236034,0xb215decbedd846168842f6e207f09bd5f50ce51d2191f238887d976ec21b6f66,1776812444,2026-04-21T23:00:44+00:00,0.0325,clob_prices_history
52035147432985774092509040925165515760899062720939921734142361138587845236034,0xb215decbedd846168842f6e207f09bd5f50ce51d2191f238887d976ec21b6f66,1776813305,2026-04-21T23:15:05+00:00,0.0325,clob_prices_history
52035147432985774092509040925165515760899062720939921734142361138587845236034,0xb215decbedd846168842f6e207f09bd5f50ce51d2191f238887d976ec21b6f66,1776814207,2026-04-21T23:30:07+00:00,0.0325,clob_prices_history
52035147432985774092509040925165515760899062720939921734142361138587845236034,0xb215decbedd846168842f6e207f09bd5f50ce51d2191f238887d976ec21b6f66,1776815104,2026-04-21T23:45:04+00:00,0.0325,clob_prices_history
52035147432985774092509040925165515760899062720939921734142361138587845236034,0xb215decbedd846168842f6e207f09bd5f50ce51d2191f238887d976ec21b6f66,1776816009,2026-04-22T00:00:09+00:00,0.0325,clob_prices_history
52035147432985774092509040925165515760899062720939921734142361138587845236034,0xb215decbedd846168842f6e207f09bd5f50ce51d2191f238887d976ec21b6f66,1776816906,2026-04-22T00:15:06+00:00,0.0325,clob_prices_history
52035147432985774092509040925165515760899062720939921734142361138587845236034,0xb215decbedd846168842f6e207f09bd5f50ce51d2191f238887d976ec21b6f66,1776817805,2026-04-22T00:30:05+00:00,0.0325,clob_prices_history
52035147432985774092509040925165515760899062720939921734142361138587845236034,0xb215decbedd846168842f6e207f09bd5f50ce51d2191f238887d976ec21b6f66,1776818707,2026-04-22T00:45:07+00:00,0.0325,clob_prices_history
52035147432985774092509040925165515760899062720939921734142361138587845236034,0xb215decbedd846168842f6e207f09bd5f50ce51d2191f238887d976ec21b6f66,1776819606,2026-04-22T01:00:06+00:00,0.0315,clob_prices_history
52035147432985774092509040925165515760899062720939921734142361138587845236034,0xb215decbedd846168842f6e207f09bd5f50ce51d2191f238887d976ec21b6f66,1776820508,2026-04-22T01:15:08+00:00,0.0315,clob_prices_history
52035147432985774092509040925165515760899062720939921734142361138587845236034,0xb215decbedd846168842f6e207f09bd5f50ce51d2191f238887d976ec21b6f66,1776821406,2026-04-22T01:30:06+00:00,0.0315,clob_prices_history
52035147432985774092509040925165515760899062720939921734142361138587845236034,0xb215decbedd846168842f6e207f09bd5f50ce51d2191f238887d976ec21b6f66,1776822308,2026-04-22T01:45:08+00:00,0.0325,clob_prices_history
52035147432985774092509040925165515760899062720939921734142361138587845236034,0xb215decbedd846168842f6e207f09bd5f50ce51d2191f238887d976ec21b6f66,1776823207,2026-04-22T02:00:07+00:00,0.033,clob_prices_history
52035147432985774092509040925165515760899062720939921734142361138587845236034,0xb215decbedd846168842f6e207f09bd5f50ce51d2191f238887d976ec21b6f66,1776824106,2026-04-22T02:15:06+00:00,0.033,clob_prices_history
52035147432985774092509040925165515760899062720939921734142361138587845236034,0xb215decbedd846168842f6e207f09bd5f50ce51d2191f238887d976ec21b6f66,1776825006,2026-04-22T02:30:06+00:00,0.033,clob_prices_history
52035147432985774092509040925165515760899062720939921734142361138587845236034,0xb215decbedd846168842f6e207f09bd5f50ce51d2191f238887d976ec21b6f66,1776825904,2026-04-22T02:45:04+00:00,0.033,clob_prices_history
52035147432985774092509040925165515760899062720939921734142361138587845236034,0xb215decbedd846168842f6e207f09bd5f50ce51d2191f238887d976ec21b6f66,1776826806,2026-04-22T03:00:06+00:00,0.033,clob_prices_history
52035147432985774092509040925165515760899062720939921734142361138587845236034,0xb215decbedd846168842f6e207f09bd5f50ce51d2191f238887d976ec21b6f66,1776827708,2026-04-22T03:15:08+00:00,0.033,clob_prices_history
52035147432985774092509040925165515760899062720939921734142361138587845236034,0xb215decbedd846168842f6e207f09bd5f50ce51d2191f238887d976ec21b6f66,1776828606,2026-04-22T03:30:06+00:00,0.0335,clob_prices_history
52035147432985774092509040925165515760899062720939921734142361138587845236034,0xb215decbedd846168842f6e207f09bd5f50ce51d2191f238887d976ec21b6f66,1776829508,2026-04-22T03:45:08+00:00,0.0335,clob_prices_history
52035147432985774092509040925165515760899062720939921734142361138587845236034,0xb215decbedd846168842f6e207f09bd5f50ce51d2191f238887d976ec21b6f66,1776830406,2026-04-22T04:00:06+00:00,0.0335,clob_prices_history
52035147432985774092509040925165515760899062720939921734142361138587845236034,0xb215decbedd846168842f6e207f09bd5f50ce51d2191f238887d976ec21b6f66,1776831305,2026-04-22T04:15:05+00:00,0.0335,clob_prices_history
52035147432985774092509040925165515760899062720939921734142361138587845236034,0xb215decbedd846168842f6e207f09bd5f50ce51d2191f238887d976ec21b6f66,1776832206,2026-04-22T04:30:06+00:00,0.0335,clob_prices_history
52035147432985774092509040925165515760899062720939921734142361138587845236034,0xb215decbedd846168842f6e207f09bd5f50ce51d2191f238887d976ec21b6f66,1776833105,2026-04-22T04:45:05+00:00,0.0335,clob_prices_history
52035147432985774092509040925165515760899062720939921734142361138587845236034,0xb215decbedd846168842f6e207f09bd5f50ce51d2191f238887d976ec21b6f66,1776834007,2026-04-22T05:00:07+00:00,0.0335,clob_prices_history
52035147432985774092509040925165515760899062720939921734142361138587845236034,0xb215decbedd846168842f6e207f09bd5f50ce51d2191f238887d976ec21b6f66,1776834906,2026-04-22T05:15:06+00:00,0.0335,clob_prices_history
52035147432985774092509040925165515760899062720939921734142361138587845236034,0xb215decbedd846168842f6e207f09bd5f50ce51d2191f238887d976ec21b6f66,1776835807,2026-04-22T05:30:07+00:00,0.0335,clob_prices_history
52035147432985774092509040925165515760899062720939921734142361138587845236034,0xb215decbedd846168842f6e207f09bd5f50ce51d2191f238887d976ec21b6f66,1776836708,2026-04-22T05:45:08+00:00,0.0335,clob_prices_history
52035147432985774092509040925165515760899062720939921734142361138587845236034,0xb215decbedd846168842f6e207f09bd5f50ce51d2191f238887d976ec21b6f66,1776837609,2026-04-22T06:00:09+00:00,0.0335,clob_prices_history
52035147432985774092509040925165515760899062720939921734142361138587845236034,0xb215decbedd846168842f6e207f09bd5f50ce51d2191f238887d976ec21b6f66,1776838506,2026-04-22T06:15:06+00:00,0.0335,clob_prices_history
52035147432985774092509040925165515760899062720939921734142361138587845236034,0xb215decbedd846168842f6e207f09bd5f50ce51d2191f238887d976ec21b6f66,1776839406,2026-04-22T06:30:06+00:00,0.034,clob_prices_history
52035147432985774092509040925165515760899062720939921734142361138587845236034,0xb215decbedd846168842f6e207f09bd5f50ce51d2191f238887d976ec21b6f66,1776840306,2026-04-22T06:45:06+00:00,0.034,clob_prices_history
52035147432985774092509040925165515760899062720939921734142361138587845236034,0xb215decbedd846168842f6e207f09bd5f50ce51d2191f238887d976ec21b6f66,1776841206,2026-04-22T07:00:06+00:00,0.034,clob_prices_history
52035147432985774092509040925165515760899062720939921734142361138587845236034,0xb215decbedd846168842f6e207f09bd5f50ce51d2191f238887d976ec21b6f66,1776842104,2026-04-22T07:15:04+00:00,0.0345,clob_prices_history
52035147432985774092509040925165515760899062720939921734142361138587845236034,0xb215decbedd846168842f6e207f09bd5f50ce51d2191f238887d976ec21b6f66,1776843008,2026-04-22T07:30:08+00:00,0.0345,clob_prices_history
52035147432985774092509040925165515760899062720939921734142361138587845236034,0xb215decbedd846168842f6e207f09bd5f50ce51d2191f238887d976ec21b6f66,1776843906,2026-04-22T07:45:06+00:00,0.0345,clob_prices_history
52035147432985774092509040925165515760899062720939921734142361138587845236034,0xb215decbedd846168842f6e207f09bd5f50ce51d2191f238887d976ec21b6f66,1776844806,2026-04-22T08:00:06+00:00,0.0345,clob_prices_history
52035147432985774092509040925165515760899062720939921734142361138587845236034,0xb215decbedd846168842f6e207f09bd5f50ce51d2191f238887d976ec21b6f66,1776845704,2026-04-22T08:15:04+00:00,0.0345,clob_prices_history
52035147432985774092509040925165515760899062720939921734142361138587845236034,0xb215decbedd846168842f6e207f09bd5f50ce51d2191f238887d976ec21b6f66,1776846607,2026-04-22T08:30:07+00:00,0.0345,clob_prices_history
52035147432985774092509040925165515760899062720939921734142361138587845236034,0xb215decbedd846168842f6e207f09bd5f50ce51d2191f238887d976ec21b6f66,1776847505,2026-04-22T08:45:05+00:00,0.0345,clob_prices_history
52035147432985774092509040925165515760899062720939921734142361138587845236034,0xb215decbedd846168842f6e207f09bd5f50ce51d2191f238887d976ec21b6f66,1776848407,2026-04-22T09:00:07+00:00,0.0345,clob_prices_history
52035147432985774092509040925165515760899062720939921734142361138587845236034,0xb215decbedd846168842f6e207f09bd5f50ce51d2191f238887d976ec21b6f66,1776849308,2026-04-22T09:15:08+00:00,0.0345,clob_prices_history
52035147432985774092509040925165515760899062720939921734142361138587845236034,0xb215decbedd846168842f6e207f09bd5f50ce51d2191f238887d976ec21b6f66,1776850207,2026-04-22T09:30:07+00:00,0.0345,clob_prices_history
52035147432985774092509040925165515760899062720939921734142361138587845236034,0xb215decbedd846168842f6e207f09bd5f50ce51d2191f238887d976ec21b6f66,1776851107,2026-04-22T09:45:07+00:00,0.0345,clob_prices_history
52035147432985774092509040925165515760899062720939921734142361138587845236034,0xb215decbedd846168842f6e207f09bd5f50ce51d2191f238887d976ec21b6f66,1776852005,2026-04-22T10:00:05+00:00,0.0345,clob_prices_history
52035147432985774092509040925165515760899062720939921734142361138587845236034,0xb215decbedd846168842f6e207f09bd5f50ce51d2191f238887d976ec21b6f66,1776852906,2026-04-22T10:15:06+00:00,0.0345,clob_prices_history
52035147432985774092509040925165515760899062720939921734142361138587845236034,0xb215decbedd846168842f6e207f09bd5f50ce51d2191f238887d976ec21b6f66,1776853808,2026-04-22T10:30:08+00:00,0.0345,clob_prices_history
52035147432985774092509040925165515760899062720939921734142361138587845236034,0xb215decbedd846168842f6e207f09bd5f50ce51d2191f238887d976ec21b6f66,1776854705,2026-04-22T10:45:05+00:00,0.0345,clob_prices_history
52035147432985774092509040925165515760899062720939921734142361138587845236034,0xb215decbedd846168842f6e207f09bd5f50ce51d2191f238887d976ec21b6f66,1776855606,2026-04-22T11:00:06+00:00,0.0345,clob_prices_history
52035147432985774092509040925165515760899062720939921734142361138587845236034,0xb215decbedd846168842f6e207f09bd5f50ce51d2191f238887d976ec21b6f66,1776856505,2026-04-22T11:15:05+00:00,0.0345,clob_prices_history
52035147432985774092509040925165515760899062720939921734142361138587845236034,0xb215decbedd846168842f6e207f09bd5f50ce51d2191f238887d976ec21b6f66,1776857405,2026-04-22T11:30:05+00:00,0.0345,clob_prices_history
52035147432985774092509040925165515760899062720939921734142361138587845236034,0xb215decbedd846168842f6e207f09bd5f50ce51d2191f238887d976ec21b6f66,1776858304,2026-04-22T11:45:04+00:00,0.0345,clob_prices_history
52035147432985774092509040925165515760899062720939921734142361138587845236034,0xb215decbedd846168842f6e207f09bd5f50ce51d2191f238887d976ec21b6f66,1776859209,2026-04-22T12:00:09+00:00,0.0345,clob_prices_history
52035147432985774092509040925165515760899062720939921734142361138587845236034,0xb215decbedd846168842f6e207f09bd5f50ce51d2191f238887d976ec21b6f66,1776860105,2026-04-22T12:15:05+00:00,0.0345,clob_prices_history
52035147432985774092509040925165515760899062720939921734142361138587845236034,0xb215decbedd846168842f6e207f09bd5f50ce51d2191f238887d976ec21b6f66,1776861006,2026-04-22T12:30:06+00:00,0.0345,clob_prices_history
52035147432985774092509040925165515760899062720939921734142361138587845236034,0xb215decbedd846168842f6e207f09bd5f50ce51d2191f238887d976ec21b6f66,1776861906,2026-04-22T12:45:06+00:00,0.0345,clob_prices_history
52035147432985774092509040925165515760899062720939921734142361138587845236034,0xb215decbedd846168842f6e207f09bd5f50ce51d2191f238887d976ec21b6f66,1776862805,2026-04-22T13:00:05+00:00,0.0345,clob_prices_history
52035147432985774092509040925165515760899062720939921734142361138587845236034,0xb215decbedd846168842f6e207f09bd5f50ce51d2191f238887d976ec21b6f66,1776863706,2026-04-22T13:15:06+00:00,0.0345,clob_prices_history
52035147432985774092509040925165515760899062720939921734142361138587845236034,0xb215decbedd846168842f6e207f09bd5f50ce51d2191f238887d976ec21b6f66,1776864609,2026-04-22T13:30:09+00:00,0.0345,clob_prices_history
52035147432985774092509040925165515760899062720939921734142361138587845236034,0xb215decbedd846168842f6e207f09bd5f50ce51d2191f238887d976ec21b6f66,1776865508,2026-04-22T13:45:08+00:00,0.0345,clob_prices_history
52035147432985774092509040925165515760899062720939921734142361138587845236034,0xb215decbedd846168842f6e207f09bd5f50ce51d2191f238887d976ec21b6f66,1776866405,2026-04-22T14:00:05+00:00,0.0345,clob_prices_history
52035147432985774092509040925165515760899062720939921734142361138587845236034,0xb215decbedd846168842f6e207f09bd5f50ce51d2191f238887d976ec21b6f66,1776867308,2026-04-22T14:15:08+00:00,0.0345,clob_prices_history
52035147432985774092509040925165515760899062720939921734142361138587845236034,0xb215decbedd846168842f6e207f09bd5f50ce51d2191f238887d976ec21b6f66,1776868206,2026-04-22T14:30:06+00:00,0.036,clob_prices_history
52035147432985774092509040925165515760899062720939921734142361138587845236034,0xb215decbedd846168842f6e207f09bd5f50ce51d2191f238887d976ec21b6f66,1776869105,2026-04-22T14:45:05+00:00,0.036,clob_prices_history
52035147432985774092509040925165515760899062720939921734142361138587845236034,0xb215decbedd846168842f6e207f09bd5f50ce51d2191f238887d976ec21b6f66,1776870009,2026-04-22T15:00:09+00:00,0.036,clob_prices_history
52035147432985774092509040925165515760899062720939921734142361138587845236034,0xb215decbedd846168842f6e207f09bd5f50ce51d2191f238887d976ec21b6f66,1776870909,2026-04-22T15:15:09+00:00,0.036,clob_prices_history
52035147432985774092509040925165515760899062720939921734142361138587845236034,0xb215decbedd846168842f6e207f09bd5f50ce51d2191f238887d976ec21b6f66,1776871806,2026-04-22T15:30:06+00:00,0.0355,clob_prices_history
52035147432985774092509040925165515760899062720939921734142361138587845236034,0xb215decbedd846168842f6e207f09bd5f50ce51d2191f238887d976ec21b6f66,1776872708,2026-04-22T15:45:08+00:00,0.0355,clob_prices_history
52035147432985774092509040925165515760899062720939921734142361138587845236034,0xb215decbedd846168842f6e207f09bd5f50ce51d2191f238887d976ec21b6f66,1776873607,2026-04-22T16:00:07+00:00,0.0355,clob_prices_history
52035147432985774092509040925165515760899062720939921734142361138587845236034,0xb215decbedd846168842f6e207f09bd5f50ce51d2191f238887d976ec21b6f66,1776874505,2026-04-22T16:15:05+00:00,0.0355,clob_prices_history
52035147432985774092509040925165515760899062720939921734142361138587845236034,0xb215decbedd846168842f6e207f09bd5f50ce51d2191f238887d976ec21b6f66,1776875413,2026-04-22T16:30:13+00:00,0.0355,clob_prices_history
52035147432985774092509040925165515760899062720939921734142361138587845236034,0xb215decbedd846168842f6e207f09bd5f50ce51d2191f238887d976ec21b6f66,1776876306,2026-04-22T16:45:06+00:00,0.0355,clob_prices_history
52035147432985774092509040925165515760899062720939921734142361138587845236034,0xb215decbedd846168842f6e207f09bd5f50ce51d2191f238887d976ec21b6f66,1776877211,2026-04-22T17:00:11+00:00,0.0355,clob_prices_history
52035147432985774092509040925165515760899062720939921734142361138587845236034,0xb215decbedd846168842f6e207f09bd5f50ce51d2191f238887d976ec21b6f66,1776878105,2026-04-22T17:15:05+00:00,0.0355,clob_prices_history
52035147432985774092509040925165515760899062720939921734142361138587845236034,0xb215decbedd846168842f6e207f09bd5f50ce51d2191f238887d976ec21b6f66,1776879007,2026-04-22T17:30:07+00:00,0.0355,clob_prices_history
52035147432985774092509040925165515760899062720939921734142361138587845236034,0xb215decbedd846168842f6e207f09bd5f50ce51d2191f238887d976ec21b6f66,1776879906,2026-04-22T17:45:06+00:00,0.0355,clob_prices_history
52035147432985774092509040925165515760899062720939921734142361138587845236034,0xb215decbedd846168842f6e207f09bd5f50ce51d2191f238887d976ec21b6f66,1776880808,2026-04-22T18:00:08+00:00,0.0355,clob_prices_history
52035147432985774092509040925165515760899062720939921734142361138587845236034,0xb215decbedd846168842f6e207f09bd5f50ce51d2191f238887d976ec21b6f66,1776881706,2026-04-22T18:15:06+00:00,0.038,clob_prices_history
52035147432985774092509040925165515760899062720939921734142361138587845236034,0xb215decbedd846168842f6e207f09bd5f50ce51d2191f238887d976ec21b6f66,1776882606,2026-04-22T18:30:06+00:00,0.038,clob_prices_history
52035147432985774092509040925165515760899062720939921734142361138587845236034,0xb215decbedd846168842f6e207f09bd5f50ce51d2191f238887d976ec21b6f66,1776883504,2026-04-22T18:45:04+00:00,0.038,clob_prices_history
52035147432985774092509040925165515760899062720939921734142361138587845236034,0xb215decbedd846168842f6e207f09bd5f50ce51d2191f238887d976ec21b6f66,1776884406,2026-04-22T19:00:06+00:00,0.038,clob_prices_history
52035147432985774092509040925165515760899062720939921734142361138587845236034,0xb215decbedd846168842f6e207f09bd5f50ce51d2191f238887d976ec21b6f66,1776885305,2026-04-22T19:15:05+00:00,0.038,clob_prices_history
52035147432985774092509040925165515760899062720939921734142361138587845236034,0xb215decbedd846168842f6e207f09bd5f50ce51d2191f238887d976ec21b6f66,1776886205,2026-04-22T19:30:05+00:00,0.039,clob_prices_history
52035147432985774092509040925165515760899062720939921734142361138587845236034,0xb215decbedd846168842f6e207f09bd5f50ce51d2191f238887d976ec21b6f66,1776887107,2026-04-22T19:45:07+00:00,0.039,clob_prices_history
52035147432985774092509040925165515760899062720939921734142361138587845236034,0xb215decbedd846168842f6e207f09bd5f50ce51d2191f238887d976ec21b6f66,1776888005,2026-04-22T20:00:05+00:00,0.039,clob_prices_history
52035147432985774092509040925165515760899062720939921734142361138587845236034,0xb215decbedd846168842f6e207f09bd5f50ce51d2191f238887d976ec21b6f66,1776888907,2026-04-22T20:15:07+00:00,0.039,clob_prices_history
52035147432985774092509040925165515760899062720939921734142361138587845236034,0xb215decbedd846168842f6e207f09bd5f50ce51d2191f238887d976ec21b6f66,1776889805,2026-04-22T20:30:05+00:00,0.039,clob_prices_history
52035147432985774092509040925165515760899062720939921734142361138587845236034,0xb215decbedd846168842f6e207f09bd5f50ce51d2191f238887d976ec21b6f66,1776890704,2026-04-22T20:45:04+00:00,0.039,clob_prices_history
52035147432985774092509040925165515760899062720939921734142361138587845236034,0xb215decbedd846168842f6e207f09bd5f50ce51d2191f238887d976ec21b6f66,1776891608,2026-04-22T21:00:08+00:00,0.039,clob_prices_history
52035147432985774092509040925165515760899062720939921734142361138587845236034,0xb215decbedd846168842f6e207f09bd5f50ce51d2191f238887d976ec21b6f66,1776892504,2026-04-22T21:15:04+00:00,0.039,clob_prices_history
52035147432985774092509040925165515760899062720939921734142361138587845236034,0xb215decbedd846168842f6e207f09bd5f50ce51d2191f238887d976ec21b6f66,1776893407,2026-04-22T21:30:07+00:00,0.039,clob_prices_history
52035147432985774092509040925165515760899062720939921734142361138587845236034,0xb215decbedd846168842f6e207f09bd5f50ce51d2191f238887d976ec21b6f66,1776894305,2026-04-22T21:45:05+00:00,0.039,clob_prices_history
52035147432985774092509040925165515760899062720939921734142361138587845236034,0xb215decbedd846168842f6e207f09bd5f50ce51d2191f238887d976ec21b6f66,1776895206,2026-04-22T22:00:06+00:00,0.039,clob_prices_history
52035147432985774092509040925165515760899062720939921734142361138587845236034,0xb215decbedd846168842f6e207f09bd5f50ce51d2191f238887d976ec21b6f66,1776896105,2026-04-22T22:15:05+00:00,0.039,clob_prices_history
52035147432985774092509040925165515760899062720939921734142361138587845236034,0xb215decbedd846168842f6e207f09bd5f50ce51d2191f238887d976ec21b6f66,1776897005,2026-04-22T22:30:05+00:00,0.039,clob_prices_history
52035147432985774092509040925165515760899062720939921734142361138587845236034,0xb215decbedd846168842f6e207f09bd5f50ce51d2191f238887d976ec21b6f66,1776897908,2026-04-22T22:45:08+00:00,0.039,clob_prices_history
52035147432985774092509040925165515760899062720939921734142361138587845236034,0xb215decbedd846168842f6e207f09bd5f50ce51d2191f238887d976ec21b6f66,1776898811,2026-04-22T23:00:11+00:00,0.0385,clob_prices_history
52035147432985774092509040925165515760899062720939921734142361138587845236034,0xb215decbedd846168842f6e207f09bd5f50ce51d2191f238887d976ec21b6f66,1776899704,2026-04-22T23:15:04+00:00,0.039,clob_prices_history
52035147432985774092509040925165515760899062720939921734142361138587845236034,0xb215decbedd846168842f6e207f09bd5f50ce51d2191f238887d976ec21b6f66,1776900607,2026-04-22T23:30:07+00:00,0.039,clob_prices_history
52035147432985774092509040925165515760899062720939921734142361138587845236034,0xb215decbedd846168842f6e207f09bd5f50ce51d2191f238887d976ec21b6f66,1776901505,2026-04-22T23:45:05+00:00,0.039,clob_prices_history
52035147432985774092509040925165515760899062720939921734142361138587845236034,0xb215decbedd846168842f6e207f09bd5f50ce51d2191f238887d976ec21b6f66,1776902414,2026-04-23T00:00:14+00:00,0.039,clob_prices_history
52035147432985774092509040925165515760899062720939921734142361138587845236034,0xb215decbedd846168842f6e207f09bd5f50ce51d2191f238887d976ec21b6f66,1776903305,2026-04-23T00:15:05+00:00,0.039,clob_prices_history
52035147432985774092509040925165515760899062720939921734142361138587845236034,0xb215decbedd846168842f6e207f09bd5f50ce51d2191f238887d976ec21b6f66,1776904206,2026-04-23T00:30:06+00:00,0.039,clob_prices_history
52035147432985774092509040925165515760899062720939921734142361138587845236034,0xb215decbedd846168842f6e207f09bd5f50ce51d2191f238887d976ec21b6f66,1776905104,2026-04-23T00:45:04+00:00,0.039,clob_prices_history
52035147432985774092509040925165515760899062720939921734142361138587845236034,0xb215decbedd846168842f6e207f09bd5f50ce51d2191f238887d976ec21b6f66,1776906020,2026-04-23T01:00:20+00:00,0.039,clob_prices_history
52035147432985774092509040925165515760899062720939921734142361138587845236034,0xb215decbedd846168842f6e207f09bd5f50ce51d2191f238887d976ec21b6f66,1776906906,2026-04-23T01:15:06+00:00,0.039,clob_prices_history
52035147432985774092509040925165515760899062720939921734142361138587845236034,0xb215decbedd846168842f6e207f09bd5f50ce51d2191f238887d976ec21b6f66,1776907807,2026-04-23T01:30:07+00:00,0.039,clob_prices_history
52035147432985774092509040925165515760899062720939921734142361138587845236034,0xb215decbedd846168842f6e207f09bd5f50ce51d2191f238887d976ec21b6f66,1776908705,2026-04-23T01:45:05+00:00,0.039,clob_prices_history
52035147432985774092509040925165515760899062720939921734142361138587845236034,0xb215decbedd846168842f6e207f09bd5f50ce51d2191f238887d976ec21b6f66,1776909606,2026-04-23T02:00:06+00:00,0.039,clob_prices_history
52035147432985774092509040925165515760899062720939921734142361138587845236034,0xb215decbedd846168842f6e207f09bd5f50ce51d2191f238887d976ec21b6f66,1776910516,2026-04-23T02:15:16+00:00,0.039,clob_prices_history
52035147432985774092509040925165515760899062720939921734142361138587845236034,0xb215decbedd846168842f6e207f09bd5f50ce51d2191f238887d976ec21b6f66,1776911406,2026-04-23T02:30:06+00:00,0.0375,clob_prices_history
52035147432985774092509040925165515760899062720939921734142361138587845236034,0xb215decbedd846168842f6e207f09bd5f50ce51d2191f238887d976ec21b6f66,1776912304,2026-04-23T02:45:04+00:00,0.0365,clob_prices_history
52035147432985774092509040925165515760899062720939921734142361138587845236034,0xb215decbedd846168842f6e207f09bd5f50ce51d2191f238887d976ec21b6f66,1776913209,2026-04-23T03:00:09+00:00,0.036,clob_prices_history
52035147432985774092509040925165515760899062720939921734142361138587845236034,0xb215decbedd846168842f6e207f09bd5f50ce51d2191f238887d976ec21b6f66,1776914107,2026-04-23T03:15:07+00:00,0.036,clob_prices_history
52035147432985774092509040925165515760899062720939921734142361138587845236034,0xb215decbedd846168842f6e207f09bd5f50ce51d2191f238887d976ec21b6f66,1776915023,2026-04-23T03:30:23+00:00,0.036,clob_prices_history
52035147432985774092509040925165515760899062720939921734142361138587845236034,0xb215decbedd846168842f6e207f09bd5f50ce51d2191f238887d976ec21b6f66,1776915905,2026-04-23T03:45:05+00:00,0.036,clob_prices_history
52035147432985774092509040925165515760899062720939921734142361138587845236034,0xb215decbedd846168842f6e207f09bd5f50ce51d2191f238887d976ec21b6f66,1776916807,2026-04-23T04:00:07+00:00,0.036,clob_prices_history
52035147432985774092509040925165515760899062720939921734142361138587845236034,0xb215decbedd846168842f6e207f09bd5f50ce51d2191f238887d976ec21b6f66,1776917706,2026-04-23T04:15:06+00:00,0.0355,clob_prices_history
52035147432985774092509040925165515760899062720939921734142361138587845236034,0xb215decbedd846168842f6e207f09bd5f50ce51d2191f238887d976ec21b6f66,1776918605,2026-04-23T04:30:05+00:00,0.0355,clob_prices_history
52035147432985774092509040925165515760899062720939921734142361138587845236034,0xb215decbedd846168842f6e207f09bd5f50ce51d2191f238887d976ec21b6f66,1776919506,2026-04-23T04:45:06+00:00,0.0355,clob_prices_history
52035147432985774092509040925165515760899062720939921734142361138587845236034,0xb215decbedd846168842f6e207f09bd5f50ce51d2191f238887d976ec21b6f66,1776920406,2026-04-23T05:00:06+00:00,0.0355,clob_prices_history
52035147432985774092509040925165515760899062720939921734142361138587845236034,0xb215decbedd846168842f6e207f09bd5f50ce51d2191f238887d976ec21b6f66,1776921305,2026-04-23T05:15:05+00:00,0.0355,clob_prices_history
52035147432985774092509040925165515760899062720939921734142361138587845236034,0xb215decbedd846168842f6e207f09bd5f50ce51d2191f238887d976ec21b6f66,1776922206,2026-04-23T05:30:06+00:00,0.0355,clob_prices_history
52035147432985774092509040925165515760899062720939921734142361138587845236034,0xb215decbedd846168842f6e207f09bd5f50ce51d2191f238887d976ec21b6f66,1776923107,2026-04-23T05:45:07+00:00,0.0355,clob_prices_history
52035147432985774092509040925165515760899062720939921734142361138587845236034,0xb215decbedd846168842f6e207f09bd5f50ce51d2191f238887d976ec21b6f66,1776924010,2026-04-23T06:00:10+00:00,0.0355,clob_prices_history
52035147432985774092509040925165515760899062720939921734142361138587845236034,0xb215decbedd846168842f6e207f09bd5f50ce51d2191f238887d976ec21b6f66,1776924906,2026-04-23T06:15:06+00:00,0.0355,clob_prices_history
52035147432985774092509040925165515760899062720939921734142361138587845236034,0xb215decbedd846168842f6e207f09bd5f50ce51d2191f238887d976ec21b6f66,1776925810,2026-04-23T06:30:10+00:00,0.0355,clob_prices_history
52035147432985774092509040925165515760899062720939921734142361138587845236034,0xb215decbedd846168842f6e207f09bd5f50ce51d2191f238887d976ec21b6f66,1776926707,2026-04-23T06:45:07+00:00,0.0355,clob_prices_history
52035147432985774092509040925165515760899062720939921734142361138587845236034,0xb215decbedd846168842f6e207f09bd5f50ce51d2191f238887d976ec21b6f66,1776927606,2026-04-23T07:00:06+00:00,0.0355,clob_prices_history
52035147432985774092509040925165515760899062720939921734142361138587845236034,0xb215decbedd846168842f6e207f09bd5f50ce51d2191f238887d976ec21b6f66,1776928506,2026-04-23T07:15:06+00:00,0.0355,clob_prices_history
52035147432985774092509040925165515760899062720939921734142361138587845236034,0xb215decbedd846168842f6e207f09bd5f50ce51d2191f238887d976ec21b6f66,1776929408,2026-04-23T07:30:08+00:00,0.0355,clob_prices_history
52035147432985774092509040925165515760899062720939921734142361138587845236034,0xb215decbedd846168842f6e207f09bd5f50ce51d2191f238887d976ec21b6f66,1776930308,2026-04-23T07:45:08+00:00,0.036,clob_prices_history
52035147432985774092509040925165515760899062720939921734142361138587845236034,0xb215decbedd846168842f6e207f09bd5f50ce51d2191f238887d976ec21b6f66,1776931221,2026-04-23T08:00:21+00:00,0.036,clob_prices_history
52035147432985774092509040925165515760899062720939921734142361138587845236034,0xb215decbedd846168842f6e207f09bd5f50ce51d2191f238887d976ec21b6f66,1776932104,2026-04-23T08:15:04+00:00,0.036,clob_prices_history
52035147432985774092509040925165515760899062720939921734142361138587845236034,0xb215decbedd846168842f6e207f09bd5f50ce51d2191f238887d976ec21b6f66,1776933008,2026-04-23T08:30:08+00:00,0.0365,clob_prices_history
52035147432985774092509040925165515760899062720939921734142361138587845236034,0xb215decbedd846168842f6e207f09bd5f50ce51d2191f238887d976ec21b6f66,1776933904,2026-04-23T08:45:04+00:00,0.036,clob_prices_history
52035147432985774092509040925165515760899062720939921734142361138587845236034,0xb215decbedd846168842f6e207f09bd5f50ce51d2191f238887d976ec21b6f66,1776934807,2026-04-23T09:00:07+00:00,0.0355,clob_prices_history
52035147432985774092509040925165515760899062720939921734142361138587845236034,0xb215decbedd846168842f6e207f09bd5f50ce51d2191f238887d976ec21b6f66,1776935705,2026-04-23T09:15:05+00:00,0.0355,clob_prices_history
52035147432985774092509040925165515760899062720939921734142361138587845236034,0xb215decbedd846168842f6e207f09bd5f50ce51d2191f238887d976ec21b6f66,1776936606,2026-04-23T09:30:06+00:00,0.0355,clob_prices_history
52035147432985774092509040925165515760899062720939921734142361138587845236034,0xb215decbedd846168842f6e207f09bd5f50ce51d2191f238887d976ec21b6f66,1776937504,2026-04-23T09:45:04+00:00,0.0355,clob_prices_history
52035147432985774092509040925165515760899062720939921734142361138587845236034,0xb215decbedd846168842f6e207f09bd5f50ce51d2191f238887d976ec21b6f66,1776938405,2026-04-23T10:00:05+00:00,0.0355,clob_prices_history
52035147432985774092509040925165515760899062720939921734142361138587845236034,0xb215decbedd846168842f6e207f09bd5f50ce51d2191f238887d976ec21b6f66,1776939305,2026-04-23T10:15:05+00:00,0.0355,clob_prices_history
52035147432985774092509040925165515760899062720939921734142361138587845236034,0xb215decbedd846168842f6e207f09bd5f50ce51d2191f238887d976ec21b6f66,1776940209,2026-04-23T10:30:09+00:00,0.0355,clob_prices_history
52035147432985774092509040925165515760899062720939921734142361138587845236034,0xb215decbedd846168842f6e207f09bd5f50ce51d2191f238887d976ec21b6f66,1776941104,2026-04-23T10:45:04+00:00,0.0355,clob_prices_history
52035147432985774092509040925165515760899062720939921734142361138587845236034,0xb215decbedd846168842f6e207f09bd5f50ce51d2191f238887d976ec21b6f66,1776942005,2026-04-23T11:00:05+00:00,0.0355,clob_prices_history
52035147432985774092509040925165515760899062720939921734142361138587845236034,0xb215decbedd846168842f6e207f09bd5f50ce51d2191f238887d976ec21b6f66,1776942904,2026-04-23T11:15:04+00:00,0.0355,clob_prices_history
52035147432985774092509040925165515760899062720939921734142361138587845236034,0xb215decbedd846168842f6e207f09bd5f50ce51d2191f238887d976ec21b6f66,1776943817,2026-04-23T11:30:17+00:00,0.0355,clob_prices_history
52035147432985774092509040925165515760899062720939921734142361138587845236034,0xb215decbedd846168842f6e207f09bd5f50ce51d2191f238887d976ec21b6f66,1776944707,2026-04-23T11:45:07+00:00,0.0355,clob_prices_history
52035147432985774092509040925165515760899062720939921734142361138587845236034,0xb215decbedd846168842f6e207f09bd5f50ce51d2191f238887d976ec21b6f66,1776945611,2026-04-23T12:00:11+00:00,0.0355,clob_prices_history
52035147432985774092509040925165515760899062720939921734142361138587845236034,0xb215decbedd846168842f6e207f09bd5f50ce51d2191f238887d976ec21b6f66,1776946509,2026-04-23T12:15:09+00:00,0.0355,clob_prices_history
52035147432985774092509040925165515760899062720939921734142361138587845236034,0xb215decbedd846168842f6e207f09bd5f50ce51d2191f238887d976ec21b6f66,1776947408,2026-04-23T12:30:08+00:00,0.0355,clob_prices_history
52035147432985774092509040925165515760899062720939921734142361138587845236034,0xb215decbedd846168842f6e207f09bd5f50ce51d2191f238887d976ec21b6f66,1776948306,2026-04-23T12:45:06+00:00,0.0355,clob_prices_history
52035147432985774092509040925165515760899062720939921734142361138587845236034,0xb215decbedd846168842f6e207f09bd5f50ce51d2191f238887d976ec21b6f66,1776949209,2026-04-23T13:00:09+00:00,0.0355,clob_prices_history
52035147432985774092509040925165515760899062720939921734142361138587845236034,0xb215decbedd846168842f6e207f09bd5f50ce51d2191f238887d976ec21b6f66,1776950105,2026-04-23T13:15:05+00:00,0.0355,clob_prices_history
52035147432985774092509040925165515760899062720939921734142361138587845236034,0xb215decbedd846168842f6e207f09bd5f50ce51d2191f238887d976ec21b6f66,1776951008,2026-04-23T13:30:08+00:00,0.0355,clob_prices_history
52035147432985774092509040925165515760899062720939921734142361138587845236034,0xb215decbedd846168842f6e207f09bd5f50ce51d2191f238887d976ec21b6f66,1776951908,2026-04-23T13:45:08+00:00,0.0355,clob_prices_history
52035147432985774092509040925165515760899062720939921734142361138587845236034,0xb215decbedd846168842f6e207f09bd5f50ce51d2191f238887d976ec21b6f66,1776952807,2026-04-23T14:00:07+00:00,0.0355,clob_prices_history
52035147432985774092509040925165515760899062720939921734142361138587845236034,0xb215decbedd846168842f6e207f09bd5f50ce51d2191f238887d976ec21b6f66,1776953707,2026-04-23T14:15:07+00:00,0.0355,clob_prices_history
52035147432985774092509040925165515760899062720939921734142361138587845236034,0xb215decbedd846168842f6e207f09bd5f50ce51d2191f238887d976ec21b6f66,1776954606,2026-04-23T14:30:06+00:00,0.0355,clob_prices_history
52035147432985774092509040925165515760899062720939921734142361138587845236034,0xb215decbedd846168842f6e207f09bd5f50ce51d2191f238887d976ec21b6f66,1776955511,2026-04-23T14:45:11+00:00,0.0355,clob_prices_history
52035147432985774092509040925165515760899062720939921734142361138587845236034,0xb215decbedd846168842f6e207f09bd5f50ce51d2191f238887d976ec21b6f66,1776956410,2026-04-23T15:00:10+00:00,0.0355,clob_prices_history
52035147432985774092509040925165515760899062720939921734142361138587845236034,0xb215decbedd846168842f6e207f09bd5f50ce51d2191f238887d976ec21b6f66,1776957309,2026-04-23T15:15:09+00:00,0.0355,clob_prices_history
52035147432985774092509040925165515760899062720939921734142361138587845236034,0xb215decbedd846168842f6e207f09bd5f50ce51d2191f238887d976ec21b6f66,1776958210,2026-04-23T15:30:10+00:00,0.0355,clob_prices_history
52035147432985774092509040925165515760899062720939921734142361138587845236034,0xb215decbedd846168842f6e207f09bd5f50ce51d2191f238887d976ec21b6f66,1776959114,2026-04-23T15:45:14+00:00,0.0355,clob_prices_history
52035147432985774092509040925165515760899062720939921734142361138587845236034,0xb215decbedd846168842f6e207f09bd5f50ce51d2191f238887d976ec21b6f66,1776960008,2026-04-23T16:00:08+00:00,0.0355,clob_prices_history
52035147432985774092509040925165515760899062720939921734142361138587845236034,0xb215decbedd846168842f6e207f09bd5f50ce51d2191f238887d976ec21b6f66,1776960907,2026-04-23T16:15:07+00:00,0.0355,clob_prices_history
52035147432985774092509040925165515760899062720939921734142361138587845236034,0xb215decbedd846168842f6e207f09bd5f50ce51d2191f238887d976ec21b6f66,1776961823,2026-04-23T16:30:23+00:00,0.0355,clob_prices_history
52035147432985774092509040925165515760899062720939921734142361138587845236034,0xb215decbedd846168842f6e207f09bd5f50ce51d2191f238887d976ec21b6f66,1776962709,2026-04-23T16:45:09+00:00,0.0355,clob_prices_history
52035147432985774092509040925165515760899062720939921734142361138587845236034,0xb215decbedd846168842f6e207f09bd5f50ce51d2191f238887d976ec21b6f66,1776963615,2026-04-23T17:00:15+00:00,0.0355,clob_prices_history
52035147432985774092509040925165515760899062720939921734142361138587845236034,0xb215decbedd846168842f6e207f09bd5f50ce51d2191f238887d976ec21b6f66,1776964510,2026-04-23T17:15:10+00:00,0.035,clob_prices_history
52035147432985774092509040925165515760899062720939921734142361138587845236034,0xb215decbedd846168842f6e207f09bd5f50ce51d2191f238887d976ec21b6f66,1776965425,2026-04-23T17:30:25+00:00,0.035,clob_prices_history
52035147432985774092509040925165515760899062720939921734142361138587845236034,0xb215decbedd846168842f6e207f09bd5f50ce51d2191f238887d976ec21b6f66,1776966313,2026-04-23T17:45:13+00:00,0.035,clob_prices_history
52035147432985774092509040925165515760899062720939921734142361138587845236034,0xb215decbedd846168842f6e207f09bd5f50ce51d2191f238887d976ec21b6f66,1776967212,2026-04-23T18:00:12+00:00,0.035,clob_prices_history
52035147432985774092509040925165515760899062720939921734142361138587845236034,0xb215decbedd846168842f6e207f09bd5f50ce51d2191f238887d976ec21b6f66,1776968114,2026-04-23T18:15:14+00:00,0.035,clob_prices_history
52035147432985774092509040925165515760899062720939921734142361138587845236034,0xb215decbedd846168842f6e207f09bd5f50ce51d2191f238887d976ec21b6f66,1776969010,2026-04-23T18:30:10+00:00,0.035,clob_prices_history
52035147432985774092509040925165515760899062720939921734142361138587845236034,0xb215decbedd846168842f6e207f09bd5f50ce51d2191f238887d976ec21b6f66,1776969905,2026-04-23T18:45:05+00:00,0.035,clob_prices_history
52035147432985774092509040925165515760899062720939921734142361138587845236034,0xb215decbedd846168842f6e207f09bd5f50ce51d2191f238887d976ec21b6f66,1776970809,2026-04-23T19:00:09+00:00,0.0335,clob_prices_history
52035147432985774092509040925165515760899062720939921734142361138587845236034,0xb215decbedd846168842f6e207f09bd5f50ce51d2191f238887d976ec21b6f66,1776971709,2026-04-23T19:15:09+00:00,0.0335,clob_prices_history
52035147432985774092509040925165515760899062720939921734142361138587845236034,0xb215decbedd846168842f6e207f09bd5f50ce51d2191f238887d976ec21b6f66,1776972619,2026-04-23T19:30:19+00:00,0.0335,clob_prices_history
52035147432985774092509040925165515760899062720939921734142361138587845236034,0xb215decbedd846168842f6e207f09bd5f50ce51d2191f238887d976ec21b6f66,1776973505,2026-04-23T19:45:05+00:00,0.0335,clob_prices_history
52035147432985774092509040925165515760899062720939921734142361138587845236034,0xb215decbedd846168842f6e207f09bd5f50ce51d2191f238887d976ec21b6f66,1776974408,2026-04-23T20:00:08+00:00,0.0335,clob_prices_history
52035147432985774092509040925165515760899062720939921734142361138587845236034,0xb215decbedd846168842f6e207f09bd5f50ce51d2191f238887d976ec21b6f66,1776975306,2026-04-23T20:15:06+00:00,0.0335,clob_prices_history
52035147432985774092509040925165515760899062720939921734142361138587845236034,0xb215decbedd846168842f6e207f09bd5f50ce51d2191f238887d976ec21b6f66,1776976209,2026-04-23T20:30:09+00:00,0.0335,clob_prices_history
52035147432985774092509040925165515760899062720939921734142361138587845236034,0xb215decbedd846168842f6e207f09bd5f50ce51d2191f238887d976ec21b6f66,1776977111,2026-04-23T20:45:11+00:00,0.0295,clob_prices_history
52035147432985774092509040925165515760899062720939921734142361138587845236034,0xb215decbedd846168842f6e207f09bd5f50ce51d2191f238887d976ec21b6f66,1776978012,2026-04-23T21:00:12+00:00,0.0295,clob_prices_history
52035147432985774092509040925165515760899062720939921734142361138587845236034,0xb215decbedd846168842f6e207f09bd5f50ce51d2191f238887d976ec21b6f66,1776978911,2026-04-23T21:15:11+00:00,0.0295,clob_prices_history
52035147432985774092509040925165515760899062720939921734142361138587845236034,0xb215decbedd846168842f6e207f09bd5f50ce51d2191f238887d976ec21b6f66,1776979808,2026-04-23T21:30:08+00:00,0.0295,clob_prices_history
52035147432985774092509040925165515760899062720939921734142361138587845236034,0xb215decbedd846168842f6e207f09bd5f50ce51d2191f238887d976ec21b6f66,1776980706,2026-04-23T21:45:06+00:00,0.0295,clob_prices_history
52035147432985774092509040925165515760899062720939921734142361138587845236034,0xb215decbedd846168842f6e207f09bd5f50ce51d2191f238887d976ec21b6f66,1776981609,2026-04-23T22:00:09+00:00,0.0295,clob_prices_history
52035147432985774092509040925165515760899062720939921734142361138587845236034,0xb215decbedd846168842f6e207f09bd5f50ce51d2191f238887d976ec21b6f66,1776982505,2026-04-23T22:15:05+00:00,0.0295,clob_prices_history
52035147432985774092509040925165515760899062720939921734142361138587845236034,0xb215decbedd846168842f6e207f09bd5f50ce51d2191f238887d976ec21b6f66,1776983406,2026-04-23T22:30:06+00:00,0.0295,clob_prices_history
52035147432985774092509040925165515760899062720939921734142361138587845236034,0xb215decbedd846168842f6e207f09bd5f50ce51d2191f238887d976ec21b6f66,1776984306,2026-04-23T22:45:06+00:00,0.0295,clob_prices_history
52035147432985774092509040925165515760899062720939921734142361138587845236034,0xb215decbedd846168842f6e207f09bd5f50ce51d2191f238887d976ec21b6f66,1776985208,2026-04-23T23:00:08+00:00,0.029,clob_prices_history
52035147432985774092509040925165515760899062720939921734142361138587845236034,0xb215decbedd846168842f6e207f09bd5f50ce51d2191f238887d976ec21b6f66,1776986106,2026-04-23T23:15:06+00:00,0.03,clob_prices_history
52035147432985774092509040925165515760899062720939921734142361138587845236034,0xb215decbedd846168842f6e207f09bd5f50ce51d2191f238887d976ec21b6f66,1776987007,2026-04-23T23:30:07+00:00,0.03,clob_prices_history
52035147432985774092509040925165515760899062720939921734142361138587845236034,0xb215decbedd846168842f6e207f09bd5f50ce51d2191f238887d976ec21b6f66,1776987905,2026-04-23T23:45:05+00:00,0.03,clob_prices_history
52035147432985774092509040925165515760899062720939921734142361138587845236034,0xb215decbedd846168842f6e207f09bd5f50ce51d2191f238887d976ec21b6f66,1776988823,2026-04-24T00:00:23+00:00,0.03,clob_prices_history
52035147432985774092509040925165515760899062720939921734142361138587845236034,0xb215decbedd846168842f6e207f09bd5f50ce51d2191f238887d976ec21b6f66,1776989704,2026-04-24T00:15:04+00:00,0.03,clob_prices_history
52035147432985774092509040925165515760899062720939921734142361138587845236034,0xb215decbedd846168842f6e207f09bd5f50ce51d2191f238887d976ec21b6f66,1776990607,2026-04-24T00:30:07+00:00,0.03,clob_prices_history
52035147432985774092509040925165515760899062720939921734142361138587845236034,0xb215decbedd846168842f6e207f09bd5f50ce51d2191f238887d976ec21b6f66,1776991506,2026-04-24T00:45:06+00:00,0.03,clob_prices_history
52035147432985774092509040925165515760899062720939921734142361138587845236034,0xb215decbedd846168842f6e207f09bd5f50ce51d2191f238887d976ec21b6f66,1776992407,2026-04-24T01:00:07+00:00,0.03,clob_prices_history
52035147432985774092509040925165515760899062720939921734142361138587845236034,0xb215decbedd846168842f6e207f09bd5f50ce51d2191f238887d976ec21b6f66,1776993305,2026-04-24T01:15:05+00:00,0.03,clob_prices_history
52035147432985774092509040925165515760899062720939921734142361138587845236034,0xb215decbedd846168842f6e207f09bd5f50ce51d2191f238887d976ec21b6f66,1776994205,2026-04-24T01:30:05+00:00,0.03,clob_prices_history
52035147432985774092509040925165515760899062720939921734142361138587845236034,0xb215decbedd846168842f6e207f09bd5f50ce51d2191f238887d976ec21b6f66,1776995105,2026-04-24T01:45:05+00:00,0.03,clob_prices_history
52035147432985774092509040925165515760899062720939921734142361138587845236034,0xb215decbedd846168842f6e207f09bd5f50ce51d2191f238887d976ec21b6f66,1776996007,2026-04-24T02:00:07+00:00,0.03,clob_prices_history
52035147432985774092509040925165515760899062720939921734142361138587845236034,0xb215decbedd846168842f6e207f09bd5f50ce51d2191f238887d976ec21b6f66,1776996908,2026-04-24T02:15:08+00:00,0.03,clob_prices_history
52035147432985774092509040925165515760899062720939921734142361138587845236034,0xb215decbedd846168842f6e207f09bd5f50ce51d2191f238887d976ec21b6f66,1776997806,2026-04-24T02:30:06+00:00,0.03,clob_prices_history
52035147432985774092509040925165515760899062720939921734142361138587845236034,0xb215decbedd846168842f6e207f09bd5f50ce51d2191f238887d976ec21b6f66,1776998704,2026-04-24T02:45:04+00:00,0.03,clob_prices_history
52035147432985774092509040925165515760899062720939921734142361138587845236034,0xb215decbedd846168842f6e207f09bd5f50ce51d2191f238887d976ec21b6f66,1776999618,2026-04-24T03:00:18+00:00,0.0295,clob_prices_history
52035147432985774092509040925165515760899062720939921734142361138587845236034,0xb215decbedd846168842f6e207f09bd5f50ce51d2191f238887d976ec21b6f66,1777000507,2026-04-24T03:15:07+00:00,0.0295,clob_prices_history
52035147432985774092509040925165515760899062720939921734142361138587845236034,0xb215decbedd846168842f6e207f09bd5f50ce51d2191f238887d976ec21b6f66,1777001405,2026-04-24T03:30:05+00:00,0.0295,clob_prices_history
52035147432985774092509040925165515760899062720939921734142361138587845236034,0xb215decbedd846168842f6e207f09bd5f50ce51d2191f238887d976ec21b6f66,1777002305,2026-04-24T03:45:05+00:00,0.0295,clob_prices_history
52035147432985774092509040925165515760899062720939921734142361138587845236034,0xb215decbedd846168842f6e207f09bd5f50ce51d2191f238887d976ec21b6f66,1777003206,2026-04-24T04:00:06+00:00,0.0295,clob_prices_history
52035147432985774092509040925165515760899062720939921734142361138587845236034,0xb215decbedd846168842f6e207f09bd5f50ce51d2191f238887d976ec21b6f66,1777004105,2026-04-24T04:15:05+00:00,0.0305,clob_prices_history
52035147432985774092509040925165515760899062720939921734142361138587845236034,0xb215decbedd846168842f6e207f09bd5f50ce51d2191f238887d976ec21b6f66,1777005007,2026-04-24T04:30:07+00:00,0.0305,clob_prices_history
52035147432985774092509040925165515760899062720939921734142361138587845236034,0xb215decbedd846168842f6e207f09bd5f50ce51d2191f238887d976ec21b6f66,1777005904,2026-04-24T04:45:04+00:00,0.0305,clob_prices_history
52035147432985774092509040925165515760899062720939921734142361138587845236034,0xb215decbedd846168842f6e207f09bd5f50ce51d2191f238887d976ec21b6f66,1777006807,2026-04-24T05:00:07+00:00,0.0305,clob_prices_history
52035147432985774092509040925165515760899062720939921734142361138587845236034,0xb215decbedd846168842f6e207f09bd5f50ce51d2191f238887d976ec21b6f66,1777007717,2026-04-24T05:15:17+00:00,0.0305,clob_prices_history
52035147432985774092509040925165515760899062720939921734142361138587845236034,0xb215decbedd846168842f6e207f09bd5f50ce51d2191f238887d976ec21b6f66,1777008605,2026-04-24T05:30:05+00:00,0.0305,clob_prices_history
52035147432985774092509040925165515760899062720939921734142361138587845236034,0xb215decbedd846168842f6e207f09bd5f50ce51d2191f238887d976ec21b6f66,1777009504,2026-04-24T05:45:04+00:00,0.0305,clob_prices_history
52035147432985774092509040925165515760899062720939921734142361138587845236034,0xb215decbedd846168842f6e207f09bd5f50ce51d2191f238887d976ec21b6f66,1777010408,2026-04-24T06:00:08+00:00,0.0305,clob_prices_history
52035147432985774092509040925165515760899062720939921734142361138587845236034,0xb215decbedd846168842f6e207f09bd5f50ce51d2191f238887d976ec21b6f66,1777011306,2026-04-24T06:15:06+00:00,0.0305,clob_prices_history
52035147432985774092509040925165515760899062720939921734142361138587845236034,0xb215decbedd846168842f6e207f09bd5f50ce51d2191f238887d976ec21b6f66,1777012207,2026-04-24T06:30:07+00:00,0.03,clob_prices_history
52035147432985774092509040925165515760899062720939921734142361138587845236034,0xb215decbedd846168842f6e207f09bd5f50ce51d2191f238887d976ec21b6f66,1777013104,2026-04-24T06:45:04+00:00,0.03,clob_prices_history
52035147432985774092509040925165515760899062720939921734142361138587845236034,0xb215decbedd846168842f6e207f09bd5f50ce51d2191f238887d976ec21b6f66,1777014004,2026-04-24T07:00:04+00:00,0.03,clob_prices_history
52035147432985774092509040925165515760899062720939921734142361138587845236034,0xb215decbedd846168842f6e207f09bd5f50ce51d2191f238887d976ec21b6f66,1777014904,2026-04-24T07:15:04+00:00,0.03,clob_prices_history
52035147432985774092509040925165515760899062720939921734142361138587845236034,0xb215decbedd846168842f6e207f09bd5f50ce51d2191f238887d976ec21b6f66,1777015805,2026-04-24T07:30:05+00:00,0.03,clob_prices_history
52035147432985774092509040925165515760899062720939921734142361138587845236034,0xb215decbedd846168842f6e207f09bd5f50ce51d2191f238887d976ec21b6f66,1777016705,2026-04-24T07:45:05+00:00,0.03,clob_prices_history
52035147432985774092509040925165515760899062720939921734142361138587845236034,0xb215decbedd846168842f6e207f09bd5f50ce51d2191f238887d976ec21b6f66,1777017606,2026-04-24T08:00:06+00:00,0.03,clob_prices_history
52035147432985774092509040925165515760899062720939921734142361138587845236034,0xb215decbedd846168842f6e207f09bd5f50ce51d2191f238887d976ec21b6f66,1777018505,2026-04-24T08:15:05+00:00,0.03,clob_prices_history
52035147432985774092509040925165515760899062720939921734142361138587845236034,0xb215decbedd846168842f6e207f09bd5f50ce51d2191f238887d976ec21b6f66,1777019405,2026-04-24T08:30:05+00:00,0.03,clob_prices_history
52035147432985774092509040925165515760899062720939921734142361138587845236034,0xb215decbedd846168842f6e207f09bd5f50ce51d2191f238887d976ec21b6f66,1777020305,2026-04-24T08:45:05+00:00,0.03,clob_prices_history
52035147432985774092509040925165515760899062720939921734142361138587845236034,0xb215decbedd846168842f6e207f09bd5f50ce51d2191f238887d976ec21b6f66,1777021205,2026-04-24T09:00:05+00:00,0.03,clob_prices_history
52035147432985774092509040925165515760899062720939921734142361138587845236034,0xb215decbedd846168842f6e207f09bd5f50ce51d2191f238887d976ec21b6f66,1777022104,2026-04-24T09:15:04+00:00,0.03,clob_prices_history
52035147432985774092509040925165515760899062720939921734142361138587845236034,0xb215decbedd846168842f6e207f09bd5f50ce51d2191f238887d976ec21b6f66,1777023005,2026-04-24T09:30:05+00:00,0.03,clob_prices_history
52035147432985774092509040925165515760899062720939921734142361138587845236034,0xb215decbedd846168842f6e207f09bd5f50ce51d2191f238887d976ec21b6f66,1777023904,2026-04-24T09:45:04+00:00,0.03,clob_prices_history
52035147432985774092509040925165515760899062720939921734142361138587845236034,0xb215decbedd846168842f6e207f09bd5f50ce51d2191f238887d976ec21b6f66,1777024804,2026-04-24T10:00:04+00:00,0.03,clob_prices_history
52035147432985774092509040925165515760899062720939921734142361138587845236034,0xb215decbedd846168842f6e207f09bd5f50ce51d2191f238887d976ec21b6f66,1777025707,2026-04-24T10:15:07+00:00,0.0305,clob_prices_history
52035147432985774092509040925165515760899062720939921734142361138587845236034,0xb215decbedd846168842f6e207f09bd5f50ce51d2191f238887d976ec21b6f66,1777026604,2026-04-24T10:30:04+00:00,0.0305,clob_prices_history
52035147432985774092509040925165515760899062720939921734142361138587845236034,0xb215decbedd846168842f6e207f09bd5f50ce51d2191f238887d976ec21b6f66,1777027503,2026-04-24T10:45:03+00:00,0.0305,clob_prices_history
52035147432985774092509040925165515760899062720939921734142361138587845236034,0xb215decbedd846168842f6e207f09bd5f50ce51d2191f238887d976ec21b6f66,1777028405,2026-04-24T11:00:05+00:00,0.0305,clob_prices_history
52035147432985774092509040925165515760899062720939921734142361138587845236034,0xb215decbedd846168842f6e207f09bd5f50ce51d2191f238887d976ec21b6f66,1777029305,2026-04-24T11:15:05+00:00,0.0305,clob_prices_history
52035147432985774092509040925165515760899062720939921734142361138587845236034,0xb215decbedd846168842f6e207f09bd5f50ce51d2191f238887d976ec21b6f66,1777030205,2026-04-24T11:30:05+00:00,0.0305,clob_prices_history
52035147432985774092509040925165515760899062720939921734142361138587845236034,0xb215decbedd846168842f6e207f09bd5f50ce51d2191f238887d976ec21b6f66,1777031104,2026-04-24T11:45:04+00:00,0.0305,clob_prices_history
52035147432985774092509040925165515760899062720939921734142361138587845236034,0xb215decbedd846168842f6e207f09bd5f50ce51d2191f238887d976ec21b6f66,1777032005,2026-04-24T12:00:05+00:00,0.0305,clob_prices_history
52035147432985774092509040925165515760899062720939921734142361138587845236034,0xb215decbedd846168842f6e207f09bd5f50ce51d2191f238887d976ec21b6f66,1777032908,2026-04-24T12:15:08+00:00,0.0305,clob_prices_history
52035147432985774092509040925165515760899062720939921734142361138587845236034,0xb215decbedd846168842f6e207f09bd5f50ce51d2191f238887d976ec21b6f66,1777033807,2026-04-24T12:30:07+00:00,0.0305,clob_prices_history
52035147432985774092509040925165515760899062720939921734142361138587845236034,0xb215decbedd846168842f6e207f09bd5f50ce51d2191f238887d976ec21b6f66,1777034706,2026-04-24T12:45:06+00:00,0.0305,clob_prices_history
52035147432985774092509040925165515760899062720939921734142361138587845236034,0xb215decbedd846168842f6e207f09bd5f50ce51d2191f238887d976ec21b6f66,1777035605,2026-04-24T13:00:05+00:00,0.0305,clob_prices_history
52035147432985774092509040925165515760899062720939921734142361138587845236034,0xb215decbedd846168842f6e207f09bd5f50ce51d2191f238887d976ec21b6f66,1777036504,2026-04-24T13:15:04+00:00,0.0305,clob_prices_history
52035147432985774092509040925165515760899062720939921734142361138587845236034,0xb215decbedd846168842f6e207f09bd5f50ce51d2191f238887d976ec21b6f66,1777037406,2026-04-24T13:30:06+00:00,0.0305,clob_prices_history
52035147432985774092509040925165515760899062720939921734142361138587845236034,0xb215decbedd846168842f6e207f09bd5f50ce51d2191f238887d976ec21b6f66,1777038306,2026-04-24T13:45:06+00:00,0.0305,clob_prices_history
52035147432985774092509040925165515760899062720939921734142361138587845236034,0xb215decbedd846168842f6e207f09bd5f50ce51d2191f238887d976ec21b6f66,1777039219,2026-04-24T14:00:19+00:00,0.0305,clob_prices_history
52035147432985774092509040925165515760899062720939921734142361138587845236034,0xb215decbedd846168842f6e207f09bd5f50ce51d2191f238887d976ec21b6f66,1777040105,2026-04-24T14:15:05+00:00,0.0305,clob_prices_history
52035147432985774092509040925165515760899062720939921734142361138587845236034,0xb215decbedd846168842f6e207f09bd5f50ce51d2191f238887d976ec21b6f66,1777041007,2026-04-24T14:30:07+00:00,0.0305,clob_prices_history
52035147432985774092509040925165515760899062720939921734142361138587845236034,0xb215decbedd846168842f6e207f09bd5f50ce51d2191f238887d976ec21b6f66,1777041904,2026-04-24T14:45:04+00:00,0.0305,clob_prices_history
52035147432985774092509040925165515760899062720939921734142361138587845236034,0xb215decbedd846168842f6e207f09bd5f50ce51d2191f238887d976ec21b6f66,1777042807,2026-04-24T15:00:07+00:00,0.042,clob_prices_history
52035147432985774092509040925165515760899062720939921734142361138587845236034,0xb215decbedd846168842f6e207f09bd5f50ce51d2191f238887d976ec21b6f66,1777043705,2026-04-24T15:15:05+00:00,0.0395,clob_prices_history
52035147432985774092509040925165515760899062720939921734142361138587845236034,0xb215decbedd846168842f6e207f09bd5f50ce51d2191f238887d976ec21b6f66,1777044605,2026-04-24T15:30:05+00:00,0.039,clob_prices_history
52035147432985774092509040925165515760899062720939921734142361138587845236034,0xb215decbedd846168842f6e207f09bd5f50ce51d2191f238887d976ec21b6f66,1777045504,2026-04-24T15:45:04+00:00,0.039,clob_prices_history
52035147432985774092509040925165515760899062720939921734142361138587845236034,0xb215decbedd846168842f6e207f09bd5f50ce51d2191f238887d976ec21b6f66,1777046405,2026-04-24T16:00:05+00:00,0.039,clob_prices_history
52035147432985774092509040925165515760899062720939921734142361138587845236034,0xb215decbedd846168842f6e207f09bd5f50ce51d2191f238887d976ec21b6f66,1777047308,2026-04-24T16:15:08+00:00,0.039,clob_prices_history
52035147432985774092509040925165515760899062720939921734142361138587845236034,0xb215decbedd846168842f6e207f09bd5f50ce51d2191f238887d976ec21b6f66,1777048207,2026-04-24T16:30:07+00:00,0.039,clob_prices_history
52035147432985774092509040925165515760899062720939921734142361138587845236034,0xb215decbedd846168842f6e207f09bd5f50ce51d2191f238887d976ec21b6f66,1777049105,2026-04-24T16:45:05+00:00,0.039,clob_prices_history
52035147432985774092509040925165515760899062720939921734142361138587845236034,0xb215decbedd846168842f6e207f09bd5f50ce51d2191f238887d976ec21b6f66,1777050005,2026-04-24T17:00:05+00:00,0.039,clob_prices_history
52035147432985774092509040925165515760899062720939921734142361138587845236034,0xb215decbedd846168842f6e207f09bd5f50ce51d2191f238887d976ec21b6f66,1777050904,2026-04-24T17:15:04+00:00,0.039,clob_prices_history
52035147432985774092509040925165515760899062720939921734142361138587845236034,0xb215decbedd846168842f6e207f09bd5f50ce51d2191f238887d976ec21b6f66,1777051820,2026-04-24T17:30:20+00:00,0.039,clob_prices_history
52035147432985774092509040925165515760899062720939921734142361138587845236034,0xb215decbedd846168842f6e207f09bd5f50ce51d2191f238887d976ec21b6f66,1777052703,2026-04-24T17:45:03+00:00,0.039,clob_prices_history
52035147432985774092509040925165515760899062720939921734142361138587845236034,0xb215decbedd846168842f6e207f09bd5f50ce51d2191f238887d976ec21b6f66,1777053608,2026-04-24T18:00:08+00:00,0.039,clob_prices_history
52035147432985774092509040925165515760899062720939921734142361138587845236034,0xb215decbedd846168842f6e207f09bd5f50ce51d2191f238887d976ec21b6f66,1777054506,2026-04-24T18:15:06+00:00,0.039,clob_prices_history
52035147432985774092509040925165515760899062720939921734142361138587845236034,0xb215decbedd846168842f6e207f09bd5f50ce51d2191f238887d976ec21b6f66,1777055405,2026-04-24T18:30:05+00:00,0.039,clob_prices_history
52035147432985774092509040925165515760899062720939921734142361138587845236034,0xb215decbedd846168842f6e207f09bd5f50ce51d2191f238887d976ec21b6f66,1777056305,2026-04-24T18:45:05+00:00,0.039,clob_prices_history
52035147432985774092509040925165515760899062720939921734142361138587845236034,0xb215decbedd846168842f6e207f09bd5f50ce51d2191f238887d976ec21b6f66,1777057204,2026-04-24T19:00:04+00:00,0.039,clob_prices_history
52035147432985774092509040925165515760899062720939921734142361138587845236034,0xb215decbedd846168842f6e207f09bd5f50ce51d2191f238887d976ec21b6f66,1777058104,2026-04-24T19:15:04+00:00,0.037,clob_prices_history
52035147432985774092509040925165515760899062720939921734142361138587845236034,0xb215decbedd846168842f6e207f09bd5f50ce51d2191f238887d976ec21b6f66,1777059006,2026-04-24T19:30:06+00:00,0.0365,clob_prices_history
52035147432985774092509040925165515760899062720939921734142361138587845236034,0xb215decbedd846168842f6e207f09bd5f50ce51d2191f238887d976ec21b6f66,1777059903,2026-04-24T19:45:03+00:00,0.0365,clob_prices_history
52035147432985774092509040925165515760899062720939921734142361138587845236034,0xb215decbedd846168842f6e207f09bd5f50ce51d2191f238887d976ec21b6f66,1777060806,2026-04-24T20:00:06+00:00,0.0365,clob_prices_history
52035147432985774092509040925165515760899062720939921734142361138587845236034,0xb215decbedd846168842f6e207f09bd5f50ce51d2191f238887d976ec21b6f66,1777061716,2026-04-24T20:15:16+00:00,0.0365,clob_prices_history
52035147432985774092509040925165515760899062720939921734142361138587845236034,0xb215decbedd846168842f6e207f09bd5f50ce51d2191f238887d976ec21b6f66,1777062604,2026-04-24T20:30:04+00:00,0.0365,clob_prices_history
52035147432985774092509040925165515760899062720939921734142361138587845236034,0xb215decbedd846168842f6e207f09bd5f50ce51d2191f238887d976ec21b6f66,1777063508,2026-04-24T20:45:08+00:00,0.0365,clob_prices_history
52035147432985774092509040925165515760899062720939921734142361138587845236034,0xb215decbedd846168842f6e207f09bd5f50ce51d2191f238887d976ec21b6f66,1777064407,2026-04-24T21:00:07+00:00,0.0365,clob_prices_history
52035147432985774092509040925165515760899062720939921734142361138587845236034,0xb215decbedd846168842f6e207f09bd5f50ce51d2191f238887d976ec21b6f66,1777065304,2026-04-24T21:15:04+00:00,0.0365,clob_prices_history
52035147432985774092509040925165515760899062720939921734142361138587845236034,0xb215decbedd846168842f6e207f09bd5f50ce51d2191f238887d976ec21b6f66,1777066205,2026-04-24T21:30:05+00:00,0.0365,clob_prices_history
52035147432985774092509040925165515760899062720939921734142361138587845236034,0xb215decbedd846168842f6e207f09bd5f50ce51d2191f238887d976ec21b6f66,1777067104,2026-04-24T21:45:04+00:00,0.0365,clob_prices_history
52035147432985774092509040925165515760899062720939921734142361138587845236034,0xb215decbedd846168842f6e207f09bd5f50ce51d2191f238887d976ec21b6f66,1777068007,2026-04-24T22:00:07+00:00,0.0365,clob_prices_history
52035147432985774092509040925165515760899062720939921734142361138587845236034,0xb215decbedd846168842f6e207f09bd5f50ce51d2191f238887d976ec21b6f66,1777068904,2026-04-24T22:15:04+00:00,0.0365,clob_prices_history
52035147432985774092509040925165515760899062720939921734142361138587845236034,0xb215decbedd846168842f6e207f09bd5f50ce51d2191f238887d976ec21b6f66,1777069808,2026-04-24T22:30:08+00:00,0.0365,clob_prices_history
52035147432985774092509040925165515760899062720939921734142361138587845236034,0xb215decbedd846168842f6e207f09bd5f50ce51d2191f238887d976ec21b6f66,1777070705,2026-04-24T22:45:05+00:00,0.0365,clob_prices_history
52035147432985774092509040925165515760899062720939921734142361138587845236034,0xb215decbedd846168842f6e207f09bd5f50ce51d2191f238887d976ec21b6f66,1777071605,2026-04-24T23:00:05+00:00,0.0365,clob_prices_history
52035147432985774092509040925165515760899062720939921734142361138587845236034,0xb215decbedd846168842f6e207f09bd5f50ce51d2191f238887d976ec21b6f66,1777072504,2026-04-24T23:15:04+00:00,0.0365,clob_prices_history
52035147432985774092509040925165515760899062720939921734142361138587845236034,0xb215decbedd846168842f6e207f09bd5f50ce51d2191f238887d976ec21b6f66,1777073404,2026-04-24T23:30:04+00:00,0.0365,clob_prices_history
52035147432985774092509040925165515760899062720939921734142361138587845236034,0xb215decbedd846168842f6e207f09bd5f50ce51d2191f238887d976ec21b6f66,1777074305,2026-04-24T23:45:05+00:00,0.0365,clob_prices_history
52035147432985774092509040925165515760899062720939921734142361138587845236034,0xb215decbedd846168842f6e207f09bd5f50ce51d2191f238887d976ec21b6f66,1777075213,2026-04-25T00:00:13+00:00,0.0365,clob_prices_history
52035147432985774092509040925165515760899062720939921734142361138587845236034,0xb215decbedd846168842f6e207f09bd5f50ce51d2191f238887d976ec21b6f66,1777076103,2026-04-25T00:15:03+00:00,0.0365,clob_prices_history
52035147432985774092509040925165515760899062720939921734142361138587845236034,0xb215decbedd846168842f6e207f09bd5f50ce51d2191f238887d976ec21b6f66,1777077004,2026-04-25T00:30:04+00:00,0.0365,clob_prices_history
52035147432985774092509040925165515760899062720939921734142361138587845236034,0xb215decbedd846168842f6e207f09bd5f50ce51d2191f238887d976ec21b6f66,1777077904,2026-04-25T00:45:04+00:00,0.0365,clob_prices_history
52035147432985774092509040925165515760899062720939921734142361138587845236034,0xb215decbedd846168842f6e207f09bd5f50ce51d2191f238887d976ec21b6f66,1777078805,2026-04-25T01:00:05+00:00,0.0375,clob_prices_history
52035147432985774092509040925165515760899062720939921734142361138587845236034,0xb215decbedd846168842f6e207f09bd5f50ce51d2191f238887d976ec21b6f66,1777079704,2026-04-25T01:15:04+00:00,0.0375,clob_prices_history
52035147432985774092509040925165515760899062720939921734142361138587845236034,0xb215decbedd846168842f6e207f09bd5f50ce51d2191f238887d976ec21b6f66,1777080604,2026-04-25T01:30:04+00:00,0.0375,clob_prices_history
52035147432985774092509040925165515760899062720939921734142361138587845236034,0xb215decbedd846168842f6e207f09bd5f50ce51d2191f238887d976ec21b6f66,1777081504,2026-04-25T01:45:04+00:00,0.0375,clob_prices_history
52035147432985774092509040925165515760899062720939921734142361138587845236034,0xb215decbedd846168842f6e207f09bd5f50ce51d2191f238887d976ec21b6f66,1777082406,2026-04-25T02:00:06+00:00,0.0375,clob_prices_history
52035147432985774092509040925165515760899062720939921734142361138587845236034,0xb215decbedd846168842f6e207f09bd5f50ce51d2191f238887d976ec21b6f66,1777083316,2026-04-25T02:15:16+00:00,0.0375,clob_prices_history
52035147432985774092509040925165515760899062720939921734142361138587845236034,0xb215decbedd846168842f6e207f09bd5f50ce51d2191f238887d976ec21b6f66,1777084205,2026-04-25T02:30:05+00:00,0.0375,clob_prices_history
52035147432985774092509040925165515760899062720939921734142361138587845236034,0xb215decbedd846168842f6e207f09bd5f50ce51d2191f238887d976ec21b6f66,1777085119,2026-04-25T02:45:19+00:00,0.0375,clob_prices_history
52035147432985774092509040925165515760899062720939921734142361138587845236034,0xb215decbedd846168842f6e207f09bd5f50ce51d2191f238887d976ec21b6f66,1777086007,2026-04-25T03:00:07+00:00,0.0375,clob_prices_history
52035147432985774092509040925165515760899062720939921734142361138587845236034,0xb215decbedd846168842f6e207f09bd5f50ce51d2191f238887d976ec21b6f66,1777086904,2026-04-25T03:15:04+00:00,0.0375,clob_prices_history
52035147432985774092509040925165515760899062720939921734142361138587845236034,0xb215decbedd846168842f6e207f09bd5f50ce51d2191f238887d976ec21b6f66,1777087805,2026-04-25T03:30:05+00:00,0.0375,clob_prices_history
52035147432985774092509040925165515760899062720939921734142361138587845236034,0xb215decbedd846168842f6e207f09bd5f50ce51d2191f238887d976ec21b6f66,1777088705,2026-04-25T03:45:05+00:00,0.0375,clob_prices_history
52035147432985774092509040925165515760899062720939921734142361138587845236034,0xb215decbedd846168842f6e207f09bd5f50ce51d2191f238887d976ec21b6f66,1777089604,2026-04-25T04:00:04+00:00,0.0375,clob_prices_history
52035147432985774092509040925165515760899062720939921734142361138587845236034,0xb215decbedd846168842f6e207f09bd5f50ce51d2191f238887d976ec21b6f66,1777090516,2026-04-25T04:15:16+00:00,0.0375,clob_prices_history
52035147432985774092509040925165515760899062720939921734142361138587845236034,0xb215decbedd846168842f6e207f09bd5f50ce51d2191f238887d976ec21b6f66,1777091406,2026-04-25T04:30:06+00:00,0.0375,clob_prices_history
52035147432985774092509040925165515760899062720939921734142361138587845236034,0xb215decbedd846168842f6e207f09bd5f50ce51d2191f238887d976ec21b6f66,1777092307,2026-04-25T04:45:07+00:00,0.0375,clob_prices_history
52035147432985774092509040925165515760899062720939921734142361138587845236034,0xb215decbedd846168842f6e207f09bd5f50ce51d2191f238887d976ec21b6f66,1777093204,2026-04-25T05:00:04+00:00,0.0375,clob_prices_history
52035147432985774092509040925165515760899062720939921734142361138587845236034,0xb215decbedd846168842f6e207f09bd5f50ce51d2191f238887d976ec21b6f66,1777094107,2026-04-25T05:15:07+00:00,0.0375,clob_prices_history
52035147432985774092509040925165515760899062720939921734142361138587845236034,0xb215decbedd846168842f6e207f09bd5f50ce51d2191f238887d976ec21b6f66,1777095006,2026-04-25T05:30:06+00:00,0.0375,clob_prices_history
52035147432985774092509040925165515760899062720939921734142361138587845236034,0xb215decbedd846168842f6e207f09bd5f50ce51d2191f238887d976ec21b6f66,1777095906,2026-04-25T05:45:06+00:00,0.0375,clob_prices_history
52035147432985774092509040925165515760899062720939921734142361138587845236034,0xb215decbedd846168842f6e207f09bd5f50ce51d2191f238887d976ec21b6f66,1777096820,2026-04-25T06:00:20+00:00,0.0375,clob_prices_history
52035147432985774092509040925165515760899062720939921734142361138587845236034,0xb215decbedd846168842f6e207f09bd5f50ce51d2191f238887d976ec21b6f66,1777097704,2026-04-25T06:15:04+00:00,0.0375,clob_prices_history
52035147432985774092509040925165515760899062720939921734142361138587845236034,0xb215decbedd846168842f6e207f09bd5f50ce51d2191f238887d976ec21b6f66,1777098605,2026-04-25T06:30:05+00:00,0.0375,clob_prices_history
52035147432985774092509040925165515760899062720939921734142361138587845236034,0xb215decbedd846168842f6e207f09bd5f50ce51d2191f238887d976ec21b6f66,1777099504,2026-04-25T06:45:04+00:00,0.0375,clob_prices_history
52035147432985774092509040925165515760899062720939921734142361138587845236034,0xb215decbedd846168842f6e207f09bd5f50ce51d2191f238887d976ec21b6f66,1777100408,2026-04-25T07:00:08+00:00,0.0355,clob_prices_history
52035147432985774092509040925165515760899062720939921734142361138587845236034,0xb215decbedd846168842f6e207f09bd5f50ce51d2191f238887d976ec21b6f66,1777101305,2026-04-25T07:15:05+00:00,0.0325,clob_prices_history
52035147432985774092509040925165515760899062720939921734142361138587845236034,0xb215decbedd846168842f6e207f09bd5f50ce51d2191f238887d976ec21b6f66,1777102205,2026-04-25T07:30:05+00:00,0.033,clob_prices_history
52035147432985774092509040925165515760899062720939921734142361138587845236034,0xb215decbedd846168842f6e207f09bd5f50ce51d2191f238887d976ec21b6f66,1777103106,2026-04-25T07:45:06+00:00,0.0335,clob_prices_history
52035147432985774092509040925165515760899062720939921734142361138587845236034,0xb215decbedd846168842f6e207f09bd5f50ce51d2191f238887d976ec21b6f66,1777104006,2026-04-25T08:00:06+00:00,0.0335,clob_prices_history
52035147432985774092509040925165515760899062720939921734142361138587845236034,0xb215decbedd846168842f6e207f09bd5f50ce51d2191f238887d976ec21b6f66,1777104906,2026-04-25T08:15:06+00:00,0.0315,clob_prices_history
52035147432985774092509040925165515760899062720939921734142361138587845236034,0xb215decbedd846168842f6e207f09bd5f50ce51d2191f238887d976ec21b6f66,1777105806,2026-04-25T08:30:06+00:00,0.0315,clob_prices_history
52035147432985774092509040925165515760899062720939921734142361138587845236034,0xb215decbedd846168842f6e207f09bd5f50ce51d2191f238887d976ec21b6f66,1777106706,2026-04-25T08:45:06+00:00,0.0315,clob_prices_history
52035147432985774092509040925165515760899062720939921734142361138587845236034,0xb215decbedd846168842f6e207f09bd5f50ce51d2191f238887d976ec21b6f66,1777107612,2026-04-25T09:00:12+00:00,0.0315,clob_prices_history
52035147432985774092509040925165515760899062720939921734142361138587845236034,0xb215decbedd846168842f6e207f09bd5f50ce51d2191f238887d976ec21b6f66,1777108506,2026-04-25T09:15:06+00:00,0.0315,clob_prices_history
52035147432985774092509040925165515760899062720939921734142361138587845236034,0xb215decbedd846168842f6e207f09bd5f50ce51d2191f238887d976ec21b6f66,1777109405,2026-04-25T09:30:05+00:00,0.0315,clob_prices_history
52035147432985774092509040925165515760899062720939921734142361138587845236034,0xb215decbedd846168842f6e207f09bd5f50ce51d2191f238887d976ec21b6f66,1777110317,2026-04-25T09:45:17+00:00,0.0315,clob_prices_history
52035147432985774092509040925165515760899062720939921734142361138587845236034,0xb215decbedd846168842f6e207f09bd5f50ce51d2191f238887d976ec21b6f66,1777111208,2026-04-25T10:00:08+00:00,0.0315,clob_prices_history
52035147432985774092509040925165515760899062720939921734142361138587845236034,0xb215decbedd846168842f6e207f09bd5f50ce51d2191f238887d976ec21b6f66,1777112109,2026-04-25T10:15:09+00:00,0.0315,clob_prices_history
52035147432985774092509040925165515760899062720939921734142361138587845236034,0xb215decbedd846168842f6e207f09bd5f50ce51d2191f238887d976ec21b6f66,1777113004,2026-04-25T10:30:04+00:00,0.0315,clob_prices_history
52035147432985774092509040925165515760899062720939921734142361138587845236034,0xb215decbedd846168842f6e207f09bd5f50ce51d2191f238887d976ec21b6f66,1777113906,2026-04-25T10:45:06+00:00,0.0315,clob_prices_history
52035147432985774092509040925165515760899062720939921734142361138587845236034,0xb215decbedd846168842f6e207f09bd5f50ce51d2191f238887d976ec21b6f66,1777114807,2026-04-25T11:00:07+00:00,0.0315,clob_prices_history
52035147432985774092509040925165515760899062720939921734142361138587845236034,0xb215decbedd846168842f6e207f09bd5f50ce51d2191f238887d976ec21b6f66,1777115706,2026-04-25T11:15:06+00:00,0.0315,clob_prices_history
52035147432985774092509040925165515760899062720939921734142361138587845236034,0xb215decbedd846168842f6e207f09bd5f50ce51d2191f238887d976ec21b6f66,1777116618,2026-04-25T11:30:18+00:00,0.0315,clob_prices_history
52035147432985774092509040925165515760899062720939921734142361138587845236034,0xb215decbedd846168842f6e207f09bd5f50ce51d2191f238887d976ec21b6f66,1777117508,2026-04-25T11:45:08+00:00,0.0315,clob_prices_history
52035147432985774092509040925165515760899062720939921734142361138587845236034,0xb215decbedd846168842f6e207f09bd5f50ce51d2191f238887d976ec21b6f66,1777118408,2026-04-25T12:00:08+00:00,0.0315,clob_prices_history
52035147432985774092509040925165515760899062720939921734142361138587845236034,0xb215decbedd846168842f6e207f09bd5f50ce51d2191f238887d976ec21b6f66,1777119305,2026-04-25T12:15:05+00:00,0.0315,clob_prices_history
52035147432985774092509040925165515760899062720939921734142361138587845236034,0xb215decbedd846168842f6e207f09bd5f50ce51d2191f238887d976ec21b6f66,1777120206,2026-04-25T12:30:06+00:00,0.0315,clob_prices_history
52035147432985774092509040925165515760899062720939921734142361138587845236034,0xb215decbedd846168842f6e207f09bd5f50ce51d2191f238887d976ec21b6f66,1777121107,2026-04-25T12:45:07+00:00,0.0315,clob_prices_history
52035147432985774092509040925165515760899062720939921734142361138587845236034,0xb215decbedd846168842f6e207f09bd5f50ce51d2191f238887d976ec21b6f66,1777122006,2026-04-25T13:00:06+00:00,0.0315,clob_prices_history
52035147432985774092509040925165515760899062720939921734142361138587845236034,0xb215decbedd846168842f6e207f09bd5f50ce51d2191f238887d976ec21b6f66,1777122905,2026-04-25T13:15:05+00:00,0.0315,clob_prices_history
52035147432985774092509040925165515760899062720939921734142361138587845236034,0xb215decbedd846168842f6e207f09bd5f50ce51d2191f238887d976ec21b6f66,1777123806,2026-04-25T13:30:06+00:00,0.0315,clob_prices_history
52035147432985774092509040925165515760899062720939921734142361138587845236034,0xb215decbedd846168842f6e207f09bd5f50ce51d2191f238887d976ec21b6f66,1777124708,2026-04-25T13:45:08+00:00,0.0315,clob_prices_history
52035147432985774092509040925165515760899062720939921734142361138587845236034,0xb215decbedd846168842f6e207f09bd5f50ce51d2191f238887d976ec21b6f66,1777125604,2026-04-25T14:00:04+00:00,0.0315,clob_prices_history
52035147432985774092509040925165515760899062720939921734142361138587845236034,0xb215decbedd846168842f6e207f09bd5f50ce51d2191f238887d976ec21b6f66,1777126505,2026-04-25T14:15:05+00:00,0.0315,clob_prices_history
52035147432985774092509040925165515760899062720939921734142361138587845236034,0xb215decbedd846168842f6e207f09bd5f50ce51d2191f238887d976ec21b6f66,1777127405,2026-04-25T14:30:05+00:00,0.0315,clob_prices_history
52035147432985774092509040925165515760899062720939921734142361138587845236034,0xb215decbedd846168842f6e207f09bd5f50ce51d2191f238887d976ec21b6f66,1777128306,2026-04-25T14:45:06+00:00,0.0315,clob_prices_history
52035147432985774092509040925165515760899062720939921734142361138587845236034,0xb215decbedd846168842f6e207f09bd5f50ce51d2191f238887d976ec21b6f66,1777129207,2026-04-25T15:00:07+00:00,0.0315,clob_prices_history
52035147432985774092509040925165515760899062720939921734142361138587845236034,0xb215decbedd846168842f6e207f09bd5f50ce51d2191f238887d976ec21b6f66,1777130104,2026-04-25T15:15:04+00:00,0.0315,clob_prices_history
52035147432985774092509040925165515760899062720939921734142361138587845236034,0xb215decbedd846168842f6e207f09bd5f50ce51d2191f238887d976ec21b6f66,1777131004,2026-04-25T15:30:04+00:00,0.0315,clob_prices_history
52035147432985774092509040925165515760899062720939921734142361138587845236034,0xb215decbedd846168842f6e207f09bd5f50ce51d2191f238887d976ec21b6f66,1777131904,2026-04-25T15:45:04+00:00,0.0315,clob_prices_history
52035147432985774092509040925165515760899062720939921734142361138587845236034,0xb215decbedd846168842f6e207f09bd5f50ce51d2191f238887d976ec21b6f66,1777132806,2026-04-25T16:00:06+00:00,0.0315,clob_prices_history
52035147432985774092509040925165515760899062720939921734142361138587845236034,0xb215decbedd846168842f6e207f09bd5f50ce51d2191f238887d976ec21b6f66,1777133704,2026-04-25T16:15:04+00:00,0.0315,clob_prices_history
52035147432985774092509040925165515760899062720939921734142361138587845236034,0xb215decbedd846168842f6e207f09bd5f50ce51d2191f238887d976ec21b6f66,1777134603,2026-04-25T16:30:03+00:00,0.0315,clob_prices_history
52035147432985774092509040925165515760899062720939921734142361138587845236034,0xb215decbedd846168842f6e207f09bd5f50ce51d2191f238887d976ec21b6f66,1777135504,2026-04-25T16:45:04+00:00,0.0315,clob_prices_history
52035147432985774092509040925165515760899062720939921734142361138587845236034,0xb215decbedd846168842f6e207f09bd5f50ce51d2191f238887d976ec21b6f66,1777136422,2026-04-25T17:00:22+00:00,0.0315,clob_prices_history
52035147432985774092509040925165515760899062720939921734142361138587845236034,0xb215decbedd846168842f6e207f09bd5f50ce51d2191f238887d976ec21b6f66,1777137304,2026-04-25T17:15:04+00:00,0.0315,clob_prices_history
52035147432985774092509040925165515760899062720939921734142361138587845236034,0xb215decbedd846168842f6e207f09bd5f50ce51d2191f238887d976ec21b6f66,1777138205,2026-04-25T17:30:05+00:00,0.0315,clob_prices_history
52035147432985774092509040925165515760899062720939921734142361138587845236034,0xb215decbedd846168842f6e207f09bd5f50ce51d2191f238887d976ec21b6f66,1777139104,2026-04-25T17:45:04+00:00,0.0315,clob_prices_history
52035147432985774092509040925165515760899062720939921734142361138587845236034,0xb215decbedd846168842f6e207f09bd5f50ce51d2191f238887d976ec21b6f66,1777140007,2026-04-25T18:00:07+00:00,0.0315,clob_prices_history
52035147432985774092509040925165515760899062720939921734142361138587845236034,0xb215decbedd846168842f6e207f09bd5f50ce51d2191f238887d976ec21b6f66,1777140905,2026-04-25T18:15:05+00:00,0.0315,clob_prices_history
52035147432985774092509040925165515760899062720939921734142361138587845236034,0xb215decbedd846168842f6e207f09bd5f50ce51d2191f238887d976ec21b6f66,1777141807,2026-04-25T18:30:07+00:00,0.0315,clob_prices_history
52035147432985774092509040925165515760899062720939921734142361138587845236034,0xb215decbedd846168842f6e207f09bd5f50ce51d2191f238887d976ec21b6f66,1777142705,2026-04-25T18:45:05+00:00,0.0315,clob_prices_history
52035147432985774092509040925165515760899062720939921734142361138587845236034,0xb215decbedd846168842f6e207f09bd5f50ce51d2191f238887d976ec21b6f66,1777143605,2026-04-25T19:00:05+00:00,0.0315,clob_prices_history
52035147432985774092509040925165515760899062720939921734142361138587845236034,0xb215decbedd846168842f6e207f09bd5f50ce51d2191f238887d976ec21b6f66,1777144505,2026-04-25T19:15:05+00:00,0.0315,clob_prices_history
52035147432985774092509040925165515760899062720939921734142361138587845236034,0xb215decbedd846168842f6e207f09bd5f50ce51d2191f238887d976ec21b6f66,1777145405,2026-04-25T19:30:05+00:00,0.0315,clob_prices_history
52035147432985774092509040925165515760899062720939921734142361138587845236034,0xb215decbedd846168842f6e207f09bd5f50ce51d2191f238887d976ec21b6f66,1777146305,2026-04-25T19:45:05+00:00,0.0315,clob_prices_history
52035147432985774092509040925165515760899062720939921734142361138587845236034,0xb215decbedd846168842f6e207f09bd5f50ce51d2191f238887d976ec21b6f66,1777147206,2026-04-25T20:00:06+00:00,0.0315,clob_prices_history
52035147432985774092509040925165515760899062720939921734142361138587845236034,0xb215decbedd846168842f6e207f09bd5f50ce51d2191f238887d976ec21b6f66,1777148104,2026-04-25T20:15:04+00:00,0.0315,clob_prices_history
52035147432985774092509040925165515760899062720939921734142361138587845236034,0xb215decbedd846168842f6e207f09bd5f50ce51d2191f238887d976ec21b6f66,1777149004,2026-04-25T20:30:04+00:00,0.0315,clob_prices_history
52035147432985774092509040925165515760899062720939921734142361138587845236034,0xb215decbedd846168842f6e207f09bd5f50ce51d2191f238887d976ec21b6f66,1777149907,2026-04-25T20:45:07+00:00,0.0315,clob_prices_history
52035147432985774092509040925165515760899062720939921734142361138587845236034,0xb215decbedd846168842f6e207f09bd5f50ce51d2191f238887d976ec21b6f66,1777150809,2026-04-25T21:00:09+00:00,0.0315,clob_prices_history
52035147432985774092509040925165515760899062720939921734142361138587845236034,0xb215decbedd846168842f6e207f09bd5f50ce51d2191f238887d976ec21b6f66,1777151705,2026-04-25T21:15:05+00:00,0.0315,clob_prices_history
52035147432985774092509040925165515760899062720939921734142361138587845236034,0xb215decbedd846168842f6e207f09bd5f50ce51d2191f238887d976ec21b6f66,1777152604,2026-04-25T21:30:04+00:00,0.0315,clob_prices_history
52035147432985774092509040925165515760899062720939921734142361138587845236034,0xb215decbedd846168842f6e207f09bd5f50ce51d2191f238887d976ec21b6f66,1777153504,2026-04-25T21:45:04+00:00,0.0315,clob_prices_history
52035147432985774092509040925165515760899062720939921734142361138587845236034,0xb215decbedd846168842f6e207f09bd5f50ce51d2191f238887d976ec21b6f66,1777154419,2026-04-25T22:00:19+00:00,0.0315,clob_prices_history
52035147432985774092509040925165515760899062720939921734142361138587845236034,0xb215decbedd846168842f6e207f09bd5f50ce51d2191f238887d976ec21b6f66,1777155304,2026-04-25T22:15:04+00:00,0.0315,clob_prices_history
52035147432985774092509040925165515760899062720939921734142361138587845236034,0xb215decbedd846168842f6e207f09bd5f50ce51d2191f238887d976ec21b6f66,1777156206,2026-04-25T22:30:06+00:00,0.0315,clob_prices_history
52035147432985774092509040925165515760899062720939921734142361138587845236034,0xb215decbedd846168842f6e207f09bd5f50ce51d2191f238887d976ec21b6f66,1777157105,2026-04-25T22:45:05+00:00,0.0315,clob_prices_history
52035147432985774092509040925165515760899062720939921734142361138587845236034,0xb215decbedd846168842f6e207f09bd5f50ce51d2191f238887d976ec21b6f66,1777158004,2026-04-25T23:00:04+00:00,0.0315,clob_prices_history
52035147432985774092509040925165515760899062720939921734142361138587845236034,0xb215decbedd846168842f6e207f09bd5f50ce51d2191f238887d976ec21b6f66,1777158904,2026-04-25T23:15:04+00:00,0.0315,clob_prices_history
52035147432985774092509040925165515760899062720939921734142361138587845236034,0xb215decbedd846168842f6e207f09bd5f50ce51d2191f238887d976ec21b6f66,1777159817,2026-04-25T23:30:17+00:00,0.0315,clob_prices_history
52035147432985774092509040925165515760899062720939921734142361138587845236034,0xb215decbedd846168842f6e207f09bd5f50ce51d2191f238887d976ec21b6f66,1777160704,2026-04-25T23:45:04+00:00,0.0315,clob_prices_history
52035147432985774092509040925165515760899062720939921734142361138587845236034,0xb215decbedd846168842f6e207f09bd5f50ce51d2191f238887d976ec21b6f66,1777161607,2026-04-26T00:00:07+00:00,0.0315,clob_prices_history
52035147432985774092509040925165515760899062720939921734142361138587845236034,0xb215decbedd846168842f6e207f09bd5f50ce51d2191f238887d976ec21b6f66,1777162505,2026-04-26T00:15:05+00:00,0.0315,clob_prices_history
52035147432985774092509040925165515760899062720939921734142361138587845236034,0xb215decbedd846168842f6e207f09bd5f50ce51d2191f238887d976ec21b6f66,1777163408,2026-04-26T00:30:08+00:00,0.0315,clob_prices_history
52035147432985774092509040925165515760899062720939921734142361138587845236034,0xb215decbedd846168842f6e207f09bd5f50ce51d2191f238887d976ec21b6f66,1777164304,2026-04-26T00:45:04+00:00,0.0315,clob_prices_history
52035147432985774092509040925165515760899062720939921734142361138587845236034,0xb215decbedd846168842f6e207f09bd5f50ce51d2191f238887d976ec21b6f66,1777165206,2026-04-26T01:00:06+00:00,0.0315,clob_prices_history
52035147432985774092509040925165515760899062720939921734142361138587845236034,0xb215decbedd846168842f6e207f09bd5f50ce51d2191f238887d976ec21b6f66,1777166105,2026-04-26T01:15:05+00:00,0.0315,clob_prices_history
52035147432985774092509040925165515760899062720939921734142361138587845236034,0xb215decbedd846168842f6e207f09bd5f50ce51d2191f238887d976ec21b6f66,1777167005,2026-04-26T01:30:05+00:00,0.0315,clob_prices_history
52035147432985774092509040925165515760899062720939921734142361138587845236034,0xb215decbedd846168842f6e207f09bd5f50ce51d2191f238887d976ec21b6f66,1777167905,2026-04-26T01:45:05+00:00,0.0315,clob_prices_history
52035147432985774092509040925165515760899062720939921734142361138587845236034,0xb215decbedd846168842f6e207f09bd5f50ce51d2191f238887d976ec21b6f66,1777168805,2026-04-26T02:00:05+00:00,0.0315,clob_prices_history
52035147432985774092509040925165515760899062720939921734142361138587845236034,0xb215decbedd846168842f6e207f09bd5f50ce51d2191f238887d976ec21b6f66,1777169703,2026-04-26T02:15:03+00:00,0.0315,clob_prices_history
52035147432985774092509040925165515760899062720939921734142361138587845236034,0xb215decbedd846168842f6e207f09bd5f50ce51d2191f238887d976ec21b6f66,1777170605,2026-04-26T02:30:05+00:00,0.0315,clob_prices_history
52035147432985774092509040925165515760899062720939921734142361138587845236034,0xb215decbedd846168842f6e207f09bd5f50ce51d2191f238887d976ec21b6f66,1777171503,2026-04-26T02:45:03+00:00,0.0315,clob_prices_history
52035147432985774092509040925165515760899062720939921734142361138587845236034,0xb215decbedd846168842f6e207f09bd5f50ce51d2191f238887d976ec21b6f66,1777172423,2026-04-26T03:00:23+00:00,0.0315,clob_prices_history
52035147432985774092509040925165515760899062720939921734142361138587845236034,0xb215decbedd846168842f6e207f09bd5f50ce51d2191f238887d976ec21b6f66,1777173319,2026-04-26T03:15:19+00:00,0.0315,clob_prices_history
52035147432985774092509040925165515760899062720939921734142361138587845236034,0xb215decbedd846168842f6e207f09bd5f50ce51d2191f238887d976ec21b6f66,1777174205,2026-04-26T03:30:05+00:00,0.0315,clob_prices_history
52035147432985774092509040925165515760899062720939921734142361138587845236034,0xb215decbedd846168842f6e207f09bd5f50ce51d2191f238887d976ec21b6f66,1777175103,2026-04-26T03:45:03+00:00,0.0315,clob_prices_history
52035147432985774092509040925165515760899062720939921734142361138587845236034,0xb215decbedd846168842f6e207f09bd5f50ce51d2191f238887d976ec21b6f66,1777176004,2026-04-26T04:00:04+00:00,0.0315,clob_prices_history
52035147432985774092509040925165515760899062720939921734142361138587845236034,0xb215decbedd846168842f6e207f09bd5f50ce51d2191f238887d976ec21b6f66,1777176906,2026-04-26T04:15:06+00:00,0.0315,clob_prices_history
52035147432985774092509040925165515760899062720939921734142361138587845236034,0xb215decbedd846168842f6e207f09bd5f50ce51d2191f238887d976ec21b6f66,1777177805,2026-04-26T04:30:05+00:00,0.0315,clob_prices_history
52035147432985774092509040925165515760899062720939921734142361138587845236034,0xb215decbedd846168842f6e207f09bd5f50ce51d2191f238887d976ec21b6f66,1777178704,2026-04-26T04:45:04+00:00,0.0315,clob_prices_history
52035147432985774092509040925165515760899062720939921734142361138587845236034,0xb215decbedd846168842f6e207f09bd5f50ce51d2191f238887d976ec21b6f66,1777179607,2026-04-26T05:00:07+00:00,0.0315,clob_prices_history
52035147432985774092509040925165515760899062720939921734142361138587845236034,0xb215decbedd846168842f6e207f09bd5f50ce51d2191f238887d976ec21b6f66,1777180505,2026-04-26T05:15:05+00:00,0.0315,clob_prices_history
52035147432985774092509040925165515760899062720939921734142361138587845236034,0xb215decbedd846168842f6e207f09bd5f50ce51d2191f238887d976ec21b6f66,1777181405,2026-04-26T05:30:05+00:00,0.0315,clob_prices_history
52035147432985774092509040925165515760899062720939921734142361138587845236034,0xb215decbedd846168842f6e207f09bd5f50ce51d2191f238887d976ec21b6f66,1777182304,2026-04-26T05:45:04+00:00,0.0315,clob_prices_history
52035147432985774092509040925165515760899062720939921734142361138587845236034,0xb215decbedd846168842f6e207f09bd5f50ce51d2191f238887d976ec21b6f66,1777183206,2026-04-26T06:00:06+00:00,0.0315,clob_prices_history
52035147432985774092509040925165515760899062720939921734142361138587845236034,0xb215decbedd846168842f6e207f09bd5f50ce51d2191f238887d976ec21b6f66,1777184116,2026-04-26T06:15:16+00:00,0.0315,clob_prices_history
52035147432985774092509040925165515760899062720939921734142361138587845236034,0xb215decbedd846168842f6e207f09bd5f50ce51d2191f238887d976ec21b6f66,1777185005,2026-04-26T06:30:05+00:00,0.0315,clob_prices_history
52035147432985774092509040925165515760899062720939921734142361138587845236034,0xb215decbedd846168842f6e207f09bd5f50ce51d2191f238887d976ec21b6f66,1777185903,2026-04-26T06:45:03+00:00,0.0315,clob_prices_history
52035147432985774092509040925165515760899062720939921734142361138587845236034,0xb215decbedd846168842f6e207f09bd5f50ce51d2191f238887d976ec21b6f66,1777186804,2026-04-26T07:00:04+00:00,0.0315,clob_prices_history
52035147432985774092509040925165515760899062720939921734142361138587845236034,0xb215decbedd846168842f6e207f09bd5f50ce51d2191f238887d976ec21b6f66,1777187704,2026-04-26T07:15:04+00:00,0.0315,clob_prices_history
52035147432985774092509040925165515760899062720939921734142361138587845236034,0xb215decbedd846168842f6e207f09bd5f50ce51d2191f238887d976ec21b6f66,1777188605,2026-04-26T07:30:05+00:00,0.0315,clob_prices_history
52035147432985774092509040925165515760899062720939921734142361138587845236034,0xb215decbedd846168842f6e207f09bd5f50ce51d2191f238887d976ec21b6f66,1777189518,2026-04-26T07:45:18+00:00,0.0315,clob_prices_history
52035147432985774092509040925165515760899062720939921734142361138587845236034,0xb215decbedd846168842f6e207f09bd5f50ce51d2191f238887d976ec21b6f66,1777190408,2026-04-26T08:00:08+00:00,0.0315,clob_prices_history
52035147432985774092509040925165515760899062720939921734142361138587845236034,0xb215decbedd846168842f6e207f09bd5f50ce51d2191f238887d976ec21b6f66,1777191304,2026-04-26T08:15:04+00:00,0.0315,clob_prices_history
52035147432985774092509040925165515760899062720939921734142361138587845236034,0xb215decbedd846168842f6e207f09bd5f50ce51d2191f238887d976ec21b6f66,1777192205,2026-04-26T08:30:05+00:00,0.0315,clob_prices_history
52035147432985774092509040925165515760899062720939921734142361138587845236034,0xb215decbedd846168842f6e207f09bd5f50ce51d2191f238887d976ec21b6f66,1777193105,2026-04-26T08:45:05+00:00,0.0315,clob_prices_history
52035147432985774092509040925165515760899062720939921734142361138587845236034,0xb215decbedd846168842f6e207f09bd5f50ce51d2191f238887d976ec21b6f66,1777194007,2026-04-26T09:00:07+00:00,0.0315,clob_prices_history
52035147432985774092509040925165515760899062720939921734142361138587845236034,0xb215decbedd846168842f6e207f09bd5f50ce51d2191f238887d976ec21b6f66,1777194907,2026-04-26T09:15:07+00:00,0.0315,clob_prices_history
52035147432985774092509040925165515760899062720939921734142361138587845236034,0xb215decbedd846168842f6e207f09bd5f50ce51d2191f238887d976ec21b6f66,1777195805,2026-04-26T09:30:05+00:00,0.0315,clob_prices_history
52035147432985774092509040925165515760899062720939921734142361138587845236034,0xb215decbedd846168842f6e207f09bd5f50ce51d2191f238887d976ec21b6f66,1777196704,2026-04-26T09:45:04+00:00,0.0315,clob_prices_history
52035147432985774092509040925165515760899062720939921734142361138587845236034,0xb215decbedd846168842f6e207f09bd5f50ce51d2191f238887d976ec21b6f66,1777197607,2026-04-26T10:00:07+00:00,0.0315,clob_prices_history
52035147432985774092509040925165515760899062720939921734142361138587845236034,0xb215decbedd846168842f6e207f09bd5f50ce51d2191f238887d976ec21b6f66,1777198504,2026-04-26T10:15:04+00:00,0.0315,clob_prices_history
52035147432985774092509040925165515760899062720939921734142361138587845236034,0xb215decbedd846168842f6e207f09bd5f50ce51d2191f238887d976ec21b6f66,1777199421,2026-04-26T10:30:21+00:00,0.0315,clob_prices_history
52035147432985774092509040925165515760899062720939921734142361138587845236034,0xb215decbedd846168842f6e207f09bd5f50ce51d2191f238887d976ec21b6f66,1777200304,2026-04-26T10:45:04+00:00,0.0315,clob_prices_history
52035147432985774092509040925165515760899062720939921734142361138587845236034,0xb215decbedd846168842f6e207f09bd5f50ce51d2191f238887d976ec21b6f66,1777201206,2026-04-26T11:00:06+00:00,0.0315,clob_prices_history
52035147432985774092509040925165515760899062720939921734142361138587845236034,0xb215decbedd846168842f6e207f09bd5f50ce51d2191f238887d976ec21b6f66,1777202104,2026-04-26T11:15:04+00:00,0.0315,clob_prices_history
52035147432985774092509040925165515760899062720939921734142361138587845236034,0xb215decbedd846168842f6e207f09bd5f50ce51d2191f238887d976ec21b6f66,1777203005,2026-04-26T11:30:05+00:00,0.0315,clob_prices_history
52035147432985774092509040925165515760899062720939921734142361138587845236034,0xb215decbedd846168842f6e207f09bd5f50ce51d2191f238887d976ec21b6f66,1777203904,2026-04-26T11:45:04+00:00,0.0315,clob_prices_history
52035147432985774092509040925165515760899062720939921734142361138587845236034,0xb215decbedd846168842f6e207f09bd5f50ce51d2191f238887d976ec21b6f66,1777204809,2026-04-26T12:00:09+00:00,0.0315,clob_prices_history
52035147432985774092509040925165515760899062720939921734142361138587845236034,0xb215decbedd846168842f6e207f09bd5f50ce51d2191f238887d976ec21b6f66,1777205707,2026-04-26T12:15:07+00:00,0.0315,clob_prices_history
52035147432985774092509040925165515760899062720939921734142361138587845236034,0xb215decbedd846168842f6e207f09bd5f50ce51d2191f238887d976ec21b6f66,1777206605,2026-04-26T12:30:05+00:00,0.0315,clob_prices_history
52035147432985774092509040925165515760899062720939921734142361138587845236034,0xb215decbedd846168842f6e207f09bd5f50ce51d2191f238887d976ec21b6f66,1777207518,2026-04-26T12:45:18+00:00,0.0315,clob_prices_history
52035147432985774092509040925165515760899062720939921734142361138587845236034,0xb215decbedd846168842f6e207f09bd5f50ce51d2191f238887d976ec21b6f66,1777208407,2026-04-26T13:00:07+00:00,0.0305,clob_prices_history
52035147432985774092509040925165515760899062720939921734142361138587845236034,0xb215decbedd846168842f6e207f09bd5f50ce51d2191f238887d976ec21b6f66,1777209304,2026-04-26T13:15:04+00:00,0.0305,clob_prices_history
52035147432985774092509040925165515760899062720939921734142361138587845236034,0xb215decbedd846168842f6e207f09bd5f50ce51d2191f238887d976ec21b6f66,1777210207,2026-04-26T13:30:07+00:00,0.0305,clob_prices_history
52035147432985774092509040925165515760899062720939921734142361138587845236034,0xb215decbedd846168842f6e207f09bd5f50ce51d2191f238887d976ec21b6f66,1777211105,2026-04-26T13:45:05+00:00,0.0305,clob_prices_history
52035147432985774092509040925165515760899062720939921734142361138587845236034,0xb215decbedd846168842f6e207f09bd5f50ce51d2191f238887d976ec21b6f66,1777212009,2026-04-26T14:00:09+00:00,0.0305,clob_prices_history
52035147432985774092509040925165515760899062720939921734142361138587845236034,0xb215decbedd846168842f6e207f09bd5f50ce51d2191f238887d976ec21b6f66,1777212904,2026-04-26T14:15:04+00:00,0.0305,clob_prices_history
52035147432985774092509040925165515760899062720939921734142361138587845236034,0xb215decbedd846168842f6e207f09bd5f50ce51d2191f238887d976ec21b6f66,1777213806,2026-04-26T14:30:06+00:00,0.0305,clob_prices_history
52035147432985774092509040925165515760899062720939921734142361138587845236034,0xb215decbedd846168842f6e207f09bd5f50ce51d2191f238887d976ec21b6f66,1777214706,2026-04-26T14:45:06+00:00,0.0305,clob_prices_history
52035147432985774092509040925165515760899062720939921734142361138587845236034,0xb215decbedd846168842f6e207f09bd5f50ce51d2191f238887d976ec21b6f66,1777215607,2026-04-26T15:00:07+00:00,0.0305,clob_prices_history
52035147432985774092509040925165515760899062720939921734142361138587845236034,0xb215decbedd846168842f6e207f09bd5f50ce51d2191f238887d976ec21b6f66,1777216521,2026-04-26T15:15:21+00:00,0.0305,clob_prices_history
52035147432985774092509040925165515760899062720939921734142361138587845236034,0xb215decbedd846168842f6e207f09bd5f50ce51d2191f238887d976ec21b6f66,1777217405,2026-04-26T15:30:05+00:00,0.0305,clob_prices_history
52035147432985774092509040925165515760899062720939921734142361138587845236034,0xb215decbedd846168842f6e207f09bd5f50ce51d2191f238887d976ec21b6f66,1777218305,2026-04-26T15:45:05+00:00,0.0305,clob_prices_history
52035147432985774092509040925165515760899062720939921734142361138587845236034,0xb215decbedd846168842f6e207f09bd5f50ce51d2191f238887d976ec21b6f66,1777219206,2026-04-26T16:00:06+00:00,0.0305,clob_prices_history
52035147432985774092509040925165515760899062720939921734142361138587845236034,0xb215decbedd846168842f6e207f09bd5f50ce51d2191f238887d976ec21b6f66,1777220105,2026-04-26T16:15:05+00:00,0.0305,clob_prices_history
52035147432985774092509040925165515760899062720939921734142361138587845236034,0xb215decbedd846168842f6e207f09bd5f50ce51d2191f238887d976ec21b6f66,1777221005,2026-04-26T16:30:05+00:00,0.0305,clob_prices_history
52035147432985774092509040925165515760899062720939921734142361138587845236034,0xb215decbedd846168842f6e207f09bd5f50ce51d2191f238887d976ec21b6f66,1777221905,2026-04-26T16:45:05+00:00,0.0305,clob_prices_history
52035147432985774092509040925165515760899062720939921734142361138587845236034,0xb215decbedd846168842f6e207f09bd5f50ce51d2191f238887d976ec21b6f66,1777222806,2026-04-26T17:00:06+00:00,0.0305,clob_prices_history
52035147432985774092509040925165515760899062720939921734142361138587845236034,0xb215decbedd846168842f6e207f09bd5f50ce51d2191f238887d976ec21b6f66,1777223707,2026-04-26T17:15:07+00:00,0.0305,clob_prices_history
52035147432985774092509040925165515760899062720939921734142361138587845236034,0xb215decbedd846168842f6e207f09bd5f50ce51d2191f238887d976ec21b6f66,1777224606,2026-04-26T17:30:06+00:00,0.0305,clob_prices_history
52035147432985774092509040925165515760899062720939921734142361138587845236034,0xb215decbedd846168842f6e207f09bd5f50ce51d2191f238887d976ec21b6f66,1777225520,2026-04-26T17:45:20+00:00,0.0305,clob_prices_history
52035147432985774092509040925165515760899062720939921734142361138587845236034,0xb215decbedd846168842f6e207f09bd5f50ce51d2191f238887d976ec21b6f66,1777226421,2026-04-26T18:00:21+00:00,0.0305,clob_prices_history
52035147432985774092509040925165515760899062720939921734142361138587845236034,0xb215decbedd846168842f6e207f09bd5f50ce51d2191f238887d976ec21b6f66,1777227307,2026-04-26T18:15:07+00:00,0.0305,clob_prices_history
52035147432985774092509040925165515760899062720939921734142361138587845236034,0xb215decbedd846168842f6e207f09bd5f50ce51d2191f238887d976ec21b6f66,1777228206,2026-04-26T18:30:06+00:00,0.0305,clob_prices_history
52035147432985774092509040925165515760899062720939921734142361138587845236034,0xb215decbedd846168842f6e207f09bd5f50ce51d2191f238887d976ec21b6f66,1777229106,2026-04-26T18:45:06+00:00,0.0305,clob_prices_history
52035147432985774092509040925165515760899062720939921734142361138587845236034,0xb215decbedd846168842f6e207f09bd5f50ce51d2191f238887d976ec21b6f66,1777230006,2026-04-26T19:00:06+00:00,0.0305,clob_prices_history
52035147432985774092509040925165515760899062720939921734142361138587845236034,0xb215decbedd846168842f6e207f09bd5f50ce51d2191f238887d976ec21b6f66,1777230905,2026-04-26T19:15:05+00:00,0.0305,clob_prices_history
52035147432985774092509040925165515760899062720939921734142361138587845236034,0xb215decbedd846168842f6e207f09bd5f50ce51d2191f238887d976ec21b6f66,1777231806,2026-04-26T19:30:06+00:00,0.0305,clob_prices_history
52035147432985774092509040925165515760899062720939921734142361138587845236034,0xb215decbedd846168842f6e207f09bd5f50ce51d2191f238887d976ec21b6f66,1777232707,2026-04-26T19:45:07+00:00,0.0305,clob_prices_history
52035147432985774092509040925165515760899062720939921734142361138587845236034,0xb215decbedd846168842f6e207f09bd5f50ce51d2191f238887d976ec21b6f66,1777233606,2026-04-26T20:00:06+00:00,0.0305,clob_prices_history
52035147432985774092509040925165515760899062720939921734142361138587845236034,0xb215decbedd846168842f6e207f09bd5f50ce51d2191f238887d976ec21b6f66,1777234506,2026-04-26T20:15:06+00:00,0.0305,clob_prices_history
52035147432985774092509040925165515760899062720939921734142361138587845236034,0xb215decbedd846168842f6e207f09bd5f50ce51d2191f238887d976ec21b6f66,1777235409,2026-04-26T20:30:09+00:00,0.0305,clob_prices_history
52035147432985774092509040925165515760899062720939921734142361138587845236034,0xb215decbedd846168842f6e207f09bd5f50ce51d2191f238887d976ec21b6f66,1777236305,2026-04-26T20:45:05+00:00,0.0305,clob_prices_history
52035147432985774092509040925165515760899062720939921734142361138587845236034,0xb215decbedd846168842f6e207f09bd5f50ce51d2191f238887d976ec21b6f66,1777237209,2026-04-26T21:00:09+00:00,0.0305,clob_prices_history
52035147432985774092509040925165515760899062720939921734142361138587845236034,0xb215decbedd846168842f6e207f09bd5f50ce51d2191f238887d976ec21b6f66,1777238105,2026-04-26T21:15:05+00:00,0.0305,clob_prices_history
52035147432985774092509040925165515760899062720939921734142361138587845236034,0xb215decbedd846168842f6e207f09bd5f50ce51d2191f238887d976ec21b6f66,1777239005,2026-04-26T21:30:05+00:00,0.0305,clob_prices_history
52035147432985774092509040925165515760899062720939921734142361138587845236034,0xb215decbedd846168842f6e207f09bd5f50ce51d2191f238887d976ec21b6f66,1777239920,2026-04-26T21:45:20+00:00,0.0305,clob_prices_history
52035147432985774092509040925165515760899062720939921734142361138587845236034,0xb215decbedd846168842f6e207f09bd5f50ce51d2191f238887d976ec21b6f66,1777240806,2026-04-26T22:00:06+00:00,0.0305,clob_prices_history
52035147432985774092509040925165515760899062720939921734142361138587845236034,0xb215decbedd846168842f6e207f09bd5f50ce51d2191f238887d976ec21b6f66,1777241706,2026-04-26T22:15:06+00:00,0.0305,clob_prices_history
52035147432985774092509040925165515760899062720939921734142361138587845236034,0xb215decbedd846168842f6e207f09bd5f50ce51d2191f238887d976ec21b6f66,1777242604,2026-04-26T22:30:04+00:00,0.0305,clob_prices_history
52035147432985774092509040925165515760899062720939921734142361138587845236034,0xb215decbedd846168842f6e207f09bd5f50ce51d2191f238887d976ec21b6f66,1777243504,2026-04-26T22:45:04+00:00,0.0305,clob_prices_history
52035147432985774092509040925165515760899062720939921734142361138587845236034,0xb215decbedd846168842f6e207f09bd5f50ce51d2191f238887d976ec21b6f66,1777244404,2026-04-26T23:00:04+00:00,0.0305,clob_prices_history
52035147432985774092509040925165515760899062720939921734142361138587845236034,0xb215decbedd846168842f6e207f09bd5f50ce51d2191f238887d976ec21b6f66,1777245305,2026-04-26T23:15:05+00:00,0.0305,clob_prices_history
52035147432985774092509040925165515760899062720939921734142361138587845236034,0xb215decbedd846168842f6e207f09bd5f50ce51d2191f238887d976ec21b6f66,1777246207,2026-04-26T23:30:07+00:00,0.0305,clob_prices_history
52035147432985774092509040925165515760899062720939921734142361138587845236034,0xb215decbedd846168842f6e207f09bd5f50ce51d2191f238887d976ec21b6f66,1777247104,2026-04-26T23:45:04+00:00,0.0305,clob_prices_history
52035147432985774092509040925165515760899062720939921734142361138587845236034,0xb215decbedd846168842f6e207f09bd5f50ce51d2191f238887d976ec21b6f66,1777248008,2026-04-27T00:00:08+00:00,0.0305,clob_prices_history
52035147432985774092509040925165515760899062720939921734142361138587845236034,0xb215decbedd846168842f6e207f09bd5f50ce51d2191f238887d976ec21b6f66,1777248917,2026-04-27T00:15:17+00:00,0.0305,clob_prices_history
52035147432985774092509040925165515760899062720939921734142361138587845236034,0xb215decbedd846168842f6e207f09bd5f50ce51d2191f238887d976ec21b6f66,1777249805,2026-04-27T00:30:05+00:00,0.0305,clob_prices_history
52035147432985774092509040925165515760899062720939921734142361138587845236034,0xb215decbedd846168842f6e207f09bd5f50ce51d2191f238887d976ec21b6f66,1777250704,2026-04-27T00:45:04+00:00,0.0305,clob_prices_history
52035147432985774092509040925165515760899062720939921734142361138587845236034,0xb215decbedd846168842f6e207f09bd5f50ce51d2191f238887d976ec21b6f66,1777251604,2026-04-27T01:00:04+00:00,0.0305,clob_prices_history
52035147432985774092509040925165515760899062720939921734142361138587845236034,0xb215decbedd846168842f6e207f09bd5f50ce51d2191f238887d976ec21b6f66,1777252503,2026-04-27T01:15:03+00:00,0.0305,clob_prices_history
52035147432985774092509040925165515760899062720939921734142361138587845236034,0xb215decbedd846168842f6e207f09bd5f50ce51d2191f238887d976ec21b6f66,1777253405,2026-04-27T01:30:05+00:00,0.0305,clob_prices_history
52035147432985774092509040925165515760899062720939921734142361138587845236034,0xb215decbedd846168842f6e207f09bd5f50ce51d2191f238887d976ec21b6f66,1777254306,2026-04-27T01:45:06+00:00,0.0305,clob_prices_history
52035147432985774092509040925165515760899062720939921734142361138587845236034,0xb215decbedd846168842f6e207f09bd5f50ce51d2191f238887d976ec21b6f66,1777255205,2026-04-27T02:00:05+00:00,0.0305,clob_prices_history
52035147432985774092509040925165515760899062720939921734142361138587845236034,0xb215decbedd846168842f6e207f09bd5f50ce51d2191f238887d976ec21b6f66,1777256104,2026-04-27T02:15:04+00:00,0.0305,clob_prices_history
52035147432985774092509040925165515760899062720939921734142361138587845236034,0xb215decbedd846168842f6e207f09bd5f50ce51d2191f238887d976ec21b6f66,1777257007,2026-04-27T02:30:07+00:00,0.0305,clob_prices_history
52035147432985774092509040925165515760899062720939921734142361138587845236034,0xb215decbedd846168842f6e207f09bd5f50ce51d2191f238887d976ec21b6f66,1777257904,2026-04-27T02:45:04+00:00,0.0305,clob_prices_history
52035147432985774092509040925165515760899062720939921734142361138587845236034,0xb215decbedd846168842f6e207f09bd5f50ce51d2191f238887d976ec21b6f66,1777258808,2026-04-27T03:00:08+00:00,0.0305,clob_prices_history
52035147432985774092509040925165515760899062720939921734142361138587845236034,0xb215decbedd846168842f6e207f09bd5f50ce51d2191f238887d976ec21b6f66,1777259704,2026-04-27T03:15:04+00:00,0.0305,clob_prices_history
52035147432985774092509040925165515760899062720939921734142361138587845236034,0xb215decbedd846168842f6e207f09bd5f50ce51d2191f238887d976ec21b6f66,1777260604,2026-04-27T03:30:04+00:00,0.0305,clob_prices_history
52035147432985774092509040925165515760899062720939921734142361138587845236034,0xb215decbedd846168842f6e207f09bd5f50ce51d2191f238887d976ec21b6f66,1777261504,2026-04-27T03:45:04+00:00,0.0305,clob_prices_history
52035147432985774092509040925165515760899062720939921734142361138587845236034,0xb215decbedd846168842f6e207f09bd5f50ce51d2191f238887d976ec21b6f66,1777262407,2026-04-27T04:00:07+00:00,0.0305,clob_prices_history
52035147432985774092509040925165515760899062720939921734142361138587845236034,0xb215decbedd846168842f6e207f09bd5f50ce51d2191f238887d976ec21b6f66,1777263305,2026-04-27T04:15:05+00:00,0.0305,clob_prices_history
52035147432985774092509040925165515760899062720939921734142361138587845236034,0xb215decbedd846168842f6e207f09bd5f50ce51d2191f238887d976ec21b6f66,1777264206,2026-04-27T04:30:06+00:00,0.0305,clob_prices_history
52035147432985774092509040925165515760899062720939921734142361138587845236034,0xb215decbedd846168842f6e207f09bd5f50ce51d2191f238887d976ec21b6f66,1777265119,2026-04-27T04:45:19+00:00,0.0305,clob_prices_history
52035147432985774092509040925165515760899062720939921734142361138587845236034,0xb215decbedd846168842f6e207f09bd5f50ce51d2191f238887d976ec21b6f66,1777266007,2026-04-27T05:00:07+00:00,0.0305,clob_prices_history
52035147432985774092509040925165515760899062720939921734142361138587845236034,0xb215decbedd846168842f6e207f09bd5f50ce51d2191f238887d976ec21b6f66,1777266904,2026-04-27T05:15:04+00:00,0.0305,clob_prices_history
52035147432985774092509040925165515760899062720939921734142361138587845236034,0xb215decbedd846168842f6e207f09bd5f50ce51d2191f238887d976ec21b6f66,1777267808,2026-04-27T05:30:08+00:00,0.0305,clob_prices_history
52035147432985774092509040925165515760899062720939921734142361138587845236034,0xb215decbedd846168842f6e207f09bd5f50ce51d2191f238887d976ec21b6f66,1777268705,2026-04-27T05:45:05+00:00,0.0305,clob_prices_history
52035147432985774092509040925165515760899062720939921734142361138587845236034,0xb215decbedd846168842f6e207f09bd5f50ce51d2191f238887d976ec21b6f66,1777269607,2026-04-27T06:00:07+00:00,0.0305,clob_prices_history
52035147432985774092509040925165515760899062720939921734142361138587845236034,0xb215decbedd846168842f6e207f09bd5f50ce51d2191f238887d976ec21b6f66,1777270504,2026-04-27T06:15:04+00:00,0.0305,clob_prices_history
52035147432985774092509040925165515760899062720939921734142361138587845236034,0xb215decbedd846168842f6e207f09bd5f50ce51d2191f238887d976ec21b6f66,1777271407,2026-04-27T06:30:07+00:00,0.0305,clob_prices_history
52035147432985774092509040925165515760899062720939921734142361138587845236034,0xb215decbedd846168842f6e207f09bd5f50ce51d2191f238887d976ec21b6f66,1777272304,2026-04-27T06:45:04+00:00,0.0305,clob_prices_history
52035147432985774092509040925165515760899062720939921734142361138587845236034,0xb215decbedd846168842f6e207f09bd5f50ce51d2191f238887d976ec21b6f66,1777273206,2026-04-27T07:00:06+00:00,0.0305,clob_prices_history
52035147432985774092509040925165515760899062720939921734142361138587845236034,0xb215decbedd846168842f6e207f09bd5f50ce51d2191f238887d976ec21b6f66,1777274106,2026-04-27T07:15:06+00:00,0.0305,clob_prices_history
52035147432985774092509040925165515760899062720939921734142361138587845236034,0xb215decbedd846168842f6e207f09bd5f50ce51d2191f238887d976ec21b6f66,1777275004,2026-04-27T07:30:04+00:00,0.0315,clob_prices_history
52035147432985774092509040925165515760899062720939921734142361138587845236034,0xb215decbedd846168842f6e207f09bd5f50ce51d2191f238887d976ec21b6f66,1777275904,2026-04-27T07:45:04+00:00,0.0315,clob_prices_history
52035147432985774092509040925165515760899062720939921734142361138587845236034,0xb215decbedd846168842f6e207f09bd5f50ce51d2191f238887d976ec21b6f66,1777276818,2026-04-27T08:00:18+00:00,0.0315,clob_prices_history
52035147432985774092509040925165515760899062720939921734142361138587845236034,0xb215decbedd846168842f6e207f09bd5f50ce51d2191f238887d976ec21b6f66,1777277705,2026-04-27T08:15:05+00:00,0.0315,clob_prices_history
52035147432985774092509040925165515760899062720939921734142361138587845236034,0xb215decbedd846168842f6e207f09bd5f50ce51d2191f238887d976ec21b6f66,1777278606,2026-04-27T08:30:06+00:00,0.0315,clob_prices_history
52035147432985774092509040925165515760899062720939921734142361138587845236034,0xb215decbedd846168842f6e207f09bd5f50ce51d2191f238887d976ec21b6f66,1777279504,2026-04-27T08:45:04+00:00,0.0315,clob_prices_history
52035147432985774092509040925165515760899062720939921734142361138587845236034,0xb215decbedd846168842f6e207f09bd5f50ce51d2191f238887d976ec21b6f66,1777280407,2026-04-27T09:00:07+00:00,0.0315,clob_prices_history
52035147432985774092509040925165515760899062720939921734142361138587845236034,0xb215decbedd846168842f6e207f09bd5f50ce51d2191f238887d976ec21b6f66,1777281305,2026-04-27T09:15:05+00:00,0.0315,clob_prices_history
52035147432985774092509040925165515760899062720939921734142361138587845236034,0xb215decbedd846168842f6e207f09bd5f50ce51d2191f238887d976ec21b6f66,1777282206,2026-04-27T09:30:06+00:00,0.0315,clob_prices_history
52035147432985774092509040925165515760899062720939921734142361138587845236034,0xb215decbedd846168842f6e207f09bd5f50ce51d2191f238887d976ec21b6f66,1777283116,2026-04-27T09:45:16+00:00,0.0315,clob_prices_history
52035147432985774092509040925165515760899062720939921734142361138587845236034,0xb215decbedd846168842f6e207f09bd5f50ce51d2191f238887d976ec21b6f66,1777284005,2026-04-27T10:00:05+00:00,0.0315,clob_prices_history
52035147432985774092509040925165515760899062720939921734142361138587845236034,0xb215decbedd846168842f6e207f09bd5f50ce51d2191f238887d976ec21b6f66,1777284903,2026-04-27T10:15:03+00:00,0.0315,clob_prices_history
52035147432985774092509040925165515760899062720939921734142361138587845236034,0xb215decbedd846168842f6e207f09bd5f50ce51d2191f238887d976ec21b6f66,1777285806,2026-04-27T10:30:06+00:00,0.0315,clob_prices_history
52035147432985774092509040925165515760899062720939921734142361138587845236034,0xb215decbedd846168842f6e207f09bd5f50ce51d2191f238887d976ec21b6f66,1777286704,2026-04-27T10:45:04+00:00,0.0315,clob_prices_history
52035147432985774092509040925165515760899062720939921734142361138587845236034,0xb215decbedd846168842f6e207f09bd5f50ce51d2191f238887d976ec21b6f66,1777287604,2026-04-27T11:00:04+00:00,0.0315,clob_prices_history
52035147432985774092509040925165515760899062720939921734142361138587845236034,0xb215decbedd846168842f6e207f09bd5f50ce51d2191f238887d976ec21b6f66,1777288505,2026-04-27T11:15:05+00:00,0.0315,clob_prices_history
52035147432985774092509040925165515760899062720939921734142361138587845236034,0xb215decbedd846168842f6e207f09bd5f50ce51d2191f238887d976ec21b6f66,1777289406,2026-04-27T11:30:06+00:00,0.0315,clob_prices_history
52035147432985774092509040925165515760899062720939921734142361138587845236034,0xb215decbedd846168842f6e207f09bd5f50ce51d2191f238887d976ec21b6f66,1777290304,2026-04-27T11:45:04+00:00,0.0315,clob_prices_history
52035147432985774092509040925165515760899062720939921734142361138587845236034,0xb215decbedd846168842f6e207f09bd5f50ce51d2191f238887d976ec21b6f66,1777291220,2026-04-27T12:00:20+00:00,0.0315,clob_prices_history
52035147432985774092509040925165515760899062720939921734142361138587845236034,0xb215decbedd846168842f6e207f09bd5f50ce51d2191f238887d976ec21b6f66,1777292104,2026-04-27T12:15:04+00:00,0.0315,clob_prices_history
52035147432985774092509040925165515760899062720939921734142361138587845236034,0xb215decbedd846168842f6e207f09bd5f50ce51d2191f238887d976ec21b6f66,1777293008,2026-04-27T12:30:08+00:00,0.0315,clob_prices_history
52035147432985774092509040925165515760899062720939921734142361138587845236034,0xb215decbedd846168842f6e207f09bd5f50ce51d2191f238887d976ec21b6f66,1777293917,2026-04-27T12:45:17+00:00,0.0315,clob_prices_history
52035147432985774092509040925165515760899062720939921734142361138587845236034,0xb215decbedd846168842f6e207f09bd5f50ce51d2191f238887d976ec21b6f66,1777294807,2026-04-27T13:00:07+00:00,0.0315,clob_prices_history
52035147432985774092509040925165515760899062720939921734142361138587845236034,0xb215decbedd846168842f6e207f09bd5f50ce51d2191f238887d976ec21b6f66,1777295703,2026-04-27T13:15:03+00:00,0.0315,clob_prices_history
52035147432985774092509040925165515760899062720939921734142361138587845236034,0xb215decbedd846168842f6e207f09bd5f50ce51d2191f238887d976ec21b6f66,1777296621,2026-04-27T13:30:21+00:00,0.0315,clob_prices_history
52035147432985774092509040925165515760899062720939921734142361138587845236034,0xb215decbedd846168842f6e207f09bd5f50ce51d2191f238887d976ec21b6f66,1777297505,2026-04-27T13:45:05+00:00,0.0315,clob_prices_history
52035147432985774092509040925165515760899062720939921734142361138587845236034,0xb215decbedd846168842f6e207f09bd5f50ce51d2191f238887d976ec21b6f66,1777298406,2026-04-27T14:00:06+00:00,0.0315,clob_prices_history
52035147432985774092509040925165515760899062720939921734142361138587845236034,0xb215decbedd846168842f6e207f09bd5f50ce51d2191f238887d976ec21b6f66,1777299307,2026-04-27T14:15:07+00:00,0.0315,clob_prices_history
52035147432985774092509040925165515760899062720939921734142361138587845236034,0xb215decbedd846168842f6e207f09bd5f50ce51d2191f238887d976ec21b6f66,1777300206,2026-04-27T14:30:06+00:00,0.0315,clob_prices_history
52035147432985774092509040925165515760899062720939921734142361138587845236034,0xb215decbedd846168842f6e207f09bd5f50ce51d2191f238887d976ec21b6f66,1777301105,2026-04-27T14:45:05+00:00,0.0315,clob_prices_history
52035147432985774092509040925165515760899062720939921734142361138587845236034,0xb215decbedd846168842f6e207f09bd5f50ce51d2191f238887d976ec21b6f66,1777302009,2026-04-27T15:00:09+00:00,0.0315,clob_prices_history
52035147432985774092509040925165515760899062720939921734142361138587845236034,0xb215decbedd846168842f6e207f09bd5f50ce51d2191f238887d976ec21b6f66,1777302904,2026-04-27T15:15:04+00:00,0.0315,clob_prices_history
52035147432985774092509040925165515760899062720939921734142361138587845236034,0xb215decbedd846168842f6e207f09bd5f50ce51d2191f238887d976ec21b6f66,1777303807,2026-04-27T15:30:07+00:00,0.0315,clob_prices_history
52035147432985774092509040925165515760899062720939921734142361138587845236034,0xb215decbedd846168842f6e207f09bd5f50ce51d2191f238887d976ec21b6f66,1777304705,2026-04-27T15:45:05+00:00,0.0315,clob_prices_history
52035147432985774092509040925165515760899062720939921734142361138587845236034,0xb215decbedd846168842f6e207f09bd5f50ce51d2191f238887d976ec21b6f66,1777305608,2026-04-27T16:00:08+00:00,0.0315,clob_prices_history
52035147432985774092509040925165515760899062720939921734142361138587845236034,0xb215decbedd846168842f6e207f09bd5f50ce51d2191f238887d976ec21b6f66,1777306507,2026-04-27T16:15:07+00:00,0.0315,clob_prices_history
52035147432985774092509040925165515760899062720939921734142361138587845236034,0xb215decbedd846168842f6e207f09bd5f50ce51d2191f238887d976ec21b6f66,1777307421,2026-04-27T16:30:21+00:00,0.0315,clob_prices_history
52035147432985774092509040925165515760899062720939921734142361138587845236034,0xb215decbedd846168842f6e207f09bd5f50ce51d2191f238887d976ec21b6f66,1777308307,2026-04-27T16:45:07+00:00,0.0315,clob_prices_history
52035147432985774092509040925165515760899062720939921734142361138587845236034,0xb215decbedd846168842f6e207f09bd5f50ce51d2191f238887d976ec21b6f66,1777309208,2026-04-27T17:00:08+00:00,0.0315,clob_prices_history
52035147432985774092509040925165515760899062720939921734142361138587845236034,0xb215decbedd846168842f6e207f09bd5f50ce51d2191f238887d976ec21b6f66,1777310106,2026-04-27T17:15:06+00:00,0.0315,clob_prices_history
52035147432985774092509040925165515760899062720939921734142361138587845236034,0xb215decbedd846168842f6e207f09bd5f50ce51d2191f238887d976ec21b6f66,1777311008,2026-04-27T17:30:08+00:00,0.0315,clob_prices_history
52035147432985774092509040925165515760899062720939921734142361138587845236034,0xb215decbedd846168842f6e207f09bd5f50ce51d2191f238887d976ec21b6f66,1777311906,2026-04-27T17:45:06+00:00,0.0315,clob_prices_history
52035147432985774092509040925165515760899062720939921734142361138587845236034,0xb215decbedd846168842f6e207f09bd5f50ce51d2191f238887d976ec21b6f66,1777312820,2026-04-27T18:00:20+00:00,0.0315,clob_prices_history
52035147432985774092509040925165515760899062720939921734142361138587845236034,0xb215decbedd846168842f6e207f09bd5f50ce51d2191f238887d976ec21b6f66,1777313704,2026-04-27T18:15:04+00:00,0.0315,clob_prices_history
52035147432985774092509040925165515760899062720939921734142361138587845236034,0xb215decbedd846168842f6e207f09bd5f50ce51d2191f238887d976ec21b6f66,1777314609,2026-04-27T18:30:09+00:00,0.0315,clob_prices_history
52035147432985774092509040925165515760899062720939921734142361138587845236034,0xb215decbedd846168842f6e207f09bd5f50ce51d2191f238887d976ec21b6f66,1777315505,2026-04-27T18:45:05+00:00,0.0315,clob_prices_history
52035147432985774092509040925165515760899062720939921734142361138587845236034,0xb215decbedd846168842f6e207f09bd5f50ce51d2191f238887d976ec21b6f66,1777316420,2026-04-27T19:00:20+00:00,0.0315,clob_prices_history
52035147432985774092509040925165515760899062720939921734142361138587845236034,0xb215decbedd846168842f6e207f09bd5f50ce51d2191f238887d976ec21b6f66,1777317304,2026-04-27T19:15:04+00:00,0.0315,clob_prices_history
52035147432985774092509040925165515760899062720939921734142361138587845236034,0xb215decbedd846168842f6e207f09bd5f50ce51d2191f238887d976ec21b6f66,1777318206,2026-04-27T19:30:06+00:00,0.0315,clob_prices_history
52035147432985774092509040925165515760899062720939921734142361138587845236034,0xb215decbedd846168842f6e207f09bd5f50ce51d2191f238887d976ec21b6f66,1777319105,2026-04-27T19:45:05+00:00,0.0315,clob_prices_history
52035147432985774092509040925165515760899062720939921734142361138587845236034,0xb215decbedd846168842f6e207f09bd5f50ce51d2191f238887d976ec21b6f66,1777320009,2026-04-27T20:00:09+00:00,0.0315,clob_prices_history
52035147432985774092509040925165515760899062720939921734142361138587845236034,0xb215decbedd846168842f6e207f09bd5f50ce51d2191f238887d976ec21b6f66,1777320905,2026-04-27T20:15:05+00:00,0.0315,clob_prices_history
52035147432985774092509040925165515760899062720939921734142361138587845236034,0xb215decbedd846168842f6e207f09bd5f50ce51d2191f238887d976ec21b6f66,1777321808,2026-04-27T20:30:08+00:00,0.0315,clob_prices_history
52035147432985774092509040925165515760899062720939921734142361138587845236034,0xb215decbedd846168842f6e207f09bd5f50ce51d2191f238887d976ec21b6f66,1777322706,2026-04-27T20:45:06+00:00,0.0315,clob_prices_history
52035147432985774092509040925165515760899062720939921734142361138587845236034,0xb215decbedd846168842f6e207f09bd5f50ce51d2191f238887d976ec21b6f66,1777323622,2026-04-27T21:00:22+00:00,0.0315,clob_prices_history
52035147432985774092509040925165515760899062720939921734142361138587845236034,0xb215decbedd846168842f6e207f09bd5f50ce51d2191f238887d976ec21b6f66,1777324505,2026-04-27T21:15:05+00:00,0.0315,clob_prices_history
52035147432985774092509040925165515760899062720939921734142361138587845236034,0xb215decbedd846168842f6e207f09bd5f50ce51d2191f238887d976ec21b6f66,1777325406,2026-04-27T21:30:06+00:00,0.0315,clob_prices_history
52035147432985774092509040925165515760899062720939921734142361138587845236034,0xb215decbedd846168842f6e207f09bd5f50ce51d2191f238887d976ec21b6f66,1777326305,2026-04-27T21:45:05+00:00,0.0315,clob_prices_history
52035147432985774092509040925165515760899062720939921734142361138587845236034,0xb215decbedd846168842f6e207f09bd5f50ce51d2191f238887d976ec21b6f66,1777327206,2026-04-27T22:00:06+00:00,0.0315,clob_prices_history
52035147432985774092509040925165515760899062720939921734142361138587845236034,0xb215decbedd846168842f6e207f09bd5f50ce51d2191f238887d976ec21b6f66,1777328108,2026-04-27T22:15:08+00:00,0.0315,clob_prices_history
52035147432985774092509040925165515760899062720939921734142361138587845236034,0xb215decbedd846168842f6e207f09bd5f50ce51d2191f238887d976ec21b6f66,1777329007,2026-04-27T22:30:07+00:00,0.0315,clob_prices_history
52035147432985774092509040925165515760899062720939921734142361138587845236034,0xb215decbedd846168842f6e207f09bd5f50ce51d2191f238887d976ec21b6f66,1777329905,2026-04-27T22:45:05+00:00,0.0315,clob_prices_history
52035147432985774092509040925165515760899062720939921734142361138587845236034,0xb215decbedd846168842f6e207f09bd5f50ce51d2191f238887d976ec21b6f66,1777330805,2026-04-27T23:00:05+00:00,0.0315,clob_prices_history
52035147432985774092509040925165515760899062720939921734142361138587845236034,0xb215decbedd846168842f6e207f09bd5f50ce51d2191f238887d976ec21b6f66,1777331706,2026-04-27T23:15:06+00:00,0.0315,clob_prices_history
52035147432985774092509040925165515760899062720939921734142361138587845236034,0xb215decbedd846168842f6e207f09bd5f50ce51d2191f238887d976ec21b6f66,1777332606,2026-04-27T23:30:06+00:00,0.0315,clob_prices_history
52035147432985774092509040925165515760899062720939921734142361138587845236034,0xb215decbedd846168842f6e207f09bd5f50ce51d2191f238887d976ec21b6f66,1777333506,2026-04-27T23:45:06+00:00,0.0315,clob_prices_history
52035147432985774092509040925165515760899062720939921734142361138587845236034,0xb215decbedd846168842f6e207f09bd5f50ce51d2191f238887d976ec21b6f66,1777334409,2026-04-28T00:00:09+00:00,0.0315,clob_prices_history
52035147432985774092509040925165515760899062720939921734142361138587845236034,0xb215decbedd846168842f6e207f09bd5f50ce51d2191f238887d976ec21b6f66,1777335306,2026-04-28T00:15:06+00:00,0.0315,clob_prices_history
52035147432985774092509040925165515760899062720939921734142361138587845236034,0xb215decbedd846168842f6e207f09bd5f50ce51d2191f238887d976ec21b6f66,1777336219,2026-04-28T00:30:19+00:00,0.0315,clob_prices_history
52035147432985774092509040925165515760899062720939921734142361138587845236034,0xb215decbedd846168842f6e207f09bd5f50ce51d2191f238887d976ec21b6f66,1777337103,2026-04-28T00:45:03+00:00,0.0315,clob_prices_history
52035147432985774092509040925165515760899062720939921734142361138587845236034,0xb215decbedd846168842f6e207f09bd5f50ce51d2191f238887d976ec21b6f66,1777338006,2026-04-28T01:00:06+00:00,0.0315,clob_prices_history
52035147432985774092509040925165515760899062720939921734142361138587845236034,0xb215decbedd846168842f6e207f09bd5f50ce51d2191f238887d976ec21b6f66,1777338903,2026-04-28T01:15:03+00:00,0.0315,clob_prices_history
52035147432985774092509040925165515760899062720939921734142361138587845236034,0xb215decbedd846168842f6e207f09bd5f50ce51d2191f238887d976ec21b6f66,1777339807,2026-04-28T01:30:07+00:00,0.0315,clob_prices_history
52035147432985774092509040925165515760899062720939921734142361138587845236034,0xb215decbedd846168842f6e207f09bd5f50ce51d2191f238887d976ec21b6f66,1777340705,2026-04-28T01:45:05+00:00,0.0315,clob_prices_history
52035147432985774092509040925165515760899062720939921734142361138587845236034,0xb215decbedd846168842f6e207f09bd5f50ce51d2191f238887d976ec21b6f66,1777341606,2026-04-28T02:00:06+00:00,0.0315,clob_prices_history
52035147432985774092509040925165515760899062720939921734142361138587845236034,0xb215decbedd846168842f6e207f09bd5f50ce51d2191f238887d976ec21b6f66,1777342504,2026-04-28T02:15:04+00:00,0.0315,clob_prices_history
52035147432985774092509040925165515760899062720939921734142361138587845236034,0xb215decbedd846168842f6e207f09bd5f50ce51d2191f238887d976ec21b6f66,1777343406,2026-04-28T02:30:06+00:00,0.0315,clob_prices_history
52035147432985774092509040925165515760899062720939921734142361138587845236034,0xb215decbedd846168842f6e207f09bd5f50ce51d2191f238887d976ec21b6f66,1777344303,2026-04-28T02:45:03+00:00,0.0315,clob_prices_history
52035147432985774092509040925165515760899062720939921734142361138587845236034,0xb215decbedd846168842f6e207f09bd5f50ce51d2191f238887d976ec21b6f66,1777345206,2026-04-28T03:00:06+00:00,0.0315,clob_prices_history
52035147432985774092509040925165515760899062720939921734142361138587845236034,0xb215decbedd846168842f6e207f09bd5f50ce51d2191f238887d976ec21b6f66,1777346105,2026-04-28T03:15:05+00:00,0.0315,clob_prices_history
52035147432985774092509040925165515760899062720939921734142361138587845236034,0xb215decbedd846168842f6e207f09bd5f50ce51d2191f238887d976ec21b6f66,1777347006,2026-04-28T03:30:06+00:00,0.0315,clob_prices_history
52035147432985774092509040925165515760899062720939921734142361138587845236034,0xb215decbedd846168842f6e207f09bd5f50ce51d2191f238887d976ec21b6f66,1777347904,2026-04-28T03:45:04+00:00,0.0315,clob_prices_history
52035147432985774092509040925165515760899062720939921734142361138587845236034,0xb215decbedd846168842f6e207f09bd5f50ce51d2191f238887d976ec21b6f66,1777348809,2026-04-28T04:00:09+00:00,0.0315,clob_prices_history
52035147432985774092509040925165515760899062720939921734142361138587845236034,0xb215decbedd846168842f6e207f09bd5f50ce51d2191f238887d976ec21b6f66,1777349704,2026-04-28T04:15:04+00:00,0.0315,clob_prices_history
52035147432985774092509040925165515760899062720939921734142361138587845236034,0xb215decbedd846168842f6e207f09bd5f50ce51d2191f238887d976ec21b6f66,1777350604,2026-04-28T04:30:04+00:00,0.0315,clob_prices_history
52035147432985774092509040925165515760899062720939921734142361138587845236034,0xb215decbedd846168842f6e207f09bd5f50ce51d2191f238887d976ec21b6f66,1777351503,2026-04-28T04:45:03+00:00,0.0315,clob_prices_history
52035147432985774092509040925165515760899062720939921734142361138587845236034,0xb215decbedd846168842f6e207f09bd5f50ce51d2191f238887d976ec21b6f66,1777352405,2026-04-28T05:00:05+00:00,0.0315,clob_prices_history
52035147432985774092509040925165515760899062720939921734142361138587845236034,0xb215decbedd846168842f6e207f09bd5f50ce51d2191f238887d976ec21b6f66,1777353304,2026-04-28T05:15:04+00:00,0.0315,clob_prices_history
52035147432985774092509040925165515760899062720939921734142361138587845236034,0xb215decbedd846168842f6e207f09bd5f50ce51d2191f238887d976ec21b6f66,1777354205,2026-04-28T05:30:05+00:00,0.0315,clob_prices_history
52035147432985774092509040925165515760899062720939921734142361138587845236034,0xb215decbedd846168842f6e207f09bd5f50ce51d2191f238887d976ec21b6f66,1777355104,2026-04-28T05:45:04+00:00,0.0315,clob_prices_history
52035147432985774092509040925165515760899062720939921734142361138587845236034,0xb215decbedd846168842f6e207f09bd5f50ce51d2191f238887d976ec21b6f66,1777356006,2026-04-28T06:00:06+00:00,0.0315,clob_prices_history
52035147432985774092509040925165515760899062720939921734142361138587845236034,0xb215decbedd846168842f6e207f09bd5f50ce51d2191f238887d976ec21b6f66,1777356903,2026-04-28T06:15:03+00:00,0.0315,clob_prices_history
52035147432985774092509040925165515760899062720939921734142361138587845236034,0xb215decbedd846168842f6e207f09bd5f50ce51d2191f238887d976ec21b6f66,1777357804,2026-04-28T06:30:04+00:00,0.0315,clob_prices_history
52035147432985774092509040925165515760899062720939921734142361138587845236034,0xb215decbedd846168842f6e207f09bd5f50ce51d2191f238887d976ec21b6f66,1777358703,2026-04-28T06:45:03+00:00,0.0315,clob_prices_history
52035147432985774092509040925165515760899062720939921734142361138587845236034,0xb215decbedd846168842f6e207f09bd5f50ce51d2191f238887d976ec21b6f66,1777359619,2026-04-28T07:00:19+00:00,0.0315,clob_prices_history
52035147432985774092509040925165515760899062720939921734142361138587845236034,0xb215decbedd846168842f6e207f09bd5f50ce51d2191f238887d976ec21b6f66,1777360504,2026-04-28T07:15:04+00:00,0.0315,clob_prices_history
52035147432985774092509040925165515760899062720939921734142361138587845236034,0xb215decbedd846168842f6e207f09bd5f50ce51d2191f238887d976ec21b6f66,1777361405,2026-04-28T07:30:05+00:00,0.0315,clob_prices_history
52035147432985774092509040925165515760899062720939921734142361138587845236034,0xb215decbedd846168842f6e207f09bd5f50ce51d2191f238887d976ec21b6f66,1777362304,2026-04-28T07:45:04+00:00,0.0315,clob_prices_history
52035147432985774092509040925165515760899062720939921734142361138587845236034,0xb215decbedd846168842f6e207f09bd5f50ce51d2191f238887d976ec21b6f66,1777363205,2026-04-28T08:00:05+00:00,0.0315,clob_prices_history
52035147432985774092509040925165515760899062720939921734142361138587845236034,0xb215decbedd846168842f6e207f09bd5f50ce51d2191f238887d976ec21b6f66,1777364106,2026-04-28T08:15:06+00:00,0.0315,clob_prices_history
52035147432985774092509040925165515760899062720939921734142361138587845236034,0xb215decbedd846168842f6e207f09bd5f50ce51d2191f238887d976ec21b6f66,1777365005,2026-04-28T08:30:05+00:00,0.0315,clob_prices_history
52035147432985774092509040925165515760899062720939921734142361138587845236034,0xb215decbedd846168842f6e207f09bd5f50ce51d2191f238887d976ec21b6f66,1777365904,2026-04-28T08:45:04+00:00,0.0315,clob_prices_history
52035147432985774092509040925165515760899062720939921734142361138587845236034,0xb215decbedd846168842f6e207f09bd5f50ce51d2191f238887d976ec21b6f66,1777366810,2026-04-28T09:00:10+00:00,0.0315,clob_prices_history
52035147432985774092509040925165515760899062720939921734142361138587845236034,0xb215decbedd846168842f6e207f09bd5f50ce51d2191f238887d976ec21b6f66,1777367703,2026-04-28T09:15:03+00:00,0.0315,clob_prices_history
52035147432985774092509040925165515760899062720939921734142361138587845236034,0xb215decbedd846168842f6e207f09bd5f50ce51d2191f238887d976ec21b6f66,1777368605,2026-04-28T09:30:05+00:00,0.0315,clob_prices_history
52035147432985774092509040925165515760899062720939921734142361138587845236034,0xb215decbedd846168842f6e207f09bd5f50ce51d2191f238887d976ec21b6f66,1777369519,2026-04-28T09:45:19+00:00,0.0315,clob_prices_history
52035147432985774092509040925165515760899062720939921734142361138587845236034,0xb215decbedd846168842f6e207f09bd5f50ce51d2191f238887d976ec21b6f66,1777370404,2026-04-28T10:00:04+00:00,0.0325,clob_prices_history
52035147432985774092509040925165515760899062720939921734142361138587845236034,0xb215decbedd846168842f6e207f09bd5f50ce51d2191f238887d976ec21b6f66,1777371305,2026-04-28T10:15:05+00:00,0.0325,clob_prices_history
52035147432985774092509040925165515760899062720939921734142361138587845236034,0xb215decbedd846168842f6e207f09bd5f50ce51d2191f238887d976ec21b6f66,1777372218,2026-04-28T10:30:18+00:00,0.0325,clob_prices_history
52035147432985774092509040925165515760899062720939921734142361138587845236034,0xb215decbedd846168842f6e207f09bd5f50ce51d2191f238887d976ec21b6f66,1777373103,2026-04-28T10:45:03+00:00,0.0325,clob_prices_history
52035147432985774092509040925165515760899062720939921734142361138587845236034,0xb215decbedd846168842f6e207f09bd5f50ce51d2191f238887d976ec21b6f66,1777374003,2026-04-28T11:00:03+00:00,0.0325,clob_prices_history
52035147432985774092509040925165515760899062720939921734142361138587845236034,0xb215decbedd846168842f6e207f09bd5f50ce51d2191f238887d976ec21b6f66,1777374903,2026-04-28T11:15:03+00:00,0.0325,clob_prices_history
52035147432985774092509040925165515760899062720939921734142361138587845236034,0xb215decbedd846168842f6e207f09bd5f50ce51d2191f238887d976ec21b6f66,1777375804,2026-04-28T11:30:04+00:00,0.0325,clob_prices_history
52035147432985774092509040925165515760899062720939921734142361138587845236034,0xb215decbedd846168842f6e207f09bd5f50ce51d2191f238887d976ec21b6f66,1777376704,2026-04-28T11:45:04+00:00,0.0325,clob_prices_history
52035147432985774092509040925165515760899062720939921734142361138587845236034,0xb215decbedd846168842f6e207f09bd5f50ce51d2191f238887d976ec21b6f66,1777377607,2026-04-28T12:00:07+00:00,0.0325,clob_prices_history
52035147432985774092509040925165515760899062720939921734142361138587845236034,0xb215decbedd846168842f6e207f09bd5f50ce51d2191f238887d976ec21b6f66,1777378505,2026-04-28T12:15:05+00:00,0.0325,clob_prices_history
52035147432985774092509040925165515760899062720939921734142361138587845236034,0xb215decbedd846168842f6e207f09bd5f50ce51d2191f238887d976ec21b6f66,1777379408,2026-04-28T12:30:08+00:00,0.0325,clob_prices_history
52035147432985774092509040925165515760899062720939921734142361138587845236034,0xb215decbedd846168842f6e207f09bd5f50ce51d2191f238887d976ec21b6f66,1777380304,2026-04-28T12:45:04+00:00,0.0325,clob_prices_history
52035147432985774092509040925165515760899062720939921734142361138587845236034,0xb215decbedd846168842f6e207f09bd5f50ce51d2191f238887d976ec21b6f66,1777381205,2026-04-28T13:00:05+00:00,0.035,clob_prices_history
52035147432985774092509040925165515760899062720939921734142361138587845236034,0xb215decbedd846168842f6e207f09bd5f50ce51d2191f238887d976ec21b6f66,1777382103,2026-04-28T13:15:03+00:00,0.0355,clob_prices_history
52035147432985774092509040925165515760899062720939921734142361138587845236034,0xb215decbedd846168842f6e207f09bd5f50ce51d2191f238887d976ec21b6f66,1777383007,2026-04-28T13:30:07+00:00,0.0345,clob_prices_history
52035147432985774092509040925165515760899062720939921734142361138587845236034,0xb215decbedd846168842f6e207f09bd5f50ce51d2191f238887d976ec21b6f66,1777383904,2026-04-28T13:45:04+00:00,0.031,clob_prices_history
52035147432985774092509040925165515760899062720939921734142361138587845236034,0xb215decbedd846168842f6e207f09bd5f50ce51d2191f238887d976ec21b6f66,1777384806,2026-04-28T14:00:06+00:00,0.0325,clob_prices_history
52035147432985774092509040925165515760899062720939921734142361138587845236034,0xb215decbedd846168842f6e207f09bd5f50ce51d2191f238887d976ec21b6f66,1777385704,2026-04-28T14:15:04+00:00,0.032,clob_prices_history
52035147432985774092509040925165515760899062720939921734142361138587845236034,0xb215decbedd846168842f6e207f09bd5f50ce51d2191f238887d976ec21b6f66,1777386604,2026-04-28T14:30:04+00:00,0.0325,clob_prices_history
52035147432985774092509040925165515760899062720939921734142361138587845236034,0xb215decbedd846168842f6e207f09bd5f50ce51d2191f238887d976ec21b6f66,1777387505,2026-04-28T14:45:05+00:00,0.0325,clob_prices_history
52035147432985774092509040925165515760899062720939921734142361138587845236034,0xb215decbedd846168842f6e207f09bd5f50ce51d2191f238887d976ec21b6f66,1777388408,2026-04-28T15:00:08+00:00,0.0365,clob_prices_history
52035147432985774092509040925165515760899062720939921734142361138587845236034,0xb215decbedd846168842f6e207f09bd5f50ce51d2191f238887d976ec21b6f66,1777389304,2026-04-28T15:15:04+00:00,0.0355,clob_prices_history
52035147432985774092509040925165515760899062720939921734142361138587845236034,0xb215decbedd846168842f6e207f09bd5f50ce51d2191f238887d976ec21b6f66,1777390206,2026-04-28T15:30:06+00:00,0.0295,clob_prices_history
52035147432985774092509040925165515760899062720939921734142361138587845236034,0xb215decbedd846168842f6e207f09bd5f50ce51d2191f238887d976ec21b6f66,1777391103,2026-04-28T15:45:03+00:00,0.0295,clob_prices_history
52035147432985774092509040925165515760899062720939921734142361138587845236034,0xb215decbedd846168842f6e207f09bd5f50ce51d2191f238887d976ec21b6f66,1777392005,2026-04-28T16:00:05+00:00,0.0295,clob_prices_history
52035147432985774092509040925165515760899062720939921734142361138587845236034,0xb215decbedd846168842f6e207f09bd5f50ce51d2191f238887d976ec21b6f66,1777392903,2026-04-28T16:15:03+00:00,0.03,clob_prices_history
52035147432985774092509040925165515760899062720939921734142361138587845236034,0xb215decbedd846168842f6e207f09bd5f50ce51d2191f238887d976ec21b6f66,1777393804,2026-04-28T16:30:04+00:00,0.03,clob_prices_history
52035147432985774092509040925165515760899062720939921734142361138587845236034,0xb215decbedd846168842f6e207f09bd5f50ce51d2191f238887d976ec21b6f66,1777394703,2026-04-28T16:45:03+00:00,0.03,clob_prices_history
52035147432985774092509040925165515760899062720939921734142361138587845236034,0xb215decbedd846168842f6e207f09bd5f50ce51d2191f238887d976ec21b6f66,1777395605,2026-04-28T17:00:05+00:00,0.03,clob_prices_history
52035147432985774092509040925165515760899062720939921734142361138587845236034,0xb215decbedd846168842f6e207f09bd5f50ce51d2191f238887d976ec21b6f66,1777396504,2026-04-28T17:15:04+00:00,0.03,clob_prices_history
52035147432985774092509040925165515760899062720939921734142361138587845236034,0xb215decbedd846168842f6e207f09bd5f50ce51d2191f238887d976ec21b6f66,1777397408,2026-04-28T17:30:08+00:00,0.03,clob_prices_history
52035147432985774092509040925165515760899062720939921734142361138587845236034,0xb215decbedd846168842f6e207f09bd5f50ce51d2191f238887d976ec21b6f66,1777398304,2026-04-28T17:45:04+00:00,0.03,clob_prices_history
52035147432985774092509040925165515760899062720939921734142361138587845236034,0xb215decbedd846168842f6e207f09bd5f50ce51d2191f238887d976ec21b6f66,1777399208,2026-04-28T18:00:08+00:00,0.03,clob_prices_history
52035147432985774092509040925165515760899062720939921734142361138587845236034,0xb215decbedd846168842f6e207f09bd5f50ce51d2191f238887d976ec21b6f66,1777400104,2026-04-28T18:15:04+00:00,0.03,clob_prices_history
52035147432985774092509040925165515760899062720939921734142361138587845236034,0xb215decbedd846168842f6e207f09bd5f50ce51d2191f238887d976ec21b6f66,1777401005,2026-04-28T18:30:05+00:00,0.03,clob_prices_history
52035147432985774092509040925165515760899062720939921734142361138587845236034,0xb215decbedd846168842f6e207f09bd5f50ce51d2191f238887d976ec21b6f66,1777401915,2026-04-28T18:45:15+00:00,0.03,clob_prices_history
52035147432985774092509040925165515760899062720939921734142361138587845236034,0xb215decbedd846168842f6e207f09bd5f50ce51d2191f238887d976ec21b6f66,1777402806,2026-04-28T19:00:06+00:00,0.03,clob_prices_history
52035147432985774092509040925165515760899062720939921734142361138587845236034,0xb215decbedd846168842f6e207f09bd5f50ce51d2191f238887d976ec21b6f66,1777403705,2026-04-28T19:15:05+00:00,0.03,clob_prices_history
52035147432985774092509040925165515760899062720939921734142361138587845236034,0xb215decbedd846168842f6e207f09bd5f50ce51d2191f238887d976ec21b6f66,1777404606,2026-04-28T19:30:06+00:00,0.0285,clob_prices_history
52035147432985774092509040925165515760899062720939921734142361138587845236034,0xb215decbedd846168842f6e207f09bd5f50ce51d2191f238887d976ec21b6f66,1777405505,2026-04-28T19:45:05+00:00,0.0285,clob_prices_history
52035147432985774092509040925165515760899062720939921734142361138587845236034,0xb215decbedd846168842f6e207f09bd5f50ce51d2191f238887d976ec21b6f66,1777406419,2026-04-28T20:00:19+00:00,0.0285,clob_prices_history
52035147432985774092509040925165515760899062720939921734142361138587845236034,0xb215decbedd846168842f6e207f09bd5f50ce51d2191f238887d976ec21b6f66,1777407306,2026-04-28T20:15:06+00:00,0.0285,clob_prices_history
52035147432985774092509040925165515760899062720939921734142361138587845236034,0xb215decbedd846168842f6e207f09bd5f50ce51d2191f238887d976ec21b6f66,1777408206,2026-04-28T20:30:06+00:00,0.0285,clob_prices_history
52035147432985774092509040925165515760899062720939921734142361138587845236034,0xb215decbedd846168842f6e207f09bd5f50ce51d2191f238887d976ec21b6f66,1777409105,2026-04-28T20:45:05+00:00,0.0285,clob_prices_history
52035147432985774092509040925165515760899062720939921734142361138587845236034,0xb215decbedd846168842f6e207f09bd5f50ce51d2191f238887d976ec21b6f66,1777410006,2026-04-28T21:00:06+00:00,0.0285,clob_prices_history
52035147432985774092509040925165515760899062720939921734142361138587845236034,0xb215decbedd846168842f6e207f09bd5f50ce51d2191f238887d976ec21b6f66,1777410905,2026-04-28T21:15:05+00:00,0.0285,clob_prices_history
52035147432985774092509040925165515760899062720939921734142361138587845236034,0xb215decbedd846168842f6e207f09bd5f50ce51d2191f238887d976ec21b6f66,1777411804,2026-04-28T21:30:04+00:00,0.0285,clob_prices_history
52035147432985774092509040925165515760899062720939921734142361138587845236034,0xb215decbedd846168842f6e207f09bd5f50ce51d2191f238887d976ec21b6f66,1777412706,2026-04-28T21:45:06+00:00,0.0285,clob_prices_history
52035147432985774092509040925165515760899062720939921734142361138587845236034,0xb215decbedd846168842f6e207f09bd5f50ce51d2191f238887d976ec21b6f66,1777413619,2026-04-28T22:00:19+00:00,0.0285,clob_prices_history
52035147432985774092509040925165515760899062720939921734142361138587845236034,0xb215decbedd846168842f6e207f09bd5f50ce51d2191f238887d976ec21b6f66,1777414504,2026-04-28T22:15:04+00:00,0.0285,clob_prices_history
52035147432985774092509040925165515760899062720939921734142361138587845236034,0xb215decbedd846168842f6e207f09bd5f50ce51d2191f238887d976ec21b6f66,1777415405,2026-04-28T22:30:05+00:00,0.0285,clob_prices_history
52035147432985774092509040925165515760899062720939921734142361138587845236034,0xb215decbedd846168842f6e207f09bd5f50ce51d2191f238887d976ec21b6f66,1777416306,2026-04-28T22:45:06+00:00,0.0285,clob_prices_history
52035147432985774092509040925165515760899062720939921734142361138587845236034,0xb215decbedd846168842f6e207f09bd5f50ce51d2191f238887d976ec21b6f66,1777417208,2026-04-28T23:00:08+00:00,0.0285,clob_prices_history
52035147432985774092509040925165515760899062720939921734142361138587845236034,0xb215decbedd846168842f6e207f09bd5f50ce51d2191f238887d976ec21b6f66,1777418107,2026-04-28T23:15:07+00:00,0.0285,clob_prices_history
52035147432985774092509040925165515760899062720939921734142361138587845236034,0xb215decbedd846168842f6e207f09bd5f50ce51d2191f238887d976ec21b6f66,1777419006,2026-04-28T23:30:06+00:00,0.0285,clob_prices_history
52035147432985774092509040925165515760899062720939921734142361138587845236034,0xb215decbedd846168842f6e207f09bd5f50ce51d2191f238887d976ec21b6f66,1777419906,2026-04-28T23:45:06+00:00,0.0285,clob_prices_history
52035147432985774092509040925165515760899062720939921734142361138587845236034,0xb215decbedd846168842f6e207f09bd5f50ce51d2191f238887d976ec21b6f66,1777420807,2026-04-29T00:00:07+00:00,0.0285,clob_prices_history
52035147432985774092509040925165515760899062720939921734142361138587845236034,0xb215decbedd846168842f6e207f09bd5f50ce51d2191f238887d976ec21b6f66,1777421704,2026-04-29T00:15:04+00:00,0.0285,clob_prices_history
52035147432985774092509040925165515760899062720939921734142361138587845236034,0xb215decbedd846168842f6e207f09bd5f50ce51d2191f238887d976ec21b6f66,1777422605,2026-04-29T00:30:05+00:00,0.0285,clob_prices_history
52035147432985774092509040925165515760899062720939921734142361138587845236034,0xb215decbedd846168842f6e207f09bd5f50ce51d2191f238887d976ec21b6f66,1777423503,2026-04-29T00:45:03+00:00,0.0285,clob_prices_history
52035147432985774092509040925165515760899062720939921734142361138587845236034,0xb215decbedd846168842f6e207f09bd5f50ce51d2191f238887d976ec21b6f66,1777424405,2026-04-29T01:00:05+00:00,0.0285,clob_prices_history
52035147432985774092509040925165515760899062720939921734142361138587845236034,0xb215decbedd846168842f6e207f09bd5f50ce51d2191f238887d976ec21b6f66,1777425304,2026-04-29T01:15:04+00:00,0.0285,clob_prices_history
52035147432985774092509040925165515760899062720939921734142361138587845236034,0xb215decbedd846168842f6e207f09bd5f50ce51d2191f238887d976ec21b6f66,1777426204,2026-04-29T01:30:04+00:00,0.0285,clob_prices_history
52035147432985774092509040925165515760899062720939921734142361138587845236034,0xb215decbedd846168842f6e207f09bd5f50ce51d2191f238887d976ec21b6f66,1777427103,2026-04-29T01:45:03+00:00,0.0285,clob_prices_history
52035147432985774092509040925165515760899062720939921734142361138587845236034,0xb215decbedd846168842f6e207f09bd5f50ce51d2191f238887d976ec21b6f66,1777428005,2026-04-29T02:00:05+00:00,0.0285,clob_prices_history
52035147432985774092509040925165515760899062720939921734142361138587845236034,0xb215decbedd846168842f6e207f09bd5f50ce51d2191f238887d976ec21b6f66,1777428904,2026-04-29T02:15:04+00:00,0.0285,clob_prices_history
52035147432985774092509040925165515760899062720939921734142361138587845236034,0xb215decbedd846168842f6e207f09bd5f50ce51d2191f238887d976ec21b6f66,1777429804,2026-04-29T02:30:04+00:00,0.0285,clob_prices_history
52035147432985774092509040925165515760899062720939921734142361138587845236034,0xb215decbedd846168842f6e207f09bd5f50ce51d2191f238887d976ec21b6f66,1777430703,2026-04-29T02:45:03+00:00,0.0285,clob_prices_history
52035147432985774092509040925165515760899062720939921734142361138587845236034,0xb215decbedd846168842f6e207f09bd5f50ce51d2191f238887d976ec21b6f66,1777431606,2026-04-29T03:00:06+00:00,0.0285,clob_prices_history
52035147432985774092509040925165515760899062720939921734142361138587845236034,0xb215decbedd846168842f6e207f09bd5f50ce51d2191f238887d976ec21b6f66,1777432505,2026-04-29T03:15:05+00:00,0.0285,clob_prices_history
52035147432985774092509040925165515760899062720939921734142361138587845236034,0xb215decbedd846168842f6e207f09bd5f50ce51d2191f238887d976ec21b6f66,1777433404,2026-04-29T03:30:04+00:00,0.0285,clob_prices_history
52035147432985774092509040925165515760899062720939921734142361138587845236034,0xb215decbedd846168842f6e207f09bd5f50ce51d2191f238887d976ec21b6f66,1777434304,2026-04-29T03:45:04+00:00,0.0285,clob_prices_history
52035147432985774092509040925165515760899062720939921734142361138587845236034,0xb215decbedd846168842f6e207f09bd5f50ce51d2191f238887d976ec21b6f66,1777435204,2026-04-29T04:00:04+00:00,0.0285,clob_prices_history
52035147432985774092509040925165515760899062720939921734142361138587845236034,0xb215decbedd846168842f6e207f09bd5f50ce51d2191f238887d976ec21b6f66,1777436105,2026-04-29T04:15:05+00:00,0.0285,clob_prices_history
52035147432985774092509040925165515760899062720939921734142361138587845236034,0xb215decbedd846168842f6e207f09bd5f50ce51d2191f238887d976ec21b6f66,1777437005,2026-04-29T04:30:05+00:00,0.0285,clob_prices_history
52035147432985774092509040925165515760899062720939921734142361138587845236034,0xb215decbedd846168842f6e207f09bd5f50ce51d2191f238887d976ec21b6f66,1777437904,2026-04-29T04:45:04+00:00,0.0285,clob_prices_history
52035147432985774092509040925165515760899062720939921734142361138587845236034,0xb215decbedd846168842f6e207f09bd5f50ce51d2191f238887d976ec21b6f66,1777438806,2026-04-29T05:00:06+00:00,0.0285,clob_prices_history
52035147432985774092509040925165515760899062720939921734142361138587845236034,0xb215decbedd846168842f6e207f09bd5f50ce51d2191f238887d976ec21b6f66,1777439704,2026-04-29T05:15:04+00:00,0.0285,clob_prices_history
52035147432985774092509040925165515760899062720939921734142361138587845236034,0xb215decbedd846168842f6e207f09bd5f50ce51d2191f238887d976ec21b6f66,1777440606,2026-04-29T05:30:06+00:00,0.0285,clob_prices_history
52035147432985774092509040925165515760899062720939921734142361138587845236034,0xb215decbedd846168842f6e207f09bd5f50ce51d2191f238887d976ec21b6f66,1777441504,2026-04-29T05:45:04+00:00,0.0285,clob_prices_history
52035147432985774092509040925165515760899062720939921734142361138587845236034,0xb215decbedd846168842f6e207f09bd5f50ce51d2191f238887d976ec21b6f66,1777442407,2026-04-29T06:00:07+00:00,0.0285,clob_prices_history
52035147432985774092509040925165515760899062720939921734142361138587845236034,0xb215decbedd846168842f6e207f09bd5f50ce51d2191f238887d976ec21b6f66,1777443304,2026-04-29T06:15:04+00:00,0.0285,clob_prices_history
52035147432985774092509040925165515760899062720939921734142361138587845236034,0xb215decbedd846168842f6e207f09bd5f50ce51d2191f238887d976ec21b6f66,1777444205,2026-04-29T06:30:05+00:00,0.0285,clob_prices_history
52035147432985774092509040925165515760899062720939921734142361138587845236034,0xb215decbedd846168842f6e207f09bd5f50ce51d2191f238887d976ec21b6f66,1777445104,2026-04-29T06:45:04+00:00,0.029,clob_prices_history
52035147432985774092509040925165515760899062720939921734142361138587845236034,0xb215decbedd846168842f6e207f09bd5f50ce51d2191f238887d976ec21b6f66,1777446019,2026-04-29T07:00:19+00:00,0.029,clob_prices_history
52035147432985774092509040925165515760899062720939921734142361138587845236034,0xb215decbedd846168842f6e207f09bd5f50ce51d2191f238887d976ec21b6f66,1777446905,2026-04-29T07:15:05+00:00,0.029,clob_prices_history
52035147432985774092509040925165515760899062720939921734142361138587845236034,0xb215decbedd846168842f6e207f09bd5f50ce51d2191f238887d976ec21b6f66,1777447804,2026-04-29T07:30:04+00:00,0.029,clob_prices_history
52035147432985774092509040925165515760899062720939921734142361138587845236034,0xb215decbedd846168842f6e207f09bd5f50ce51d2191f238887d976ec21b6f66,1777448703,2026-04-29T07:45:03+00:00,0.029,clob_prices_history
52035147432985774092509040925165515760899062720939921734142361138587845236034,0xb215decbedd846168842f6e207f09bd5f50ce51d2191f238887d976ec21b6f66,1777449604,2026-04-29T08:00:04+00:00,0.029,clob_prices_history
52035147432985774092509040925165515760899062720939921734142361138587845236034,0xb215decbedd846168842f6e207f09bd5f50ce51d2191f238887d976ec21b6f66,1777450504,2026-04-29T08:15:04+00:00,0.029,clob_prices_history
52035147432985774092509040925165515760899062720939921734142361138587845236034,0xb215decbedd846168842f6e207f09bd5f50ce51d2191f238887d976ec21b6f66,1777451404,2026-04-29T08:30:04+00:00,0.029,clob_prices_history
52035147432985774092509040925165515760899062720939921734142361138587845236034,0xb215decbedd846168842f6e207f09bd5f50ce51d2191f238887d976ec21b6f66,1777452304,2026-04-29T08:45:04+00:00,0.029,clob_prices_history
52035147432985774092509040925165515760899062720939921734142361138587845236034,0xb215decbedd846168842f6e207f09bd5f50ce51d2191f238887d976ec21b6f66,1777453206,2026-04-29T09:00:06+00:00,0.029,clob_prices_history
52035147432985774092509040925165515760899062720939921734142361138587845236034,0xb215decbedd846168842f6e207f09bd5f50ce51d2191f238887d976ec21b6f66,1777454103,2026-04-29T09:15:03+00:00,0.029,clob_prices_history
52035147432985774092509040925165515760899062720939921734142361138587845236034,0xb215decbedd846168842f6e207f09bd5f50ce51d2191f238887d976ec21b6f66,1777455004,2026-04-29T09:30:04+00:00,0.029,clob_prices_history
52035147432985774092509040925165515760899062720939921734142361138587845236034,0xb215decbedd846168842f6e207f09bd5f50ce51d2191f238887d976ec21b6f66,1777455903,2026-04-29T09:45:03+00:00,0.029,clob_prices_history
52035147432985774092509040925165515760899062720939921734142361138587845236034,0xb215decbedd846168842f6e207f09bd5f50ce51d2191f238887d976ec21b6f66,1777456804,2026-04-29T10:00:04+00:00,0.0295,clob_prices_history
52035147432985774092509040925165515760899062720939921734142361138587845236034,0xb215decbedd846168842f6e207f09bd5f50ce51d2191f238887d976ec21b6f66,1777457703,2026-04-29T10:15:03+00:00,0.0295,clob_prices_history
52035147432985774092509040925165515760899062720939921734142361138587845236034,0xb215decbedd846168842f6e207f09bd5f50ce51d2191f238887d976ec21b6f66,1777458605,2026-04-29T10:30:05+00:00,0.0295,clob_prices_history
52035147432985774092509040925165515760899062720939921734142361138587845236034,0xb215decbedd846168842f6e207f09bd5f50ce51d2191f238887d976ec21b6f66,1777459503,2026-04-29T10:45:03+00:00,0.0295,clob_prices_history
52035147432985774092509040925165515760899062720939921734142361138587845236034,0xb215decbedd846168842f6e207f09bd5f50ce51d2191f238887d976ec21b6f66,1777460404,2026-04-29T11:00:04+00:00,0.0295,clob_prices_history
52035147432985774092509040925165515760899062720939921734142361138587845236034,0xb215decbedd846168842f6e207f09bd5f50ce51d2191f238887d976ec21b6f66,1777461303,2026-04-29T11:15:03+00:00,0.0295,clob_prices_history
52035147432985774092509040925165515760899062720939921734142361138587845236034,0xb215decbedd846168842f6e207f09bd5f50ce51d2191f238887d976ec21b6f66,1777462204,2026-04-29T11:30:04+00:00,0.0295,clob_prices_history
52035147432985774092509040925165515760899062720939921734142361138587845236034,0xb215decbedd846168842f6e207f09bd5f50ce51d2191f238887d976ec21b6f66,1777463104,2026-04-29T11:45:04+00:00,0.0295,clob_prices_history
52035147432985774092509040925165515760899062720939921734142361138587845236034,0xb215decbedd846168842f6e207f09bd5f50ce51d2191f238887d976ec21b6f66,1777464008,2026-04-29T12:00:08+00:00,0.0295,clob_prices_history
52035147432985774092509040925165515760899062720939921734142361138587845236034,0xb215decbedd846168842f6e207f09bd5f50ce51d2191f238887d976ec21b6f66,1777464905,2026-04-29T12:15:05+00:00,0.0295,clob_prices_history
52035147432985774092509040925165515760899062720939921734142361138587845236034,0xb215decbedd846168842f6e207f09bd5f50ce51d2191f238887d976ec21b6f66,1777465806,2026-04-29T12:30:06+00:00,0.0295,clob_prices_history
52035147432985774092509040925165515760899062720939921734142361138587845236034,0xb215decbedd846168842f6e207f09bd5f50ce51d2191f238887d976ec21b6f66,1777466716,2026-04-29T12:45:16+00:00,0.0295,clob_prices_history
52035147432985774092509040925165515760899062720939921734142361138587845236034,0xb215decbedd846168842f6e207f09bd5f50ce51d2191f238887d976ec21b6f66,1777467605,2026-04-29T13:00:05+00:00,0.0295,clob_prices_history
52035147432985774092509040925165515760899062720939921734142361138587845236034,0xb215decbedd846168842f6e207f09bd5f50ce51d2191f238887d976ec21b6f66,1777468505,2026-04-29T13:15:05+00:00,0.0295,clob_prices_history
52035147432985774092509040925165515760899062720939921734142361138587845236034,0xb215decbedd846168842f6e207f09bd5f50ce51d2191f238887d976ec21b6f66,1777469405,2026-04-29T13:30:05+00:00,0.0295,clob_prices_history
52035147432985774092509040925165515760899062720939921734142361138587845236034,0xb215decbedd846168842f6e207f09bd5f50ce51d2191f238887d976ec21b6f66,1777470306,2026-04-29T13:45:06+00:00,0.0295,clob_prices_history
52035147432985774092509040925165515760899062720939921734142361138587845236034,0xb215decbedd846168842f6e207f09bd5f50ce51d2191f238887d976ec21b6f66,1777471204,2026-04-29T14:00:04+00:00,0.0295,clob_prices_history
52035147432985774092509040925165515760899062720939921734142361138587845236034,0xb215decbedd846168842f6e207f09bd5f50ce51d2191f238887d976ec21b6f66,1777472104,2026-04-29T14:15:04+00:00,0.0295,clob_prices_history
52035147432985774092509040925165515760899062720939921734142361138587845236034,0xb215decbedd846168842f6e207f09bd5f50ce51d2191f238887d976ec21b6f66,1777473005,2026-04-29T14:30:05+00:00,0.0295,clob_prices_history
52035147432985774092509040925165515760899062720939921734142361138587845236034,0xb215decbedd846168842f6e207f09bd5f50ce51d2191f238887d976ec21b6f66,1777473906,2026-04-29T14:45:06+00:00,0.0295,clob_prices_history
52035147432985774092509040925165515760899062720939921734142361138587845236034,0xb215decbedd846168842f6e207f09bd5f50ce51d2191f238887d976ec21b6f66,1777474808,2026-04-29T15:00:08+00:00,0.0295,clob_prices_history
52035147432985774092509040925165515760899062720939921734142361138587845236034,0xb215decbedd846168842f6e207f09bd5f50ce51d2191f238887d976ec21b6f66,1777475704,2026-04-29T15:15:04+00:00,0.0295,clob_prices_history
52035147432985774092509040925165515760899062720939921734142361138587845236034,0xb215decbedd846168842f6e207f09bd5f50ce51d2191f238887d976ec21b6f66,1777476604,2026-04-29T15:30:04+00:00,0.0295,clob_prices_history
52035147432985774092509040925165515760899062720939921734142361138587845236034,0xb215decbedd846168842f6e207f09bd5f50ce51d2191f238887d976ec21b6f66,1777477520,2026-04-29T15:45:20+00:00,0.0295,clob_prices_history
52035147432985774092509040925165515760899062720939921734142361138587845236034,0xb215decbedd846168842f6e207f09bd5f50ce51d2191f238887d976ec21b6f66,1777478405,2026-04-29T16:00:05+00:00,0.0295,clob_prices_history
52035147432985774092509040925165515760899062720939921734142361138587845236034,0xb215decbedd846168842f6e207f09bd5f50ce51d2191f238887d976ec21b6f66,1777479304,2026-04-29T16:15:04+00:00,0.0295,clob_prices_history
52035147432985774092509040925165515760899062720939921734142361138587845236034,0xb215decbedd846168842f6e207f09bd5f50ce51d2191f238887d976ec21b6f66,1777480219,2026-04-29T16:30:19+00:00,0.0295,clob_prices_history
52035147432985774092509040925165515760899062720939921734142361138587845236034,0xb215decbedd846168842f6e207f09bd5f50ce51d2191f238887d976ec21b6f66,1777481105,2026-04-29T16:45:05+00:00,0.0295,clob_prices_history
52035147432985774092509040925165515760899062720939921734142361138587845236034,0xb215decbedd846168842f6e207f09bd5f50ce51d2191f238887d976ec21b6f66,1777482004,2026-04-29T17:00:04+00:00,0.0295,clob_prices_history
52035147432985774092509040925165515760899062720939921734142361138587845236034,0xb215decbedd846168842f6e207f09bd5f50ce51d2191f238887d976ec21b6f66,1777482904,2026-04-29T17:15:04+00:00,0.0295,clob_prices_history
52035147432985774092509040925165515760899062720939921734142361138587845236034,0xb215decbedd846168842f6e207f09bd5f50ce51d2191f238887d976ec21b6f66,1777483819,2026-04-29T17:30:19+00:00,0.0295,clob_prices_history
52035147432985774092509040925165515760899062720939921734142361138587845236034,0xb215decbedd846168842f6e207f09bd5f50ce51d2191f238887d976ec21b6f66,1777484705,2026-04-29T17:45:05+00:00,0.0295,clob_prices_history
52035147432985774092509040925165515760899062720939921734142361138587845236034,0xb215decbedd846168842f6e207f09bd5f50ce51d2191f238887d976ec21b6f66,1777485607,2026-04-29T18:00:07+00:00,0.0295,clob_prices_history
52035147432985774092509040925165515760899062720939921734142361138587845236034,0xb215decbedd846168842f6e207f09bd5f50ce51d2191f238887d976ec21b6f66,1777486506,2026-04-29T18:15:06+00:00,0.0295,clob_prices_history
52035147432985774092509040925165515760899062720939921734142361138587845236034,0xb215decbedd846168842f6e207f09bd5f50ce51d2191f238887d976ec21b6f66,1777487405,2026-04-29T18:30:05+00:00,0.0295,clob_prices_history
52035147432985774092509040925165515760899062720939921734142361138587845236034,0xb215decbedd846168842f6e207f09bd5f50ce51d2191f238887d976ec21b6f66,1777488307,2026-04-29T18:45:07+00:00,0.0295,clob_prices_history
52035147432985774092509040925165515760899062720939921734142361138587845236034,0xb215decbedd846168842f6e207f09bd5f50ce51d2191f238887d976ec21b6f66,1777489205,2026-04-29T19:00:05+00:00,0.0295,clob_prices_history
52035147432985774092509040925165515760899062720939921734142361138587845236034,0xb215decbedd846168842f6e207f09bd5f50ce51d2191f238887d976ec21b6f66,1777490106,2026-04-29T19:15:06+00:00,0.0295,clob_prices_history
52035147432985774092509040925165515760899062720939921734142361138587845236034,0xb215decbedd846168842f6e207f09bd5f50ce51d2191f238887d976ec21b6f66,1777491005,2026-04-29T19:30:05+00:00,0.0295,clob_prices_history
52035147432985774092509040925165515760899062720939921734142361138587845236034,0xb215decbedd846168842f6e207f09bd5f50ce51d2191f238887d976ec21b6f66,1777491906,2026-04-29T19:45:06+00:00,0.0295,clob_prices_history
52035147432985774092509040925165515760899062720939921734142361138587845236034,0xb215decbedd846168842f6e207f09bd5f50ce51d2191f238887d976ec21b6f66,1777492807,2026-04-29T20:00:07+00:00,0.0295,clob_prices_history
52035147432985774092509040925165515760899062720939921734142361138587845236034,0xb215decbedd846168842f6e207f09bd5f50ce51d2191f238887d976ec21b6f66,1777493705,2026-04-29T20:15:05+00:00,0.0295,clob_prices_history
52035147432985774092509040925165515760899062720939921734142361138587845236034,0xb215decbedd846168842f6e207f09bd5f50ce51d2191f238887d976ec21b6f66,1777494617,2026-04-29T20:30:17+00:00,0.03,clob_prices_history
52035147432985774092509040925165515760899062720939921734142361138587845236034,0xb215decbedd846168842f6e207f09bd5f50ce51d2191f238887d976ec21b6f66,1777495505,2026-04-29T20:45:05+00:00,0.03,clob_prices_history
52035147432985774092509040925165515760899062720939921734142361138587845236034,0xb215decbedd846168842f6e207f09bd5f50ce51d2191f238887d976ec21b6f66,1777496419,2026-04-29T21:00:19+00:00,0.03,clob_prices_history
52035147432985774092509040925165515760899062720939921734142361138587845236034,0xb215decbedd846168842f6e207f09bd5f50ce51d2191f238887d976ec21b6f66,1777497316,2026-04-29T21:15:16+00:00,0.03,clob_prices_history
52035147432985774092509040925165515760899062720939921734142361138587845236034,0xb215decbedd846168842f6e207f09bd5f50ce51d2191f238887d976ec21b6f66,1777498206,2026-04-29T21:30:06+00:00,0.03,clob_prices_history
52035147432985774092509040925165515760899062720939921734142361138587845236034,0xb215decbedd846168842f6e207f09bd5f50ce51d2191f238887d976ec21b6f66,1777499105,2026-04-29T21:45:05+00:00,0.03,clob_prices_history
52035147432985774092509040925165515760899062720939921734142361138587845236034,0xb215decbedd846168842f6e207f09bd5f50ce51d2191f238887d976ec21b6f66,1777500006,2026-04-29T22:00:06+00:00,0.03,clob_prices_history
52035147432985774092509040925165515760899062720939921734142361138587845236034,0xb215decbedd846168842f6e207f09bd5f50ce51d2191f238887d976ec21b6f66,1777500904,2026-04-29T22:15:04+00:00,0.03,clob_prices_history
52035147432985774092509040925165515760899062720939921734142361138587845236034,0xb215decbedd846168842f6e207f09bd5f50ce51d2191f238887d976ec21b6f66,1777501805,2026-04-29T22:30:05+00:00,0.03,clob_prices_history
52035147432985774092509040925165515760899062720939921734142361138587845236034,0xb215decbedd846168842f6e207f09bd5f50ce51d2191f238887d976ec21b6f66,1777502717,2026-04-29T22:45:17+00:00,0.03,clob_prices_history
52035147432985774092509040925165515760899062720939921734142361138587845236034,0xb215decbedd846168842f6e207f09bd5f50ce51d2191f238887d976ec21b6f66,1777503605,2026-04-29T23:00:05+00:00,0.03,clob_prices_history
52035147432985774092509040925165515760899062720939921734142361138587845236034,0xb215decbedd846168842f6e207f09bd5f50ce51d2191f238887d976ec21b6f66,1777504505,2026-04-29T23:15:05+00:00,0.03,clob_prices_history
52035147432985774092509040925165515760899062720939921734142361138587845236034,0xb215decbedd846168842f6e207f09bd5f50ce51d2191f238887d976ec21b6f66,1777505417,2026-04-29T23:30:17+00:00,0.03,clob_prices_history
52035147432985774092509040925165515760899062720939921734142361138587845236034,0xb215decbedd846168842f6e207f09bd5f50ce51d2191f238887d976ec21b6f66,1777506307,2026-04-29T23:45:07+00:00,0.03,clob_prices_history
52035147432985774092509040925165515760899062720939921734142361138587845236034,0xb215decbedd846168842f6e207f09bd5f50ce51d2191f238887d976ec21b6f66,1777507213,2026-04-30T00:00:13+00:00,0.03,clob_prices_history
52035147432985774092509040925165515760899062720939921734142361138587845236034,0xb215decbedd846168842f6e207f09bd5f50ce51d2191f238887d976ec21b6f66,1777508107,2026-04-30T00:15:07+00:00,0.03,clob_prices_history
52035147432985774092509040925165515760899062720939921734142361138587845236034,0xb215decbedd846168842f6e207f09bd5f50ce51d2191f238887d976ec21b6f66,1777509018,2026-04-30T00:30:18+00:00,0.03,clob_prices_history
52035147432985774092509040925165515760899062720939921734142361138587845236034,0xb215decbedd846168842f6e207f09bd5f50ce51d2191f238887d976ec21b6f66,1777509906,2026-04-30T00:45:06+00:00,0.03,clob_prices_history
52035147432985774092509040925165515760899062720939921734142361138587845236034,0xb215decbedd846168842f6e207f09bd5f50ce51d2191f238887d976ec21b6f66,1777510821,2026-04-30T01:00:21+00:00,0.0295,clob_prices_history
52035147432985774092509040925165515760899062720939921734142361138587845236034,0xb215decbedd846168842f6e207f09bd5f50ce51d2191f238887d976ec21b6f66,1777511704,2026-04-30T01:15:04+00:00,0.0295,clob_prices_history
52035147432985774092509040925165515760899062720939921734142361138587845236034,0xb215decbedd846168842f6e207f09bd5f50ce51d2191f238887d976ec21b6f66,1777512606,2026-04-30T01:30:06+00:00,0.0295,clob_prices_history
52035147432985774092509040925165515760899062720939921734142361138587845236034,0xb215decbedd846168842f6e207f09bd5f50ce51d2191f238887d976ec21b6f66,1777513504,2026-04-30T01:45:04+00:00,0.0295,clob_prices_history
52035147432985774092509040925165515760899062720939921734142361138587845236034,0xb215decbedd846168842f6e207f09bd5f50ce51d2191f238887d976ec21b6f66,1777514404,2026-04-30T02:00:04+00:00,0.0295,clob_prices_history
52035147432985774092509040925165515760899062720939921734142361138587845236034,0xb215decbedd846168842f6e207f09bd5f50ce51d2191f238887d976ec21b6f66,1777515306,2026-04-30T02:15:06+00:00,0.0295,clob_prices_history
52035147432985774092509040925165515760899062720939921734142361138587845236034,0xb215decbedd846168842f6e207f09bd5f50ce51d2191f238887d976ec21b6f66,1777516204,2026-04-30T02:30:04+00:00,0.0295,clob_prices_history
52035147432985774092509040925165515760899062720939921734142361138587845236034,0xb215decbedd846168842f6e207f09bd5f50ce51d2191f238887d976ec21b6f66,1777517104,2026-04-30T02:45:04+00:00,0.0295,clob_prices_history
52035147432985774092509040925165515760899062720939921734142361138587845236034,0xb215decbedd846168842f6e207f09bd5f50ce51d2191f238887d976ec21b6f66,1777518007,2026-04-30T03:00:07+00:00,0.0295,clob_prices_history
52035147432985774092509040925165515760899062720939921734142361138587845236034,0xb215decbedd846168842f6e207f09bd5f50ce51d2191f238887d976ec21b6f66,1777518905,2026-04-30T03:15:05+00:00,0.0295,clob_prices_history
52035147432985774092509040925165515760899062720939921734142361138587845236034,0xb215decbedd846168842f6e207f09bd5f50ce51d2191f238887d976ec21b6f66,1777519804,2026-04-30T03:30:04+00:00,0.0295,clob_prices_history
52035147432985774092509040925165515760899062720939921734142361138587845236034,0xb215decbedd846168842f6e207f09bd5f50ce51d2191f238887d976ec21b6f66,1777520703,2026-04-30T03:45:03+00:00,0.0295,clob_prices_history
52035147432985774092509040925165515760899062720939921734142361138587845236034,0xb215decbedd846168842f6e207f09bd5f50ce51d2191f238887d976ec21b6f66,1777521604,2026-04-30T04:00:04+00:00,0.0295,clob_prices_history
52035147432985774092509040925165515760899062720939921734142361138587845236034,0xb215decbedd846168842f6e207f09bd5f50ce51d2191f238887d976ec21b6f66,1777522504,2026-04-30T04:15:04+00:00,0.0295,clob_prices_history
52035147432985774092509040925165515760899062720939921734142361138587845236034,0xb215decbedd846168842f6e207f09bd5f50ce51d2191f238887d976ec21b6f66,1777523407,2026-04-30T04:30:07+00:00,0.0295,clob_prices_history
52035147432985774092509040925165515760899062720939921734142361138587845236034,0xb215decbedd846168842f6e207f09bd5f50ce51d2191f238887d976ec21b6f66,1777524305,2026-04-30T04:45:05+00:00,0.0295,clob_prices_history
52035147432985774092509040925165515760899062720939921734142361138587845236034,0xb215decbedd846168842f6e207f09bd5f50ce51d2191f238887d976ec21b6f66,1777525205,2026-04-30T05:00:05+00:00,0.0295,clob_prices_history
52035147432985774092509040925165515760899062720939921734142361138587845236034,0xb215decbedd846168842f6e207f09bd5f50ce51d2191f238887d976ec21b6f66,1777526106,2026-04-30T05:15:06+00:00,0.0295,clob_prices_history
52035147432985774092509040925165515760899062720939921734142361138587845236034,0xb215decbedd846168842f6e207f09bd5f50ce51d2191f238887d976ec21b6f66,1777527007,2026-04-30T05:30:07+00:00,0.0295,clob_prices_history
52035147432985774092509040925165515760899062720939921734142361138587845236034,0xb215decbedd846168842f6e207f09bd5f50ce51d2191f238887d976ec21b6f66,1777527908,2026-04-30T05:45:08+00:00,0.0295,clob_prices_history
52035147432985774092509040925165515760899062720939921734142361138587845236034,0xb215decbedd846168842f6e207f09bd5f50ce51d2191f238887d976ec21b6f66,1777528807,2026-04-30T06:00:07+00:00,0.0295,clob_prices_history
52035147432985774092509040925165515760899062720939921734142361138587845236034,0xb215decbedd846168842f6e207f09bd5f50ce51d2191f238887d976ec21b6f66,1777529719,2026-04-30T06:15:19+00:00,0.0295,clob_prices_history
52035147432985774092509040925165515760899062720939921734142361138587845236034,0xb215decbedd846168842f6e207f09bd5f50ce51d2191f238887d976ec21b6f66,1777530605,2026-04-30T06:30:05+00:00,0.0295,clob_prices_history
52035147432985774092509040925165515760899062720939921734142361138587845236034,0xb215decbedd846168842f6e207f09bd5f50ce51d2191f238887d976ec21b6f66,1777531515,2026-04-30T06:45:15+00:00,0.0295,clob_prices_history
52035147432985774092509040925165515760899062720939921734142361138587845236034,0xb215decbedd846168842f6e207f09bd5f50ce51d2191f238887d976ec21b6f66,1777532407,2026-04-30T07:00:07+00:00,0.0295,clob_prices_history
52035147432985774092509040925165515760899062720939921734142361138587845236034,0xb215decbedd846168842f6e207f09bd5f50ce51d2191f238887d976ec21b6f66,1777533305,2026-04-30T07:15:05+00:00,0.0295,clob_prices_history
52035147432985774092509040925165515760899062720939921734142361138587845236034,0xb215decbedd846168842f6e207f09bd5f50ce51d2191f238887d976ec21b6f66,1777534205,2026-04-30T07:30:05+00:00,0.0295,clob_prices_history
52035147432985774092509040925165515760899062720939921734142361138587845236034,0xb215decbedd846168842f6e207f09bd5f50ce51d2191f238887d976ec21b6f66,1777535105,2026-04-30T07:45:05+00:00,0.0295,clob_prices_history
52035147432985774092509040925165515760899062720939921734142361138587845236034,0xb215decbedd846168842f6e207f09bd5f50ce51d2191f238887d976ec21b6f66,1777536004,2026-04-30T08:00:04+00:00,0.0295,clob_prices_history
52035147432985774092509040925165515760899062720939921734142361138587845236034,0xb215decbedd846168842f6e207f09bd5f50ce51d2191f238887d976ec21b6f66,1777536906,2026-04-30T08:15:06+00:00,0.0295,clob_prices_history
52035147432985774092509040925165515760899062720939921734142361138587845236034,0xb215decbedd846168842f6e207f09bd5f50ce51d2191f238887d976ec21b6f66,1777537804,2026-04-30T08:30:04+00:00,0.0295,clob_prices_history
52035147432985774092509040925165515760899062720939921734142361138587845236034,0xb215decbedd846168842f6e207f09bd5f50ce51d2191f238887d976ec21b6f66,1777538704,2026-04-30T08:45:04+00:00,0.0295,clob_prices_history
52035147432985774092509040925165515760899062720939921734142361138587845236034,0xb215decbedd846168842f6e207f09bd5f50ce51d2191f238887d976ec21b6f66,1777539610,2026-04-30T09:00:10+00:00,0.0295,clob_prices_history
52035147432985774092509040925165515760899062720939921734142361138587845236034,0xb215decbedd846168842f6e207f09bd5f50ce51d2191f238887d976ec21b6f66,1777540505,2026-04-30T09:15:05+00:00,0.0295,clob_prices_history
52035147432985774092509040925165515760899062720939921734142361138587845236034,0xb215decbedd846168842f6e207f09bd5f50ce51d2191f238887d976ec21b6f66,1777541405,2026-04-30T09:30:05+00:00,0.0295,clob_prices_history
52035147432985774092509040925165515760899062720939921734142361138587845236034,0xb215decbedd846168842f6e207f09bd5f50ce51d2191f238887d976ec21b6f66,1777542305,2026-04-30T09:45:05+00:00,0.0295,clob_prices_history
52035147432985774092509040925165515760899062720939921734142361138587845236034,0xb215decbedd846168842f6e207f09bd5f50ce51d2191f238887d976ec21b6f66,1777543217,2026-04-30T10:00:17+00:00,0.0295,clob_prices_history
52035147432985774092509040925165515760899062720939921734142361138587845236034,0xb215decbedd846168842f6e207f09bd5f50ce51d2191f238887d976ec21b6f66,1777544104,2026-04-30T10:15:04+00:00,0.0295,clob_prices_history
52035147432985774092509040925165515760899062720939921734142361138587845236034,0xb215decbedd846168842f6e207f09bd5f50ce51d2191f238887d976ec21b6f66,1777545007,2026-04-30T10:30:07+00:00,0.0295,clob_prices_history
52035147432985774092509040925165515760899062720939921734142361138587845236034,0xb215decbedd846168842f6e207f09bd5f50ce51d2191f238887d976ec21b6f66,1777545903,2026-04-30T10:45:03+00:00,0.0295,clob_prices_history
52035147432985774092509040925165515760899062720939921734142361138587845236034,0xb215decbedd846168842f6e207f09bd5f50ce51d2191f238887d976ec21b6f66,1777546818,2026-04-30T11:00:18+00:00,0.0295,clob_prices_history
52035147432985774092509040925165515760899062720939921734142361138587845236034,0xb215decbedd846168842f6e207f09bd5f50ce51d2191f238887d976ec21b6f66,1777547706,2026-04-30T11:15:06+00:00,0.0295,clob_prices_history
52035147432985774092509040925165515760899062720939921734142361138587845236034,0xb215decbedd846168842f6e207f09bd5f50ce51d2191f238887d976ec21b6f66,1777548605,2026-04-30T11:30:05+00:00,0.0295,clob_prices_history
52035147432985774092509040925165515760899062720939921734142361138587845236034,0xb215decbedd846168842f6e207f09bd5f50ce51d2191f238887d976ec21b6f66,1777549506,2026-04-30T11:45:06+00:00,0.0295,clob_prices_history
52035147432985774092509040925165515760899062720939921734142361138587845236034,0xb215decbedd846168842f6e207f09bd5f50ce51d2191f238887d976ec21b6f66,1777550409,2026-04-30T12:00:09+00:00,0.0295,clob_prices_history
52035147432985774092509040925165515760899062720939921734142361138587845236034,0xb215decbedd846168842f6e207f09bd5f50ce51d2191f238887d976ec21b6f66,1777551305,2026-04-30T12:15:05+00:00,0.0295,clob_prices_history
52035147432985774092509040925165515760899062720939921734142361138587845236034,0xb215decbedd846168842f6e207f09bd5f50ce51d2191f238887d976ec21b6f66,1777552204,2026-04-30T12:30:04+00:00,0.0295,clob_prices_history
52035147432985774092509040925165515760899062720939921734142361138587845236034,0xb215decbedd846168842f6e207f09bd5f50ce51d2191f238887d976ec21b6f66,1777553104,2026-04-30T12:45:04+00:00,0.0295,clob_prices_history
52035147432985774092509040925165515760899062720939921734142361138587845236034,0xb215decbedd846168842f6e207f09bd5f50ce51d2191f238887d976ec21b6f66,1777554005,2026-04-30T13:00:05+00:00,0.0295,clob_prices_history
52035147432985774092509040925165515760899062720939921734142361138587845236034,0xb215decbedd846168842f6e207f09bd5f50ce51d2191f238887d976ec21b6f66,1777554917,2026-04-30T13:15:17+00:00,0.0295,clob_prices_history
52035147432985774092509040925165515760899062720939921734142361138587845236034,0xb215decbedd846168842f6e207f09bd5f50ce51d2191f238887d976ec21b6f66,1777555806,2026-04-30T13:30:06+00:00,0.0295,clob_prices_history
52035147432985774092509040925165515760899062720939921734142361138587845236034,0xb215decbedd846168842f6e207f09bd5f50ce51d2191f238887d976ec21b6f66,1777556706,2026-04-30T13:45:06+00:00,0.0295,clob_prices_history
52035147432985774092509040925165515760899062720939921734142361138587845236034,0xb215decbedd846168842f6e207f09bd5f50ce51d2191f238887d976ec21b6f66,1777557606,2026-04-30T14:00:06+00:00,0.0295,clob_prices_history
52035147432985774092509040925165515760899062720939921734142361138587845236034,0xb215decbedd846168842f6e207f09bd5f50ce51d2191f238887d976ec21b6f66,1777558504,2026-04-30T14:15:04+00:00,0.0295,clob_prices_history
52035147432985774092509040925165515760899062720939921734142361138587845236034,0xb215decbedd846168842f6e207f09bd5f50ce51d2191f238887d976ec21b6f66,1777559406,2026-04-30T14:30:06+00:00,0.0275,clob_prices_history
52035147432985774092509040925165515760899062720939921734142361138587845236034,0xb215decbedd846168842f6e207f09bd5f50ce51d2191f238887d976ec21b6f66,1777560304,2026-04-30T14:45:04+00:00,0.0275,clob_prices_history
52035147432985774092509040925165515760899062720939921734142361138587845236034,0xb215decbedd846168842f6e207f09bd5f50ce51d2191f238887d976ec21b6f66,1777561209,2026-04-30T15:00:09+00:00,0.028,clob_prices_history
52035147432985774092509040925165515760899062720939921734142361138587845236034,0xb215decbedd846168842f6e207f09bd5f50ce51d2191f238887d976ec21b6f66,1777562105,2026-04-30T15:15:05+00:00,0.028,clob_prices_history
52035147432985774092509040925165515760899062720939921734142361138587845236034,0xb215decbedd846168842f6e207f09bd5f50ce51d2191f238887d976ec21b6f66,1777563006,2026-04-30T15:30:06+00:00,0.028,clob_prices_history
52035147432985774092509040925165515760899062720939921734142361138587845236034,0xb215decbedd846168842f6e207f09bd5f50ce51d2191f238887d976ec21b6f66,1777563905,2026-04-30T15:45:05+00:00,0.028,clob_prices_history
52035147432985774092509040925165515760899062720939921734142361138587845236034,0xb215decbedd846168842f6e207f09bd5f50ce51d2191f238887d976ec21b6f66,1777564805,2026-04-30T16:00:05+00:00,0.028,clob_prices_history
52035147432985774092509040925165515760899062720939921734142361138587845236034,0xb215decbedd846168842f6e207f09bd5f50ce51d2191f238887d976ec21b6f66,1777565706,2026-04-30T16:15:06+00:00,0.028,clob_prices_history
52035147432985774092509040925165515760899062720939921734142361138587845236034,0xb215decbedd846168842f6e207f09bd5f50ce51d2191f238887d976ec21b6f66,1777566621,2026-04-30T16:30:21+00:00,0.028,clob_prices_history
52035147432985774092509040925165515760899062720939921734142361138587845236034,0xb215decbedd846168842f6e207f09bd5f50ce51d2191f238887d976ec21b6f66,1777567506,2026-04-30T16:45:06+00:00,0.028,clob_prices_history
52035147432985774092509040925165515760899062720939921734142361138587845236034,0xb215decbedd846168842f6e207f09bd5f50ce51d2191f238887d976ec21b6f66,1777568411,2026-04-30T17:00:11+00:00,0.028,clob_prices_history
52035147432985774092509040925165515760899062720939921734142361138587845236034,0xb215decbedd846168842f6e207f09bd5f50ce51d2191f238887d976ec21b6f66,1777569307,2026-04-30T17:15:07+00:00,0.0265,clob_prices_history
52035147432985774092509040925165515760899062720939921734142361138587845236034,0xb215decbedd846168842f6e207f09bd5f50ce51d2191f238887d976ec21b6f66,1777570206,2026-04-30T17:30:06+00:00,0.0265,clob_prices_history
52035147432985774092509040925165515760899062720939921734142361138587845236034,0xb215decbedd846168842f6e207f09bd5f50ce51d2191f238887d976ec21b6f66,1777571107,2026-04-30T17:45:07+00:00,0.0265,clob_prices_history
52035147432985774092509040925165515760899062720939921734142361138587845236034,0xb215decbedd846168842f6e207f09bd5f50ce51d2191f238887d976ec21b6f66,1777572009,2026-04-30T18:00:09+00:00,0.0265,clob_prices_history
52035147432985774092509040925165515760899062720939921734142361138587845236034,0xb215decbedd846168842f6e207f09bd5f50ce51d2191f238887d976ec21b6f66,1777572906,2026-04-30T18:15:06+00:00,0.0265,clob_prices_history
52035147432985774092509040925165515760899062720939921734142361138587845236034,0xb215decbedd846168842f6e207f09bd5f50ce51d2191f238887d976ec21b6f66,1777573808,2026-04-30T18:30:08+00:00,0.0265,clob_prices_history
52035147432985774092509040925165515760899062720939921734142361138587845236034,0xb215decbedd846168842f6e207f09bd5f50ce51d2191f238887d976ec21b6f66,1777574705,2026-04-30T18:45:05+00:00,0.0265,clob_prices_history
52035147432985774092509040925165515760899062720939921734142361138587845236034,0xb215decbedd846168842f6e207f09bd5f50ce51d2191f238887d976ec21b6f66,1777575607,2026-04-30T19:00:07+00:00,0.0255,clob_prices_history
52035147432985774092509040925165515760899062720939921734142361138587845236034,0xb215decbedd846168842f6e207f09bd5f50ce51d2191f238887d976ec21b6f66,1777576520,2026-04-30T19:15:20+00:00,0.0255,clob_prices_history
52035147432985774092509040925165515760899062720939921734142361138587845236034,0xb215decbedd846168842f6e207f09bd5f50ce51d2191f238887d976ec21b6f66,1777577406,2026-04-30T19:30:06+00:00,0.0255,clob_prices_history
52035147432985774092509040925165515760899062720939921734142361138587845236034,0xb215decbedd846168842f6e207f09bd5f50ce51d2191f238887d976ec21b6f66,1777578306,2026-04-30T19:45:06+00:00,0.0255,clob_prices_history
52035147432985774092509040925165515760899062720939921734142361138587845236034,0xb215decbedd846168842f6e207f09bd5f50ce51d2191f238887d976ec21b6f66,1777579208,2026-04-30T20:00:08+00:00,0.0255,clob_prices_history
52035147432985774092509040925165515760899062720939921734142361138587845236034,0xb215decbedd846168842f6e207f09bd5f50ce51d2191f238887d976ec21b6f66,1777580105,2026-04-30T20:15:05+00:00,0.0255,clob_prices_history
52035147432985774092509040925165515760899062720939921734142361138587845236034,0xb215decbedd846168842f6e207f09bd5f50ce51d2191f238887d976ec21b6f66,1777581007,2026-04-30T20:30:07+00:00,0.0255,clob_prices_history
52035147432985774092509040925165515760899062720939921734142361138587845236034,0xb215decbedd846168842f6e207f09bd5f50ce51d2191f238887d976ec21b6f66,1777581904,2026-04-30T20:45:04+00:00,0.0255,clob_prices_history
52035147432985774092509040925165515760899062720939921734142361138587845236034,0xb215decbedd846168842f6e207f09bd5f50ce51d2191f238887d976ec21b6f66,1777582806,2026-04-30T21:00:06+00:00,0.0255,clob_prices_history
52035147432985774092509040925165515760899062720939921734142361138587845236034,0xb215decbedd846168842f6e207f09bd5f50ce51d2191f238887d976ec21b6f66,1777583704,2026-04-30T21:15:04+00:00,0.0255,clob_prices_history
52035147432985774092509040925165515760899062720939921734142361138587845236034,0xb215decbedd846168842f6e207f09bd5f50ce51d2191f238887d976ec21b6f66,1777584631,2026-04-30T21:30:31+00:00,0.0255,clob_prices_history
52035147432985774092509040925165515760899062720939921734142361138587845236034,0xb215decbedd846168842f6e207f09bd5f50ce51d2191f238887d976ec21b6f66,1777585507,2026-04-30T21:45:07+00:00,0.0255,clob_prices_history
52035147432985774092509040925165515760899062720939921734142361138587845236034,0xb215decbedd846168842f6e207f09bd5f50ce51d2191f238887d976ec21b6f66,1777586407,2026-04-30T22:00:07+00:00,0.0255,clob_prices_history
52035147432985774092509040925165515760899062720939921734142361138587845236034,0xb215decbedd846168842f6e207f09bd5f50ce51d2191f238887d976ec21b6f66,1777587316,2026-04-30T22:15:16+00:00,0.0255,clob_prices_history
52035147432985774092509040925165515760899062720939921734142361138587845236034,0xb215decbedd846168842f6e207f09bd5f50ce51d2191f238887d976ec21b6f66,1777588207,2026-04-30T22:30:07+00:00,0.0255,clob_prices_history
52035147432985774092509040925165515760899062720939921734142361138587845236034,0xb215decbedd846168842f6e207f09bd5f50ce51d2191f238887d976ec21b6f66,1777589105,2026-04-30T22:45:05+00:00,0.0255,clob_prices_history
52035147432985774092509040925165515760899062720939921734142361138587845236034,0xb215decbedd846168842f6e207f09bd5f50ce51d2191f238887d976ec21b6f66,1777590006,2026-04-30T23:00:06+00:00,0.0255,clob_prices_history
52035147432985774092509040925165515760899062720939921734142361138587845236034,0xb215decbedd846168842f6e207f09bd5f50ce51d2191f238887d976ec21b6f66,1777590906,2026-04-30T23:15:06+00:00,0.026,clob_prices_history
52035147432985774092509040925165515760899062720939921734142361138587845236034,0xb215decbedd846168842f6e207f09bd5f50ce51d2191f238887d976ec21b6f66,1777591805,2026-04-30T23:30:05+00:00,0.026,clob_prices_history
52035147432985774092509040925165515760899062720939921734142361138587845236034,0xb215decbedd846168842f6e207f09bd5f50ce51d2191f238887d976ec21b6f66,1777592705,2026-04-30T23:45:05+00:00,0.026,clob_prices_history
