asset,conditionId,timestamp,timestamp_utc,price,source
62780808278969531638786026928407853049620076930842963388102875757599323764741,0x8329bdd734ac55ee38848a6730c8cf80a604441164038d60e6e0c2acb034986c,1775002547,2026-04-01T00:15:47+00:00,0.148,clob_prices_history
62780808278969531638786026928407853049620076930842963388102875757599323764741,0x8329bdd734ac55ee38848a6730c8cf80a604441164038d60e6e0c2acb034986c,1775004348,2026-04-01T00:45:48+00:00,0.148,clob_prices_history
62780808278969531638786026928407853049620076930842963388102875757599323764741,0x8329bdd734ac55ee38848a6730c8cf80a604441164038d60e6e0c2acb034986c,1775005252,2026-04-01T01:00:52+00:00,0.148,clob_prices_history
62780808278969531638786026928407853049620076930842963388102875757599323764741,0x8329bdd734ac55ee38848a6730c8cf80a604441164038d60e6e0c2acb034986c,1775006100,2026-04-01T01:15:00+00:00,0.148,clob_prices_history
62780808278969531638786026928407853049620076930842963388102875757599323764741,0x8329bdd734ac55ee38848a6730c8cf80a604441164038d60e6e0c2acb034986c,1775006152,2026-04-01T01:15:52+00:00,0.148,clob_prices_history
62780808278969531638786026928407853049620076930842963388102875757599323764741,0x8329bdd734ac55ee38848a6730c8cf80a604441164038d60e6e0c2acb034986c,1775007052,2026-04-01T01:30:52+00:00,0.148,clob_prices_history
62780808278969531638786026928407853049620076930842963388102875757599323764741,0x8329bdd734ac55ee38848a6730c8cf80a604441164038d60e6e0c2acb034986c,1775007953,2026-04-01T01:45:53+00:00,0.148,clob_prices_history
62780808278969531638786026928407853049620076930842963388102875757599323764741,0x8329bdd734ac55ee38848a6730c8cf80a604441164038d60e6e0c2acb034986c,1775008855,2026-04-01T02:00:55+00:00,0.148,clob_prices_history
62780808278969531638786026928407853049620076930842963388102875757599323764741,0x8329bdd734ac55ee38848a6730c8cf80a604441164038d60e6e0c2acb034986c,1775010651,2026-04-01T02:30:51+00:00,0.148,clob_prices_history
62780808278969531638786026928407853049620076930842963388102875757599323764741,0x8329bdd734ac55ee38848a6730c8cf80a604441164038d60e6e0c2acb034986c,1775011550,2026-04-01T02:45:50+00:00,0.148,clob_prices_history
62780808278969531638786026928407853049620076930842963388102875757599323764741,0x8329bdd734ac55ee38848a6730c8cf80a604441164038d60e6e0c2acb034986c,1775013350,2026-04-01T03:15:50+00:00,0.148,clob_prices_history
62780808278969531638786026928407853049620076930842963388102875757599323764741,0x8329bdd734ac55ee38848a6730c8cf80a604441164038d60e6e0c2acb034986c,1775014252,2026-04-01T03:30:52+00:00,0.148,clob_prices_history
62780808278969531638786026928407853049620076930842963388102875757599323764741,0x8329bdd734ac55ee38848a6730c8cf80a604441164038d60e6e0c2acb034986c,1775015147,2026-04-01T03:45:47+00:00,0.148,clob_prices_history
62780808278969531638786026928407853049620076930842963388102875757599323764741,0x8329bdd734ac55ee38848a6730c8cf80a604441164038d60e6e0c2acb034986c,1775016949,2026-04-01T04:15:49+00:00,0.148,clob_prices_history
62780808278969531638786026928407853049620076930842963388102875757599323764741,0x8329bdd734ac55ee38848a6730c8cf80a604441164038d60e6e0c2acb034986c,1775017853,2026-04-01T04:30:53+00:00,0.148,clob_prices_history
62780808278969531638786026928407853049620076930842963388102875757599323764741,0x8329bdd734ac55ee38848a6730c8cf80a604441164038d60e6e0c2acb034986c,1775018749,2026-04-01T04:45:49+00:00,0.148,clob_prices_history
62780808278969531638786026928407853049620076930842963388102875757599323764741,0x8329bdd734ac55ee38848a6730c8cf80a604441164038d60e6e0c2acb034986c,1775019652,2026-04-01T05:00:52+00:00,0.148,clob_prices_history
62780808278969531638786026928407853049620076930842963388102875757599323764741,0x8329bdd734ac55ee38848a6730c8cf80a604441164038d60e6e0c2acb034986c,1775020551,2026-04-01T05:15:51+00:00,0.148,clob_prices_history
62780808278969531638786026928407853049620076930842963388102875757599323764741,0x8329bdd734ac55ee38848a6730c8cf80a604441164038d60e6e0c2acb034986c,1775021408,2026-04-01T05:30:08+00:00,0.148,clob_prices_history
62780808278969531638786026928407853049620076930842963388102875757599323764741,0x8329bdd734ac55ee38848a6730c8cf80a604441164038d60e6e0c2acb034986c,1775022357,2026-04-01T05:45:57+00:00,0.148,clob_prices_history
62780808278969531638786026928407853049620076930842963388102875757599323764741,0x8329bdd734ac55ee38848a6730c8cf80a604441164038d60e6e0c2acb034986c,1775023256,2026-04-01T06:00:56+00:00,0.148,clob_prices_history
62780808278969531638786026928407853049620076930842963388102875757599323764741,0x8329bdd734ac55ee38848a6730c8cf80a604441164038d60e6e0c2acb034986c,1775025948,2026-04-01T06:45:48+00:00,0.148,clob_prices_history
62780808278969531638786026928407853049620076930842963388102875757599323764741,0x8329bdd734ac55ee38848a6730c8cf80a604441164038d60e6e0c2acb034986c,1775028651,2026-04-01T07:30:51+00:00,0.148,clob_prices_history
62780808278969531638786026928407853049620076930842963388102875757599323764741,0x8329bdd734ac55ee38848a6730c8cf80a604441164038d60e6e0c2acb034986c,1775029548,2026-04-01T07:45:48+00:00,0.148,clob_prices_history
62780808278969531638786026928407853049620076930842963388102875757599323764741,0x8329bdd734ac55ee38848a6730c8cf80a604441164038d60e6e0c2acb034986c,1775030459,2026-04-01T08:00:59+00:00,0.148,clob_prices_history
62780808278969531638786026928407853049620076930842963388102875757599323764741,0x8329bdd734ac55ee38848a6730c8cf80a604441164038d60e6e0c2acb034986c,1775031305,2026-04-01T08:15:05+00:00,0.148,clob_prices_history
62780808278969531638786026928407853049620076930842963388102875757599323764741,0x8329bdd734ac55ee38848a6730c8cf80a604441164038d60e6e0c2acb034986c,1775033150,2026-04-01T08:45:50+00:00,0.148,clob_prices_history
62780808278969531638786026928407853049620076930842963388102875757599323764741,0x8329bdd734ac55ee38848a6730c8cf80a604441164038d60e6e0c2acb034986c,1775034001,2026-04-01T09:00:01+00:00,0.148,clob_prices_history
62780808278969531638786026928407853049620076930842963388102875757599323764741,0x8329bdd734ac55ee38848a6730c8cf80a604441164038d60e6e0c2acb034986c,1775034954,2026-04-01T09:15:54+00:00,0.148,clob_prices_history
62780808278969531638786026928407853049620076930842963388102875757599323764741,0x8329bdd734ac55ee38848a6730c8cf80a604441164038d60e6e0c2acb034986c,1775035857,2026-04-01T09:30:57+00:00,0.148,clob_prices_history
62780808278969531638786026928407853049620076930842963388102875757599323764741,0x8329bdd734ac55ee38848a6730c8cf80a604441164038d60e6e0c2acb034986c,1775036701,2026-04-01T09:45:01+00:00,0.148,clob_prices_history
62780808278969531638786026928407853049620076930842963388102875757599323764741,0x8329bdd734ac55ee38848a6730c8cf80a604441164038d60e6e0c2acb034986c,1775036753,2026-04-01T09:45:53+00:00,0.148,clob_prices_history
62780808278969531638786026928407853049620076930842963388102875757599323764741,0x8329bdd734ac55ee38848a6730c8cf80a604441164038d60e6e0c2acb034986c,1775037652,2026-04-01T10:00:52+00:00,0.148,clob_prices_history
62780808278969531638786026928407853049620076930842963388102875757599323764741,0x8329bdd734ac55ee38848a6730c8cf80a604441164038d60e6e0c2acb034986c,1775038549,2026-04-01T10:15:49+00:00,0.158,clob_prices_history
62780808278969531638786026928407853049620076930842963388102875757599323764741,0x8329bdd734ac55ee38848a6730c8cf80a604441164038d60e6e0c2acb034986c,1775039451,2026-04-01T10:30:51+00:00,0.158,clob_prices_history
62780808278969531638786026928407853049620076930842963388102875757599323764741,0x8329bdd734ac55ee38848a6730c8cf80a604441164038d60e6e0c2acb034986c,1775040352,2026-04-01T10:45:52+00:00,0.158,clob_prices_history
62780808278969531638786026928407853049620076930842963388102875757599323764741,0x8329bdd734ac55ee38848a6730c8cf80a604441164038d60e6e0c2acb034986c,1775041251,2026-04-01T11:00:51+00:00,0.158,clob_prices_history
62780808278969531638786026928407853049620076930842963388102875757599323764741,0x8329bdd734ac55ee38848a6730c8cf80a604441164038d60e6e0c2acb034986c,1775042148,2026-04-01T11:15:48+00:00,0.148,clob_prices_history
62780808278969531638786026928407853049620076930842963388102875757599323764741,0x8329bdd734ac55ee38848a6730c8cf80a604441164038d60e6e0c2acb034986c,1775043049,2026-04-01T11:30:49+00:00,0.148,clob_prices_history
62780808278969531638786026928407853049620076930842963388102875757599323764741,0x8329bdd734ac55ee38848a6730c8cf80a604441164038d60e6e0c2acb034986c,1775043945,2026-04-01T11:45:45+00:00,0.148,clob_prices_history
62780808278969531638786026928407853049620076930842963388102875757599323764741,0x8329bdd734ac55ee38848a6730c8cf80a604441164038d60e6e0c2acb034986c,1775045747,2026-04-01T12:15:47+00:00,0.148,clob_prices_history
62780808278969531638786026928407853049620076930842963388102875757599323764741,0x8329bdd734ac55ee38848a6730c8cf80a604441164038d60e6e0c2acb034986c,1775046655,2026-04-01T12:30:55+00:00,0.148,clob_prices_history
62780808278969531638786026928407853049620076930842963388102875757599323764741,0x8329bdd734ac55ee38848a6730c8cf80a604441164038d60e6e0c2acb034986c,1775047554,2026-04-01T12:45:54+00:00,0.148,clob_prices_history
62780808278969531638786026928407853049620076930842963388102875757599323764741,0x8329bdd734ac55ee38848a6730c8cf80a604441164038d60e6e0c2acb034986c,1775048452,2026-04-01T13:00:52+00:00,0.148,clob_prices_history
62780808278969531638786026928407853049620076930842963388102875757599323764741,0x8329bdd734ac55ee38848a6730c8cf80a604441164038d60e6e0c2acb034986c,1775049356,2026-04-01T13:15:56+00:00,0.148,clob_prices_history
62780808278969531638786026928407853049620076930842963388102875757599323764741,0x8329bdd734ac55ee38848a6730c8cf80a604441164038d60e6e0c2acb034986c,1775050259,2026-04-01T13:30:59+00:00,0.148,clob_prices_history
62780808278969531638786026928407853049620076930842963388102875757599323764741,0x8329bdd734ac55ee38848a6730c8cf80a604441164038d60e6e0c2acb034986c,1775051152,2026-04-01T13:45:52+00:00,0.148,clob_prices_history
62780808278969531638786026928407853049620076930842963388102875757599323764741,0x8329bdd734ac55ee38848a6730c8cf80a604441164038d60e6e0c2acb034986c,1775052057,2026-04-01T14:00:57+00:00,0.148,clob_prices_history
62780808278969531638786026928407853049620076930842963388102875757599323764741,0x8329bdd734ac55ee38848a6730c8cf80a604441164038d60e6e0c2acb034986c,1775053856,2026-04-01T14:30:56+00:00,0.167,clob_prices_history
62780808278969531638786026928407853049620076930842963388102875757599323764741,0x8329bdd734ac55ee38848a6730c8cf80a604441164038d60e6e0c2acb034986c,1775054755,2026-04-01T14:45:55+00:00,0.167,clob_prices_history
62780808278969531638786026928407853049620076930842963388102875757599323764741,0x8329bdd734ac55ee38848a6730c8cf80a604441164038d60e6e0c2acb034986c,1775056509,2026-04-01T15:15:09+00:00,0.167,clob_prices_history
62780808278969531638786026928407853049620076930842963388102875757599323764741,0x8329bdd734ac55ee38848a6730c8cf80a604441164038d60e6e0c2acb034986c,1775060149,2026-04-01T16:15:49+00:00,0.1695,clob_prices_history
62780808278969531638786026928407853049620076930842963388102875757599323764741,0x8329bdd734ac55ee38848a6730c8cf80a604441164038d60e6e0c2acb034986c,1775061055,2026-04-01T16:30:55+00:00,0.1695,clob_prices_history
62780808278969531638786026928407853049620076930842963388102875757599323764741,0x8329bdd734ac55ee38848a6730c8cf80a604441164038d60e6e0c2acb034986c,1775061953,2026-04-01T16:45:53+00:00,0.1695,clob_prices_history
62780808278969531638786026928407853049620076930842963388102875757599323764741,0x8329bdd734ac55ee38848a6730c8cf80a604441164038d60e6e0c2acb034986c,1775063754,2026-04-01T17:15:54+00:00,0.1695,clob_prices_history
62780808278969531638786026928407853049620076930842963388102875757599323764741,0x8329bdd734ac55ee38848a6730c8cf80a604441164038d60e6e0c2acb034986c,1775065507,2026-04-01T17:45:07+00:00,0.1695,clob_prices_history
62780808278969531638786026928407853049620076930842963388102875757599323764741,0x8329bdd734ac55ee38848a6730c8cf80a604441164038d60e6e0c2acb034986c,1775067357,2026-04-01T18:15:57+00:00,0.1695,clob_prices_history
62780808278969531638786026928407853049620076930842963388102875757599323764741,0x8329bdd734ac55ee38848a6730c8cf80a604441164038d60e6e0c2acb034986c,1775068207,2026-04-01T18:30:07+00:00,0.17,clob_prices_history
62780808278969531638786026928407853049620076930842963388102875757599323764741,0x8329bdd734ac55ee38848a6730c8cf80a604441164038d60e6e0c2acb034986c,1775069158,2026-04-01T18:45:58+00:00,0.1695,clob_prices_history
62780808278969531638786026928407853049620076930842963388102875757599323764741,0x8329bdd734ac55ee38848a6730c8cf80a604441164038d60e6e0c2acb034986c,1775070952,2026-04-01T19:15:52+00:00,0.1695,clob_prices_history
62780808278969531638786026928407853049620076930842963388102875757599323764741,0x8329bdd734ac55ee38848a6730c8cf80a604441164038d60e6e0c2acb034986c,1775071810,2026-04-01T19:30:10+00:00,0.17,clob_prices_history
62780808278969531638786026928407853049620076930842963388102875757599323764741,0x8329bdd734ac55ee38848a6730c8cf80a604441164038d60e6e0c2acb034986c,1775072756,2026-04-01T19:45:56+00:00,0.1695,clob_prices_history
62780808278969531638786026928407853049620076930842963388102875757599323764741,0x8329bdd734ac55ee38848a6730c8cf80a604441164038d60e6e0c2acb034986c,1775074548,2026-04-01T20:15:48+00:00,0.1695,clob_prices_history
62780808278969531638786026928407853049620076930842963388102875757599323764741,0x8329bdd734ac55ee38848a6730c8cf80a604441164038d60e6e0c2acb034986c,1775076356,2026-04-01T20:45:56+00:00,0.1695,clob_prices_history
62780808278969531638786026928407853049620076930842963388102875757599323764741,0x8329bdd734ac55ee38848a6730c8cf80a604441164038d60e6e0c2acb034986c,1775077228,2026-04-01T21:00:28+00:00,0.1695,clob_prices_history
62780808278969531638786026928407853049620076930842963388102875757599323764741,0x8329bdd734ac55ee38848a6730c8cf80a604441164038d60e6e0c2acb034986c,1775078154,2026-04-01T21:15:54+00:00,0.17,clob_prices_history
62780808278969531638786026928407853049620076930842963388102875757599323764741,0x8329bdd734ac55ee38848a6730c8cf80a604441164038d60e6e0c2acb034986c,1775079953,2026-04-01T21:45:53+00:00,0.1695,clob_prices_history
62780808278969531638786026928407853049620076930842963388102875757599323764741,0x8329bdd734ac55ee38848a6730c8cf80a604441164038d60e6e0c2acb034986c,1775080856,2026-04-01T22:00:56+00:00,0.1695,clob_prices_history
62780808278969531638786026928407853049620076930842963388102875757599323764741,0x8329bdd734ac55ee38848a6730c8cf80a604441164038d60e6e0c2acb034986c,1775081714,2026-04-01T22:15:14+00:00,0.17,clob_prices_history
62780808278969531638786026928407853049620076930842963388102875757599323764741,0x8329bdd734ac55ee38848a6730c8cf80a604441164038d60e6e0c2acb034986c,1775082659,2026-04-01T22:30:59+00:00,0.1695,clob_prices_history
62780808278969531638786026928407853049620076930842963388102875757599323764741,0x8329bdd734ac55ee38848a6730c8cf80a604441164038d60e6e0c2acb034986c,1775083555,2026-04-01T22:45:55+00:00,0.1695,clob_prices_history
62780808278969531638786026928407853049620076930842963388102875757599323764741,0x8329bdd734ac55ee38848a6730c8cf80a604441164038d60e6e0c2acb034986c,1775085356,2026-04-01T23:15:56+00:00,0.17,clob_prices_history
62780808278969531638786026928407853049620076930842963388102875757599323764741,0x8329bdd734ac55ee38848a6730c8cf80a604441164038d60e6e0c2acb034986c,1775087154,2026-04-01T23:45:54+00:00,0.1695,clob_prices_history
62780808278969531638786026928407853049620076930842963388102875757599323764741,0x8329bdd734ac55ee38848a6730c8cf80a604441164038d60e6e0c2acb034986c,1775089854,2026-04-02T00:30:54+00:00,0.17,clob_prices_history
62780808278969531638786026928407853049620076930842963388102875757599323764741,0x8329bdd734ac55ee38848a6730c8cf80a604441164038d60e6e0c2acb034986c,1775090751,2026-04-02T00:45:51+00:00,0.17,clob_prices_history
62780808278969531638786026928407853049620076930842963388102875757599323764741,0x8329bdd734ac55ee38848a6730c8cf80a604441164038d60e6e0c2acb034986c,1775092547,2026-04-02T01:15:47+00:00,0.17,clob_prices_history
62780808278969531638786026928407853049620076930842963388102875757599323764741,0x8329bdd734ac55ee38848a6730c8cf80a604441164038d60e6e0c2acb034986c,1775094359,2026-04-02T01:45:59+00:00,0.17,clob_prices_history
62780808278969531638786026928407853049620076930842963388102875757599323764741,0x8329bdd734ac55ee38848a6730c8cf80a604441164038d60e6e0c2acb034986c,1775095258,2026-04-02T02:00:58+00:00,0.17,clob_prices_history
62780808278969531638786026928407853049620076930842963388102875757599323764741,0x8329bdd734ac55ee38848a6730c8cf80a604441164038d60e6e0c2acb034986c,1775096152,2026-04-02T02:15:52+00:00,0.17,clob_prices_history
62780808278969531638786026928407853049620076930842963388102875757599323764741,0x8329bdd734ac55ee38848a6730c8cf80a604441164038d60e6e0c2acb034986c,1775097958,2026-04-02T02:45:58+00:00,0.17,clob_prices_history
62780808278969531638786026928407853049620076930842963388102875757599323764741,0x8329bdd734ac55ee38848a6730c8cf80a604441164038d60e6e0c2acb034986c,1775099751,2026-04-02T03:15:51+00:00,0.17,clob_prices_history
62780808278969531638786026928407853049620076930842963388102875757599323764741,0x8329bdd734ac55ee38848a6730c8cf80a604441164038d60e6e0c2acb034986c,1775100652,2026-04-02T03:30:52+00:00,0.17,clob_prices_history
62780808278969531638786026928407853049620076930842963388102875757599323764741,0x8329bdd734ac55ee38848a6730c8cf80a604441164038d60e6e0c2acb034986c,1775101554,2026-04-02T03:45:54+00:00,0.17,clob_prices_history
62780808278969531638786026928407853049620076930842963388102875757599323764741,0x8329bdd734ac55ee38848a6730c8cf80a604441164038d60e6e0c2acb034986c,1775102457,2026-04-02T04:00:57+00:00,0.17,clob_prices_history
62780808278969531638786026928407853049620076930842963388102875757599323764741,0x8329bdd734ac55ee38848a6730c8cf80a604441164038d60e6e0c2acb034986c,1775103349,2026-04-02T04:15:49+00:00,0.17,clob_prices_history
62780808278969531638786026928407853049620076930842963388102875757599323764741,0x8329bdd734ac55ee38848a6730c8cf80a604441164038d60e6e0c2acb034986c,1775106056,2026-04-02T05:00:56+00:00,0.17,clob_prices_history
62780808278969531638786026928407853049620076930842963388102875757599323764741,0x8329bdd734ac55ee38848a6730c8cf80a604441164038d60e6e0c2acb034986c,1775106956,2026-04-02T05:15:56+00:00,0.17,clob_prices_history
62780808278969531638786026928407853049620076930842963388102875757599323764741,0x8329bdd734ac55ee38848a6730c8cf80a604441164038d60e6e0c2acb034986c,1775107854,2026-04-02T05:30:54+00:00,0.17,clob_prices_history
62780808278969531638786026928407853049620076930842963388102875757599323764741,0x8329bdd734ac55ee38848a6730c8cf80a604441164038d60e6e0c2acb034986c,1775108702,2026-04-02T05:45:02+00:00,0.17,clob_prices_history
62780808278969531638786026928407853049620076930842963388102875757599323764741,0x8329bdd734ac55ee38848a6730c8cf80a604441164038d60e6e0c2acb034986c,1775108755,2026-04-02T05:45:55+00:00,0.17,clob_prices_history
62780808278969531638786026928407853049620076930842963388102875757599323764741,0x8329bdd734ac55ee38848a6730c8cf80a604441164038d60e6e0c2acb034986c,1775110552,2026-04-02T06:15:52+00:00,0.17,clob_prices_history
62780808278969531638786026928407853049620076930842963388102875757599323764741,0x8329bdd734ac55ee38848a6730c8cf80a604441164038d60e6e0c2acb034986c,1775112347,2026-04-02T06:45:47+00:00,0.17,clob_prices_history
62780808278969531638786026928407853049620076930842963388102875757599323764741,0x8329bdd734ac55ee38848a6730c8cf80a604441164038d60e6e0c2acb034986c,1775113254,2026-04-02T07:00:54+00:00,0.17,clob_prices_history
62780808278969531638786026928407853049620076930842963388102875757599323764741,0x8329bdd734ac55ee38848a6730c8cf80a604441164038d60e6e0c2acb034986c,1775114146,2026-04-02T07:15:46+00:00,0.17,clob_prices_history
62780808278969531638786026928407853049620076930842963388102875757599323764741,0x8329bdd734ac55ee38848a6730c8cf80a604441164038d60e6e0c2acb034986c,1775115056,2026-04-02T07:30:56+00:00,0.17,clob_prices_history
62780808278969531638786026928407853049620076930842963388102875757599323764741,0x8329bdd734ac55ee38848a6730c8cf80a604441164038d60e6e0c2acb034986c,1775115947,2026-04-02T07:45:47+00:00,0.17,clob_prices_history
62780808278969531638786026928407853049620076930842963388102875757599323764741,0x8329bdd734ac55ee38848a6730c8cf80a604441164038d60e6e0c2acb034986c,1775116854,2026-04-02T08:00:54+00:00,0.17,clob_prices_history
62780808278969531638786026928407853049620076930842963388102875757599323764741,0x8329bdd734ac55ee38848a6730c8cf80a604441164038d60e6e0c2acb034986c,1775117747,2026-04-02T08:15:47+00:00,0.17,clob_prices_history
62780808278969531638786026928407853049620076930842963388102875757599323764741,0x8329bdd734ac55ee38848a6730c8cf80a604441164038d60e6e0c2acb034986c,1775118650,2026-04-02T08:30:50+00:00,0.17,clob_prices_history
62780808278969531638786026928407853049620076930842963388102875757599323764741,0x8329bdd734ac55ee38848a6730c8cf80a604441164038d60e6e0c2acb034986c,1775120457,2026-04-02T09:00:57+00:00,0.17,clob_prices_history
62780808278969531638786026928407853049620076930842963388102875757599323764741,0x8329bdd734ac55ee38848a6730c8cf80a604441164038d60e6e0c2acb034986c,1775121352,2026-04-02T09:15:52+00:00,0.17,clob_prices_history
62780808278969531638786026928407853049620076930842963388102875757599323764741,0x8329bdd734ac55ee38848a6730c8cf80a604441164038d60e6e0c2acb034986c,1775122254,2026-04-02T09:30:54+00:00,0.17,clob_prices_history
62780808278969531638786026928407853049620076930842963388102875757599323764741,0x8329bdd734ac55ee38848a6730c8cf80a604441164038d60e6e0c2acb034986c,1775123148,2026-04-02T09:45:48+00:00,0.17,clob_prices_history
62780808278969531638786026928407853049620076930842963388102875757599323764741,0x8329bdd734ac55ee38848a6730c8cf80a604441164038d60e6e0c2acb034986c,1775124053,2026-04-02T10:00:53+00:00,0.17,clob_prices_history
62780808278969531638786026928407853049620076930842963388102875757599323764741,0x8329bdd734ac55ee38848a6730c8cf80a604441164038d60e6e0c2acb034986c,1775124953,2026-04-02T10:15:53+00:00,0.17,clob_prices_history
62780808278969531638786026928407853049620076930842963388102875757599323764741,0x8329bdd734ac55ee38848a6730c8cf80a604441164038d60e6e0c2acb034986c,1775125855,2026-04-02T10:30:55+00:00,0.17,clob_prices_history
62780808278969531638786026928407853049620076930842963388102875757599323764741,0x8329bdd734ac55ee38848a6730c8cf80a604441164038d60e6e0c2acb034986c,1775126749,2026-04-02T10:45:49+00:00,0.17,clob_prices_history
62780808278969531638786026928407853049620076930842963388102875757599323764741,0x8329bdd734ac55ee38848a6730c8cf80a604441164038d60e6e0c2acb034986c,1775128547,2026-04-02T11:15:47+00:00,0.17,clob_prices_history
62780808278969531638786026928407853049620076930842963388102875757599323764741,0x8329bdd734ac55ee38848a6730c8cf80a604441164038d60e6e0c2acb034986c,1775129457,2026-04-02T11:30:57+00:00,0.17,clob_prices_history
62780808278969531638786026928407853049620076930842963388102875757599323764741,0x8329bdd734ac55ee38848a6730c8cf80a604441164038d60e6e0c2acb034986c,1775130349,2026-04-02T11:45:49+00:00,0.17,clob_prices_history
62780808278969531638786026928407853049620076930842963388102875757599323764741,0x8329bdd734ac55ee38848a6730c8cf80a604441164038d60e6e0c2acb034986c,1775132155,2026-04-02T12:15:55+00:00,0.17,clob_prices_history
62780808278969531638786026928407853049620076930842963388102875757599323764741,0x8329bdd734ac55ee38848a6730c8cf80a604441164038d60e6e0c2acb034986c,1775136608,2026-04-02T13:30:08+00:00,0.17,clob_prices_history
62780808278969531638786026928407853049620076930842963388102875757599323764741,0x8329bdd734ac55ee38848a6730c8cf80a604441164038d60e6e0c2acb034986c,1775137557,2026-04-02T13:45:57+00:00,0.17,clob_prices_history
62780808278969531638786026928407853049620076930842963388102875757599323764741,0x8329bdd734ac55ee38848a6730c8cf80a604441164038d60e6e0c2acb034986c,1775139353,2026-04-02T14:15:53+00:00,0.17,clob_prices_history
62780808278969531638786026928407853049620076930842963388102875757599323764741,0x8329bdd734ac55ee38848a6730c8cf80a604441164038d60e6e0c2acb034986c,1775142013,2026-04-02T15:00:13+00:00,0.17,clob_prices_history
62780808278969531638786026928407853049620076930842963388102875757599323764741,0x8329bdd734ac55ee38848a6730c8cf80a604441164038d60e6e0c2acb034986c,1775142911,2026-04-02T15:15:11+00:00,0.17,clob_prices_history
62780808278969531638786026928407853049620076930842963388102875757599323764741,0x8329bdd734ac55ee38848a6730c8cf80a604441164038d60e6e0c2acb034986c,1775145614,2026-04-02T16:00:14+00:00,0.17,clob_prices_history
62780808278969531638786026928407853049620076930842963388102875757599323764741,0x8329bdd734ac55ee38848a6730c8cf80a604441164038d60e6e0c2acb034986c,1775147417,2026-04-02T16:30:17+00:00,0.17,clob_prices_history
62780808278969531638786026928407853049620076930842963388102875757599323764741,0x8329bdd734ac55ee38848a6730c8cf80a604441164038d60e6e0c2acb034986c,1775149226,2026-04-02T17:00:26+00:00,0.1695,clob_prices_history
62780808278969531638786026928407853049620076930842963388102875757599323764741,0x8329bdd734ac55ee38848a6730c8cf80a604441164038d60e6e0c2acb034986c,1775150134,2026-04-02T17:15:34+00:00,0.1695,clob_prices_history
62780808278969531638786026928407853049620076930842963388102875757599323764741,0x8329bdd734ac55ee38848a6730c8cf80a604441164038d60e6e0c2acb034986c,1775151042,2026-04-02T17:30:42+00:00,0.1695,clob_prices_history
62780808278969531638786026928407853049620076930842963388102875757599323764741,0x8329bdd734ac55ee38848a6730c8cf80a604441164038d60e6e0c2acb034986c,1775151949,2026-04-02T17:45:49+00:00,0.1695,clob_prices_history
62780808278969531638786026928407853049620076930842963388102875757599323764741,0x8329bdd734ac55ee38848a6730c8cf80a604441164038d60e6e0c2acb034986c,1775153750,2026-04-02T18:15:50+00:00,0.1695,clob_prices_history
62780808278969531638786026928407853049620076930842963388102875757599323764741,0x8329bdd734ac55ee38848a6730c8cf80a604441164038d60e6e0c2acb034986c,1775154654,2026-04-02T18:30:54+00:00,0.1695,clob_prices_history
62780808278969531638786026928407853049620076930842963388102875757599323764741,0x8329bdd734ac55ee38848a6730c8cf80a604441164038d60e6e0c2acb034986c,1775156455,2026-04-02T19:00:55+00:00,0.1695,clob_prices_history
62780808278969531638786026928407853049620076930842963388102875757599323764741,0x8329bdd734ac55ee38848a6730c8cf80a604441164038d60e6e0c2acb034986c,1775157354,2026-04-02T19:15:54+00:00,0.1695,clob_prices_history
62780808278969531638786026928407853049620076930842963388102875757599323764741,0x8329bdd734ac55ee38848a6730c8cf80a604441164038d60e6e0c2acb034986c,1775158257,2026-04-02T19:30:57+00:00,0.1695,clob_prices_history
62780808278969531638786026928407853049620076930842963388102875757599323764741,0x8329bdd734ac55ee38848a6730c8cf80a604441164038d60e6e0c2acb034986c,1775159150,2026-04-02T19:45:50+00:00,0.1695,clob_prices_history
62780808278969531638786026928407853049620076930842963388102875757599323764741,0x8329bdd734ac55ee38848a6730c8cf80a604441164038d60e6e0c2acb034986c,1775160057,2026-04-02T20:00:57+00:00,0.1695,clob_prices_history
62780808278969531638786026928407853049620076930842963388102875757599323764741,0x8329bdd734ac55ee38848a6730c8cf80a604441164038d60e6e0c2acb034986c,1775160950,2026-04-02T20:15:50+00:00,0.1695,clob_prices_history
62780808278969531638786026928407853049620076930842963388102875757599323764741,0x8329bdd734ac55ee38848a6730c8cf80a604441164038d60e6e0c2acb034986c,1775161859,2026-04-02T20:30:59+00:00,0.1695,clob_prices_history
62780808278969531638786026928407853049620076930842963388102875757599323764741,0x8329bdd734ac55ee38848a6730c8cf80a604441164038d60e6e0c2acb034986c,1775162702,2026-04-02T20:45:02+00:00,0.1695,clob_prices_history
62780808278969531638786026928407853049620076930842963388102875757599323764741,0x8329bdd734ac55ee38848a6730c8cf80a604441164038d60e6e0c2acb034986c,1775164553,2026-04-02T21:15:53+00:00,0.1695,clob_prices_history
62780808278969531638786026928407853049620076930842963388102875757599323764741,0x8329bdd734ac55ee38848a6730c8cf80a604441164038d60e6e0c2acb034986c,1775165455,2026-04-02T21:30:55+00:00,0.1695,clob_prices_history
62780808278969531638786026928407853049620076930842963388102875757599323764741,0x8329bdd734ac55ee38848a6730c8cf80a604441164038d60e6e0c2acb034986c,1775166359,2026-04-02T21:45:59+00:00,0.1695,clob_prices_history
62780808278969531638786026928407853049620076930842963388102875757599323764741,0x8329bdd734ac55ee38848a6730c8cf80a604441164038d60e6e0c2acb034986c,1775168104,2026-04-02T22:15:04+00:00,0.1695,clob_prices_history
62780808278969531638786026928407853049620076930842963388102875757599323764741,0x8329bdd734ac55ee38848a6730c8cf80a604441164038d60e6e0c2acb034986c,1775169057,2026-04-02T22:30:57+00:00,0.1695,clob_prices_history
62780808278969531638786026928407853049620076930842963388102875757599323764741,0x8329bdd734ac55ee38848a6730c8cf80a604441164038d60e6e0c2acb034986c,1775170855,2026-04-02T23:00:55+00:00,0.1695,clob_prices_history
62780808278969531638786026928407853049620076930842963388102875757599323764741,0x8329bdd734ac55ee38848a6730c8cf80a604441164038d60e6e0c2acb034986c,1775171754,2026-04-02T23:15:54+00:00,0.1695,clob_prices_history
62780808278969531638786026928407853049620076930842963388102875757599323764741,0x8329bdd734ac55ee38848a6730c8cf80a604441164038d60e6e0c2acb034986c,1775172655,2026-04-02T23:30:55+00:00,0.1695,clob_prices_history
62780808278969531638786026928407853049620076930842963388102875757599323764741,0x8329bdd734ac55ee38848a6730c8cf80a604441164038d60e6e0c2acb034986c,1775173551,2026-04-02T23:45:51+00:00,0.1695,clob_prices_history
62780808278969531638786026928407853049620076930842963388102875757599323764741,0x8329bdd734ac55ee38848a6730c8cf80a604441164038d60e6e0c2acb034986c,1775175348,2026-04-03T00:15:48+00:00,0.1695,clob_prices_history
62780808278969531638786026928407853049620076930842963388102875757599323764741,0x8329bdd734ac55ee38848a6730c8cf80a604441164038d60e6e0c2acb034986c,1775176258,2026-04-03T00:30:58+00:00,0.1695,clob_prices_history
62780808278969531638786026928407853049620076930842963388102875757599323764741,0x8329bdd734ac55ee38848a6730c8cf80a604441164038d60e6e0c2acb034986c,1775177150,2026-04-03T00:45:50+00:00,0.1695,clob_prices_history
62780808278969531638786026928407853049620076930842963388102875757599323764741,0x8329bdd734ac55ee38848a6730c8cf80a604441164038d60e6e0c2acb034986c,1775178055,2026-04-03T01:00:55+00:00,0.1695,clob_prices_history
62780808278969531638786026928407853049620076930842963388102875757599323764741,0x8329bdd734ac55ee38848a6730c8cf80a604441164038d60e6e0c2acb034986c,1775178951,2026-04-03T01:15:51+00:00,0.1695,clob_prices_history
62780808278969531638786026928407853049620076930842963388102875757599323764741,0x8329bdd734ac55ee38848a6730c8cf80a604441164038d60e6e0c2acb034986c,1775179859,2026-04-03T01:30:59+00:00,0.1695,clob_prices_history
62780808278969531638786026928407853049620076930842963388102875757599323764741,0x8329bdd734ac55ee38848a6730c8cf80a604441164038d60e6e0c2acb034986c,1775180749,2026-04-03T01:45:49+00:00,0.1695,clob_prices_history
62780808278969531638786026928407853049620076930842963388102875757599323764741,0x8329bdd734ac55ee38848a6730c8cf80a604441164038d60e6e0c2acb034986c,1775181659,2026-04-03T02:00:59+00:00,0.1695,clob_prices_history
62780808278969531638786026928407853049620076930842963388102875757599323764741,0x8329bdd734ac55ee38848a6730c8cf80a604441164038d60e6e0c2acb034986c,1775182551,2026-04-03T02:15:51+00:00,0.1695,clob_prices_history
62780808278969531638786026928407853049620076930842963388102875757599323764741,0x8329bdd734ac55ee38848a6730c8cf80a604441164038d60e6e0c2acb034986c,1775183456,2026-04-03T02:30:56+00:00,0.1695,clob_prices_history
62780808278969531638786026928407853049620076930842963388102875757599323764741,0x8329bdd734ac55ee38848a6730c8cf80a604441164038d60e6e0c2acb034986c,1775186151,2026-04-03T03:15:51+00:00,0.1695,clob_prices_history
62780808278969531638786026928407853049620076930842963388102875757599323764741,0x8329bdd734ac55ee38848a6730c8cf80a604441164038d60e6e0c2acb034986c,1775187056,2026-04-03T03:30:56+00:00,0.1695,clob_prices_history
62780808278969531638786026928407853049620076930842963388102875757599323764741,0x8329bdd734ac55ee38848a6730c8cf80a604441164038d60e6e0c2acb034986c,1775187954,2026-04-03T03:45:54+00:00,0.1695,clob_prices_history
62780808278969531638786026928407853049620076930842963388102875757599323764741,0x8329bdd734ac55ee38848a6730c8cf80a604441164038d60e6e0c2acb034986c,1775188855,2026-04-03T04:00:55+00:00,0.1695,clob_prices_history
62780808278969531638786026928407853049620076930842963388102875757599323764741,0x8329bdd734ac55ee38848a6730c8cf80a604441164038d60e6e0c2acb034986c,1775189751,2026-04-03T04:15:51+00:00,0.1695,clob_prices_history
62780808278969531638786026928407853049620076930842963388102875757599323764741,0x8329bdd734ac55ee38848a6730c8cf80a604441164038d60e6e0c2acb034986c,1775190601,2026-04-03T04:30:01+00:00,0.1695,clob_prices_history
62780808278969531638786026928407853049620076930842963388102875757599323764741,0x8329bdd734ac55ee38848a6730c8cf80a604441164038d60e6e0c2acb034986c,1775190659,2026-04-03T04:30:59+00:00,0.1695,clob_prices_history
62780808278969531638786026928407853049620076930842963388102875757599323764741,0x8329bdd734ac55ee38848a6730c8cf80a604441164038d60e6e0c2acb034986c,1775191549,2026-04-03T04:45:49+00:00,0.1695,clob_prices_history
62780808278969531638786026928407853049620076930842963388102875757599323764741,0x8329bdd734ac55ee38848a6730c8cf80a604441164038d60e6e0c2acb034986c,1775192408,2026-04-03T05:00:08+00:00,0.1695,clob_prices_history
62780808278969531638786026928407853049620076930842963388102875757599323764741,0x8329bdd734ac55ee38848a6730c8cf80a604441164038d60e6e0c2acb034986c,1775193353,2026-04-03T05:15:53+00:00,0.1695,clob_prices_history
62780808278969531638786026928407853049620076930842963388102875757599323764741,0x8329bdd734ac55ee38848a6730c8cf80a604441164038d60e6e0c2acb034986c,1775195150,2026-04-03T05:45:50+00:00,0.1695,clob_prices_history
62780808278969531638786026928407853049620076930842963388102875757599323764741,0x8329bdd734ac55ee38848a6730c8cf80a604441164038d60e6e0c2acb034986c,1775196952,2026-04-03T06:15:52+00:00,0.1695,clob_prices_history
62780808278969531638786026928407853049620076930842963388102875757599323764741,0x8329bdd734ac55ee38848a6730c8cf80a604441164038d60e6e0c2acb034986c,1775199657,2026-04-03T07:00:57+00:00,0.1695,clob_prices_history
62780808278969531638786026928407853049620076930842963388102875757599323764741,0x8329bdd734ac55ee38848a6730c8cf80a604441164038d60e6e0c2acb034986c,1775200552,2026-04-03T07:15:52+00:00,0.1695,clob_prices_history
62780808278969531638786026928407853049620076930842963388102875757599323764741,0x8329bdd734ac55ee38848a6730c8cf80a604441164038d60e6e0c2acb034986c,1775201455,2026-04-03T07:30:55+00:00,0.1695,clob_prices_history
62780808278969531638786026928407853049620076930842963388102875757599323764741,0x8329bdd734ac55ee38848a6730c8cf80a604441164038d60e6e0c2acb034986c,1775202309,2026-04-03T07:45:09+00:00,0.1695,clob_prices_history
62780808278969531638786026928407853049620076930842963388102875757599323764741,0x8329bdd734ac55ee38848a6730c8cf80a604441164038d60e6e0c2acb034986c,1775203257,2026-04-03T08:00:57+00:00,0.1695,clob_prices_history
62780808278969531638786026928407853049620076930842963388102875757599323764741,0x8329bdd734ac55ee38848a6730c8cf80a604441164038d60e6e0c2acb034986c,1775204149,2026-04-03T08:15:49+00:00,0.1695,clob_prices_history
62780808278969531638786026928407853049620076930842963388102875757599323764741,0x8329bdd734ac55ee38848a6730c8cf80a604441164038d60e6e0c2acb034986c,1775205056,2026-04-03T08:30:56+00:00,0.1695,clob_prices_history
62780808278969531638786026928407853049620076930842963388102875757599323764741,0x8329bdd734ac55ee38848a6730c8cf80a604441164038d60e6e0c2acb034986c,1775207749,2026-04-03T09:15:49+00:00,0.184,clob_prices_history
62780808278969531638786026928407853049620076930842963388102875757599323764741,0x8329bdd734ac55ee38848a6730c8cf80a604441164038d60e6e0c2acb034986c,1775208659,2026-04-03T09:30:59+00:00,0.184,clob_prices_history
62780808278969531638786026928407853049620076930842963388102875757599323764741,0x8329bdd734ac55ee38848a6730c8cf80a604441164038d60e6e0c2acb034986c,1775209556,2026-04-03T09:45:56+00:00,0.1695,clob_prices_history
62780808278969531638786026928407853049620076930842963388102875757599323764741,0x8329bdd734ac55ee38848a6730c8cf80a604441164038d60e6e0c2acb034986c,1775210458,2026-04-03T10:00:58+00:00,0.1695,clob_prices_history
62780808278969531638786026928407853049620076930842963388102875757599323764741,0x8329bdd734ac55ee38848a6730c8cf80a604441164038d60e6e0c2acb034986c,1775211350,2026-04-03T10:15:50+00:00,0.1695,clob_prices_history
62780808278969531638786026928407853049620076930842963388102875757599323764741,0x8329bdd734ac55ee38848a6730c8cf80a604441164038d60e6e0c2acb034986c,1775213150,2026-04-03T10:45:50+00:00,0.184,clob_prices_history
62780808278969531638786026928407853049620076930842963388102875757599323764741,0x8329bdd734ac55ee38848a6730c8cf80a604441164038d60e6e0c2acb034986c,1775214057,2026-04-03T11:00:57+00:00,0.184,clob_prices_history
62780808278969531638786026928407853049620076930842963388102875757599323764741,0x8329bdd734ac55ee38848a6730c8cf80a604441164038d60e6e0c2acb034986c,1775214905,2026-04-03T11:15:05+00:00,0.184,clob_prices_history
62780808278969531638786026928407853049620076930842963388102875757599323764741,0x8329bdd734ac55ee38848a6730c8cf80a604441164038d60e6e0c2acb034986c,1775215857,2026-04-03T11:30:57+00:00,0.184,clob_prices_history
62780808278969531638786026928407853049620076930842963388102875757599323764741,0x8329bdd734ac55ee38848a6730c8cf80a604441164038d60e6e0c2acb034986c,1775216752,2026-04-03T11:45:52+00:00,0.1695,clob_prices_history
62780808278969531638786026928407853049620076930842963388102875757599323764741,0x8329bdd734ac55ee38848a6730c8cf80a604441164038d60e6e0c2acb034986c,1775218550,2026-04-03T12:15:50+00:00,0.1695,clob_prices_history
62780808278969531638786026928407853049620076930842963388102875757599323764741,0x8329bdd734ac55ee38848a6730c8cf80a604441164038d60e6e0c2acb034986c,1775220355,2026-04-03T12:45:55+00:00,0.1695,clob_prices_history
62780808278969531638786026928407853049620076930842963388102875757599323764741,0x8329bdd734ac55ee38848a6730c8cf80a604441164038d60e6e0c2acb034986c,1775222153,2026-04-03T13:15:53+00:00,0.1695,clob_prices_history
62780808278969531638786026928407853049620076930842963388102875757599323764741,0x8329bdd734ac55ee38848a6730c8cf80a604441164038d60e6e0c2acb034986c,1775225703,2026-04-03T14:15:03+00:00,0.1695,clob_prices_history
62780808278969531638786026928407853049620076930842963388102875757599323764741,0x8329bdd734ac55ee38848a6730c8cf80a604441164038d60e6e0c2acb034986c,1775226659,2026-04-03T14:30:59+00:00,0.1695,clob_prices_history
62780808278969531638786026928407853049620076930842963388102875757599323764741,0x8329bdd734ac55ee38848a6730c8cf80a604441164038d60e6e0c2acb034986c,1775229355,2026-04-03T15:15:55+00:00,0.1695,clob_prices_history
62780808278969531638786026928407853049620076930842963388102875757599323764741,0x8329bdd734ac55ee38848a6730c8cf80a604441164038d60e6e0c2acb034986c,1775231153,2026-04-03T15:45:53+00:00,0.1695,clob_prices_history
62780808278969531638786026928407853049620076930842963388102875757599323764741,0x8329bdd734ac55ee38848a6730c8cf80a604441164038d60e6e0c2acb034986c,1775233809,2026-04-03T16:30:09+00:00,0.1695,clob_prices_history
62780808278969531638786026928407853049620076930842963388102875757599323764741,0x8329bdd734ac55ee38848a6730c8cf80a604441164038d60e6e0c2acb034986c,1775234753,2026-04-03T16:45:53+00:00,0.1695,clob_prices_history
62780808278969531638786026928407853049620076930842963388102875757599323764741,0x8329bdd734ac55ee38848a6730c8cf80a604441164038d60e6e0c2acb034986c,1775235603,2026-04-03T17:00:03+00:00,0.1695,clob_prices_history
62780808278969531638786026928407853049620076930842963388102875757599323764741,0x8329bdd734ac55ee38848a6730c8cf80a604441164038d60e6e0c2acb034986c,1775236557,2026-04-03T17:15:57+00:00,0.1695,clob_prices_history
62780808278969531638786026928407853049620076930842963388102875757599323764741,0x8329bdd734ac55ee38848a6730c8cf80a604441164038d60e6e0c2acb034986c,1775237442,2026-04-03T17:30:42+00:00,0.1695,clob_prices_history
62780808278969531638786026928407853049620076930842963388102875757599323764741,0x8329bdd734ac55ee38848a6730c8cf80a604441164038d60e6e0c2acb034986c,1775238301,2026-04-03T17:45:01+00:00,0.1695,clob_prices_history
62780808278969531638786026928407853049620076930842963388102875757599323764741,0x8329bdd734ac55ee38848a6730c8cf80a604441164038d60e6e0c2acb034986c,1775239229,2026-04-03T18:00:29+00:00,0.1695,clob_prices_history
62780808278969531638786026928407853049620076930842963388102875757599323764741,0x8329bdd734ac55ee38848a6730c8cf80a604441164038d60e6e0c2acb034986c,1775241955,2026-04-03T18:45:55+00:00,0.1695,clob_prices_history
62780808278969531638786026928407853049620076930842963388102875757599323764741,0x8329bdd734ac55ee38848a6730c8cf80a604441164038d60e6e0c2acb034986c,1775242825,2026-04-03T19:00:25+00:00,0.1695,clob_prices_history
62780808278969531638786026928407853049620076930842963388102875757599323764741,0x8329bdd734ac55ee38848a6730c8cf80a604441164038d60e6e0c2acb034986c,1775243718,2026-04-03T19:15:18+00:00,0.1695,clob_prices_history
62780808278969531638786026928407853049620076930842963388102875757599323764741,0x8329bdd734ac55ee38848a6730c8cf80a604441164038d60e6e0c2acb034986c,1775244646,2026-04-03T19:30:46+00:00,0.1695,clob_prices_history
62780808278969531638786026928407853049620076930842963388102875757599323764741,0x8329bdd734ac55ee38848a6730c8cf80a604441164038d60e6e0c2acb034986c,1775245559,2026-04-03T19:45:59+00:00,0.1695,clob_prices_history
62780808278969531638786026928407853049620076930842963388102875757599323764741,0x8329bdd734ac55ee38848a6730c8cf80a604441164038d60e6e0c2acb034986c,1775247359,2026-04-03T20:15:59+00:00,0.1695,clob_prices_history
62780808278969531638786026928407853049620076930842963388102875757599323764741,0x8329bdd734ac55ee38848a6730c8cf80a604441164038d60e6e0c2acb034986c,1775250013,2026-04-03T21:00:13+00:00,0.1695,clob_prices_history
62780808278969531638786026928407853049620076930842963388102875757599323764741,0x8329bdd734ac55ee38848a6730c8cf80a604441164038d60e6e0c2acb034986c,1775250958,2026-04-03T21:15:58+00:00,0.1695,clob_prices_history
62780808278969531638786026928407853049620076930842963388102875757599323764741,0x8329bdd734ac55ee38848a6730c8cf80a604441164038d60e6e0c2acb034986c,1775252743,2026-04-03T21:45:43+00:00,0.189,clob_prices_history
62780808278969531638786026928407853049620076930842963388102875757599323764741,0x8329bdd734ac55ee38848a6730c8cf80a604441164038d60e6e0c2acb034986c,1775254553,2026-04-03T22:15:53+00:00,0.189,clob_prices_history
62780808278969531638786026928407853049620076930842963388102875757599323764741,0x8329bdd734ac55ee38848a6730c8cf80a604441164038d60e6e0c2acb034986c,1775255424,2026-04-03T22:30:24+00:00,0.189,clob_prices_history
62780808278969531638786026928407853049620076930842963388102875757599323764741,0x8329bdd734ac55ee38848a6730c8cf80a604441164038d60e6e0c2acb034986c,1775256354,2026-04-03T22:45:54+00:00,0.189,clob_prices_history
62780808278969531638786026928407853049620076930842963388102875757599323764741,0x8329bdd734ac55ee38848a6730c8cf80a604441164038d60e6e0c2acb034986c,1775258151,2026-04-03T23:15:51+00:00,0.189,clob_prices_history
62780808278969531638786026928407853049620076930842963388102875757599323764741,0x8329bdd734ac55ee38848a6730c8cf80a604441164038d60e6e0c2acb034986c,1775259958,2026-04-03T23:45:58+00:00,0.189,clob_prices_history
62780808278969531638786026928407853049620076930842963388102875757599323764741,0x8329bdd734ac55ee38848a6730c8cf80a604441164038d60e6e0c2acb034986c,1775261710,2026-04-04T00:15:10+00:00,0.189,clob_prices_history
62780808278969531638786026928407853049620076930842963388102875757599323764741,0x8329bdd734ac55ee38848a6730c8cf80a604441164038d60e6e0c2acb034986c,1775265350,2026-04-04T01:15:50+00:00,0.1695,clob_prices_history
62780808278969531638786026928407853049620076930842963388102875757599323764741,0x8329bdd734ac55ee38848a6730c8cf80a604441164038d60e6e0c2acb034986c,1775267151,2026-04-04T01:45:51+00:00,0.1695,clob_prices_history
62780808278969531638786026928407853049620076930842963388102875757599323764741,0x8329bdd734ac55ee38848a6730c8cf80a604441164038d60e6e0c2acb034986c,1775268906,2026-04-04T02:15:06+00:00,0.1695,clob_prices_history
62780808278969531638786026928407853049620076930842963388102875757599323764741,0x8329bdd734ac55ee38848a6730c8cf80a604441164038d60e6e0c2acb034986c,1775272552,2026-04-04T03:15:52+00:00,0.1695,clob_prices_history
62780808278969531638786026928407853049620076930842963388102875757599323764741,0x8329bdd734ac55ee38848a6730c8cf80a604441164038d60e6e0c2acb034986c,1775274350,2026-04-04T03:45:50+00:00,0.184,clob_prices_history
62780808278969531638786026928407853049620076930842963388102875757599323764741,0x8329bdd734ac55ee38848a6730c8cf80a604441164038d60e6e0c2acb034986c,1775276102,2026-04-04T04:15:02+00:00,0.184,clob_prices_history
62780808278969531638786026928407853049620076930842963388102875757599323764741,0x8329bdd734ac55ee38848a6730c8cf80a604441164038d60e6e0c2acb034986c,1775276155,2026-04-04T04:15:55+00:00,0.184,clob_prices_history
62780808278969531638786026928407853049620076930842963388102875757599323764741,0x8329bdd734ac55ee38848a6730c8cf80a604441164038d60e6e0c2acb034986c,1775277953,2026-04-04T04:45:53+00:00,0.1695,clob_prices_history
62780808278969531638786026928407853049620076930842963388102875757599323764741,0x8329bdd734ac55ee38848a6730c8cf80a604441164038d60e6e0c2acb034986c,1775279704,2026-04-04T05:15:04+00:00,0.1695,clob_prices_history
62780808278969531638786026928407853049620076930842963388102875757599323764741,0x8329bdd734ac55ee38848a6730c8cf80a604441164038d60e6e0c2acb034986c,1775279758,2026-04-04T05:15:58+00:00,0.1695,clob_prices_history
62780808278969531638786026928407853049620076930842963388102875757599323764741,0x8329bdd734ac55ee38848a6730c8cf80a604441164038d60e6e0c2acb034986c,1775281551,2026-04-04T05:45:51+00:00,0.1695,clob_prices_history
62780808278969531638786026928407853049620076930842963388102875757599323764741,0x8329bdd734ac55ee38848a6730c8cf80a604441164038d60e6e0c2acb034986c,1775285105,2026-04-04T06:45:05+00:00,0.1695,clob_prices_history
62780808278969531638786026928407853049620076930842963388102875757599323764741,0x8329bdd734ac55ee38848a6730c8cf80a604441164038d60e6e0c2acb034986c,1775285159,2026-04-04T06:45:59+00:00,0.1695,clob_prices_history
62780808278969531638786026928407853049620076930842963388102875757599323764741,0x8329bdd734ac55ee38848a6730c8cf80a604441164038d60e6e0c2acb034986c,1775286952,2026-04-04T07:15:52+00:00,0.1695,clob_prices_history
62780808278969531638786026928407853049620076930842963388102875757599323764741,0x8329bdd734ac55ee38848a6730c8cf80a604441164038d60e6e0c2acb034986c,1775288757,2026-04-04T07:45:57+00:00,0.1695,clob_prices_history
62780808278969531638786026928407853049620076930842963388102875757599323764741,0x8329bdd734ac55ee38848a6730c8cf80a604441164038d60e6e0c2acb034986c,1775290553,2026-04-04T08:15:53+00:00,0.1695,clob_prices_history
62780808278969531638786026928407853049620076930842963388102875757599323764741,0x8329bdd734ac55ee38848a6730c8cf80a604441164038d60e6e0c2acb034986c,1775292352,2026-04-04T08:45:52+00:00,0.1695,clob_prices_history
62780808278969531638786026928407853049620076930842963388102875757599323764741,0x8329bdd734ac55ee38848a6730c8cf80a604441164038d60e6e0c2acb034986c,1775295955,2026-04-04T09:45:55+00:00,0.1695,clob_prices_history
62780808278969531638786026928407853049620076930842963388102875757599323764741,0x8329bdd734ac55ee38848a6730c8cf80a604441164038d60e6e0c2acb034986c,1775300400,2026-04-04T11:00:00+00:00,0.1695,clob_prices_history
62780808278969531638786026928407853049620076930842963388102875757599323764741,0x8329bdd734ac55ee38848a6730c8cf80a604441164038d60e6e0c2acb034986c,1775301353,2026-04-04T11:15:53+00:00,0.1695,clob_prices_history
62780808278969531638786026928407853049620076930842963388102875757599323764741,0x8329bdd734ac55ee38848a6730c8cf80a604441164038d60e6e0c2acb034986c,1775303156,2026-04-04T11:45:56+00:00,0.1695,clob_prices_history
62780808278969531638786026928407853049620076930842963388102875757599323764741,0x8329bdd734ac55ee38848a6730c8cf80a604441164038d60e6e0c2acb034986c,1775304952,2026-04-04T12:15:52+00:00,0.1695,clob_prices_history
62780808278969531638786026928407853049620076930842963388102875757599323764741,0x8329bdd734ac55ee38848a6730c8cf80a604441164038d60e6e0c2acb034986c,1775306756,2026-04-04T12:45:56+00:00,0.1695,clob_prices_history
62780808278969531638786026928407853049620076930842963388102875757599323764741,0x8329bdd734ac55ee38848a6730c8cf80a604441164038d60e6e0c2acb034986c,1775308502,2026-04-04T13:15:02+00:00,0.189,clob_prices_history
62780808278969531638786026928407853049620076930842963388102875757599323764741,0x8329bdd734ac55ee38848a6730c8cf80a604441164038d60e6e0c2acb034986c,1775310302,2026-04-04T13:45:02+00:00,0.1695,clob_prices_history
62780808278969531638786026928407853049620076930842963388102875757599323764741,0x8329bdd734ac55ee38848a6730c8cf80a604441164038d60e6e0c2acb034986c,1775310356,2026-04-04T13:45:56+00:00,0.1695,clob_prices_history
62780808278969531638786026928407853049620076930842963388102875757599323764741,0x8329bdd734ac55ee38848a6730c8cf80a604441164038d60e6e0c2acb034986c,1775311211,2026-04-04T14:00:11+00:00,0.1695,clob_prices_history
62780808278969531638786026928407853049620076930842963388102875757599323764741,0x8329bdd734ac55ee38848a6730c8cf80a604441164038d60e6e0c2acb034986c,1775312153,2026-04-04T14:15:53+00:00,0.1695,clob_prices_history
62780808278969531638786026928407853049620076930842963388102875757599323764741,0x8329bdd734ac55ee38848a6730c8cf80a604441164038d60e6e0c2acb034986c,1775313952,2026-04-04T14:45:52+00:00,0.1695,clob_prices_history
62780808278969531638786026928407853049620076930842963388102875757599323764741,0x8329bdd734ac55ee38848a6730c8cf80a604441164038d60e6e0c2acb034986c,1775317555,2026-04-04T15:45:55+00:00,0.1695,clob_prices_history
62780808278969531638786026928407853049620076930842963388102875757599323764741,0x8329bdd734ac55ee38848a6730c8cf80a604441164038d60e6e0c2acb034986c,1775319352,2026-04-04T16:15:52+00:00,0.1695,clob_prices_history
62780808278969531638786026928407853049620076930842963388102875757599323764741,0x8329bdd734ac55ee38848a6730c8cf80a604441164038d60e6e0c2acb034986c,1775321156,2026-04-04T16:45:56+00:00,0.1695,clob_prices_history
62780808278969531638786026928407853049620076930842963388102875757599323764741,0x8329bdd734ac55ee38848a6730c8cf80a604441164038d60e6e0c2acb034986c,1775322019,2026-04-04T17:00:19+00:00,0.1695,clob_prices_history
62780808278969531638786026928407853049620076930842963388102875757599323764741,0x8329bdd734ac55ee38848a6730c8cf80a604441164038d60e6e0c2acb034986c,1775322953,2026-04-04T17:15:53+00:00,0.1695,clob_prices_history
62780808278969531638786026928407853049620076930842963388102875757599323764741,0x8329bdd734ac55ee38848a6730c8cf80a604441164038d60e6e0c2acb034986c,1775323815,2026-04-04T17:30:15+00:00,0.1695,clob_prices_history
62780808278969531638786026928407853049620076930842963388102875757599323764741,0x8329bdd734ac55ee38848a6730c8cf80a604441164038d60e6e0c2acb034986c,1775324757,2026-04-04T17:45:57+00:00,0.1695,clob_prices_history
62780808278969531638786026928407853049620076930842963388102875757599323764741,0x8329bdd734ac55ee38848a6730c8cf80a604441164038d60e6e0c2acb034986c,1775328304,2026-04-04T18:45:04+00:00,0.1695,clob_prices_history
62780808278969531638786026928407853049620076930842963388102875757599323764741,0x8329bdd734ac55ee38848a6730c8cf80a604441164038d60e6e0c2acb034986c,1775328356,2026-04-04T18:45:56+00:00,0.1695,clob_prices_history
62780808278969531638786026928407853049620076930842963388102875757599323764741,0x8329bdd734ac55ee38848a6730c8cf80a604441164038d60e6e0c2acb034986c,1775329215,2026-04-04T19:00:15+00:00,0.1695,clob_prices_history
62780808278969531638786026928407853049620076930842963388102875757599323764741,0x8329bdd734ac55ee38848a6730c8cf80a604441164038d60e6e0c2acb034986c,1775331951,2026-04-04T19:45:51+00:00,0.1695,clob_prices_history
62780808278969531638786026928407853049620076930842963388102875757599323764741,0x8329bdd734ac55ee38848a6730c8cf80a604441164038d60e6e0c2acb034986c,1775333753,2026-04-04T20:15:53+00:00,0.1695,clob_prices_history
62780808278969531638786026928407853049620076930842963388102875757599323764741,0x8329bdd734ac55ee38848a6730c8cf80a604441164038d60e6e0c2acb034986c,1775337351,2026-04-04T21:15:51+00:00,0.1695,clob_prices_history
62780808278969531638786026928407853049620076930842963388102875757599323764741,0x8329bdd734ac55ee38848a6730c8cf80a604441164038d60e6e0c2acb034986c,1775339128,2026-04-04T21:45:28+00:00,0.1695,clob_prices_history
62780808278969531638786026928407853049620076930842963388102875757599323764741,0x8329bdd734ac55ee38848a6730c8cf80a604441164038d60e6e0c2acb034986c,1775340951,2026-04-04T22:15:51+00:00,0.1695,clob_prices_history
62780808278969531638786026928407853049620076930842963388102875757599323764741,0x8329bdd734ac55ee38848a6730c8cf80a604441164038d60e6e0c2acb034986c,1775345421,2026-04-04T23:30:21+00:00,0.1695,clob_prices_history
62780808278969531638786026928407853049620076930842963388102875757599323764741,0x8329bdd734ac55ee38848a6730c8cf80a604441164038d60e6e0c2acb034986c,1775346302,2026-04-04T23:45:02+00:00,0.1695,clob_prices_history
62780808278969531638786026928407853049620076930842963388102875757599323764741,0x8329bdd734ac55ee38848a6730c8cf80a604441164038d60e6e0c2acb034986c,1775346357,2026-04-04T23:45:57+00:00,0.1695,clob_prices_history
62780808278969531638786026928407853049620076930842963388102875757599323764741,0x8329bdd734ac55ee38848a6730c8cf80a604441164038d60e6e0c2acb034986c,1775347224,2026-04-05T00:00:24+00:00,0.1695,clob_prices_history
62780808278969531638786026928407853049620076930842963388102875757599323764741,0x8329bdd734ac55ee38848a6730c8cf80a604441164038d60e6e0c2acb034986c,1775348152,2026-04-05T00:15:52+00:00,0.1695,clob_prices_history
62780808278969531638786026928407853049620076930842963388102875757599323764741,0x8329bdd734ac55ee38848a6730c8cf80a604441164038d60e6e0c2acb034986c,1775349956,2026-04-05T00:45:56+00:00,0.1695,clob_prices_history
62780808278969531638786026928407853049620076930842963388102875757599323764741,0x8329bdd734ac55ee38848a6730c8cf80a604441164038d60e6e0c2acb034986c,1775350802,2026-04-05T01:00:02+00:00,0.1695,clob_prices_history
62780808278969531638786026928407853049620076930842963388102875757599323764741,0x8329bdd734ac55ee38848a6730c8cf80a604441164038d60e6e0c2acb034986c,1775353550,2026-04-05T01:45:50+00:00,0.1695,clob_prices_history
62780808278969531638786026928407853049620076930842963388102875757599323764741,0x8329bdd734ac55ee38848a6730c8cf80a604441164038d60e6e0c2acb034986c,1775355349,2026-04-05T02:15:49+00:00,0.1695,clob_prices_history
62780808278969531638786026928407853049620076930842963388102875757599323764741,0x8329bdd734ac55ee38848a6730c8cf80a604441164038d60e6e0c2acb034986c,1775357150,2026-04-05T02:45:50+00:00,0.1695,clob_prices_history
62780808278969531638786026928407853049620076930842963388102875757599323764741,0x8329bdd734ac55ee38848a6730c8cf80a604441164038d60e6e0c2acb034986c,1775360748,2026-04-05T03:45:48+00:00,0.1695,clob_prices_history
62780808278969531638786026928407853049620076930842963388102875757599323764741,0x8329bdd734ac55ee38848a6730c8cf80a604441164038d60e6e0c2acb034986c,1775362551,2026-04-05T04:15:51+00:00,0.1695,clob_prices_history
62780808278969531638786026928407853049620076930842963388102875757599323764741,0x8329bdd734ac55ee38848a6730c8cf80a604441164038d60e6e0c2acb034986c,1775364349,2026-04-05T04:45:49+00:00,0.1695,clob_prices_history
62780808278969531638786026928407853049620076930842963388102875757599323764741,0x8329bdd734ac55ee38848a6730c8cf80a604441164038d60e6e0c2acb034986c,1775366153,2026-04-05T05:15:53+00:00,0.1695,clob_prices_history
62780808278969531638786026928407853049620076930842963388102875757599323764741,0x8329bdd734ac55ee38848a6730c8cf80a604441164038d60e6e0c2acb034986c,1775367950,2026-04-05T05:45:50+00:00,0.1695,clob_prices_history
62780808278969531638786026928407853049620076930842963388102875757599323764741,0x8329bdd734ac55ee38848a6730c8cf80a604441164038d60e6e0c2acb034986c,1775369752,2026-04-05T06:15:52+00:00,0.1695,clob_prices_history
62780808278969531638786026928407853049620076930842963388102875757599323764741,0x8329bdd734ac55ee38848a6730c8cf80a604441164038d60e6e0c2acb034986c,1775371551,2026-04-05T06:45:51+00:00,0.1695,clob_prices_history
62780808278969531638786026928407853049620076930842963388102875757599323764741,0x8329bdd734ac55ee38848a6730c8cf80a604441164038d60e6e0c2acb034986c,1775373352,2026-04-05T07:15:52+00:00,0.1695,clob_prices_history
62780808278969531638786026928407853049620076930842963388102875757599323764741,0x8329bdd734ac55ee38848a6730c8cf80a604441164038d60e6e0c2acb034986c,1775375103,2026-04-05T07:45:03+00:00,0.1695,clob_prices_history
62780808278969531638786026928407853049620076930842963388102875757599323764741,0x8329bdd734ac55ee38848a6730c8cf80a604441164038d60e6e0c2acb034986c,1775375157,2026-04-05T07:45:57+00:00,0.1695,clob_prices_history
62780808278969531638786026928407853049620076930842963388102875757599323764741,0x8329bdd734ac55ee38848a6730c8cf80a604441164038d60e6e0c2acb034986c,1775376950,2026-04-05T08:15:50+00:00,0.1695,clob_prices_history
62780808278969531638786026928407853049620076930842963388102875757599323764741,0x8329bdd734ac55ee38848a6730c8cf80a604441164038d60e6e0c2acb034986c,1775378751,2026-04-05T08:45:51+00:00,0.1695,clob_prices_history
62780808278969531638786026928407853049620076930842963388102875757599323764741,0x8329bdd734ac55ee38848a6730c8cf80a604441164038d60e6e0c2acb034986c,1775380500,2026-04-05T09:15:00+00:00,0.1695,clob_prices_history
62780808278969531638786026928407853049620076930842963388102875757599323764741,0x8329bdd734ac55ee38848a6730c8cf80a604441164038d60e6e0c2acb034986c,1775380554,2026-04-05T09:15:54+00:00,0.1695,clob_prices_history
62780808278969531638786026928407853049620076930842963388102875757599323764741,0x8329bdd734ac55ee38848a6730c8cf80a604441164038d60e6e0c2acb034986c,1775384151,2026-04-05T10:15:51+00:00,0.1695,clob_prices_history
62780808278969531638786026928407853049620076930842963388102875757599323764741,0x8329bdd734ac55ee38848a6730c8cf80a604441164038d60e6e0c2acb034986c,1775385953,2026-04-05T10:45:53+00:00,0.1695,clob_prices_history
62780808278969531638786026928407853049620076930842963388102875757599323764741,0x8329bdd734ac55ee38848a6730c8cf80a604441164038d60e6e0c2acb034986c,1775387750,2026-04-05T11:15:50+00:00,0.1695,clob_prices_history
62780808278969531638786026928407853049620076930842963388102875757599323764741,0x8329bdd734ac55ee38848a6730c8cf80a604441164038d60e6e0c2acb034986c,1775389552,2026-04-05T11:45:52+00:00,0.1695,clob_prices_history
62780808278969531638786026928407853049620076930842963388102875757599323764741,0x8329bdd734ac55ee38848a6730c8cf80a604441164038d60e6e0c2acb034986c,1775391351,2026-04-05T12:15:51+00:00,0.1715,clob_prices_history
62780808278969531638786026928407853049620076930842963388102875757599323764741,0x8329bdd734ac55ee38848a6730c8cf80a604441164038d60e6e0c2acb034986c,1775393103,2026-04-05T12:45:03+00:00,0.174,clob_prices_history
62780808278969531638786026928407853049620076930842963388102875757599323764741,0x8329bdd734ac55ee38848a6730c8cf80a604441164038d60e6e0c2acb034986c,1775393158,2026-04-05T12:45:58+00:00,0.174,clob_prices_history
62780808278969531638786026928407853049620076930842963388102875757599323764741,0x8329bdd734ac55ee38848a6730c8cf80a604441164038d60e6e0c2acb034986c,1775394901,2026-04-05T13:15:01+00:00,0.174,clob_prices_history
62780808278969531638786026928407853049620076930842963388102875757599323764741,0x8329bdd734ac55ee38848a6730c8cf80a604441164038d60e6e0c2acb034986c,1775394953,2026-04-05T13:15:53+00:00,0.174,clob_prices_history
62780808278969531638786026928407853049620076930842963388102875757599323764741,0x8329bdd734ac55ee38848a6730c8cf80a604441164038d60e6e0c2acb034986c,1775396757,2026-04-05T13:45:57+00:00,0.1765,clob_prices_history
62780808278969531638786026928407853049620076930842963388102875757599323764741,0x8329bdd734ac55ee38848a6730c8cf80a604441164038d60e6e0c2acb034986c,1775397601,2026-04-05T14:00:01+00:00,0.174,clob_prices_history
62780808278969531638786026928407853049620076930842963388102875757599323764741,0x8329bdd734ac55ee38848a6730c8cf80a604441164038d60e6e0c2acb034986c,1775398510,2026-04-05T14:15:10+00:00,0.1745,clob_prices_history
62780808278969531638786026928407853049620076930842963388102875757599323764741,0x8329bdd734ac55ee38848a6730c8cf80a604441164038d60e6e0c2acb034986c,1775399411,2026-04-05T14:30:11+00:00,0.174,clob_prices_history
62780808278969531638786026928407853049620076930842963388102875757599323764741,0x8329bdd734ac55ee38848a6730c8cf80a604441164038d60e6e0c2acb034986c,1775400353,2026-04-05T14:45:53+00:00,0.176,clob_prices_history
62780808278969531638786026928407853049620076930842963388102875757599323764741,0x8329bdd734ac55ee38848a6730c8cf80a604441164038d60e6e0c2acb034986c,1775402104,2026-04-05T15:15:04+00:00,0.174,clob_prices_history
62780808278969531638786026928407853049620076930842963388102875757599323764741,0x8329bdd734ac55ee38848a6730c8cf80a604441164038d60e6e0c2acb034986c,1775405758,2026-04-05T16:15:58+00:00,0.174,clob_prices_history
62780808278969531638786026928407853049620076930842963388102875757599323764741,0x8329bdd734ac55ee38848a6730c8cf80a604441164038d60e6e0c2acb034986c,1775406618,2026-04-05T16:30:18+00:00,0.174,clob_prices_history
62780808278969531638786026928407853049620076930842963388102875757599323764741,0x8329bdd734ac55ee38848a6730c8cf80a604441164038d60e6e0c2acb034986c,1775407553,2026-04-05T16:45:53+00:00,0.174,clob_prices_history
62780808278969531638786026928407853049620076930842963388102875757599323764741,0x8329bdd734ac55ee38848a6730c8cf80a604441164038d60e6e0c2acb034986c,1775408400,2026-04-05T17:00:00+00:00,0.174,clob_prices_history
62780808278969531638786026928407853049620076930842963388102875757599323764741,0x8329bdd734ac55ee38848a6730c8cf80a604441164038d60e6e0c2acb034986c,1775409351,2026-04-05T17:15:51+00:00,0.1745,clob_prices_history
62780808278969531638786026928407853049620076930842963388102875757599323764741,0x8329bdd734ac55ee38848a6730c8cf80a604441164038d60e6e0c2acb034986c,1775410205,2026-04-05T17:30:05+00:00,0.1745,clob_prices_history
62780808278969531638786026928407853049620076930842963388102875757599323764741,0x8329bdd734ac55ee38848a6730c8cf80a604441164038d60e6e0c2acb034986c,1775411151,2026-04-05T17:45:51+00:00,0.1745,clob_prices_history
62780808278969531638786026928407853049620076930842963388102875757599323764741,0x8329bdd734ac55ee38848a6730c8cf80a604441164038d60e6e0c2acb034986c,1775412952,2026-04-05T18:15:52+00:00,0.1745,clob_prices_history
62780808278969531638786026928407853049620076930842963388102875757599323764741,0x8329bdd734ac55ee38848a6730c8cf80a604441164038d60e6e0c2acb034986c,1775414750,2026-04-05T18:45:50+00:00,0.174,clob_prices_history
62780808278969531638786026928407853049620076930842963388102875757599323764741,0x8329bdd734ac55ee38848a6730c8cf80a604441164038d60e6e0c2acb034986c,1775416551,2026-04-05T19:15:51+00:00,0.176,clob_prices_history
62780808278969531638786026928407853049620076930842963388102875757599323764741,0x8329bdd734ac55ee38848a6730c8cf80a604441164038d60e6e0c2acb034986c,1775417433,2026-04-05T19:30:33+00:00,0.174,clob_prices_history
62780808278969531638786026928407853049620076930842963388102875757599323764741,0x8329bdd734ac55ee38848a6730c8cf80a604441164038d60e6e0c2acb034986c,1775418351,2026-04-05T19:45:51+00:00,0.174,clob_prices_history
62780808278969531638786026928407853049620076930842963388102875757599323764741,0x8329bdd734ac55ee38848a6730c8cf80a604441164038d60e6e0c2acb034986c,1775420152,2026-04-05T20:15:52+00:00,0.174,clob_prices_history
62780808278969531638786026928407853049620076930842963388102875757599323764741,0x8329bdd734ac55ee38848a6730c8cf80a604441164038d60e6e0c2acb034986c,1775421900,2026-04-05T20:45:00+00:00,0.1745,clob_prices_history
62780808278969531638786026928407853049620076930842963388102875757599323764741,0x8329bdd734ac55ee38848a6730c8cf80a604441164038d60e6e0c2acb034986c,1775421953,2026-04-05T20:45:53+00:00,0.1765,clob_prices_history
62780808278969531638786026928407853049620076930842963388102875757599323764741,0x8329bdd734ac55ee38848a6730c8cf80a604441164038d60e6e0c2acb034986c,1775422814,2026-04-05T21:00:14+00:00,0.174,clob_prices_history
62780808278969531638786026928407853049620076930842963388102875757599323764741,0x8329bdd734ac55ee38848a6730c8cf80a604441164038d60e6e0c2acb034986c,1775423749,2026-04-05T21:15:49+00:00,0.174,clob_prices_history
62780808278969531638786026928407853049620076930842963388102875757599323764741,0x8329bdd734ac55ee38848a6730c8cf80a604441164038d60e6e0c2acb034986c,1775425550,2026-04-05T21:45:50+00:00,0.174,clob_prices_history
62780808278969531638786026928407853049620076930842963388102875757599323764741,0x8329bdd734ac55ee38848a6730c8cf80a604441164038d60e6e0c2acb034986c,1775427354,2026-04-05T22:15:54+00:00,0.174,clob_prices_history
62780808278969531638786026928407853049620076930842963388102875757599323764741,0x8329bdd734ac55ee38848a6730c8cf80a604441164038d60e6e0c2acb034986c,1775429158,2026-04-05T22:45:58+00:00,0.174,clob_prices_history
62780808278969531638786026928407853049620076930842963388102875757599323764741,0x8329bdd734ac55ee38848a6730c8cf80a604441164038d60e6e0c2acb034986c,1775430957,2026-04-05T23:15:57+00:00,0.174,clob_prices_history
62780808278969531638786026928407853049620076930842963388102875757599323764741,0x8329bdd734ac55ee38848a6730c8cf80a604441164038d60e6e0c2acb034986c,1775432753,2026-04-05T23:45:53+00:00,0.174,clob_prices_history
62780808278969531638786026928407853049620076930842963388102875757599323764741,0x8329bdd734ac55ee38848a6730c8cf80a604441164038d60e6e0c2acb034986c,1775438106,2026-04-06T01:15:06+00:00,0.174,clob_prices_history
62780808278969531638786026928407853049620076930842963388102875757599323764741,0x8329bdd734ac55ee38848a6730c8cf80a604441164038d60e6e0c2acb034986c,1775441754,2026-04-06T02:15:54+00:00,0.174,clob_prices_history
62780808278969531638786026928407853049620076930842963388102875757599323764741,0x8329bdd734ac55ee38848a6730c8cf80a604441164038d60e6e0c2acb034986c,1775443554,2026-04-06T02:45:54+00:00,0.174,clob_prices_history
62780808278969531638786026928407853049620076930842963388102875757599323764741,0x8329bdd734ac55ee38848a6730c8cf80a604441164038d60e6e0c2acb034986c,1775448951,2026-04-06T04:15:51+00:00,0.174,clob_prices_history
62780808278969531638786026928407853049620076930842963388102875757599323764741,0x8329bdd734ac55ee38848a6730c8cf80a604441164038d60e6e0c2acb034986c,1775450752,2026-04-06T04:45:52+00:00,0.174,clob_prices_history
62780808278969531638786026928407853049620076930842963388102875757599323764741,0x8329bdd734ac55ee38848a6730c8cf80a604441164038d60e6e0c2acb034986c,1775452554,2026-04-06T05:15:54+00:00,0.174,clob_prices_history
62780808278969531638786026928407853049620076930842963388102875757599323764741,0x8329bdd734ac55ee38848a6730c8cf80a604441164038d60e6e0c2acb034986c,1775454352,2026-04-06T05:45:52+00:00,0.174,clob_prices_history
62780808278969531638786026928407853049620076930842963388102875757599323764741,0x8329bdd734ac55ee38848a6730c8cf80a604441164038d60e6e0c2acb034986c,1775456153,2026-04-06T06:15:53+00:00,0.174,clob_prices_history
62780808278969531638786026928407853049620076930842963388102875757599323764741,0x8329bdd734ac55ee38848a6730c8cf80a604441164038d60e6e0c2acb034986c,1775457002,2026-04-06T06:30:02+00:00,0.174,clob_prices_history
62780808278969531638786026928407853049620076930842963388102875757599323764741,0x8329bdd734ac55ee38848a6730c8cf80a604441164038d60e6e0c2acb034986c,1775457950,2026-04-06T06:45:50+00:00,0.174,clob_prices_history
62780808278969531638786026928407853049620076930842963388102875757599323764741,0x8329bdd734ac55ee38848a6730c8cf80a604441164038d60e6e0c2acb034986c,1775461505,2026-04-06T07:45:05+00:00,0.174,clob_prices_history
62780808278969531638786026928407853049620076930842963388102875757599323764741,0x8329bdd734ac55ee38848a6730c8cf80a604441164038d60e6e0c2acb034986c,1775463357,2026-04-06T08:15:57+00:00,0.174,clob_prices_history
62780808278969531638786026928407853049620076930842963388102875757599323764741,0x8329bdd734ac55ee38848a6730c8cf80a604441164038d60e6e0c2acb034986c,1775465152,2026-04-06T08:45:52+00:00,0.174,clob_prices_history
62780808278969531638786026928407853049620076930842963388102875757599323764741,0x8329bdd734ac55ee38848a6730c8cf80a604441164038d60e6e0c2acb034986c,1775466014,2026-04-06T09:00:14+00:00,0.176,clob_prices_history
62780808278969531638786026928407853049620076930842963388102875757599323764741,0x8329bdd734ac55ee38848a6730c8cf80a604441164038d60e6e0c2acb034986c,1775466951,2026-04-06T09:15:51+00:00,0.174,clob_prices_history
62780808278969531638786026928407853049620076930842963388102875757599323764741,0x8329bdd734ac55ee38848a6730c8cf80a604441164038d60e6e0c2acb034986c,1775467800,2026-04-06T09:30:00+00:00,0.174,clob_prices_history
62780808278969531638786026928407853049620076930842963388102875757599323764741,0x8329bdd734ac55ee38848a6730c8cf80a604441164038d60e6e0c2acb034986c,1775468756,2026-04-06T09:45:56+00:00,0.174,clob_prices_history
62780808278969531638786026928407853049620076930842963388102875757599323764741,0x8329bdd734ac55ee38848a6730c8cf80a604441164038d60e6e0c2acb034986c,1775470551,2026-04-06T10:15:51+00:00,0.174,clob_prices_history
62780808278969531638786026928407853049620076930842963388102875757599323764741,0x8329bdd734ac55ee38848a6730c8cf80a604441164038d60e6e0c2acb034986c,1775474154,2026-04-06T11:15:54+00:00,0.174,clob_prices_history
62780808278969531638786026928407853049620076930842963388102875757599323764741,0x8329bdd734ac55ee38848a6730c8cf80a604441164038d60e6e0c2acb034986c,1775475012,2026-04-06T11:30:12+00:00,0.174,clob_prices_history
62780808278969531638786026928407853049620076930842963388102875757599323764741,0x8329bdd734ac55ee38848a6730c8cf80a604441164038d60e6e0c2acb034986c,1775475952,2026-04-06T11:45:52+00:00,0.174,clob_prices_history
62780808278969531638786026928407853049620076930842963388102875757599323764741,0x8329bdd734ac55ee38848a6730c8cf80a604441164038d60e6e0c2acb034986c,1775477751,2026-04-06T12:15:51+00:00,0.174,clob_prices_history
62780808278969531638786026928407853049620076930842963388102875757599323764741,0x8329bdd734ac55ee38848a6730c8cf80a604441164038d60e6e0c2acb034986c,1775478607,2026-04-06T12:30:07+00:00,0.174,clob_prices_history
62780808278969531638786026928407853049620076930842963388102875757599323764741,0x8329bdd734ac55ee38848a6730c8cf80a604441164038d60e6e0c2acb034986c,1775479559,2026-04-06T12:45:59+00:00,0.174,clob_prices_history
62780808278969531638786026928407853049620076930842963388102875757599323764741,0x8329bdd734ac55ee38848a6730c8cf80a604441164038d60e6e0c2acb034986c,1775481356,2026-04-06T13:15:56+00:00,0.174,clob_prices_history
62780808278969531638786026928407853049620076930842963388102875757599323764741,0x8329bdd734ac55ee38848a6730c8cf80a604441164038d60e6e0c2acb034986c,1775483156,2026-04-06T13:45:56+00:00,0.174,clob_prices_history
62780808278969531638786026928407853049620076930842963388102875757599323764741,0x8329bdd734ac55ee38848a6730c8cf80a604441164038d60e6e0c2acb034986c,1775484954,2026-04-06T14:15:54+00:00,0.174,clob_prices_history
62780808278969531638786026928407853049620076930842963388102875757599323764741,0x8329bdd734ac55ee38848a6730c8cf80a604441164038d60e6e0c2acb034986c,1775486752,2026-04-06T14:45:52+00:00,0.174,clob_prices_history
62780808278969531638786026928407853049620076930842963388102875757599323764741,0x8329bdd734ac55ee38848a6730c8cf80a604441164038d60e6e0c2acb034986c,1775488555,2026-04-06T15:15:55+00:00,0.174,clob_prices_history
62780808278969531638786026928407853049620076930842963388102875757599323764741,0x8329bdd734ac55ee38848a6730c8cf80a604441164038d60e6e0c2acb034986c,1775489404,2026-04-06T15:30:04+00:00,0.174,clob_prices_history
62780808278969531638786026928407853049620076930842963388102875757599323764741,0x8329bdd734ac55ee38848a6730c8cf80a604441164038d60e6e0c2acb034986c,1775490353,2026-04-06T15:45:53+00:00,0.174,clob_prices_history
62780808278969531638786026928407853049620076930842963388102875757599323764741,0x8329bdd734ac55ee38848a6730c8cf80a604441164038d60e6e0c2acb034986c,1775491211,2026-04-06T16:00:11+00:00,0.174,clob_prices_history
62780808278969531638786026928407853049620076930842963388102875757599323764741,0x8329bdd734ac55ee38848a6730c8cf80a604441164038d60e6e0c2acb034986c,1775493957,2026-04-06T16:45:57+00:00,0.174,clob_prices_history
62780808278969531638786026928407853049620076930842963388102875757599323764741,0x8329bdd734ac55ee38848a6730c8cf80a604441164038d60e6e0c2acb034986c,1775495753,2026-04-06T17:15:53+00:00,0.174,clob_prices_history
62780808278969531638786026928407853049620076930842963388102875757599323764741,0x8329bdd734ac55ee38848a6730c8cf80a604441164038d60e6e0c2acb034986c,1775497505,2026-04-06T17:45:05+00:00,0.174,clob_prices_history
62780808278969531638786026928407853049620076930842963388102875757599323764741,0x8329bdd734ac55ee38848a6730c8cf80a604441164038d60e6e0c2acb034986c,1775498452,2026-04-06T18:00:52+00:00,0.174,clob_prices_history
62780808278969531638786026928407853049620076930842963388102875757599323764741,0x8329bdd734ac55ee38848a6730c8cf80a604441164038d60e6e0c2acb034986c,1775500251,2026-04-06T18:30:51+00:00,0.174,clob_prices_history
62780808278969531638786026928407853049620076930842963388102875757599323764741,0x8329bdd734ac55ee38848a6730c8cf80a604441164038d60e6e0c2acb034986c,1775501101,2026-04-06T18:45:01+00:00,0.174,clob_prices_history
62780808278969531638786026928407853049620076930842963388102875757599323764741,0x8329bdd734ac55ee38848a6730c8cf80a604441164038d60e6e0c2acb034986c,1775502954,2026-04-06T19:15:54+00:00,0.174,clob_prices_history
62780808278969531638786026928407853049620076930842963388102875757599323764741,0x8329bdd734ac55ee38848a6730c8cf80a604441164038d60e6e0c2acb034986c,1775504757,2026-04-06T19:45:57+00:00,0.174,clob_prices_history
62780808278969531638786026928407853049620076930842963388102875757599323764741,0x8329bdd734ac55ee38848a6730c8cf80a604441164038d60e6e0c2acb034986c,1775506501,2026-04-06T20:15:01+00:00,0.174,clob_prices_history
62780808278969531638786026928407853049620076930842963388102875757599323764741,0x8329bdd734ac55ee38848a6730c8cf80a604441164038d60e6e0c2acb034986c,1775506559,2026-04-06T20:15:59+00:00,0.174,clob_prices_history
62780808278969531638786026928407853049620076930842963388102875757599323764741,0x8329bdd734ac55ee38848a6730c8cf80a604441164038d60e6e0c2acb034986c,1775508353,2026-04-06T20:45:53+00:00,0.174,clob_prices_history
62780808278969531638786026928407853049620076930842963388102875757599323764741,0x8329bdd734ac55ee38848a6730c8cf80a604441164038d60e6e0c2acb034986c,1775518230,2026-04-06T23:30:30+00:00,0.1695,clob_prices_history
62780808278969531638786026928407853049620076930842963388102875757599323764741,0x8329bdd734ac55ee38848a6730c8cf80a604441164038d60e6e0c2acb034986c,1775519127,2026-04-06T23:45:27+00:00,0.1695,clob_prices_history
62780808278969531638786026928407853049620076930842963388102875757599323764741,0x8329bdd734ac55ee38848a6730c8cf80a604441164038d60e6e0c2acb034986c,1775520955,2026-04-07T00:15:55+00:00,0.1695,clob_prices_history
62780808278969531638786026928407853049620076930842963388102875757599323764741,0x8329bdd734ac55ee38848a6730c8cf80a604441164038d60e6e0c2acb034986c,1775521812,2026-04-07T00:30:12+00:00,0.1695,clob_prices_history
62780808278969531638786026928407853049620076930842963388102875757599323764741,0x8329bdd734ac55ee38848a6730c8cf80a604441164038d60e6e0c2acb034986c,1775522750,2026-04-07T00:45:50+00:00,0.1695,clob_prices_history
62780808278969531638786026928407853049620076930842963388102875757599323764741,0x8329bdd734ac55ee38848a6730c8cf80a604441164038d60e6e0c2acb034986c,1775524556,2026-04-07T01:15:56+00:00,0.1695,clob_prices_history
62780808278969531638786026928407853049620076930842963388102875757599323764741,0x8329bdd734ac55ee38848a6730c8cf80a604441164038d60e6e0c2acb034986c,1775529950,2026-04-07T02:45:50+00:00,0.1695,clob_prices_history
62780808278969531638786026928407853049620076930842963388102875757599323764741,0x8329bdd734ac55ee38848a6730c8cf80a604441164038d60e6e0c2acb034986c,1775531750,2026-04-07T03:15:50+00:00,0.1695,clob_prices_history
62780808278969531638786026928407853049620076930842963388102875757599323764741,0x8329bdd734ac55ee38848a6730c8cf80a604441164038d60e6e0c2acb034986c,1775533506,2026-04-07T03:45:06+00:00,0.1695,clob_prices_history
62780808278969531638786026928407853049620076930842963388102875757599323764741,0x8329bdd734ac55ee38848a6730c8cf80a604441164038d60e6e0c2acb034986c,1775535350,2026-04-07T04:15:50+00:00,0.17,clob_prices_history
62780808278969531638786026928407853049620076930842963388102875757599323764741,0x8329bdd734ac55ee38848a6730c8cf80a604441164038d60e6e0c2acb034986c,1775537154,2026-04-07T04:45:54+00:00,0.1695,clob_prices_history
62780808278969531638786026928407853049620076930842963388102875757599323764741,0x8329bdd734ac55ee38848a6730c8cf80a604441164038d60e6e0c2acb034986c,1775538957,2026-04-07T05:15:57+00:00,0.1695,clob_prices_history
62780808278969531638786026928407853049620076930842963388102875757599323764741,0x8329bdd734ac55ee38848a6730c8cf80a604441164038d60e6e0c2acb034986c,1775539805,2026-04-07T05:30:05+00:00,0.1695,clob_prices_history
62780808278969531638786026928407853049620076930842963388102875757599323764741,0x8329bdd734ac55ee38848a6730c8cf80a604441164038d60e6e0c2acb034986c,1775540753,2026-04-07T05:45:53+00:00,0.1695,clob_prices_history
62780808278969531638786026928407853049620076930842963388102875757599323764741,0x8329bdd734ac55ee38848a6730c8cf80a604441164038d60e6e0c2acb034986c,1775541612,2026-04-07T06:00:12+00:00,0.1715,clob_prices_history
62780808278969531638786026928407853049620076930842963388102875757599323764741,0x8329bdd734ac55ee38848a6730c8cf80a604441164038d60e6e0c2acb034986c,1775542554,2026-04-07T06:15:54+00:00,0.1715,clob_prices_history
62780808278969531638786026928407853049620076930842963388102875757599323764741,0x8329bdd734ac55ee38848a6730c8cf80a604441164038d60e6e0c2acb034986c,1775544354,2026-04-07T06:45:54+00:00,0.1695,clob_prices_history
62780808278969531638786026928407853049620076930842963388102875757599323764741,0x8329bdd734ac55ee38848a6730c8cf80a604441164038d60e6e0c2acb034986c,1775546151,2026-04-07T07:15:51+00:00,0.17,clob_prices_history
62780808278969531638786026928407853049620076930842963388102875757599323764741,0x8329bdd734ac55ee38848a6730c8cf80a604441164038d60e6e0c2acb034986c,1775547952,2026-04-07T07:45:52+00:00,0.17,clob_prices_history
62780808278969531638786026928407853049620076930842963388102875757599323764741,0x8329bdd734ac55ee38848a6730c8cf80a604441164038d60e6e0c2acb034986c,1775549752,2026-04-07T08:15:52+00:00,0.1705,clob_prices_history
62780808278969531638786026928407853049620076930842963388102875757599323764741,0x8329bdd734ac55ee38848a6730c8cf80a604441164038d60e6e0c2acb034986c,1775550614,2026-04-07T08:30:14+00:00,0.17,clob_prices_history
62780808278969531638786026928407853049620076930842963388102875757599323764741,0x8329bdd734ac55ee38848a6730c8cf80a604441164038d60e6e0c2acb034986c,1775551551,2026-04-07T08:45:51+00:00,0.17,clob_prices_history
62780808278969531638786026928407853049620076930842963388102875757599323764741,0x8329bdd734ac55ee38848a6730c8cf80a604441164038d60e6e0c2acb034986c,1775553353,2026-04-07T09:15:53+00:00,0.1695,clob_prices_history
62780808278969531638786026928407853049620076930842963388102875757599323764741,0x8329bdd734ac55ee38848a6730c8cf80a604441164038d60e6e0c2acb034986c,1775554207,2026-04-07T09:30:07+00:00,0.1695,clob_prices_history
62780808278969531638786026928407853049620076930842963388102875757599323764741,0x8329bdd734ac55ee38848a6730c8cf80a604441164038d60e6e0c2acb034986c,1775555102,2026-04-07T09:45:02+00:00,0.172,clob_prices_history
62780808278969531638786026928407853049620076930842963388102875757599323764741,0x8329bdd734ac55ee38848a6730c8cf80a604441164038d60e6e0c2acb034986c,1775555157,2026-04-07T09:45:57+00:00,0.1695,clob_prices_history
62780808278969531638786026928407853049620076930842963388102875757599323764741,0x8329bdd734ac55ee38848a6730c8cf80a604441164038d60e6e0c2acb034986c,1775556953,2026-04-07T10:15:53+00:00,0.1695,clob_prices_history
62780808278969531638786026928407853049620076930842963388102875757599323764741,0x8329bdd734ac55ee38848a6730c8cf80a604441164038d60e6e0c2acb034986c,1775558750,2026-04-07T10:45:50+00:00,0.17,clob_prices_history
62780808278969531638786026928407853049620076930842963388102875757599323764741,0x8329bdd734ac55ee38848a6730c8cf80a604441164038d60e6e0c2acb034986c,1775560551,2026-04-07T11:15:51+00:00,0.17,clob_prices_history
62780808278969531638786026928407853049620076930842963388102875757599323764741,0x8329bdd734ac55ee38848a6730c8cf80a604441164038d60e6e0c2acb034986c,1775561422,2026-04-07T11:30:22+00:00,0.1695,clob_prices_history
62780808278969531638786026928407853049620076930842963388102875757599323764741,0x8329bdd734ac55ee38848a6730c8cf80a604441164038d60e6e0c2acb034986c,1775562356,2026-04-07T11:45:56+00:00,0.1695,clob_prices_history
62780808278969531638786026928407853049620076930842963388102875757599323764741,0x8329bdd734ac55ee38848a6730c8cf80a604441164038d60e6e0c2acb034986c,1775564156,2026-04-07T12:15:56+00:00,0.1695,clob_prices_history
62780808278969531638786026928407853049620076930842963388102875757599323764741,0x8329bdd734ac55ee38848a6730c8cf80a604441164038d60e6e0c2acb034986c,1775565953,2026-04-07T12:45:53+00:00,0.17,clob_prices_history
62780808278969531638786026928407853049620076930842963388102875757599323764741,0x8329bdd734ac55ee38848a6730c8cf80a604441164038d60e6e0c2acb034986c,1775567700,2026-04-07T13:15:00+00:00,0.1695,clob_prices_history
62780808278969531638786026928407853049620076930842963388102875757599323764741,0x8329bdd734ac55ee38848a6730c8cf80a604441164038d60e6e0c2acb034986c,1775567755,2026-04-07T13:15:55+00:00,0.1695,clob_prices_history
62780808278969531638786026928407853049620076930842963388102875757599323764741,0x8329bdd734ac55ee38848a6730c8cf80a604441164038d60e6e0c2acb034986c,1775568631,2026-04-07T13:30:31+00:00,0.1695,clob_prices_history
62780808278969531638786026928407853049620076930842963388102875757599323764741,0x8329bdd734ac55ee38848a6730c8cf80a604441164038d60e6e0c2acb034986c,1775569514,2026-04-07T13:45:14+00:00,0.1695,clob_prices_history
62780808278969531638786026928407853049620076930842963388102875757599323764741,0x8329bdd734ac55ee38848a6730c8cf80a604441164038d60e6e0c2acb034986c,1775570454,2026-04-07T14:00:54+00:00,0.1695,clob_prices_history
62780808278969531638786026928407853049620076930842963388102875757599323764741,0x8329bdd734ac55ee38848a6730c8cf80a604441164038d60e6e0c2acb034986c,1775571314,2026-04-07T14:15:14+00:00,0.1935,clob_prices_history
62780808278969531638786026928407853049620076930842963388102875757599323764741,0x8329bdd734ac55ee38848a6730c8cf80a604441164038d60e6e0c2acb034986c,1775572251,2026-04-07T14:30:51+00:00,0.1695,clob_prices_history
62780808278969531638786026928407853049620076930842963388102875757599323764741,0x8329bdd734ac55ee38848a6730c8cf80a604441164038d60e6e0c2acb034986c,1775573107,2026-04-07T14:45:07+00:00,0.1695,clob_prices_history
62780808278969531638786026928407853049620076930842963388102875757599323764741,0x8329bdd734ac55ee38848a6730c8cf80a604441164038d60e6e0c2acb034986c,1775574912,2026-04-07T15:15:12+00:00,0.1695,clob_prices_history
62780808278969531638786026928407853049620076930842963388102875757599323764741,0x8329bdd734ac55ee38848a6730c8cf80a604441164038d60e6e0c2acb034986c,1775576753,2026-04-07T15:45:53+00:00,0.1695,clob_prices_history
62780808278969531638786026928407853049620076930842963388102875757599323764741,0x8329bdd734ac55ee38848a6730c8cf80a604441164038d60e6e0c2acb034986c,1775578513,2026-04-07T16:15:13+00:00,0.172,clob_prices_history
62780808278969531638786026928407853049620076930842963388102875757599323764741,0x8329bdd734ac55ee38848a6730c8cf80a604441164038d60e6e0c2acb034986c,1775580357,2026-04-07T16:45:57+00:00,0.1695,clob_prices_history
62780808278969531638786026928407853049620076930842963388102875757599323764741,0x8329bdd734ac55ee38848a6730c8cf80a604441164038d60e6e0c2acb034986c,1775581244,2026-04-07T17:00:44+00:00,0.1695,clob_prices_history
62780808278969531638786026928407853049620076930842963388102875757599323764741,0x8329bdd734ac55ee38848a6730c8cf80a604441164038d60e6e0c2acb034986c,1775583040,2026-04-07T17:30:40+00:00,0.1695,clob_prices_history
62780808278969531638786026928407853049620076930842963388102875757599323764741,0x8329bdd734ac55ee38848a6730c8cf80a604441164038d60e6e0c2acb034986c,1775583955,2026-04-07T17:45:55+00:00,0.1695,clob_prices_history
62780808278969531638786026928407853049620076930842963388102875757599323764741,0x8329bdd734ac55ee38848a6730c8cf80a604441164038d60e6e0c2acb034986c,1775584858,2026-04-07T18:00:58+00:00,0.1695,clob_prices_history
62780808278969531638786026928407853049620076930842963388102875757599323764741,0x8329bdd734ac55ee38848a6730c8cf80a604441164038d60e6e0c2acb034986c,1775585715,2026-04-07T18:15:15+00:00,0.1695,clob_prices_history
62780808278969531638786026928407853049620076930842963388102875757599323764741,0x8329bdd734ac55ee38848a6730c8cf80a604441164038d60e6e0c2acb034986c,1775586644,2026-04-07T18:30:44+00:00,0.1695,clob_prices_history
62780808278969531638786026928407853049620076930842963388102875757599323764741,0x8329bdd734ac55ee38848a6730c8cf80a604441164038d60e6e0c2acb034986c,1775587538,2026-04-07T18:45:38+00:00,0.1695,clob_prices_history
62780808278969531638786026928407853049620076930842963388102875757599323764741,0x8329bdd734ac55ee38848a6730c8cf80a604441164038d60e6e0c2acb034986c,1775588458,2026-04-07T19:00:58+00:00,0.1695,clob_prices_history
62780808278969531638786026928407853049620076930842963388102875757599323764741,0x8329bdd734ac55ee38848a6730c8cf80a604441164038d60e6e0c2acb034986c,1775589329,2026-04-07T19:15:29+00:00,0.1695,clob_prices_history
62780808278969531638786026928407853049620076930842963388102875757599323764741,0x8329bdd734ac55ee38848a6730c8cf80a604441164038d60e6e0c2acb034986c,1775590206,2026-04-07T19:30:06+00:00,0.1695,clob_prices_history
62780808278969531638786026928407853049620076930842963388102875757599323764741,0x8329bdd734ac55ee38848a6730c8cf80a604441164038d60e6e0c2acb034986c,1775591124,2026-04-07T19:45:24+00:00,0.1695,clob_prices_history
62780808278969531638786026928407853049620076930842963388102875757599323764741,0x8329bdd734ac55ee38848a6730c8cf80a604441164038d60e6e0c2acb034986c,1775592003,2026-04-07T20:00:03+00:00,0.1695,clob_prices_history
62780808278969531638786026928407853049620076930842963388102875757599323764741,0x8329bdd734ac55ee38848a6730c8cf80a604441164038d60e6e0c2acb034986c,1775592954,2026-04-07T20:15:54+00:00,0.1695,clob_prices_history
62780808278969531638786026928407853049620076930842963388102875757599323764741,0x8329bdd734ac55ee38848a6730c8cf80a604441164038d60e6e0c2acb034986c,1775594752,2026-04-07T20:45:52+00:00,0.169,clob_prices_history
62780808278969531638786026928407853049620076930842963388102875757599323764741,0x8329bdd734ac55ee38848a6730c8cf80a604441164038d60e6e0c2acb034986c,1775598304,2026-04-07T21:45:04+00:00,0.1725,clob_prices_history
62780808278969531638786026928407853049620076930842963388102875757599323764741,0x8329bdd734ac55ee38848a6730c8cf80a604441164038d60e6e0c2acb034986c,1775599203,2026-04-07T22:00:03+00:00,0.17,clob_prices_history
62780808278969531638786026928407853049620076930842963388102875757599323764741,0x8329bdd734ac55ee38848a6730c8cf80a604441164038d60e6e0c2acb034986c,1775600159,2026-04-07T22:15:59+00:00,0.172,clob_prices_history
62780808278969531638786026928407853049620076930842963388102875757599323764741,0x8329bdd734ac55ee38848a6730c8cf80a604441164038d60e6e0c2acb034986c,1775601016,2026-04-07T22:30:16+00:00,0.1695,clob_prices_history
62780808278969531638786026928407853049620076930842963388102875757599323764741,0x8329bdd734ac55ee38848a6730c8cf80a604441164038d60e6e0c2acb034986c,1775601909,2026-04-07T22:45:09+00:00,0.1695,clob_prices_history
62780808278969531638786026928407853049620076930842963388102875757599323764741,0x8329bdd734ac55ee38848a6730c8cf80a604441164038d60e6e0c2acb034986c,1775603732,2026-04-07T23:15:32+00:00,0.17,clob_prices_history
62780808278969531638786026928407853049620076930842963388102875757599323764741,0x8329bdd734ac55ee38848a6730c8cf80a604441164038d60e6e0c2acb034986c,1775604616,2026-04-07T23:30:16+00:00,0.17,clob_prices_history
62780808278969531638786026928407853049620076930842963388102875757599323764741,0x8329bdd734ac55ee38848a6730c8cf80a604441164038d60e6e0c2acb034986c,1775605550,2026-04-07T23:45:50+00:00,0.17,clob_prices_history
62780808278969531638786026928407853049620076930842963388102875757599323764741,0x8329bdd734ac55ee38848a6730c8cf80a604441164038d60e6e0c2acb034986c,1775609102,2026-04-08T00:45:02+00:00,0.1695,clob_prices_history
62780808278969531638786026928407853049620076930842963388102875757599323764741,0x8329bdd734ac55ee38848a6730c8cf80a604441164038d60e6e0c2acb034986c,1775610003,2026-04-08T01:00:03+00:00,0.1695,clob_prices_history
62780808278969531638786026928407853049620076930842963388102875757599323764741,0x8329bdd734ac55ee38848a6730c8cf80a604441164038d60e6e0c2acb034986c,1775610958,2026-04-08T01:15:58+00:00,0.17,clob_prices_history
62780808278969531638786026928407853049620076930842963388102875757599323764741,0x8329bdd734ac55ee38848a6730c8cf80a604441164038d60e6e0c2acb034986c,1775612729,2026-04-08T01:45:29+00:00,0.172,clob_prices_history
62780808278969531638786026928407853049620076930842963388102875757599323764741,0x8329bdd734ac55ee38848a6730c8cf80a604441164038d60e6e0c2acb034986c,1775613644,2026-04-08T02:00:44+00:00,0.172,clob_prices_history
62780808278969531638786026928407853049620076930842963388102875757599323764741,0x8329bdd734ac55ee38848a6730c8cf80a604441164038d60e6e0c2acb034986c,1775614554,2026-04-08T02:15:54+00:00,0.172,clob_prices_history
62780808278969531638786026928407853049620076930842963388102875757599323764741,0x8329bdd734ac55ee38848a6730c8cf80a604441164038d60e6e0c2acb034986c,1775618105,2026-04-08T03:15:05+00:00,0.1695,clob_prices_history
62780808278969531638786026928407853049620076930842963388102875757599323764741,0x8329bdd734ac55ee38848a6730c8cf80a604441164038d60e6e0c2acb034986c,1775619001,2026-04-08T03:30:01+00:00,0.1695,clob_prices_history
62780808278969531638786026928407853049620076930842963388102875757599323764741,0x8329bdd734ac55ee38848a6730c8cf80a604441164038d60e6e0c2acb034986c,1775619927,2026-04-08T03:45:27+00:00,0.172,clob_prices_history
62780808278969531638786026928407853049620076930842963388102875757599323764741,0x8329bdd734ac55ee38848a6730c8cf80a604441164038d60e6e0c2acb034986c,1775621735,2026-04-08T04:15:35+00:00,0.1695,clob_prices_history
62780808278969531638786026928407853049620076930842963388102875757599323764741,0x8329bdd734ac55ee38848a6730c8cf80a604441164038d60e6e0c2acb034986c,1775623540,2026-04-08T04:45:40+00:00,0.172,clob_prices_history
62780808278969531638786026928407853049620076930842963388102875757599323764741,0x8329bdd734ac55ee38848a6730c8cf80a604441164038d60e6e0c2acb034986c,1775624400,2026-04-08T05:00:00+00:00,0.1695,clob_prices_history
62780808278969531638786026928407853049620076930842963388102875757599323764741,0x8329bdd734ac55ee38848a6730c8cf80a604441164038d60e6e0c2acb034986c,1775625306,2026-04-08T05:15:06+00:00,0.172,clob_prices_history
62780808278969531638786026928407853049620076930842963388102875757599323764741,0x8329bdd734ac55ee38848a6730c8cf80a604441164038d60e6e0c2acb034986c,1775626257,2026-04-08T05:30:57+00:00,0.172,clob_prices_history
62780808278969531638786026928407853049620076930842963388102875757599323764741,0x8329bdd734ac55ee38848a6730c8cf80a604441164038d60e6e0c2acb034986c,1775627100,2026-04-08T05:45:00+00:00,0.1695,clob_prices_history
62780808278969531638786026928407853049620076930842963388102875757599323764741,0x8329bdd734ac55ee38848a6730c8cf80a604441164038d60e6e0c2acb034986c,1775628958,2026-04-08T06:15:58+00:00,0.172,clob_prices_history
62780808278969531638786026928407853049620076930842963388102875757599323764741,0x8329bdd734ac55ee38848a6730c8cf80a604441164038d60e6e0c2acb034986c,1775629819,2026-04-08T06:30:19+00:00,0.172,clob_prices_history
62780808278969531638786026928407853049620076930842963388102875757599323764741,0x8329bdd734ac55ee38848a6730c8cf80a604441164038d60e6e0c2acb034986c,1775630755,2026-04-08T06:45:55+00:00,0.172,clob_prices_history
62780808278969531638786026928407853049620076930842963388102875757599323764741,0x8329bdd734ac55ee38848a6730c8cf80a604441164038d60e6e0c2acb034986c,1775634318,2026-04-08T07:45:18+00:00,0.1695,clob_prices_history
62780808278969531638786026928407853049620076930842963388102875757599323764741,0x8329bdd734ac55ee38848a6730c8cf80a604441164038d60e6e0c2acb034986c,1775637001,2026-04-08T08:30:01+00:00,0.172,clob_prices_history
62780808278969531638786026928407853049620076930842963388102875757599323764741,0x8329bdd734ac55ee38848a6730c8cf80a604441164038d60e6e0c2acb034986c,1775637905,2026-04-08T08:45:05+00:00,0.173,clob_prices_history
62780808278969531638786026928407853049620076930842963388102875757599323764741,0x8329bdd734ac55ee38848a6730c8cf80a604441164038d60e6e0c2acb034986c,1775638821,2026-04-08T09:00:21+00:00,0.173,clob_prices_history
62780808278969531638786026928407853049620076930842963388102875757599323764741,0x8329bdd734ac55ee38848a6730c8cf80a604441164038d60e6e0c2acb034986c,1775639753,2026-04-08T09:15:53+00:00,0.17,clob_prices_history
62780808278969531638786026928407853049620076930842963388102875757599323764741,0x8329bdd734ac55ee38848a6730c8cf80a604441164038d60e6e0c2acb034986c,1775641505,2026-04-08T09:45:05+00:00,0.172,clob_prices_history
62780808278969531638786026928407853049620076930842963388102875757599323764741,0x8329bdd734ac55ee38848a6730c8cf80a604441164038d60e6e0c2acb034986c,1775646953,2026-04-08T11:15:53+00:00,0.1695,clob_prices_history
62780808278969531638786026928407853049620076930842963388102875757599323764741,0x8329bdd734ac55ee38848a6730c8cf80a604441164038d60e6e0c2acb034986c,1775648706,2026-04-08T11:45:06+00:00,0.1695,clob_prices_history
62780808278969531638786026928407853049620076930842963388102875757599323764741,0x8329bdd734ac55ee38848a6730c8cf80a604441164038d60e6e0c2acb034986c,1775651450,2026-04-08T12:30:50+00:00,0.1725,clob_prices_history
62780808278969531638786026928407853049620076930842963388102875757599323764741,0x8329bdd734ac55ee38848a6730c8cf80a604441164038d60e6e0c2acb034986c,1775652344,2026-04-08T12:45:44+00:00,0.1765,clob_prices_history
62780808278969531638786026928407853049620076930842963388102875757599323764741,0x8329bdd734ac55ee38848a6730c8cf80a604441164038d60e6e0c2acb034986c,1775653258,2026-04-08T13:00:58+00:00,0.174,clob_prices_history
62780808278969531638786026928407853049620076930842963388102875757599323764741,0x8329bdd734ac55ee38848a6730c8cf80a604441164038d60e6e0c2acb034986c,1775654122,2026-04-08T13:15:22+00:00,0.17,clob_prices_history
62780808278969531638786026928407853049620076930842963388102875757599323764741,0x8329bdd734ac55ee38848a6730c8cf80a604441164038d60e6e0c2acb034986c,1775655051,2026-04-08T13:30:51+00:00,0.17,clob_prices_history
62780808278969531638786026928407853049620076930842963388102875757599323764741,0x8329bdd734ac55ee38848a6730c8cf80a604441164038d60e6e0c2acb034986c,1775655916,2026-04-08T13:45:16+00:00,0.173,clob_prices_history
62780808278969531638786026928407853049620076930842963388102875757599323764741,0x8329bdd734ac55ee38848a6730c8cf80a604441164038d60e6e0c2acb034986c,1775657752,2026-04-08T14:15:52+00:00,0.172,clob_prices_history
62780808278969531638786026928407853049620076930842963388102875757599323764741,0x8329bdd734ac55ee38848a6730c8cf80a604441164038d60e6e0c2acb034986c,1775658656,2026-04-08T14:30:56+00:00,0.1695,clob_prices_history
62780808278969531638786026928407853049620076930842963388102875757599323764741,0x8329bdd734ac55ee38848a6730c8cf80a604441164038d60e6e0c2acb034986c,1775659505,2026-04-08T14:45:05+00:00,0.1695,clob_prices_history
62780808278969531638786026928407853049620076930842963388102875757599323764741,0x8329bdd734ac55ee38848a6730c8cf80a604441164038d60e6e0c2acb034986c,1775660438,2026-04-08T15:00:38+00:00,0.1695,clob_prices_history
62780808278969531638786026928407853049620076930842963388102875757599323764741,0x8329bdd734ac55ee38848a6730c8cf80a604441164038d60e6e0c2acb034986c,1775661357,2026-04-08T15:15:57+00:00,0.1755,clob_prices_history
62780808278969531638786026928407853049620076930842963388102875757599323764741,0x8329bdd734ac55ee38848a6730c8cf80a604441164038d60e6e0c2acb034986c,1775662243,2026-04-08T15:30:43+00:00,0.1785,clob_prices_history
62780808278969531638786026928407853049620076930842963388102875757599323764741,0x8329bdd734ac55ee38848a6730c8cf80a604441164038d60e6e0c2acb034986c,1775663156,2026-04-08T15:45:56+00:00,0.1785,clob_prices_history
62780808278969531638786026928407853049620076930842963388102875757599323764741,0x8329bdd734ac55ee38848a6730c8cf80a604441164038d60e6e0c2acb034986c,1775664907,2026-04-08T16:15:07+00:00,0.1695,clob_prices_history
62780808278969531638786026928407853049620076930842963388102875757599323764741,0x8329bdd734ac55ee38848a6730c8cf80a604441164038d60e6e0c2acb034986c,1775666707,2026-04-08T16:45:07+00:00,0.1695,clob_prices_history
62780808278969531638786026928407853049620076930842963388102875757599323764741,0x8329bdd734ac55ee38848a6730c8cf80a604441164038d60e6e0c2acb034986c,1775668500,2026-04-08T17:15:00+00:00,0.174,clob_prices_history
62780808278969531638786026928407853049620076930842963388102875757599323764741,0x8329bdd734ac55ee38848a6730c8cf80a604441164038d60e6e0c2acb034986c,1775670358,2026-04-08T17:45:58+00:00,0.17,clob_prices_history
62780808278969531638786026928407853049620076930842963388102875757599323764741,0x8329bdd734ac55ee38848a6730c8cf80a604441164038d60e6e0c2acb034986c,1775672102,2026-04-08T18:15:02+00:00,0.173,clob_prices_history
62780808278969531638786026928407853049620076930842963388102875757599323764741,0x8329bdd734ac55ee38848a6730c8cf80a604441164038d60e6e0c2acb034986c,1775675754,2026-04-08T19:15:54+00:00,0.192,clob_prices_history
62780808278969531638786026928407853049620076930842963388102875757599323764741,0x8329bdd734ac55ee38848a6730c8cf80a604441164038d60e6e0c2acb034986c,1775676633,2026-04-08T19:30:33+00:00,0.192,clob_prices_history
62780808278969531638786026928407853049620076930842963388102875757599323764741,0x8329bdd734ac55ee38848a6730c8cf80a604441164038d60e6e0c2acb034986c,1775677531,2026-04-08T19:45:31+00:00,0.192,clob_prices_history
62780808278969531638786026928407853049620076930842963388102875757599323764741,0x8329bdd734ac55ee38848a6730c8cf80a604441164038d60e6e0c2acb034986c,1775679345,2026-04-08T20:15:45+00:00,0.192,clob_prices_history
62780808278969531638786026928407853049620076930842963388102875757599323764741,0x8329bdd734ac55ee38848a6730c8cf80a604441164038d60e6e0c2acb034986c,1775684721,2026-04-08T21:45:21+00:00,0.2835,clob_prices_history
62780808278969531638786026928407853049620076930842963388102875757599323764741,0x8329bdd734ac55ee38848a6730c8cf80a604441164038d60e6e0c2acb034986c,1775687411,2026-04-08T22:30:11+00:00,0.277,clob_prices_history
62780808278969531638786026928407853049620076930842963388102875757599323764741,0x8329bdd734ac55ee38848a6730c8cf80a604441164038d60e6e0c2acb034986c,1775689248,2026-04-08T23:00:48+00:00,0.277,clob_prices_history
62780808278969531638786026928407853049620076930842963388102875757599323764741,0x8329bdd734ac55ee38848a6730c8cf80a604441164038d60e6e0c2acb034986c,1775690157,2026-04-08T23:15:57+00:00,0.277,clob_prices_history
62780808278969531638786026928407853049620076930842963388102875757599323764741,0x8329bdd734ac55ee38848a6730c8cf80a604441164038d60e6e0c2acb034986c,1775691014,2026-04-08T23:30:14+00:00,0.2215,clob_prices_history
62780808278969531638786026928407853049620076930842963388102875757599323764741,0x8329bdd734ac55ee38848a6730c8cf80a604441164038d60e6e0c2acb034986c,1775691901,2026-04-08T23:45:01+00:00,0.277,clob_prices_history
62780808278969531638786026928407853049620076930842963388102875757599323764741,0x8329bdd734ac55ee38848a6730c8cf80a604441164038d60e6e0c2acb034986c,1775692841,2026-04-09T00:00:41+00:00,0.277,clob_prices_history
62780808278969531638786026928407853049620076930842963388102875757599323764741,0x8329bdd734ac55ee38848a6730c8cf80a604441164038d60e6e0c2acb034986c,1775693753,2026-04-09T00:15:53+00:00,0.277,clob_prices_history
62780808278969531638786026928407853049620076930842963388102875757599323764741,0x8329bdd734ac55ee38848a6730c8cf80a604441164038d60e6e0c2acb034986c,1775694657,2026-04-09T00:30:57+00:00,0.277,clob_prices_history
62780808278969531638786026928407853049620076930842963388102875757599323764741,0x8329bdd734ac55ee38848a6730c8cf80a604441164038d60e6e0c2acb034986c,1775695551,2026-04-09T00:45:51+00:00,0.277,clob_prices_history
62780808278969531638786026928407853049620076930842963388102875757599323764741,0x8329bdd734ac55ee38848a6730c8cf80a604441164038d60e6e0c2acb034986c,1775696457,2026-04-09T01:00:57+00:00,0.277,clob_prices_history
62780808278969531638786026928407853049620076930842963388102875757599323764741,0x8329bdd734ac55ee38848a6730c8cf80a604441164038d60e6e0c2acb034986c,1775697351,2026-04-09T01:15:51+00:00,0.277,clob_prices_history
62780808278969531638786026928407853049620076930842963388102875757599323764741,0x8329bdd734ac55ee38848a6730c8cf80a604441164038d60e6e0c2acb034986c,1775698254,2026-04-09T01:30:54+00:00,0.278,clob_prices_history
62780808278969531638786026928407853049620076930842963388102875757599323764741,0x8329bdd734ac55ee38848a6730c8cf80a604441164038d60e6e0c2acb034986c,1775699153,2026-04-09T01:45:53+00:00,0.278,clob_prices_history
62780808278969531638786026928407853049620076930842963388102875757599323764741,0x8329bdd734ac55ee38848a6730c8cf80a604441164038d60e6e0c2acb034986c,1775700058,2026-04-09T02:00:58+00:00,0.278,clob_prices_history
62780808278969531638786026928407853049620076930842963388102875757599323764741,0x8329bdd734ac55ee38848a6730c8cf80a604441164038d60e6e0c2acb034986c,1775700951,2026-04-09T02:15:51+00:00,0.278,clob_prices_history
62780808278969531638786026928407853049620076930842963388102875757599323764741,0x8329bdd734ac55ee38848a6730c8cf80a604441164038d60e6e0c2acb034986c,1775701855,2026-04-09T02:30:55+00:00,0.278,clob_prices_history
62780808278969531638786026928407853049620076930842963388102875757599323764741,0x8329bdd734ac55ee38848a6730c8cf80a604441164038d60e6e0c2acb034986c,1775702753,2026-04-09T02:45:53+00:00,0.278,clob_prices_history
62780808278969531638786026928407853049620076930842963388102875757599323764741,0x8329bdd734ac55ee38848a6730c8cf80a604441164038d60e6e0c2acb034986c,1775704550,2026-04-09T03:15:50+00:00,0.2235,clob_prices_history
62780808278969531638786026928407853049620076930842963388102875757599323764741,0x8329bdd734ac55ee38848a6730c8cf80a604441164038d60e6e0c2acb034986c,1775705455,2026-04-09T03:30:55+00:00,0.278,clob_prices_history
62780808278969531638786026928407853049620076930842963388102875757599323764741,0x8329bdd734ac55ee38848a6730c8cf80a604441164038d60e6e0c2acb034986c,1775706351,2026-04-09T03:45:51+00:00,0.278,clob_prices_history
62780808278969531638786026928407853049620076930842963388102875757599323764741,0x8329bdd734ac55ee38848a6730c8cf80a604441164038d60e6e0c2acb034986c,1775707257,2026-04-09T04:00:57+00:00,0.278,clob_prices_history
62780808278969531638786026928407853049620076930842963388102875757599323764741,0x8329bdd734ac55ee38848a6730c8cf80a604441164038d60e6e0c2acb034986c,1775708150,2026-04-09T04:15:50+00:00,0.2775,clob_prices_history
62780808278969531638786026928407853049620076930842963388102875757599323764741,0x8329bdd734ac55ee38848a6730c8cf80a604441164038d60e6e0c2acb034986c,1775709055,2026-04-09T04:30:55+00:00,0.2775,clob_prices_history
62780808278969531638786026928407853049620076930842963388102875757599323764741,0x8329bdd734ac55ee38848a6730c8cf80a604441164038d60e6e0c2acb034986c,1775709952,2026-04-09T04:45:52+00:00,0.2775,clob_prices_history
62780808278969531638786026928407853049620076930842963388102875757599323764741,0x8329bdd734ac55ee38848a6730c8cf80a604441164038d60e6e0c2acb034986c,1775710856,2026-04-09T05:00:56+00:00,0.2775,clob_prices_history
62780808278969531638786026928407853049620076930842963388102875757599323764741,0x8329bdd734ac55ee38848a6730c8cf80a604441164038d60e6e0c2acb034986c,1775711754,2026-04-09T05:15:54+00:00,0.2775,clob_prices_history
62780808278969531638786026928407853049620076930842963388102875757599323764741,0x8329bdd734ac55ee38848a6730c8cf80a604441164038d60e6e0c2acb034986c,1775712655,2026-04-09T05:30:55+00:00,0.2775,clob_prices_history
62780808278969531638786026928407853049620076930842963388102875757599323764741,0x8329bdd734ac55ee38848a6730c8cf80a604441164038d60e6e0c2acb034986c,1775713552,2026-04-09T05:45:52+00:00,0.2775,clob_prices_history
62780808278969531638786026928407853049620076930842963388102875757599323764741,0x8329bdd734ac55ee38848a6730c8cf80a604441164038d60e6e0c2acb034986c,1775715353,2026-04-09T06:15:53+00:00,0.278,clob_prices_history
62780808278969531638786026928407853049620076930842963388102875757599323764741,0x8329bdd734ac55ee38848a6730c8cf80a604441164038d60e6e0c2acb034986c,1775716255,2026-04-09T06:30:55+00:00,0.278,clob_prices_history
62780808278969531638786026928407853049620076930842963388102875757599323764741,0x8329bdd734ac55ee38848a6730c8cf80a604441164038d60e6e0c2acb034986c,1775717152,2026-04-09T06:45:52+00:00,0.278,clob_prices_history
62780808278969531638786026928407853049620076930842963388102875757599323764741,0x8329bdd734ac55ee38848a6730c8cf80a604441164038d60e6e0c2acb034986c,1775718054,2026-04-09T07:00:54+00:00,0.278,clob_prices_history
62780808278969531638786026928407853049620076930842963388102875757599323764741,0x8329bdd734ac55ee38848a6730c8cf80a604441164038d60e6e0c2acb034986c,1775718952,2026-04-09T07:15:52+00:00,0.2775,clob_prices_history
62780808278969531638786026928407853049620076930842963388102875757599323764741,0x8329bdd734ac55ee38848a6730c8cf80a604441164038d60e6e0c2acb034986c,1775719855,2026-04-09T07:30:55+00:00,0.2775,clob_prices_history
62780808278969531638786026928407853049620076930842963388102875757599323764741,0x8329bdd734ac55ee38848a6730c8cf80a604441164038d60e6e0c2acb034986c,1775720750,2026-04-09T07:45:50+00:00,0.2775,clob_prices_history
62780808278969531638786026928407853049620076930842963388102875757599323764741,0x8329bdd734ac55ee38848a6730c8cf80a604441164038d60e6e0c2acb034986c,1775721655,2026-04-09T08:00:55+00:00,0.2775,clob_prices_history
62780808278969531638786026928407853049620076930842963388102875757599323764741,0x8329bdd734ac55ee38848a6730c8cf80a604441164038d60e6e0c2acb034986c,1775722551,2026-04-09T08:15:51+00:00,0.278,clob_prices_history
62780808278969531638786026928407853049620076930842963388102875757599323764741,0x8329bdd734ac55ee38848a6730c8cf80a604441164038d60e6e0c2acb034986c,1775724351,2026-04-09T08:45:51+00:00,0.292,clob_prices_history
62780808278969531638786026928407853049620076930842963388102875757599323764741,0x8329bdd734ac55ee38848a6730c8cf80a604441164038d60e6e0c2acb034986c,1775726151,2026-04-09T09:15:51+00:00,0.2965,clob_prices_history
62780808278969531638786026928407853049620076930842963388102875757599323764741,0x8329bdd734ac55ee38848a6730c8cf80a604441164038d60e6e0c2acb034986c,1775727010,2026-04-09T09:30:10+00:00,0.389,clob_prices_history
62780808278969531638786026928407853049620076930842963388102875757599323764741,0x8329bdd734ac55ee38848a6730c8cf80a604441164038d60e6e0c2acb034986c,1775727924,2026-04-09T09:45:24+00:00,0.389,clob_prices_history
62780808278969531638786026928407853049620076930842963388102875757599323764741,0x8329bdd734ac55ee38848a6730c8cf80a604441164038d60e6e0c2acb034986c,1775728857,2026-04-09T10:00:57+00:00,0.389,clob_prices_history
62780808278969531638786026928407853049620076930842963388102875757599323764741,0x8329bdd734ac55ee38848a6730c8cf80a604441164038d60e6e0c2acb034986c,1775730654,2026-04-09T10:30:54+00:00,0.389,clob_prices_history
62780808278969531638786026928407853049620076930842963388102875757599323764741,0x8329bdd734ac55ee38848a6730c8cf80a604441164038d60e6e0c2acb034986c,1775731553,2026-04-09T10:45:53+00:00,0.389,clob_prices_history
62780808278969531638786026928407853049620076930842963388102875757599323764741,0x8329bdd734ac55ee38848a6730c8cf80a604441164038d60e6e0c2acb034986c,1775732457,2026-04-09T11:00:57+00:00,0.389,clob_prices_history
62780808278969531638786026928407853049620076930842963388102875757599323764741,0x8329bdd734ac55ee38848a6730c8cf80a604441164038d60e6e0c2acb034986c,1775733301,2026-04-09T11:15:01+00:00,0.389,clob_prices_history
62780808278969531638786026928407853049620076930842963388102875757599323764741,0x8329bdd734ac55ee38848a6730c8cf80a604441164038d60e6e0c2acb034986c,1775733356,2026-04-09T11:15:56+00:00,0.389,clob_prices_history
62780808278969531638786026928407853049620076930842963388102875757599323764741,0x8329bdd734ac55ee38848a6730c8cf80a604441164038d60e6e0c2acb034986c,1775734258,2026-04-09T11:30:58+00:00,0.389,clob_prices_history
62780808278969531638786026928407853049620076930842963388102875757599323764741,0x8329bdd734ac55ee38848a6730c8cf80a604441164038d60e6e0c2acb034986c,1775736952,2026-04-09T12:15:52+00:00,0.389,clob_prices_history
62780808278969531638786026928407853049620076930842963388102875757599323764741,0x8329bdd734ac55ee38848a6730c8cf80a604441164038d60e6e0c2acb034986c,1775737857,2026-04-09T12:30:57+00:00,0.389,clob_prices_history
62780808278969531638786026928407853049620076930842963388102875757599323764741,0x8329bdd734ac55ee38848a6730c8cf80a604441164038d60e6e0c2acb034986c,1775738753,2026-04-09T12:45:53+00:00,0.389,clob_prices_history
62780808278969531638786026928407853049620076930842963388102875757599323764741,0x8329bdd734ac55ee38848a6730c8cf80a604441164038d60e6e0c2acb034986c,1775740552,2026-04-09T13:15:52+00:00,0.389,clob_prices_history
62780808278969531638786026928407853049620076930842963388102875757599323764741,0x8329bdd734ac55ee38848a6730c8cf80a604441164038d60e6e0c2acb034986c,1775741456,2026-04-09T13:30:56+00:00,0.389,clob_prices_history
62780808278969531638786026928407853049620076930842963388102875757599323764741,0x8329bdd734ac55ee38848a6730c8cf80a604441164038d60e6e0c2acb034986c,1775742356,2026-04-09T13:45:56+00:00,0.389,clob_prices_history
62780808278969531638786026928407853049620076930842963388102875757599323764741,0x8329bdd734ac55ee38848a6730c8cf80a604441164038d60e6e0c2acb034986c,1775744153,2026-04-09T14:15:53+00:00,0.389,clob_prices_history
62780808278969531638786026928407853049620076930842963388102875757599323764741,0x8329bdd734ac55ee38848a6730c8cf80a604441164038d60e6e0c2acb034986c,1775746819,2026-04-09T15:00:19+00:00,0.334,clob_prices_history
62780808278969531638786026928407853049620076930842963388102875757599323764741,0x8329bdd734ac55ee38848a6730c8cf80a604441164038d60e6e0c2acb034986c,1775747754,2026-04-09T15:15:54+00:00,0.334,clob_prices_history
62780808278969531638786026928407853049620076930842963388102875757599323764741,0x8329bdd734ac55ee38848a6730c8cf80a604441164038d60e6e0c2acb034986c,1775753106,2026-04-09T16:45:06+00:00,0.3335,clob_prices_history
62780808278969531638786026928407853049620076930842963388102875757599323764741,0x8329bdd734ac55ee38848a6730c8cf80a604441164038d60e6e0c2acb034986c,1775754922,2026-04-09T17:15:22+00:00,0.3335,clob_prices_history
62780808278969531638786026928407853049620076930842963388102875757599323764741,0x8329bdd734ac55ee38848a6730c8cf80a604441164038d60e6e0c2acb034986c,1775765754,2026-04-09T20:15:54+00:00,0.3145,clob_prices_history
62780808278969531638786026928407853049620076930842963388102875757599323764741,0x8329bdd734ac55ee38848a6730c8cf80a604441164038d60e6e0c2acb034986c,1775767554,2026-04-09T20:45:54+00:00,0.291,clob_prices_history
62780808278969531638786026928407853049620076930842963388102875757599323764741,0x8329bdd734ac55ee38848a6730c8cf80a604441164038d60e6e0c2acb034986c,1775777400,2026-04-09T23:30:00+00:00,0.235,clob_prices_history
62780808278969531638786026928407853049620076930842963388102875757599323764741,0x8329bdd734ac55ee38848a6730c8cf80a604441164038d60e6e0c2acb034986c,1775778358,2026-04-09T23:45:58+00:00,0.235,clob_prices_history
62780808278969531638786026928407853049620076930842963388102875757599323764741,0x8329bdd734ac55ee38848a6730c8cf80a604441164038d60e6e0c2acb034986c,1775781958,2026-04-10T00:45:58+00:00,0.235,clob_prices_history
62780808278969531638786026928407853049620076930842963388102875757599323764741,0x8329bdd734ac55ee38848a6730c8cf80a604441164038d60e6e0c2acb034986c,1775783754,2026-04-10T01:15:54+00:00,0.235,clob_prices_history
62780808278969531638786026928407853049620076930842963388102875757599323764741,0x8329bdd734ac55ee38848a6730c8cf80a604441164038d60e6e0c2acb034986c,1775787353,2026-04-10T02:15:53+00:00,0.235,clob_prices_history
62780808278969531638786026928407853049620076930842963388102875757599323764741,0x8329bdd734ac55ee38848a6730c8cf80a604441164038d60e6e0c2acb034986c,1775788259,2026-04-10T02:30:59+00:00,0.235,clob_prices_history
62780808278969531638786026928407853049620076930842963388102875757599323764741,0x8329bdd734ac55ee38848a6730c8cf80a604441164038d60e6e0c2acb034986c,1775790957,2026-04-10T03:15:57+00:00,0.235,clob_prices_history
62780808278969531638786026928407853049620076930842963388102875757599323764741,0x8329bdd734ac55ee38848a6730c8cf80a604441164038d60e6e0c2acb034986c,1775796357,2026-04-10T04:45:57+00:00,0.235,clob_prices_history
62780808278969531638786026928407853049620076930842963388102875757599323764741,0x8329bdd734ac55ee38848a6730c8cf80a604441164038d60e6e0c2acb034986c,1775799953,2026-04-10T05:45:53+00:00,0.235,clob_prices_history
62780808278969531638786026928407853049620076930842963388102875757599323764741,0x8329bdd734ac55ee38848a6730c8cf80a604441164038d60e6e0c2acb034986c,1775800846,2026-04-10T06:00:46+00:00,0.235,clob_prices_history
62780808278969531638786026928407853049620076930842963388102875757599323764741,0x8329bdd734ac55ee38848a6730c8cf80a604441164038d60e6e0c2acb034986c,1775801754,2026-04-10T06:15:54+00:00,0.235,clob_prices_history
62780808278969531638786026928407853049620076930842963388102875757599323764741,0x8329bdd734ac55ee38848a6730c8cf80a604441164038d60e6e0c2acb034986c,1775803553,2026-04-10T06:45:53+00:00,0.2355,clob_prices_history
62780808278969531638786026928407853049620076930842963388102875757599323764741,0x8329bdd734ac55ee38848a6730c8cf80a604441164038d60e6e0c2acb034986c,1775805353,2026-04-10T07:15:53+00:00,0.2355,clob_prices_history
62780808278969531638786026928407853049620076930842963388102875757599323764741,0x8329bdd734ac55ee38848a6730c8cf80a604441164038d60e6e0c2acb034986c,1775806258,2026-04-10T07:30:58+00:00,0.2355,clob_prices_history
62780808278969531638786026928407853049620076930842963388102875757599323764741,0x8329bdd734ac55ee38848a6730c8cf80a604441164038d60e6e0c2acb034986c,1775808014,2026-04-10T08:00:14+00:00,0.2355,clob_prices_history
62780808278969531638786026928407853049620076930842963388102875757599323764741,0x8329bdd734ac55ee38848a6730c8cf80a604441164038d60e6e0c2acb034986c,1775808956,2026-04-10T08:15:56+00:00,0.2355,clob_prices_history
62780808278969531638786026928407853049620076930842963388102875757599323764741,0x8329bdd734ac55ee38848a6730c8cf80a604441164038d60e6e0c2acb034986c,1775810754,2026-04-10T08:45:54+00:00,0.2355,clob_prices_history
62780808278969531638786026928407853049620076930842963388102875757599323764741,0x8329bdd734ac55ee38848a6730c8cf80a604441164038d60e6e0c2acb034986c,1775811615,2026-04-10T09:00:15+00:00,0.2355,clob_prices_history
62780808278969531638786026928407853049620076930842963388102875757599323764741,0x8329bdd734ac55ee38848a6730c8cf80a604441164038d60e6e0c2acb034986c,1775812553,2026-04-10T09:15:53+00:00,0.2355,clob_prices_history
62780808278969531638786026928407853049620076930842963388102875757599323764741,0x8329bdd734ac55ee38848a6730c8cf80a604441164038d60e6e0c2acb034986c,1775814357,2026-04-10T09:45:57+00:00,0.2355,clob_prices_history
62780808278969531638786026928407853049620076930842963388102875757599323764741,0x8329bdd734ac55ee38848a6730c8cf80a604441164038d60e6e0c2acb034986c,1775816133,2026-04-10T10:15:33+00:00,0.2355,clob_prices_history
62780808278969531638786026928407853049620076930842963388102875757599323764741,0x8329bdd734ac55ee38848a6730c8cf80a604441164038d60e6e0c2acb034986c,1775817956,2026-04-10T10:45:56+00:00,0.29,clob_prices_history
62780808278969531638786026928407853049620076930842963388102875757599323764741,0x8329bdd734ac55ee38848a6730c8cf80a604441164038d60e6e0c2acb034986c,1775819755,2026-04-10T11:15:55+00:00,0.231,clob_prices_history
62780808278969531638786026928407853049620076930842963388102875757599323764741,0x8329bdd734ac55ee38848a6730c8cf80a604441164038d60e6e0c2acb034986c,1775821508,2026-04-10T11:45:08+00:00,0.231,clob_prices_history
62780808278969531638786026928407853049620076930842963388102875757599323764741,0x8329bdd734ac55ee38848a6730c8cf80a604441164038d60e6e0c2acb034986c,1775825155,2026-04-10T12:45:55+00:00,0.231,clob_prices_history
62780808278969531638786026928407853049620076930842963388102875757599323764741,0x8329bdd734ac55ee38848a6730c8cf80a604441164038d60e6e0c2acb034986c,1775826018,2026-04-10T13:00:18+00:00,0.231,clob_prices_history
62780808278969531638786026928407853049620076930842963388102875757599323764741,0x8329bdd734ac55ee38848a6730c8cf80a604441164038d60e6e0c2acb034986c,1775826954,2026-04-10T13:15:54+00:00,0.231,clob_prices_history
62780808278969531638786026928407853049620076930842963388102875757599323764741,0x8329bdd734ac55ee38848a6730c8cf80a604441164038d60e6e0c2acb034986c,1775830555,2026-04-10T14:15:55+00:00,0.231,clob_prices_history
62780808278969531638786026928407853049620076930842963388102875757599323764741,0x8329bdd734ac55ee38848a6730c8cf80a604441164038d60e6e0c2acb034986c,1775832355,2026-04-10T14:45:55+00:00,0.231,clob_prices_history
62780808278969531638786026928407853049620076930842963388102875757599323764741,0x8329bdd734ac55ee38848a6730c8cf80a604441164038d60e6e0c2acb034986c,1775833251,2026-04-10T15:00:51+00:00,0.231,clob_prices_history
62780808278969531638786026928407853049620076930842963388102875757599323764741,0x8329bdd734ac55ee38848a6730c8cf80a604441164038d60e6e0c2acb034986c,1775834153,2026-04-10T15:15:53+00:00,0.231,clob_prices_history
62780808278969531638786026928407853049620076930842963388102875757599323764741,0x8329bdd734ac55ee38848a6730c8cf80a604441164038d60e6e0c2acb034986c,1775836804,2026-04-10T16:00:04+00:00,0.23,clob_prices_history
62780808278969531638786026928407853049620076930842963388102875757599323764741,0x8329bdd734ac55ee38848a6730c8cf80a604441164038d60e6e0c2acb034986c,1775837753,2026-04-10T16:15:53+00:00,0.23,clob_prices_history
62780808278969531638786026928407853049620076930842963388102875757599323764741,0x8329bdd734ac55ee38848a6730c8cf80a604441164038d60e6e0c2acb034986c,1775839556,2026-04-10T16:45:56+00:00,0.23,clob_prices_history
62780808278969531638786026928407853049620076930842963388102875757599323764741,0x8329bdd734ac55ee38848a6730c8cf80a604441164038d60e6e0c2acb034986c,1775840439,2026-04-10T17:00:39+00:00,0.23,clob_prices_history
62780808278969531638786026928407853049620076930842963388102875757599323764741,0x8329bdd734ac55ee38848a6730c8cf80a604441164038d60e6e0c2acb034986c,1775841354,2026-04-10T17:15:54+00:00,0.23,clob_prices_history
62780808278969531638786026928407853049620076930842963388102875757599323764741,0x8329bdd734ac55ee38848a6730c8cf80a604441164038d60e6e0c2acb034986c,1775843111,2026-04-10T17:45:11+00:00,0.23,clob_prices_history
62780808278969531638786026928407853049620076930842963388102875757599323764741,0x8329bdd734ac55ee38848a6730c8cf80a604441164038d60e6e0c2acb034986c,1775846756,2026-04-10T18:45:56+00:00,0.23,clob_prices_history
62780808278969531638786026928407853049620076930842963388102875757599323764741,0x8329bdd734ac55ee38848a6730c8cf80a604441164038d60e6e0c2acb034986c,1775848555,2026-04-10T19:15:55+00:00,0.23,clob_prices_history
62780808278969531638786026928407853049620076930842963388102875757599323764741,0x8329bdd734ac55ee38848a6730c8cf80a604441164038d60e6e0c2acb034986c,1775850305,2026-04-10T19:45:05+00:00,0.23,clob_prices_history
62780808278969531638786026928407853049620076930842963388102875757599323764741,0x8329bdd734ac55ee38848a6730c8cf80a604441164038d60e6e0c2acb034986c,1775851218,2026-04-10T20:00:18+00:00,0.23,clob_prices_history
62780808278969531638786026928407853049620076930842963388102875757599323764741,0x8329bdd734ac55ee38848a6730c8cf80a604441164038d60e6e0c2acb034986c,1775853916,2026-04-10T20:45:16+00:00,0.2285,clob_prices_history
62780808278969531638786026928407853049620076930842963388102875757599323764741,0x8329bdd734ac55ee38848a6730c8cf80a604441164038d60e6e0c2acb034986c,1775855728,2026-04-10T21:15:28+00:00,0.2285,clob_prices_history
62780808278969531638786026928407853049620076930842963388102875757599323764741,0x8329bdd734ac55ee38848a6730c8cf80a604441164038d60e6e0c2acb034986c,1775856617,2026-04-10T21:30:17+00:00,0.2285,clob_prices_history
62780808278969531638786026928407853049620076930842963388102875757599323764741,0x8329bdd734ac55ee38848a6730c8cf80a604441164038d60e6e0c2acb034986c,1775857530,2026-04-10T21:45:30+00:00,0.2285,clob_prices_history
62780808278969531638786026928407853049620076930842963388102875757599323764741,0x8329bdd734ac55ee38848a6730c8cf80a604441164038d60e6e0c2acb034986c,1775859359,2026-04-10T22:15:59+00:00,0.2285,clob_prices_history
62780808278969531638786026928407853049620076930842963388102875757599323764741,0x8329bdd734ac55ee38848a6730c8cf80a604441164038d60e6e0c2acb034986c,1775860247,2026-04-10T22:30:47+00:00,0.2285,clob_prices_history
62780808278969531638786026928407853049620076930842963388102875757599323764741,0x8329bdd734ac55ee38848a6730c8cf80a604441164038d60e6e0c2acb034986c,1775861158,2026-04-10T22:45:58+00:00,0.2285,clob_prices_history
62780808278969531638786026928407853049620076930842963388102875757599323764741,0x8329bdd734ac55ee38848a6730c8cf80a604441164038d60e6e0c2acb034986c,1775862025,2026-04-10T23:00:25+00:00,0.2285,clob_prices_history
62780808278969531638786026928407853049620076930842963388102875757599323764741,0x8329bdd734ac55ee38848a6730c8cf80a604441164038d60e6e0c2acb034986c,1775862957,2026-04-10T23:15:57+00:00,0.2285,clob_prices_history
62780808278969531638786026928407853049620076930842963388102875757599323764741,0x8329bdd734ac55ee38848a6730c8cf80a604441164038d60e6e0c2acb034986c,1775863825,2026-04-10T23:30:25+00:00,0.2285,clob_prices_history
62780808278969531638786026928407853049620076930842963388102875757599323764741,0x8329bdd734ac55ee38848a6730c8cf80a604441164038d60e6e0c2acb034986c,1775864713,2026-04-10T23:45:13+00:00,0.2285,clob_prices_history
62780808278969531638786026928407853049620076930842963388102875757599323764741,0x8329bdd734ac55ee38848a6730c8cf80a604441164038d60e6e0c2acb034986c,1775866555,2026-04-11T00:15:55+00:00,0.2285,clob_prices_history
62780808278969531638786026928407853049620076930842963388102875757599323764741,0x8329bdd734ac55ee38848a6730c8cf80a604441164038d60e6e0c2acb034986c,1775868356,2026-04-11T00:45:56+00:00,0.2285,clob_prices_history
62780808278969531638786026928407853049620076930842963388102875757599323764741,0x8329bdd734ac55ee38848a6730c8cf80a604441164038d60e6e0c2acb034986c,1775870156,2026-04-11T01:15:56+00:00,0.195,clob_prices_history
62780808278969531638786026928407853049620076930842963388102875757599323764741,0x8329bdd734ac55ee38848a6730c8cf80a604441164038d60e6e0c2acb034986c,1775871901,2026-04-11T01:45:01+00:00,0.195,clob_prices_history
62780808278969531638786026928407853049620076930842963388102875757599323764741,0x8329bdd734ac55ee38848a6730c8cf80a604441164038d60e6e0c2acb034986c,1775871957,2026-04-11T01:45:57+00:00,0.195,clob_prices_history
62780808278969531638786026928407853049620076930842963388102875757599323764741,0x8329bdd734ac55ee38848a6730c8cf80a604441164038d60e6e0c2acb034986c,1775873704,2026-04-11T02:15:04+00:00,0.195,clob_prices_history
62780808278969531638786026928407853049620076930842963388102875757599323764741,0x8329bdd734ac55ee38848a6730c8cf80a604441164038d60e6e0c2acb034986c,1775875554,2026-04-11T02:45:54+00:00,0.195,clob_prices_history
62780808278969531638786026928407853049620076930842963388102875757599323764741,0x8329bdd734ac55ee38848a6730c8cf80a604441164038d60e6e0c2acb034986c,1775877353,2026-04-11T03:15:53+00:00,0.235,clob_prices_history
62780808278969531638786026928407853049620076930842963388102875757599323764741,0x8329bdd734ac55ee38848a6730c8cf80a604441164038d60e6e0c2acb034986c,1775879154,2026-04-11T03:45:54+00:00,0.235,clob_prices_history
62780808278969531638786026928407853049620076930842963388102875757599323764741,0x8329bdd734ac55ee38848a6730c8cf80a604441164038d60e6e0c2acb034986c,1775880955,2026-04-11T04:15:55+00:00,0.235,clob_prices_history
62780808278969531638786026928407853049620076930842963388102875757599323764741,0x8329bdd734ac55ee38848a6730c8cf80a604441164038d60e6e0c2acb034986c,1775882753,2026-04-11T04:45:53+00:00,0.197,clob_prices_history
62780808278969531638786026928407853049620076930842963388102875757599323764741,0x8329bdd734ac55ee38848a6730c8cf80a604441164038d60e6e0c2acb034986c,1775884556,2026-04-11T05:15:56+00:00,0.197,clob_prices_history
62780808278969531638786026928407853049620076930842963388102875757599323764741,0x8329bdd734ac55ee38848a6730c8cf80a604441164038d60e6e0c2acb034986c,1775885412,2026-04-11T05:30:12+00:00,0.197,clob_prices_history
62780808278969531638786026928407853049620076930842963388102875757599323764741,0x8329bdd734ac55ee38848a6730c8cf80a604441164038d60e6e0c2acb034986c,1775886352,2026-04-11T05:45:52+00:00,0.197,clob_prices_history
62780808278969531638786026928407853049620076930842963388102875757599323764741,0x8329bdd734ac55ee38848a6730c8cf80a604441164038d60e6e0c2acb034986c,1775887206,2026-04-11T06:00:06+00:00,0.197,clob_prices_history
62780808278969531638786026928407853049620076930842963388102875757599323764741,0x8329bdd734ac55ee38848a6730c8cf80a604441164038d60e6e0c2acb034986c,1775888153,2026-04-11T06:15:53+00:00,0.197,clob_prices_history
62780808278969531638786026928407853049620076930842963388102875757599323764741,0x8329bdd734ac55ee38848a6730c8cf80a604441164038d60e6e0c2acb034986c,1775889951,2026-04-11T06:45:51+00:00,0.197,clob_prices_history
62780808278969531638786026928407853049620076930842963388102875757599323764741,0x8329bdd734ac55ee38848a6730c8cf80a604441164038d60e6e0c2acb034986c,1775891753,2026-04-11T07:15:53+00:00,0.1765,clob_prices_history
62780808278969531638786026928407853049620076930842963388102875757599323764741,0x8329bdd734ac55ee38848a6730c8cf80a604441164038d60e6e0c2acb034986c,1775893554,2026-04-11T07:45:54+00:00,0.1765,clob_prices_history
62780808278969531638786026928407853049620076930842963388102875757599323764741,0x8329bdd734ac55ee38848a6730c8cf80a604441164038d60e6e0c2acb034986c,1775894459,2026-04-11T08:00:59+00:00,0.1765,clob_prices_history
62780808278969531638786026928407853049620076930842963388102875757599323764741,0x8329bdd734ac55ee38848a6730c8cf80a604441164038d60e6e0c2acb034986c,1775897156,2026-04-11T08:45:56+00:00,0.1855,clob_prices_history
62780808278969531638786026928407853049620076930842963388102875757599323764741,0x8329bdd734ac55ee38848a6730c8cf80a604441164038d60e6e0c2acb034986c,1775898953,2026-04-11T09:15:53+00:00,0.1765,clob_prices_history
62780808278969531638786026928407853049620076930842963388102875757599323764741,0x8329bdd734ac55ee38848a6730c8cf80a604441164038d60e6e0c2acb034986c,1775900753,2026-04-11T09:45:53+00:00,0.1765,clob_prices_history
62780808278969531638786026928407853049620076930842963388102875757599323764741,0x8329bdd734ac55ee38848a6730c8cf80a604441164038d60e6e0c2acb034986c,1775901630,2026-04-11T10:00:30+00:00,0.1765,clob_prices_history
62780808278969531638786026928407853049620076930842963388102875757599323764741,0x8329bdd734ac55ee38848a6730c8cf80a604441164038d60e6e0c2acb034986c,1775902553,2026-04-11T10:15:53+00:00,0.177,clob_prices_history
62780808278969531638786026928407853049620076930842963388102875757599323764741,0x8329bdd734ac55ee38848a6730c8cf80a604441164038d60e6e0c2acb034986c,1775904356,2026-04-11T10:45:56+00:00,0.177,clob_prices_history
62780808278969531638786026928407853049620076930842963388102875757599323764741,0x8329bdd734ac55ee38848a6730c8cf80a604441164038d60e6e0c2acb034986c,1775906154,2026-04-11T11:15:54+00:00,0.1775,clob_prices_history
62780808278969531638786026928407853049620076930842963388102875757599323764741,0x8329bdd734ac55ee38848a6730c8cf80a604441164038d60e6e0c2acb034986c,1775907958,2026-04-11T11:45:58+00:00,0.1855,clob_prices_history
62780808278969531638786026928407853049620076930842963388102875757599323764741,0x8329bdd734ac55ee38848a6730c8cf80a604441164038d60e6e0c2acb034986c,1775909755,2026-04-11T12:15:55+00:00,0.1775,clob_prices_history
62780808278969531638786026928407853049620076930842963388102875757599323764741,0x8329bdd734ac55ee38848a6730c8cf80a604441164038d60e6e0c2acb034986c,1775911554,2026-04-11T12:45:54+00:00,0.1775,clob_prices_history
62780808278969531638786026928407853049620076930842963388102875757599323764741,0x8329bdd734ac55ee38848a6730c8cf80a604441164038d60e6e0c2acb034986c,1775913353,2026-04-11T13:15:53+00:00,0.1775,clob_prices_history
62780808278969531638786026928407853049620076930842963388102875757599323764741,0x8329bdd734ac55ee38848a6730c8cf80a604441164038d60e6e0c2acb034986c,1775915159,2026-04-11T13:45:59+00:00,0.1775,clob_prices_history
62780808278969531638786026928407853049620076930842963388102875757599323764741,0x8329bdd734ac55ee38848a6730c8cf80a604441164038d60e6e0c2acb034986c,1775916907,2026-04-11T14:15:07+00:00,0.177,clob_prices_history
62780808278969531638786026928407853049620076930842963388102875757599323764741,0x8329bdd734ac55ee38848a6730c8cf80a604441164038d60e6e0c2acb034986c,1775918753,2026-04-11T14:45:53+00:00,0.178,clob_prices_history
62780808278969531638786026928407853049620076930842963388102875757599323764741,0x8329bdd734ac55ee38848a6730c8cf80a604441164038d60e6e0c2acb034986c,1775920526,2026-04-11T15:15:26+00:00,0.178,clob_prices_history
62780808278969531638786026928407853049620076930842963388102875757599323764741,0x8329bdd734ac55ee38848a6730c8cf80a604441164038d60e6e0c2acb034986c,1775922300,2026-04-11T15:45:00+00:00,0.177,clob_prices_history
62780808278969531638786026928407853049620076930842963388102875757599323764741,0x8329bdd734ac55ee38848a6730c8cf80a604441164038d60e6e0c2acb034986c,1775924153,2026-04-11T16:15:53+00:00,0.1775,clob_prices_history
62780808278969531638786026928407853049620076930842963388102875757599323764741,0x8329bdd734ac55ee38848a6730c8cf80a604441164038d60e6e0c2acb034986c,1775927751,2026-04-11T17:15:51+00:00,0.175,clob_prices_history
62780808278969531638786026928407853049620076930842963388102875757599323764741,0x8329bdd734ac55ee38848a6730c8cf80a604441164038d60e6e0c2acb034986c,1775929559,2026-04-11T17:45:59+00:00,0.173,clob_prices_history
62780808278969531638786026928407853049620076930842963388102875757599323764741,0x8329bdd734ac55ee38848a6730c8cf80a604441164038d60e6e0c2acb034986c,1775931356,2026-04-11T18:15:56+00:00,0.1695,clob_prices_history
62780808278969531638786026928407853049620076930842963388102875757599323764741,0x8329bdd734ac55ee38848a6730c8cf80a604441164038d60e6e0c2acb034986c,1775933151,2026-04-11T18:45:51+00:00,0.1695,clob_prices_history
62780808278969531638786026928407853049620076930842963388102875757599323764741,0x8329bdd734ac55ee38848a6730c8cf80a604441164038d60e6e0c2acb034986c,1775934953,2026-04-11T19:15:53+00:00,0.1645,clob_prices_history
62780808278969531638786026928407853049620076930842963388102875757599323764741,0x8329bdd734ac55ee38848a6730c8cf80a604441164038d60e6e0c2acb034986c,1775936752,2026-04-11T19:45:52+00:00,0.1645,clob_prices_history
62780808278969531638786026928407853049620076930842963388102875757599323764741,0x8329bdd734ac55ee38848a6730c8cf80a604441164038d60e6e0c2acb034986c,1775940303,2026-04-11T20:45:03+00:00,0.1625,clob_prices_history
62780808278969531638786026928407853049620076930842963388102875757599323764741,0x8329bdd734ac55ee38848a6730c8cf80a604441164038d60e6e0c2acb034986c,1775942151,2026-04-11T21:15:51+00:00,0.162,clob_prices_history
62780808278969531638786026928407853049620076930842963388102875757599323764741,0x8329bdd734ac55ee38848a6730c8cf80a604441164038d60e6e0c2acb034986c,1775943950,2026-04-11T21:45:50+00:00,0.162,clob_prices_history
62780808278969531638786026928407853049620076930842963388102875757599323764741,0x8329bdd734ac55ee38848a6730c8cf80a604441164038d60e6e0c2acb034986c,1775944814,2026-04-11T22:00:14+00:00,0.162,clob_prices_history
62780808278969531638786026928407853049620076930842963388102875757599323764741,0x8329bdd734ac55ee38848a6730c8cf80a604441164038d60e6e0c2acb034986c,1775945750,2026-04-11T22:15:50+00:00,0.1615,clob_prices_history
62780808278969531638786026928407853049620076930842963388102875757599323764741,0x8329bdd734ac55ee38848a6730c8cf80a604441164038d60e6e0c2acb034986c,1775947550,2026-04-11T22:45:50+00:00,0.1635,clob_prices_history
62780808278969531638786026928407853049620076930842963388102875757599323764741,0x8329bdd734ac55ee38848a6730c8cf80a604441164038d60e6e0c2acb034986c,1775949351,2026-04-11T23:15:51+00:00,0.1645,clob_prices_history
62780808278969531638786026928407853049620076930842963388102875757599323764741,0x8329bdd734ac55ee38848a6730c8cf80a604441164038d60e6e0c2acb034986c,1775950223,2026-04-11T23:30:23+00:00,0.1645,clob_prices_history
62780808278969531638786026928407853049620076930842963388102875757599323764741,0x8329bdd734ac55ee38848a6730c8cf80a604441164038d60e6e0c2acb034986c,1775951150,2026-04-11T23:45:50+00:00,0.1645,clob_prices_history
62780808278969531638786026928407853049620076930842963388102875757599323764741,0x8329bdd734ac55ee38848a6730c8cf80a604441164038d60e6e0c2acb034986c,1775952023,2026-04-12T00:00:23+00:00,0.163,clob_prices_history
62780808278969531638786026928407853049620076930842963388102875757599323764741,0x8329bdd734ac55ee38848a6730c8cf80a604441164038d60e6e0c2acb034986c,1775952952,2026-04-12T00:15:52+00:00,0.1625,clob_prices_history
62780808278969531638786026928407853049620076930842963388102875757599323764741,0x8329bdd734ac55ee38848a6730c8cf80a604441164038d60e6e0c2acb034986c,1775954749,2026-04-12T00:45:49+00:00,0.1625,clob_prices_history
62780808278969531638786026928407853049620076930842963388102875757599323764741,0x8329bdd734ac55ee38848a6730c8cf80a604441164038d60e6e0c2acb034986c,1775958355,2026-04-12T01:45:55+00:00,0.1615,clob_prices_history
62780808278969531638786026928407853049620076930842963388102875757599323764741,0x8329bdd734ac55ee38848a6730c8cf80a604441164038d60e6e0c2acb034986c,1775960149,2026-04-12T02:15:49+00:00,0.162,clob_prices_history
62780808278969531638786026928407853049620076930842963388102875757599323764741,0x8329bdd734ac55ee38848a6730c8cf80a604441164038d60e6e0c2acb034986c,1775961008,2026-04-12T02:30:08+00:00,0.1675,clob_prices_history
62780808278969531638786026928407853049620076930842963388102875757599323764741,0x8329bdd734ac55ee38848a6730c8cf80a604441164038d60e6e0c2acb034986c,1775961949,2026-04-12T02:45:49+00:00,0.1675,clob_prices_history
62780808278969531638786026928407853049620076930842963388102875757599323764741,0x8329bdd734ac55ee38848a6730c8cf80a604441164038d60e6e0c2acb034986c,1775963702,2026-04-12T03:15:02+00:00,0.1675,clob_prices_history
62780808278969531638786026928407853049620076930842963388102875757599323764741,0x8329bdd734ac55ee38848a6730c8cf80a604441164038d60e6e0c2acb034986c,1775963759,2026-04-12T03:15:59+00:00,0.1675,clob_prices_history
62780808278969531638786026928407853049620076930842963388102875757599323764741,0x8329bdd734ac55ee38848a6730c8cf80a604441164038d60e6e0c2acb034986c,1775965549,2026-04-12T03:45:49+00:00,0.1675,clob_prices_history
62780808278969531638786026928407853049620076930842963388102875757599323764741,0x8329bdd734ac55ee38848a6730c8cf80a604441164038d60e6e0c2acb034986c,1775967350,2026-04-12T04:15:50+00:00,0.164,clob_prices_history
62780808278969531638786026928407853049620076930842963388102875757599323764741,0x8329bdd734ac55ee38848a6730c8cf80a604441164038d60e6e0c2acb034986c,1775969149,2026-04-12T04:45:49+00:00,0.164,clob_prices_history
62780808278969531638786026928407853049620076930842963388102875757599323764741,0x8329bdd734ac55ee38848a6730c8cf80a604441164038d60e6e0c2acb034986c,1775970951,2026-04-12T05:15:51+00:00,0.164,clob_prices_history
62780808278969531638786026928407853049620076930842963388102875757599323764741,0x8329bdd734ac55ee38848a6730c8cf80a604441164038d60e6e0c2acb034986c,1775971816,2026-04-12T05:30:16+00:00,0.164,clob_prices_history
62780808278969531638786026928407853049620076930842963388102875757599323764741,0x8329bdd734ac55ee38848a6730c8cf80a604441164038d60e6e0c2acb034986c,1775972750,2026-04-12T05:45:50+00:00,0.164,clob_prices_history
62780808278969531638786026928407853049620076930842963388102875757599323764741,0x8329bdd734ac55ee38848a6730c8cf80a604441164038d60e6e0c2acb034986c,1775974550,2026-04-12T06:15:50+00:00,0.164,clob_prices_history
62780808278969531638786026928407853049620076930842963388102875757599323764741,0x8329bdd734ac55ee38848a6730c8cf80a604441164038d60e6e0c2acb034986c,1775976350,2026-04-12T06:45:50+00:00,0.164,clob_prices_history
62780808278969531638786026928407853049620076930842963388102875757599323764741,0x8329bdd734ac55ee38848a6730c8cf80a604441164038d60e6e0c2acb034986c,1775979953,2026-04-12T07:45:53+00:00,0.1625,clob_prices_history
62780808278969531638786026928407853049620076930842963388102875757599323764741,0x8329bdd734ac55ee38848a6730c8cf80a604441164038d60e6e0c2acb034986c,1775981751,2026-04-12T08:15:51+00:00,0.1625,clob_prices_history
62780808278969531638786026928407853049620076930842963388102875757599323764741,0x8329bdd734ac55ee38848a6730c8cf80a604441164038d60e6e0c2acb034986c,1775983551,2026-04-12T08:45:51+00:00,0.1625,clob_prices_history
62780808278969531638786026928407853049620076930842963388102875757599323764741,0x8329bdd734ac55ee38848a6730c8cf80a604441164038d60e6e0c2acb034986c,1775985351,2026-04-12T09:15:51+00:00,0.1625,clob_prices_history
62780808278969531638786026928407853049620076930842963388102875757599323764741,0x8329bdd734ac55ee38848a6730c8cf80a604441164038d60e6e0c2acb034986c,1775987104,2026-04-12T09:45:04+00:00,0.1625,clob_prices_history
62780808278969531638786026928407853049620076930842963388102875757599323764741,0x8329bdd734ac55ee38848a6730c8cf80a604441164038d60e6e0c2acb034986c,1775988953,2026-04-12T10:15:53+00:00,0.162,clob_prices_history
62780808278969531638786026928407853049620076930842963388102875757599323764741,0x8329bdd734ac55ee38848a6730c8cf80a604441164038d60e6e0c2acb034986c,1775990755,2026-04-12T10:45:55+00:00,0.1625,clob_prices_history
62780808278969531638786026928407853049620076930842963388102875757599323764741,0x8329bdd734ac55ee38848a6730c8cf80a604441164038d60e6e0c2acb034986c,1775994353,2026-04-12T11:45:53+00:00,0.1625,clob_prices_history
62780808278969531638786026928407853049620076930842963388102875757599323764741,0x8329bdd734ac55ee38848a6730c8cf80a604441164038d60e6e0c2acb034986c,1775996157,2026-04-12T12:15:57+00:00,0.1625,clob_prices_history
62780808278969531638786026928407853049620076930842963388102875757599323764741,0x8329bdd734ac55ee38848a6730c8cf80a604441164038d60e6e0c2acb034986c,1775997952,2026-04-12T12:45:52+00:00,0.162,clob_prices_history
62780808278969531638786026928407853049620076930842963388102875757599323764741,0x8329bdd734ac55ee38848a6730c8cf80a604441164038d60e6e0c2acb034986c,1775999704,2026-04-12T13:15:04+00:00,0.16,clob_prices_history
62780808278969531638786026928407853049620076930842963388102875757599323764741,0x8329bdd734ac55ee38848a6730c8cf80a604441164038d60e6e0c2acb034986c,1776001506,2026-04-12T13:45:06+00:00,0.157,clob_prices_history
62780808278969531638786026928407853049620076930842963388102875757599323764741,0x8329bdd734ac55ee38848a6730c8cf80a604441164038d60e6e0c2acb034986c,1776003352,2026-04-12T14:15:52+00:00,0.1515,clob_prices_history
62780808278969531638786026928407853049620076930842963388102875757599323764741,0x8329bdd734ac55ee38848a6730c8cf80a604441164038d60e6e0c2acb034986c,1776005151,2026-04-12T14:45:51+00:00,0.1505,clob_prices_history
62780808278969531638786026928407853049620076930842963388102875757599323764741,0x8329bdd734ac55ee38848a6730c8cf80a604441164038d60e6e0c2acb034986c,1776006952,2026-04-12T15:15:52+00:00,0.149,clob_prices_history
62780808278969531638786026928407853049620076930842963388102875757599323764741,0x8329bdd734ac55ee38848a6730c8cf80a604441164038d60e6e0c2acb034986c,1776008752,2026-04-12T15:45:52+00:00,0.149,clob_prices_history
62780808278969531638786026928407853049620076930842963388102875757599323764741,0x8329bdd734ac55ee38848a6730c8cf80a604441164038d60e6e0c2acb034986c,1776009616,2026-04-12T16:00:16+00:00,0.149,clob_prices_history
62780808278969531638786026928407853049620076930842963388102875757599323764741,0x8329bdd734ac55ee38848a6730c8cf80a604441164038d60e6e0c2acb034986c,1776010559,2026-04-12T16:15:59+00:00,0.16,clob_prices_history
62780808278969531638786026928407853049620076930842963388102875757599323764741,0x8329bdd734ac55ee38848a6730c8cf80a604441164038d60e6e0c2acb034986c,1776012352,2026-04-12T16:45:52+00:00,0.1515,clob_prices_history
62780808278969531638786026928407853049620076930842963388102875757599323764741,0x8329bdd734ac55ee38848a6730c8cf80a604441164038d60e6e0c2acb034986c,1776014157,2026-04-12T17:15:57+00:00,0.1505,clob_prices_history
62780808278969531638786026928407853049620076930842963388102875757599323764741,0x8329bdd734ac55ee38848a6730c8cf80a604441164038d60e6e0c2acb034986c,1776017754,2026-04-12T18:15:54+00:00,0.1495,clob_prices_history
62780808278969531638786026928407853049620076930842963388102875757599323764741,0x8329bdd734ac55ee38848a6730c8cf80a604441164038d60e6e0c2acb034986c,1776019556,2026-04-12T18:45:56+00:00,0.149,clob_prices_history
62780808278969531638786026928407853049620076930842963388102875757599323764741,0x8329bdd734ac55ee38848a6730c8cf80a604441164038d60e6e0c2acb034986c,1776021353,2026-04-12T19:15:53+00:00,0.148,clob_prices_history
62780808278969531638786026928407853049620076930842963388102875757599323764741,0x8329bdd734ac55ee38848a6730c8cf80a604441164038d60e6e0c2acb034986c,1776024950,2026-04-12T20:15:50+00:00,0.147,clob_prices_history
62780808278969531638786026928407853049620076930842963388102875757599323764741,0x8329bdd734ac55ee38848a6730c8cf80a604441164038d60e6e0c2acb034986c,1776028552,2026-04-12T21:15:52+00:00,0.146,clob_prices_history
62780808278969531638786026928407853049620076930842963388102875757599323764741,0x8329bdd734ac55ee38848a6730c8cf80a604441164038d60e6e0c2acb034986c,1776030351,2026-04-12T21:45:51+00:00,0.146,clob_prices_history
62780808278969531638786026928407853049620076930842963388102875757599323764741,0x8329bdd734ac55ee38848a6730c8cf80a604441164038d60e6e0c2acb034986c,1776032151,2026-04-12T22:15:51+00:00,0.145,clob_prices_history
62780808278969531638786026928407853049620076930842963388102875757599323764741,0x8329bdd734ac55ee38848a6730c8cf80a604441164038d60e6e0c2acb034986c,1776036609,2026-04-12T23:30:09+00:00,0.144,clob_prices_history
62780808278969531638786026928407853049620076930842963388102875757599323764741,0x8329bdd734ac55ee38848a6730c8cf80a604441164038d60e6e0c2acb034986c,1776037504,2026-04-12T23:45:04+00:00,0.144,clob_prices_history
62780808278969531638786026928407853049620076930842963388102875757599323764741,0x8329bdd734ac55ee38848a6730c8cf80a604441164038d60e6e0c2acb034986c,1776037557,2026-04-12T23:45:57+00:00,0.144,clob_prices_history
62780808278969531638786026928407853049620076930842963388102875757599323764741,0x8329bdd734ac55ee38848a6730c8cf80a604441164038d60e6e0c2acb034986c,1776041150,2026-04-13T00:45:50+00:00,0.143,clob_prices_history
62780808278969531638786026928407853049620076930842963388102875757599323764741,0x8329bdd734ac55ee38848a6730c8cf80a604441164038d60e6e0c2acb034986c,1776042947,2026-04-13T01:15:47+00:00,0.1375,clob_prices_history
62780808278969531638786026928407853049620076930842963388102875757599323764741,0x8329bdd734ac55ee38848a6730c8cf80a604441164038d60e6e0c2acb034986c,1776044758,2026-04-13T01:45:58+00:00,0.138,clob_prices_history
62780808278969531638786026928407853049620076930842963388102875757599323764741,0x8329bdd734ac55ee38848a6730c8cf80a604441164038d60e6e0c2acb034986c,1776048346,2026-04-13T02:45:46+00:00,0.135,clob_prices_history
62780808278969531638786026928407853049620076930842963388102875757599323764741,0x8329bdd734ac55ee38848a6730c8cf80a604441164038d60e6e0c2acb034986c,1776050150,2026-04-13T03:15:50+00:00,0.1395,clob_prices_history
62780808278969531638786026928407853049620076930842963388102875757599323764741,0x8329bdd734ac55ee38848a6730c8cf80a604441164038d60e6e0c2acb034986c,1776051946,2026-04-13T03:45:46+00:00,0.137,clob_prices_history
62780808278969531638786026928407853049620076930842963388102875757599323764741,0x8329bdd734ac55ee38848a6730c8cf80a604441164038d60e6e0c2acb034986c,1776052856,2026-04-13T04:00:56+00:00,0.135,clob_prices_history
62780808278969531638786026928407853049620076930842963388102875757599323764741,0x8329bdd734ac55ee38848a6730c8cf80a604441164038d60e6e0c2acb034986c,1776055550,2026-04-13T04:45:50+00:00,0.1345,clob_prices_history
62780808278969531638786026928407853049620076930842963388102875757599323764741,0x8329bdd734ac55ee38848a6730c8cf80a604441164038d60e6e0c2acb034986c,1776057351,2026-04-13T05:15:51+00:00,0.1345,clob_prices_history
62780808278969531638786026928407853049620076930842963388102875757599323764741,0x8329bdd734ac55ee38848a6730c8cf80a604441164038d60e6e0c2acb034986c,1776058200,2026-04-13T05:30:00+00:00,0.1345,clob_prices_history
62780808278969531638786026928407853049620076930842963388102875757599323764741,0x8329bdd734ac55ee38848a6730c8cf80a604441164038d60e6e0c2acb034986c,1776059150,2026-04-13T05:45:50+00:00,0.1335,clob_prices_history
62780808278969531638786026928407853049620076930842963388102875757599323764741,0x8329bdd734ac55ee38848a6730c8cf80a604441164038d60e6e0c2acb034986c,1776060948,2026-04-13T06:15:48+00:00,0.133,clob_prices_history
62780808278969531638786026928407853049620076930842963388102875757599323764741,0x8329bdd734ac55ee38848a6730c8cf80a604441164038d60e6e0c2acb034986c,1776064548,2026-04-13T07:15:48+00:00,0.1385,clob_prices_history
62780808278969531638786026928407853049620076930842963388102875757599323764741,0x8329bdd734ac55ee38848a6730c8cf80a604441164038d60e6e0c2acb034986c,1776066348,2026-04-13T07:45:48+00:00,0.14,clob_prices_history
62780808278969531638786026928407853049620076930842963388102875757599323764741,0x8329bdd734ac55ee38848a6730c8cf80a604441164038d60e6e0c2acb034986c,1776068149,2026-04-13T08:15:49+00:00,0.1355,clob_prices_history
62780808278969531638786026928407853049620076930842963388102875757599323764741,0x8329bdd734ac55ee38848a6730c8cf80a604441164038d60e6e0c2acb034986c,1776069012,2026-04-13T08:30:12+00:00,0.1355,clob_prices_history
62780808278969531638786026928407853049620076930842963388102875757599323764741,0x8329bdd734ac55ee38848a6730c8cf80a604441164038d60e6e0c2acb034986c,1776071753,2026-04-13T09:15:53+00:00,0.1365,clob_prices_history
62780808278969531638786026928407853049620076930842963388102875757599323764741,0x8329bdd734ac55ee38848a6730c8cf80a604441164038d60e6e0c2acb034986c,1776073503,2026-04-13T09:45:03+00:00,0.136,clob_prices_history
62780808278969531638786026928407853049620076930842963388102875757599323764741,0x8329bdd734ac55ee38848a6730c8cf80a604441164038d60e6e0c2acb034986c,1776075349,2026-04-13T10:15:49+00:00,0.135,clob_prices_history
62780808278969531638786026928407853049620076930842963388102875757599323764741,0x8329bdd734ac55ee38848a6730c8cf80a604441164038d60e6e0c2acb034986c,1776077150,2026-04-13T10:45:50+00:00,0.132,clob_prices_history
62780808278969531638786026928407853049620076930842963388102875757599323764741,0x8329bdd734ac55ee38848a6730c8cf80a604441164038d60e6e0c2acb034986c,1776078949,2026-04-13T11:15:49+00:00,0.1315,clob_prices_history
62780808278969531638786026928407853049620076930842963388102875757599323764741,0x8329bdd734ac55ee38848a6730c8cf80a604441164038d60e6e0c2acb034986c,1776080751,2026-04-13T11:45:51+00:00,0.1315,clob_prices_history
62780808278969531638786026928407853049620076930842963388102875757599323764741,0x8329bdd734ac55ee38848a6730c8cf80a604441164038d60e6e0c2acb034986c,1776082548,2026-04-13T12:15:48+00:00,0.1315,clob_prices_history
62780808278969531638786026928407853049620076930842963388102875757599323764741,0x8329bdd734ac55ee38848a6730c8cf80a604441164038d60e6e0c2acb034986c,1776083402,2026-04-13T12:30:02+00:00,0.1315,clob_prices_history
62780808278969531638786026928407853049620076930842963388102875757599323764741,0x8329bdd734ac55ee38848a6730c8cf80a604441164038d60e6e0c2acb034986c,1776086154,2026-04-13T13:15:54+00:00,0.127,clob_prices_history
62780808278969531638786026928407853049620076930842963388102875757599323764741,0x8329bdd734ac55ee38848a6730c8cf80a604441164038d60e6e0c2acb034986c,1776087953,2026-04-13T13:45:53+00:00,0.127,clob_prices_history
62780808278969531638786026928407853049620076930842963388102875757599323764741,0x8329bdd734ac55ee38848a6730c8cf80a604441164038d60e6e0c2acb034986c,1776091550,2026-04-13T14:45:50+00:00,0.127,clob_prices_history
62780808278969531638786026928407853049620076930842963388102875757599323764741,0x8329bdd734ac55ee38848a6730c8cf80a604441164038d60e6e0c2acb034986c,1776096007,2026-04-13T16:00:07+00:00,0.1285,clob_prices_history
62780808278969531638786026928407853049620076930842963388102875757599323764741,0x8329bdd734ac55ee38848a6730c8cf80a604441164038d60e6e0c2acb034986c,1776096952,2026-04-13T16:15:52+00:00,0.1285,clob_prices_history
62780808278969531638786026928407853049620076930842963388102875757599323764741,0x8329bdd734ac55ee38848a6730c8cf80a604441164038d60e6e0c2acb034986c,1776100502,2026-04-13T17:15:02+00:00,0.1285,clob_prices_history
62780808278969531638786026928407853049620076930842963388102875757599323764741,0x8329bdd734ac55ee38848a6730c8cf80a604441164038d60e6e0c2acb034986c,1776100555,2026-04-13T17:15:55+00:00,0.1285,clob_prices_history
62780808278969531638786026928407853049620076930842963388102875757599323764741,0x8329bdd734ac55ee38848a6730c8cf80a604441164038d60e6e0c2acb034986c,1776102350,2026-04-13T17:45:50+00:00,0.1285,clob_prices_history
62780808278969531638786026928407853049620076930842963388102875757599323764741,0x8329bdd734ac55ee38848a6730c8cf80a604441164038d60e6e0c2acb034986c,1776104151,2026-04-13T18:15:51+00:00,0.1285,clob_prices_history
62780808278969531638786026928407853049620076930842963388102875757599323764741,0x8329bdd734ac55ee38848a6730c8cf80a604441164038d60e6e0c2acb034986c,1776107757,2026-04-13T19:15:57+00:00,0.1275,clob_prices_history
62780808278969531638786026928407853049620076930842963388102875757599323764741,0x8329bdd734ac55ee38848a6730c8cf80a604441164038d60e6e0c2acb034986c,1776111353,2026-04-13T20:15:53+00:00,0.1285,clob_prices_history
62780808278969531638786026928407853049620076930842963388102875757599323764741,0x8329bdd734ac55ee38848a6730c8cf80a604441164038d60e6e0c2acb034986c,1776113151,2026-04-13T20:45:51+00:00,0.1275,clob_prices_history
62780808278969531638786026928407853049620076930842963388102875757599323764741,0x8329bdd734ac55ee38848a6730c8cf80a604441164038d60e6e0c2acb034986c,1776114951,2026-04-13T21:15:51+00:00,0.1275,clob_prices_history
62780808278969531638786026928407853049620076930842963388102875757599323764741,0x8329bdd734ac55ee38848a6730c8cf80a604441164038d60e6e0c2acb034986c,1776115801,2026-04-13T21:30:01+00:00,0.1285,clob_prices_history
62780808278969531638786026928407853049620076930842963388102875757599323764741,0x8329bdd734ac55ee38848a6730c8cf80a604441164038d60e6e0c2acb034986c,1776116752,2026-04-13T21:45:52+00:00,0.1275,clob_prices_history
62780808278969531638786026928407853049620076930842963388102875757599323764741,0x8329bdd734ac55ee38848a6730c8cf80a604441164038d60e6e0c2acb034986c,1776117604,2026-04-13T22:00:04+00:00,0.1285,clob_prices_history
62780808278969531638786026928407853049620076930842963388102875757599323764741,0x8329bdd734ac55ee38848a6730c8cf80a604441164038d60e6e0c2acb034986c,1776118552,2026-04-13T22:15:52+00:00,0.1285,clob_prices_history
62780808278969531638786026928407853049620076930842963388102875757599323764741,0x8329bdd734ac55ee38848a6730c8cf80a604441164038d60e6e0c2acb034986c,1776123952,2026-04-13T23:45:52+00:00,0.126,clob_prices_history
62780808278969531638786026928407853049620076930842963388102875757599323764741,0x8329bdd734ac55ee38848a6730c8cf80a604441164038d60e6e0c2acb034986c,1776125751,2026-04-14T00:15:51+00:00,0.125,clob_prices_history
62780808278969531638786026928407853049620076930842963388102875757599323764741,0x8329bdd734ac55ee38848a6730c8cf80a604441164038d60e6e0c2acb034986c,1776127551,2026-04-14T00:45:51+00:00,0.125,clob_prices_history
62780808278969531638786026928407853049620076930842963388102875757599323764741,0x8329bdd734ac55ee38848a6730c8cf80a604441164038d60e6e0c2acb034986c,1776129302,2026-04-14T01:15:02+00:00,0.124,clob_prices_history
62780808278969531638786026928407853049620076930842963388102875757599323764741,0x8329bdd734ac55ee38848a6730c8cf80a604441164038d60e6e0c2acb034986c,1776129355,2026-04-14T01:15:55+00:00,0.124,clob_prices_history
62780808278969531638786026928407853049620076930842963388102875757599323764741,0x8329bdd734ac55ee38848a6730c8cf80a604441164038d60e6e0c2acb034986c,1776130207,2026-04-14T01:30:07+00:00,0.125,clob_prices_history
62780808278969531638786026928407853049620076930842963388102875757599323764741,0x8329bdd734ac55ee38848a6730c8cf80a604441164038d60e6e0c2acb034986c,1776131110,2026-04-14T01:45:10+00:00,0.125,clob_prices_history
62780808278969531638786026928407853049620076930842963388102875757599323764741,0x8329bdd734ac55ee38848a6730c8cf80a604441164038d60e6e0c2acb034986c,1776132953,2026-04-14T02:15:53+00:00,0.124,clob_prices_history
62780808278969531638786026928407853049620076930842963388102875757599323764741,0x8329bdd734ac55ee38848a6730c8cf80a604441164038d60e6e0c2acb034986c,1776134751,2026-04-14T02:45:51+00:00,0.1275,clob_prices_history
62780808278969531638786026928407853049620076930842963388102875757599323764741,0x8329bdd734ac55ee38848a6730c8cf80a604441164038d60e6e0c2acb034986c,1776136549,2026-04-14T03:15:49+00:00,0.126,clob_prices_history
62780808278969531638786026928407853049620076930842963388102875757599323764741,0x8329bdd734ac55ee38848a6730c8cf80a604441164038d60e6e0c2acb034986c,1776137410,2026-04-14T03:30:10+00:00,0.1275,clob_prices_history
62780808278969531638786026928407853049620076930842963388102875757599323764741,0x8329bdd734ac55ee38848a6730c8cf80a604441164038d60e6e0c2acb034986c,1776138349,2026-04-14T03:45:49+00:00,0.1265,clob_prices_history
62780808278969531638786026928407853049620076930842963388102875757599323764741,0x8329bdd734ac55ee38848a6730c8cf80a604441164038d60e6e0c2acb034986c,1776140149,2026-04-14T04:15:49+00:00,0.127,clob_prices_history
62780808278969531638786026928407853049620076930842963388102875757599323764741,0x8329bdd734ac55ee38848a6730c8cf80a604441164038d60e6e0c2acb034986c,1776141008,2026-04-14T04:30:08+00:00,0.1275,clob_prices_history
62780808278969531638786026928407853049620076930842963388102875757599323764741,0x8329bdd734ac55ee38848a6730c8cf80a604441164038d60e6e0c2acb034986c,1776141903,2026-04-14T04:45:03+00:00,0.1265,clob_prices_history
62780808278969531638786026928407853049620076930842963388102875757599323764741,0x8329bdd734ac55ee38848a6730c8cf80a604441164038d60e6e0c2acb034986c,1776145551,2026-04-14T05:45:51+00:00,0.127,clob_prices_history
62780808278969531638786026928407853049620076930842963388102875757599323764741,0x8329bdd734ac55ee38848a6730c8cf80a604441164038d60e6e0c2acb034986c,1776147302,2026-04-14T06:15:02+00:00,0.127,clob_prices_history
62780808278969531638786026928407853049620076930842963388102875757599323764741,0x8329bdd734ac55ee38848a6730c8cf80a604441164038d60e6e0c2acb034986c,1776147359,2026-04-14T06:15:59+00:00,0.127,clob_prices_history
62780808278969531638786026928407853049620076930842963388102875757599323764741,0x8329bdd734ac55ee38848a6730c8cf80a604441164038d60e6e0c2acb034986c,1776149150,2026-04-14T06:45:50+00:00,0.126,clob_prices_history
62780808278969531638786026928407853049620076930842963388102875757599323764741,0x8329bdd734ac55ee38848a6730c8cf80a604441164038d60e6e0c2acb034986c,1776150950,2026-04-14T07:15:50+00:00,0.1245,clob_prices_history
62780808278969531638786026928407853049620076930842963388102875757599323764741,0x8329bdd734ac55ee38848a6730c8cf80a604441164038d60e6e0c2acb034986c,1776152750,2026-04-14T07:45:50+00:00,0.1245,clob_prices_history
62780808278969531638786026928407853049620076930842963388102875757599323764741,0x8329bdd734ac55ee38848a6730c8cf80a604441164038d60e6e0c2acb034986c,1776154549,2026-04-14T08:15:49+00:00,0.1245,clob_prices_history
62780808278969531638786026928407853049620076930842963388102875757599323764741,0x8329bdd734ac55ee38848a6730c8cf80a604441164038d60e6e0c2acb034986c,1776156350,2026-04-14T08:45:50+00:00,0.127,clob_prices_history
62780808278969531638786026928407853049620076930842963388102875757599323764741,0x8329bdd734ac55ee38848a6730c8cf80a604441164038d60e6e0c2acb034986c,1776159046,2026-04-14T09:30:46+00:00,0.126,clob_prices_history
62780808278969531638786026928407853049620076930842963388102875757599323764741,0x8329bdd734ac55ee38848a6730c8cf80a604441164038d60e6e0c2acb034986c,1776159950,2026-04-14T09:45:50+00:00,0.126,clob_prices_history
62780808278969531638786026928407853049620076930842963388102875757599323764741,0x8329bdd734ac55ee38848a6730c8cf80a604441164038d60e6e0c2acb034986c,1776161750,2026-04-14T10:15:50+00:00,0.1255,clob_prices_history
62780808278969531638786026928407853049620076930842963388102875757599323764741,0x8329bdd734ac55ee38848a6730c8cf80a604441164038d60e6e0c2acb034986c,1776165355,2026-04-14T11:15:55+00:00,0.1255,clob_prices_history
62780808278969531638786026928407853049620076930842963388102875757599323764741,0x8329bdd734ac55ee38848a6730c8cf80a604441164038d60e6e0c2acb034986c,1776167151,2026-04-14T11:45:51+00:00,0.1245,clob_prices_history
62780808278969531638786026928407853049620076930842963388102875757599323764741,0x8329bdd734ac55ee38848a6730c8cf80a604441164038d60e6e0c2acb034986c,1776168950,2026-04-14T12:15:50+00:00,0.126,clob_prices_history
62780808278969531638786026928407853049620076930842963388102875757599323764741,0x8329bdd734ac55ee38848a6730c8cf80a604441164038d60e6e0c2acb034986c,1776172501,2026-04-14T13:15:01+00:00,0.125,clob_prices_history
62780808278969531638786026928407853049620076930842963388102875757599323764741,0x8329bdd734ac55ee38848a6730c8cf80a604441164038d60e6e0c2acb034986c,1776174357,2026-04-14T13:45:57+00:00,0.125,clob_prices_history
62780808278969531638786026928407853049620076930842963388102875757599323764741,0x8329bdd734ac55ee38848a6730c8cf80a604441164038d60e6e0c2acb034986c,1776176155,2026-04-14T14:15:55+00:00,0.1265,clob_prices_history
62780808278969531638786026928407853049620076930842963388102875757599323764741,0x8329bdd734ac55ee38848a6730c8cf80a604441164038d60e6e0c2acb034986c,1776179756,2026-04-14T15:15:56+00:00,0.124,clob_prices_history
62780808278969531638786026928407853049620076930842963388102875757599323764741,0x8329bdd734ac55ee38848a6730c8cf80a604441164038d60e6e0c2acb034986c,1776181550,2026-04-14T15:45:50+00:00,0.1245,clob_prices_history
62780808278969531638786026928407853049620076930842963388102875757599323764741,0x8329bdd734ac55ee38848a6730c8cf80a604441164038d60e6e0c2acb034986c,1776183352,2026-04-14T16:15:52+00:00,0.125,clob_prices_history
62780808278969531638786026928407853049620076930842963388102875757599323764741,0x8329bdd734ac55ee38848a6730c8cf80a604441164038d60e6e0c2acb034986c,1776185152,2026-04-14T16:45:52+00:00,0.1255,clob_prices_history
62780808278969531638786026928407853049620076930842963388102875757599323764741,0x8329bdd734ac55ee38848a6730c8cf80a604441164038d60e6e0c2acb034986c,1776186952,2026-04-14T17:15:52+00:00,0.1245,clob_prices_history
62780808278969531638786026928407853049620076930842963388102875757599323764741,0x8329bdd734ac55ee38848a6730c8cf80a604441164038d60e6e0c2acb034986c,1776188759,2026-04-14T17:45:59+00:00,0.125,clob_prices_history
62780808278969531638786026928407853049620076930842963388102875757599323764741,0x8329bdd734ac55ee38848a6730c8cf80a604441164038d60e6e0c2acb034986c,1776189627,2026-04-14T18:00:27+00:00,0.1255,clob_prices_history
62780808278969531638786026928407853049620076930842963388102875757599323764741,0x8329bdd734ac55ee38848a6730c8cf80a604441164038d60e6e0c2acb034986c,1776190554,2026-04-14T18:15:54+00:00,0.124,clob_prices_history
62780808278969531638786026928407853049620076930842963388102875757599323764741,0x8329bdd734ac55ee38848a6730c8cf80a604441164038d60e6e0c2acb034986c,1776192306,2026-04-14T18:45:06+00:00,0.124,clob_prices_history
62780808278969531638786026928407853049620076930842963388102875757599323764741,0x8329bdd734ac55ee38848a6730c8cf80a604441164038d60e6e0c2acb034986c,1776195951,2026-04-14T19:45:51+00:00,0.123,clob_prices_history
62780808278969531638786026928407853049620076930842963388102875757599323764741,0x8329bdd734ac55ee38848a6730c8cf80a604441164038d60e6e0c2acb034986c,1776197707,2026-04-14T20:15:07+00:00,0.123,clob_prices_history
62780808278969531638786026928407853049620076930842963388102875757599323764741,0x8329bdd734ac55ee38848a6730c8cf80a604441164038d60e6e0c2acb034986c,1776199553,2026-04-14T20:45:53+00:00,0.1245,clob_prices_history
62780808278969531638786026928407853049620076930842963388102875757599323764741,0x8329bdd734ac55ee38848a6730c8cf80a604441164038d60e6e0c2acb034986c,1776201355,2026-04-14T21:15:55+00:00,0.1225,clob_prices_history
62780808278969531638786026928407853049620076930842963388102875757599323764741,0x8329bdd734ac55ee38848a6730c8cf80a604441164038d60e6e0c2acb034986c,1776203152,2026-04-14T21:45:52+00:00,0.1225,clob_prices_history
62780808278969531638786026928407853049620076930842963388102875757599323764741,0x8329bdd734ac55ee38848a6730c8cf80a604441164038d60e6e0c2acb034986c,1776204951,2026-04-14T22:15:51+00:00,0.1215,clob_prices_history
62780808278969531638786026928407853049620076930842963388102875757599323764741,0x8329bdd734ac55ee38848a6730c8cf80a604441164038d60e6e0c2acb034986c,1776206757,2026-04-14T22:45:57+00:00,0.127,clob_prices_history
62780808278969531638786026928407853049620076930842963388102875757599323764741,0x8329bdd734ac55ee38848a6730c8cf80a604441164038d60e6e0c2acb034986c,1776208553,2026-04-14T23:15:53+00:00,0.127,clob_prices_history
62780808278969531638786026928407853049620076930842963388102875757599323764741,0x8329bdd734ac55ee38848a6730c8cf80a604441164038d60e6e0c2acb034986c,1776210302,2026-04-14T23:45:02+00:00,0.127,clob_prices_history
62780808278969531638786026928407853049620076930842963388102875757599323764741,0x8329bdd734ac55ee38848a6730c8cf80a604441164038d60e6e0c2acb034986c,1776210359,2026-04-14T23:45:59+00:00,0.127,clob_prices_history
62780808278969531638786026928407853049620076930842963388102875757599323764741,0x8329bdd734ac55ee38848a6730c8cf80a604441164038d60e6e0c2acb034986c,1776212152,2026-04-15T00:15:52+00:00,0.123,clob_prices_history
62780808278969531638786026928407853049620076930842963388102875757599323764741,0x8329bdd734ac55ee38848a6730c8cf80a604441164038d60e6e0c2acb034986c,1776213952,2026-04-15T00:45:52+00:00,0.1225,clob_prices_history
62780808278969531638786026928407853049620076930842963388102875757599323764741,0x8329bdd734ac55ee38848a6730c8cf80a604441164038d60e6e0c2acb034986c,1776215754,2026-04-15T01:15:54+00:00,0.1225,clob_prices_history
62780808278969531638786026928407853049620076930842963388102875757599323764741,0x8329bdd734ac55ee38848a6730c8cf80a604441164038d60e6e0c2acb034986c,1776217502,2026-04-15T01:45:02+00:00,0.1225,clob_prices_history
62780808278969531638786026928407853049620076930842963388102875757599323764741,0x8329bdd734ac55ee38848a6730c8cf80a604441164038d60e6e0c2acb034986c,1776217556,2026-04-15T01:45:56+00:00,0.1225,clob_prices_history
62780808278969531638786026928407853049620076930842963388102875757599323764741,0x8329bdd734ac55ee38848a6730c8cf80a604441164038d60e6e0c2acb034986c,1776219352,2026-04-15T02:15:52+00:00,0.1225,clob_prices_history
62780808278969531638786026928407853049620076930842963388102875757599323764741,0x8329bdd734ac55ee38848a6730c8cf80a604441164038d60e6e0c2acb034986c,1776221151,2026-04-15T02:45:51+00:00,0.1225,clob_prices_history
62780808278969531638786026928407853049620076930842963388102875757599323764741,0x8329bdd734ac55ee38848a6730c8cf80a604441164038d60e6e0c2acb034986c,1776222952,2026-04-15T03:15:52+00:00,0.1225,clob_prices_history
62780808278969531638786026928407853049620076930842963388102875757599323764741,0x8329bdd734ac55ee38848a6730c8cf80a604441164038d60e6e0c2acb034986c,1776226552,2026-04-15T04:15:52+00:00,0.1225,clob_prices_history
62780808278969531638786026928407853049620076930842963388102875757599323764741,0x8329bdd734ac55ee38848a6730c8cf80a604441164038d60e6e0c2acb034986c,1776228354,2026-04-15T04:45:54+00:00,0.1225,clob_prices_history
62780808278969531638786026928407853049620076930842963388102875757599323764741,0x8329bdd734ac55ee38848a6730c8cf80a604441164038d60e6e0c2acb034986c,1776230105,2026-04-15T05:15:05+00:00,0.122,clob_prices_history
62780808278969531638786026928407853049620076930842963388102875757599323764741,0x8329bdd734ac55ee38848a6730c8cf80a604441164038d60e6e0c2acb034986c,1776231954,2026-04-15T05:45:54+00:00,0.122,clob_prices_history
62780808278969531638786026928407853049620076930842963388102875757599323764741,0x8329bdd734ac55ee38848a6730c8cf80a604441164038d60e6e0c2acb034986c,1776235553,2026-04-15T06:45:53+00:00,0.122,clob_prices_history
62780808278969531638786026928407853049620076930842963388102875757599323764741,0x8329bdd734ac55ee38848a6730c8cf80a604441164038d60e6e0c2acb034986c,1776237354,2026-04-15T07:15:54+00:00,0.122,clob_prices_history
62780808278969531638786026928407853049620076930842963388102875757599323764741,0x8329bdd734ac55ee38848a6730c8cf80a604441164038d60e6e0c2acb034986c,1776239151,2026-04-15T07:45:51+00:00,0.122,clob_prices_history
62780808278969531638786026928407853049620076930842963388102875757599323764741,0x8329bdd734ac55ee38848a6730c8cf80a604441164038d60e6e0c2acb034986c,1776240952,2026-04-15T08:15:52+00:00,0.122,clob_prices_history
62780808278969531638786026928407853049620076930842963388102875757599323764741,0x8329bdd734ac55ee38848a6730c8cf80a604441164038d60e6e0c2acb034986c,1776242753,2026-04-15T08:45:53+00:00,0.1215,clob_prices_history
62780808278969531638786026928407853049620076930842963388102875757599323764741,0x8329bdd734ac55ee38848a6730c8cf80a604441164038d60e6e0c2acb034986c,1776244552,2026-04-15T09:15:52+00:00,0.1215,clob_prices_history
62780808278969531638786026928407853049620076930842963388102875757599323764741,0x8329bdd734ac55ee38848a6730c8cf80a604441164038d60e6e0c2acb034986c,1776246312,2026-04-15T09:45:12+00:00,0.1215,clob_prices_history
62780808278969531638786026928407853049620076930842963388102875757599323764741,0x8329bdd734ac55ee38848a6730c8cf80a604441164038d60e6e0c2acb034986c,1776248103,2026-04-15T10:15:03+00:00,0.1215,clob_prices_history
62780808278969531638786026928407853049620076930842963388102875757599323764741,0x8329bdd734ac55ee38848a6730c8cf80a604441164038d60e6e0c2acb034986c,1776248157,2026-04-15T10:15:57+00:00,0.1215,clob_prices_history
62780808278969531638786026928407853049620076930842963388102875757599323764741,0x8329bdd734ac55ee38848a6730c8cf80a604441164038d60e6e0c2acb034986c,1776249953,2026-04-15T10:45:53+00:00,0.1215,clob_prices_history
62780808278969531638786026928407853049620076930842963388102875757599323764741,0x8329bdd734ac55ee38848a6730c8cf80a604441164038d60e6e0c2acb034986c,1776251749,2026-04-15T11:15:49+00:00,0.1215,clob_prices_history
62780808278969531638786026928407853049620076930842963388102875757599323764741,0x8329bdd734ac55ee38848a6730c8cf80a604441164038d60e6e0c2acb034986c,1776253551,2026-04-15T11:45:51+00:00,0.1215,clob_prices_history
62780808278969531638786026928407853049620076930842963388102875757599323764741,0x8329bdd734ac55ee38848a6730c8cf80a604441164038d60e6e0c2acb034986c,1776255352,2026-04-15T12:15:52+00:00,0.1215,clob_prices_history
62780808278969531638786026928407853049620076930842963388102875757599323764741,0x8329bdd734ac55ee38848a6730c8cf80a604441164038d60e6e0c2acb034986c,1776257150,2026-04-15T12:45:50+00:00,0.1215,clob_prices_history
62780808278969531638786026928407853049620076930842963388102875757599323764741,0x8329bdd734ac55ee38848a6730c8cf80a604441164038d60e6e0c2acb034986c,1776258014,2026-04-15T13:00:14+00:00,0.1215,clob_prices_history
62780808278969531638786026928407853049620076930842963388102875757599323764741,0x8329bdd734ac55ee38848a6730c8cf80a604441164038d60e6e0c2acb034986c,1776258950,2026-04-15T13:15:50+00:00,0.1215,clob_prices_history
62780808278969531638786026928407853049620076930842963388102875757599323764741,0x8329bdd734ac55ee38848a6730c8cf80a604441164038d60e6e0c2acb034986c,1776259802,2026-04-15T13:30:02+00:00,0.1215,clob_prices_history
62780808278969531638786026928407853049620076930842963388102875757599323764741,0x8329bdd734ac55ee38848a6730c8cf80a604441164038d60e6e0c2acb034986c,1776260755,2026-04-15T13:45:55+00:00,0.1215,clob_prices_history
62780808278969531638786026928407853049620076930842963388102875757599323764741,0x8329bdd734ac55ee38848a6730c8cf80a604441164038d60e6e0c2acb034986c,1776262551,2026-04-15T14:15:51+00:00,0.1215,clob_prices_history
62780808278969531638786026928407853049620076930842963388102875757599323764741,0x8329bdd734ac55ee38848a6730c8cf80a604441164038d60e6e0c2acb034986c,1776264351,2026-04-15T14:45:51+00:00,0.1215,clob_prices_history
62780808278969531638786026928407853049620076930842963388102875757599323764741,0x8329bdd734ac55ee38848a6730c8cf80a604441164038d60e6e0c2acb034986c,1776266151,2026-04-15T15:15:51+00:00,0.1215,clob_prices_history
62780808278969531638786026928407853049620076930842963388102875757599323764741,0x8329bdd734ac55ee38848a6730c8cf80a604441164038d60e6e0c2acb034986c,1776267950,2026-04-15T15:45:50+00:00,0.1215,clob_prices_history
62780808278969531638786026928407853049620076930842963388102875757599323764741,0x8329bdd734ac55ee38848a6730c8cf80a604441164038d60e6e0c2acb034986c,1776269752,2026-04-15T16:15:52+00:00,0.1215,clob_prices_history
62780808278969531638786026928407853049620076930842963388102875757599323764741,0x8329bdd734ac55ee38848a6730c8cf80a604441164038d60e6e0c2acb034986c,1776271550,2026-04-15T16:45:50+00:00,0.1215,clob_prices_history
62780808278969531638786026928407853049620076930842963388102875757599323764741,0x8329bdd734ac55ee38848a6730c8cf80a604441164038d60e6e0c2acb034986c,1776273357,2026-04-15T17:15:57+00:00,0.1215,clob_prices_history
62780808278969531638786026928407853049620076930842963388102875757599323764741,0x8329bdd734ac55ee38848a6730c8cf80a604441164038d60e6e0c2acb034986c,1776275150,2026-04-15T17:45:50+00:00,0.1215,clob_prices_history
62780808278969531638786026928407853049620076930842963388102875757599323764741,0x8329bdd734ac55ee38848a6730c8cf80a604441164038d60e6e0c2acb034986c,1776278750,2026-04-15T18:45:50+00:00,0.1215,clob_prices_history
62780808278969531638786026928407853049620076930842963388102875757599323764741,0x8329bdd734ac55ee38848a6730c8cf80a604441164038d60e6e0c2acb034986c,1776279611,2026-04-15T19:00:11+00:00,0.1215,clob_prices_history
62780808278969531638786026928407853049620076930842963388102875757599323764741,0x8329bdd734ac55ee38848a6730c8cf80a604441164038d60e6e0c2acb034986c,1776280549,2026-04-15T19:15:49+00:00,0.1215,clob_prices_history
62780808278969531638786026928407853049620076930842963388102875757599323764741,0x8329bdd734ac55ee38848a6730c8cf80a604441164038d60e6e0c2acb034986c,1776282351,2026-04-15T19:45:51+00:00,0.1215,clob_prices_history
62780808278969531638786026928407853049620076930842963388102875757599323764741,0x8329bdd734ac55ee38848a6730c8cf80a604441164038d60e6e0c2acb034986c,1776284150,2026-04-15T20:15:50+00:00,0.1215,clob_prices_history
62780808278969531638786026928407853049620076930842963388102875757599323764741,0x8329bdd734ac55ee38848a6730c8cf80a604441164038d60e6e0c2acb034986c,1776286848,2026-04-15T21:00:48+00:00,0.1215,clob_prices_history
62780808278969531638786026928407853049620076930842963388102875757599323764741,0x8329bdd734ac55ee38848a6730c8cf80a604441164038d60e6e0c2acb034986c,1776287751,2026-04-15T21:15:51+00:00,0.1215,clob_prices_history
62780808278969531638786026928407853049620076930842963388102875757599323764741,0x8329bdd734ac55ee38848a6730c8cf80a604441164038d60e6e0c2acb034986c,1776289553,2026-04-15T21:45:53+00:00,0.1215,clob_prices_history
62780808278969531638786026928407853049620076930842963388102875757599323764741,0x8329bdd734ac55ee38848a6730c8cf80a604441164038d60e6e0c2acb034986c,1776293152,2026-04-15T22:45:52+00:00,0.1215,clob_prices_history
62780808278969531638786026928407853049620076930842963388102875757599323764741,0x8329bdd734ac55ee38848a6730c8cf80a604441164038d60e6e0c2acb034986c,1776294957,2026-04-15T23:15:57+00:00,0.1215,clob_prices_history
62780808278969531638786026928407853049620076930842963388102875757599323764741,0x8329bdd734ac55ee38848a6730c8cf80a604441164038d60e6e0c2acb034986c,1776296754,2026-04-15T23:45:54+00:00,0.1215,clob_prices_history
62780808278969531638786026928407853049620076930842963388102875757599323764741,0x8329bdd734ac55ee38848a6730c8cf80a604441164038d60e6e0c2acb034986c,1776298553,2026-04-16T00:15:53+00:00,0.1215,clob_prices_history
62780808278969531638786026928407853049620076930842963388102875757599323764741,0x8329bdd734ac55ee38848a6730c8cf80a604441164038d60e6e0c2acb034986c,1776300356,2026-04-16T00:45:56+00:00,0.1215,clob_prices_history
62780808278969531638786026928407853049620076930842963388102875757599323764741,0x8329bdd734ac55ee38848a6730c8cf80a604441164038d60e6e0c2acb034986c,1776305751,2026-04-16T02:15:51+00:00,0.1215,clob_prices_history
62780808278969531638786026928407853049620076930842963388102875757599323764741,0x8329bdd734ac55ee38848a6730c8cf80a604441164038d60e6e0c2acb034986c,1776307501,2026-04-16T02:45:01+00:00,0.1215,clob_prices_history
62780808278969531638786026928407853049620076930842963388102875757599323764741,0x8329bdd734ac55ee38848a6730c8cf80a604441164038d60e6e0c2acb034986c,1776309357,2026-04-16T03:15:57+00:00,0.1215,clob_prices_history
62780808278969531638786026928407853049620076930842963388102875757599323764741,0x8329bdd734ac55ee38848a6730c8cf80a604441164038d60e6e0c2acb034986c,1776311155,2026-04-16T03:45:55+00:00,0.1215,clob_prices_history
62780808278969531638786026928407853049620076930842963388102875757599323764741,0x8329bdd734ac55ee38848a6730c8cf80a604441164038d60e6e0c2acb034986c,1776312954,2026-04-16T04:15:54+00:00,0.1215,clob_prices_history
62780808278969531638786026928407853049620076930842963388102875757599323764741,0x8329bdd734ac55ee38848a6730c8cf80a604441164038d60e6e0c2acb034986c,1776314709,2026-04-16T04:45:09+00:00,0.1215,clob_prices_history
62780808278969531638786026928407853049620076930842963388102875757599323764741,0x8329bdd734ac55ee38848a6730c8cf80a604441164038d60e6e0c2acb034986c,1776318353,2026-04-16T05:45:53+00:00,0.1215,clob_prices_history
62780808278969531638786026928407853049620076930842963388102875757599323764741,0x8329bdd734ac55ee38848a6730c8cf80a604441164038d60e6e0c2acb034986c,1776319204,2026-04-16T06:00:04+00:00,0.1215,clob_prices_history
62780808278969531638786026928407853049620076930842963388102875757599323764741,0x8329bdd734ac55ee38848a6730c8cf80a604441164038d60e6e0c2acb034986c,1776320153,2026-04-16T06:15:53+00:00,0.1215,clob_prices_history
62780808278969531638786026928407853049620076930842963388102875757599323764741,0x8329bdd734ac55ee38848a6730c8cf80a604441164038d60e6e0c2acb034986c,1776321954,2026-04-16T06:45:54+00:00,0.1215,clob_prices_history
62780808278969531638786026928407853049620076930842963388102875757599323764741,0x8329bdd734ac55ee38848a6730c8cf80a604441164038d60e6e0c2acb034986c,1776323750,2026-04-16T07:15:50+00:00,0.1215,clob_prices_history
62780808278969531638786026928407853049620076930842963388102875757599323764741,0x8329bdd734ac55ee38848a6730c8cf80a604441164038d60e6e0c2acb034986c,1776327349,2026-04-16T08:15:49+00:00,0.1215,clob_prices_history
62780808278969531638786026928407853049620076930842963388102875757599323764741,0x8329bdd734ac55ee38848a6730c8cf80a604441164038d60e6e0c2acb034986c,1776328206,2026-04-16T08:30:06+00:00,0.1215,clob_prices_history
62780808278969531638786026928407853049620076930842963388102875757599323764741,0x8329bdd734ac55ee38848a6730c8cf80a604441164038d60e6e0c2acb034986c,1776329153,2026-04-16T08:45:53+00:00,0.1215,clob_prices_history
62780808278969531638786026928407853049620076930842963388102875757599323764741,0x8329bdd734ac55ee38848a6730c8cf80a604441164038d60e6e0c2acb034986c,1776330901,2026-04-16T09:15:01+00:00,0.1215,clob_prices_history
62780808278969531638786026928407853049620076930842963388102875757599323764741,0x8329bdd734ac55ee38848a6730c8cf80a604441164038d60e6e0c2acb034986c,1776330958,2026-04-16T09:15:58+00:00,0.1215,clob_prices_history
62780808278969531638786026928407853049620076930842963388102875757599323764741,0x8329bdd734ac55ee38848a6730c8cf80a604441164038d60e6e0c2acb034986c,1776332753,2026-04-16T09:45:53+00:00,0.1215,clob_prices_history
62780808278969531638786026928407853049620076930842963388102875757599323764741,0x8329bdd734ac55ee38848a6730c8cf80a604441164038d60e6e0c2acb034986c,1776334550,2026-04-16T10:15:50+00:00,0.1215,clob_prices_history
62780808278969531638786026928407853049620076930842963388102875757599323764741,0x8329bdd734ac55ee38848a6730c8cf80a604441164038d60e6e0c2acb034986c,1776338159,2026-04-16T11:15:59+00:00,0.1215,clob_prices_history
62780808278969531638786026928407853049620076930842963388102875757599323764741,0x8329bdd734ac55ee38848a6730c8cf80a604441164038d60e6e0c2acb034986c,1776339006,2026-04-16T11:30:06+00:00,0.1215,clob_prices_history
62780808278969531638786026928407853049620076930842963388102875757599323764741,0x8329bdd734ac55ee38848a6730c8cf80a604441164038d60e6e0c2acb034986c,1776339906,2026-04-16T11:45:06+00:00,0.1215,clob_prices_history
62780808278969531638786026928407853049620076930842963388102875757599323764741,0x8329bdd734ac55ee38848a6730c8cf80a604441164038d60e6e0c2acb034986c,1776341751,2026-04-16T12:15:51+00:00,0.1215,clob_prices_history
62780808278969531638786026928407853049620076930842963388102875757599323764741,0x8329bdd734ac55ee38848a6730c8cf80a604441164038d60e6e0c2acb034986c,1776343556,2026-04-16T12:45:56+00:00,0.1215,clob_prices_history
62780808278969531638786026928407853049620076930842963388102875757599323764741,0x8329bdd734ac55ee38848a6730c8cf80a604441164038d60e6e0c2acb034986c,1776347158,2026-04-16T13:45:58+00:00,0.1215,clob_prices_history
62780808278969531638786026928407853049620076930842963388102875757599323764741,0x8329bdd734ac55ee38848a6730c8cf80a604441164038d60e6e0c2acb034986c,1776348901,2026-04-16T14:15:01+00:00,0.1215,clob_prices_history
62780808278969531638786026928407853049620076930842963388102875757599323764741,0x8329bdd734ac55ee38848a6730c8cf80a604441164038d60e6e0c2acb034986c,1776352504,2026-04-16T15:15:04+00:00,0.1215,clob_prices_history
62780808278969531638786026928407853049620076930842963388102875757599323764741,0x8329bdd734ac55ee38848a6730c8cf80a604441164038d60e6e0c2acb034986c,1776357913,2026-04-16T16:45:13+00:00,0.117,clob_prices_history
62780808278969531638786026928407853049620076930842963388102875757599323764741,0x8329bdd734ac55ee38848a6730c8cf80a604441164038d60e6e0c2acb034986c,1776359721,2026-04-16T17:15:21+00:00,0.117,clob_prices_history
62780808278969531638786026928407853049620076930842963388102875757599323764741,0x8329bdd734ac55ee38848a6730c8cf80a604441164038d60e6e0c2acb034986c,1776360641,2026-04-16T17:30:41+00:00,0.116,clob_prices_history
62780808278969531638786026928407853049620076930842963388102875757599323764741,0x8329bdd734ac55ee38848a6730c8cf80a604441164038d60e6e0c2acb034986c,1776365138,2026-04-16T18:45:38+00:00,0.1135,clob_prices_history
62780808278969531638786026928407853049620076930842963388102875757599323764741,0x8329bdd734ac55ee38848a6730c8cf80a604441164038d60e6e0c2acb034986c,1776366932,2026-04-16T19:15:32+00:00,0.1135,clob_prices_history
62780808278969531638786026928407853049620076930842963388102875757599323764741,0x8329bdd734ac55ee38848a6730c8cf80a604441164038d60e6e0c2acb034986c,1776370534,2026-04-16T20:15:34+00:00,0.1135,clob_prices_history
62780808278969531638786026928407853049620076930842963388102875757599323764741,0x8329bdd734ac55ee38848a6730c8cf80a604441164038d60e6e0c2acb034986c,1776372338,2026-04-16T20:45:38+00:00,0.114,clob_prices_history
62780808278969531638786026928407853049620076930842963388102875757599323764741,0x8329bdd734ac55ee38848a6730c8cf80a604441164038d60e6e0c2acb034986c,1776375903,2026-04-16T21:45:03+00:00,0.1135,clob_prices_history
62780808278969531638786026928407853049620076930842963388102875757599323764741,0x8329bdd734ac55ee38848a6730c8cf80a604441164038d60e6e0c2acb034986c,1776378609,2026-04-16T22:30:09+00:00,0.114,clob_prices_history
62780808278969531638786026928407853049620076930842963388102875757599323764741,0x8329bdd734ac55ee38848a6730c8cf80a604441164038d60e6e0c2acb034986c,1776385858,2026-04-17T00:30:58+00:00,0.1145,clob_prices_history
62780808278969531638786026928407853049620076930842963388102875757599323764741,0x8329bdd734ac55ee38848a6730c8cf80a604441164038d60e6e0c2acb034986c,1776386754,2026-04-17T00:45:54+00:00,0.1145,clob_prices_history
62780808278969531638786026928407853049620076930842963388102875757599323764741,0x8329bdd734ac55ee38848a6730c8cf80a604441164038d60e6e0c2acb034986c,1776387659,2026-04-17T01:00:59+00:00,0.1145,clob_prices_history
62780808278969531638786026928407853049620076930842963388102875757599323764741,0x8329bdd734ac55ee38848a6730c8cf80a604441164038d60e6e0c2acb034986c,1776390352,2026-04-17T01:45:52+00:00,0.1145,clob_prices_history
62780808278969531638786026928407853049620076930842963388102875757599323764741,0x8329bdd734ac55ee38848a6730c8cf80a604441164038d60e6e0c2acb034986c,1776392154,2026-04-17T02:15:54+00:00,0.1145,clob_prices_history
62780808278969531638786026928407853049620076930842963388102875757599323764741,0x8329bdd734ac55ee38848a6730c8cf80a604441164038d60e6e0c2acb034986c,1776393057,2026-04-17T02:30:57+00:00,0.1145,clob_prices_history
62780808278969531638786026928407853049620076930842963388102875757599323764741,0x8329bdd734ac55ee38848a6730c8cf80a604441164038d60e6e0c2acb034986c,1776395757,2026-04-17T03:15:57+00:00,0.1145,clob_prices_history
62780808278969531638786026928407853049620076930842963388102875757599323764741,0x8329bdd734ac55ee38848a6730c8cf80a604441164038d60e6e0c2acb034986c,1776396600,2026-04-17T03:30:00+00:00,0.1145,clob_prices_history
62780808278969531638786026928407853049620076930842963388102875757599323764741,0x8329bdd734ac55ee38848a6730c8cf80a604441164038d60e6e0c2acb034986c,1776397500,2026-04-17T03:45:00+00:00,0.1145,clob_prices_history
62780808278969531638786026928407853049620076930842963388102875757599323764741,0x8329bdd734ac55ee38848a6730c8cf80a604441164038d60e6e0c2acb034986c,1776397557,2026-04-17T03:45:57+00:00,0.1145,clob_prices_history
62780808278969531638786026928407853049620076930842963388102875757599323764741,0x8329bdd734ac55ee38848a6730c8cf80a604441164038d60e6e0c2acb034986c,1776398455,2026-04-17T04:00:55+00:00,0.1145,clob_prices_history
62780808278969531638786026928407853049620076930842963388102875757599323764741,0x8329bdd734ac55ee38848a6730c8cf80a604441164038d60e6e0c2acb034986c,1776399354,2026-04-17T04:15:54+00:00,0.1145,clob_prices_history
62780808278969531638786026928407853049620076930842963388102875757599323764741,0x8329bdd734ac55ee38848a6730c8cf80a604441164038d60e6e0c2acb034986c,1776400259,2026-04-17T04:30:59+00:00,0.1145,clob_prices_history
62780808278969531638786026928407853049620076930842963388102875757599323764741,0x8329bdd734ac55ee38848a6730c8cf80a604441164038d60e6e0c2acb034986c,1776401156,2026-04-17T04:45:56+00:00,0.1135,clob_prices_history
62780808278969531638786026928407853049620076930842963388102875757599323764741,0x8329bdd734ac55ee38848a6730c8cf80a604441164038d60e6e0c2acb034986c,1776402057,2026-04-17T05:00:57+00:00,0.1145,clob_prices_history
62780808278969531638786026928407853049620076930842963388102875757599323764741,0x8329bdd734ac55ee38848a6730c8cf80a604441164038d60e6e0c2acb034986c,1776402902,2026-04-17T05:15:02+00:00,0.1145,clob_prices_history
62780808278969531638786026928407853049620076930842963388102875757599323764741,0x8329bdd734ac55ee38848a6730c8cf80a604441164038d60e6e0c2acb034986c,1776404759,2026-04-17T05:45:59+00:00,0.1135,clob_prices_history
62780808278969531638786026928407853049620076930842963388102875757599323764741,0x8329bdd734ac55ee38848a6730c8cf80a604441164038d60e6e0c2acb034986c,1776406556,2026-04-17T06:15:56+00:00,0.1135,clob_prices_history
62780808278969531638786026928407853049620076930842963388102875757599323764741,0x8329bdd734ac55ee38848a6730c8cf80a604441164038d60e6e0c2acb034986c,1776407416,2026-04-17T06:30:16+00:00,0.1135,clob_prices_history
62780808278969531638786026928407853049620076930842963388102875757599323764741,0x8329bdd734ac55ee38848a6730c8cf80a604441164038d60e6e0c2acb034986c,1776408357,2026-04-17T06:45:57+00:00,0.1135,clob_prices_history
62780808278969531638786026928407853049620076930842963388102875757599323764741,0x8329bdd734ac55ee38848a6730c8cf80a604441164038d60e6e0c2acb034986c,1776410153,2026-04-17T07:15:53+00:00,0.1135,clob_prices_history
62780808278969531638786026928407853049620076930842963388102875757599323764741,0x8329bdd734ac55ee38848a6730c8cf80a604441164038d60e6e0c2acb034986c,1776411953,2026-04-17T07:45:53+00:00,0.1135,clob_prices_history
62780808278969531638786026928407853049620076930842963388102875757599323764741,0x8329bdd734ac55ee38848a6730c8cf80a604441164038d60e6e0c2acb034986c,1776412806,2026-04-17T08:00:06+00:00,0.1135,clob_prices_history
62780808278969531638786026928407853049620076930842963388102875757599323764741,0x8329bdd734ac55ee38848a6730c8cf80a604441164038d60e6e0c2acb034986c,1776413754,2026-04-17T08:15:54+00:00,0.1135,clob_prices_history
62780808278969531638786026928407853049620076930842963388102875757599323764741,0x8329bdd734ac55ee38848a6730c8cf80a604441164038d60e6e0c2acb034986c,1776417359,2026-04-17T09:15:59+00:00,0.1135,clob_prices_history
62780808278969531638786026928407853049620076930842963388102875757599323764741,0x8329bdd734ac55ee38848a6730c8cf80a604441164038d60e6e0c2acb034986c,1776419101,2026-04-17T09:45:01+00:00,0.1135,clob_prices_history
62780808278969531638786026928407853049620076930842963388102875757599323764741,0x8329bdd734ac55ee38848a6730c8cf80a604441164038d60e6e0c2acb034986c,1776420954,2026-04-17T10:15:54+00:00,0.1135,clob_prices_history
62780808278969531638786026928407853049620076930842963388102875757599323764741,0x8329bdd734ac55ee38848a6730c8cf80a604441164038d60e6e0c2acb034986c,1776421857,2026-04-17T10:30:57+00:00,0.1135,clob_prices_history
62780808278969531638786026928407853049620076930842963388102875757599323764741,0x8329bdd734ac55ee38848a6730c8cf80a604441164038d60e6e0c2acb034986c,1776422707,2026-04-17T10:45:07+00:00,0.1135,clob_prices_history
62780808278969531638786026928407853049620076930842963388102875757599323764741,0x8329bdd734ac55ee38848a6730c8cf80a604441164038d60e6e0c2acb034986c,1776423658,2026-04-17T11:00:58+00:00,0.1135,clob_prices_history
62780808278969531638786026928407853049620076930842963388102875757599323764741,0x8329bdd734ac55ee38848a6730c8cf80a604441164038d60e6e0c2acb034986c,1776424559,2026-04-17T11:15:59+00:00,0.1135,clob_prices_history
62780808278969531638786026928407853049620076930842963388102875757599323764741,0x8329bdd734ac55ee38848a6730c8cf80a604441164038d60e6e0c2acb034986c,1776425416,2026-04-17T11:30:16+00:00,0.1135,clob_prices_history
62780808278969531638786026928407853049620076930842963388102875757599323764741,0x8329bdd734ac55ee38848a6730c8cf80a604441164038d60e6e0c2acb034986c,1776426357,2026-04-17T11:45:57+00:00,0.1135,clob_prices_history
62780808278969531638786026928407853049620076930842963388102875757599323764741,0x8329bdd734ac55ee38848a6730c8cf80a604441164038d60e6e0c2acb034986c,1776433558,2026-04-17T13:45:58+00:00,0.1135,clob_prices_history
62780808278969531638786026928407853049620076930842963388102875757599323764741,0x8329bdd734ac55ee38848a6730c8cf80a604441164038d60e6e0c2acb034986c,1776436228,2026-04-17T14:30:28+00:00,0.1135,clob_prices_history
62780808278969531638786026928407853049620076930842963388102875757599323764741,0x8329bdd734ac55ee38848a6730c8cf80a604441164038d60e6e0c2acb034986c,1776437157,2026-04-17T14:45:57+00:00,0.1135,clob_prices_history
62780808278969531638786026928407853049620076930842963388102875757599323764741,0x8329bdd734ac55ee38848a6730c8cf80a604441164038d60e6e0c2acb034986c,1776438040,2026-04-17T15:00:40+00:00,0.1135,clob_prices_history
62780808278969531638786026928407853049620076930842963388102875757599323764741,0x8329bdd734ac55ee38848a6730c8cf80a604441164038d60e6e0c2acb034986c,1776438912,2026-04-17T15:15:12+00:00,0.1135,clob_prices_history
62780808278969531638786026928407853049620076930842963388102875757599323764741,0x8329bdd734ac55ee38848a6730c8cf80a604441164038d60e6e0c2acb034986c,1776440701,2026-04-17T15:45:01+00:00,0.1135,clob_prices_history
62780808278969531638786026928407853049620076930842963388102875757599323764741,0x8329bdd734ac55ee38848a6730c8cf80a604441164038d60e6e0c2acb034986c,1776442517,2026-04-17T16:15:17+00:00,0.1135,clob_prices_history
62780808278969531638786026928407853049620076930842963388102875757599323764741,0x8329bdd734ac55ee38848a6730c8cf80a604441164038d60e6e0c2acb034986c,1776443421,2026-04-17T16:30:21+00:00,0.1135,clob_prices_history
62780808278969531638786026928407853049620076930842963388102875757599323764741,0x8329bdd734ac55ee38848a6730c8cf80a604441164038d60e6e0c2acb034986c,1776445222,2026-04-17T17:00:22+00:00,0.115,clob_prices_history
62780808278969531638786026928407853049620076930842963388102875757599323764741,0x8329bdd734ac55ee38848a6730c8cf80a604441164038d60e6e0c2acb034986c,1776446159,2026-04-17T17:15:59+00:00,0.115,clob_prices_history
62780808278969531638786026928407853049620076930842963388102875757599323764741,0x8329bdd734ac55ee38848a6730c8cf80a604441164038d60e6e0c2acb034986c,1776447022,2026-04-17T17:30:22+00:00,0.1145,clob_prices_history
62780808278969531638786026928407853049620076930842963388102875757599323764741,0x8329bdd734ac55ee38848a6730c8cf80a604441164038d60e6e0c2acb034986c,1776448845,2026-04-17T18:00:45+00:00,0.1145,clob_prices_history
62780808278969531638786026928407853049620076930842963388102875757599323764741,0x8329bdd734ac55ee38848a6730c8cf80a604441164038d60e6e0c2acb034986c,1776449756,2026-04-17T18:15:56+00:00,0.1145,clob_prices_history
62780808278969531638786026928407853049620076930842963388102875757599323764741,0x8329bdd734ac55ee38848a6730c8cf80a604441164038d60e6e0c2acb034986c,1776450619,2026-04-17T18:30:19+00:00,0.1145,clob_prices_history
62780808278969531638786026928407853049620076930842963388102875757599323764741,0x8329bdd734ac55ee38848a6730c8cf80a604441164038d60e6e0c2acb034986c,1776451502,2026-04-17T18:45:02+00:00,0.1145,clob_prices_history
62780808278969531638786026928407853049620076930842963388102875757599323764741,0x8329bdd734ac55ee38848a6730c8cf80a604441164038d60e6e0c2acb034986c,1776452411,2026-04-17T19:00:11+00:00,0.1145,clob_prices_history
62780808278969531638786026928407853049620076930842963388102875757599323764741,0x8329bdd734ac55ee38848a6730c8cf80a604441164038d60e6e0c2acb034986c,1776453307,2026-04-17T19:15:07+00:00,0.1145,clob_prices_history
62780808278969531638786026928407853049620076930842963388102875757599323764741,0x8329bdd734ac55ee38848a6730c8cf80a604441164038d60e6e0c2acb034986c,1776454223,2026-04-17T19:30:23+00:00,0.1145,clob_prices_history
62780808278969531638786026928407853049620076930842963388102875757599323764741,0x8329bdd734ac55ee38848a6730c8cf80a604441164038d60e6e0c2acb034986c,1776455123,2026-04-17T19:45:23+00:00,0.1145,clob_prices_history
62780808278969531638786026928407853049620076930842963388102875757599323764741,0x8329bdd734ac55ee38848a6730c8cf80a604441164038d60e6e0c2acb034986c,1776456019,2026-04-17T20:00:19+00:00,0.1145,clob_prices_history
62780808278969531638786026928407853049620076930842963388102875757599323764741,0x8329bdd734ac55ee38848a6730c8cf80a604441164038d60e6e0c2acb034986c,1776456954,2026-04-17T20:15:54+00:00,0.1145,clob_prices_history
62780808278969531638786026928407853049620076930842963388102875757599323764741,0x8329bdd734ac55ee38848a6730c8cf80a604441164038d60e6e0c2acb034986c,1776457805,2026-04-17T20:30:05+00:00,0.1145,clob_prices_history
62780808278969531638786026928407853049620076930842963388102875757599323764741,0x8329bdd734ac55ee38848a6730c8cf80a604441164038d60e6e0c2acb034986c,1776458704,2026-04-17T20:45:04+00:00,0.1135,clob_prices_history
62780808278969531638786026928407853049620076930842963388102875757599323764741,0x8329bdd734ac55ee38848a6730c8cf80a604441164038d60e6e0c2acb034986c,1776462357,2026-04-17T21:45:57+00:00,0.114,clob_prices_history
62780808278969531638786026928407853049620076930842963388102875757599323764741,0x8329bdd734ac55ee38848a6730c8cf80a604441164038d60e6e0c2acb034986c,1776464154,2026-04-17T22:15:54+00:00,0.114,clob_prices_history
62780808278969531638786026928407853049620076930842963388102875757599323764741,0x8329bdd734ac55ee38848a6730c8cf80a604441164038d60e6e0c2acb034986c,1776468616,2026-04-17T23:30:16+00:00,0.1135,clob_prices_history
62780808278969531638786026928407853049620076930842963388102875757599323764741,0x8329bdd734ac55ee38848a6730c8cf80a604441164038d60e6e0c2acb034986c,1776469559,2026-04-17T23:45:59+00:00,0.1135,clob_prices_history
62780808278969531638786026928407853049620076930842963388102875757599323764741,0x8329bdd734ac55ee38848a6730c8cf80a604441164038d60e6e0c2acb034986c,1776470434,2026-04-18T00:00:34+00:00,0.1135,clob_prices_history
62780808278969531638786026928407853049620076930842963388102875757599323764741,0x8329bdd734ac55ee38848a6730c8cf80a604441164038d60e6e0c2acb034986c,1776471358,2026-04-18T00:15:58+00:00,0.1135,clob_prices_history
62780808278969531638786026928407853049620076930842963388102875757599323764741,0x8329bdd734ac55ee38848a6730c8cf80a604441164038d60e6e0c2acb034986c,1776473155,2026-04-18T00:45:55+00:00,0.1135,clob_prices_history
62780808278969531638786026928407853049620076930842963388102875757599323764741,0x8329bdd734ac55ee38848a6730c8cf80a604441164038d60e6e0c2acb034986c,1776474956,2026-04-18T01:15:56+00:00,0.1135,clob_prices_history
62780808278969531638786026928407853049620076930842963388102875757599323764741,0x8329bdd734ac55ee38848a6730c8cf80a604441164038d60e6e0c2acb034986c,1776475801,2026-04-18T01:30:01+00:00,0.1135,clob_prices_history
62780808278969531638786026928407853049620076930842963388102875757599323764741,0x8329bdd734ac55ee38848a6730c8cf80a604441164038d60e6e0c2acb034986c,1776478505,2026-04-18T02:15:05+00:00,0.1135,clob_prices_history
62780808278969531638786026928407853049620076930842963388102875757599323764741,0x8329bdd734ac55ee38848a6730c8cf80a604441164038d60e6e0c2acb034986c,1776480318,2026-04-18T02:45:18+00:00,0.1135,clob_prices_history
62780808278969531638786026928407853049620076930842963388102875757599323764741,0x8329bdd734ac55ee38848a6730c8cf80a604441164038d60e6e0c2acb034986c,1776482159,2026-04-18T03:15:59+00:00,0.114,clob_prices_history
62780808278969531638786026928407853049620076930842963388102875757599323764741,0x8329bdd734ac55ee38848a6730c8cf80a604441164038d60e6e0c2acb034986c,1776483905,2026-04-18T03:45:05+00:00,0.114,clob_prices_history
62780808278969531638786026928407853049620076930842963388102875757599323764741,0x8329bdd734ac55ee38848a6730c8cf80a604441164038d60e6e0c2acb034986c,1776485753,2026-04-18T04:15:53+00:00,0.114,clob_prices_history
62780808278969531638786026928407853049620076930842963388102875757599323764741,0x8329bdd734ac55ee38848a6730c8cf80a604441164038d60e6e0c2acb034986c,1776487558,2026-04-18T04:45:58+00:00,0.1135,clob_prices_history
62780808278969531638786026928407853049620076930842963388102875757599323764741,0x8329bdd734ac55ee38848a6730c8cf80a604441164038d60e6e0c2acb034986c,1776488406,2026-04-18T05:00:06+00:00,0.1135,clob_prices_history
62780808278969531638786026928407853049620076930842963388102875757599323764741,0x8329bdd734ac55ee38848a6730c8cf80a604441164038d60e6e0c2acb034986c,1776490212,2026-04-18T05:30:12+00:00,0.1135,clob_prices_history
62780808278969531638786026928407853049620076930842963388102875757599323764741,0x8329bdd734ac55ee38848a6730c8cf80a604441164038d60e6e0c2acb034986c,1776491159,2026-04-18T05:45:59+00:00,0.1135,clob_prices_history
62780808278969531638786026928407853049620076930842963388102875757599323764741,0x8329bdd734ac55ee38848a6730c8cf80a604441164038d60e6e0c2acb034986c,1776494753,2026-04-18T06:45:53+00:00,0.1135,clob_prices_history
62780808278969531638786026928407853049620076930842963388102875757599323764741,0x8329bdd734ac55ee38848a6730c8cf80a604441164038d60e6e0c2acb034986c,1776496558,2026-04-18T07:15:58+00:00,0.1135,clob_prices_history
62780808278969531638786026928407853049620076930842963388102875757599323764741,0x8329bdd734ac55ee38848a6730c8cf80a604441164038d60e6e0c2acb034986c,1776498356,2026-04-18T07:45:56+00:00,0.1135,clob_prices_history
62780808278969531638786026928407853049620076930842963388102875757599323764741,0x8329bdd734ac55ee38848a6730c8cf80a604441164038d60e6e0c2acb034986c,1776501956,2026-04-18T08:45:56+00:00,0.1135,clob_prices_history
62780808278969531638786026928407853049620076930842963388102875757599323764741,0x8329bdd734ac55ee38848a6730c8cf80a604441164038d60e6e0c2acb034986c,1776503754,2026-04-18T09:15:54+00:00,0.1135,clob_prices_history
62780808278969531638786026928407853049620076930842963388102875757599323764741,0x8329bdd734ac55ee38848a6730c8cf80a604441164038d60e6e0c2acb034986c,1776505553,2026-04-18T09:45:53+00:00,0.1135,clob_prices_history
62780808278969531638786026928407853049620076930842963388102875757599323764741,0x8329bdd734ac55ee38848a6730c8cf80a604441164038d60e6e0c2acb034986c,1776507356,2026-04-18T10:15:56+00:00,0.1135,clob_prices_history
62780808278969531638786026928407853049620076930842963388102875757599323764741,0x8329bdd734ac55ee38848a6730c8cf80a604441164038d60e6e0c2acb034986c,1776510020,2026-04-18T11:00:20+00:00,0.1135,clob_prices_history
62780808278969531638786026928407853049620076930842963388102875757599323764741,0x8329bdd734ac55ee38848a6730c8cf80a604441164038d60e6e0c2acb034986c,1776510958,2026-04-18T11:15:58+00:00,0.1135,clob_prices_history
62780808278969531638786026928407853049620076930842963388102875757599323764741,0x8329bdd734ac55ee38848a6730c8cf80a604441164038d60e6e0c2acb034986c,1776512756,2026-04-18T11:45:56+00:00,0.114,clob_prices_history
62780808278969531638786026928407853049620076930842963388102875757599323764741,0x8329bdd734ac55ee38848a6730c8cf80a604441164038d60e6e0c2acb034986c,1776514533,2026-04-18T12:15:33+00:00,0.114,clob_prices_history
62780808278969531638786026928407853049620076930842963388102875757599323764741,0x8329bdd734ac55ee38848a6730c8cf80a604441164038d60e6e0c2acb034986c,1776515400,2026-04-18T12:30:00+00:00,0.114,clob_prices_history
62780808278969531638786026928407853049620076930842963388102875757599323764741,0x8329bdd734ac55ee38848a6730c8cf80a604441164038d60e6e0c2acb034986c,1776516301,2026-04-18T12:45:01+00:00,0.114,clob_prices_history
62780808278969531638786026928407853049620076930842963388102875757599323764741,0x8329bdd734ac55ee38848a6730c8cf80a604441164038d60e6e0c2acb034986c,1776518105,2026-04-18T13:15:05+00:00,0.114,clob_prices_history
62780808278969531638786026928407853049620076930842963388102875757599323764741,0x8329bdd734ac55ee38848a6730c8cf80a604441164038d60e6e0c2acb034986c,1776519901,2026-04-18T13:45:01+00:00,0.1135,clob_prices_history
62780808278969531638786026928407853049620076930842963388102875757599323764741,0x8329bdd734ac55ee38848a6730c8cf80a604441164038d60e6e0c2acb034986c,1776521756,2026-04-18T14:15:56+00:00,0.1135,clob_prices_history
62780808278969531638786026928407853049620076930842963388102875757599323764741,0x8329bdd734ac55ee38848a6730c8cf80a604441164038d60e6e0c2acb034986c,1776522609,2026-04-18T14:30:09+00:00,0.1135,clob_prices_history
62780808278969531638786026928407853049620076930842963388102875757599323764741,0x8329bdd734ac55ee38848a6730c8cf80a604441164038d60e6e0c2acb034986c,1776523553,2026-04-18T14:45:53+00:00,0.1135,clob_prices_history
62780808278969531638786026928407853049620076930842963388102875757599323764741,0x8329bdd734ac55ee38848a6730c8cf80a604441164038d60e6e0c2acb034986c,1776524442,2026-04-18T15:00:42+00:00,0.1135,clob_prices_history
62780808278969531638786026928407853049620076930842963388102875757599323764741,0x8329bdd734ac55ee38848a6730c8cf80a604441164038d60e6e0c2acb034986c,1776527158,2026-04-18T15:45:58+00:00,0.1135,clob_prices_history
62780808278969531638786026928407853049620076930842963388102875757599323764741,0x8329bdd734ac55ee38848a6730c8cf80a604441164038d60e6e0c2acb034986c,1776528954,2026-04-18T16:15:54+00:00,0.1135,clob_prices_history
62780808278969531638786026928407853049620076930842963388102875757599323764741,0x8329bdd734ac55ee38848a6730c8cf80a604441164038d60e6e0c2acb034986c,1776529833,2026-04-18T16:30:33+00:00,0.1135,clob_prices_history
62780808278969531638786026928407853049620076930842963388102875757599323764741,0x8329bdd734ac55ee38848a6730c8cf80a604441164038d60e6e0c2acb034986c,1776530752,2026-04-18T16:45:52+00:00,0.1135,clob_prices_history
62780808278969531638786026928407853049620076930842963388102875757599323764741,0x8329bdd734ac55ee38848a6730c8cf80a604441164038d60e6e0c2acb034986c,1776532538,2026-04-18T17:15:38+00:00,0.1135,clob_prices_history
62780808278969531638786026928407853049620076930842963388102875757599323764741,0x8329bdd734ac55ee38848a6730c8cf80a604441164038d60e6e0c2acb034986c,1776533435,2026-04-18T17:30:35+00:00,0.1135,clob_prices_history
62780808278969531638786026928407853049620076930842963388102875757599323764741,0x8329bdd734ac55ee38848a6730c8cf80a604441164038d60e6e0c2acb034986c,1776534319,2026-04-18T17:45:19+00:00,0.1135,clob_prices_history
62780808278969531638786026928407853049620076930842963388102875757599323764741,0x8329bdd734ac55ee38848a6730c8cf80a604441164038d60e6e0c2acb034986c,1776535221,2026-04-18T18:00:21+00:00,0.1135,clob_prices_history
62780808278969531638786026928407853049620076930842963388102875757599323764741,0x8329bdd734ac55ee38848a6730c8cf80a604441164038d60e6e0c2acb034986c,1776537014,2026-04-18T18:30:14+00:00,0.1135,clob_prices_history
62780808278969531638786026928407853049620076930842963388102875757599323764741,0x8329bdd734ac55ee38848a6730c8cf80a604441164038d60e6e0c2acb034986c,1776539701,2026-04-18T19:15:01+00:00,0.1145,clob_prices_history
62780808278969531638786026928407853049620076930842963388102875757599323764741,0x8329bdd734ac55ee38848a6730c8cf80a604441164038d60e6e0c2acb034986c,1776539755,2026-04-18T19:15:55+00:00,0.1145,clob_prices_history
62780808278969531638786026928407853049620076930842963388102875757599323764741,0x8329bdd734ac55ee38848a6730c8cf80a604441164038d60e6e0c2acb034986c,1776541555,2026-04-18T19:45:55+00:00,0.1145,clob_prices_history
62780808278969531638786026928407853049620076930842963388102875757599323764741,0x8329bdd734ac55ee38848a6730c8cf80a604441164038d60e6e0c2acb034986c,1776542410,2026-04-18T20:00:10+00:00,0.1145,clob_prices_history
62780808278969531638786026928407853049620076930842963388102875757599323764741,0x8329bdd734ac55ee38848a6730c8cf80a604441164038d60e6e0c2acb034986c,1776543359,2026-04-18T20:15:59+00:00,0.1145,clob_prices_history
62780808278969531638786026928407853049620076930842963388102875757599323764741,0x8329bdd734ac55ee38848a6730c8cf80a604441164038d60e6e0c2acb034986c,1776545154,2026-04-18T20:45:54+00:00,0.1145,clob_prices_history
62780808278969531638786026928407853049620076930842963388102875757599323764741,0x8329bdd734ac55ee38848a6730c8cf80a604441164038d60e6e0c2acb034986c,1776546920,2026-04-18T21:15:20+00:00,0.1145,clob_prices_history
62780808278969531638786026928407853049620076930842963388102875757599323764741,0x8329bdd734ac55ee38848a6730c8cf80a604441164038d60e6e0c2acb034986c,1776547823,2026-04-18T21:30:23+00:00,0.1145,clob_prices_history
62780808278969531638786026928407853049620076930842963388102875757599323764741,0x8329bdd734ac55ee38848a6730c8cf80a604441164038d60e6e0c2acb034986c,1776548750,2026-04-18T21:45:50+00:00,0.1145,clob_prices_history
62780808278969531638786026928407853049620076930842963388102875757599323764741,0x8329bdd734ac55ee38848a6730c8cf80a604441164038d60e6e0c2acb034986c,1776550552,2026-04-18T22:15:52+00:00,0.1145,clob_prices_history
62780808278969531638786026928407853049620076930842963388102875757599323764741,0x8329bdd734ac55ee38848a6730c8cf80a604441164038d60e6e0c2acb034986c,1776552354,2026-04-18T22:45:54+00:00,0.1145,clob_prices_history
62780808278969531638786026928407853049620076930842963388102875757599323764741,0x8329bdd734ac55ee38848a6730c8cf80a604441164038d60e6e0c2acb034986c,1776554106,2026-04-18T23:15:06+00:00,0.1145,clob_prices_history
62780808278969531638786026928407853049620076930842963388102875757599323764741,0x8329bdd734ac55ee38848a6730c8cf80a604441164038d60e6e0c2acb034986c,1776555901,2026-04-18T23:45:01+00:00,0.1145,clob_prices_history
62780808278969531638786026928407853049620076930842963388102875757599323764741,0x8329bdd734ac55ee38848a6730c8cf80a604441164038d60e6e0c2acb034986c,1776555953,2026-04-18T23:45:53+00:00,0.1145,clob_prices_history
62780808278969531638786026928407853049620076930842963388102875757599323764741,0x8329bdd734ac55ee38848a6730c8cf80a604441164038d60e6e0c2acb034986c,1776561349,2026-04-19T01:15:49+00:00,0.1145,clob_prices_history
62780808278969531638786026928407853049620076930842963388102875757599323764741,0x8329bdd734ac55ee38848a6730c8cf80a604441164038d60e6e0c2acb034986c,1776562254,2026-04-19T01:30:54+00:00,0.1145,clob_prices_history
62780808278969531638786026928407853049620076930842963388102875757599323764741,0x8329bdd734ac55ee38848a6730c8cf80a604441164038d60e6e0c2acb034986c,1776563155,2026-04-19T01:45:55+00:00,0.1145,clob_prices_history
62780808278969531638786026928407853049620076930842963388102875757599323764741,0x8329bdd734ac55ee38848a6730c8cf80a604441164038d60e6e0c2acb034986c,1776564900,2026-04-19T02:15:00+00:00,0.1145,clob_prices_history
62780808278969531638786026928407853049620076930842963388102875757599323764741,0x8329bdd734ac55ee38848a6730c8cf80a604441164038d60e6e0c2acb034986c,1776564950,2026-04-19T02:15:50+00:00,0.1145,clob_prices_history
62780808278969531638786026928407853049620076930842963388102875757599323764741,0x8329bdd734ac55ee38848a6730c8cf80a604441164038d60e6e0c2acb034986c,1776566749,2026-04-19T02:45:49+00:00,0.1145,clob_prices_history
62780808278969531638786026928407853049620076930842963388102875757599323764741,0x8329bdd734ac55ee38848a6730c8cf80a604441164038d60e6e0c2acb034986c,1776568547,2026-04-19T03:15:47+00:00,0.1145,clob_prices_history
62780808278969531638786026928407853049620076930842963388102875757599323764741,0x8329bdd734ac55ee38848a6730c8cf80a604441164038d60e6e0c2acb034986c,1776569457,2026-04-19T03:30:57+00:00,0.1145,clob_prices_history
62780808278969531638786026928407853049620076930842963388102875757599323764741,0x8329bdd734ac55ee38848a6730c8cf80a604441164038d60e6e0c2acb034986c,1776570349,2026-04-19T03:45:49+00:00,0.1145,clob_prices_history
62780808278969531638786026928407853049620076930842963388102875757599323764741,0x8329bdd734ac55ee38848a6730c8cf80a604441164038d60e6e0c2acb034986c,1776572151,2026-04-19T04:15:51+00:00,0.1145,clob_prices_history
62780808278969531638786026928407853049620076930842963388102875757599323764741,0x8329bdd734ac55ee38848a6730c8cf80a604441164038d60e6e0c2acb034986c,1776573951,2026-04-19T04:45:51+00:00,0.1145,clob_prices_history
62780808278969531638786026928407853049620076930842963388102875757599323764741,0x8329bdd734ac55ee38848a6730c8cf80a604441164038d60e6e0c2acb034986c,1776575759,2026-04-19T05:15:59+00:00,0.1145,clob_prices_history
62780808278969531638786026928407853049620076930842963388102875757599323764741,0x8329bdd734ac55ee38848a6730c8cf80a604441164038d60e6e0c2acb034986c,1776576659,2026-04-19T05:30:59+00:00,0.1145,clob_prices_history
62780808278969531638786026928407853049620076930842963388102875757599323764741,0x8329bdd734ac55ee38848a6730c8cf80a604441164038d60e6e0c2acb034986c,1776577553,2026-04-19T05:45:53+00:00,0.1145,clob_prices_history
62780808278969531638786026928407853049620076930842963388102875757599323764741,0x8329bdd734ac55ee38848a6730c8cf80a604441164038d60e6e0c2acb034986c,1776579350,2026-04-19T06:15:50+00:00,0.1145,clob_prices_history
62780808278969531638786026928407853049620076930842963388102875757599323764741,0x8329bdd734ac55ee38848a6730c8cf80a604441164038d60e6e0c2acb034986c,1776581149,2026-04-19T06:45:49+00:00,0.1145,clob_prices_history
62780808278969531638786026928407853049620076930842963388102875757599323764741,0x8329bdd734ac55ee38848a6730c8cf80a604441164038d60e6e0c2acb034986c,1776582055,2026-04-19T07:00:55+00:00,0.1145,clob_prices_history
62780808278969531638786026928407853049620076930842963388102875757599323764741,0x8329bdd734ac55ee38848a6730c8cf80a604441164038d60e6e0c2acb034986c,1776582949,2026-04-19T07:15:49+00:00,0.1145,clob_prices_history
62780808278969531638786026928407853049620076930842963388102875757599323764741,0x8329bdd734ac55ee38848a6730c8cf80a604441164038d60e6e0c2acb034986c,1776584753,2026-04-19T07:45:53+00:00,0.1145,clob_prices_history
62780808278969531638786026928407853049620076930842963388102875757599323764741,0x8329bdd734ac55ee38848a6730c8cf80a604441164038d60e6e0c2acb034986c,1776585606,2026-04-19T08:00:06+00:00,0.1145,clob_prices_history
62780808278969531638786026928407853049620076930842963388102875757599323764741,0x8329bdd734ac55ee38848a6730c8cf80a604441164038d60e6e0c2acb034986c,1776586554,2026-04-19T08:15:54+00:00,0.1145,clob_prices_history
62780808278969531638786026928407853049620076930842963388102875757599323764741,0x8329bdd734ac55ee38848a6730c8cf80a604441164038d60e6e0c2acb034986c,1776588353,2026-04-19T08:45:53+00:00,0.1145,clob_prices_history
62780808278969531638786026928407853049620076930842963388102875757599323764741,0x8329bdd734ac55ee38848a6730c8cf80a604441164038d60e6e0c2acb034986c,1776591010,2026-04-19T09:30:10+00:00,0.1145,clob_prices_history
62780808278969531638786026928407853049620076930842963388102875757599323764741,0x8329bdd734ac55ee38848a6730c8cf80a604441164038d60e6e0c2acb034986c,1776591955,2026-04-19T09:45:55+00:00,0.1135,clob_prices_history
62780808278969531638786026928407853049620076930842963388102875757599323764741,0x8329bdd734ac55ee38848a6730c8cf80a604441164038d60e6e0c2acb034986c,1776593751,2026-04-19T10:15:51+00:00,0.1135,clob_prices_history
62780808278969531638786026928407853049620076930842963388102875757599323764741,0x8329bdd734ac55ee38848a6730c8cf80a604441164038d60e6e0c2acb034986c,1776595555,2026-04-19T10:45:55+00:00,0.1135,clob_prices_history
62780808278969531638786026928407853049620076930842963388102875757599323764741,0x8329bdd734ac55ee38848a6730c8cf80a604441164038d60e6e0c2acb034986c,1776597354,2026-04-19T11:15:54+00:00,0.1135,clob_prices_history
62780808278969531638786026928407853049620076930842963388102875757599323764741,0x8329bdd734ac55ee38848a6730c8cf80a604441164038d60e6e0c2acb034986c,1776599152,2026-04-19T11:45:52+00:00,0.1135,clob_prices_history
62780808278969531638786026928407853049620076930842963388102875757599323764741,0x8329bdd734ac55ee38848a6730c8cf80a604441164038d60e6e0c2acb034986c,1776600018,2026-04-19T12:00:18+00:00,0.1135,clob_prices_history
62780808278969531638786026928407853049620076930842963388102875757599323764741,0x8329bdd734ac55ee38848a6730c8cf80a604441164038d60e6e0c2acb034986c,1776600956,2026-04-19T12:15:56+00:00,0.1135,clob_prices_history
62780808278969531638786026928407853049620076930842963388102875757599323764741,0x8329bdd734ac55ee38848a6730c8cf80a604441164038d60e6e0c2acb034986c,1776602705,2026-04-19T12:45:05+00:00,0.1135,clob_prices_history
62780808278969531638786026928407853049620076930842963388102875757599323764741,0x8329bdd734ac55ee38848a6730c8cf80a604441164038d60e6e0c2acb034986c,1776602759,2026-04-19T12:45:59+00:00,0.1135,clob_prices_history
62780808278969531638786026928407853049620076930842963388102875757599323764741,0x8329bdd734ac55ee38848a6730c8cf80a604441164038d60e6e0c2acb034986c,1776604513,2026-04-19T13:15:13+00:00,0.1135,clob_prices_history
62780808278969531638786026928407853049620076930842963388102875757599323764741,0x8329bdd734ac55ee38848a6730c8cf80a604441164038d60e6e0c2acb034986c,1776606355,2026-04-19T13:45:55+00:00,0.1135,clob_prices_history
62780808278969531638786026928407853049620076930842963388102875757599323764741,0x8329bdd734ac55ee38848a6730c8cf80a604441164038d60e6e0c2acb034986c,1776609904,2026-04-19T14:45:04+00:00,0.1135,clob_prices_history
62780808278969531638786026928407853049620076930842963388102875757599323764741,0x8329bdd734ac55ee38848a6730c8cf80a604441164038d60e6e0c2acb034986c,1776611753,2026-04-19T15:15:53+00:00,0.1135,clob_prices_history
62780808278969531638786026928407853049620076930842963388102875757599323764741,0x8329bdd734ac55ee38848a6730c8cf80a604441164038d60e6e0c2acb034986c,1776612638,2026-04-19T15:30:38+00:00,0.1135,clob_prices_history
62780808278969531638786026928407853049620076930842963388102875757599323764741,0x8329bdd734ac55ee38848a6730c8cf80a604441164038d60e6e0c2acb034986c,1776613550,2026-04-19T15:45:50+00:00,0.1135,clob_prices_history
62780808278969531638786026928407853049620076930842963388102875757599323764741,0x8329bdd734ac55ee38848a6730c8cf80a604441164038d60e6e0c2acb034986c,1776614426,2026-04-19T16:00:26+00:00,0.1135,clob_prices_history
62780808278969531638786026928407853049620076930842963388102875757599323764741,0x8329bdd734ac55ee38848a6730c8cf80a604441164038d60e6e0c2acb034986c,1776615352,2026-04-19T16:15:52+00:00,0.1135,clob_prices_history
62780808278969531638786026928407853049620076930842963388102875757599323764741,0x8329bdd734ac55ee38848a6730c8cf80a604441164038d60e6e0c2acb034986c,1776616203,2026-04-19T16:30:03+00:00,0.1135,clob_prices_history
62780808278969531638786026928407853049620076930842963388102875757599323764741,0x8329bdd734ac55ee38848a6730c8cf80a604441164038d60e6e0c2acb034986c,1776617159,2026-04-19T16:45:59+00:00,0.1135,clob_prices_history
62780808278969531638786026928407853049620076930842963388102875757599323764741,0x8329bdd734ac55ee38848a6730c8cf80a604441164038d60e6e0c2acb034986c,1776618957,2026-04-19T17:15:57+00:00,0.1135,clob_prices_history
62780808278969531638786026928407853049620076930842963388102875757599323764741,0x8329bdd734ac55ee38848a6730c8cf80a604441164038d60e6e0c2acb034986c,1776622558,2026-04-19T18:15:58+00:00,0.1135,clob_prices_history
62780808278969531638786026928407853049620076930842963388102875757599323764741,0x8329bdd734ac55ee38848a6730c8cf80a604441164038d60e6e0c2acb034986c,1776627014,2026-04-19T19:30:14+00:00,0.1135,clob_prices_history
62780808278969531638786026928407853049620076930842963388102875757599323764741,0x8329bdd734ac55ee38848a6730c8cf80a604441164038d60e6e0c2acb034986c,1776627956,2026-04-19T19:45:56+00:00,0.1135,clob_prices_history
62780808278969531638786026928407853049620076930842963388102875757599323764741,0x8329bdd734ac55ee38848a6730c8cf80a604441164038d60e6e0c2acb034986c,1776629752,2026-04-19T20:15:52+00:00,0.1135,clob_prices_history
62780808278969531638786026928407853049620076930842963388102875757599323764741,0x8329bdd734ac55ee38848a6730c8cf80a604441164038d60e6e0c2acb034986c,1776631554,2026-04-19T20:45:54+00:00,0.1135,clob_prices_history
62780808278969531638786026928407853049620076930842963388102875757599323764741,0x8329bdd734ac55ee38848a6730c8cf80a604441164038d60e6e0c2acb034986c,1776633350,2026-04-19T21:15:50+00:00,0.1135,clob_prices_history
62780808278969531638786026928407853049620076930842963388102875757599323764741,0x8329bdd734ac55ee38848a6730c8cf80a604441164038d60e6e0c2acb034986c,1776634201,2026-04-19T21:30:01+00:00,0.1135,clob_prices_history
62780808278969531638786026928407853049620076930842963388102875757599323764741,0x8329bdd734ac55ee38848a6730c8cf80a604441164038d60e6e0c2acb034986c,1776635153,2026-04-19T21:45:53+00:00,0.1135,clob_prices_history
62780808278969531638786026928407853049620076930842963388102875757599323764741,0x8329bdd734ac55ee38848a6730c8cf80a604441164038d60e6e0c2acb034986c,1776636955,2026-04-19T22:15:55+00:00,0.1135,clob_prices_history
62780808278969531638786026928407853049620076930842963388102875757599323764741,0x8329bdd734ac55ee38848a6730c8cf80a604441164038d60e6e0c2acb034986c,1776638755,2026-04-19T22:45:55+00:00,0.1135,clob_prices_history
62780808278969531638786026928407853049620076930842963388102875757599323764741,0x8329bdd734ac55ee38848a6730c8cf80a604441164038d60e6e0c2acb034986c,1776640550,2026-04-19T23:15:50+00:00,0.1135,clob_prices_history
62780808278969531638786026928407853049620076930842963388102875757599323764741,0x8329bdd734ac55ee38848a6730c8cf80a604441164038d60e6e0c2acb034986c,1776642355,2026-04-19T23:45:55+00:00,0.1135,clob_prices_history
62780808278969531638786026928407853049620076930842963388102875757599323764741,0x8329bdd734ac55ee38848a6730c8cf80a604441164038d60e6e0c2acb034986c,1776644155,2026-04-20T00:15:55+00:00,0.1135,clob_prices_history
62780808278969531638786026928407853049620076930842963388102875757599323764741,0x8329bdd734ac55ee38848a6730c8cf80a604441164038d60e6e0c2acb034986c,1776645949,2026-04-20T00:45:49+00:00,0.1135,clob_prices_history
62780808278969531638786026928407853049620076930842963388102875757599323764741,0x8329bdd734ac55ee38848a6730c8cf80a604441164038d60e6e0c2acb034986c,1776647752,2026-04-20T01:15:52+00:00,0.1135,clob_prices_history
62780808278969531638786026928407853049620076930842963388102875757599323764741,0x8329bdd734ac55ee38848a6730c8cf80a604441164038d60e6e0c2acb034986c,1776649547,2026-04-20T01:45:47+00:00,0.1135,clob_prices_history
62780808278969531638786026928407853049620076930842963388102875757599323764741,0x8329bdd734ac55ee38848a6730c8cf80a604441164038d60e6e0c2acb034986c,1776651349,2026-04-20T02:15:49+00:00,0.1135,clob_prices_history
62780808278969531638786026928407853049620076930842963388102875757599323764741,0x8329bdd734ac55ee38848a6730c8cf80a604441164038d60e6e0c2acb034986c,1776653157,2026-04-20T02:45:57+00:00,0.1135,clob_prices_history
62780808278969531638786026928407853049620076930842963388102875757599323764741,0x8329bdd734ac55ee38848a6730c8cf80a604441164038d60e6e0c2acb034986c,1776654949,2026-04-20T03:15:49+00:00,0.1135,clob_prices_history
62780808278969531638786026928407853049620076930842963388102875757599323764741,0x8329bdd734ac55ee38848a6730c8cf80a604441164038d60e6e0c2acb034986c,1776658554,2026-04-20T04:15:54+00:00,0.1135,clob_prices_history
62780808278969531638786026928407853049620076930842963388102875757599323764741,0x8329bdd734ac55ee38848a6730c8cf80a604441164038d60e6e0c2acb034986c,1776660350,2026-04-20T04:45:50+00:00,0.114,clob_prices_history
62780808278969531638786026928407853049620076930842963388102875757599323764741,0x8329bdd734ac55ee38848a6730c8cf80a604441164038d60e6e0c2acb034986c,1776661207,2026-04-20T05:00:07+00:00,0.114,clob_prices_history
62780808278969531638786026928407853049620076930842963388102875757599323764741,0x8329bdd734ac55ee38848a6730c8cf80a604441164038d60e6e0c2acb034986c,1776662150,2026-04-20T05:15:50+00:00,0.114,clob_prices_history
62780808278969531638786026928407853049620076930842963388102875757599323764741,0x8329bdd734ac55ee38848a6730c8cf80a604441164038d60e6e0c2acb034986c,1776663952,2026-04-20T05:45:52+00:00,0.114,clob_prices_history
62780808278969531638786026928407853049620076930842963388102875757599323764741,0x8329bdd734ac55ee38848a6730c8cf80a604441164038d60e6e0c2acb034986c,1776665752,2026-04-20T06:15:52+00:00,0.114,clob_prices_history
62780808278969531638786026928407853049620076930842963388102875757599323764741,0x8329bdd734ac55ee38848a6730c8cf80a604441164038d60e6e0c2acb034986c,1776666605,2026-04-20T06:30:05+00:00,0.114,clob_prices_history
62780808278969531638786026928407853049620076930842963388102875757599323764741,0x8329bdd734ac55ee38848a6730c8cf80a604441164038d60e6e0c2acb034986c,1776667503,2026-04-20T06:45:03+00:00,0.114,clob_prices_history
62780808278969531638786026928407853049620076930842963388102875757599323764741,0x8329bdd734ac55ee38848a6730c8cf80a604441164038d60e6e0c2acb034986c,1776669353,2026-04-20T07:15:53+00:00,0.114,clob_prices_history
62780808278969531638786026928407853049620076930842963388102875757599323764741,0x8329bdd734ac55ee38848a6730c8cf80a604441164038d60e6e0c2acb034986c,1776671101,2026-04-20T07:45:01+00:00,0.114,clob_prices_history
62780808278969531638786026928407853049620076930842963388102875757599323764741,0x8329bdd734ac55ee38848a6730c8cf80a604441164038d60e6e0c2acb034986c,1776672013,2026-04-20T08:00:13+00:00,0.114,clob_prices_history
62780808278969531638786026928407853049620076930842963388102875757599323764741,0x8329bdd734ac55ee38848a6730c8cf80a604441164038d60e6e0c2acb034986c,1776673820,2026-04-20T08:30:20+00:00,0.114,clob_prices_history
62780808278969531638786026928407853049620076930842963388102875757599323764741,0x8329bdd734ac55ee38848a6730c8cf80a604441164038d60e6e0c2acb034986c,1776674709,2026-04-20T08:45:09+00:00,0.1145,clob_prices_history
62780808278969531638786026928407853049620076930842963388102875757599323764741,0x8329bdd734ac55ee38848a6730c8cf80a604441164038d60e6e0c2acb034986c,1776676514,2026-04-20T09:15:14+00:00,0.1145,clob_prices_history
62780808278969531638786026928407853049620076930842963388102875757599323764741,0x8329bdd734ac55ee38848a6730c8cf80a604441164038d60e6e0c2acb034986c,1776677407,2026-04-20T09:30:07+00:00,0.1145,clob_prices_history
62780808278969531638786026928407853049620076930842963388102875757599323764741,0x8329bdd734ac55ee38848a6730c8cf80a604441164038d60e6e0c2acb034986c,1776679209,2026-04-20T10:00:09+00:00,0.1135,clob_prices_history
62780808278969531638786026928407853049620076930842963388102875757599323764741,0x8329bdd734ac55ee38848a6730c8cf80a604441164038d60e6e0c2acb034986c,1776680154,2026-04-20T10:15:54+00:00,0.1135,clob_prices_history
62780808278969531638786026928407853049620076930842963388102875757599323764741,0x8329bdd734ac55ee38848a6730c8cf80a604441164038d60e6e0c2acb034986c,1776682808,2026-04-20T11:00:08+00:00,0.1135,clob_prices_history
62780808278969531638786026928407853049620076930842963388102875757599323764741,0x8329bdd734ac55ee38848a6730c8cf80a604441164038d60e6e0c2acb034986c,1776690021,2026-04-20T13:00:21+00:00,0.1135,clob_prices_history
62780808278969531638786026928407853049620076930842963388102875757599323764741,0x8329bdd734ac55ee38848a6730c8cf80a604441164038d60e6e0c2acb034986c,1776691825,2026-04-20T13:30:25+00:00,0.1135,clob_prices_history
62780808278969531638786026928407853049620076930842963388102875757599323764741,0x8329bdd734ac55ee38848a6730c8cf80a604441164038d60e6e0c2acb034986c,1776692715,2026-04-20T13:45:15+00:00,0.1135,clob_prices_history
62780808278969531638786026928407853049620076930842963388102875757599323764741,0x8329bdd734ac55ee38848a6730c8cf80a604441164038d60e6e0c2acb034986c,1776693603,2026-04-20T14:00:03+00:00,0.1135,clob_prices_history
62780808278969531638786026928407853049620076930842963388102875757599323764741,0x8329bdd734ac55ee38848a6730c8cf80a604441164038d60e6e0c2acb034986c,1776694501,2026-04-20T14:15:01+00:00,0.1135,clob_prices_history
62780808278969531638786026928407853049620076930842963388102875757599323764741,0x8329bdd734ac55ee38848a6730c8cf80a604441164038d60e6e0c2acb034986c,1776703523,2026-04-20T16:45:23+00:00,0.1135,clob_prices_history
62780808278969531638786026928407853049620076930842963388102875757599323764741,0x8329bdd734ac55ee38848a6730c8cf80a604441164038d60e6e0c2acb034986c,1776704405,2026-04-20T17:00:05+00:00,0.1135,clob_prices_history
62780808278969531638786026928407853049620076930842963388102875757599323764741,0x8329bdd734ac55ee38848a6730c8cf80a604441164038d60e6e0c2acb034986c,1776707129,2026-04-20T17:45:29+00:00,0.1135,clob_prices_history
62780808278969531638786026928407853049620076930842963388102875757599323764741,0x8329bdd734ac55ee38848a6730c8cf80a604441164038d60e6e0c2acb034986c,1776708953,2026-04-20T18:15:53+00:00,0.1135,clob_prices_history
62780808278969531638786026928407853049620076930842963388102875757599323764741,0x8329bdd734ac55ee38848a6730c8cf80a604441164038d60e6e0c2acb034986c,1776710714,2026-04-20T18:45:14+00:00,0.1145,clob_prices_history
62780808278969531638786026928407853049620076930842963388102875757599323764741,0x8329bdd734ac55ee38848a6730c8cf80a604441164038d60e6e0c2acb034986c,1776711614,2026-04-20T19:00:14+00:00,0.1135,clob_prices_history
62780808278969531638786026928407853049620076930842963388102875757599323764741,0x8329bdd734ac55ee38848a6730c8cf80a604441164038d60e6e0c2acb034986c,1776712505,2026-04-20T19:15:05+00:00,0.1135,clob_prices_history
62780808278969531638786026928407853049620076930842963388102875757599323764741,0x8329bdd734ac55ee38848a6730c8cf80a604441164038d60e6e0c2acb034986c,1776713441,2026-04-20T19:30:41+00:00,0.1135,clob_prices_history
62780808278969531638786026928407853049620076930842963388102875757599323764741,0x8329bdd734ac55ee38848a6730c8cf80a604441164038d60e6e0c2acb034986c,1776714307,2026-04-20T19:45:07+00:00,0.1135,clob_prices_history
62780808278969531638786026928407853049620076930842963388102875757599323764741,0x8329bdd734ac55ee38848a6730c8cf80a604441164038d60e6e0c2acb034986c,1776716106,2026-04-20T20:15:06+00:00,0.1135,clob_prices_history
62780808278969531638786026928407853049620076930842963388102875757599323764741,0x8329bdd734ac55ee38848a6730c8cf80a604441164038d60e6e0c2acb034986c,1776717958,2026-04-20T20:45:58+00:00,0.1135,clob_prices_history
62780808278969531638786026928407853049620076930842963388102875757599323764741,0x8329bdd734ac55ee38848a6730c8cf80a604441164038d60e6e0c2acb034986c,1776718843,2026-04-20T21:00:43+00:00,0.1135,clob_prices_history
62780808278969531638786026928407853049620076930842963388102875757599323764741,0x8329bdd734ac55ee38848a6730c8cf80a604441164038d60e6e0c2acb034986c,1776719759,2026-04-20T21:15:59+00:00,0.1135,clob_prices_history
62780808278969531638786026928407853049620076930842963388102875757599323764741,0x8329bdd734ac55ee38848a6730c8cf80a604441164038d60e6e0c2acb034986c,1776720604,2026-04-20T21:30:04+00:00,0.1135,clob_prices_history
62780808278969531638786026928407853049620076930842963388102875757599323764741,0x8329bdd734ac55ee38848a6730c8cf80a604441164038d60e6e0c2acb034986c,1776721557,2026-04-20T21:45:57+00:00,0.1135,clob_prices_history
62780808278969531638786026928407853049620076930842963388102875757599323764741,0x8329bdd734ac55ee38848a6730c8cf80a604441164038d60e6e0c2acb034986c,1776723353,2026-04-20T22:15:53+00:00,0.1135,clob_prices_history
62780808278969531638786026928407853049620076930842963388102875757599323764741,0x8329bdd734ac55ee38848a6730c8cf80a604441164038d60e6e0c2acb034986c,1776724239,2026-04-20T22:30:39+00:00,0.1135,clob_prices_history
62780808278969531638786026928407853049620076930842963388102875757599323764741,0x8329bdd734ac55ee38848a6730c8cf80a604441164038d60e6e0c2acb034986c,1776726011,2026-04-20T23:00:11+00:00,0.1135,clob_prices_history
62780808278969531638786026928407853049620076930842963388102875757599323764741,0x8329bdd734ac55ee38848a6730c8cf80a604441164038d60e6e0c2acb034986c,1776728743,2026-04-20T23:45:43+00:00,0.1135,clob_prices_history
62780808278969531638786026928407853049620076930842963388102875757599323764741,0x8329bdd734ac55ee38848a6730c8cf80a604441164038d60e6e0c2acb034986c,1776730504,2026-04-21T00:15:04+00:00,0.1135,clob_prices_history
62780808278969531638786026928407853049620076930842963388102875757599323764741,0x8329bdd734ac55ee38848a6730c8cf80a604441164038d60e6e0c2acb034986c,1776731410,2026-04-21T00:30:10+00:00,0.1135,clob_prices_history
62780808278969531638786026928407853049620076930842963388102875757599323764741,0x8329bdd734ac55ee38848a6730c8cf80a604441164038d60e6e0c2acb034986c,1776734129,2026-04-21T01:15:29+00:00,0.1135,clob_prices_history
62780808278969531638786026928407853049620076930842963388102875757599323764741,0x8329bdd734ac55ee38848a6730c8cf80a604441164038d60e6e0c2acb034986c,1776736804,2026-04-21T02:00:04+00:00,0.1135,clob_prices_history
62780808278969531638786026928407853049620076930842963388102875757599323764741,0x8329bdd734ac55ee38848a6730c8cf80a604441164038d60e6e0c2acb034986c,1776737754,2026-04-21T02:15:54+00:00,0.1135,clob_prices_history
62780808278969531638786026928407853049620076930842963388102875757599323764741,0x8329bdd734ac55ee38848a6730c8cf80a604441164038d60e6e0c2acb034986c,1776738634,2026-04-21T02:30:34+00:00,0.1135,clob_prices_history
62780808278969531638786026928407853049620076930842963388102875757599323764741,0x8329bdd734ac55ee38848a6730c8cf80a604441164038d60e6e0c2acb034986c,1776739505,2026-04-21T02:45:05+00:00,0.1135,clob_prices_history
62780808278969531638786026928407853049620076930842963388102875757599323764741,0x8329bdd734ac55ee38848a6730c8cf80a604441164038d60e6e0c2acb034986c,1776741357,2026-04-21T03:15:57+00:00,0.1135,clob_prices_history
62780808278969531638786026928407853049620076930842963388102875757599323764741,0x8329bdd734ac55ee38848a6730c8cf80a604441164038d60e6e0c2acb034986c,1776743152,2026-04-21T03:45:52+00:00,0.1135,clob_prices_history
62780808278969531638786026928407853049620076930842963388102875757599323764741,0x8329bdd734ac55ee38848a6730c8cf80a604441164038d60e6e0c2acb034986c,1776746757,2026-04-21T04:45:57+00:00,0.1135,clob_prices_history
62780808278969531638786026928407853049620076930842963388102875757599323764741,0x8329bdd734ac55ee38848a6730c8cf80a604441164038d60e6e0c2acb034986c,1776748555,2026-04-21T05:15:55+00:00,0.1135,clob_prices_history
62780808278969531638786026928407853049620076930842963388102875757599323764741,0x8329bdd734ac55ee38848a6730c8cf80a604441164038d60e6e0c2acb034986c,1776750353,2026-04-21T05:45:53+00:00,0.114,clob_prices_history
62780808278969531638786026928407853049620076930842963388102875757599323764741,0x8329bdd734ac55ee38848a6730c8cf80a604441164038d60e6e0c2acb034986c,1776751232,2026-04-21T06:00:32+00:00,0.1135,clob_prices_history
62780808278969531638786026928407853049620076930842963388102875757599323764741,0x8329bdd734ac55ee38848a6730c8cf80a604441164038d60e6e0c2acb034986c,1776752155,2026-04-21T06:15:55+00:00,0.1135,clob_prices_history
62780808278969531638786026928407853049620076930842963388102875757599323764741,0x8329bdd734ac55ee38848a6730c8cf80a604441164038d60e6e0c2acb034986c,1776753955,2026-04-21T06:45:55+00:00,0.1135,clob_prices_history
62780808278969531638786026928407853049620076930842963388102875757599323764741,0x8329bdd734ac55ee38848a6730c8cf80a604441164038d60e6e0c2acb034986c,1776755753,2026-04-21T07:15:53+00:00,0.1135,clob_prices_history
62780808278969531638786026928407853049620076930842963388102875757599323764741,0x8329bdd734ac55ee38848a6730c8cf80a604441164038d60e6e0c2acb034986c,1776757557,2026-04-21T07:45:57+00:00,0.1135,clob_prices_history
62780808278969531638786026928407853049620076930842963388102875757599323764741,0x8329bdd734ac55ee38848a6730c8cf80a604441164038d60e6e0c2acb034986c,1776758436,2026-04-21T08:00:36+00:00,0.1145,clob_prices_history
62780808278969531638786026928407853049620076930842963388102875757599323764741,0x8329bdd734ac55ee38848a6730c8cf80a604441164038d60e6e0c2acb034986c,1776761159,2026-04-21T08:45:59+00:00,0.1135,clob_prices_history
62780808278969531638786026928407853049620076930842963388102875757599323764741,0x8329bdd734ac55ee38848a6730c8cf80a604441164038d60e6e0c2acb034986c,1776762956,2026-04-21T09:15:56+00:00,0.1135,clob_prices_history
62780808278969531638786026928407853049620076930842963388102875757599323764741,0x8329bdd734ac55ee38848a6730c8cf80a604441164038d60e6e0c2acb034986c,1776763817,2026-04-21T09:30:17+00:00,0.1135,clob_prices_history
62780808278969531638786026928407853049620076930842963388102875757599323764741,0x8329bdd734ac55ee38848a6730c8cf80a604441164038d60e6e0c2acb034986c,1776764729,2026-04-21T09:45:29+00:00,0.1135,clob_prices_history
62780808278969531638786026928407853049620076930842963388102875757599323764741,0x8329bdd734ac55ee38848a6730c8cf80a604441164038d60e6e0c2acb034986c,1776765649,2026-04-21T10:00:49+00:00,0.1135,clob_prices_history
62780808278969531638786026928407853049620076930842963388102875757599323764741,0x8329bdd734ac55ee38848a6730c8cf80a604441164038d60e6e0c2acb034986c,1776766521,2026-04-21T10:15:21+00:00,0.1145,clob_prices_history
62780808278969531638786026928407853049620076930842963388102875757599323764741,0x8329bdd734ac55ee38848a6730c8cf80a604441164038d60e6e0c2acb034986c,1776767445,2026-04-21T10:30:45+00:00,0.1145,clob_prices_history
62780808278969531638786026928407853049620076930842963388102875757599323764741,0x8329bdd734ac55ee38848a6730c8cf80a604441164038d60e6e0c2acb034986c,1776768315,2026-04-21T10:45:15+00:00,0.1145,clob_prices_history
62780808278969531638786026928407853049620076930842963388102875757599323764741,0x8329bdd734ac55ee38848a6730c8cf80a604441164038d60e6e0c2acb034986c,1776770126,2026-04-21T11:15:26+00:00,0.1135,clob_prices_history
62780808278969531638786026928407853049620076930842963388102875757599323764741,0x8329bdd734ac55ee38848a6730c8cf80a604441164038d60e6e0c2acb034986c,1776771953,2026-04-21T11:45:53+00:00,0.1135,clob_prices_history
62780808278969531638786026928407853049620076930842963388102875757599323764741,0x8329bdd734ac55ee38848a6730c8cf80a604441164038d60e6e0c2acb034986c,1776773714,2026-04-21T12:15:14+00:00,0.1135,clob_prices_history
62780808278969531638786026928407853049620076930842963388102875757599323764741,0x8329bdd734ac55ee38848a6730c8cf80a604441164038d60e6e0c2acb034986c,1776775502,2026-04-21T12:45:02+00:00,0.1135,clob_prices_history
62780808278969531638786026928407853049620076930842963388102875757599323764741,0x8329bdd734ac55ee38848a6730c8cf80a604441164038d60e6e0c2acb034986c,1776776403,2026-04-21T13:00:03+00:00,0.1135,clob_prices_history
62780808278969531638786026928407853049620076930842963388102875757599323764741,0x8329bdd734ac55ee38848a6730c8cf80a604441164038d60e6e0c2acb034986c,1776777319,2026-04-21T13:15:19+00:00,0.1135,clob_prices_history
62780808278969531638786026928407853049620076930842963388102875757599323764741,0x8329bdd734ac55ee38848a6730c8cf80a604441164038d60e6e0c2acb034986c,1776778231,2026-04-21T13:30:31+00:00,0.1135,clob_prices_history
62780808278969531638786026928407853049620076930842963388102875757599323764741,0x8329bdd734ac55ee38848a6730c8cf80a604441164038d60e6e0c2acb034986c,1776779100,2026-04-21T13:45:00+00:00,0.1135,clob_prices_history
62780808278969531638786026928407853049620076930842963388102875757599323764741,0x8329bdd734ac55ee38848a6730c8cf80a604441164038d60e6e0c2acb034986c,1776780051,2026-04-21T14:00:51+00:00,0.1135,clob_prices_history
62780808278969531638786026928407853049620076930842963388102875757599323764741,0x8329bdd734ac55ee38848a6730c8cf80a604441164038d60e6e0c2acb034986c,1776780954,2026-04-21T14:15:54+00:00,0.1135,clob_prices_history
62780808278969531638786026928407853049620076930842963388102875757599323764741,0x8329bdd734ac55ee38848a6730c8cf80a604441164038d60e6e0c2acb034986c,1776781821,2026-04-21T14:30:21+00:00,0.1135,clob_prices_history
62780808278969531638786026928407853049620076930842963388102875757599323764741,0x8329bdd734ac55ee38848a6730c8cf80a604441164038d60e6e0c2acb034986c,1776784531,2026-04-21T15:15:31+00:00,0.1135,clob_prices_history
62780808278969531638786026928407853049620076930842963388102875757599323764741,0x8329bdd734ac55ee38848a6730c8cf80a604441164038d60e6e0c2acb034986c,1776785445,2026-04-21T15:30:45+00:00,0.1135,clob_prices_history
62780808278969531638786026928407853049620076930842963388102875757599323764741,0x8329bdd734ac55ee38848a6730c8cf80a604441164038d60e6e0c2acb034986c,1776786307,2026-04-21T15:45:07+00:00,0.1135,clob_prices_history
62780808278969531638786026928407853049620076930842963388102875757599323764741,0x8329bdd734ac55ee38848a6730c8cf80a604441164038d60e6e0c2acb034986c,1776788140,2026-04-21T16:15:40+00:00,0.1135,clob_prices_history
62780808278969531638786026928407853049620076930842963388102875757599323764741,0x8329bdd734ac55ee38848a6730c8cf80a604441164038d60e6e0c2acb034986c,1776789017,2026-04-21T16:30:17+00:00,0.1135,clob_prices_history
62780808278969531638786026928407853049620076930842963388102875757599323764741,0x8329bdd734ac55ee38848a6730c8cf80a604441164038d60e6e0c2acb034986c,1776789933,2026-04-21T16:45:33+00:00,0.1135,clob_prices_history
62780808278969531638786026928407853049620076930842963388102875757599323764741,0x8329bdd734ac55ee38848a6730c8cf80a604441164038d60e6e0c2acb034986c,1776790842,2026-04-21T17:00:42+00:00,0.1135,clob_prices_history
62780808278969531638786026928407853049620076930842963388102875757599323764741,0x8329bdd734ac55ee38848a6730c8cf80a604441164038d60e6e0c2acb034986c,1776793536,2026-04-21T17:45:36+00:00,0.1135,clob_prices_history
62780808278969531638786026928407853049620076930842963388102875757599323764741,0x8329bdd734ac55ee38848a6730c8cf80a604441164038d60e6e0c2acb034986c,1776795327,2026-04-21T18:15:27+00:00,0.1135,clob_prices_history
62780808278969531638786026928407853049620076930842963388102875757599323764741,0x8329bdd734ac55ee38848a6730c8cf80a604441164038d60e6e0c2acb034986c,1776796222,2026-04-21T18:30:22+00:00,0.1135,clob_prices_history
62780808278969531638786026928407853049620076930842963388102875757599323764741,0x8329bdd734ac55ee38848a6730c8cf80a604441164038d60e6e0c2acb034986c,1776797135,2026-04-21T18:45:35+00:00,0.1135,clob_prices_history
62780808278969531638786026928407853049620076930842963388102875757599323764741,0x8329bdd734ac55ee38848a6730c8cf80a604441164038d60e6e0c2acb034986c,1776798920,2026-04-21T19:15:20+00:00,0.1135,clob_prices_history
62780808278969531638786026928407853049620076930842963388102875757599323764741,0x8329bdd734ac55ee38848a6730c8cf80a604441164038d60e6e0c2acb034986c,1776799814,2026-04-21T19:30:14+00:00,0.1135,clob_prices_history
62780808278969531638786026928407853049620076930842963388102875757599323764741,0x8329bdd734ac55ee38848a6730c8cf80a604441164038d60e6e0c2acb034986c,1776800745,2026-04-21T19:45:45+00:00,0.1135,clob_prices_history
62780808278969531638786026928407853049620076930842963388102875757599323764741,0x8329bdd734ac55ee38848a6730c8cf80a604441164038d60e6e0c2acb034986c,1776801635,2026-04-21T20:00:35+00:00,0.1135,clob_prices_history
62780808278969531638786026928407853049620076930842963388102875757599323764741,0x8329bdd734ac55ee38848a6730c8cf80a604441164038d60e6e0c2acb034986c,1776802521,2026-04-21T20:15:21+00:00,0.1125,clob_prices_history
62780808278969531638786026928407853049620076930842963388102875757599323764741,0x8329bdd734ac55ee38848a6730c8cf80a604441164038d60e6e0c2acb034986c,1776803422,2026-04-21T20:30:22+00:00,0.1125,clob_prices_history
62780808278969531638786026928407853049620076930842963388102875757599323764741,0x8329bdd734ac55ee38848a6730c8cf80a604441164038d60e6e0c2acb034986c,1776804327,2026-04-21T20:45:27+00:00,0.1125,clob_prices_history
62780808278969531638786026928407853049620076930842963388102875757599323764741,0x8329bdd734ac55ee38848a6730c8cf80a604441164038d60e6e0c2acb034986c,1776805247,2026-04-21T21:00:47+00:00,0.1125,clob_prices_history
62780808278969531638786026928407853049620076930842963388102875757599323764741,0x8329bdd734ac55ee38848a6730c8cf80a604441164038d60e6e0c2acb034986c,1776806137,2026-04-21T21:15:37+00:00,0.1125,clob_prices_history
62780808278969531638786026928407853049620076930842963388102875757599323764741,0x8329bdd734ac55ee38848a6730c8cf80a604441164038d60e6e0c2acb034986c,1776807928,2026-04-21T21:45:28+00:00,0.1125,clob_prices_history
62780808278969531638786026928407853049620076930842963388102875757599323764741,0x8329bdd734ac55ee38848a6730c8cf80a604441164038d60e6e0c2acb034986c,1776809715,2026-04-21T22:15:15+00:00,0.1125,clob_prices_history
62780808278969531638786026928407853049620076930842963388102875757599323764741,0x8329bdd734ac55ee38848a6730c8cf80a604441164038d60e6e0c2acb034986c,1776810655,2026-04-21T22:30:55+00:00,0.1125,clob_prices_history
62780808278969531638786026928407853049620076930842963388102875757599323764741,0x8329bdd734ac55ee38848a6730c8cf80a604441164038d60e6e0c2acb034986c,1776811549,2026-04-21T22:45:49+00:00,0.1125,clob_prices_history
62780808278969531638786026928407853049620076930842963388102875757599323764741,0x8329bdd734ac55ee38848a6730c8cf80a604441164038d60e6e0c2acb034986c,1776812446,2026-04-21T23:00:46+00:00,0.1125,clob_prices_history
62780808278969531638786026928407853049620076930842963388102875757599323764741,0x8329bdd734ac55ee38848a6730c8cf80a604441164038d60e6e0c2acb034986c,1776813305,2026-04-21T23:15:05+00:00,0.1125,clob_prices_history
62780808278969531638786026928407853049620076930842963388102875757599323764741,0x8329bdd734ac55ee38848a6730c8cf80a604441164038d60e6e0c2acb034986c,1776814210,2026-04-21T23:30:10+00:00,0.1125,clob_prices_history
62780808278969531638786026928407853049620076930842963388102875757599323764741,0x8329bdd734ac55ee38848a6730c8cf80a604441164038d60e6e0c2acb034986c,1776815105,2026-04-21T23:45:05+00:00,0.1125,clob_prices_history
62780808278969531638786026928407853049620076930842963388102875757599323764741,0x8329bdd734ac55ee38848a6730c8cf80a604441164038d60e6e0c2acb034986c,1776816017,2026-04-22T00:00:17+00:00,0.1125,clob_prices_history
62780808278969531638786026928407853049620076930842963388102875757599323764741,0x8329bdd734ac55ee38848a6730c8cf80a604441164038d60e6e0c2acb034986c,1776816907,2026-04-22T00:15:07+00:00,0.1125,clob_prices_history
62780808278969531638786026928407853049620076930842963388102875757599323764741,0x8329bdd734ac55ee38848a6730c8cf80a604441164038d60e6e0c2acb034986c,1776817807,2026-04-22T00:30:07+00:00,0.1125,clob_prices_history
62780808278969531638786026928407853049620076930842963388102875757599323764741,0x8329bdd734ac55ee38848a6730c8cf80a604441164038d60e6e0c2acb034986c,1776818708,2026-04-22T00:45:08+00:00,0.1125,clob_prices_history
62780808278969531638786026928407853049620076930842963388102875757599323764741,0x8329bdd734ac55ee38848a6730c8cf80a604441164038d60e6e0c2acb034986c,1776819608,2026-04-22T01:00:08+00:00,0.1125,clob_prices_history
62780808278969531638786026928407853049620076930842963388102875757599323764741,0x8329bdd734ac55ee38848a6730c8cf80a604441164038d60e6e0c2acb034986c,1776820509,2026-04-22T01:15:09+00:00,0.1125,clob_prices_history
62780808278969531638786026928407853049620076930842963388102875757599323764741,0x8329bdd734ac55ee38848a6730c8cf80a604441164038d60e6e0c2acb034986c,1776821408,2026-04-22T01:30:08+00:00,0.1125,clob_prices_history
62780808278969531638786026928407853049620076930842963388102875757599323764741,0x8329bdd734ac55ee38848a6730c8cf80a604441164038d60e6e0c2acb034986c,1776822309,2026-04-22T01:45:09+00:00,0.1135,clob_prices_history
62780808278969531638786026928407853049620076930842963388102875757599323764741,0x8329bdd734ac55ee38848a6730c8cf80a604441164038d60e6e0c2acb034986c,1776823215,2026-04-22T02:00:15+00:00,0.1125,clob_prices_history
62780808278969531638786026928407853049620076930842963388102875757599323764741,0x8329bdd734ac55ee38848a6730c8cf80a604441164038d60e6e0c2acb034986c,1776824106,2026-04-22T02:15:06+00:00,0.1125,clob_prices_history
62780808278969531638786026928407853049620076930842963388102875757599323764741,0x8329bdd734ac55ee38848a6730c8cf80a604441164038d60e6e0c2acb034986c,1776825009,2026-04-22T02:30:09+00:00,0.1125,clob_prices_history
62780808278969531638786026928407853049620076930842963388102875757599323764741,0x8329bdd734ac55ee38848a6730c8cf80a604441164038d60e6e0c2acb034986c,1776825904,2026-04-22T02:45:04+00:00,0.1125,clob_prices_history
62780808278969531638786026928407853049620076930842963388102875757599323764741,0x8329bdd734ac55ee38848a6730c8cf80a604441164038d60e6e0c2acb034986c,1776826808,2026-04-22T03:00:08+00:00,0.1125,clob_prices_history
62780808278969531638786026928407853049620076930842963388102875757599323764741,0x8329bdd734ac55ee38848a6730c8cf80a604441164038d60e6e0c2acb034986c,1776827709,2026-04-22T03:15:09+00:00,0.1125,clob_prices_history
62780808278969531638786026928407853049620076930842963388102875757599323764741,0x8329bdd734ac55ee38848a6730c8cf80a604441164038d60e6e0c2acb034986c,1776828610,2026-04-22T03:30:10+00:00,0.1125,clob_prices_history
62780808278969531638786026928407853049620076930842963388102875757599323764741,0x8329bdd734ac55ee38848a6730c8cf80a604441164038d60e6e0c2acb034986c,1776829509,2026-04-22T03:45:09+00:00,0.1125,clob_prices_history
62780808278969531638786026928407853049620076930842963388102875757599323764741,0x8329bdd734ac55ee38848a6730c8cf80a604441164038d60e6e0c2acb034986c,1776830409,2026-04-22T04:00:09+00:00,0.1125,clob_prices_history
62780808278969531638786026928407853049620076930842963388102875757599323764741,0x8329bdd734ac55ee38848a6730c8cf80a604441164038d60e6e0c2acb034986c,1776831305,2026-04-22T04:15:05+00:00,0.1125,clob_prices_history
62780808278969531638786026928407853049620076930842963388102875757599323764741,0x8329bdd734ac55ee38848a6730c8cf80a604441164038d60e6e0c2acb034986c,1776832209,2026-04-22T04:30:09+00:00,0.1125,clob_prices_history
62780808278969531638786026928407853049620076930842963388102875757599323764741,0x8329bdd734ac55ee38848a6730c8cf80a604441164038d60e6e0c2acb034986c,1776833105,2026-04-22T04:45:05+00:00,0.1125,clob_prices_history
62780808278969531638786026928407853049620076930842963388102875757599323764741,0x8329bdd734ac55ee38848a6730c8cf80a604441164038d60e6e0c2acb034986c,1776834010,2026-04-22T05:00:10+00:00,0.1125,clob_prices_history
62780808278969531638786026928407853049620076930842963388102875757599323764741,0x8329bdd734ac55ee38848a6730c8cf80a604441164038d60e6e0c2acb034986c,1776834907,2026-04-22T05:15:07+00:00,0.1125,clob_prices_history
62780808278969531638786026928407853049620076930842963388102875757599323764741,0x8329bdd734ac55ee38848a6730c8cf80a604441164038d60e6e0c2acb034986c,1776835811,2026-04-22T05:30:11+00:00,0.1125,clob_prices_history
62780808278969531638786026928407853049620076930842963388102875757599323764741,0x8329bdd734ac55ee38848a6730c8cf80a604441164038d60e6e0c2acb034986c,1776836708,2026-04-22T05:45:08+00:00,0.1125,clob_prices_history
62780808278969531638786026928407853049620076930842963388102875757599323764741,0x8329bdd734ac55ee38848a6730c8cf80a604441164038d60e6e0c2acb034986c,1776837613,2026-04-22T06:00:13+00:00,0.1125,clob_prices_history
62780808278969531638786026928407853049620076930842963388102875757599323764741,0x8329bdd734ac55ee38848a6730c8cf80a604441164038d60e6e0c2acb034986c,1776838507,2026-04-22T06:15:07+00:00,0.1125,clob_prices_history
62780808278969531638786026928407853049620076930842963388102875757599323764741,0x8329bdd734ac55ee38848a6730c8cf80a604441164038d60e6e0c2acb034986c,1776839408,2026-04-22T06:30:08+00:00,0.1125,clob_prices_history
62780808278969531638786026928407853049620076930842963388102875757599323764741,0x8329bdd734ac55ee38848a6730c8cf80a604441164038d60e6e0c2acb034986c,1776840307,2026-04-22T06:45:07+00:00,0.1125,clob_prices_history
62780808278969531638786026928407853049620076930842963388102875757599323764741,0x8329bdd734ac55ee38848a6730c8cf80a604441164038d60e6e0c2acb034986c,1776841209,2026-04-22T07:00:09+00:00,0.1125,clob_prices_history
62780808278969531638786026928407853049620076930842963388102875757599323764741,0x8329bdd734ac55ee38848a6730c8cf80a604441164038d60e6e0c2acb034986c,1776842105,2026-04-22T07:15:05+00:00,0.1125,clob_prices_history
62780808278969531638786026928407853049620076930842963388102875757599323764741,0x8329bdd734ac55ee38848a6730c8cf80a604441164038d60e6e0c2acb034986c,1776843010,2026-04-22T07:30:10+00:00,0.1125,clob_prices_history
62780808278969531638786026928407853049620076930842963388102875757599323764741,0x8329bdd734ac55ee38848a6730c8cf80a604441164038d60e6e0c2acb034986c,1776843906,2026-04-22T07:45:06+00:00,0.1125,clob_prices_history
62780808278969531638786026928407853049620076930842963388102875757599323764741,0x8329bdd734ac55ee38848a6730c8cf80a604441164038d60e6e0c2acb034986c,1776844807,2026-04-22T08:00:07+00:00,0.1125,clob_prices_history
62780808278969531638786026928407853049620076930842963388102875757599323764741,0x8329bdd734ac55ee38848a6730c8cf80a604441164038d60e6e0c2acb034986c,1776845705,2026-04-22T08:15:05+00:00,0.1125,clob_prices_history
62780808278969531638786026928407853049620076930842963388102875757599323764741,0x8329bdd734ac55ee38848a6730c8cf80a604441164038d60e6e0c2acb034986c,1776846608,2026-04-22T08:30:08+00:00,0.1125,clob_prices_history
62780808278969531638786026928407853049620076930842963388102875757599323764741,0x8329bdd734ac55ee38848a6730c8cf80a604441164038d60e6e0c2acb034986c,1776847506,2026-04-22T08:45:06+00:00,0.1125,clob_prices_history
62780808278969531638786026928407853049620076930842963388102875757599323764741,0x8329bdd734ac55ee38848a6730c8cf80a604441164038d60e6e0c2acb034986c,1776848409,2026-04-22T09:00:09+00:00,0.1125,clob_prices_history
62780808278969531638786026928407853049620076930842963388102875757599323764741,0x8329bdd734ac55ee38848a6730c8cf80a604441164038d60e6e0c2acb034986c,1776849313,2026-04-22T09:15:13+00:00,0.1125,clob_prices_history
62780808278969531638786026928407853049620076930842963388102875757599323764741,0x8329bdd734ac55ee38848a6730c8cf80a604441164038d60e6e0c2acb034986c,1776850209,2026-04-22T09:30:09+00:00,0.1125,clob_prices_history
62780808278969531638786026928407853049620076930842963388102875757599323764741,0x8329bdd734ac55ee38848a6730c8cf80a604441164038d60e6e0c2acb034986c,1776851108,2026-04-22T09:45:08+00:00,0.1125,clob_prices_history
62780808278969531638786026928407853049620076930842963388102875757599323764741,0x8329bdd734ac55ee38848a6730c8cf80a604441164038d60e6e0c2acb034986c,1776852008,2026-04-22T10:00:08+00:00,0.1125,clob_prices_history
62780808278969531638786026928407853049620076930842963388102875757599323764741,0x8329bdd734ac55ee38848a6730c8cf80a604441164038d60e6e0c2acb034986c,1776852907,2026-04-22T10:15:07+00:00,0.1125,clob_prices_history
62780808278969531638786026928407853049620076930842963388102875757599323764741,0x8329bdd734ac55ee38848a6730c8cf80a604441164038d60e6e0c2acb034986c,1776853811,2026-04-22T10:30:11+00:00,0.1125,clob_prices_history
62780808278969531638786026928407853049620076930842963388102875757599323764741,0x8329bdd734ac55ee38848a6730c8cf80a604441164038d60e6e0c2acb034986c,1776854706,2026-04-22T10:45:06+00:00,0.1125,clob_prices_history
62780808278969531638786026928407853049620076930842963388102875757599323764741,0x8329bdd734ac55ee38848a6730c8cf80a604441164038d60e6e0c2acb034986c,1776855611,2026-04-22T11:00:11+00:00,0.1125,clob_prices_history
62780808278969531638786026928407853049620076930842963388102875757599323764741,0x8329bdd734ac55ee38848a6730c8cf80a604441164038d60e6e0c2acb034986c,1776856506,2026-04-22T11:15:06+00:00,0.1125,clob_prices_history
62780808278969531638786026928407853049620076930842963388102875757599323764741,0x8329bdd734ac55ee38848a6730c8cf80a604441164038d60e6e0c2acb034986c,1776857410,2026-04-22T11:30:10+00:00,0.1125,clob_prices_history
62780808278969531638786026928407853049620076930842963388102875757599323764741,0x8329bdd734ac55ee38848a6730c8cf80a604441164038d60e6e0c2acb034986c,1776858306,2026-04-22T11:45:06+00:00,0.1125,clob_prices_history
62780808278969531638786026928407853049620076930842963388102875757599323764741,0x8329bdd734ac55ee38848a6730c8cf80a604441164038d60e6e0c2acb034986c,1776859215,2026-04-22T12:00:15+00:00,0.1125,clob_prices_history
62780808278969531638786026928407853049620076930842963388102875757599323764741,0x8329bdd734ac55ee38848a6730c8cf80a604441164038d60e6e0c2acb034986c,1776860105,2026-04-22T12:15:05+00:00,0.1125,clob_prices_history
62780808278969531638786026928407853049620076930842963388102875757599323764741,0x8329bdd734ac55ee38848a6730c8cf80a604441164038d60e6e0c2acb034986c,1776861010,2026-04-22T12:30:10+00:00,0.1125,clob_prices_history
62780808278969531638786026928407853049620076930842963388102875757599323764741,0x8329bdd734ac55ee38848a6730c8cf80a604441164038d60e6e0c2acb034986c,1776861907,2026-04-22T12:45:07+00:00,0.1125,clob_prices_history
62780808278969531638786026928407853049620076930842963388102875757599323764741,0x8329bdd734ac55ee38848a6730c8cf80a604441164038d60e6e0c2acb034986c,1776862809,2026-04-22T13:00:09+00:00,0.1125,clob_prices_history
62780808278969531638786026928407853049620076930842963388102875757599323764741,0x8329bdd734ac55ee38848a6730c8cf80a604441164038d60e6e0c2acb034986c,1776863708,2026-04-22T13:15:08+00:00,0.1125,clob_prices_history
62780808278969531638786026928407853049620076930842963388102875757599323764741,0x8329bdd734ac55ee38848a6730c8cf80a604441164038d60e6e0c2acb034986c,1776864613,2026-04-22T13:30:13+00:00,0.1125,clob_prices_history
62780808278969531638786026928407853049620076930842963388102875757599323764741,0x8329bdd734ac55ee38848a6730c8cf80a604441164038d60e6e0c2acb034986c,1776865512,2026-04-22T13:45:12+00:00,0.1125,clob_prices_history
62780808278969531638786026928407853049620076930842963388102875757599323764741,0x8329bdd734ac55ee38848a6730c8cf80a604441164038d60e6e0c2acb034986c,1776866411,2026-04-22T14:00:11+00:00,0.343,clob_prices_history
62780808278969531638786026928407853049620076930842963388102875757599323764741,0x8329bdd734ac55ee38848a6730c8cf80a604441164038d60e6e0c2acb034986c,1776867309,2026-04-22T14:15:09+00:00,0.343,clob_prices_history
62780808278969531638786026928407853049620076930842963388102875757599323764741,0x8329bdd734ac55ee38848a6730c8cf80a604441164038d60e6e0c2acb034986c,1776868209,2026-04-22T14:30:09+00:00,0.33,clob_prices_history
62780808278969531638786026928407853049620076930842963388102875757599323764741,0x8329bdd734ac55ee38848a6730c8cf80a604441164038d60e6e0c2acb034986c,1776869106,2026-04-22T14:45:06+00:00,0.114,clob_prices_history
62780808278969531638786026928407853049620076930842963388102875757599323764741,0x8329bdd734ac55ee38848a6730c8cf80a604441164038d60e6e0c2acb034986c,1776870019,2026-04-22T15:00:19+00:00,0.1415,clob_prices_history
62780808278969531638786026928407853049620076930842963388102875757599323764741,0x8329bdd734ac55ee38848a6730c8cf80a604441164038d60e6e0c2acb034986c,1776870910,2026-04-22T15:15:10+00:00,0.1415,clob_prices_history
62780808278969531638786026928407853049620076930842963388102875757599323764741,0x8329bdd734ac55ee38848a6730c8cf80a604441164038d60e6e0c2acb034986c,1776871810,2026-04-22T15:30:10+00:00,0.1415,clob_prices_history
62780808278969531638786026928407853049620076930842963388102875757599323764741,0x8329bdd734ac55ee38848a6730c8cf80a604441164038d60e6e0c2acb034986c,1776872708,2026-04-22T15:45:08+00:00,0.1415,clob_prices_history
62780808278969531638786026928407853049620076930842963388102875757599323764741,0x8329bdd734ac55ee38848a6730c8cf80a604441164038d60e6e0c2acb034986c,1776873611,2026-04-22T16:00:11+00:00,0.1385,clob_prices_history
62780808278969531638786026928407853049620076930842963388102875757599323764741,0x8329bdd734ac55ee38848a6730c8cf80a604441164038d60e6e0c2acb034986c,1776874506,2026-04-22T16:15:06+00:00,0.1395,clob_prices_history
62780808278969531638786026928407853049620076930842963388102875757599323764741,0x8329bdd734ac55ee38848a6730c8cf80a604441164038d60e6e0c2acb034986c,1776875420,2026-04-22T16:30:20+00:00,0.126,clob_prices_history
62780808278969531638786026928407853049620076930842963388102875757599323764741,0x8329bdd734ac55ee38848a6730c8cf80a604441164038d60e6e0c2acb034986c,1776876308,2026-04-22T16:45:08+00:00,0.126,clob_prices_history
62780808278969531638786026928407853049620076930842963388102875757599323764741,0x8329bdd734ac55ee38848a6730c8cf80a604441164038d60e6e0c2acb034986c,1776877220,2026-04-22T17:00:20+00:00,0.126,clob_prices_history
62780808278969531638786026928407853049620076930842963388102875757599323764741,0x8329bdd734ac55ee38848a6730c8cf80a604441164038d60e6e0c2acb034986c,1776878107,2026-04-22T17:15:07+00:00,0.126,clob_prices_history
62780808278969531638786026928407853049620076930842963388102875757599323764741,0x8329bdd734ac55ee38848a6730c8cf80a604441164038d60e6e0c2acb034986c,1776879014,2026-04-22T17:30:14+00:00,0.126,clob_prices_history
62780808278969531638786026928407853049620076930842963388102875757599323764741,0x8329bdd734ac55ee38848a6730c8cf80a604441164038d60e6e0c2acb034986c,1776879907,2026-04-22T17:45:07+00:00,0.1255,clob_prices_history
62780808278969531638786026928407853049620076930842963388102875757599323764741,0x8329bdd734ac55ee38848a6730c8cf80a604441164038d60e6e0c2acb034986c,1776880816,2026-04-22T18:00:16+00:00,0.1255,clob_prices_history
62780808278969531638786026928407853049620076930842963388102875757599323764741,0x8329bdd734ac55ee38848a6730c8cf80a604441164038d60e6e0c2acb034986c,1776881707,2026-04-22T18:15:07+00:00,0.1255,clob_prices_history
62780808278969531638786026928407853049620076930842963388102875757599323764741,0x8329bdd734ac55ee38848a6730c8cf80a604441164038d60e6e0c2acb034986c,1776882610,2026-04-22T18:30:10+00:00,0.1255,clob_prices_history
62780808278969531638786026928407853049620076930842963388102875757599323764741,0x8329bdd734ac55ee38848a6730c8cf80a604441164038d60e6e0c2acb034986c,1776883505,2026-04-22T18:45:05+00:00,0.143,clob_prices_history
62780808278969531638786026928407853049620076930842963388102875757599323764741,0x8329bdd734ac55ee38848a6730c8cf80a604441164038d60e6e0c2acb034986c,1776884410,2026-04-22T19:00:10+00:00,0.1395,clob_prices_history
62780808278969531638786026928407853049620076930842963388102875757599323764741,0x8329bdd734ac55ee38848a6730c8cf80a604441164038d60e6e0c2acb034986c,1776885305,2026-04-22T19:15:05+00:00,0.1395,clob_prices_history
62780808278969531638786026928407853049620076930842963388102875757599323764741,0x8329bdd734ac55ee38848a6730c8cf80a604441164038d60e6e0c2acb034986c,1776886209,2026-04-22T19:30:09+00:00,0.14,clob_prices_history
62780808278969531638786026928407853049620076930842963388102875757599323764741,0x8329bdd734ac55ee38848a6730c8cf80a604441164038d60e6e0c2acb034986c,1776887108,2026-04-22T19:45:08+00:00,0.1395,clob_prices_history
62780808278969531638786026928407853049620076930842963388102875757599323764741,0x8329bdd734ac55ee38848a6730c8cf80a604441164038d60e6e0c2acb034986c,1776888010,2026-04-22T20:00:10+00:00,0.1395,clob_prices_history
62780808278969531638786026928407853049620076930842963388102875757599323764741,0x8329bdd734ac55ee38848a6730c8cf80a604441164038d60e6e0c2acb034986c,1776888910,2026-04-22T20:15:10+00:00,0.149,clob_prices_history
62780808278969531638786026928407853049620076930842963388102875757599323764741,0x8329bdd734ac55ee38848a6730c8cf80a604441164038d60e6e0c2acb034986c,1776889809,2026-04-22T20:30:09+00:00,0.1485,clob_prices_history
62780808278969531638786026928407853049620076930842963388102875757599323764741,0x8329bdd734ac55ee38848a6730c8cf80a604441164038d60e6e0c2acb034986c,1776890706,2026-04-22T20:45:06+00:00,0.149,clob_prices_history
62780808278969531638786026928407853049620076930842963388102875757599323764741,0x8329bdd734ac55ee38848a6730c8cf80a604441164038d60e6e0c2acb034986c,1776891613,2026-04-22T21:00:13+00:00,0.13,clob_prices_history
62780808278969531638786026928407853049620076930842963388102875757599323764741,0x8329bdd734ac55ee38848a6730c8cf80a604441164038d60e6e0c2acb034986c,1776892505,2026-04-22T21:15:05+00:00,0.129,clob_prices_history
62780808278969531638786026928407853049620076930842963388102875757599323764741,0x8329bdd734ac55ee38848a6730c8cf80a604441164038d60e6e0c2acb034986c,1776893410,2026-04-22T21:30:10+00:00,0.129,clob_prices_history
62780808278969531638786026928407853049620076930842963388102875757599323764741,0x8329bdd734ac55ee38848a6730c8cf80a604441164038d60e6e0c2acb034986c,1776894306,2026-04-22T21:45:06+00:00,0.129,clob_prices_history
62780808278969531638786026928407853049620076930842963388102875757599323764741,0x8329bdd734ac55ee38848a6730c8cf80a604441164038d60e6e0c2acb034986c,1776895212,2026-04-22T22:00:12+00:00,0.131,clob_prices_history
62780808278969531638786026928407853049620076930842963388102875757599323764741,0x8329bdd734ac55ee38848a6730c8cf80a604441164038d60e6e0c2acb034986c,1776896105,2026-04-22T22:15:05+00:00,0.1315,clob_prices_history
62780808278969531638786026928407853049620076930842963388102875757599323764741,0x8329bdd734ac55ee38848a6730c8cf80a604441164038d60e6e0c2acb034986c,1776897010,2026-04-22T22:30:10+00:00,0.1315,clob_prices_history
62780808278969531638786026928407853049620076930842963388102875757599323764741,0x8329bdd734ac55ee38848a6730c8cf80a604441164038d60e6e0c2acb034986c,1776897909,2026-04-22T22:45:09+00:00,0.1315,clob_prices_history
62780808278969531638786026928407853049620076930842963388102875757599323764741,0x8329bdd734ac55ee38848a6730c8cf80a604441164038d60e6e0c2acb034986c,1776898821,2026-04-22T23:00:21+00:00,0.1295,clob_prices_history
62780808278969531638786026928407853049620076930842963388102875757599323764741,0x8329bdd734ac55ee38848a6730c8cf80a604441164038d60e6e0c2acb034986c,1776899704,2026-04-22T23:15:04+00:00,0.1295,clob_prices_history
62780808278969531638786026928407853049620076930842963388102875757599323764741,0x8329bdd734ac55ee38848a6730c8cf80a604441164038d60e6e0c2acb034986c,1776900612,2026-04-22T23:30:12+00:00,0.1295,clob_prices_history
62780808278969531638786026928407853049620076930842963388102875757599323764741,0x8329bdd734ac55ee38848a6730c8cf80a604441164038d60e6e0c2acb034986c,1776901506,2026-04-22T23:45:06+00:00,0.123,clob_prices_history
62780808278969531638786026928407853049620076930842963388102875757599323764741,0x8329bdd734ac55ee38848a6730c8cf80a604441164038d60e6e0c2acb034986c,1776902422,2026-04-23T00:00:22+00:00,0.155,clob_prices_history
62780808278969531638786026928407853049620076930842963388102875757599323764741,0x8329bdd734ac55ee38848a6730c8cf80a604441164038d60e6e0c2acb034986c,1776903305,2026-04-23T00:15:05+00:00,0.126,clob_prices_history
62780808278969531638786026928407853049620076930842963388102875757599323764741,0x8329bdd734ac55ee38848a6730c8cf80a604441164038d60e6e0c2acb034986c,1776904208,2026-04-23T00:30:08+00:00,0.1265,clob_prices_history
62780808278969531638786026928407853049620076930842963388102875757599323764741,0x8329bdd734ac55ee38848a6730c8cf80a604441164038d60e6e0c2acb034986c,1776905104,2026-04-23T00:45:04+00:00,0.1565,clob_prices_history
62780808278969531638786026928407853049620076930842963388102875757599323764741,0x8329bdd734ac55ee38848a6730c8cf80a604441164038d60e6e0c2acb034986c,1776906021,2026-04-23T01:00:21+00:00,0.1535,clob_prices_history
62780808278969531638786026928407853049620076930842963388102875757599323764741,0x8329bdd734ac55ee38848a6730c8cf80a604441164038d60e6e0c2acb034986c,1776906907,2026-04-23T01:15:07+00:00,0.15,clob_prices_history
62780808278969531638786026928407853049620076930842963388102875757599323764741,0x8329bdd734ac55ee38848a6730c8cf80a604441164038d60e6e0c2acb034986c,1776907812,2026-04-23T01:30:12+00:00,0.155,clob_prices_history
62780808278969531638786026928407853049620076930842963388102875757599323764741,0x8329bdd734ac55ee38848a6730c8cf80a604441164038d60e6e0c2acb034986c,1776908705,2026-04-23T01:45:05+00:00,0.1525,clob_prices_history
62780808278969531638786026928407853049620076930842963388102875757599323764741,0x8329bdd734ac55ee38848a6730c8cf80a604441164038d60e6e0c2acb034986c,1776909611,2026-04-23T02:00:11+00:00,0.1565,clob_prices_history
62780808278969531638786026928407853049620076930842963388102875757599323764741,0x8329bdd734ac55ee38848a6730c8cf80a604441164038d60e6e0c2acb034986c,1776910517,2026-04-23T02:15:17+00:00,0.155,clob_prices_history
62780808278969531638786026928407853049620076930842963388102875757599323764741,0x8329bdd734ac55ee38848a6730c8cf80a604441164038d60e6e0c2acb034986c,1776911410,2026-04-23T02:30:10+00:00,0.1565,clob_prices_history
62780808278969531638786026928407853049620076930842963388102875757599323764741,0x8329bdd734ac55ee38848a6730c8cf80a604441164038d60e6e0c2acb034986c,1776912305,2026-04-23T02:45:05+00:00,0.1515,clob_prices_history
62780808278969531638786026928407853049620076930842963388102875757599323764741,0x8329bdd734ac55ee38848a6730c8cf80a604441164038d60e6e0c2acb034986c,1776913216,2026-04-23T03:00:16+00:00,0.154,clob_prices_history
62780808278969531638786026928407853049620076930842963388102875757599323764741,0x8329bdd734ac55ee38848a6730c8cf80a604441164038d60e6e0c2acb034986c,1776914108,2026-04-23T03:15:08+00:00,0.1595,clob_prices_history
62780808278969531638786026928407853049620076930842963388102875757599323764741,0x8329bdd734ac55ee38848a6730c8cf80a604441164038d60e6e0c2acb034986c,1776915027,2026-04-23T03:30:27+00:00,0.157,clob_prices_history
62780808278969531638786026928407853049620076930842963388102875757599323764741,0x8329bdd734ac55ee38848a6730c8cf80a604441164038d60e6e0c2acb034986c,1776915906,2026-04-23T03:45:06+00:00,0.161,clob_prices_history
62780808278969531638786026928407853049620076930842963388102875757599323764741,0x8329bdd734ac55ee38848a6730c8cf80a604441164038d60e6e0c2acb034986c,1776916811,2026-04-23T04:00:11+00:00,0.161,clob_prices_history
62780808278969531638786026928407853049620076930842963388102875757599323764741,0x8329bdd734ac55ee38848a6730c8cf80a604441164038d60e6e0c2acb034986c,1776917709,2026-04-23T04:15:09+00:00,0.163,clob_prices_history
62780808278969531638786026928407853049620076930842963388102875757599323764741,0x8329bdd734ac55ee38848a6730c8cf80a604441164038d60e6e0c2acb034986c,1776918609,2026-04-23T04:30:09+00:00,0.163,clob_prices_history
62780808278969531638786026928407853049620076930842963388102875757599323764741,0x8329bdd734ac55ee38848a6730c8cf80a604441164038d60e6e0c2acb034986c,1776919506,2026-04-23T04:45:06+00:00,0.1675,clob_prices_history
62780808278969531638786026928407853049620076930842963388102875757599323764741,0x8329bdd734ac55ee38848a6730c8cf80a604441164038d60e6e0c2acb034986c,1776920410,2026-04-23T05:00:10+00:00,0.166,clob_prices_history
62780808278969531638786026928407853049620076930842963388102875757599323764741,0x8329bdd734ac55ee38848a6730c8cf80a604441164038d60e6e0c2acb034986c,1776921306,2026-04-23T05:15:06+00:00,0.152,clob_prices_history
62780808278969531638786026928407853049620076930842963388102875757599323764741,0x8329bdd734ac55ee38848a6730c8cf80a604441164038d60e6e0c2acb034986c,1776922210,2026-04-23T05:30:10+00:00,0.1625,clob_prices_history
62780808278969531638786026928407853049620076930842963388102875757599323764741,0x8329bdd734ac55ee38848a6730c8cf80a604441164038d60e6e0c2acb034986c,1776923108,2026-04-23T05:45:08+00:00,0.1635,clob_prices_history
62780808278969531638786026928407853049620076930842963388102875757599323764741,0x8329bdd734ac55ee38848a6730c8cf80a604441164038d60e6e0c2acb034986c,1776924018,2026-04-23T06:00:18+00:00,0.1665,clob_prices_history
62780808278969531638786026928407853049620076930842963388102875757599323764741,0x8329bdd734ac55ee38848a6730c8cf80a604441164038d60e6e0c2acb034986c,1776924906,2026-04-23T06:15:06+00:00,0.1665,clob_prices_history
62780808278969531638786026928407853049620076930842963388102875757599323764741,0x8329bdd734ac55ee38848a6730c8cf80a604441164038d60e6e0c2acb034986c,1776925814,2026-04-23T06:30:14+00:00,0.1655,clob_prices_history
62780808278969531638786026928407853049620076930842963388102875757599323764741,0x8329bdd734ac55ee38848a6730c8cf80a604441164038d60e6e0c2acb034986c,1776926707,2026-04-23T06:45:07+00:00,0.153,clob_prices_history
62780808278969531638786026928407853049620076930842963388102875757599323764741,0x8329bdd734ac55ee38848a6730c8cf80a604441164038d60e6e0c2acb034986c,1776927613,2026-04-23T07:00:13+00:00,0.1495,clob_prices_history
62780808278969531638786026928407853049620076930842963388102875757599323764741,0x8329bdd734ac55ee38848a6730c8cf80a604441164038d60e6e0c2acb034986c,1776928507,2026-04-23T07:15:07+00:00,0.1595,clob_prices_history
62780808278969531638786026928407853049620076930842963388102875757599323764741,0x8329bdd734ac55ee38848a6730c8cf80a604441164038d60e6e0c2acb034986c,1776929412,2026-04-23T07:30:12+00:00,0.1565,clob_prices_history
62780808278969531638786026928407853049620076930842963388102875757599323764741,0x8329bdd734ac55ee38848a6730c8cf80a604441164038d60e6e0c2acb034986c,1776930309,2026-04-23T07:45:09+00:00,0.1545,clob_prices_history
62780808278969531638786026928407853049620076930842963388102875757599323764741,0x8329bdd734ac55ee38848a6730c8cf80a604441164038d60e6e0c2acb034986c,1776931225,2026-04-23T08:00:25+00:00,0.154,clob_prices_history
62780808278969531638786026928407853049620076930842963388102875757599323764741,0x8329bdd734ac55ee38848a6730c8cf80a604441164038d60e6e0c2acb034986c,1776932105,2026-04-23T08:15:05+00:00,0.153,clob_prices_history
62780808278969531638786026928407853049620076930842963388102875757599323764741,0x8329bdd734ac55ee38848a6730c8cf80a604441164038d60e6e0c2acb034986c,1776933010,2026-04-23T08:30:10+00:00,0.1525,clob_prices_history
62780808278969531638786026928407853049620076930842963388102875757599323764741,0x8329bdd734ac55ee38848a6730c8cf80a604441164038d60e6e0c2acb034986c,1776933905,2026-04-23T08:45:05+00:00,0.1525,clob_prices_history
62780808278969531638786026928407853049620076930842963388102875757599323764741,0x8329bdd734ac55ee38848a6730c8cf80a604441164038d60e6e0c2acb034986c,1776934809,2026-04-23T09:00:09+00:00,0.1525,clob_prices_history
62780808278969531638786026928407853049620076930842963388102875757599323764741,0x8329bdd734ac55ee38848a6730c8cf80a604441164038d60e6e0c2acb034986c,1776935706,2026-04-23T09:15:06+00:00,0.1525,clob_prices_history
62780808278969531638786026928407853049620076930842963388102875757599323764741,0x8329bdd734ac55ee38848a6730c8cf80a604441164038d60e6e0c2acb034986c,1776936610,2026-04-23T09:30:10+00:00,0.1525,clob_prices_history
62780808278969531638786026928407853049620076930842963388102875757599323764741,0x8329bdd734ac55ee38848a6730c8cf80a604441164038d60e6e0c2acb034986c,1776937505,2026-04-23T09:45:05+00:00,0.153,clob_prices_history
62780808278969531638786026928407853049620076930842963388102875757599323764741,0x8329bdd734ac55ee38848a6730c8cf80a604441164038d60e6e0c2acb034986c,1776938407,2026-04-23T10:00:07+00:00,0.1535,clob_prices_history
62780808278969531638786026928407853049620076930842963388102875757599323764741,0x8329bdd734ac55ee38848a6730c8cf80a604441164038d60e6e0c2acb034986c,1776939306,2026-04-23T10:15:06+00:00,0.1535,clob_prices_history
62780808278969531638786026928407853049620076930842963388102875757599323764741,0x8329bdd734ac55ee38848a6730c8cf80a604441164038d60e6e0c2acb034986c,1776940213,2026-04-23T10:30:13+00:00,0.1535,clob_prices_history
62780808278969531638786026928407853049620076930842963388102875757599323764741,0x8329bdd734ac55ee38848a6730c8cf80a604441164038d60e6e0c2acb034986c,1776941104,2026-04-23T10:45:04+00:00,0.1535,clob_prices_history
62780808278969531638786026928407853049620076930842963388102875757599323764741,0x8329bdd734ac55ee38848a6730c8cf80a604441164038d60e6e0c2acb034986c,1776942006,2026-04-23T11:00:06+00:00,0.1535,clob_prices_history
62780808278969531638786026928407853049620076930842963388102875757599323764741,0x8329bdd734ac55ee38848a6730c8cf80a604441164038d60e6e0c2acb034986c,1776942905,2026-04-23T11:15:05+00:00,0.1535,clob_prices_history
62780808278969531638786026928407853049620076930842963388102875757599323764741,0x8329bdd734ac55ee38848a6730c8cf80a604441164038d60e6e0c2acb034986c,1776943821,2026-04-23T11:30:21+00:00,0.1535,clob_prices_history
62780808278969531638786026928407853049620076930842963388102875757599323764741,0x8329bdd734ac55ee38848a6730c8cf80a604441164038d60e6e0c2acb034986c,1776944708,2026-04-23T11:45:08+00:00,0.1535,clob_prices_history
62780808278969531638786026928407853049620076930842963388102875757599323764741,0x8329bdd734ac55ee38848a6730c8cf80a604441164038d60e6e0c2acb034986c,1776945614,2026-04-23T12:00:14+00:00,0.167,clob_prices_history
62780808278969531638786026928407853049620076930842963388102875757599323764741,0x8329bdd734ac55ee38848a6730c8cf80a604441164038d60e6e0c2acb034986c,1776946510,2026-04-23T12:15:10+00:00,0.1695,clob_prices_history
62780808278969531638786026928407853049620076930842963388102875757599323764741,0x8329bdd734ac55ee38848a6730c8cf80a604441164038d60e6e0c2acb034986c,1776947415,2026-04-23T12:30:15+00:00,0.1545,clob_prices_history
62780808278969531638786026928407853049620076930842963388102875757599323764741,0x8329bdd734ac55ee38848a6730c8cf80a604441164038d60e6e0c2acb034986c,1776948306,2026-04-23T12:45:06+00:00,0.16,clob_prices_history
62780808278969531638786026928407853049620076930842963388102875757599323764741,0x8329bdd734ac55ee38848a6730c8cf80a604441164038d60e6e0c2acb034986c,1776949213,2026-04-23T13:00:13+00:00,0.1535,clob_prices_history
62780808278969531638786026928407853049620076930842963388102875757599323764741,0x8329bdd734ac55ee38848a6730c8cf80a604441164038d60e6e0c2acb034986c,1776950105,2026-04-23T13:15:05+00:00,0.16,clob_prices_history
62780808278969531638786026928407853049620076930842963388102875757599323764741,0x8329bdd734ac55ee38848a6730c8cf80a604441164038d60e6e0c2acb034986c,1776951015,2026-04-23T13:30:15+00:00,0.1595,clob_prices_history
62780808278969531638786026928407853049620076930842963388102875757599323764741,0x8329bdd734ac55ee38848a6730c8cf80a604441164038d60e6e0c2acb034986c,1776951914,2026-04-23T13:45:14+00:00,0.174,clob_prices_history
62780808278969531638786026928407853049620076930842963388102875757599323764741,0x8329bdd734ac55ee38848a6730c8cf80a604441164038d60e6e0c2acb034986c,1776952819,2026-04-23T14:00:19+00:00,0.1705,clob_prices_history
62780808278969531638786026928407853049620076930842963388102875757599323764741,0x8329bdd734ac55ee38848a6730c8cf80a604441164038d60e6e0c2acb034986c,1776953708,2026-04-23T14:15:08+00:00,0.174,clob_prices_history
62780808278969531638786026928407853049620076930842963388102875757599323764741,0x8329bdd734ac55ee38848a6730c8cf80a604441164038d60e6e0c2acb034986c,1776954610,2026-04-23T14:30:10+00:00,0.1635,clob_prices_history
62780808278969531638786026928407853049620076930842963388102875757599323764741,0x8329bdd734ac55ee38848a6730c8cf80a604441164038d60e6e0c2acb034986c,1776955514,2026-04-23T14:45:14+00:00,0.1495,clob_prices_history
62780808278969531638786026928407853049620076930842963388102875757599323764741,0x8329bdd734ac55ee38848a6730c8cf80a604441164038d60e6e0c2acb034986c,1776956419,2026-04-23T15:00:19+00:00,0.1565,clob_prices_history
62780808278969531638786026928407853049620076930842963388102875757599323764741,0x8329bdd734ac55ee38848a6730c8cf80a604441164038d60e6e0c2acb034986c,1776957313,2026-04-23T15:15:13+00:00,0.156,clob_prices_history
62780808278969531638786026928407853049620076930842963388102875757599323764741,0x8329bdd734ac55ee38848a6730c8cf80a604441164038d60e6e0c2acb034986c,1776958220,2026-04-23T15:30:20+00:00,0.1565,clob_prices_history
62780808278969531638786026928407853049620076930842963388102875757599323764741,0x8329bdd734ac55ee38848a6730c8cf80a604441164038d60e6e0c2acb034986c,1776959118,2026-04-23T15:45:18+00:00,0.156,clob_prices_history
62780808278969531638786026928407853049620076930842963388102875757599323764741,0x8329bdd734ac55ee38848a6730c8cf80a604441164038d60e6e0c2acb034986c,1776960016,2026-04-23T16:00:16+00:00,0.156,clob_prices_history
62780808278969531638786026928407853049620076930842963388102875757599323764741,0x8329bdd734ac55ee38848a6730c8cf80a604441164038d60e6e0c2acb034986c,1776960911,2026-04-23T16:15:11+00:00,0.156,clob_prices_history
62780808278969531638786026928407853049620076930842963388102875757599323764741,0x8329bdd734ac55ee38848a6730c8cf80a604441164038d60e6e0c2acb034986c,1776961833,2026-04-23T16:30:33+00:00,0.156,clob_prices_history
62780808278969531638786026928407853049620076930842963388102875757599323764741,0x8329bdd734ac55ee38848a6730c8cf80a604441164038d60e6e0c2acb034986c,1776962713,2026-04-23T16:45:13+00:00,0.1625,clob_prices_history
62780808278969531638786026928407853049620076930842963388102875757599323764741,0x8329bdd734ac55ee38848a6730c8cf80a604441164038d60e6e0c2acb034986c,1776963639,2026-04-23T17:00:39+00:00,0.156,clob_prices_history
62780808278969531638786026928407853049620076930842963388102875757599323764741,0x8329bdd734ac55ee38848a6730c8cf80a604441164038d60e6e0c2acb034986c,1776964514,2026-04-23T17:15:14+00:00,0.1625,clob_prices_history
62780808278969531638786026928407853049620076930842963388102875757599323764741,0x8329bdd734ac55ee38848a6730c8cf80a604441164038d60e6e0c2acb034986c,1776965434,2026-04-23T17:30:34+00:00,0.156,clob_prices_history
62780808278969531638786026928407853049620076930842963388102875757599323764741,0x8329bdd734ac55ee38848a6730c8cf80a604441164038d60e6e0c2acb034986c,1776966317,2026-04-23T17:45:17+00:00,0.156,clob_prices_history
62780808278969531638786026928407853049620076930842963388102875757599323764741,0x8329bdd734ac55ee38848a6730c8cf80a604441164038d60e6e0c2acb034986c,1776967222,2026-04-23T18:00:22+00:00,0.156,clob_prices_history
62780808278969531638786026928407853049620076930842963388102875757599323764741,0x8329bdd734ac55ee38848a6730c8cf80a604441164038d60e6e0c2acb034986c,1776968118,2026-04-23T18:15:18+00:00,0.156,clob_prices_history
62780808278969531638786026928407853049620076930842963388102875757599323764741,0x8329bdd734ac55ee38848a6730c8cf80a604441164038d60e6e0c2acb034986c,1776969022,2026-04-23T18:30:22+00:00,0.156,clob_prices_history
62780808278969531638786026928407853049620076930842963388102875757599323764741,0x8329bdd734ac55ee38848a6730c8cf80a604441164038d60e6e0c2acb034986c,1776969906,2026-04-23T18:45:06+00:00,0.156,clob_prices_history
62780808278969531638786026928407853049620076930842963388102875757599323764741,0x8329bdd734ac55ee38848a6730c8cf80a604441164038d60e6e0c2acb034986c,1776970814,2026-04-23T19:00:14+00:00,0.156,clob_prices_history
62780808278969531638786026928407853049620076930842963388102875757599323764741,0x8329bdd734ac55ee38848a6730c8cf80a604441164038d60e6e0c2acb034986c,1776971712,2026-04-23T19:15:12+00:00,0.156,clob_prices_history
62780808278969531638786026928407853049620076930842963388102875757599323764741,0x8329bdd734ac55ee38848a6730c8cf80a604441164038d60e6e0c2acb034986c,1776972647,2026-04-23T19:30:47+00:00,0.156,clob_prices_history
62780808278969531638786026928407853049620076930842963388102875757599323764741,0x8329bdd734ac55ee38848a6730c8cf80a604441164038d60e6e0c2acb034986c,1776973506,2026-04-23T19:45:06+00:00,0.156,clob_prices_history
62780808278969531638786026928407853049620076930842963388102875757599323764741,0x8329bdd734ac55ee38848a6730c8cf80a604441164038d60e6e0c2acb034986c,1776974413,2026-04-23T20:00:13+00:00,0.156,clob_prices_history
62780808278969531638786026928407853049620076930842963388102875757599323764741,0x8329bdd734ac55ee38848a6730c8cf80a604441164038d60e6e0c2acb034986c,1776975307,2026-04-23T20:15:07+00:00,0.156,clob_prices_history
62780808278969531638786026928407853049620076930842963388102875757599323764741,0x8329bdd734ac55ee38848a6730c8cf80a604441164038d60e6e0c2acb034986c,1776976217,2026-04-23T20:30:17+00:00,0.156,clob_prices_history
62780808278969531638786026928407853049620076930842963388102875757599323764741,0x8329bdd734ac55ee38848a6730c8cf80a604441164038d60e6e0c2acb034986c,1776977112,2026-04-23T20:45:12+00:00,0.156,clob_prices_history
62780808278969531638786026928407853049620076930842963388102875757599323764741,0x8329bdd734ac55ee38848a6730c8cf80a604441164038d60e6e0c2acb034986c,1776978018,2026-04-23T21:00:18+00:00,0.156,clob_prices_history
62780808278969531638786026928407853049620076930842963388102875757599323764741,0x8329bdd734ac55ee38848a6730c8cf80a604441164038d60e6e0c2acb034986c,1776978913,2026-04-23T21:15:13+00:00,0.156,clob_prices_history
62780808278969531638786026928407853049620076930842963388102875757599323764741,0x8329bdd734ac55ee38848a6730c8cf80a604441164038d60e6e0c2acb034986c,1776979813,2026-04-23T21:30:13+00:00,0.156,clob_prices_history
62780808278969531638786026928407853049620076930842963388102875757599323764741,0x8329bdd734ac55ee38848a6730c8cf80a604441164038d60e6e0c2acb034986c,1776980707,2026-04-23T21:45:07+00:00,0.156,clob_prices_history
62780808278969531638786026928407853049620076930842963388102875757599323764741,0x8329bdd734ac55ee38848a6730c8cf80a604441164038d60e6e0c2acb034986c,1776981614,2026-04-23T22:00:14+00:00,0.156,clob_prices_history
62780808278969531638786026928407853049620076930842963388102875757599323764741,0x8329bdd734ac55ee38848a6730c8cf80a604441164038d60e6e0c2acb034986c,1776982506,2026-04-23T22:15:06+00:00,0.156,clob_prices_history
62780808278969531638786026928407853049620076930842963388102875757599323764741,0x8329bdd734ac55ee38848a6730c8cf80a604441164038d60e6e0c2acb034986c,1776983411,2026-04-23T22:30:11+00:00,0.156,clob_prices_history
62780808278969531638786026928407853049620076930842963388102875757599323764741,0x8329bdd734ac55ee38848a6730c8cf80a604441164038d60e6e0c2acb034986c,1776984307,2026-04-23T22:45:07+00:00,0.156,clob_prices_history
62780808278969531638786026928407853049620076930842963388102875757599323764741,0x8329bdd734ac55ee38848a6730c8cf80a604441164038d60e6e0c2acb034986c,1776985213,2026-04-23T23:00:13+00:00,0.156,clob_prices_history
62780808278969531638786026928407853049620076930842963388102875757599323764741,0x8329bdd734ac55ee38848a6730c8cf80a604441164038d60e6e0c2acb034986c,1776986107,2026-04-23T23:15:07+00:00,0.156,clob_prices_history
62780808278969531638786026928407853049620076930842963388102875757599323764741,0x8329bdd734ac55ee38848a6730c8cf80a604441164038d60e6e0c2acb034986c,1776987016,2026-04-23T23:30:16+00:00,0.156,clob_prices_history
62780808278969531638786026928407853049620076930842963388102875757599323764741,0x8329bdd734ac55ee38848a6730c8cf80a604441164038d60e6e0c2acb034986c,1776987906,2026-04-23T23:45:06+00:00,0.156,clob_prices_history
62780808278969531638786026928407853049620076930842963388102875757599323764741,0x8329bdd734ac55ee38848a6730c8cf80a604441164038d60e6e0c2acb034986c,1776988835,2026-04-24T00:00:35+00:00,0.156,clob_prices_history
62780808278969531638786026928407853049620076930842963388102875757599323764741,0x8329bdd734ac55ee38848a6730c8cf80a604441164038d60e6e0c2acb034986c,1776989705,2026-04-24T00:15:05+00:00,0.156,clob_prices_history
62780808278969531638786026928407853049620076930842963388102875757599323764741,0x8329bdd734ac55ee38848a6730c8cf80a604441164038d60e6e0c2acb034986c,1776990611,2026-04-24T00:30:11+00:00,0.156,clob_prices_history
62780808278969531638786026928407853049620076930842963388102875757599323764741,0x8329bdd734ac55ee38848a6730c8cf80a604441164038d60e6e0c2acb034986c,1776991507,2026-04-24T00:45:07+00:00,0.156,clob_prices_history
62780808278969531638786026928407853049620076930842963388102875757599323764741,0x8329bdd734ac55ee38848a6730c8cf80a604441164038d60e6e0c2acb034986c,1776992412,2026-04-24T01:00:12+00:00,0.156,clob_prices_history
62780808278969531638786026928407853049620076930842963388102875757599323764741,0x8329bdd734ac55ee38848a6730c8cf80a604441164038d60e6e0c2acb034986c,1776993306,2026-04-24T01:15:06+00:00,0.156,clob_prices_history
62780808278969531638786026928407853049620076930842963388102875757599323764741,0x8329bdd734ac55ee38848a6730c8cf80a604441164038d60e6e0c2acb034986c,1776994211,2026-04-24T01:30:11+00:00,0.156,clob_prices_history
62780808278969531638786026928407853049620076930842963388102875757599323764741,0x8329bdd734ac55ee38848a6730c8cf80a604441164038d60e6e0c2acb034986c,1776995106,2026-04-24T01:45:06+00:00,0.156,clob_prices_history
62780808278969531638786026928407853049620076930842963388102875757599323764741,0x8329bdd734ac55ee38848a6730c8cf80a604441164038d60e6e0c2acb034986c,1776996016,2026-04-24T02:00:16+00:00,0.1565,clob_prices_history
62780808278969531638786026928407853049620076930842963388102875757599323764741,0x8329bdd734ac55ee38848a6730c8cf80a604441164038d60e6e0c2acb034986c,1776996909,2026-04-24T02:15:09+00:00,0.1575,clob_prices_history
62780808278969531638786026928407853049620076930842963388102875757599323764741,0x8329bdd734ac55ee38848a6730c8cf80a604441164038d60e6e0c2acb034986c,1776997809,2026-04-24T02:30:09+00:00,0.158,clob_prices_history
62780808278969531638786026928407853049620076930842963388102875757599323764741,0x8329bdd734ac55ee38848a6730c8cf80a604441164038d60e6e0c2acb034986c,1776998705,2026-04-24T02:45:05+00:00,0.1585,clob_prices_history
62780808278969531638786026928407853049620076930842963388102875757599323764741,0x8329bdd734ac55ee38848a6730c8cf80a604441164038d60e6e0c2acb034986c,1776999621,2026-04-24T03:00:21+00:00,0.159,clob_prices_history
62780808278969531638786026928407853049620076930842963388102875757599323764741,0x8329bdd734ac55ee38848a6730c8cf80a604441164038d60e6e0c2acb034986c,1777000508,2026-04-24T03:15:08+00:00,0.159,clob_prices_history
62780808278969531638786026928407853049620076930842963388102875757599323764741,0x8329bdd734ac55ee38848a6730c8cf80a604441164038d60e6e0c2acb034986c,1777001409,2026-04-24T03:30:09+00:00,0.1605,clob_prices_history
62780808278969531638786026928407853049620076930842963388102875757599323764741,0x8329bdd734ac55ee38848a6730c8cf80a604441164038d60e6e0c2acb034986c,1777002306,2026-04-24T03:45:06+00:00,0.164,clob_prices_history
62780808278969531638786026928407853049620076930842963388102875757599323764741,0x8329bdd734ac55ee38848a6730c8cf80a604441164038d60e6e0c2acb034986c,1777003210,2026-04-24T04:00:10+00:00,0.1645,clob_prices_history
62780808278969531638786026928407853049620076930842963388102875757599323764741,0x8329bdd734ac55ee38848a6730c8cf80a604441164038d60e6e0c2acb034986c,1777004105,2026-04-24T04:15:05+00:00,0.1615,clob_prices_history
62780808278969531638786026928407853049620076930842963388102875757599323764741,0x8329bdd734ac55ee38848a6730c8cf80a604441164038d60e6e0c2acb034986c,1777005010,2026-04-24T04:30:10+00:00,0.162,clob_prices_history
62780808278969531638786026928407853049620076930842963388102875757599323764741,0x8329bdd734ac55ee38848a6730c8cf80a604441164038d60e6e0c2acb034986c,1777005905,2026-04-24T04:45:05+00:00,0.154,clob_prices_history
62780808278969531638786026928407853049620076930842963388102875757599323764741,0x8329bdd734ac55ee38848a6730c8cf80a604441164038d60e6e0c2acb034986c,1777006811,2026-04-24T05:00:11+00:00,0.161,clob_prices_history
62780808278969531638786026928407853049620076930842963388102875757599323764741,0x8329bdd734ac55ee38848a6730c8cf80a604441164038d60e6e0c2acb034986c,1777007718,2026-04-24T05:15:18+00:00,0.1615,clob_prices_history
62780808278969531638786026928407853049620076930842963388102875757599323764741,0x8329bdd734ac55ee38848a6730c8cf80a604441164038d60e6e0c2acb034986c,1777008609,2026-04-24T05:30:09+00:00,0.1625,clob_prices_history
62780808278969531638786026928407853049620076930842963388102875757599323764741,0x8329bdd734ac55ee38848a6730c8cf80a604441164038d60e6e0c2acb034986c,1777009505,2026-04-24T05:45:05+00:00,0.162,clob_prices_history
62780808278969531638786026928407853049620076930842963388102875757599323764741,0x8329bdd734ac55ee38848a6730c8cf80a604441164038d60e6e0c2acb034986c,1777010413,2026-04-24T06:00:13+00:00,0.1605,clob_prices_history
62780808278969531638786026928407853049620076930842963388102875757599323764741,0x8329bdd734ac55ee38848a6730c8cf80a604441164038d60e6e0c2acb034986c,1777011307,2026-04-24T06:15:07+00:00,0.1615,clob_prices_history
62780808278969531638786026928407853049620076930842963388102875757599323764741,0x8329bdd734ac55ee38848a6730c8cf80a604441164038d60e6e0c2acb034986c,1777012215,2026-04-24T06:30:15+00:00,0.1615,clob_prices_history
62780808278969531638786026928407853049620076930842963388102875757599323764741,0x8329bdd734ac55ee38848a6730c8cf80a604441164038d60e6e0c2acb034986c,1777013105,2026-04-24T06:45:05+00:00,0.1615,clob_prices_history
62780808278969531638786026928407853049620076930842963388102875757599323764741,0x8329bdd734ac55ee38848a6730c8cf80a604441164038d60e6e0c2acb034986c,1777014007,2026-04-24T07:00:07+00:00,0.1615,clob_prices_history
62780808278969531638786026928407853049620076930842963388102875757599323764741,0x8329bdd734ac55ee38848a6730c8cf80a604441164038d60e6e0c2acb034986c,1777014904,2026-04-24T07:15:04+00:00,0.1625,clob_prices_history
62780808278969531638786026928407853049620076930842963388102875757599323764741,0x8329bdd734ac55ee38848a6730c8cf80a604441164038d60e6e0c2acb034986c,1777015808,2026-04-24T07:30:08+00:00,0.1615,clob_prices_history
62780808278969531638786026928407853049620076930842963388102875757599323764741,0x8329bdd734ac55ee38848a6730c8cf80a604441164038d60e6e0c2acb034986c,1777016706,2026-04-24T07:45:06+00:00,0.1615,clob_prices_history
62780808278969531638786026928407853049620076930842963388102875757599323764741,0x8329bdd734ac55ee38848a6730c8cf80a604441164038d60e6e0c2acb034986c,1777017609,2026-04-24T08:00:09+00:00,0.1615,clob_prices_history
62780808278969531638786026928407853049620076930842963388102875757599323764741,0x8329bdd734ac55ee38848a6730c8cf80a604441164038d60e6e0c2acb034986c,1777018507,2026-04-24T08:15:07+00:00,0.1615,clob_prices_history
62780808278969531638786026928407853049620076930842963388102875757599323764741,0x8329bdd734ac55ee38848a6730c8cf80a604441164038d60e6e0c2acb034986c,1777019407,2026-04-24T08:30:07+00:00,0.1615,clob_prices_history
62780808278969531638786026928407853049620076930842963388102875757599323764741,0x8329bdd734ac55ee38848a6730c8cf80a604441164038d60e6e0c2acb034986c,1777020306,2026-04-24T08:45:06+00:00,0.1625,clob_prices_history
62780808278969531638786026928407853049620076930842963388102875757599323764741,0x8329bdd734ac55ee38848a6730c8cf80a604441164038d60e6e0c2acb034986c,1777021207,2026-04-24T09:00:07+00:00,0.1635,clob_prices_history
62780808278969531638786026928407853049620076930842963388102875757599323764741,0x8329bdd734ac55ee38848a6730c8cf80a604441164038d60e6e0c2acb034986c,1777022105,2026-04-24T09:15:05+00:00,0.1635,clob_prices_history
62780808278969531638786026928407853049620076930842963388102875757599323764741,0x8329bdd734ac55ee38848a6730c8cf80a604441164038d60e6e0c2acb034986c,1777023009,2026-04-24T09:30:09+00:00,0.1635,clob_prices_history
62780808278969531638786026928407853049620076930842963388102875757599323764741,0x8329bdd734ac55ee38848a6730c8cf80a604441164038d60e6e0c2acb034986c,1777023905,2026-04-24T09:45:05+00:00,0.1635,clob_prices_history
62780808278969531638786026928407853049620076930842963388102875757599323764741,0x8329bdd734ac55ee38848a6730c8cf80a604441164038d60e6e0c2acb034986c,1777024806,2026-04-24T10:00:06+00:00,0.1635,clob_prices_history
62780808278969531638786026928407853049620076930842963388102875757599323764741,0x8329bdd734ac55ee38848a6730c8cf80a604441164038d60e6e0c2acb034986c,1777025707,2026-04-24T10:15:07+00:00,0.1635,clob_prices_history
62780808278969531638786026928407853049620076930842963388102875757599323764741,0x8329bdd734ac55ee38848a6730c8cf80a604441164038d60e6e0c2acb034986c,1777026608,2026-04-24T10:30:08+00:00,0.1635,clob_prices_history
62780808278969531638786026928407853049620076930842963388102875757599323764741,0x8329bdd734ac55ee38848a6730c8cf80a604441164038d60e6e0c2acb034986c,1777027504,2026-04-24T10:45:04+00:00,0.1635,clob_prices_history
62780808278969531638786026928407853049620076930842963388102875757599323764741,0x8329bdd734ac55ee38848a6730c8cf80a604441164038d60e6e0c2acb034986c,1777028407,2026-04-24T11:00:07+00:00,0.1635,clob_prices_history
62780808278969531638786026928407853049620076930842963388102875757599323764741,0x8329bdd734ac55ee38848a6730c8cf80a604441164038d60e6e0c2acb034986c,1777029306,2026-04-24T11:15:06+00:00,0.1635,clob_prices_history
62780808278969531638786026928407853049620076930842963388102875757599323764741,0x8329bdd734ac55ee38848a6730c8cf80a604441164038d60e6e0c2acb034986c,1777030208,2026-04-24T11:30:08+00:00,0.164,clob_prices_history
62780808278969531638786026928407853049620076930842963388102875757599323764741,0x8329bdd734ac55ee38848a6730c8cf80a604441164038d60e6e0c2acb034986c,1777031105,2026-04-24T11:45:05+00:00,0.164,clob_prices_history
62780808278969531638786026928407853049620076930842963388102875757599323764741,0x8329bdd734ac55ee38848a6730c8cf80a604441164038d60e6e0c2acb034986c,1777032009,2026-04-24T12:00:09+00:00,0.164,clob_prices_history
62780808278969531638786026928407853049620076930842963388102875757599323764741,0x8329bdd734ac55ee38848a6730c8cf80a604441164038d60e6e0c2acb034986c,1777032909,2026-04-24T12:15:09+00:00,0.164,clob_prices_history
62780808278969531638786026928407853049620076930842963388102875757599323764741,0x8329bdd734ac55ee38848a6730c8cf80a604441164038d60e6e0c2acb034986c,1777033810,2026-04-24T12:30:10+00:00,0.164,clob_prices_history
62780808278969531638786026928407853049620076930842963388102875757599323764741,0x8329bdd734ac55ee38848a6730c8cf80a604441164038d60e6e0c2acb034986c,1777034707,2026-04-24T12:45:07+00:00,0.164,clob_prices_history
62780808278969531638786026928407853049620076930842963388102875757599323764741,0x8329bdd734ac55ee38848a6730c8cf80a604441164038d60e6e0c2acb034986c,1777035608,2026-04-24T13:00:08+00:00,0.164,clob_prices_history
62780808278969531638786026928407853049620076930842963388102875757599323764741,0x8329bdd734ac55ee38848a6730c8cf80a604441164038d60e6e0c2acb034986c,1777036505,2026-04-24T13:15:05+00:00,0.164,clob_prices_history
62780808278969531638786026928407853049620076930842963388102875757599323764741,0x8329bdd734ac55ee38848a6730c8cf80a604441164038d60e6e0c2acb034986c,1777037409,2026-04-24T13:30:09+00:00,0.164,clob_prices_history
62780808278969531638786026928407853049620076930842963388102875757599323764741,0x8329bdd734ac55ee38848a6730c8cf80a604441164038d60e6e0c2acb034986c,1777038306,2026-04-24T13:45:06+00:00,0.164,clob_prices_history
62780808278969531638786026928407853049620076930842963388102875757599323764741,0x8329bdd734ac55ee38848a6730c8cf80a604441164038d60e6e0c2acb034986c,1777039221,2026-04-24T14:00:21+00:00,0.162,clob_prices_history
62780808278969531638786026928407853049620076930842963388102875757599323764741,0x8329bdd734ac55ee38848a6730c8cf80a604441164038d60e6e0c2acb034986c,1777040106,2026-04-24T14:15:06+00:00,0.1615,clob_prices_history
62780808278969531638786026928407853049620076930842963388102875757599323764741,0x8329bdd734ac55ee38848a6730c8cf80a604441164038d60e6e0c2acb034986c,1777041010,2026-04-24T14:30:10+00:00,0.1615,clob_prices_history
62780808278969531638786026928407853049620076930842963388102875757599323764741,0x8329bdd734ac55ee38848a6730c8cf80a604441164038d60e6e0c2acb034986c,1777041904,2026-04-24T14:45:04+00:00,0.152,clob_prices_history
62780808278969531638786026928407853049620076930842963388102875757599323764741,0x8329bdd734ac55ee38848a6730c8cf80a604441164038d60e6e0c2acb034986c,1777042812,2026-04-24T15:00:12+00:00,0.152,clob_prices_history
62780808278969531638786026928407853049620076930842963388102875757599323764741,0x8329bdd734ac55ee38848a6730c8cf80a604441164038d60e6e0c2acb034986c,1777043706,2026-04-24T15:15:06+00:00,0.1525,clob_prices_history
62780808278969531638786026928407853049620076930842963388102875757599323764741,0x8329bdd734ac55ee38848a6730c8cf80a604441164038d60e6e0c2acb034986c,1777044609,2026-04-24T15:30:09+00:00,0.1525,clob_prices_history
62780808278969531638786026928407853049620076930842963388102875757599323764741,0x8329bdd734ac55ee38848a6730c8cf80a604441164038d60e6e0c2acb034986c,1777045505,2026-04-24T15:45:05+00:00,0.1525,clob_prices_history
62780808278969531638786026928407853049620076930842963388102875757599323764741,0x8329bdd734ac55ee38848a6730c8cf80a604441164038d60e6e0c2acb034986c,1777046408,2026-04-24T16:00:08+00:00,0.1525,clob_prices_history
62780808278969531638786026928407853049620076930842963388102875757599323764741,0x8329bdd734ac55ee38848a6730c8cf80a604441164038d60e6e0c2acb034986c,1777047310,2026-04-24T16:15:10+00:00,0.1525,clob_prices_history
62780808278969531638786026928407853049620076930842963388102875757599323764741,0x8329bdd734ac55ee38848a6730c8cf80a604441164038d60e6e0c2acb034986c,1777048210,2026-04-24T16:30:10+00:00,0.153,clob_prices_history
62780808278969531638786026928407853049620076930842963388102875757599323764741,0x8329bdd734ac55ee38848a6730c8cf80a604441164038d60e6e0c2acb034986c,1777049106,2026-04-24T16:45:06+00:00,0.153,clob_prices_history
62780808278969531638786026928407853049620076930842963388102875757599323764741,0x8329bdd734ac55ee38848a6730c8cf80a604441164038d60e6e0c2acb034986c,1777050008,2026-04-24T17:00:08+00:00,0.153,clob_prices_history
62780808278969531638786026928407853049620076930842963388102875757599323764741,0x8329bdd734ac55ee38848a6730c8cf80a604441164038d60e6e0c2acb034986c,1777050904,2026-04-24T17:15:04+00:00,0.153,clob_prices_history
62780808278969531638786026928407853049620076930842963388102875757599323764741,0x8329bdd734ac55ee38848a6730c8cf80a604441164038d60e6e0c2acb034986c,1777051827,2026-04-24T17:30:27+00:00,0.153,clob_prices_history
62780808278969531638786026928407853049620076930842963388102875757599323764741,0x8329bdd734ac55ee38848a6730c8cf80a604441164038d60e6e0c2acb034986c,1777052704,2026-04-24T17:45:04+00:00,0.153,clob_prices_history
62780808278969531638786026928407853049620076930842963388102875757599323764741,0x8329bdd734ac55ee38848a6730c8cf80a604441164038d60e6e0c2acb034986c,1777053613,2026-04-24T18:00:13+00:00,0.153,clob_prices_history
62780808278969531638786026928407853049620076930842963388102875757599323764741,0x8329bdd734ac55ee38848a6730c8cf80a604441164038d60e6e0c2acb034986c,1777054507,2026-04-24T18:15:07+00:00,0.153,clob_prices_history
62780808278969531638786026928407853049620076930842963388102875757599323764741,0x8329bdd734ac55ee38848a6730c8cf80a604441164038d60e6e0c2acb034986c,1777055408,2026-04-24T18:30:08+00:00,0.153,clob_prices_history
62780808278969531638786026928407853049620076930842963388102875757599323764741,0x8329bdd734ac55ee38848a6730c8cf80a604441164038d60e6e0c2acb034986c,1777056305,2026-04-24T18:45:05+00:00,0.1525,clob_prices_history
62780808278969531638786026928407853049620076930842963388102875757599323764741,0x8329bdd734ac55ee38848a6730c8cf80a604441164038d60e6e0c2acb034986c,1777057207,2026-04-24T19:00:07+00:00,0.1525,clob_prices_history
62780808278969531638786026928407853049620076930842963388102875757599323764741,0x8329bdd734ac55ee38848a6730c8cf80a604441164038d60e6e0c2acb034986c,1777058106,2026-04-24T19:15:06+00:00,0.1525,clob_prices_history
62780808278969531638786026928407853049620076930842963388102875757599323764741,0x8329bdd734ac55ee38848a6730c8cf80a604441164038d60e6e0c2acb034986c,1777059010,2026-04-24T19:30:10+00:00,0.1525,clob_prices_history
62780808278969531638786026928407853049620076930842963388102875757599323764741,0x8329bdd734ac55ee38848a6730c8cf80a604441164038d60e6e0c2acb034986c,1777059904,2026-04-24T19:45:04+00:00,0.153,clob_prices_history
62780808278969531638786026928407853049620076930842963388102875757599323764741,0x8329bdd734ac55ee38848a6730c8cf80a604441164038d60e6e0c2acb034986c,1777060809,2026-04-24T20:00:09+00:00,0.153,clob_prices_history
62780808278969531638786026928407853049620076930842963388102875757599323764741,0x8329bdd734ac55ee38848a6730c8cf80a604441164038d60e6e0c2acb034986c,1777061718,2026-04-24T20:15:18+00:00,0.153,clob_prices_history
62780808278969531638786026928407853049620076930842963388102875757599323764741,0x8329bdd734ac55ee38848a6730c8cf80a604441164038d60e6e0c2acb034986c,1777062607,2026-04-24T20:30:07+00:00,0.153,clob_prices_history
62780808278969531638786026928407853049620076930842963388102875757599323764741,0x8329bdd734ac55ee38848a6730c8cf80a604441164038d60e6e0c2acb034986c,1777063509,2026-04-24T20:45:09+00:00,0.153,clob_prices_history
62780808278969531638786026928407853049620076930842963388102875757599323764741,0x8329bdd734ac55ee38848a6730c8cf80a604441164038d60e6e0c2acb034986c,1777064412,2026-04-24T21:00:12+00:00,0.153,clob_prices_history
62780808278969531638786026928407853049620076930842963388102875757599323764741,0x8329bdd734ac55ee38848a6730c8cf80a604441164038d60e6e0c2acb034986c,1777065304,2026-04-24T21:15:04+00:00,0.153,clob_prices_history
62780808278969531638786026928407853049620076930842963388102875757599323764741,0x8329bdd734ac55ee38848a6730c8cf80a604441164038d60e6e0c2acb034986c,1777066208,2026-04-24T21:30:08+00:00,0.153,clob_prices_history
62780808278969531638786026928407853049620076930842963388102875757599323764741,0x8329bdd734ac55ee38848a6730c8cf80a604441164038d60e6e0c2acb034986c,1777067104,2026-04-24T21:45:04+00:00,0.153,clob_prices_history
62780808278969531638786026928407853049620076930842963388102875757599323764741,0x8329bdd734ac55ee38848a6730c8cf80a604441164038d60e6e0c2acb034986c,1777068010,2026-04-24T22:00:10+00:00,0.153,clob_prices_history
62780808278969531638786026928407853049620076930842963388102875757599323764741,0x8329bdd734ac55ee38848a6730c8cf80a604441164038d60e6e0c2acb034986c,1777068905,2026-04-24T22:15:05+00:00,0.153,clob_prices_history
62780808278969531638786026928407853049620076930842963388102875757599323764741,0x8329bdd734ac55ee38848a6730c8cf80a604441164038d60e6e0c2acb034986c,1777069815,2026-04-24T22:30:15+00:00,0.153,clob_prices_history
62780808278969531638786026928407853049620076930842963388102875757599323764741,0x8329bdd734ac55ee38848a6730c8cf80a604441164038d60e6e0c2acb034986c,1777070705,2026-04-24T22:45:05+00:00,0.153,clob_prices_history
62780808278969531638786026928407853049620076930842963388102875757599323764741,0x8329bdd734ac55ee38848a6730c8cf80a604441164038d60e6e0c2acb034986c,1777071609,2026-04-24T23:00:09+00:00,0.153,clob_prices_history
62780808278969531638786026928407853049620076930842963388102875757599323764741,0x8329bdd734ac55ee38848a6730c8cf80a604441164038d60e6e0c2acb034986c,1777072505,2026-04-24T23:15:05+00:00,0.153,clob_prices_history
62780808278969531638786026928407853049620076930842963388102875757599323764741,0x8329bdd734ac55ee38848a6730c8cf80a604441164038d60e6e0c2acb034986c,1777073408,2026-04-24T23:30:08+00:00,0.153,clob_prices_history
62780808278969531638786026928407853049620076930842963388102875757599323764741,0x8329bdd734ac55ee38848a6730c8cf80a604441164038d60e6e0c2acb034986c,1777074306,2026-04-24T23:45:06+00:00,0.153,clob_prices_history
62780808278969531638786026928407853049620076930842963388102875757599323764741,0x8329bdd734ac55ee38848a6730c8cf80a604441164038d60e6e0c2acb034986c,1777075216,2026-04-25T00:00:16+00:00,0.153,clob_prices_history
62780808278969531638786026928407853049620076930842963388102875757599323764741,0x8329bdd734ac55ee38848a6730c8cf80a604441164038d60e6e0c2acb034986c,1777076104,2026-04-25T00:15:04+00:00,0.153,clob_prices_history
62780808278969531638786026928407853049620076930842963388102875757599323764741,0x8329bdd734ac55ee38848a6730c8cf80a604441164038d60e6e0c2acb034986c,1777077005,2026-04-25T00:30:05+00:00,0.153,clob_prices_history
62780808278969531638786026928407853049620076930842963388102875757599323764741,0x8329bdd734ac55ee38848a6730c8cf80a604441164038d60e6e0c2acb034986c,1777077905,2026-04-25T00:45:05+00:00,0.153,clob_prices_history
62780808278969531638786026928407853049620076930842963388102875757599323764741,0x8329bdd734ac55ee38848a6730c8cf80a604441164038d60e6e0c2acb034986c,1777078805,2026-04-25T01:00:05+00:00,0.153,clob_prices_history
62780808278969531638786026928407853049620076930842963388102875757599323764741,0x8329bdd734ac55ee38848a6730c8cf80a604441164038d60e6e0c2acb034986c,1777079705,2026-04-25T01:15:05+00:00,0.153,clob_prices_history
62780808278969531638786026928407853049620076930842963388102875757599323764741,0x8329bdd734ac55ee38848a6730c8cf80a604441164038d60e6e0c2acb034986c,1777080604,2026-04-25T01:30:04+00:00,0.153,clob_prices_history
62780808278969531638786026928407853049620076930842963388102875757599323764741,0x8329bdd734ac55ee38848a6730c8cf80a604441164038d60e6e0c2acb034986c,1777081505,2026-04-25T01:45:05+00:00,0.153,clob_prices_history
62780808278969531638786026928407853049620076930842963388102875757599323764741,0x8329bdd734ac55ee38848a6730c8cf80a604441164038d60e6e0c2acb034986c,1777082408,2026-04-25T02:00:08+00:00,0.153,clob_prices_history
62780808278969531638786026928407853049620076930842963388102875757599323764741,0x8329bdd734ac55ee38848a6730c8cf80a604441164038d60e6e0c2acb034986c,1777083317,2026-04-25T02:15:17+00:00,0.153,clob_prices_history
62780808278969531638786026928407853049620076930842963388102875757599323764741,0x8329bdd734ac55ee38848a6730c8cf80a604441164038d60e6e0c2acb034986c,1777084206,2026-04-25T02:30:06+00:00,0.153,clob_prices_history
62780808278969531638786026928407853049620076930842963388102875757599323764741,0x8329bdd734ac55ee38848a6730c8cf80a604441164038d60e6e0c2acb034986c,1777085120,2026-04-25T02:45:20+00:00,0.153,clob_prices_history
62780808278969531638786026928407853049620076930842963388102875757599323764741,0x8329bdd734ac55ee38848a6730c8cf80a604441164038d60e6e0c2acb034986c,1777086009,2026-04-25T03:00:09+00:00,0.153,clob_prices_history
62780808278969531638786026928407853049620076930842963388102875757599323764741,0x8329bdd734ac55ee38848a6730c8cf80a604441164038d60e6e0c2acb034986c,1777086905,2026-04-25T03:15:05+00:00,0.153,clob_prices_history
62780808278969531638786026928407853049620076930842963388102875757599323764741,0x8329bdd734ac55ee38848a6730c8cf80a604441164038d60e6e0c2acb034986c,1777087806,2026-04-25T03:30:06+00:00,0.153,clob_prices_history
62780808278969531638786026928407853049620076930842963388102875757599323764741,0x8329bdd734ac55ee38848a6730c8cf80a604441164038d60e6e0c2acb034986c,1777088706,2026-04-25T03:45:06+00:00,0.153,clob_prices_history
62780808278969531638786026928407853049620076930842963388102875757599323764741,0x8329bdd734ac55ee38848a6730c8cf80a604441164038d60e6e0c2acb034986c,1777089604,2026-04-25T04:00:04+00:00,0.153,clob_prices_history
62780808278969531638786026928407853049620076930842963388102875757599323764741,0x8329bdd734ac55ee38848a6730c8cf80a604441164038d60e6e0c2acb034986c,1777090517,2026-04-25T04:15:17+00:00,0.153,clob_prices_history
62780808278969531638786026928407853049620076930842963388102875757599323764741,0x8329bdd734ac55ee38848a6730c8cf80a604441164038d60e6e0c2acb034986c,1777091406,2026-04-25T04:30:06+00:00,0.153,clob_prices_history
62780808278969531638786026928407853049620076930842963388102875757599323764741,0x8329bdd734ac55ee38848a6730c8cf80a604441164038d60e6e0c2acb034986c,1777092309,2026-04-25T04:45:09+00:00,0.1525,clob_prices_history
62780808278969531638786026928407853049620076930842963388102875757599323764741,0x8329bdd734ac55ee38848a6730c8cf80a604441164038d60e6e0c2acb034986c,1777093205,2026-04-25T05:00:05+00:00,0.1525,clob_prices_history
62780808278969531638786026928407853049620076930842963388102875757599323764741,0x8329bdd734ac55ee38848a6730c8cf80a604441164038d60e6e0c2acb034986c,1777094108,2026-04-25T05:15:08+00:00,0.153,clob_prices_history
62780808278969531638786026928407853049620076930842963388102875757599323764741,0x8329bdd734ac55ee38848a6730c8cf80a604441164038d60e6e0c2acb034986c,1777095007,2026-04-25T05:30:07+00:00,0.153,clob_prices_history
62780808278969531638786026928407853049620076930842963388102875757599323764741,0x8329bdd734ac55ee38848a6730c8cf80a604441164038d60e6e0c2acb034986c,1777095906,2026-04-25T05:45:06+00:00,0.153,clob_prices_history
62780808278969531638786026928407853049620076930842963388102875757599323764741,0x8329bdd734ac55ee38848a6730c8cf80a604441164038d60e6e0c2acb034986c,1777096822,2026-04-25T06:00:22+00:00,0.153,clob_prices_history
62780808278969531638786026928407853049620076930842963388102875757599323764741,0x8329bdd734ac55ee38848a6730c8cf80a604441164038d60e6e0c2acb034986c,1777097705,2026-04-25T06:15:05+00:00,0.153,clob_prices_history
62780808278969531638786026928407853049620076930842963388102875757599323764741,0x8329bdd734ac55ee38848a6730c8cf80a604441164038d60e6e0c2acb034986c,1777098606,2026-04-25T06:30:06+00:00,0.153,clob_prices_history
62780808278969531638786026928407853049620076930842963388102875757599323764741,0x8329bdd734ac55ee38848a6730c8cf80a604441164038d60e6e0c2acb034986c,1777099504,2026-04-25T06:45:04+00:00,0.153,clob_prices_history
62780808278969531638786026928407853049620076930842963388102875757599323764741,0x8329bdd734ac55ee38848a6730c8cf80a604441164038d60e6e0c2acb034986c,1777100409,2026-04-25T07:00:09+00:00,0.153,clob_prices_history
62780808278969531638786026928407853049620076930842963388102875757599323764741,0x8329bdd734ac55ee38848a6730c8cf80a604441164038d60e6e0c2acb034986c,1777101305,2026-04-25T07:15:05+00:00,0.153,clob_prices_history
62780808278969531638786026928407853049620076930842963388102875757599323764741,0x8329bdd734ac55ee38848a6730c8cf80a604441164038d60e6e0c2acb034986c,1777102206,2026-04-25T07:30:06+00:00,0.153,clob_prices_history
62780808278969531638786026928407853049620076930842963388102875757599323764741,0x8329bdd734ac55ee38848a6730c8cf80a604441164038d60e6e0c2acb034986c,1777103107,2026-04-25T07:45:07+00:00,0.153,clob_prices_history
62780808278969531638786026928407853049620076930842963388102875757599323764741,0x8329bdd734ac55ee38848a6730c8cf80a604441164038d60e6e0c2acb034986c,1777104010,2026-04-25T08:00:10+00:00,0.153,clob_prices_history
62780808278969531638786026928407853049620076930842963388102875757599323764741,0x8329bdd734ac55ee38848a6730c8cf80a604441164038d60e6e0c2acb034986c,1777104907,2026-04-25T08:15:07+00:00,0.153,clob_prices_history
62780808278969531638786026928407853049620076930842963388102875757599323764741,0x8329bdd734ac55ee38848a6730c8cf80a604441164038d60e6e0c2acb034986c,1777105807,2026-04-25T08:30:07+00:00,0.157,clob_prices_history
62780808278969531638786026928407853049620076930842963388102875757599323764741,0x8329bdd734ac55ee38848a6730c8cf80a604441164038d60e6e0c2acb034986c,1777106707,2026-04-25T08:45:07+00:00,0.159,clob_prices_history
62780808278969531638786026928407853049620076930842963388102875757599323764741,0x8329bdd734ac55ee38848a6730c8cf80a604441164038d60e6e0c2acb034986c,1777107617,2026-04-25T09:00:17+00:00,0.16,clob_prices_history
62780808278969531638786026928407853049620076930842963388102875757599323764741,0x8329bdd734ac55ee38848a6730c8cf80a604441164038d60e6e0c2acb034986c,1777108506,2026-04-25T09:15:06+00:00,0.1605,clob_prices_history
62780808278969531638786026928407853049620076930842963388102875757599323764741,0x8329bdd734ac55ee38848a6730c8cf80a604441164038d60e6e0c2acb034986c,1777109406,2026-04-25T09:30:06+00:00,0.161,clob_prices_history
62780808278969531638786026928407853049620076930842963388102875757599323764741,0x8329bdd734ac55ee38848a6730c8cf80a604441164038d60e6e0c2acb034986c,1777110321,2026-04-25T09:45:21+00:00,0.161,clob_prices_history
62780808278969531638786026928407853049620076930842963388102875757599323764741,0x8329bdd734ac55ee38848a6730c8cf80a604441164038d60e6e0c2acb034986c,1777111209,2026-04-25T10:00:09+00:00,0.1615,clob_prices_history
62780808278969531638786026928407853049620076930842963388102875757599323764741,0x8329bdd734ac55ee38848a6730c8cf80a604441164038d60e6e0c2acb034986c,1777112110,2026-04-25T10:15:10+00:00,0.1615,clob_prices_history
62780808278969531638786026928407853049620076930842963388102875757599323764741,0x8329bdd734ac55ee38848a6730c8cf80a604441164038d60e6e0c2acb034986c,1777113005,2026-04-25T10:30:05+00:00,0.1615,clob_prices_history
62780808278969531638786026928407853049620076930842963388102875757599323764741,0x8329bdd734ac55ee38848a6730c8cf80a604441164038d60e6e0c2acb034986c,1777113907,2026-04-25T10:45:07+00:00,0.1615,clob_prices_history
62780808278969531638786026928407853049620076930842963388102875757599323764741,0x8329bdd734ac55ee38848a6730c8cf80a604441164038d60e6e0c2acb034986c,1777114808,2026-04-25T11:00:08+00:00,0.162,clob_prices_history
62780808278969531638786026928407853049620076930842963388102875757599323764741,0x8329bdd734ac55ee38848a6730c8cf80a604441164038d60e6e0c2acb034986c,1777115708,2026-04-25T11:15:08+00:00,0.162,clob_prices_history
62780808278969531638786026928407853049620076930842963388102875757599323764741,0x8329bdd734ac55ee38848a6730c8cf80a604441164038d60e6e0c2acb034986c,1777116618,2026-04-25T11:30:18+00:00,0.162,clob_prices_history
62780808278969531638786026928407853049620076930842963388102875757599323764741,0x8329bdd734ac55ee38848a6730c8cf80a604441164038d60e6e0c2acb034986c,1777117509,2026-04-25T11:45:09+00:00,0.162,clob_prices_history
62780808278969531638786026928407853049620076930842963388102875757599323764741,0x8329bdd734ac55ee38848a6730c8cf80a604441164038d60e6e0c2acb034986c,1777118411,2026-04-25T12:00:11+00:00,0.1625,clob_prices_history
62780808278969531638786026928407853049620076930842963388102875757599323764741,0x8329bdd734ac55ee38848a6730c8cf80a604441164038d60e6e0c2acb034986c,1777119306,2026-04-25T12:15:06+00:00,0.1625,clob_prices_history
62780808278969531638786026928407853049620076930842963388102875757599323764741,0x8329bdd734ac55ee38848a6730c8cf80a604441164038d60e6e0c2acb034986c,1777120209,2026-04-25T12:30:09+00:00,0.1625,clob_prices_history
62780808278969531638786026928407853049620076930842963388102875757599323764741,0x8329bdd734ac55ee38848a6730c8cf80a604441164038d60e6e0c2acb034986c,1777121108,2026-04-25T12:45:08+00:00,0.1625,clob_prices_history
62780808278969531638786026928407853049620076930842963388102875757599323764741,0x8329bdd734ac55ee38848a6730c8cf80a604441164038d60e6e0c2acb034986c,1777122007,2026-04-25T13:00:07+00:00,0.1625,clob_prices_history
62780808278969531638786026928407853049620076930842963388102875757599323764741,0x8329bdd734ac55ee38848a6730c8cf80a604441164038d60e6e0c2acb034986c,1777122906,2026-04-25T13:15:06+00:00,0.1675,clob_prices_history
62780808278969531638786026928407853049620076930842963388102875757599323764741,0x8329bdd734ac55ee38848a6730c8cf80a604441164038d60e6e0c2acb034986c,1777123808,2026-04-25T13:30:08+00:00,0.168,clob_prices_history
62780808278969531638786026928407853049620076930842963388102875757599323764741,0x8329bdd734ac55ee38848a6730c8cf80a604441164038d60e6e0c2acb034986c,1777124713,2026-04-25T13:45:13+00:00,0.168,clob_prices_history
62780808278969531638786026928407853049620076930842963388102875757599323764741,0x8329bdd734ac55ee38848a6730c8cf80a604441164038d60e6e0c2acb034986c,1777125605,2026-04-25T14:00:05+00:00,0.168,clob_prices_history
62780808278969531638786026928407853049620076930842963388102875757599323764741,0x8329bdd734ac55ee38848a6730c8cf80a604441164038d60e6e0c2acb034986c,1777126505,2026-04-25T14:15:05+00:00,0.168,clob_prices_history
62780808278969531638786026928407853049620076930842963388102875757599323764741,0x8329bdd734ac55ee38848a6730c8cf80a604441164038d60e6e0c2acb034986c,1777127406,2026-04-25T14:30:06+00:00,0.1685,clob_prices_history
62780808278969531638786026928407853049620076930842963388102875757599323764741,0x8329bdd734ac55ee38848a6730c8cf80a604441164038d60e6e0c2acb034986c,1777128310,2026-04-25T14:45:10+00:00,0.1685,clob_prices_history
62780808278969531638786026928407853049620076930842963388102875757599323764741,0x8329bdd734ac55ee38848a6730c8cf80a604441164038d60e6e0c2acb034986c,1777129211,2026-04-25T15:00:11+00:00,0.1685,clob_prices_history
62780808278969531638786026928407853049620076930842963388102875757599323764741,0x8329bdd734ac55ee38848a6730c8cf80a604441164038d60e6e0c2acb034986c,1777130105,2026-04-25T15:15:05+00:00,0.1685,clob_prices_history
62780808278969531638786026928407853049620076930842963388102875757599323764741,0x8329bdd734ac55ee38848a6730c8cf80a604441164038d60e6e0c2acb034986c,1777131005,2026-04-25T15:30:05+00:00,0.1685,clob_prices_history
62780808278969531638786026928407853049620076930842963388102875757599323764741,0x8329bdd734ac55ee38848a6730c8cf80a604441164038d60e6e0c2acb034986c,1777131904,2026-04-25T15:45:04+00:00,0.4745,clob_prices_history
62780808278969531638786026928407853049620076930842963388102875757599323764741,0x8329bdd734ac55ee38848a6730c8cf80a604441164038d60e6e0c2acb034986c,1777132807,2026-04-25T16:00:07+00:00,0.4745,clob_prices_history
62780808278969531638786026928407853049620076930842963388102875757599323764741,0x8329bdd734ac55ee38848a6730c8cf80a604441164038d60e6e0c2acb034986c,1777133705,2026-04-25T16:15:05+00:00,0.4745,clob_prices_history
62780808278969531638786026928407853049620076930842963388102875757599323764741,0x8329bdd734ac55ee38848a6730c8cf80a604441164038d60e6e0c2acb034986c,1777134604,2026-04-25T16:30:04+00:00,0.4745,clob_prices_history
62780808278969531638786026928407853049620076930842963388102875757599323764741,0x8329bdd734ac55ee38848a6730c8cf80a604441164038d60e6e0c2acb034986c,1777135505,2026-04-25T16:45:05+00:00,0.3625,clob_prices_history
62780808278969531638786026928407853049620076930842963388102875757599323764741,0x8329bdd734ac55ee38848a6730c8cf80a604441164038d60e6e0c2acb034986c,1777136432,2026-04-25T17:00:32+00:00,0.361,clob_prices_history
62780808278969531638786026928407853049620076930842963388102875757599323764741,0x8329bdd734ac55ee38848a6730c8cf80a604441164038d60e6e0c2acb034986c,1777137304,2026-04-25T17:15:04+00:00,0.3615,clob_prices_history
62780808278969531638786026928407853049620076930842963388102875757599323764741,0x8329bdd734ac55ee38848a6730c8cf80a604441164038d60e6e0c2acb034986c,1777138206,2026-04-25T17:30:06+00:00,0.3695,clob_prices_history
62780808278969531638786026928407853049620076930842963388102875757599323764741,0x8329bdd734ac55ee38848a6730c8cf80a604441164038d60e6e0c2acb034986c,1777139105,2026-04-25T17:45:05+00:00,0.3385,clob_prices_history
62780808278969531638786026928407853049620076930842963388102875757599323764741,0x8329bdd734ac55ee38848a6730c8cf80a604441164038d60e6e0c2acb034986c,1777140010,2026-04-25T18:00:10+00:00,0.3385,clob_prices_history
62780808278969531638786026928407853049620076930842963388102875757599323764741,0x8329bdd734ac55ee38848a6730c8cf80a604441164038d60e6e0c2acb034986c,1777140906,2026-04-25T18:15:06+00:00,0.357,clob_prices_history
62780808278969531638786026928407853049620076930842963388102875757599323764741,0x8329bdd734ac55ee38848a6730c8cf80a604441164038d60e6e0c2acb034986c,1777141808,2026-04-25T18:30:08+00:00,0.3635,clob_prices_history
62780808278969531638786026928407853049620076930842963388102875757599323764741,0x8329bdd734ac55ee38848a6730c8cf80a604441164038d60e6e0c2acb034986c,1777142706,2026-04-25T18:45:06+00:00,0.3535,clob_prices_history
62780808278969531638786026928407853049620076930842963388102875757599323764741,0x8329bdd734ac55ee38848a6730c8cf80a604441164038d60e6e0c2acb034986c,1777143606,2026-04-25T19:00:06+00:00,0.3495,clob_prices_history
62780808278969531638786026928407853049620076930842963388102875757599323764741,0x8329bdd734ac55ee38848a6730c8cf80a604441164038d60e6e0c2acb034986c,1777144506,2026-04-25T19:15:06+00:00,0.3345,clob_prices_history
62780808278969531638786026928407853049620076930842963388102875757599323764741,0x8329bdd734ac55ee38848a6730c8cf80a604441164038d60e6e0c2acb034986c,1777145406,2026-04-25T19:30:06+00:00,0.3405,clob_prices_history
62780808278969531638786026928407853049620076930842963388102875757599323764741,0x8329bdd734ac55ee38848a6730c8cf80a604441164038d60e6e0c2acb034986c,1777146305,2026-04-25T19:45:05+00:00,0.334,clob_prices_history
62780808278969531638786026928407853049620076930842963388102875757599323764741,0x8329bdd734ac55ee38848a6730c8cf80a604441164038d60e6e0c2acb034986c,1777147209,2026-04-25T20:00:09+00:00,0.3215,clob_prices_history
62780808278969531638786026928407853049620076930842963388102875757599323764741,0x8329bdd734ac55ee38848a6730c8cf80a604441164038d60e6e0c2acb034986c,1777148105,2026-04-25T20:15:05+00:00,0.3035,clob_prices_history
62780808278969531638786026928407853049620076930842963388102875757599323764741,0x8329bdd734ac55ee38848a6730c8cf80a604441164038d60e6e0c2acb034986c,1777149005,2026-04-25T20:30:05+00:00,0.2995,clob_prices_history
62780808278969531638786026928407853049620076930842963388102875757599323764741,0x8329bdd734ac55ee38848a6730c8cf80a604441164038d60e6e0c2acb034986c,1777149908,2026-04-25T20:45:08+00:00,0.2985,clob_prices_history
62780808278969531638786026928407853049620076930842963388102875757599323764741,0x8329bdd734ac55ee38848a6730c8cf80a604441164038d60e6e0c2acb034986c,1777150811,2026-04-25T21:00:11+00:00,0.2965,clob_prices_history
62780808278969531638786026928407853049620076930842963388102875757599323764741,0x8329bdd734ac55ee38848a6730c8cf80a604441164038d60e6e0c2acb034986c,1777151706,2026-04-25T21:15:06+00:00,0.3045,clob_prices_history
62780808278969531638786026928407853049620076930842963388102875757599323764741,0x8329bdd734ac55ee38848a6730c8cf80a604441164038d60e6e0c2acb034986c,1777152605,2026-04-25T21:30:05+00:00,0.317,clob_prices_history
62780808278969531638786026928407853049620076930842963388102875757599323764741,0x8329bdd734ac55ee38848a6730c8cf80a604441164038d60e6e0c2acb034986c,1777153504,2026-04-25T21:45:04+00:00,0.3215,clob_prices_history
62780808278969531638786026928407853049620076930842963388102875757599323764741,0x8329bdd734ac55ee38848a6730c8cf80a604441164038d60e6e0c2acb034986c,1777154420,2026-04-25T22:00:20+00:00,0.3185,clob_prices_history
62780808278969531638786026928407853049620076930842963388102875757599323764741,0x8329bdd734ac55ee38848a6730c8cf80a604441164038d60e6e0c2acb034986c,1777155305,2026-04-25T22:15:05+00:00,0.306,clob_prices_history
62780808278969531638786026928407853049620076930842963388102875757599323764741,0x8329bdd734ac55ee38848a6730c8cf80a604441164038d60e6e0c2acb034986c,1777156207,2026-04-25T22:30:07+00:00,0.3105,clob_prices_history
62780808278969531638786026928407853049620076930842963388102875757599323764741,0x8329bdd734ac55ee38848a6730c8cf80a604441164038d60e6e0c2acb034986c,1777157107,2026-04-25T22:45:07+00:00,0.3085,clob_prices_history
62780808278969531638786026928407853049620076930842963388102875757599323764741,0x8329bdd734ac55ee38848a6730c8cf80a604441164038d60e6e0c2acb034986c,1777158006,2026-04-25T23:00:06+00:00,0.3625,clob_prices_history
62780808278969531638786026928407853049620076930842963388102875757599323764741,0x8329bdd734ac55ee38848a6730c8cf80a604441164038d60e6e0c2acb034986c,1777158905,2026-04-25T23:15:05+00:00,0.3225,clob_prices_history
62780808278969531638786026928407853049620076930842963388102875757599323764741,0x8329bdd734ac55ee38848a6730c8cf80a604441164038d60e6e0c2acb034986c,1777159818,2026-04-25T23:30:18+00:00,0.3145,clob_prices_history
62780808278969531638786026928407853049620076930842963388102875757599323764741,0x8329bdd734ac55ee38848a6730c8cf80a604441164038d60e6e0c2acb034986c,1777160705,2026-04-25T23:45:05+00:00,0.3105,clob_prices_history
62780808278969531638786026928407853049620076930842963388102875757599323764741,0x8329bdd734ac55ee38848a6730c8cf80a604441164038d60e6e0c2acb034986c,1777161610,2026-04-26T00:00:10+00:00,0.3035,clob_prices_history
62780808278969531638786026928407853049620076930842963388102875757599323764741,0x8329bdd734ac55ee38848a6730c8cf80a604441164038d60e6e0c2acb034986c,1777162506,2026-04-26T00:15:06+00:00,0.312,clob_prices_history
62780808278969531638786026928407853049620076930842963388102875757599323764741,0x8329bdd734ac55ee38848a6730c8cf80a604441164038d60e6e0c2acb034986c,1777163409,2026-04-26T00:30:09+00:00,0.3835,clob_prices_history
62780808278969531638786026928407853049620076930842963388102875757599323764741,0x8329bdd734ac55ee38848a6730c8cf80a604441164038d60e6e0c2acb034986c,1777164304,2026-04-26T00:45:04+00:00,0.1905,clob_prices_history
62780808278969531638786026928407853049620076930842963388102875757599323764741,0x8329bdd734ac55ee38848a6730c8cf80a604441164038d60e6e0c2acb034986c,1777165208,2026-04-26T01:00:08+00:00,0.1875,clob_prices_history
62780808278969531638786026928407853049620076930842963388102875757599323764741,0x8329bdd734ac55ee38848a6730c8cf80a604441164038d60e6e0c2acb034986c,1777166106,2026-04-26T01:15:06+00:00,0.1875,clob_prices_history
62780808278969531638786026928407853049620076930842963388102875757599323764741,0x8329bdd734ac55ee38848a6730c8cf80a604441164038d60e6e0c2acb034986c,1777167006,2026-04-26T01:30:06+00:00,0.1875,clob_prices_history
62780808278969531638786026928407853049620076930842963388102875757599323764741,0x8329bdd734ac55ee38848a6730c8cf80a604441164038d60e6e0c2acb034986c,1777167905,2026-04-26T01:45:05+00:00,0.1875,clob_prices_history
62780808278969531638786026928407853049620076930842963388102875757599323764741,0x8329bdd734ac55ee38848a6730c8cf80a604441164038d60e6e0c2acb034986c,1777168805,2026-04-26T02:00:05+00:00,0.2165,clob_prices_history
62780808278969531638786026928407853049620076930842963388102875757599323764741,0x8329bdd734ac55ee38848a6730c8cf80a604441164038d60e6e0c2acb034986c,1777169704,2026-04-26T02:15:04+00:00,0.187,clob_prices_history
62780808278969531638786026928407853049620076930842963388102875757599323764741,0x8329bdd734ac55ee38848a6730c8cf80a604441164038d60e6e0c2acb034986c,1777170606,2026-04-26T02:30:06+00:00,0.18,clob_prices_history
62780808278969531638786026928407853049620076930842963388102875757599323764741,0x8329bdd734ac55ee38848a6730c8cf80a604441164038d60e6e0c2acb034986c,1777171504,2026-04-26T02:45:04+00:00,0.1905,clob_prices_history
62780808278969531638786026928407853049620076930842963388102875757599323764741,0x8329bdd734ac55ee38848a6730c8cf80a604441164038d60e6e0c2acb034986c,1777172425,2026-04-26T03:00:25+00:00,0.193,clob_prices_history
62780808278969531638786026928407853049620076930842963388102875757599323764741,0x8329bdd734ac55ee38848a6730c8cf80a604441164038d60e6e0c2acb034986c,1777173321,2026-04-26T03:15:21+00:00,0.1935,clob_prices_history
62780808278969531638786026928407853049620076930842963388102875757599323764741,0x8329bdd734ac55ee38848a6730c8cf80a604441164038d60e6e0c2acb034986c,1777174206,2026-04-26T03:30:06+00:00,0.1935,clob_prices_history
62780808278969531638786026928407853049620076930842963388102875757599323764741,0x8329bdd734ac55ee38848a6730c8cf80a604441164038d60e6e0c2acb034986c,1777175104,2026-04-26T03:45:04+00:00,0.1935,clob_prices_history
62780808278969531638786026928407853049620076930842963388102875757599323764741,0x8329bdd734ac55ee38848a6730c8cf80a604441164038d60e6e0c2acb034986c,1777176004,2026-04-26T04:00:04+00:00,0.3365,clob_prices_history
62780808278969531638786026928407853049620076930842963388102875757599323764741,0x8329bdd734ac55ee38848a6730c8cf80a604441164038d60e6e0c2acb034986c,1777176909,2026-04-26T04:15:09+00:00,0.326,clob_prices_history
62780808278969531638786026928407853049620076930842963388102875757599323764741,0x8329bdd734ac55ee38848a6730c8cf80a604441164038d60e6e0c2acb034986c,1777177806,2026-04-26T04:30:06+00:00,0.197,clob_prices_history
62780808278969531638786026928407853049620076930842963388102875757599323764741,0x8329bdd734ac55ee38848a6730c8cf80a604441164038d60e6e0c2acb034986c,1777178705,2026-04-26T04:45:05+00:00,0.2095,clob_prices_history
62780808278969531638786026928407853049620076930842963388102875757599323764741,0x8329bdd734ac55ee38848a6730c8cf80a604441164038d60e6e0c2acb034986c,1777179612,2026-04-26T05:00:12+00:00,0.415,clob_prices_history
62780808278969531638786026928407853049620076930842963388102875757599323764741,0x8329bdd734ac55ee38848a6730c8cf80a604441164038d60e6e0c2acb034986c,1777180505,2026-04-26T05:15:05+00:00,0.1925,clob_prices_history
62780808278969531638786026928407853049620076930842963388102875757599323764741,0x8329bdd734ac55ee38848a6730c8cf80a604441164038d60e6e0c2acb034986c,1777181407,2026-04-26T05:30:07+00:00,0.1925,clob_prices_history
62780808278969531638786026928407853049620076930842963388102875757599323764741,0x8329bdd734ac55ee38848a6730c8cf80a604441164038d60e6e0c2acb034986c,1777182305,2026-04-26T05:45:05+00:00,0.3675,clob_prices_history
62780808278969531638786026928407853049620076930842963388102875757599323764741,0x8329bdd734ac55ee38848a6730c8cf80a604441164038d60e6e0c2acb034986c,1777183209,2026-04-26T06:00:09+00:00,0.1925,clob_prices_history
62780808278969531638786026928407853049620076930842963388102875757599323764741,0x8329bdd734ac55ee38848a6730c8cf80a604441164038d60e6e0c2acb034986c,1777184116,2026-04-26T06:15:16+00:00,0.363,clob_prices_history
62780808278969531638786026928407853049620076930842963388102875757599323764741,0x8329bdd734ac55ee38848a6730c8cf80a604441164038d60e6e0c2acb034986c,1777185006,2026-04-26T06:30:06+00:00,0.1955,clob_prices_history
62780808278969531638786026928407853049620076930842963388102875757599323764741,0x8329bdd734ac55ee38848a6730c8cf80a604441164038d60e6e0c2acb034986c,1777185904,2026-04-26T06:45:04+00:00,0.1955,clob_prices_history
62780808278969531638786026928407853049620076930842963388102875757599323764741,0x8329bdd734ac55ee38848a6730c8cf80a604441164038d60e6e0c2acb034986c,1777186806,2026-04-26T07:00:06+00:00,0.195,clob_prices_history
62780808278969531638786026928407853049620076930842963388102875757599323764741,0x8329bdd734ac55ee38848a6730c8cf80a604441164038d60e6e0c2acb034986c,1777187704,2026-04-26T07:15:04+00:00,0.195,clob_prices_history
62780808278969531638786026928407853049620076930842963388102875757599323764741,0x8329bdd734ac55ee38848a6730c8cf80a604441164038d60e6e0c2acb034986c,1777188607,2026-04-26T07:30:07+00:00,0.357,clob_prices_history
62780808278969531638786026928407853049620076930842963388102875757599323764741,0x8329bdd734ac55ee38848a6730c8cf80a604441164038d60e6e0c2acb034986c,1777189519,2026-04-26T07:45:19+00:00,0.279,clob_prices_history
62780808278969531638786026928407853049620076930842963388102875757599323764741,0x8329bdd734ac55ee38848a6730c8cf80a604441164038d60e6e0c2acb034986c,1777190411,2026-04-26T08:00:11+00:00,0.276,clob_prices_history
62780808278969531638786026928407853049620076930842963388102875757599323764741,0x8329bdd734ac55ee38848a6730c8cf80a604441164038d60e6e0c2acb034986c,1777191306,2026-04-26T08:15:06+00:00,0.311,clob_prices_history
62780808278969531638786026928407853049620076930842963388102875757599323764741,0x8329bdd734ac55ee38848a6730c8cf80a604441164038d60e6e0c2acb034986c,1777192206,2026-04-26T08:30:06+00:00,0.2635,clob_prices_history
62780808278969531638786026928407853049620076930842963388102875757599323764741,0x8329bdd734ac55ee38848a6730c8cf80a604441164038d60e6e0c2acb034986c,1777193106,2026-04-26T08:45:06+00:00,0.24,clob_prices_history
62780808278969531638786026928407853049620076930842963388102875757599323764741,0x8329bdd734ac55ee38848a6730c8cf80a604441164038d60e6e0c2acb034986c,1777194011,2026-04-26T09:00:11+00:00,0.2635,clob_prices_history
62780808278969531638786026928407853049620076930842963388102875757599323764741,0x8329bdd734ac55ee38848a6730c8cf80a604441164038d60e6e0c2acb034986c,1777194908,2026-04-26T09:15:08+00:00,0.2635,clob_prices_history
62780808278969531638786026928407853049620076930842963388102875757599323764741,0x8329bdd734ac55ee38848a6730c8cf80a604441164038d60e6e0c2acb034986c,1777195807,2026-04-26T09:30:07+00:00,0.257,clob_prices_history
62780808278969531638786026928407853049620076930842963388102875757599323764741,0x8329bdd734ac55ee38848a6730c8cf80a604441164038d60e6e0c2acb034986c,1777196705,2026-04-26T09:45:05+00:00,0.257,clob_prices_history
62780808278969531638786026928407853049620076930842963388102875757599323764741,0x8329bdd734ac55ee38848a6730c8cf80a604441164038d60e6e0c2acb034986c,1777197609,2026-04-26T10:00:09+00:00,0.257,clob_prices_history
62780808278969531638786026928407853049620076930842963388102875757599323764741,0x8329bdd734ac55ee38848a6730c8cf80a604441164038d60e6e0c2acb034986c,1777198505,2026-04-26T10:15:05+00:00,0.257,clob_prices_history
62780808278969531638786026928407853049620076930842963388102875757599323764741,0x8329bdd734ac55ee38848a6730c8cf80a604441164038d60e6e0c2acb034986c,1777199423,2026-04-26T10:30:23+00:00,0.257,clob_prices_history
62780808278969531638786026928407853049620076930842963388102875757599323764741,0x8329bdd734ac55ee38848a6730c8cf80a604441164038d60e6e0c2acb034986c,1777200304,2026-04-26T10:45:04+00:00,0.257,clob_prices_history
62780808278969531638786026928407853049620076930842963388102875757599323764741,0x8329bdd734ac55ee38848a6730c8cf80a604441164038d60e6e0c2acb034986c,1777201208,2026-04-26T11:00:08+00:00,0.257,clob_prices_history
62780808278969531638786026928407853049620076930842963388102875757599323764741,0x8329bdd734ac55ee38848a6730c8cf80a604441164038d60e6e0c2acb034986c,1777202105,2026-04-26T11:15:05+00:00,0.257,clob_prices_history
62780808278969531638786026928407853049620076930842963388102875757599323764741,0x8329bdd734ac55ee38848a6730c8cf80a604441164038d60e6e0c2acb034986c,1777203007,2026-04-26T11:30:07+00:00,0.257,clob_prices_history
62780808278969531638786026928407853049620076930842963388102875757599323764741,0x8329bdd734ac55ee38848a6730c8cf80a604441164038d60e6e0c2acb034986c,1777203905,2026-04-26T11:45:05+00:00,0.2565,clob_prices_history
62780808278969531638786026928407853049620076930842963388102875757599323764741,0x8329bdd734ac55ee38848a6730c8cf80a604441164038d60e6e0c2acb034986c,1777204813,2026-04-26T12:00:13+00:00,0.2565,clob_prices_history
62780808278969531638786026928407853049620076930842963388102875757599323764741,0x8329bdd734ac55ee38848a6730c8cf80a604441164038d60e6e0c2acb034986c,1777205708,2026-04-26T12:15:08+00:00,0.2565,clob_prices_history
62780808278969531638786026928407853049620076930842963388102875757599323764741,0x8329bdd734ac55ee38848a6730c8cf80a604441164038d60e6e0c2acb034986c,1777206607,2026-04-26T12:30:07+00:00,0.257,clob_prices_history
62780808278969531638786026928407853049620076930842963388102875757599323764741,0x8329bdd734ac55ee38848a6730c8cf80a604441164038d60e6e0c2acb034986c,1777207518,2026-04-26T12:45:18+00:00,0.231,clob_prices_history
62780808278969531638786026928407853049620076930842963388102875757599323764741,0x8329bdd734ac55ee38848a6730c8cf80a604441164038d60e6e0c2acb034986c,1777208409,2026-04-26T13:00:09+00:00,0.2185,clob_prices_history
62780808278969531638786026928407853049620076930842963388102875757599323764741,0x8329bdd734ac55ee38848a6730c8cf80a604441164038d60e6e0c2acb034986c,1777209304,2026-04-26T13:15:04+00:00,0.219,clob_prices_history
62780808278969531638786026928407853049620076930842963388102875757599323764741,0x8329bdd734ac55ee38848a6730c8cf80a604441164038d60e6e0c2acb034986c,1777210208,2026-04-26T13:30:08+00:00,0.2155,clob_prices_history
62780808278969531638786026928407853049620076930842963388102875757599323764741,0x8329bdd734ac55ee38848a6730c8cf80a604441164038d60e6e0c2acb034986c,1777211107,2026-04-26T13:45:07+00:00,0.2155,clob_prices_history
62780808278969531638786026928407853049620076930842963388102875757599323764741,0x8329bdd734ac55ee38848a6730c8cf80a604441164038d60e6e0c2acb034986c,1777212011,2026-04-26T14:00:11+00:00,0.214,clob_prices_history
62780808278969531638786026928407853049620076930842963388102875757599323764741,0x8329bdd734ac55ee38848a6730c8cf80a604441164038d60e6e0c2acb034986c,1777212905,2026-04-26T14:15:05+00:00,0.214,clob_prices_history
62780808278969531638786026928407853049620076930842963388102875757599323764741,0x8329bdd734ac55ee38848a6730c8cf80a604441164038d60e6e0c2acb034986c,1777213808,2026-04-26T14:30:08+00:00,0.213,clob_prices_history
62780808278969531638786026928407853049620076930842963388102875757599323764741,0x8329bdd734ac55ee38848a6730c8cf80a604441164038d60e6e0c2acb034986c,1777214707,2026-04-26T14:45:07+00:00,0.2095,clob_prices_history
62780808278969531638786026928407853049620076930842963388102875757599323764741,0x8329bdd734ac55ee38848a6730c8cf80a604441164038d60e6e0c2acb034986c,1777215611,2026-04-26T15:00:11+00:00,0.2095,clob_prices_history
62780808278969531638786026928407853049620076930842963388102875757599323764741,0x8329bdd734ac55ee38848a6730c8cf80a604441164038d60e6e0c2acb034986c,1777216522,2026-04-26T15:15:22+00:00,0.2095,clob_prices_history
62780808278969531638786026928407853049620076930842963388102875757599323764741,0x8329bdd734ac55ee38848a6730c8cf80a604441164038d60e6e0c2acb034986c,1777217406,2026-04-26T15:30:06+00:00,0.2095,clob_prices_history
62780808278969531638786026928407853049620076930842963388102875757599323764741,0x8329bdd734ac55ee38848a6730c8cf80a604441164038d60e6e0c2acb034986c,1777218306,2026-04-26T15:45:06+00:00,0.2015,clob_prices_history
62780808278969531638786026928407853049620076930842963388102875757599323764741,0x8329bdd734ac55ee38848a6730c8cf80a604441164038d60e6e0c2acb034986c,1777219208,2026-04-26T16:00:08+00:00,0.202,clob_prices_history
62780808278969531638786026928407853049620076930842963388102875757599323764741,0x8329bdd734ac55ee38848a6730c8cf80a604441164038d60e6e0c2acb034986c,1777220106,2026-04-26T16:15:06+00:00,0.3515,clob_prices_history
62780808278969531638786026928407853049620076930842963388102875757599323764741,0x8329bdd734ac55ee38848a6730c8cf80a604441164038d60e6e0c2acb034986c,1777221006,2026-04-26T16:30:06+00:00,0.28,clob_prices_history
62780808278969531638786026928407853049620076930842963388102875757599323764741,0x8329bdd734ac55ee38848a6730c8cf80a604441164038d60e6e0c2acb034986c,1777221907,2026-04-26T16:45:07+00:00,0.207,clob_prices_history
62780808278969531638786026928407853049620076930842963388102875757599323764741,0x8329bdd734ac55ee38848a6730c8cf80a604441164038d60e6e0c2acb034986c,1777222810,2026-04-26T17:00:10+00:00,0.248,clob_prices_history
62780808278969531638786026928407853049620076930842963388102875757599323764741,0x8329bdd734ac55ee38848a6730c8cf80a604441164038d60e6e0c2acb034986c,1777223708,2026-04-26T17:15:08+00:00,0.2445,clob_prices_history
62780808278969531638786026928407853049620076930842963388102875757599323764741,0x8329bdd734ac55ee38848a6730c8cf80a604441164038d60e6e0c2acb034986c,1777224608,2026-04-26T17:30:08+00:00,0.2425,clob_prices_history
62780808278969531638786026928407853049620076930842963388102875757599323764741,0x8329bdd734ac55ee38848a6730c8cf80a604441164038d60e6e0c2acb034986c,1777225521,2026-04-26T17:45:21+00:00,0.249,clob_prices_history
62780808278969531638786026928407853049620076930842963388102875757599323764741,0x8329bdd734ac55ee38848a6730c8cf80a604441164038d60e6e0c2acb034986c,1777226427,2026-04-26T18:00:27+00:00,0.2445,clob_prices_history
62780808278969531638786026928407853049620076930842963388102875757599323764741,0x8329bdd734ac55ee38848a6730c8cf80a604441164038d60e6e0c2acb034986c,1777227307,2026-04-26T18:15:07+00:00,0.2365,clob_prices_history
62780808278969531638786026928407853049620076930842963388102875757599323764741,0x8329bdd734ac55ee38848a6730c8cf80a604441164038d60e6e0c2acb034986c,1777228209,2026-04-26T18:30:09+00:00,0.235,clob_prices_history
62780808278969531638786026928407853049620076930842963388102875757599323764741,0x8329bdd734ac55ee38848a6730c8cf80a604441164038d60e6e0c2acb034986c,1777229107,2026-04-26T18:45:07+00:00,0.2185,clob_prices_history
62780808278969531638786026928407853049620076930842963388102875757599323764741,0x8329bdd734ac55ee38848a6730c8cf80a604441164038d60e6e0c2acb034986c,1777230007,2026-04-26T19:00:07+00:00,0.22,clob_prices_history
62780808278969531638786026928407853049620076930842963388102875757599323764741,0x8329bdd734ac55ee38848a6730c8cf80a604441164038d60e6e0c2acb034986c,1777230906,2026-04-26T19:15:06+00:00,0.22,clob_prices_history
62780808278969531638786026928407853049620076930842963388102875757599323764741,0x8329bdd734ac55ee38848a6730c8cf80a604441164038d60e6e0c2acb034986c,1777231808,2026-04-26T19:30:08+00:00,0.27,clob_prices_history
62780808278969531638786026928407853049620076930842963388102875757599323764741,0x8329bdd734ac55ee38848a6730c8cf80a604441164038d60e6e0c2acb034986c,1777232710,2026-04-26T19:45:10+00:00,0.244,clob_prices_history
62780808278969531638786026928407853049620076930842963388102875757599323764741,0x8329bdd734ac55ee38848a6730c8cf80a604441164038d60e6e0c2acb034986c,1777233608,2026-04-26T20:00:08+00:00,0.2625,clob_prices_history
62780808278969531638786026928407853049620076930842963388102875757599323764741,0x8329bdd734ac55ee38848a6730c8cf80a604441164038d60e6e0c2acb034986c,1777234507,2026-04-26T20:15:07+00:00,0.246,clob_prices_history
62780808278969531638786026928407853049620076930842963388102875757599323764741,0x8329bdd734ac55ee38848a6730c8cf80a604441164038d60e6e0c2acb034986c,1777235413,2026-04-26T20:30:13+00:00,0.236,clob_prices_history
62780808278969531638786026928407853049620076930842963388102875757599323764741,0x8329bdd734ac55ee38848a6730c8cf80a604441164038d60e6e0c2acb034986c,1777236305,2026-04-26T20:45:05+00:00,0.23,clob_prices_history
62780808278969531638786026928407853049620076930842963388102875757599323764741,0x8329bdd734ac55ee38848a6730c8cf80a604441164038d60e6e0c2acb034986c,1777237214,2026-04-26T21:00:14+00:00,0.2275,clob_prices_history
62780808278969531638786026928407853049620076930842963388102875757599323764741,0x8329bdd734ac55ee38848a6730c8cf80a604441164038d60e6e0c2acb034986c,1777238106,2026-04-26T21:15:06+00:00,0.226,clob_prices_history
62780808278969531638786026928407853049620076930842963388102875757599323764741,0x8329bdd734ac55ee38848a6730c8cf80a604441164038d60e6e0c2acb034986c,1777239007,2026-04-26T21:30:07+00:00,0.2255,clob_prices_history
62780808278969531638786026928407853049620076930842963388102875757599323764741,0x8329bdd734ac55ee38848a6730c8cf80a604441164038d60e6e0c2acb034986c,1777239921,2026-04-26T21:45:21+00:00,0.2255,clob_prices_history
62780808278969531638786026928407853049620076930842963388102875757599323764741,0x8329bdd734ac55ee38848a6730c8cf80a604441164038d60e6e0c2acb034986c,1777240808,2026-04-26T22:00:08+00:00,0.2305,clob_prices_history
62780808278969531638786026928407853049620076930842963388102875757599323764741,0x8329bdd734ac55ee38848a6730c8cf80a604441164038d60e6e0c2acb034986c,1777241707,2026-04-26T22:15:07+00:00,0.23,clob_prices_history
62780808278969531638786026928407853049620076930842963388102875757599323764741,0x8329bdd734ac55ee38848a6730c8cf80a604441164038d60e6e0c2acb034986c,1777242606,2026-04-26T22:30:06+00:00,0.2325,clob_prices_history
62780808278969531638786026928407853049620076930842963388102875757599323764741,0x8329bdd734ac55ee38848a6730c8cf80a604441164038d60e6e0c2acb034986c,1777243505,2026-04-26T22:45:05+00:00,0.2345,clob_prices_history
62780808278969531638786026928407853049620076930842963388102875757599323764741,0x8329bdd734ac55ee38848a6730c8cf80a604441164038d60e6e0c2acb034986c,1777244406,2026-04-26T23:00:06+00:00,0.2345,clob_prices_history
62780808278969531638786026928407853049620076930842963388102875757599323764741,0x8329bdd734ac55ee38848a6730c8cf80a604441164038d60e6e0c2acb034986c,1777245306,2026-04-26T23:15:06+00:00,0.2345,clob_prices_history
62780808278969531638786026928407853049620076930842963388102875757599323764741,0x8329bdd734ac55ee38848a6730c8cf80a604441164038d60e6e0c2acb034986c,1777246209,2026-04-26T23:30:09+00:00,0.2345,clob_prices_history
62780808278969531638786026928407853049620076930842963388102875757599323764741,0x8329bdd734ac55ee38848a6730c8cf80a604441164038d60e6e0c2acb034986c,1777247104,2026-04-26T23:45:04+00:00,0.2345,clob_prices_history
62780808278969531638786026928407853049620076930842963388102875757599323764741,0x8329bdd734ac55ee38848a6730c8cf80a604441164038d60e6e0c2acb034986c,1777248014,2026-04-27T00:00:14+00:00,0.2345,clob_prices_history
62780808278969531638786026928407853049620076930842963388102875757599323764741,0x8329bdd734ac55ee38848a6730c8cf80a604441164038d60e6e0c2acb034986c,1777248918,2026-04-27T00:15:18+00:00,0.2345,clob_prices_history
62780808278969531638786026928407853049620076930842963388102875757599323764741,0x8329bdd734ac55ee38848a6730c8cf80a604441164038d60e6e0c2acb034986c,1777249806,2026-04-27T00:30:06+00:00,0.2345,clob_prices_history
62780808278969531638786026928407853049620076930842963388102875757599323764741,0x8329bdd734ac55ee38848a6730c8cf80a604441164038d60e6e0c2acb034986c,1777250704,2026-04-27T00:45:04+00:00,0.2345,clob_prices_history
62780808278969531638786026928407853049620076930842963388102875757599323764741,0x8329bdd734ac55ee38848a6730c8cf80a604441164038d60e6e0c2acb034986c,1777251605,2026-04-27T01:00:05+00:00,0.2345,clob_prices_history
62780808278969531638786026928407853049620076930842963388102875757599323764741,0x8329bdd734ac55ee38848a6730c8cf80a604441164038d60e6e0c2acb034986c,1777252504,2026-04-27T01:15:04+00:00,0.2345,clob_prices_history
62780808278969531638786026928407853049620076930842963388102875757599323764741,0x8329bdd734ac55ee38848a6730c8cf80a604441164038d60e6e0c2acb034986c,1777253407,2026-04-27T01:30:07+00:00,0.236,clob_prices_history
62780808278969531638786026928407853049620076930842963388102875757599323764741,0x8329bdd734ac55ee38848a6730c8cf80a604441164038d60e6e0c2acb034986c,1777254308,2026-04-27T01:45:08+00:00,0.235,clob_prices_history
62780808278969531638786026928407853049620076930842963388102875757599323764741,0x8329bdd734ac55ee38848a6730c8cf80a604441164038d60e6e0c2acb034986c,1777255207,2026-04-27T02:00:07+00:00,0.235,clob_prices_history
62780808278969531638786026928407853049620076930842963388102875757599323764741,0x8329bdd734ac55ee38848a6730c8cf80a604441164038d60e6e0c2acb034986c,1777256105,2026-04-27T02:15:05+00:00,0.2345,clob_prices_history
62780808278969531638786026928407853049620076930842963388102875757599323764741,0x8329bdd734ac55ee38848a6730c8cf80a604441164038d60e6e0c2acb034986c,1777257009,2026-04-27T02:30:09+00:00,0.2345,clob_prices_history
62780808278969531638786026928407853049620076930842963388102875757599323764741,0x8329bdd734ac55ee38848a6730c8cf80a604441164038d60e6e0c2acb034986c,1777257905,2026-04-27T02:45:05+00:00,0.2345,clob_prices_history
62780808278969531638786026928407853049620076930842963388102875757599323764741,0x8329bdd734ac55ee38848a6730c8cf80a604441164038d60e6e0c2acb034986c,1777258813,2026-04-27T03:00:13+00:00,0.2345,clob_prices_history
62780808278969531638786026928407853049620076930842963388102875757599323764741,0x8329bdd734ac55ee38848a6730c8cf80a604441164038d60e6e0c2acb034986c,1777259704,2026-04-27T03:15:04+00:00,0.2345,clob_prices_history
62780808278969531638786026928407853049620076930842963388102875757599323764741,0x8329bdd734ac55ee38848a6730c8cf80a604441164038d60e6e0c2acb034986c,1777260606,2026-04-27T03:30:06+00:00,0.236,clob_prices_history
62780808278969531638786026928407853049620076930842963388102875757599323764741,0x8329bdd734ac55ee38848a6730c8cf80a604441164038d60e6e0c2acb034986c,1777261505,2026-04-27T03:45:05+00:00,0.2455,clob_prices_history
62780808278969531638786026928407853049620076930842963388102875757599323764741,0x8329bdd734ac55ee38848a6730c8cf80a604441164038d60e6e0c2acb034986c,1777262408,2026-04-27T04:00:08+00:00,0.2455,clob_prices_history
62780808278969531638786026928407853049620076930842963388102875757599323764741,0x8329bdd734ac55ee38848a6730c8cf80a604441164038d60e6e0c2acb034986c,1777263306,2026-04-27T04:15:06+00:00,0.2455,clob_prices_history
62780808278969531638786026928407853049620076930842963388102875757599323764741,0x8329bdd734ac55ee38848a6730c8cf80a604441164038d60e6e0c2acb034986c,1777264207,2026-04-27T04:30:07+00:00,0.2455,clob_prices_history
62780808278969531638786026928407853049620076930842963388102875757599323764741,0x8329bdd734ac55ee38848a6730c8cf80a604441164038d60e6e0c2acb034986c,1777265120,2026-04-27T04:45:20+00:00,0.2455,clob_prices_history
62780808278969531638786026928407853049620076930842963388102875757599323764741,0x8329bdd734ac55ee38848a6730c8cf80a604441164038d60e6e0c2acb034986c,1777266012,2026-04-27T05:00:12+00:00,0.2455,clob_prices_history
62780808278969531638786026928407853049620076930842963388102875757599323764741,0x8329bdd734ac55ee38848a6730c8cf80a604441164038d60e6e0c2acb034986c,1777266905,2026-04-27T05:15:05+00:00,0.2455,clob_prices_history
62780808278969531638786026928407853049620076930842963388102875757599323764741,0x8329bdd734ac55ee38848a6730c8cf80a604441164038d60e6e0c2acb034986c,1777267810,2026-04-27T05:30:10+00:00,0.2455,clob_prices_history
62780808278969531638786026928407853049620076930842963388102875757599323764741,0x8329bdd734ac55ee38848a6730c8cf80a604441164038d60e6e0c2acb034986c,1777268706,2026-04-27T05:45:06+00:00,0.2455,clob_prices_history
62780808278969531638786026928407853049620076930842963388102875757599323764741,0x8329bdd734ac55ee38848a6730c8cf80a604441164038d60e6e0c2acb034986c,1777269611,2026-04-27T06:00:11+00:00,0.2455,clob_prices_history
62780808278969531638786026928407853049620076930842963388102875757599323764741,0x8329bdd734ac55ee38848a6730c8cf80a604441164038d60e6e0c2acb034986c,1777270505,2026-04-27T06:15:05+00:00,0.2455,clob_prices_history
62780808278969531638786026928407853049620076930842963388102875757599323764741,0x8329bdd734ac55ee38848a6730c8cf80a604441164038d60e6e0c2acb034986c,1777271410,2026-04-27T06:30:10+00:00,0.3005,clob_prices_history
62780808278969531638786026928407853049620076930842963388102875757599323764741,0x8329bdd734ac55ee38848a6730c8cf80a604441164038d60e6e0c2acb034986c,1777272304,2026-04-27T06:45:04+00:00,0.19,clob_prices_history
62780808278969531638786026928407853049620076930842963388102875757599323764741,0x8329bdd734ac55ee38848a6730c8cf80a604441164038d60e6e0c2acb034986c,1777273207,2026-04-27T07:00:07+00:00,0.19,clob_prices_history
62780808278969531638786026928407853049620076930842963388102875757599323764741,0x8329bdd734ac55ee38848a6730c8cf80a604441164038d60e6e0c2acb034986c,1777274107,2026-04-27T07:15:07+00:00,0.2965,clob_prices_history
62780808278969531638786026928407853049620076930842963388102875757599323764741,0x8329bdd734ac55ee38848a6730c8cf80a604441164038d60e6e0c2acb034986c,1777275005,2026-04-27T07:30:05+00:00,0.284,clob_prices_history
62780808278969531638786026928407853049620076930842963388102875757599323764741,0x8329bdd734ac55ee38848a6730c8cf80a604441164038d60e6e0c2acb034986c,1777275905,2026-04-27T07:45:05+00:00,0.254,clob_prices_history
62780808278969531638786026928407853049620076930842963388102875757599323764741,0x8329bdd734ac55ee38848a6730c8cf80a604441164038d60e6e0c2acb034986c,1777276819,2026-04-27T08:00:19+00:00,0.2115,clob_prices_history
62780808278969531638786026928407853049620076930842963388102875757599323764741,0x8329bdd734ac55ee38848a6730c8cf80a604441164038d60e6e0c2acb034986c,1777277706,2026-04-27T08:15:06+00:00,0.221,clob_prices_history
62780808278969531638786026928407853049620076930842963388102875757599323764741,0x8329bdd734ac55ee38848a6730c8cf80a604441164038d60e6e0c2acb034986c,1777278607,2026-04-27T08:30:07+00:00,0.2205,clob_prices_history
62780808278969531638786026928407853049620076930842963388102875757599323764741,0x8329bdd734ac55ee38848a6730c8cf80a604441164038d60e6e0c2acb034986c,1777279505,2026-04-27T08:45:05+00:00,0.2205,clob_prices_history
62780808278969531638786026928407853049620076930842963388102875757599323764741,0x8329bdd734ac55ee38848a6730c8cf80a604441164038d60e6e0c2acb034986c,1777280411,2026-04-27T09:00:11+00:00,0.22,clob_prices_history
62780808278969531638786026928407853049620076930842963388102875757599323764741,0x8329bdd734ac55ee38848a6730c8cf80a604441164038d60e6e0c2acb034986c,1777281306,2026-04-27T09:15:06+00:00,0.22,clob_prices_history
62780808278969531638786026928407853049620076930842963388102875757599323764741,0x8329bdd734ac55ee38848a6730c8cf80a604441164038d60e6e0c2acb034986c,1777282208,2026-04-27T09:30:08+00:00,0.22,clob_prices_history
62780808278969531638786026928407853049620076930842963388102875757599323764741,0x8329bdd734ac55ee38848a6730c8cf80a604441164038d60e6e0c2acb034986c,1777283116,2026-04-27T09:45:16+00:00,0.22,clob_prices_history
62780808278969531638786026928407853049620076930842963388102875757599323764741,0x8329bdd734ac55ee38848a6730c8cf80a604441164038d60e6e0c2acb034986c,1777284007,2026-04-27T10:00:07+00:00,0.2205,clob_prices_history
62780808278969531638786026928407853049620076930842963388102875757599323764741,0x8329bdd734ac55ee38848a6730c8cf80a604441164038d60e6e0c2acb034986c,1777284904,2026-04-27T10:15:04+00:00,0.22,clob_prices_history
62780808278969531638786026928407853049620076930842963388102875757599323764741,0x8329bdd734ac55ee38848a6730c8cf80a604441164038d60e6e0c2acb034986c,1777285808,2026-04-27T10:30:08+00:00,0.2205,clob_prices_history
62780808278969531638786026928407853049620076930842963388102875757599323764741,0x8329bdd734ac55ee38848a6730c8cf80a604441164038d60e6e0c2acb034986c,1777286705,2026-04-27T10:45:05+00:00,0.22,clob_prices_history
62780808278969531638786026928407853049620076930842963388102875757599323764741,0x8329bdd734ac55ee38848a6730c8cf80a604441164038d60e6e0c2acb034986c,1777287605,2026-04-27T11:00:05+00:00,0.22,clob_prices_history
62780808278969531638786026928407853049620076930842963388102875757599323764741,0x8329bdd734ac55ee38848a6730c8cf80a604441164038d60e6e0c2acb034986c,1777288506,2026-04-27T11:15:06+00:00,0.22,clob_prices_history
62780808278969531638786026928407853049620076930842963388102875757599323764741,0x8329bdd734ac55ee38848a6730c8cf80a604441164038d60e6e0c2acb034986c,1777289409,2026-04-27T11:30:09+00:00,0.22,clob_prices_history
62780808278969531638786026928407853049620076930842963388102875757599323764741,0x8329bdd734ac55ee38848a6730c8cf80a604441164038d60e6e0c2acb034986c,1777290305,2026-04-27T11:45:05+00:00,0.22,clob_prices_history
62780808278969531638786026928407853049620076930842963388102875757599323764741,0x8329bdd734ac55ee38848a6730c8cf80a604441164038d60e6e0c2acb034986c,1777291225,2026-04-27T12:00:25+00:00,0.22,clob_prices_history
62780808278969531638786026928407853049620076930842963388102875757599323764741,0x8329bdd734ac55ee38848a6730c8cf80a604441164038d60e6e0c2acb034986c,1777292105,2026-04-27T12:15:05+00:00,0.22,clob_prices_history
62780808278969531638786026928407853049620076930842963388102875757599323764741,0x8329bdd734ac55ee38848a6730c8cf80a604441164038d60e6e0c2acb034986c,1777293010,2026-04-27T12:30:10+00:00,0.22,clob_prices_history
62780808278969531638786026928407853049620076930842963388102875757599323764741,0x8329bdd734ac55ee38848a6730c8cf80a604441164038d60e6e0c2acb034986c,1777293918,2026-04-27T12:45:18+00:00,0.22,clob_prices_history
62780808278969531638786026928407853049620076930842963388102875757599323764741,0x8329bdd734ac55ee38848a6730c8cf80a604441164038d60e6e0c2acb034986c,1777294811,2026-04-27T13:00:11+00:00,0.22,clob_prices_history
62780808278969531638786026928407853049620076930842963388102875757599323764741,0x8329bdd734ac55ee38848a6730c8cf80a604441164038d60e6e0c2acb034986c,1777295704,2026-04-27T13:15:04+00:00,0.22,clob_prices_history
62780808278969531638786026928407853049620076930842963388102875757599323764741,0x8329bdd734ac55ee38848a6730c8cf80a604441164038d60e6e0c2acb034986c,1777296623,2026-04-27T13:30:23+00:00,0.22,clob_prices_history
62780808278969531638786026928407853049620076930842963388102875757599323764741,0x8329bdd734ac55ee38848a6730c8cf80a604441164038d60e6e0c2acb034986c,1777297507,2026-04-27T13:45:07+00:00,0.216,clob_prices_history
62780808278969531638786026928407853049620076930842963388102875757599323764741,0x8329bdd734ac55ee38848a6730c8cf80a604441164038d60e6e0c2acb034986c,1777298409,2026-04-27T14:00:09+00:00,0.2065,clob_prices_history
62780808278969531638786026928407853049620076930842963388102875757599323764741,0x8329bdd734ac55ee38848a6730c8cf80a604441164038d60e6e0c2acb034986c,1777299308,2026-04-27T14:15:08+00:00,0.206,clob_prices_history
62780808278969531638786026928407853049620076930842963388102875757599323764741,0x8329bdd734ac55ee38848a6730c8cf80a604441164038d60e6e0c2acb034986c,1777300208,2026-04-27T14:30:08+00:00,0.211,clob_prices_history
62780808278969531638786026928407853049620076930842963388102875757599323764741,0x8329bdd734ac55ee38848a6730c8cf80a604441164038d60e6e0c2acb034986c,1777301105,2026-04-27T14:45:05+00:00,0.211,clob_prices_history
62780808278969531638786026928407853049620076930842963388102875757599323764741,0x8329bdd734ac55ee38848a6730c8cf80a604441164038d60e6e0c2acb034986c,1777302017,2026-04-27T15:00:17+00:00,0.211,clob_prices_history
62780808278969531638786026928407853049620076930842963388102875757599323764741,0x8329bdd734ac55ee38848a6730c8cf80a604441164038d60e6e0c2acb034986c,1777302905,2026-04-27T15:15:05+00:00,0.211,clob_prices_history
62780808278969531638786026928407853049620076930842963388102875757599323764741,0x8329bdd734ac55ee38848a6730c8cf80a604441164038d60e6e0c2acb034986c,1777303809,2026-04-27T15:30:09+00:00,0.212,clob_prices_history
62780808278969531638786026928407853049620076930842963388102875757599323764741,0x8329bdd734ac55ee38848a6730c8cf80a604441164038d60e6e0c2acb034986c,1777304706,2026-04-27T15:45:06+00:00,0.212,clob_prices_history
62780808278969531638786026928407853049620076930842963388102875757599323764741,0x8329bdd734ac55ee38848a6730c8cf80a604441164038d60e6e0c2acb034986c,1777305613,2026-04-27T16:00:13+00:00,0.212,clob_prices_history
62780808278969531638786026928407853049620076930842963388102875757599323764741,0x8329bdd734ac55ee38848a6730c8cf80a604441164038d60e6e0c2acb034986c,1777306511,2026-04-27T16:15:11+00:00,0.212,clob_prices_history
62780808278969531638786026928407853049620076930842963388102875757599323764741,0x8329bdd734ac55ee38848a6730c8cf80a604441164038d60e6e0c2acb034986c,1777307424,2026-04-27T16:30:24+00:00,0.211,clob_prices_history
62780808278969531638786026928407853049620076930842963388102875757599323764741,0x8329bdd734ac55ee38848a6730c8cf80a604441164038d60e6e0c2acb034986c,1777308309,2026-04-27T16:45:09+00:00,0.211,clob_prices_history
62780808278969531638786026928407853049620076930842963388102875757599323764741,0x8329bdd734ac55ee38848a6730c8cf80a604441164038d60e6e0c2acb034986c,1777309213,2026-04-27T17:00:13+00:00,0.212,clob_prices_history
62780808278969531638786026928407853049620076930842963388102875757599323764741,0x8329bdd734ac55ee38848a6730c8cf80a604441164038d60e6e0c2acb034986c,1777310106,2026-04-27T17:15:06+00:00,0.211,clob_prices_history
62780808278969531638786026928407853049620076930842963388102875757599323764741,0x8329bdd734ac55ee38848a6730c8cf80a604441164038d60e6e0c2acb034986c,1777311010,2026-04-27T17:30:10+00:00,0.2115,clob_prices_history
62780808278969531638786026928407853049620076930842963388102875757599323764741,0x8329bdd734ac55ee38848a6730c8cf80a604441164038d60e6e0c2acb034986c,1777311907,2026-04-27T17:45:07+00:00,0.211,clob_prices_history
62780808278969531638786026928407853049620076930842963388102875757599323764741,0x8329bdd734ac55ee38848a6730c8cf80a604441164038d60e6e0c2acb034986c,1777312824,2026-04-27T18:00:24+00:00,0.212,clob_prices_history
62780808278969531638786026928407853049620076930842963388102875757599323764741,0x8329bdd734ac55ee38848a6730c8cf80a604441164038d60e6e0c2acb034986c,1777313706,2026-04-27T18:15:06+00:00,0.211,clob_prices_history
62780808278969531638786026928407853049620076930842963388102875757599323764741,0x8329bdd734ac55ee38848a6730c8cf80a604441164038d60e6e0c2acb034986c,1777314611,2026-04-27T18:30:11+00:00,0.211,clob_prices_history
62780808278969531638786026928407853049620076930842963388102875757599323764741,0x8329bdd734ac55ee38848a6730c8cf80a604441164038d60e6e0c2acb034986c,1777315506,2026-04-27T18:45:06+00:00,0.211,clob_prices_history
62780808278969531638786026928407853049620076930842963388102875757599323764741,0x8329bdd734ac55ee38848a6730c8cf80a604441164038d60e6e0c2acb034986c,1777316422,2026-04-27T19:00:22+00:00,0.212,clob_prices_history
62780808278969531638786026928407853049620076930842963388102875757599323764741,0x8329bdd734ac55ee38848a6730c8cf80a604441164038d60e6e0c2acb034986c,1777317305,2026-04-27T19:15:05+00:00,0.211,clob_prices_history
62780808278969531638786026928407853049620076930842963388102875757599323764741,0x8329bdd734ac55ee38848a6730c8cf80a604441164038d60e6e0c2acb034986c,1777318208,2026-04-27T19:30:08+00:00,0.211,clob_prices_history
62780808278969531638786026928407853049620076930842963388102875757599323764741,0x8329bdd734ac55ee38848a6730c8cf80a604441164038d60e6e0c2acb034986c,1777319106,2026-04-27T19:45:06+00:00,0.2135,clob_prices_history
62780808278969531638786026928407853049620076930842963388102875757599323764741,0x8329bdd734ac55ee38848a6730c8cf80a604441164038d60e6e0c2acb034986c,1777320015,2026-04-27T20:00:15+00:00,0.2055,clob_prices_history
62780808278969531638786026928407853049620076930842963388102875757599323764741,0x8329bdd734ac55ee38848a6730c8cf80a604441164038d60e6e0c2acb034986c,1777320906,2026-04-27T20:15:06+00:00,0.2055,clob_prices_history
62780808278969531638786026928407853049620076930842963388102875757599323764741,0x8329bdd734ac55ee38848a6730c8cf80a604441164038d60e6e0c2acb034986c,1777321810,2026-04-27T20:30:10+00:00,0.2055,clob_prices_history
62780808278969531638786026928407853049620076930842963388102875757599323764741,0x8329bdd734ac55ee38848a6730c8cf80a604441164038d60e6e0c2acb034986c,1777322706,2026-04-27T20:45:06+00:00,0.2055,clob_prices_history
62780808278969531638786026928407853049620076930842963388102875757599323764741,0x8329bdd734ac55ee38848a6730c8cf80a604441164038d60e6e0c2acb034986c,1777323626,2026-04-27T21:00:26+00:00,0.2055,clob_prices_history
62780808278969531638786026928407853049620076930842963388102875757599323764741,0x8329bdd734ac55ee38848a6730c8cf80a604441164038d60e6e0c2acb034986c,1777324507,2026-04-27T21:15:07+00:00,0.2055,clob_prices_history
62780808278969531638786026928407853049620076930842963388102875757599323764741,0x8329bdd734ac55ee38848a6730c8cf80a604441164038d60e6e0c2acb034986c,1777325409,2026-04-27T21:30:09+00:00,0.2055,clob_prices_history
62780808278969531638786026928407853049620076930842963388102875757599323764741,0x8329bdd734ac55ee38848a6730c8cf80a604441164038d60e6e0c2acb034986c,1777326306,2026-04-27T21:45:06+00:00,0.2055,clob_prices_history
62780808278969531638786026928407853049620076930842963388102875757599323764741,0x8329bdd734ac55ee38848a6730c8cf80a604441164038d60e6e0c2acb034986c,1777327208,2026-04-27T22:00:08+00:00,0.2055,clob_prices_history
62780808278969531638786026928407853049620076930842963388102875757599323764741,0x8329bdd734ac55ee38848a6730c8cf80a604441164038d60e6e0c2acb034986c,1777328111,2026-04-27T22:15:11+00:00,0.2055,clob_prices_history
62780808278969531638786026928407853049620076930842963388102875757599323764741,0x8329bdd734ac55ee38848a6730c8cf80a604441164038d60e6e0c2acb034986c,1777329010,2026-04-27T22:30:10+00:00,0.2055,clob_prices_history
62780808278969531638786026928407853049620076930842963388102875757599323764741,0x8329bdd734ac55ee38848a6730c8cf80a604441164038d60e6e0c2acb034986c,1777329906,2026-04-27T22:45:06+00:00,0.221,clob_prices_history
62780808278969531638786026928407853049620076930842963388102875757599323764741,0x8329bdd734ac55ee38848a6730c8cf80a604441164038d60e6e0c2acb034986c,1777330808,2026-04-27T23:00:08+00:00,0.3245,clob_prices_history
62780808278969531638786026928407853049620076930842963388102875757599323764741,0x8329bdd734ac55ee38848a6730c8cf80a604441164038d60e6e0c2acb034986c,1777331707,2026-04-27T23:15:07+00:00,0.3245,clob_prices_history
62780808278969531638786026928407853049620076930842963388102875757599323764741,0x8329bdd734ac55ee38848a6730c8cf80a604441164038d60e6e0c2acb034986c,1777332608,2026-04-27T23:30:08+00:00,0.3245,clob_prices_history
62780808278969531638786026928407853049620076930842963388102875757599323764741,0x8329bdd734ac55ee38848a6730c8cf80a604441164038d60e6e0c2acb034986c,1777333507,2026-04-27T23:45:07+00:00,0.3245,clob_prices_history
62780808278969531638786026928407853049620076930842963388102875757599323764741,0x8329bdd734ac55ee38848a6730c8cf80a604441164038d60e6e0c2acb034986c,1777334414,2026-04-28T00:00:14+00:00,0.3245,clob_prices_history
62780808278969531638786026928407853049620076930842963388102875757599323764741,0x8329bdd734ac55ee38848a6730c8cf80a604441164038d60e6e0c2acb034986c,1777335307,2026-04-28T00:15:07+00:00,0.3245,clob_prices_history
62780808278969531638786026928407853049620076930842963388102875757599323764741,0x8329bdd734ac55ee38848a6730c8cf80a604441164038d60e6e0c2acb034986c,1777336222,2026-04-28T00:30:22+00:00,0.3245,clob_prices_history
62780808278969531638786026928407853049620076930842963388102875757599323764741,0x8329bdd734ac55ee38848a6730c8cf80a604441164038d60e6e0c2acb034986c,1777337104,2026-04-28T00:45:04+00:00,0.3205,clob_prices_history
62780808278969531638786026928407853049620076930842963388102875757599323764741,0x8329bdd734ac55ee38848a6730c8cf80a604441164038d60e6e0c2acb034986c,1777338008,2026-04-28T01:00:08+00:00,0.3205,clob_prices_history
62780808278969531638786026928407853049620076930842963388102875757599323764741,0x8329bdd734ac55ee38848a6730c8cf80a604441164038d60e6e0c2acb034986c,1777338904,2026-04-28T01:15:04+00:00,0.3205,clob_prices_history
62780808278969531638786026928407853049620076930842963388102875757599323764741,0x8329bdd734ac55ee38848a6730c8cf80a604441164038d60e6e0c2acb034986c,1777339809,2026-04-28T01:30:09+00:00,0.3205,clob_prices_history
62780808278969531638786026928407853049620076930842963388102875757599323764741,0x8329bdd734ac55ee38848a6730c8cf80a604441164038d60e6e0c2acb034986c,1777340706,2026-04-28T01:45:06+00:00,0.3205,clob_prices_history
62780808278969531638786026928407853049620076930842963388102875757599323764741,0x8329bdd734ac55ee38848a6730c8cf80a604441164038d60e6e0c2acb034986c,1777341610,2026-04-28T02:00:10+00:00,0.3205,clob_prices_history
62780808278969531638786026928407853049620076930842963388102875757599323764741,0x8329bdd734ac55ee38848a6730c8cf80a604441164038d60e6e0c2acb034986c,1777342505,2026-04-28T02:15:05+00:00,0.215,clob_prices_history
62780808278969531638786026928407853049620076930842963388102875757599323764741,0x8329bdd734ac55ee38848a6730c8cf80a604441164038d60e6e0c2acb034986c,1777343410,2026-04-28T02:30:10+00:00,0.215,clob_prices_history
62780808278969531638786026928407853049620076930842963388102875757599323764741,0x8329bdd734ac55ee38848a6730c8cf80a604441164038d60e6e0c2acb034986c,1777344304,2026-04-28T02:45:04+00:00,0.215,clob_prices_history
62780808278969531638786026928407853049620076930842963388102875757599323764741,0x8329bdd734ac55ee38848a6730c8cf80a604441164038d60e6e0c2acb034986c,1777345211,2026-04-28T03:00:11+00:00,0.215,clob_prices_history
62780808278969531638786026928407853049620076930842963388102875757599323764741,0x8329bdd734ac55ee38848a6730c8cf80a604441164038d60e6e0c2acb034986c,1777346105,2026-04-28T03:15:05+00:00,0.215,clob_prices_history
62780808278969531638786026928407853049620076930842963388102875757599323764741,0x8329bdd734ac55ee38848a6730c8cf80a604441164038d60e6e0c2acb034986c,1777347009,2026-04-28T03:30:09+00:00,0.2155,clob_prices_history
62780808278969531638786026928407853049620076930842963388102875757599323764741,0x8329bdd734ac55ee38848a6730c8cf80a604441164038d60e6e0c2acb034986c,1777347905,2026-04-28T03:45:05+00:00,0.2155,clob_prices_history
62780808278969531638786026928407853049620076930842963388102875757599323764741,0x8329bdd734ac55ee38848a6730c8cf80a604441164038d60e6e0c2acb034986c,1777348815,2026-04-28T04:00:15+00:00,0.215,clob_prices_history
62780808278969531638786026928407853049620076930842963388102875757599323764741,0x8329bdd734ac55ee38848a6730c8cf80a604441164038d60e6e0c2acb034986c,1777349704,2026-04-28T04:15:04+00:00,0.215,clob_prices_history
62780808278969531638786026928407853049620076930842963388102875757599323764741,0x8329bdd734ac55ee38848a6730c8cf80a604441164038d60e6e0c2acb034986c,1777350606,2026-04-28T04:30:06+00:00,0.215,clob_prices_history
62780808278969531638786026928407853049620076930842963388102875757599323764741,0x8329bdd734ac55ee38848a6730c8cf80a604441164038d60e6e0c2acb034986c,1777351504,2026-04-28T04:45:04+00:00,0.215,clob_prices_history
62780808278969531638786026928407853049620076930842963388102875757599323764741,0x8329bdd734ac55ee38848a6730c8cf80a604441164038d60e6e0c2acb034986c,1777352407,2026-04-28T05:00:07+00:00,0.215,clob_prices_history
62780808278969531638786026928407853049620076930842963388102875757599323764741,0x8329bdd734ac55ee38848a6730c8cf80a604441164038d60e6e0c2acb034986c,1777353305,2026-04-28T05:15:05+00:00,0.215,clob_prices_history
62780808278969531638786026928407853049620076930842963388102875757599323764741,0x8329bdd734ac55ee38848a6730c8cf80a604441164038d60e6e0c2acb034986c,1777354206,2026-04-28T05:30:06+00:00,0.215,clob_prices_history
62780808278969531638786026928407853049620076930842963388102875757599323764741,0x8329bdd734ac55ee38848a6730c8cf80a604441164038d60e6e0c2acb034986c,1777355106,2026-04-28T05:45:06+00:00,0.215,clob_prices_history
62780808278969531638786026928407853049620076930842963388102875757599323764741,0x8329bdd734ac55ee38848a6730c8cf80a604441164038d60e6e0c2acb034986c,1777356009,2026-04-28T06:00:09+00:00,0.215,clob_prices_history
62780808278969531638786026928407853049620076930842963388102875757599323764741,0x8329bdd734ac55ee38848a6730c8cf80a604441164038d60e6e0c2acb034986c,1777356904,2026-04-28T06:15:04+00:00,0.215,clob_prices_history
62780808278969531638786026928407853049620076930842963388102875757599323764741,0x8329bdd734ac55ee38848a6730c8cf80a604441164038d60e6e0c2acb034986c,1777357806,2026-04-28T06:30:06+00:00,0.215,clob_prices_history
62780808278969531638786026928407853049620076930842963388102875757599323764741,0x8329bdd734ac55ee38848a6730c8cf80a604441164038d60e6e0c2acb034986c,1777358704,2026-04-28T06:45:04+00:00,0.215,clob_prices_history
62780808278969531638786026928407853049620076930842963388102875757599323764741,0x8329bdd734ac55ee38848a6730c8cf80a604441164038d60e6e0c2acb034986c,1777359626,2026-04-28T07:00:26+00:00,0.215,clob_prices_history
62780808278969531638786026928407853049620076930842963388102875757599323764741,0x8329bdd734ac55ee38848a6730c8cf80a604441164038d60e6e0c2acb034986c,1777360505,2026-04-28T07:15:05+00:00,0.215,clob_prices_history
62780808278969531638786026928407853049620076930842963388102875757599323764741,0x8329bdd734ac55ee38848a6730c8cf80a604441164038d60e6e0c2acb034986c,1777361407,2026-04-28T07:30:07+00:00,0.215,clob_prices_history
62780808278969531638786026928407853049620076930842963388102875757599323764741,0x8329bdd734ac55ee38848a6730c8cf80a604441164038d60e6e0c2acb034986c,1777362304,2026-04-28T07:45:04+00:00,0.215,clob_prices_history
62780808278969531638786026928407853049620076930842963388102875757599323764741,0x8329bdd734ac55ee38848a6730c8cf80a604441164038d60e6e0c2acb034986c,1777363207,2026-04-28T08:00:07+00:00,0.215,clob_prices_history
62780808278969531638786026928407853049620076930842963388102875757599323764741,0x8329bdd734ac55ee38848a6730c8cf80a604441164038d60e6e0c2acb034986c,1777364111,2026-04-28T08:15:11+00:00,0.215,clob_prices_history
62780808278969531638786026928407853049620076930842963388102875757599323764741,0x8329bdd734ac55ee38848a6730c8cf80a604441164038d60e6e0c2acb034986c,1777365006,2026-04-28T08:30:06+00:00,0.215,clob_prices_history
62780808278969531638786026928407853049620076930842963388102875757599323764741,0x8329bdd734ac55ee38848a6730c8cf80a604441164038d60e6e0c2acb034986c,1777365905,2026-04-28T08:45:05+00:00,0.215,clob_prices_history
62780808278969531638786026928407853049620076930842963388102875757599323764741,0x8329bdd734ac55ee38848a6730c8cf80a604441164038d60e6e0c2acb034986c,1777366817,2026-04-28T09:00:17+00:00,0.215,clob_prices_history
62780808278969531638786026928407853049620076930842963388102875757599323764741,0x8329bdd734ac55ee38848a6730c8cf80a604441164038d60e6e0c2acb034986c,1777367704,2026-04-28T09:15:04+00:00,0.215,clob_prices_history
62780808278969531638786026928407853049620076930842963388102875757599323764741,0x8329bdd734ac55ee38848a6730c8cf80a604441164038d60e6e0c2acb034986c,1777368606,2026-04-28T09:30:06+00:00,0.215,clob_prices_history
62780808278969531638786026928407853049620076930842963388102875757599323764741,0x8329bdd734ac55ee38848a6730c8cf80a604441164038d60e6e0c2acb034986c,1777369519,2026-04-28T09:45:19+00:00,0.215,clob_prices_history
62780808278969531638786026928407853049620076930842963388102875757599323764741,0x8329bdd734ac55ee38848a6730c8cf80a604441164038d60e6e0c2acb034986c,1777370406,2026-04-28T10:00:06+00:00,0.2155,clob_prices_history
62780808278969531638786026928407853049620076930842963388102875757599323764741,0x8329bdd734ac55ee38848a6730c8cf80a604441164038d60e6e0c2acb034986c,1777371305,2026-04-28T10:15:05+00:00,0.2125,clob_prices_history
62780808278969531638786026928407853049620076930842963388102875757599323764741,0x8329bdd734ac55ee38848a6730c8cf80a604441164038d60e6e0c2acb034986c,1777372220,2026-04-28T10:30:20+00:00,0.2125,clob_prices_history
62780808278969531638786026928407853049620076930842963388102875757599323764741,0x8329bdd734ac55ee38848a6730c8cf80a604441164038d60e6e0c2acb034986c,1777373104,2026-04-28T10:45:04+00:00,0.2125,clob_prices_history
62780808278969531638786026928407853049620076930842963388102875757599323764741,0x8329bdd734ac55ee38848a6730c8cf80a604441164038d60e6e0c2acb034986c,1777374005,2026-04-28T11:00:05+00:00,0.2125,clob_prices_history
62780808278969531638786026928407853049620076930842963388102875757599323764741,0x8329bdd734ac55ee38848a6730c8cf80a604441164038d60e6e0c2acb034986c,1777374904,2026-04-28T11:15:04+00:00,0.2125,clob_prices_history
62780808278969531638786026928407853049620076930842963388102875757599323764741,0x8329bdd734ac55ee38848a6730c8cf80a604441164038d60e6e0c2acb034986c,1777375805,2026-04-28T11:30:05+00:00,0.2125,clob_prices_history
62780808278969531638786026928407853049620076930842963388102875757599323764741,0x8329bdd734ac55ee38848a6730c8cf80a604441164038d60e6e0c2acb034986c,1777376704,2026-04-28T11:45:04+00:00,0.2125,clob_prices_history
62780808278969531638786026928407853049620076930842963388102875757599323764741,0x8329bdd734ac55ee38848a6730c8cf80a604441164038d60e6e0c2acb034986c,1777377614,2026-04-28T12:00:14+00:00,0.2125,clob_prices_history
62780808278969531638786026928407853049620076930842963388102875757599323764741,0x8329bdd734ac55ee38848a6730c8cf80a604441164038d60e6e0c2acb034986c,1777378506,2026-04-28T12:15:06+00:00,0.2125,clob_prices_history
62780808278969531638786026928407853049620076930842963388102875757599323764741,0x8329bdd734ac55ee38848a6730c8cf80a604441164038d60e6e0c2acb034986c,1777379413,2026-04-28T12:30:13+00:00,0.2125,clob_prices_history
62780808278969531638786026928407853049620076930842963388102875757599323764741,0x8329bdd734ac55ee38848a6730c8cf80a604441164038d60e6e0c2acb034986c,1777380305,2026-04-28T12:45:05+00:00,0.2125,clob_prices_history
62780808278969531638786026928407853049620076930842963388102875757599323764741,0x8329bdd734ac55ee38848a6730c8cf80a604441164038d60e6e0c2acb034986c,1777381207,2026-04-28T13:00:07+00:00,0.22,clob_prices_history
62780808278969531638786026928407853049620076930842963388102875757599323764741,0x8329bdd734ac55ee38848a6730c8cf80a604441164038d60e6e0c2acb034986c,1777382104,2026-04-28T13:15:04+00:00,0.22,clob_prices_history
62780808278969531638786026928407853049620076930842963388102875757599323764741,0x8329bdd734ac55ee38848a6730c8cf80a604441164038d60e6e0c2acb034986c,1777383008,2026-04-28T13:30:08+00:00,0.2655,clob_prices_history
62780808278969531638786026928407853049620076930842963388102875757599323764741,0x8329bdd734ac55ee38848a6730c8cf80a604441164038d60e6e0c2acb034986c,1777383905,2026-04-28T13:45:05+00:00,0.22,clob_prices_history
62780808278969531638786026928407853049620076930842963388102875757599323764741,0x8329bdd734ac55ee38848a6730c8cf80a604441164038d60e6e0c2acb034986c,1777384807,2026-04-28T14:00:07+00:00,0.22,clob_prices_history
62780808278969531638786026928407853049620076930842963388102875757599323764741,0x8329bdd734ac55ee38848a6730c8cf80a604441164038d60e6e0c2acb034986c,1777385704,2026-04-28T14:15:04+00:00,0.2205,clob_prices_history
62780808278969531638786026928407853049620076930842963388102875757599323764741,0x8329bdd734ac55ee38848a6730c8cf80a604441164038d60e6e0c2acb034986c,1777386607,2026-04-28T14:30:07+00:00,0.211,clob_prices_history
62780808278969531638786026928407853049620076930842963388102875757599323764741,0x8329bdd734ac55ee38848a6730c8cf80a604441164038d60e6e0c2acb034986c,1777387506,2026-04-28T14:45:06+00:00,0.213,clob_prices_history
62780808278969531638786026928407853049620076930842963388102875757599323764741,0x8329bdd734ac55ee38848a6730c8cf80a604441164038d60e6e0c2acb034986c,1777388412,2026-04-28T15:00:12+00:00,0.2145,clob_prices_history
62780808278969531638786026928407853049620076930842963388102875757599323764741,0x8329bdd734ac55ee38848a6730c8cf80a604441164038d60e6e0c2acb034986c,1777389305,2026-04-28T15:15:05+00:00,0.2145,clob_prices_history
62780808278969531638786026928407853049620076930842963388102875757599323764741,0x8329bdd734ac55ee38848a6730c8cf80a604441164038d60e6e0c2acb034986c,1777390210,2026-04-28T15:30:10+00:00,0.213,clob_prices_history
62780808278969531638786026928407853049620076930842963388102875757599323764741,0x8329bdd734ac55ee38848a6730c8cf80a604441164038d60e6e0c2acb034986c,1777391104,2026-04-28T15:45:04+00:00,0.213,clob_prices_history
62780808278969531638786026928407853049620076930842963388102875757599323764741,0x8329bdd734ac55ee38848a6730c8cf80a604441164038d60e6e0c2acb034986c,1777392006,2026-04-28T16:00:06+00:00,0.649,clob_prices_history
62780808278969531638786026928407853049620076930842963388102875757599323764741,0x8329bdd734ac55ee38848a6730c8cf80a604441164038d60e6e0c2acb034986c,1777392904,2026-04-28T16:15:04+00:00,0.565,clob_prices_history
62780808278969531638786026928407853049620076930842963388102875757599323764741,0x8329bdd734ac55ee38848a6730c8cf80a604441164038d60e6e0c2acb034986c,1777393806,2026-04-28T16:30:06+00:00,0.36,clob_prices_history
62780808278969531638786026928407853049620076930842963388102875757599323764741,0x8329bdd734ac55ee38848a6730c8cf80a604441164038d60e6e0c2acb034986c,1777394704,2026-04-28T16:45:04+00:00,0.4945,clob_prices_history
62780808278969531638786026928407853049620076930842963388102875757599323764741,0x8329bdd734ac55ee38848a6730c8cf80a604441164038d60e6e0c2acb034986c,1777395607,2026-04-28T17:00:07+00:00,0.455,clob_prices_history
62780808278969531638786026928407853049620076930842963388102875757599323764741,0x8329bdd734ac55ee38848a6730c8cf80a604441164038d60e6e0c2acb034986c,1777396505,2026-04-28T17:15:05+00:00,0.2365,clob_prices_history
62780808278969531638786026928407853049620076930842963388102875757599323764741,0x8329bdd734ac55ee38848a6730c8cf80a604441164038d60e6e0c2acb034986c,1777397412,2026-04-28T17:30:12+00:00,0.278,clob_prices_history
62780808278969531638786026928407853049620076930842963388102875757599323764741,0x8329bdd734ac55ee38848a6730c8cf80a604441164038d60e6e0c2acb034986c,1777398305,2026-04-28T17:45:05+00:00,0.294,clob_prices_history
62780808278969531638786026928407853049620076930842963388102875757599323764741,0x8329bdd734ac55ee38848a6730c8cf80a604441164038d60e6e0c2acb034986c,1777399212,2026-04-28T18:00:12+00:00,0.3025,clob_prices_history
62780808278969531638786026928407853049620076930842963388102875757599323764741,0x8329bdd734ac55ee38848a6730c8cf80a604441164038d60e6e0c2acb034986c,1777400105,2026-04-28T18:15:05+00:00,0.2625,clob_prices_history
62780808278969531638786026928407853049620076930842963388102875757599323764741,0x8329bdd734ac55ee38848a6730c8cf80a604441164038d60e6e0c2acb034986c,1777401007,2026-04-28T18:30:07+00:00,0.2595,clob_prices_history
62780808278969531638786026928407853049620076930842963388102875757599323764741,0x8329bdd734ac55ee38848a6730c8cf80a604441164038d60e6e0c2acb034986c,1777401916,2026-04-28T18:45:16+00:00,0.236,clob_prices_history
62780808278969531638786026928407853049620076930842963388102875757599323764741,0x8329bdd734ac55ee38848a6730c8cf80a604441164038d60e6e0c2acb034986c,1777402808,2026-04-28T19:00:08+00:00,0.2385,clob_prices_history
62780808278969531638786026928407853049620076930842963388102875757599323764741,0x8329bdd734ac55ee38848a6730c8cf80a604441164038d60e6e0c2acb034986c,1777403706,2026-04-28T19:15:06+00:00,0.24,clob_prices_history
62780808278969531638786026928407853049620076930842963388102875757599323764741,0x8329bdd734ac55ee38848a6730c8cf80a604441164038d60e6e0c2acb034986c,1777404608,2026-04-28T19:30:08+00:00,0.2505,clob_prices_history
62780808278969531638786026928407853049620076930842963388102875757599323764741,0x8329bdd734ac55ee38848a6730c8cf80a604441164038d60e6e0c2acb034986c,1777405506,2026-04-28T19:45:06+00:00,0.2445,clob_prices_history
62780808278969531638786026928407853049620076930842963388102875757599323764741,0x8329bdd734ac55ee38848a6730c8cf80a604441164038d60e6e0c2acb034986c,1777406422,2026-04-28T20:00:22+00:00,0.2485,clob_prices_history
62780808278969531638786026928407853049620076930842963388102875757599323764741,0x8329bdd734ac55ee38848a6730c8cf80a604441164038d60e6e0c2acb034986c,1777407310,2026-04-28T20:15:10+00:00,0.248,clob_prices_history
62780808278969531638786026928407853049620076930842963388102875757599323764741,0x8329bdd734ac55ee38848a6730c8cf80a604441164038d60e6e0c2acb034986c,1777408208,2026-04-28T20:30:08+00:00,0.2475,clob_prices_history
62780808278969531638786026928407853049620076930842963388102875757599323764741,0x8329bdd734ac55ee38848a6730c8cf80a604441164038d60e6e0c2acb034986c,1777409106,2026-04-28T20:45:06+00:00,0.2545,clob_prices_history
62780808278969531638786026928407853049620076930842963388102875757599323764741,0x8329bdd734ac55ee38848a6730c8cf80a604441164038d60e6e0c2acb034986c,1777410015,2026-04-28T21:00:15+00:00,0.255,clob_prices_history
62780808278969531638786026928407853049620076930842963388102875757599323764741,0x8329bdd734ac55ee38848a6730c8cf80a604441164038d60e6e0c2acb034986c,1777410906,2026-04-28T21:15:06+00:00,0.27,clob_prices_history
62780808278969531638786026928407853049620076930842963388102875757599323764741,0x8329bdd734ac55ee38848a6730c8cf80a604441164038d60e6e0c2acb034986c,1777411806,2026-04-28T21:30:06+00:00,0.272,clob_prices_history
62780808278969531638786026928407853049620076930842963388102875757599323764741,0x8329bdd734ac55ee38848a6730c8cf80a604441164038d60e6e0c2acb034986c,1777412707,2026-04-28T21:45:07+00:00,0.273,clob_prices_history
62780808278969531638786026928407853049620076930842963388102875757599323764741,0x8329bdd734ac55ee38848a6730c8cf80a604441164038d60e6e0c2acb034986c,1777413621,2026-04-28T22:00:21+00:00,0.2775,clob_prices_history
62780808278969531638786026928407853049620076930842963388102875757599323764741,0x8329bdd734ac55ee38848a6730c8cf80a604441164038d60e6e0c2acb034986c,1777414505,2026-04-28T22:15:05+00:00,0.279,clob_prices_history
62780808278969531638786026928407853049620076930842963388102875757599323764741,0x8329bdd734ac55ee38848a6730c8cf80a604441164038d60e6e0c2acb034986c,1777415409,2026-04-28T22:30:09+00:00,0.463,clob_prices_history
62780808278969531638786026928407853049620076930842963388102875757599323764741,0x8329bdd734ac55ee38848a6730c8cf80a604441164038d60e6e0c2acb034986c,1777416310,2026-04-28T22:45:10+00:00,0.3825,clob_prices_history
62780808278969531638786026928407853049620076930842963388102875757599323764741,0x8329bdd734ac55ee38848a6730c8cf80a604441164038d60e6e0c2acb034986c,1777417217,2026-04-28T23:00:17+00:00,0.3825,clob_prices_history
62780808278969531638786026928407853049620076930842963388102875757599323764741,0x8329bdd734ac55ee38848a6730c8cf80a604441164038d60e6e0c2acb034986c,1777418113,2026-04-28T23:15:13+00:00,0.348,clob_prices_history
62780808278969531638786026928407853049620076930842963388102875757599323764741,0x8329bdd734ac55ee38848a6730c8cf80a604441164038d60e6e0c2acb034986c,1777419014,2026-04-28T23:30:14+00:00,0.393,clob_prices_history
62780808278969531638786026928407853049620076930842963388102875757599323764741,0x8329bdd734ac55ee38848a6730c8cf80a604441164038d60e6e0c2acb034986c,1777419912,2026-04-28T23:45:12+00:00,0.381,clob_prices_history
62780808278969531638786026928407853049620076930842963388102875757599323764741,0x8329bdd734ac55ee38848a6730c8cf80a604441164038d60e6e0c2acb034986c,1777420812,2026-04-29T00:00:12+00:00,0.3925,clob_prices_history
62780808278969531638786026928407853049620076930842963388102875757599323764741,0x8329bdd734ac55ee38848a6730c8cf80a604441164038d60e6e0c2acb034986c,1777421705,2026-04-29T00:15:05+00:00,0.3925,clob_prices_history
62780808278969531638786026928407853049620076930842963388102875757599323764741,0x8329bdd734ac55ee38848a6730c8cf80a604441164038d60e6e0c2acb034986c,1777422607,2026-04-29T00:30:07+00:00,0.3925,clob_prices_history
62780808278969531638786026928407853049620076930842963388102875757599323764741,0x8329bdd734ac55ee38848a6730c8cf80a604441164038d60e6e0c2acb034986c,1777423504,2026-04-29T00:45:04+00:00,0.37,clob_prices_history
62780808278969531638786026928407853049620076930842963388102875757599323764741,0x8329bdd734ac55ee38848a6730c8cf80a604441164038d60e6e0c2acb034986c,1777424407,2026-04-29T01:00:07+00:00,0.3835,clob_prices_history
62780808278969531638786026928407853049620076930842963388102875757599323764741,0x8329bdd734ac55ee38848a6730c8cf80a604441164038d60e6e0c2acb034986c,1777425305,2026-04-29T01:15:05+00:00,0.2725,clob_prices_history
62780808278969531638786026928407853049620076930842963388102875757599323764741,0x8329bdd734ac55ee38848a6730c8cf80a604441164038d60e6e0c2acb034986c,1777426206,2026-04-29T01:30:06+00:00,0.2725,clob_prices_history
62780808278969531638786026928407853049620076930842963388102875757599323764741,0x8329bdd734ac55ee38848a6730c8cf80a604441164038d60e6e0c2acb034986c,1777427104,2026-04-29T01:45:04+00:00,0.2725,clob_prices_history
62780808278969531638786026928407853049620076930842963388102875757599323764741,0x8329bdd734ac55ee38848a6730c8cf80a604441164038d60e6e0c2acb034986c,1777428007,2026-04-29T02:00:07+00:00,0.286,clob_prices_history
62780808278969531638786026928407853049620076930842963388102875757599323764741,0x8329bdd734ac55ee38848a6730c8cf80a604441164038d60e6e0c2acb034986c,1777428905,2026-04-29T02:15:05+00:00,0.3715,clob_prices_history
62780808278969531638786026928407853049620076930842963388102875757599323764741,0x8329bdd734ac55ee38848a6730c8cf80a604441164038d60e6e0c2acb034986c,1777429806,2026-04-29T02:30:06+00:00,0.37,clob_prices_history
62780808278969531638786026928407853049620076930842963388102875757599323764741,0x8329bdd734ac55ee38848a6730c8cf80a604441164038d60e6e0c2acb034986c,1777430704,2026-04-29T02:45:04+00:00,0.3695,clob_prices_history
62780808278969531638786026928407853049620076930842963388102875757599323764741,0x8329bdd734ac55ee38848a6730c8cf80a604441164038d60e6e0c2acb034986c,1777431609,2026-04-29T03:00:09+00:00,0.3745,clob_prices_history
62780808278969531638786026928407853049620076930842963388102875757599323764741,0x8329bdd734ac55ee38848a6730c8cf80a604441164038d60e6e0c2acb034986c,1777432505,2026-04-29T03:15:05+00:00,0.374,clob_prices_history
62780808278969531638786026928407853049620076930842963388102875757599323764741,0x8329bdd734ac55ee38848a6730c8cf80a604441164038d60e6e0c2acb034986c,1777433405,2026-04-29T03:30:05+00:00,0.378,clob_prices_history
62780808278969531638786026928407853049620076930842963388102875757599323764741,0x8329bdd734ac55ee38848a6730c8cf80a604441164038d60e6e0c2acb034986c,1777434305,2026-04-29T03:45:05+00:00,0.376,clob_prices_history
62780808278969531638786026928407853049620076930842963388102875757599323764741,0x8329bdd734ac55ee38848a6730c8cf80a604441164038d60e6e0c2acb034986c,1777435207,2026-04-29T04:00:07+00:00,0.3745,clob_prices_history
62780808278969531638786026928407853049620076930842963388102875757599323764741,0x8329bdd734ac55ee38848a6730c8cf80a604441164038d60e6e0c2acb034986c,1777436105,2026-04-29T04:15:05+00:00,0.3685,clob_prices_history
62780808278969531638786026928407853049620076930842963388102875757599323764741,0x8329bdd734ac55ee38848a6730c8cf80a604441164038d60e6e0c2acb034986c,1777437007,2026-04-29T04:30:07+00:00,0.3685,clob_prices_history
62780808278969531638786026928407853049620076930842963388102875757599323764741,0x8329bdd734ac55ee38848a6730c8cf80a604441164038d60e6e0c2acb034986c,1777437905,2026-04-29T04:45:05+00:00,0.3685,clob_prices_history
62780808278969531638786026928407853049620076930842963388102875757599323764741,0x8329bdd734ac55ee38848a6730c8cf80a604441164038d60e6e0c2acb034986c,1777438808,2026-04-29T05:00:08+00:00,0.3755,clob_prices_history
62780808278969531638786026928407853049620076930842963388102875757599323764741,0x8329bdd734ac55ee38848a6730c8cf80a604441164038d60e6e0c2acb034986c,1777439705,2026-04-29T05:15:05+00:00,0.297,clob_prices_history
62780808278969531638786026928407853049620076930842963388102875757599323764741,0x8329bdd734ac55ee38848a6730c8cf80a604441164038d60e6e0c2acb034986c,1777440609,2026-04-29T05:30:09+00:00,0.297,clob_prices_history
62780808278969531638786026928407853049620076930842963388102875757599323764741,0x8329bdd734ac55ee38848a6730c8cf80a604441164038d60e6e0c2acb034986c,1777441504,2026-04-29T05:45:04+00:00,0.297,clob_prices_history
62780808278969531638786026928407853049620076930842963388102875757599323764741,0x8329bdd734ac55ee38848a6730c8cf80a604441164038d60e6e0c2acb034986c,1777442410,2026-04-29T06:00:10+00:00,0.297,clob_prices_history
62780808278969531638786026928407853049620076930842963388102875757599323764741,0x8329bdd734ac55ee38848a6730c8cf80a604441164038d60e6e0c2acb034986c,1777443304,2026-04-29T06:15:04+00:00,0.297,clob_prices_history
62780808278969531638786026928407853049620076930842963388102875757599323764741,0x8329bdd734ac55ee38848a6730c8cf80a604441164038d60e6e0c2acb034986c,1777444207,2026-04-29T06:30:07+00:00,0.297,clob_prices_history
62780808278969531638786026928407853049620076930842963388102875757599323764741,0x8329bdd734ac55ee38848a6730c8cf80a604441164038d60e6e0c2acb034986c,1777445105,2026-04-29T06:45:05+00:00,0.3725,clob_prices_history
62780808278969531638786026928407853049620076930842963388102875757599323764741,0x8329bdd734ac55ee38848a6730c8cf80a604441164038d60e6e0c2acb034986c,1777446025,2026-04-29T07:00:25+00:00,0.365,clob_prices_history
62780808278969531638786026928407853049620076930842963388102875757599323764741,0x8329bdd734ac55ee38848a6730c8cf80a604441164038d60e6e0c2acb034986c,1777446906,2026-04-29T07:15:06+00:00,0.365,clob_prices_history
62780808278969531638786026928407853049620076930842963388102875757599323764741,0x8329bdd734ac55ee38848a6730c8cf80a604441164038d60e6e0c2acb034986c,1777447805,2026-04-29T07:30:05+00:00,0.365,clob_prices_history
62780808278969531638786026928407853049620076930842963388102875757599323764741,0x8329bdd734ac55ee38848a6730c8cf80a604441164038d60e6e0c2acb034986c,1777448704,2026-04-29T07:45:04+00:00,0.365,clob_prices_history
62780808278969531638786026928407853049620076930842963388102875757599323764741,0x8329bdd734ac55ee38848a6730c8cf80a604441164038d60e6e0c2acb034986c,1777449605,2026-04-29T08:00:05+00:00,0.365,clob_prices_history
62780808278969531638786026928407853049620076930842963388102875757599323764741,0x8329bdd734ac55ee38848a6730c8cf80a604441164038d60e6e0c2acb034986c,1777450504,2026-04-29T08:15:04+00:00,0.361,clob_prices_history
62780808278969531638786026928407853049620076930842963388102875757599323764741,0x8329bdd734ac55ee38848a6730c8cf80a604441164038d60e6e0c2acb034986c,1777451405,2026-04-29T08:30:05+00:00,0.3705,clob_prices_history
62780808278969531638786026928407853049620076930842963388102875757599323764741,0x8329bdd734ac55ee38848a6730c8cf80a604441164038d60e6e0c2acb034986c,1777452304,2026-04-29T08:45:04+00:00,0.362,clob_prices_history
62780808278969531638786026928407853049620076930842963388102875757599323764741,0x8329bdd734ac55ee38848a6730c8cf80a604441164038d60e6e0c2acb034986c,1777453209,2026-04-29T09:00:09+00:00,0.362,clob_prices_history
62780808278969531638786026928407853049620076930842963388102875757599323764741,0x8329bdd734ac55ee38848a6730c8cf80a604441164038d60e6e0c2acb034986c,1777454104,2026-04-29T09:15:04+00:00,0.3625,clob_prices_history
62780808278969531638786026928407853049620076930842963388102875757599323764741,0x8329bdd734ac55ee38848a6730c8cf80a604441164038d60e6e0c2acb034986c,1777455005,2026-04-29T09:30:05+00:00,0.362,clob_prices_history
62780808278969531638786026928407853049620076930842963388102875757599323764741,0x8329bdd734ac55ee38848a6730c8cf80a604441164038d60e6e0c2acb034986c,1777455904,2026-04-29T09:45:04+00:00,0.362,clob_prices_history
62780808278969531638786026928407853049620076930842963388102875757599323764741,0x8329bdd734ac55ee38848a6730c8cf80a604441164038d60e6e0c2acb034986c,1777456806,2026-04-29T10:00:06+00:00,0.434,clob_prices_history
62780808278969531638786026928407853049620076930842963388102875757599323764741,0x8329bdd734ac55ee38848a6730c8cf80a604441164038d60e6e0c2acb034986c,1777457704,2026-04-29T10:15:04+00:00,0.4335,clob_prices_history
62780808278969531638786026928407853049620076930842963388102875757599323764741,0x8329bdd734ac55ee38848a6730c8cf80a604441164038d60e6e0c2acb034986c,1777458609,2026-04-29T10:30:09+00:00,0.4335,clob_prices_history
62780808278969531638786026928407853049620076930842963388102875757599323764741,0x8329bdd734ac55ee38848a6730c8cf80a604441164038d60e6e0c2acb034986c,1777459504,2026-04-29T10:45:04+00:00,0.3845,clob_prices_history
62780808278969531638786026928407853049620076930842963388102875757599323764741,0x8329bdd734ac55ee38848a6730c8cf80a604441164038d60e6e0c2acb034986c,1777460406,2026-04-29T11:00:06+00:00,0.3665,clob_prices_history
62780808278969531638786026928407853049620076930842963388102875757599323764741,0x8329bdd734ac55ee38848a6730c8cf80a604441164038d60e6e0c2acb034986c,1777461304,2026-04-29T11:15:04+00:00,0.3635,clob_prices_history
62780808278969531638786026928407853049620076930842963388102875757599323764741,0x8329bdd734ac55ee38848a6730c8cf80a604441164038d60e6e0c2acb034986c,1777462206,2026-04-29T11:30:06+00:00,0.3835,clob_prices_history
62780808278969531638786026928407853049620076930842963388102875757599323764741,0x8329bdd734ac55ee38848a6730c8cf80a604441164038d60e6e0c2acb034986c,1777463105,2026-04-29T11:45:05+00:00,0.3775,clob_prices_history
62780808278969531638786026928407853049620076930842963388102875757599323764741,0x8329bdd734ac55ee38848a6730c8cf80a604441164038d60e6e0c2acb034986c,1777464012,2026-04-29T12:00:12+00:00,0.383,clob_prices_history
62780808278969531638786026928407853049620076930842963388102875757599323764741,0x8329bdd734ac55ee38848a6730c8cf80a604441164038d60e6e0c2acb034986c,1777464906,2026-04-29T12:15:06+00:00,0.384,clob_prices_history
62780808278969531638786026928407853049620076930842963388102875757599323764741,0x8329bdd734ac55ee38848a6730c8cf80a604441164038d60e6e0c2acb034986c,1777465807,2026-04-29T12:30:07+00:00,0.4185,clob_prices_history
62780808278969531638786026928407853049620076930842963388102875757599323764741,0x8329bdd734ac55ee38848a6730c8cf80a604441164038d60e6e0c2acb034986c,1777466717,2026-04-29T12:45:17+00:00,0.4465,clob_prices_history
62780808278969531638786026928407853049620076930842963388102875757599323764741,0x8329bdd734ac55ee38848a6730c8cf80a604441164038d60e6e0c2acb034986c,1777467606,2026-04-29T13:00:06+00:00,0.4225,clob_prices_history
62780808278969531638786026928407853049620076930842963388102875757599323764741,0x8329bdd734ac55ee38848a6730c8cf80a604441164038d60e6e0c2acb034986c,1777468506,2026-04-29T13:15:06+00:00,0.3815,clob_prices_history
62780808278969531638786026928407853049620076930842963388102875757599323764741,0x8329bdd734ac55ee38848a6730c8cf80a604441164038d60e6e0c2acb034986c,1777469406,2026-04-29T13:30:06+00:00,0.4185,clob_prices_history
62780808278969531638786026928407853049620076930842963388102875757599323764741,0x8329bdd734ac55ee38848a6730c8cf80a604441164038d60e6e0c2acb034986c,1777470313,2026-04-29T13:45:13+00:00,0.4165,clob_prices_history
62780808278969531638786026928407853049620076930842963388102875757599323764741,0x8329bdd734ac55ee38848a6730c8cf80a604441164038d60e6e0c2acb034986c,1777471206,2026-04-29T14:00:06+00:00,0.415,clob_prices_history
62780808278969531638786026928407853049620076930842963388102875757599323764741,0x8329bdd734ac55ee38848a6730c8cf80a604441164038d60e6e0c2acb034986c,1777472104,2026-04-29T14:15:04+00:00,0.418,clob_prices_history
62780808278969531638786026928407853049620076930842963388102875757599323764741,0x8329bdd734ac55ee38848a6730c8cf80a604441164038d60e6e0c2acb034986c,1777473006,2026-04-29T14:30:06+00:00,0.3785,clob_prices_history
62780808278969531638786026928407853049620076930842963388102875757599323764741,0x8329bdd734ac55ee38848a6730c8cf80a604441164038d60e6e0c2acb034986c,1777473909,2026-04-29T14:45:09+00:00,0.3495,clob_prices_history
62780808278969531638786026928407853049620076930842963388102875757599323764741,0x8329bdd734ac55ee38848a6730c8cf80a604441164038d60e6e0c2acb034986c,1777474818,2026-04-29T15:00:18+00:00,0.3835,clob_prices_history
62780808278969531638786026928407853049620076930842963388102875757599323764741,0x8329bdd734ac55ee38848a6730c8cf80a604441164038d60e6e0c2acb034986c,1777475705,2026-04-29T15:15:05+00:00,0.3465,clob_prices_history
62780808278969531638786026928407853049620076930842963388102875757599323764741,0x8329bdd734ac55ee38848a6730c8cf80a604441164038d60e6e0c2acb034986c,1777476607,2026-04-29T15:30:07+00:00,0.3455,clob_prices_history
62780808278969531638786026928407853049620076930842963388102875757599323764741,0x8329bdd734ac55ee38848a6730c8cf80a604441164038d60e6e0c2acb034986c,1777477521,2026-04-29T15:45:21+00:00,0.345,clob_prices_history
62780808278969531638786026928407853049620076930842963388102875757599323764741,0x8329bdd734ac55ee38848a6730c8cf80a604441164038d60e6e0c2acb034986c,1777478406,2026-04-29T16:00:06+00:00,0.345,clob_prices_history
62780808278969531638786026928407853049620076930842963388102875757599323764741,0x8329bdd734ac55ee38848a6730c8cf80a604441164038d60e6e0c2acb034986c,1777479305,2026-04-29T16:15:05+00:00,0.3605,clob_prices_history
62780808278969531638786026928407853049620076930842963388102875757599323764741,0x8329bdd734ac55ee38848a6730c8cf80a604441164038d60e6e0c2acb034986c,1777480221,2026-04-29T16:30:21+00:00,0.3595,clob_prices_history
62780808278969531638786026928407853049620076930842963388102875757599323764741,0x8329bdd734ac55ee38848a6730c8cf80a604441164038d60e6e0c2acb034986c,1777481108,2026-04-29T16:45:08+00:00,0.3575,clob_prices_history
62780808278969531638786026928407853049620076930842963388102875757599323764741,0x8329bdd734ac55ee38848a6730c8cf80a604441164038d60e6e0c2acb034986c,1777482006,2026-04-29T17:00:06+00:00,0.361,clob_prices_history
62780808278969531638786026928407853049620076930842963388102875757599323764741,0x8329bdd734ac55ee38848a6730c8cf80a604441164038d60e6e0c2acb034986c,1777482905,2026-04-29T17:15:05+00:00,0.361,clob_prices_history
62780808278969531638786026928407853049620076930842963388102875757599323764741,0x8329bdd734ac55ee38848a6730c8cf80a604441164038d60e6e0c2acb034986c,1777483824,2026-04-29T17:30:24+00:00,0.361,clob_prices_history
62780808278969531638786026928407853049620076930842963388102875757599323764741,0x8329bdd734ac55ee38848a6730c8cf80a604441164038d60e6e0c2acb034986c,1777484706,2026-04-29T17:45:06+00:00,0.361,clob_prices_history
62780808278969531638786026928407853049620076930842963388102875757599323764741,0x8329bdd734ac55ee38848a6730c8cf80a604441164038d60e6e0c2acb034986c,1777485612,2026-04-29T18:00:12+00:00,0.361,clob_prices_history
62780808278969531638786026928407853049620076930842963388102875757599323764741,0x8329bdd734ac55ee38848a6730c8cf80a604441164038d60e6e0c2acb034986c,1777486507,2026-04-29T18:15:07+00:00,0.361,clob_prices_history
62780808278969531638786026928407853049620076930842963388102875757599323764741,0x8329bdd734ac55ee38848a6730c8cf80a604441164038d60e6e0c2acb034986c,1777487406,2026-04-29T18:30:06+00:00,0.361,clob_prices_history
62780808278969531638786026928407853049620076930842963388102875757599323764741,0x8329bdd734ac55ee38848a6730c8cf80a604441164038d60e6e0c2acb034986c,1777488308,2026-04-29T18:45:08+00:00,0.361,clob_prices_history
62780808278969531638786026928407853049620076930842963388102875757599323764741,0x8329bdd734ac55ee38848a6730c8cf80a604441164038d60e6e0c2acb034986c,1777489207,2026-04-29T19:00:07+00:00,0.361,clob_prices_history
62780808278969531638786026928407853049620076930842963388102875757599323764741,0x8329bdd734ac55ee38848a6730c8cf80a604441164038d60e6e0c2acb034986c,1777490109,2026-04-29T19:15:09+00:00,0.359,clob_prices_history
62780808278969531638786026928407853049620076930842963388102875757599323764741,0x8329bdd734ac55ee38848a6730c8cf80a604441164038d60e6e0c2acb034986c,1777491006,2026-04-29T19:30:06+00:00,0.3575,clob_prices_history
62780808278969531638786026928407853049620076930842963388102875757599323764741,0x8329bdd734ac55ee38848a6730c8cf80a604441164038d60e6e0c2acb034986c,1777491907,2026-04-29T19:45:07+00:00,0.3585,clob_prices_history
62780808278969531638786026928407853049620076930842963388102875757599323764741,0x8329bdd734ac55ee38848a6730c8cf80a604441164038d60e6e0c2acb034986c,1777492809,2026-04-29T20:00:09+00:00,0.3585,clob_prices_history
62780808278969531638786026928407853049620076930842963388102875757599323764741,0x8329bdd734ac55ee38848a6730c8cf80a604441164038d60e6e0c2acb034986c,1777493705,2026-04-29T20:15:05+00:00,0.3585,clob_prices_history
62780808278969531638786026928407853049620076930842963388102875757599323764741,0x8329bdd734ac55ee38848a6730c8cf80a604441164038d60e6e0c2acb034986c,1777494619,2026-04-29T20:30:19+00:00,0.359,clob_prices_history
62780808278969531638786026928407853049620076930842963388102875757599323764741,0x8329bdd734ac55ee38848a6730c8cf80a604441164038d60e6e0c2acb034986c,1777495506,2026-04-29T20:45:06+00:00,0.3535,clob_prices_history
62780808278969531638786026928407853049620076930842963388102875757599323764741,0x8329bdd734ac55ee38848a6730c8cf80a604441164038d60e6e0c2acb034986c,1777496423,2026-04-29T21:00:23+00:00,0.3475,clob_prices_history
62780808278969531638786026928407853049620076930842963388102875757599323764741,0x8329bdd734ac55ee38848a6730c8cf80a604441164038d60e6e0c2acb034986c,1777497316,2026-04-29T21:15:16+00:00,0.3475,clob_prices_history
62780808278969531638786026928407853049620076930842963388102875757599323764741,0x8329bdd734ac55ee38848a6730c8cf80a604441164038d60e6e0c2acb034986c,1777498207,2026-04-29T21:30:07+00:00,0.3455,clob_prices_history
62780808278969531638786026928407853049620076930842963388102875757599323764741,0x8329bdd734ac55ee38848a6730c8cf80a604441164038d60e6e0c2acb034986c,1777499106,2026-04-29T21:45:06+00:00,0.3455,clob_prices_history
62780808278969531638786026928407853049620076930842963388102875757599323764741,0x8329bdd734ac55ee38848a6730c8cf80a604441164038d60e6e0c2acb034986c,1777500009,2026-04-29T22:00:09+00:00,0.3075,clob_prices_history
62780808278969531638786026928407853049620076930842963388102875757599323764741,0x8329bdd734ac55ee38848a6730c8cf80a604441164038d60e6e0c2acb034986c,1777500905,2026-04-29T22:15:05+00:00,0.2895,clob_prices_history
62780808278969531638786026928407853049620076930842963388102875757599323764741,0x8329bdd734ac55ee38848a6730c8cf80a604441164038d60e6e0c2acb034986c,1777501808,2026-04-29T22:30:08+00:00,0.271,clob_prices_history
62780808278969531638786026928407853049620076930842963388102875757599323764741,0x8329bdd734ac55ee38848a6730c8cf80a604441164038d60e6e0c2acb034986c,1777502718,2026-04-29T22:45:18+00:00,0.2725,clob_prices_history
62780808278969531638786026928407853049620076930842963388102875757599323764741,0x8329bdd734ac55ee38848a6730c8cf80a604441164038d60e6e0c2acb034986c,1777503606,2026-04-29T23:00:06+00:00,0.2725,clob_prices_history
62780808278969531638786026928407853049620076930842963388102875757599323764741,0x8329bdd734ac55ee38848a6730c8cf80a604441164038d60e6e0c2acb034986c,1777504506,2026-04-29T23:15:06+00:00,0.2725,clob_prices_history
62780808278969531638786026928407853049620076930842963388102875757599323764741,0x8329bdd734ac55ee38848a6730c8cf80a604441164038d60e6e0c2acb034986c,1777505419,2026-04-29T23:30:19+00:00,0.274,clob_prices_history
62780808278969531638786026928407853049620076930842963388102875757599323764741,0x8329bdd734ac55ee38848a6730c8cf80a604441164038d60e6e0c2acb034986c,1777506308,2026-04-29T23:45:08+00:00,0.274,clob_prices_history
62780808278969531638786026928407853049620076930842963388102875757599323764741,0x8329bdd734ac55ee38848a6730c8cf80a604441164038d60e6e0c2acb034986c,1777507217,2026-04-30T00:00:17+00:00,0.274,clob_prices_history
62780808278969531638786026928407853049620076930842963388102875757599323764741,0x8329bdd734ac55ee38848a6730c8cf80a604441164038d60e6e0c2acb034986c,1777508107,2026-04-30T00:15:07+00:00,0.2735,clob_prices_history
62780808278969531638786026928407853049620076930842963388102875757599323764741,0x8329bdd734ac55ee38848a6730c8cf80a604441164038d60e6e0c2acb034986c,1777509020,2026-04-30T00:30:20+00:00,0.2805,clob_prices_history
62780808278969531638786026928407853049620076930842963388102875757599323764741,0x8329bdd734ac55ee38848a6730c8cf80a604441164038d60e6e0c2acb034986c,1777509909,2026-04-30T00:45:09+00:00,0.278,clob_prices_history
62780808278969531638786026928407853049620076930842963388102875757599323764741,0x8329bdd734ac55ee38848a6730c8cf80a604441164038d60e6e0c2acb034986c,1777510823,2026-04-30T01:00:23+00:00,0.2575,clob_prices_history
62780808278969531638786026928407853049620076930842963388102875757599323764741,0x8329bdd734ac55ee38848a6730c8cf80a604441164038d60e6e0c2acb034986c,1777511705,2026-04-30T01:15:05+00:00,0.2575,clob_prices_history
62780808278969531638786026928407853049620076930842963388102875757599323764741,0x8329bdd734ac55ee38848a6730c8cf80a604441164038d60e6e0c2acb034986c,1777512607,2026-04-30T01:30:07+00:00,0.2825,clob_prices_history
62780808278969531638786026928407853049620076930842963388102875757599323764741,0x8329bdd734ac55ee38848a6730c8cf80a604441164038d60e6e0c2acb034986c,1777513505,2026-04-30T01:45:05+00:00,0.2825,clob_prices_history
62780808278969531638786026928407853049620076930842963388102875757599323764741,0x8329bdd734ac55ee38848a6730c8cf80a604441164038d60e6e0c2acb034986c,1777514406,2026-04-30T02:00:06+00:00,0.2825,clob_prices_history
62780808278969531638786026928407853049620076930842963388102875757599323764741,0x8329bdd734ac55ee38848a6730c8cf80a604441164038d60e6e0c2acb034986c,1777515309,2026-04-30T02:15:09+00:00,0.2825,clob_prices_history
62780808278969531638786026928407853049620076930842963388102875757599323764741,0x8329bdd734ac55ee38848a6730c8cf80a604441164038d60e6e0c2acb034986c,1777516206,2026-04-30T02:30:06+00:00,0.2825,clob_prices_history
62780808278969531638786026928407853049620076930842963388102875757599323764741,0x8329bdd734ac55ee38848a6730c8cf80a604441164038d60e6e0c2acb034986c,1777517105,2026-04-30T02:45:05+00:00,0.2825,clob_prices_history
62780808278969531638786026928407853049620076930842963388102875757599323764741,0x8329bdd734ac55ee38848a6730c8cf80a604441164038d60e6e0c2acb034986c,1777518010,2026-04-30T03:00:10+00:00,0.288,clob_prices_history
62780808278969531638786026928407853049620076930842963388102875757599323764741,0x8329bdd734ac55ee38848a6730c8cf80a604441164038d60e6e0c2acb034986c,1777518906,2026-04-30T03:15:06+00:00,0.2855,clob_prices_history
62780808278969531638786026928407853049620076930842963388102875757599323764741,0x8329bdd734ac55ee38848a6730c8cf80a604441164038d60e6e0c2acb034986c,1777519807,2026-04-30T03:30:07+00:00,0.2915,clob_prices_history
62780808278969531638786026928407853049620076930842963388102875757599323764741,0x8329bdd734ac55ee38848a6730c8cf80a604441164038d60e6e0c2acb034986c,1777520704,2026-04-30T03:45:04+00:00,0.2915,clob_prices_history
62780808278969531638786026928407853049620076930842963388102875757599323764741,0x8329bdd734ac55ee38848a6730c8cf80a604441164038d60e6e0c2acb034986c,1777521607,2026-04-30T04:00:07+00:00,0.2915,clob_prices_history
62780808278969531638786026928407853049620076930842963388102875757599323764741,0x8329bdd734ac55ee38848a6730c8cf80a604441164038d60e6e0c2acb034986c,1777522505,2026-04-30T04:15:05+00:00,0.272,clob_prices_history
62780808278969531638786026928407853049620076930842963388102875757599323764741,0x8329bdd734ac55ee38848a6730c8cf80a604441164038d60e6e0c2acb034986c,1777523409,2026-04-30T04:30:09+00:00,0.2645,clob_prices_history
62780808278969531638786026928407853049620076930842963388102875757599323764741,0x8329bdd734ac55ee38848a6730c8cf80a604441164038d60e6e0c2acb034986c,1777524305,2026-04-30T04:45:05+00:00,0.2645,clob_prices_history
62780808278969531638786026928407853049620076930842963388102875757599323764741,0x8329bdd734ac55ee38848a6730c8cf80a604441164038d60e6e0c2acb034986c,1777525207,2026-04-30T05:00:07+00:00,0.264,clob_prices_history
62780808278969531638786026928407853049620076930842963388102875757599323764741,0x8329bdd734ac55ee38848a6730c8cf80a604441164038d60e6e0c2acb034986c,1777526109,2026-04-30T05:15:09+00:00,0.2625,clob_prices_history
62780808278969531638786026928407853049620076930842963388102875757599323764741,0x8329bdd734ac55ee38848a6730c8cf80a604441164038d60e6e0c2acb034986c,1777527010,2026-04-30T05:30:10+00:00,0.2625,clob_prices_history
62780808278969531638786026928407853049620076930842963388102875757599323764741,0x8329bdd734ac55ee38848a6730c8cf80a604441164038d60e6e0c2acb034986c,1777527909,2026-04-30T05:45:09+00:00,0.2625,clob_prices_history
62780808278969531638786026928407853049620076930842963388102875757599323764741,0x8329bdd734ac55ee38848a6730c8cf80a604441164038d60e6e0c2acb034986c,1777528812,2026-04-30T06:00:12+00:00,0.2625,clob_prices_history
62780808278969531638786026928407853049620076930842963388102875757599323764741,0x8329bdd734ac55ee38848a6730c8cf80a604441164038d60e6e0c2acb034986c,1777529722,2026-04-30T06:15:22+00:00,0.2625,clob_prices_history
62780808278969531638786026928407853049620076930842963388102875757599323764741,0x8329bdd734ac55ee38848a6730c8cf80a604441164038d60e6e0c2acb034986c,1777530607,2026-04-30T06:30:07+00:00,0.2625,clob_prices_history
62780808278969531638786026928407853049620076930842963388102875757599323764741,0x8329bdd734ac55ee38848a6730c8cf80a604441164038d60e6e0c2acb034986c,1777531516,2026-04-30T06:45:16+00:00,0.2625,clob_prices_history
62780808278969531638786026928407853049620076930842963388102875757599323764741,0x8329bdd734ac55ee38848a6730c8cf80a604441164038d60e6e0c2acb034986c,1777532412,2026-04-30T07:00:12+00:00,0.2625,clob_prices_history
62780808278969531638786026928407853049620076930842963388102875757599323764741,0x8329bdd734ac55ee38848a6730c8cf80a604441164038d60e6e0c2acb034986c,1777533305,2026-04-30T07:15:05+00:00,0.2625,clob_prices_history
62780808278969531638786026928407853049620076930842963388102875757599323764741,0x8329bdd734ac55ee38848a6730c8cf80a604441164038d60e6e0c2acb034986c,1777534208,2026-04-30T07:30:08+00:00,0.2625,clob_prices_history
62780808278969531638786026928407853049620076930842963388102875757599323764741,0x8329bdd734ac55ee38848a6730c8cf80a604441164038d60e6e0c2acb034986c,1777535105,2026-04-30T07:45:05+00:00,0.2625,clob_prices_history
62780808278969531638786026928407853049620076930842963388102875757599323764741,0x8329bdd734ac55ee38848a6730c8cf80a604441164038d60e6e0c2acb034986c,1777536006,2026-04-30T08:00:06+00:00,0.284,clob_prices_history
62780808278969531638786026928407853049620076930842963388102875757599323764741,0x8329bdd734ac55ee38848a6730c8cf80a604441164038d60e6e0c2acb034986c,1777536911,2026-04-30T08:15:11+00:00,0.284,clob_prices_history
62780808278969531638786026928407853049620076930842963388102875757599323764741,0x8329bdd734ac55ee38848a6730c8cf80a604441164038d60e6e0c2acb034986c,1777537806,2026-04-30T08:30:06+00:00,0.284,clob_prices_history
62780808278969531638786026928407853049620076930842963388102875757599323764741,0x8329bdd734ac55ee38848a6730c8cf80a604441164038d60e6e0c2acb034986c,1777538705,2026-04-30T08:45:05+00:00,0.284,clob_prices_history
62780808278969531638786026928407853049620076930842963388102875757599323764741,0x8329bdd734ac55ee38848a6730c8cf80a604441164038d60e6e0c2acb034986c,1777539619,2026-04-30T09:00:19+00:00,0.284,clob_prices_history
62780808278969531638786026928407853049620076930842963388102875757599323764741,0x8329bdd734ac55ee38848a6730c8cf80a604441164038d60e6e0c2acb034986c,1777540506,2026-04-30T09:15:06+00:00,0.284,clob_prices_history
62780808278969531638786026928407853049620076930842963388102875757599323764741,0x8329bdd734ac55ee38848a6730c8cf80a604441164038d60e6e0c2acb034986c,1777541408,2026-04-30T09:30:08+00:00,0.284,clob_prices_history
62780808278969531638786026928407853049620076930842963388102875757599323764741,0x8329bdd734ac55ee38848a6730c8cf80a604441164038d60e6e0c2acb034986c,1777542306,2026-04-30T09:45:06+00:00,0.284,clob_prices_history
62780808278969531638786026928407853049620076930842963388102875757599323764741,0x8329bdd734ac55ee38848a6730c8cf80a604441164038d60e6e0c2acb034986c,1777543219,2026-04-30T10:00:19+00:00,0.2635,clob_prices_history
62780808278969531638786026928407853049620076930842963388102875757599323764741,0x8329bdd734ac55ee38848a6730c8cf80a604441164038d60e6e0c2acb034986c,1777544104,2026-04-30T10:15:04+00:00,0.2635,clob_prices_history
62780808278969531638786026928407853049620076930842963388102875757599323764741,0x8329bdd734ac55ee38848a6730c8cf80a604441164038d60e6e0c2acb034986c,1777545009,2026-04-30T10:30:09+00:00,0.2635,clob_prices_history
62780808278969531638786026928407853049620076930842963388102875757599323764741,0x8329bdd734ac55ee38848a6730c8cf80a604441164038d60e6e0c2acb034986c,1777545904,2026-04-30T10:45:04+00:00,0.2635,clob_prices_history
62780808278969531638786026928407853049620076930842963388102875757599323764741,0x8329bdd734ac55ee38848a6730c8cf80a604441164038d60e6e0c2acb034986c,1777546821,2026-04-30T11:00:21+00:00,0.2635,clob_prices_history
62780808278969531638786026928407853049620076930842963388102875757599323764741,0x8329bdd734ac55ee38848a6730c8cf80a604441164038d60e6e0c2acb034986c,1777547707,2026-04-30T11:15:07+00:00,0.2635,clob_prices_history
62780808278969531638786026928407853049620076930842963388102875757599323764741,0x8329bdd734ac55ee38848a6730c8cf80a604441164038d60e6e0c2acb034986c,1777548607,2026-04-30T11:30:07+00:00,0.2635,clob_prices_history
62780808278969531638786026928407853049620076930842963388102875757599323764741,0x8329bdd734ac55ee38848a6730c8cf80a604441164038d60e6e0c2acb034986c,1777549507,2026-04-30T11:45:07+00:00,0.2635,clob_prices_history
62780808278969531638786026928407853049620076930842963388102875757599323764741,0x8329bdd734ac55ee38848a6730c8cf80a604441164038d60e6e0c2acb034986c,1777550417,2026-04-30T12:00:17+00:00,0.2635,clob_prices_history
62780808278969531638786026928407853049620076930842963388102875757599323764741,0x8329bdd734ac55ee38848a6730c8cf80a604441164038d60e6e0c2acb034986c,1777551305,2026-04-30T12:15:05+00:00,0.2635,clob_prices_history
62780808278969531638786026928407853049620076930842963388102875757599323764741,0x8329bdd734ac55ee38848a6730c8cf80a604441164038d60e6e0c2acb034986c,1777552206,2026-04-30T12:30:06+00:00,0.2635,clob_prices_history
62780808278969531638786026928407853049620076930842963388102875757599323764741,0x8329bdd734ac55ee38848a6730c8cf80a604441164038d60e6e0c2acb034986c,1777553105,2026-04-30T12:45:05+00:00,0.2635,clob_prices_history
62780808278969531638786026928407853049620076930842963388102875757599323764741,0x8329bdd734ac55ee38848a6730c8cf80a604441164038d60e6e0c2acb034986c,1777554008,2026-04-30T13:00:08+00:00,0.2635,clob_prices_history
62780808278969531638786026928407853049620076930842963388102875757599323764741,0x8329bdd734ac55ee38848a6730c8cf80a604441164038d60e6e0c2acb034986c,1777554918,2026-04-30T13:15:18+00:00,0.2635,clob_prices_history
62780808278969531638786026928407853049620076930842963388102875757599323764741,0x8329bdd734ac55ee38848a6730c8cf80a604441164038d60e6e0c2acb034986c,1777555809,2026-04-30T13:30:09+00:00,0.2635,clob_prices_history
62780808278969531638786026928407853049620076930842963388102875757599323764741,0x8329bdd734ac55ee38848a6730c8cf80a604441164038d60e6e0c2acb034986c,1777556712,2026-04-30T13:45:12+00:00,0.2635,clob_prices_history
62780808278969531638786026928407853049620076930842963388102875757599323764741,0x8329bdd734ac55ee38848a6730c8cf80a604441164038d60e6e0c2acb034986c,1777557609,2026-04-30T14:00:09+00:00,0.2635,clob_prices_history
62780808278969531638786026928407853049620076930842963388102875757599323764741,0x8329bdd734ac55ee38848a6730c8cf80a604441164038d60e6e0c2acb034986c,1777558505,2026-04-30T14:15:05+00:00,0.263,clob_prices_history
62780808278969531638786026928407853049620076930842963388102875757599323764741,0x8329bdd734ac55ee38848a6730c8cf80a604441164038d60e6e0c2acb034986c,1777559409,2026-04-30T14:30:09+00:00,0.279,clob_prices_history
62780808278969531638786026928407853049620076930842963388102875757599323764741,0x8329bdd734ac55ee38848a6730c8cf80a604441164038d60e6e0c2acb034986c,1777560305,2026-04-30T14:45:05+00:00,0.2805,clob_prices_history
62780808278969531638786026928407853049620076930842963388102875757599323764741,0x8329bdd734ac55ee38848a6730c8cf80a604441164038d60e6e0c2acb034986c,1777561214,2026-04-30T15:00:14+00:00,0.279,clob_prices_history
62780808278969531638786026928407853049620076930842963388102875757599323764741,0x8329bdd734ac55ee38848a6730c8cf80a604441164038d60e6e0c2acb034986c,1777562106,2026-04-30T15:15:06+00:00,0.281,clob_prices_history
62780808278969531638786026928407853049620076930842963388102875757599323764741,0x8329bdd734ac55ee38848a6730c8cf80a604441164038d60e6e0c2acb034986c,1777563009,2026-04-30T15:30:09+00:00,0.28,clob_prices_history
62780808278969531638786026928407853049620076930842963388102875757599323764741,0x8329bdd734ac55ee38848a6730c8cf80a604441164038d60e6e0c2acb034986c,1777563906,2026-04-30T15:45:06+00:00,0.279,clob_prices_history
62780808278969531638786026928407853049620076930842963388102875757599323764741,0x8329bdd734ac55ee38848a6730c8cf80a604441164038d60e6e0c2acb034986c,1777564807,2026-04-30T16:00:07+00:00,0.2755,clob_prices_history
62780808278969531638786026928407853049620076930842963388102875757599323764741,0x8329bdd734ac55ee38848a6730c8cf80a604441164038d60e6e0c2acb034986c,1777565707,2026-04-30T16:15:07+00:00,0.266,clob_prices_history
62780808278969531638786026928407853049620076930842963388102875757599323764741,0x8329bdd734ac55ee38848a6730c8cf80a604441164038d60e6e0c2acb034986c,1777566623,2026-04-30T16:30:23+00:00,0.268,clob_prices_history
62780808278969531638786026928407853049620076930842963388102875757599323764741,0x8329bdd734ac55ee38848a6730c8cf80a604441164038d60e6e0c2acb034986c,1777567507,2026-04-30T16:45:07+00:00,0.2645,clob_prices_history
62780808278969531638786026928407853049620076930842963388102875757599323764741,0x8329bdd734ac55ee38848a6730c8cf80a604441164038d60e6e0c2acb034986c,1777568419,2026-04-30T17:00:19+00:00,0.2665,clob_prices_history
62780808278969531638786026928407853049620076930842963388102875757599323764741,0x8329bdd734ac55ee38848a6730c8cf80a604441164038d60e6e0c2acb034986c,1777569308,2026-04-30T17:15:08+00:00,0.2625,clob_prices_history
62780808278969531638786026928407853049620076930842963388102875757599323764741,0x8329bdd734ac55ee38848a6730c8cf80a604441164038d60e6e0c2acb034986c,1777570208,2026-04-30T17:30:08+00:00,0.2615,clob_prices_history
62780808278969531638786026928407853049620076930842963388102875757599323764741,0x8329bdd734ac55ee38848a6730c8cf80a604441164038d60e6e0c2acb034986c,1777571108,2026-04-30T17:45:08+00:00,0.268,clob_prices_history
62780808278969531638786026928407853049620076930842963388102875757599323764741,0x8329bdd734ac55ee38848a6730c8cf80a604441164038d60e6e0c2acb034986c,1777572015,2026-04-30T18:00:15+00:00,0.264,clob_prices_history
62780808278969531638786026928407853049620076930842963388102875757599323764741,0x8329bdd734ac55ee38848a6730c8cf80a604441164038d60e6e0c2acb034986c,1777572908,2026-04-30T18:15:08+00:00,0.2595,clob_prices_history
62780808278969531638786026928407853049620076930842963388102875757599323764741,0x8329bdd734ac55ee38848a6730c8cf80a604441164038d60e6e0c2acb034986c,1777573810,2026-04-30T18:30:10+00:00,0.2625,clob_prices_history
62780808278969531638786026928407853049620076930842963388102875757599323764741,0x8329bdd734ac55ee38848a6730c8cf80a604441164038d60e6e0c2acb034986c,1777574706,2026-04-30T18:45:06+00:00,0.2615,clob_prices_history
62780808278969531638786026928407853049620076930842963388102875757599323764741,0x8329bdd734ac55ee38848a6730c8cf80a604441164038d60e6e0c2acb034986c,1777575610,2026-04-30T19:00:10+00:00,0.26,clob_prices_history
62780808278969531638786026928407853049620076930842963388102875757599323764741,0x8329bdd734ac55ee38848a6730c8cf80a604441164038d60e6e0c2acb034986c,1777576524,2026-04-30T19:15:24+00:00,0.2585,clob_prices_history
62780808278969531638786026928407853049620076930842963388102875757599323764741,0x8329bdd734ac55ee38848a6730c8cf80a604441164038d60e6e0c2acb034986c,1777577409,2026-04-30T19:30:09+00:00,0.258,clob_prices_history
62780808278969531638786026928407853049620076930842963388102875757599323764741,0x8329bdd734ac55ee38848a6730c8cf80a604441164038d60e6e0c2acb034986c,1777578307,2026-04-30T19:45:07+00:00,0.2585,clob_prices_history
62780808278969531638786026928407853049620076930842963388102875757599323764741,0x8329bdd734ac55ee38848a6730c8cf80a604441164038d60e6e0c2acb034986c,1777579212,2026-04-30T20:00:12+00:00,0.2585,clob_prices_history
62780808278969531638786026928407853049620076930842963388102875757599323764741,0x8329bdd734ac55ee38848a6730c8cf80a604441164038d60e6e0c2acb034986c,1777580107,2026-04-30T20:15:07+00:00,0.2585,clob_prices_history
62780808278969531638786026928407853049620076930842963388102875757599323764741,0x8329bdd734ac55ee38848a6730c8cf80a604441164038d60e6e0c2acb034986c,1777581011,2026-04-30T20:30:11+00:00,0.2595,clob_prices_history
62780808278969531638786026928407853049620076930842963388102875757599323764741,0x8329bdd734ac55ee38848a6730c8cf80a604441164038d60e6e0c2acb034986c,1777581905,2026-04-30T20:45:05+00:00,0.2585,clob_prices_history
62780808278969531638786026928407853049620076930842963388102875757599323764741,0x8329bdd734ac55ee38848a6730c8cf80a604441164038d60e6e0c2acb034986c,1777582810,2026-04-30T21:00:10+00:00,0.2585,clob_prices_history
62780808278969531638786026928407853049620076930842963388102875757599323764741,0x8329bdd734ac55ee38848a6730c8cf80a604441164038d60e6e0c2acb034986c,1777583705,2026-04-30T21:15:05+00:00,0.2585,clob_prices_history
62780808278969531638786026928407853049620076930842963388102875757599323764741,0x8329bdd734ac55ee38848a6730c8cf80a604441164038d60e6e0c2acb034986c,1777584633,2026-04-30T21:30:33+00:00,0.259,clob_prices_history
62780808278969531638786026928407853049620076930842963388102875757599323764741,0x8329bdd734ac55ee38848a6730c8cf80a604441164038d60e6e0c2acb034986c,1777585511,2026-04-30T21:45:11+00:00,0.263,clob_prices_history
62780808278969531638786026928407853049620076930842963388102875757599323764741,0x8329bdd734ac55ee38848a6730c8cf80a604441164038d60e6e0c2acb034986c,1777586409,2026-04-30T22:00:09+00:00,0.259,clob_prices_history
62780808278969531638786026928407853049620076930842963388102875757599323764741,0x8329bdd734ac55ee38848a6730c8cf80a604441164038d60e6e0c2acb034986c,1777587319,2026-04-30T22:15:19+00:00,0.2585,clob_prices_history
62780808278969531638786026928407853049620076930842963388102875757599323764741,0x8329bdd734ac55ee38848a6730c8cf80a604441164038d60e6e0c2acb034986c,1777588211,2026-04-30T22:30:11+00:00,0.2635,clob_prices_history
62780808278969531638786026928407853049620076930842963388102875757599323764741,0x8329bdd734ac55ee38848a6730c8cf80a604441164038d60e6e0c2acb034986c,1777589106,2026-04-30T22:45:06+00:00,0.2585,clob_prices_history
62780808278969531638786026928407853049620076930842963388102875757599323764741,0x8329bdd734ac55ee38848a6730c8cf80a604441164038d60e6e0c2acb034986c,1777590009,2026-04-30T23:00:09+00:00,0.2585,clob_prices_history
62780808278969531638786026928407853049620076930842963388102875757599323764741,0x8329bdd734ac55ee38848a6730c8cf80a604441164038d60e6e0c2acb034986c,1777590907,2026-04-30T23:15:07+00:00,0.2585,clob_prices_history
62780808278969531638786026928407853049620076930842963388102875757599323764741,0x8329bdd734ac55ee38848a6730c8cf80a604441164038d60e6e0c2acb034986c,1777591807,2026-04-30T23:30:07+00:00,0.2585,clob_prices_history
62780808278969531638786026928407853049620076930842963388102875757599323764741,0x8329bdd734ac55ee38848a6730c8cf80a604441164038d60e6e0c2acb034986c,1777592706,2026-04-30T23:45:06+00:00,0.2585,clob_prices_history
