asset,conditionId,timestamp,timestamp_utc,price,source
17269153522875922708691197534079323882577887490263556443563241786372279871546,0x6cb3ec9e0fb1c258898f648f8b33422f59ba3e8a71aee551449d7cb147bb8ead,1775002545,2026-04-01T00:15:45+00:00,0.825,clob_prices_history
17269153522875922708691197534079323882577887490263556443563241786372279871546,0x6cb3ec9e0fb1c258898f648f8b33422f59ba3e8a71aee551449d7cb147bb8ead,1775004345,2026-04-01T00:45:45+00:00,0.825,clob_prices_history
17269153522875922708691197534079323882577887490263556443563241786372279871546,0x6cb3ec9e0fb1c258898f648f8b33422f59ba3e8a71aee551449d7cb147bb8ead,1775005249,2026-04-01T01:00:49+00:00,0.825,clob_prices_history
17269153522875922708691197534079323882577887490263556443563241786372279871546,0x6cb3ec9e0fb1c258898f648f8b33422f59ba3e8a71aee551449d7cb147bb8ead,1775006150,2026-04-01T01:15:50+00:00,0.825,clob_prices_history
17269153522875922708691197534079323882577887490263556443563241786372279871546,0x6cb3ec9e0fb1c258898f648f8b33422f59ba3e8a71aee551449d7cb147bb8ead,1775007049,2026-04-01T01:30:49+00:00,0.835,clob_prices_history
17269153522875922708691197534079323882577887490263556443563241786372279871546,0x6cb3ec9e0fb1c258898f648f8b33422f59ba3e8a71aee551449d7cb147bb8ead,1775007950,2026-04-01T01:45:50+00:00,0.825,clob_prices_history
17269153522875922708691197534079323882577887490263556443563241786372279871546,0x6cb3ec9e0fb1c258898f648f8b33422f59ba3e8a71aee551449d7cb147bb8ead,1775008852,2026-04-01T02:00:52+00:00,0.825,clob_prices_history
17269153522875922708691197534079323882577887490263556443563241786372279871546,0x6cb3ec9e0fb1c258898f648f8b33422f59ba3e8a71aee551449d7cb147bb8ead,1775010648,2026-04-01T02:30:48+00:00,0.825,clob_prices_history
17269153522875922708691197534079323882577887490263556443563241786372279871546,0x6cb3ec9e0fb1c258898f648f8b33422f59ba3e8a71aee551449d7cb147bb8ead,1775011548,2026-04-01T02:45:48+00:00,0.825,clob_prices_history
17269153522875922708691197534079323882577887490263556443563241786372279871546,0x6cb3ec9e0fb1c258898f648f8b33422f59ba3e8a71aee551449d7cb147bb8ead,1775012457,2026-04-01T03:00:57+00:00,0.825,clob_prices_history
17269153522875922708691197534079323882577887490263556443563241786372279871546,0x6cb3ec9e0fb1c258898f648f8b33422f59ba3e8a71aee551449d7cb147bb8ead,1775013347,2026-04-01T03:15:47+00:00,0.825,clob_prices_history
17269153522875922708691197534079323882577887490263556443563241786372279871546,0x6cb3ec9e0fb1c258898f648f8b33422f59ba3e8a71aee551449d7cb147bb8ead,1775014249,2026-04-01T03:30:49+00:00,0.825,clob_prices_history
17269153522875922708691197534079323882577887490263556443563241786372279871546,0x6cb3ec9e0fb1c258898f648f8b33422f59ba3e8a71aee551449d7cb147bb8ead,1775015145,2026-04-01T03:45:45+00:00,0.83,clob_prices_history
17269153522875922708691197534079323882577887490263556443563241786372279871546,0x6cb3ec9e0fb1c258898f648f8b33422f59ba3e8a71aee551449d7cb147bb8ead,1775016947,2026-04-01T04:15:47+00:00,0.83,clob_prices_history
17269153522875922708691197534079323882577887490263556443563241786372279871546,0x6cb3ec9e0fb1c258898f648f8b33422f59ba3e8a71aee551449d7cb147bb8ead,1775017849,2026-04-01T04:30:49+00:00,0.83,clob_prices_history
17269153522875922708691197534079323882577887490263556443563241786372279871546,0x6cb3ec9e0fb1c258898f648f8b33422f59ba3e8a71aee551449d7cb147bb8ead,1775018746,2026-04-01T04:45:46+00:00,0.815,clob_prices_history
17269153522875922708691197534079323882577887490263556443563241786372279871546,0x6cb3ec9e0fb1c258898f648f8b33422f59ba3e8a71aee551449d7cb147bb8ead,1775019649,2026-04-01T05:00:49+00:00,0.815,clob_prices_history
17269153522875922708691197534079323882577887490263556443563241786372279871546,0x6cb3ec9e0fb1c258898f648f8b33422f59ba3e8a71aee551449d7cb147bb8ead,1775020548,2026-04-01T05:15:48+00:00,0.815,clob_prices_history
17269153522875922708691197534079323882577887490263556443563241786372279871546,0x6cb3ec9e0fb1c258898f648f8b33422f59ba3e8a71aee551449d7cb147bb8ead,1775021404,2026-04-01T05:30:04+00:00,0.815,clob_prices_history
17269153522875922708691197534079323882577887490263556443563241786372279871546,0x6cb3ec9e0fb1c258898f648f8b33422f59ba3e8a71aee551449d7cb147bb8ead,1775022354,2026-04-01T05:45:54+00:00,0.815,clob_prices_history
17269153522875922708691197534079323882577887490263556443563241786372279871546,0x6cb3ec9e0fb1c258898f648f8b33422f59ba3e8a71aee551449d7cb147bb8ead,1775023253,2026-04-01T06:00:53+00:00,0.815,clob_prices_history
17269153522875922708691197534079323882577887490263556443563241786372279871546,0x6cb3ec9e0fb1c258898f648f8b33422f59ba3e8a71aee551449d7cb147bb8ead,1775024158,2026-04-01T06:15:58+00:00,0.815,clob_prices_history
17269153522875922708691197534079323882577887490263556443563241786372279871546,0x6cb3ec9e0fb1c258898f648f8b33422f59ba3e8a71aee551449d7cb147bb8ead,1775025946,2026-04-01T06:45:46+00:00,0.815,clob_prices_history
17269153522875922708691197534079323882577887490263556443563241786372279871546,0x6cb3ec9e0fb1c258898f648f8b33422f59ba3e8a71aee551449d7cb147bb8ead,1775026858,2026-04-01T07:00:58+00:00,0.815,clob_prices_history
17269153522875922708691197534079323882577887490263556443563241786372279871546,0x6cb3ec9e0fb1c258898f648f8b33422f59ba3e8a71aee551449d7cb147bb8ead,1775027757,2026-04-01T07:15:57+00:00,0.815,clob_prices_history
17269153522875922708691197534079323882577887490263556443563241786372279871546,0x6cb3ec9e0fb1c258898f648f8b33422f59ba3e8a71aee551449d7cb147bb8ead,1775028648,2026-04-01T07:30:48+00:00,0.815,clob_prices_history
17269153522875922708691197534079323882577887490263556443563241786372279871546,0x6cb3ec9e0fb1c258898f648f8b33422f59ba3e8a71aee551449d7cb147bb8ead,1775029546,2026-04-01T07:45:46+00:00,0.815,clob_prices_history
17269153522875922708691197534079323882577887490263556443563241786372279871546,0x6cb3ec9e0fb1c258898f648f8b33422f59ba3e8a71aee551449d7cb147bb8ead,1775030456,2026-04-01T08:00:56+00:00,0.815,clob_prices_history
17269153522875922708691197534079323882577887490263556443563241786372279871546,0x6cb3ec9e0fb1c258898f648f8b33422f59ba3e8a71aee551449d7cb147bb8ead,1775031300,2026-04-01T08:15:00+00:00,0.815,clob_prices_history
17269153522875922708691197534079323882577887490263556443563241786372279871546,0x6cb3ec9e0fb1c258898f648f8b33422f59ba3e8a71aee551449d7cb147bb8ead,1775033147,2026-04-01T08:45:47+00:00,0.815,clob_prices_history
17269153522875922708691197534079323882577887490263556443563241786372279871546,0x6cb3ec9e0fb1c258898f648f8b33422f59ba3e8a71aee551449d7cb147bb8ead,1775034057,2026-04-01T09:00:57+00:00,0.835,clob_prices_history
17269153522875922708691197534079323882577887490263556443563241786372279871546,0x6cb3ec9e0fb1c258898f648f8b33422f59ba3e8a71aee551449d7cb147bb8ead,1775034951,2026-04-01T09:15:51+00:00,0.835,clob_prices_history
17269153522875922708691197534079323882577887490263556443563241786372279871546,0x6cb3ec9e0fb1c258898f648f8b33422f59ba3e8a71aee551449d7cb147bb8ead,1775035854,2026-04-01T09:30:54+00:00,0.835,clob_prices_history
17269153522875922708691197534079323882577887490263556443563241786372279871546,0x6cb3ec9e0fb1c258898f648f8b33422f59ba3e8a71aee551449d7cb147bb8ead,1775036750,2026-04-01T09:45:50+00:00,0.835,clob_prices_history
17269153522875922708691197534079323882577887490263556443563241786372279871546,0x6cb3ec9e0fb1c258898f648f8b33422f59ba3e8a71aee551449d7cb147bb8ead,1775037649,2026-04-01T10:00:49+00:00,0.835,clob_prices_history
17269153522875922708691197534079323882577887490263556443563241786372279871546,0x6cb3ec9e0fb1c258898f648f8b33422f59ba3e8a71aee551449d7cb147bb8ead,1775038546,2026-04-01T10:15:46+00:00,0.835,clob_prices_history
17269153522875922708691197534079323882577887490263556443563241786372279871546,0x6cb3ec9e0fb1c258898f648f8b33422f59ba3e8a71aee551449d7cb147bb8ead,1775039448,2026-04-01T10:30:48+00:00,0.835,clob_prices_history
17269153522875922708691197534079323882577887490263556443563241786372279871546,0x6cb3ec9e0fb1c258898f648f8b33422f59ba3e8a71aee551449d7cb147bb8ead,1775040349,2026-04-01T10:45:49+00:00,0.835,clob_prices_history
17269153522875922708691197534079323882577887490263556443563241786372279871546,0x6cb3ec9e0fb1c258898f648f8b33422f59ba3e8a71aee551449d7cb147bb8ead,1775041248,2026-04-01T11:00:48+00:00,0.835,clob_prices_history
17269153522875922708691197534079323882577887490263556443563241786372279871546,0x6cb3ec9e0fb1c258898f648f8b33422f59ba3e8a71aee551449d7cb147bb8ead,1775042145,2026-04-01T11:15:45+00:00,0.835,clob_prices_history
17269153522875922708691197534079323882577887490263556443563241786372279871546,0x6cb3ec9e0fb1c258898f648f8b33422f59ba3e8a71aee551449d7cb147bb8ead,1775043046,2026-04-01T11:30:46+00:00,0.835,clob_prices_history
17269153522875922708691197534079323882577887490263556443563241786372279871546,0x6cb3ec9e0fb1c258898f648f8b33422f59ba3e8a71aee551449d7cb147bb8ead,1775043943,2026-04-01T11:45:43+00:00,0.835,clob_prices_history
17269153522875922708691197534079323882577887490263556443563241786372279871546,0x6cb3ec9e0fb1c258898f648f8b33422f59ba3e8a71aee551449d7cb147bb8ead,1775045744,2026-04-01T12:15:44+00:00,0.835,clob_prices_history
17269153522875922708691197534079323882577887490263556443563241786372279871546,0x6cb3ec9e0fb1c258898f648f8b33422f59ba3e8a71aee551449d7cb147bb8ead,1775046651,2026-04-01T12:30:51+00:00,0.835,clob_prices_history
17269153522875922708691197534079323882577887490263556443563241786372279871546,0x6cb3ec9e0fb1c258898f648f8b33422f59ba3e8a71aee551449d7cb147bb8ead,1775047552,2026-04-01T12:45:52+00:00,0.835,clob_prices_history
17269153522875922708691197534079323882577887490263556443563241786372279871546,0x6cb3ec9e0fb1c258898f648f8b33422f59ba3e8a71aee551449d7cb147bb8ead,1775048449,2026-04-01T13:00:49+00:00,0.835,clob_prices_history
17269153522875922708691197534079323882577887490263556443563241786372279871546,0x6cb3ec9e0fb1c258898f648f8b33422f59ba3e8a71aee551449d7cb147bb8ead,1775049354,2026-04-01T13:15:54+00:00,0.835,clob_prices_history
17269153522875922708691197534079323882577887490263556443563241786372279871546,0x6cb3ec9e0fb1c258898f648f8b33422f59ba3e8a71aee551449d7cb147bb8ead,1775050256,2026-04-01T13:30:56+00:00,0.835,clob_prices_history
17269153522875922708691197534079323882577887490263556443563241786372279871546,0x6cb3ec9e0fb1c258898f648f8b33422f59ba3e8a71aee551449d7cb147bb8ead,1775051148,2026-04-01T13:45:48+00:00,0.835,clob_prices_history
17269153522875922708691197534079323882577887490263556443563241786372279871546,0x6cb3ec9e0fb1c258898f648f8b33422f59ba3e8a71aee551449d7cb147bb8ead,1775052054,2026-04-01T14:00:54+00:00,0.835,clob_prices_history
17269153522875922708691197534079323882577887490263556443563241786372279871546,0x6cb3ec9e0fb1c258898f648f8b33422f59ba3e8a71aee551449d7cb147bb8ead,1775053853,2026-04-01T14:30:53+00:00,0.835,clob_prices_history
17269153522875922708691197534079323882577887490263556443563241786372279871546,0x6cb3ec9e0fb1c258898f648f8b33422f59ba3e8a71aee551449d7cb147bb8ead,1775054752,2026-04-01T14:45:52+00:00,0.835,clob_prices_history
17269153522875922708691197534079323882577887490263556443563241786372279871546,0x6cb3ec9e0fb1c258898f648f8b33422f59ba3e8a71aee551449d7cb147bb8ead,1775055658,2026-04-01T15:00:58+00:00,0.835,clob_prices_history
17269153522875922708691197534079323882577887490263556443563241786372279871546,0x6cb3ec9e0fb1c258898f648f8b33422f59ba3e8a71aee551449d7cb147bb8ead,1775056503,2026-04-01T15:15:03+00:00,0.835,clob_prices_history
17269153522875922708691197534079323882577887490263556443563241786372279871546,0x6cb3ec9e0fb1c258898f648f8b33422f59ba3e8a71aee551449d7cb147bb8ead,1775058356,2026-04-01T15:45:56+00:00,0.835,clob_prices_history
17269153522875922708691197534079323882577887490263556443563241786372279871546,0x6cb3ec9e0fb1c258898f648f8b33422f59ba3e8a71aee551449d7cb147bb8ead,1775059259,2026-04-01T16:00:59+00:00,0.835,clob_prices_history
17269153522875922708691197534079323882577887490263556443563241786372279871546,0x6cb3ec9e0fb1c258898f648f8b33422f59ba3e8a71aee551449d7cb147bb8ead,1775060146,2026-04-01T16:15:46+00:00,0.835,clob_prices_history
17269153522875922708691197534079323882577887490263556443563241786372279871546,0x6cb3ec9e0fb1c258898f648f8b33422f59ba3e8a71aee551449d7cb147bb8ead,1775061052,2026-04-01T16:30:52+00:00,0.835,clob_prices_history
17269153522875922708691197534079323882577887490263556443563241786372279871546,0x6cb3ec9e0fb1c258898f648f8b33422f59ba3e8a71aee551449d7cb147bb8ead,1775061950,2026-04-01T16:45:50+00:00,0.835,clob_prices_history
17269153522875922708691197534079323882577887490263556443563241786372279871546,0x6cb3ec9e0fb1c258898f648f8b33422f59ba3e8a71aee551449d7cb147bb8ead,1775063751,2026-04-01T17:15:51+00:00,0.835,clob_prices_history
17269153522875922708691197534079323882577887490263556443563241786372279871546,0x6cb3ec9e0fb1c258898f648f8b33422f59ba3e8a71aee551449d7cb147bb8ead,1775064659,2026-04-01T17:30:59+00:00,0.835,clob_prices_history
17269153522875922708691197534079323882577887490263556443563241786372279871546,0x6cb3ec9e0fb1c258898f648f8b33422f59ba3e8a71aee551449d7cb147bb8ead,1775065504,2026-04-01T17:45:04+00:00,0.835,clob_prices_history
17269153522875922708691197534079323882577887490263556443563241786372279871546,0x6cb3ec9e0fb1c258898f648f8b33422f59ba3e8a71aee551449d7cb147bb8ead,1775066457,2026-04-01T18:00:57+00:00,0.835,clob_prices_history
17269153522875922708691197534079323882577887490263556443563241786372279871546,0x6cb3ec9e0fb1c258898f648f8b33422f59ba3e8a71aee551449d7cb147bb8ead,1775067355,2026-04-01T18:15:55+00:00,0.835,clob_prices_history
17269153522875922708691197534079323882577887490263556443563241786372279871546,0x6cb3ec9e0fb1c258898f648f8b33422f59ba3e8a71aee551449d7cb147bb8ead,1775068204,2026-04-01T18:30:04+00:00,0.835,clob_prices_history
17269153522875922708691197534079323882577887490263556443563241786372279871546,0x6cb3ec9e0fb1c258898f648f8b33422f59ba3e8a71aee551449d7cb147bb8ead,1775069155,2026-04-01T18:45:55+00:00,0.835,clob_prices_history
17269153522875922708691197534079323882577887490263556443563241786372279871546,0x6cb3ec9e0fb1c258898f648f8b33422f59ba3e8a71aee551449d7cb147bb8ead,1775070949,2026-04-01T19:15:49+00:00,0.835,clob_prices_history
17269153522875922708691197534079323882577887490263556443563241786372279871546,0x6cb3ec9e0fb1c258898f648f8b33422f59ba3e8a71aee551449d7cb147bb8ead,1775071805,2026-04-01T19:30:05+00:00,0.835,clob_prices_history
17269153522875922708691197534079323882577887490263556443563241786372279871546,0x6cb3ec9e0fb1c258898f648f8b33422f59ba3e8a71aee551449d7cb147bb8ead,1775072753,2026-04-01T19:45:53+00:00,0.835,clob_prices_history
17269153522875922708691197534079323882577887490263556443563241786372279871546,0x6cb3ec9e0fb1c258898f648f8b33422f59ba3e8a71aee551449d7cb147bb8ead,1775074546,2026-04-01T20:15:46+00:00,0.835,clob_prices_history
17269153522875922708691197534079323882577887490263556443563241786372279871546,0x6cb3ec9e0fb1c258898f648f8b33422f59ba3e8a71aee551449d7cb147bb8ead,1775075457,2026-04-01T20:30:57+00:00,0.845,clob_prices_history
17269153522875922708691197534079323882577887490263556443563241786372279871546,0x6cb3ec9e0fb1c258898f648f8b33422f59ba3e8a71aee551449d7cb147bb8ead,1775076353,2026-04-01T20:45:53+00:00,0.845,clob_prices_history
17269153522875922708691197534079323882577887490263556443563241786372279871546,0x6cb3ec9e0fb1c258898f648f8b33422f59ba3e8a71aee551449d7cb147bb8ead,1775077220,2026-04-01T21:00:20+00:00,0.845,clob_prices_history
17269153522875922708691197534079323882577887490263556443563241786372279871546,0x6cb3ec9e0fb1c258898f648f8b33422f59ba3e8a71aee551449d7cb147bb8ead,1775078152,2026-04-01T21:15:52+00:00,0.845,clob_prices_history
17269153522875922708691197534079323882577887490263556443563241786372279871546,0x6cb3ec9e0fb1c258898f648f8b33422f59ba3e8a71aee551449d7cb147bb8ead,1775079950,2026-04-01T21:45:50+00:00,0.845,clob_prices_history
17269153522875922708691197534079323882577887490263556443563241786372279871546,0x6cb3ec9e0fb1c258898f648f8b33422f59ba3e8a71aee551449d7cb147bb8ead,1775080852,2026-04-01T22:00:52+00:00,0.845,clob_prices_history
17269153522875922708691197534079323882577887490263556443563241786372279871546,0x6cb3ec9e0fb1c258898f648f8b33422f59ba3e8a71aee551449d7cb147bb8ead,1775081710,2026-04-01T22:15:10+00:00,0.845,clob_prices_history
17269153522875922708691197534079323882577887490263556443563241786372279871546,0x6cb3ec9e0fb1c258898f648f8b33422f59ba3e8a71aee551449d7cb147bb8ead,1775082655,2026-04-01T22:30:55+00:00,0.845,clob_prices_history
17269153522875922708691197534079323882577887490263556443563241786372279871546,0x6cb3ec9e0fb1c258898f648f8b33422f59ba3e8a71aee551449d7cb147bb8ead,1775083552,2026-04-01T22:45:52+00:00,0.845,clob_prices_history
17269153522875922708691197534079323882577887490263556443563241786372279871546,0x6cb3ec9e0fb1c258898f648f8b33422f59ba3e8a71aee551449d7cb147bb8ead,1775085353,2026-04-01T23:15:53+00:00,0.845,clob_prices_history
17269153522875922708691197534079323882577887490263556443563241786372279871546,0x6cb3ec9e0fb1c258898f648f8b33422f59ba3e8a71aee551449d7cb147bb8ead,1775086257,2026-04-01T23:30:57+00:00,0.845,clob_prices_history
17269153522875922708691197534079323882577887490263556443563241786372279871546,0x6cb3ec9e0fb1c258898f648f8b33422f59ba3e8a71aee551449d7cb147bb8ead,1775087151,2026-04-01T23:45:51+00:00,0.845,clob_prices_history
17269153522875922708691197534079323882577887490263556443563241786372279871546,0x6cb3ec9e0fb1c258898f648f8b33422f59ba3e8a71aee551449d7cb147bb8ead,1775088956,2026-04-02T00:15:56+00:00,0.845,clob_prices_history
17269153522875922708691197534079323882577887490263556443563241786372279871546,0x6cb3ec9e0fb1c258898f648f8b33422f59ba3e8a71aee551449d7cb147bb8ead,1775089850,2026-04-02T00:30:50+00:00,0.845,clob_prices_history
17269153522875922708691197534079323882577887490263556443563241786372279871546,0x6cb3ec9e0fb1c258898f648f8b33422f59ba3e8a71aee551449d7cb147bb8ead,1775090748,2026-04-02T00:45:48+00:00,0.845,clob_prices_history
17269153522875922708691197534079323882577887490263556443563241786372279871546,0x6cb3ec9e0fb1c258898f648f8b33422f59ba3e8a71aee551449d7cb147bb8ead,1775092544,2026-04-02T01:15:44+00:00,0.845,clob_prices_history
17269153522875922708691197534079323882577887490263556443563241786372279871546,0x6cb3ec9e0fb1c258898f648f8b33422f59ba3e8a71aee551449d7cb147bb8ead,1775094356,2026-04-02T01:45:56+00:00,0.845,clob_prices_history
17269153522875922708691197534079323882577887490263556443563241786372279871546,0x6cb3ec9e0fb1c258898f648f8b33422f59ba3e8a71aee551449d7cb147bb8ead,1775095254,2026-04-02T02:00:54+00:00,0.845,clob_prices_history
17269153522875922708691197534079323882577887490263556443563241786372279871546,0x6cb3ec9e0fb1c258898f648f8b33422f59ba3e8a71aee551449d7cb147bb8ead,1775096149,2026-04-02T02:15:49+00:00,0.845,clob_prices_history
17269153522875922708691197534079323882577887490263556443563241786372279871546,0x6cb3ec9e0fb1c258898f648f8b33422f59ba3e8a71aee551449d7cb147bb8ead,1775097056,2026-04-02T02:30:56+00:00,0.845,clob_prices_history
17269153522875922708691197534079323882577887490263556443563241786372279871546,0x6cb3ec9e0fb1c258898f648f8b33422f59ba3e8a71aee551449d7cb147bb8ead,1775097956,2026-04-02T02:45:56+00:00,0.845,clob_prices_history
17269153522875922708691197534079323882577887490263556443563241786372279871546,0x6cb3ec9e0fb1c258898f648f8b33422f59ba3e8a71aee551449d7cb147bb8ead,1775099748,2026-04-02T03:15:48+00:00,0.845,clob_prices_history
17269153522875922708691197534079323882577887490263556443563241786372279871546,0x6cb3ec9e0fb1c258898f648f8b33422f59ba3e8a71aee551449d7cb147bb8ead,1775100648,2026-04-02T03:30:48+00:00,0.845,clob_prices_history
17269153522875922708691197534079323882577887490263556443563241786372279871546,0x6cb3ec9e0fb1c258898f648f8b33422f59ba3e8a71aee551449d7cb147bb8ead,1775101551,2026-04-02T03:45:51+00:00,0.845,clob_prices_history
17269153522875922708691197534079323882577887490263556443563241786372279871546,0x6cb3ec9e0fb1c258898f648f8b33422f59ba3e8a71aee551449d7cb147bb8ead,1775102454,2026-04-02T04:00:54+00:00,0.845,clob_prices_history
17269153522875922708691197534079323882577887490263556443563241786372279871546,0x6cb3ec9e0fb1c258898f648f8b33422f59ba3e8a71aee551449d7cb147bb8ead,1775103346,2026-04-02T04:15:46+00:00,0.845,clob_prices_history
17269153522875922708691197534079323882577887490263556443563241786372279871546,0x6cb3ec9e0fb1c258898f648f8b33422f59ba3e8a71aee551449d7cb147bb8ead,1775104259,2026-04-02T04:30:59+00:00,0.845,clob_prices_history
17269153522875922708691197534079323882577887490263556443563241786372279871546,0x6cb3ec9e0fb1c258898f648f8b33422f59ba3e8a71aee551449d7cb147bb8ead,1775106053,2026-04-02T05:00:53+00:00,0.875,clob_prices_history
17269153522875922708691197534079323882577887490263556443563241786372279871546,0x6cb3ec9e0fb1c258898f648f8b33422f59ba3e8a71aee551449d7cb147bb8ead,1775106953,2026-04-02T05:15:53+00:00,0.875,clob_prices_history
17269153522875922708691197534079323882577887490263556443563241786372279871546,0x6cb3ec9e0fb1c258898f648f8b33422f59ba3e8a71aee551449d7cb147bb8ead,1775107850,2026-04-02T05:30:50+00:00,0.875,clob_prices_history
17269153522875922708691197534079323882577887490263556443563241786372279871546,0x6cb3ec9e0fb1c258898f648f8b33422f59ba3e8a71aee551449d7cb147bb8ead,1775108753,2026-04-02T05:45:53+00:00,0.875,clob_prices_history
17269153522875922708691197534079323882577887490263556443563241786372279871546,0x6cb3ec9e0fb1c258898f648f8b33422f59ba3e8a71aee551449d7cb147bb8ead,1775110550,2026-04-02T06:15:50+00:00,0.875,clob_prices_history
17269153522875922708691197534079323882577887490263556443563241786372279871546,0x6cb3ec9e0fb1c258898f648f8b33422f59ba3e8a71aee551449d7cb147bb8ead,1775111459,2026-04-02T06:30:59+00:00,0.875,clob_prices_history
17269153522875922708691197534079323882577887490263556443563241786372279871546,0x6cb3ec9e0fb1c258898f648f8b33422f59ba3e8a71aee551449d7cb147bb8ead,1775112344,2026-04-02T06:45:44+00:00,0.875,clob_prices_history
17269153522875922708691197534079323882577887490263556443563241786372279871546,0x6cb3ec9e0fb1c258898f648f8b33422f59ba3e8a71aee551449d7cb147bb8ead,1775113250,2026-04-02T07:00:50+00:00,0.875,clob_prices_history
17269153522875922708691197534079323882577887490263556443563241786372279871546,0x6cb3ec9e0fb1c258898f648f8b33422f59ba3e8a71aee551449d7cb147bb8ead,1775114144,2026-04-02T07:15:44+00:00,0.875,clob_prices_history
17269153522875922708691197534079323882577887490263556443563241786372279871546,0x6cb3ec9e0fb1c258898f648f8b33422f59ba3e8a71aee551449d7cb147bb8ead,1775115052,2026-04-02T07:30:52+00:00,0.875,clob_prices_history
17269153522875922708691197534079323882577887490263556443563241786372279871546,0x6cb3ec9e0fb1c258898f648f8b33422f59ba3e8a71aee551449d7cb147bb8ead,1775115944,2026-04-02T07:45:44+00:00,0.875,clob_prices_history
17269153522875922708691197534079323882577887490263556443563241786372279871546,0x6cb3ec9e0fb1c258898f648f8b33422f59ba3e8a71aee551449d7cb147bb8ead,1775116851,2026-04-02T08:00:51+00:00,0.875,clob_prices_history
17269153522875922708691197534079323882577887490263556443563241786372279871546,0x6cb3ec9e0fb1c258898f648f8b33422f59ba3e8a71aee551449d7cb147bb8ead,1775117744,2026-04-02T08:15:44+00:00,0.87,clob_prices_history
17269153522875922708691197534079323882577887490263556443563241786372279871546,0x6cb3ec9e0fb1c258898f648f8b33422f59ba3e8a71aee551449d7cb147bb8ead,1775118647,2026-04-02T08:30:47+00:00,0.87,clob_prices_history
17269153522875922708691197534079323882577887490263556443563241786372279871546,0x6cb3ec9e0fb1c258898f648f8b33422f59ba3e8a71aee551449d7cb147bb8ead,1775119559,2026-04-02T08:45:59+00:00,0.875,clob_prices_history
17269153522875922708691197534079323882577887490263556443563241786372279871546,0x6cb3ec9e0fb1c258898f648f8b33422f59ba3e8a71aee551449d7cb147bb8ead,1775120453,2026-04-02T09:00:53+00:00,0.875,clob_prices_history
17269153522875922708691197534079323882577887490263556443563241786372279871546,0x6cb3ec9e0fb1c258898f648f8b33422f59ba3e8a71aee551449d7cb147bb8ead,1775121349,2026-04-02T09:15:49+00:00,0.875,clob_prices_history
17269153522875922708691197534079323882577887490263556443563241786372279871546,0x6cb3ec9e0fb1c258898f648f8b33422f59ba3e8a71aee551449d7cb147bb8ead,1775122250,2026-04-02T09:30:50+00:00,0.875,clob_prices_history
17269153522875922708691197534079323882577887490263556443563241786372279871546,0x6cb3ec9e0fb1c258898f648f8b33422f59ba3e8a71aee551449d7cb147bb8ead,1775123145,2026-04-02T09:45:45+00:00,0.875,clob_prices_history
17269153522875922708691197534079323882577887490263556443563241786372279871546,0x6cb3ec9e0fb1c258898f648f8b33422f59ba3e8a71aee551449d7cb147bb8ead,1775124050,2026-04-02T10:00:50+00:00,0.875,clob_prices_history
17269153522875922708691197534079323882577887490263556443563241786372279871546,0x6cb3ec9e0fb1c258898f648f8b33422f59ba3e8a71aee551449d7cb147bb8ead,1775124950,2026-04-02T10:15:50+00:00,0.875,clob_prices_history
17269153522875922708691197534079323882577887490263556443563241786372279871546,0x6cb3ec9e0fb1c258898f648f8b33422f59ba3e8a71aee551449d7cb147bb8ead,1775125851,2026-04-02T10:30:51+00:00,0.875,clob_prices_history
17269153522875922708691197534079323882577887490263556443563241786372279871546,0x6cb3ec9e0fb1c258898f648f8b33422f59ba3e8a71aee551449d7cb147bb8ead,1775126746,2026-04-02T10:45:46+00:00,0.875,clob_prices_history
17269153522875922708691197534079323882577887490263556443563241786372279871546,0x6cb3ec9e0fb1c258898f648f8b33422f59ba3e8a71aee551449d7cb147bb8ead,1775127655,2026-04-02T11:00:55+00:00,0.875,clob_prices_history
17269153522875922708691197534079323882577887490263556443563241786372279871546,0x6cb3ec9e0fb1c258898f648f8b33422f59ba3e8a71aee551449d7cb147bb8ead,1775128545,2026-04-02T11:15:45+00:00,0.885,clob_prices_history
17269153522875922708691197534079323882577887490263556443563241786372279871546,0x6cb3ec9e0fb1c258898f648f8b33422f59ba3e8a71aee551449d7cb147bb8ead,1775129452,2026-04-02T11:30:52+00:00,0.885,clob_prices_history
17269153522875922708691197534079323882577887490263556443563241786372279871546,0x6cb3ec9e0fb1c258898f648f8b33422f59ba3e8a71aee551449d7cb147bb8ead,1775130347,2026-04-02T11:45:47+00:00,0.885,clob_prices_history
17269153522875922708691197534079323882577887490263556443563241786372279871546,0x6cb3ec9e0fb1c258898f648f8b33422f59ba3e8a71aee551449d7cb147bb8ead,1775132152,2026-04-02T12:15:52+00:00,0.885,clob_prices_history
17269153522875922708691197534079323882577887490263556443563241786372279871546,0x6cb3ec9e0fb1c258898f648f8b33422f59ba3e8a71aee551449d7cb147bb8ead,1775133958,2026-04-02T12:45:58+00:00,0.885,clob_prices_history
17269153522875922708691197534079323882577887490263556443563241786372279871546,0x6cb3ec9e0fb1c258898f648f8b33422f59ba3e8a71aee551449d7cb147bb8ead,1775135758,2026-04-02T13:15:58+00:00,0.885,clob_prices_history
17269153522875922708691197534079323882577887490263556443563241786372279871546,0x6cb3ec9e0fb1c258898f648f8b33422f59ba3e8a71aee551449d7cb147bb8ead,1775137554,2026-04-02T13:45:54+00:00,0.885,clob_prices_history
17269153522875922708691197534079323882577887490263556443563241786372279871546,0x6cb3ec9e0fb1c258898f648f8b33422f59ba3e8a71aee551449d7cb147bb8ead,1775139350,2026-04-02T14:15:50+00:00,0.885,clob_prices_history
17269153522875922708691197534079323882577887490263556443563241786372279871546,0x6cb3ec9e0fb1c258898f648f8b33422f59ba3e8a71aee551449d7cb147bb8ead,1775142005,2026-04-02T15:00:05+00:00,0.885,clob_prices_history
17269153522875922708691197534079323882577887490263556443563241786372279871546,0x6cb3ec9e0fb1c258898f648f8b33422f59ba3e8a71aee551449d7cb147bb8ead,1775142905,2026-04-02T15:15:05+00:00,0.885,clob_prices_history
17269153522875922708691197534079323882577887490263556443563241786372279871546,0x6cb3ec9e0fb1c258898f648f8b33422f59ba3e8a71aee551449d7cb147bb8ead,1775144757,2026-04-02T15:45:57+00:00,0.885,clob_prices_history
17269153522875922708691197534079323882577887490263556443563241786372279871546,0x6cb3ec9e0fb1c258898f648f8b33422f59ba3e8a71aee551449d7cb147bb8ead,1775145609,2026-04-02T16:00:09+00:00,0.885,clob_prices_history
17269153522875922708691197534079323882577887490263556443563241786372279871546,0x6cb3ec9e0fb1c258898f648f8b33422f59ba3e8a71aee551449d7cb147bb8ead,1775146559,2026-04-02T16:15:59+00:00,0.885,clob_prices_history
17269153522875922708691197534079323882577887490263556443563241786372279871546,0x6cb3ec9e0fb1c258898f648f8b33422f59ba3e8a71aee551449d7cb147bb8ead,1775147413,2026-04-02T16:30:13+00:00,0.885,clob_prices_history
17269153522875922708691197534079323882577887490263556443563241786372279871546,0x6cb3ec9e0fb1c258898f648f8b33422f59ba3e8a71aee551449d7cb147bb8ead,1775148358,2026-04-02T16:45:58+00:00,0.885,clob_prices_history
17269153522875922708691197534079323882577887490263556443563241786372279871546,0x6cb3ec9e0fb1c258898f648f8b33422f59ba3e8a71aee551449d7cb147bb8ead,1775149222,2026-04-02T17:00:22+00:00,0.885,clob_prices_history
17269153522875922708691197534079323882577887490263556443563241786372279871546,0x6cb3ec9e0fb1c258898f648f8b33422f59ba3e8a71aee551449d7cb147bb8ead,1775150127,2026-04-02T17:15:27+00:00,0.885,clob_prices_history
17269153522875922708691197534079323882577887490263556443563241786372279871546,0x6cb3ec9e0fb1c258898f648f8b33422f59ba3e8a71aee551449d7cb147bb8ead,1775151037,2026-04-02T17:30:37+00:00,0.885,clob_prices_history
17269153522875922708691197534079323882577887490263556443563241786372279871546,0x6cb3ec9e0fb1c258898f648f8b33422f59ba3e8a71aee551449d7cb147bb8ead,1775151946,2026-04-02T17:45:46+00:00,0.885,clob_prices_history
17269153522875922708691197534079323882577887490263556443563241786372279871546,0x6cb3ec9e0fb1c258898f648f8b33422f59ba3e8a71aee551449d7cb147bb8ead,1775152856,2026-04-02T18:00:56+00:00,0.885,clob_prices_history
17269153522875922708691197534079323882577887490263556443563241786372279871546,0x6cb3ec9e0fb1c258898f648f8b33422f59ba3e8a71aee551449d7cb147bb8ead,1775153747,2026-04-02T18:15:47+00:00,0.885,clob_prices_history
17269153522875922708691197534079323882577887490263556443563241786372279871546,0x6cb3ec9e0fb1c258898f648f8b33422f59ba3e8a71aee551449d7cb147bb8ead,1775154650,2026-04-02T18:30:50+00:00,0.885,clob_prices_history
17269153522875922708691197534079323882577887490263556443563241786372279871546,0x6cb3ec9e0fb1c258898f648f8b33422f59ba3e8a71aee551449d7cb147bb8ead,1775156451,2026-04-02T19:00:51+00:00,0.885,clob_prices_history
17269153522875922708691197534079323882577887490263556443563241786372279871546,0x6cb3ec9e0fb1c258898f648f8b33422f59ba3e8a71aee551449d7cb147bb8ead,1775157350,2026-04-02T19:15:50+00:00,0.885,clob_prices_history
17269153522875922708691197534079323882577887490263556443563241786372279871546,0x6cb3ec9e0fb1c258898f648f8b33422f59ba3e8a71aee551449d7cb147bb8ead,1775158253,2026-04-02T19:30:53+00:00,0.885,clob_prices_history
17269153522875922708691197534079323882577887490263556443563241786372279871546,0x6cb3ec9e0fb1c258898f648f8b33422f59ba3e8a71aee551449d7cb147bb8ead,1775159147,2026-04-02T19:45:47+00:00,0.885,clob_prices_history
17269153522875922708691197534079323882577887490263556443563241786372279871546,0x6cb3ec9e0fb1c258898f648f8b33422f59ba3e8a71aee551449d7cb147bb8ead,1775160053,2026-04-02T20:00:53+00:00,0.885,clob_prices_history
17269153522875922708691197534079323882577887490263556443563241786372279871546,0x6cb3ec9e0fb1c258898f648f8b33422f59ba3e8a71aee551449d7cb147bb8ead,1775160948,2026-04-02T20:15:48+00:00,0.885,clob_prices_history
17269153522875922708691197534079323882577887490263556443563241786372279871546,0x6cb3ec9e0fb1c258898f648f8b33422f59ba3e8a71aee551449d7cb147bb8ead,1775161855,2026-04-02T20:30:55+00:00,0.885,clob_prices_history
17269153522875922708691197534079323882577887490263556443563241786372279871546,0x6cb3ec9e0fb1c258898f648f8b33422f59ba3e8a71aee551449d7cb147bb8ead,1775162757,2026-04-02T20:45:57+00:00,0.885,clob_prices_history
17269153522875922708691197534079323882577887490263556443563241786372279871546,0x6cb3ec9e0fb1c258898f648f8b33422f59ba3e8a71aee551449d7cb147bb8ead,1775164549,2026-04-02T21:15:49+00:00,0.885,clob_prices_history
17269153522875922708691197534079323882577887490263556443563241786372279871546,0x6cb3ec9e0fb1c258898f648f8b33422f59ba3e8a71aee551449d7cb147bb8ead,1775165452,2026-04-02T21:30:52+00:00,0.885,clob_prices_history
17269153522875922708691197534079323882577887490263556443563241786372279871546,0x6cb3ec9e0fb1c258898f648f8b33422f59ba3e8a71aee551449d7cb147bb8ead,1775166356,2026-04-02T21:45:56+00:00,0.885,clob_prices_history
17269153522875922708691197534079323882577887490263556443563241786372279871546,0x6cb3ec9e0fb1c258898f648f8b33422f59ba3e8a71aee551449d7cb147bb8ead,1775167256,2026-04-02T22:00:56+00:00,0.885,clob_prices_history
17269153522875922708691197534079323882577887490263556443563241786372279871546,0x6cb3ec9e0fb1c258898f648f8b33422f59ba3e8a71aee551449d7cb147bb8ead,1775168100,2026-04-02T22:15:00+00:00,0.885,clob_prices_history
17269153522875922708691197534079323882577887490263556443563241786372279871546,0x6cb3ec9e0fb1c258898f648f8b33422f59ba3e8a71aee551449d7cb147bb8ead,1775168157,2026-04-02T22:15:57+00:00,0.885,clob_prices_history
17269153522875922708691197534079323882577887490263556443563241786372279871546,0x6cb3ec9e0fb1c258898f648f8b33422f59ba3e8a71aee551449d7cb147bb8ead,1775169054,2026-04-02T22:30:54+00:00,0.885,clob_prices_history
17269153522875922708691197534079323882577887490263556443563241786372279871546,0x6cb3ec9e0fb1c258898f648f8b33422f59ba3e8a71aee551449d7cb147bb8ead,1775170852,2026-04-02T23:00:52+00:00,0.875,clob_prices_history
17269153522875922708691197534079323882577887490263556443563241786372279871546,0x6cb3ec9e0fb1c258898f648f8b33422f59ba3e8a71aee551449d7cb147bb8ead,1775171750,2026-04-02T23:15:50+00:00,0.875,clob_prices_history
17269153522875922708691197534079323882577887490263556443563241786372279871546,0x6cb3ec9e0fb1c258898f648f8b33422f59ba3e8a71aee551449d7cb147bb8ead,1775172651,2026-04-02T23:30:51+00:00,0.875,clob_prices_history
17269153522875922708691197534079323882577887490263556443563241786372279871546,0x6cb3ec9e0fb1c258898f648f8b33422f59ba3e8a71aee551449d7cb147bb8ead,1775173548,2026-04-02T23:45:48+00:00,0.875,clob_prices_history
17269153522875922708691197534079323882577887490263556443563241786372279871546,0x6cb3ec9e0fb1c258898f648f8b33422f59ba3e8a71aee551449d7cb147bb8ead,1775175345,2026-04-03T00:15:45+00:00,0.875,clob_prices_history
17269153522875922708691197534079323882577887490263556443563241786372279871546,0x6cb3ec9e0fb1c258898f648f8b33422f59ba3e8a71aee551449d7cb147bb8ead,1775176254,2026-04-03T00:30:54+00:00,0.875,clob_prices_history
17269153522875922708691197534079323882577887490263556443563241786372279871546,0x6cb3ec9e0fb1c258898f648f8b33422f59ba3e8a71aee551449d7cb147bb8ead,1775177148,2026-04-03T00:45:48+00:00,0.875,clob_prices_history
17269153522875922708691197534079323882577887490263556443563241786372279871546,0x6cb3ec9e0fb1c258898f648f8b33422f59ba3e8a71aee551449d7cb147bb8ead,1775178052,2026-04-03T01:00:52+00:00,0.875,clob_prices_history
17269153522875922708691197534079323882577887490263556443563241786372279871546,0x6cb3ec9e0fb1c258898f648f8b33422f59ba3e8a71aee551449d7cb147bb8ead,1775178949,2026-04-03T01:15:49+00:00,0.875,clob_prices_history
17269153522875922708691197534079323882577887490263556443563241786372279871546,0x6cb3ec9e0fb1c258898f648f8b33422f59ba3e8a71aee551449d7cb147bb8ead,1775179855,2026-04-03T01:30:55+00:00,0.875,clob_prices_history
17269153522875922708691197534079323882577887490263556443563241786372279871546,0x6cb3ec9e0fb1c258898f648f8b33422f59ba3e8a71aee551449d7cb147bb8ead,1775180747,2026-04-03T01:45:47+00:00,0.875,clob_prices_history
17269153522875922708691197534079323882577887490263556443563241786372279871546,0x6cb3ec9e0fb1c258898f648f8b33422f59ba3e8a71aee551449d7cb147bb8ead,1775181655,2026-04-03T02:00:55+00:00,0.875,clob_prices_history
17269153522875922708691197534079323882577887490263556443563241786372279871546,0x6cb3ec9e0fb1c258898f648f8b33422f59ba3e8a71aee551449d7cb147bb8ead,1775182549,2026-04-03T02:15:49+00:00,0.875,clob_prices_history
17269153522875922708691197534079323882577887490263556443563241786372279871546,0x6cb3ec9e0fb1c258898f648f8b33422f59ba3e8a71aee551449d7cb147bb8ead,1775183453,2026-04-03T02:30:53+00:00,0.875,clob_prices_history
17269153522875922708691197534079323882577887490263556443563241786372279871546,0x6cb3ec9e0fb1c258898f648f8b33422f59ba3e8a71aee551449d7cb147bb8ead,1775186148,2026-04-03T03:15:48+00:00,0.875,clob_prices_history
17269153522875922708691197534079323882577887490263556443563241786372279871546,0x6cb3ec9e0fb1c258898f648f8b33422f59ba3e8a71aee551449d7cb147bb8ead,1775187052,2026-04-03T03:30:52+00:00,0.875,clob_prices_history
17269153522875922708691197534079323882577887490263556443563241786372279871546,0x6cb3ec9e0fb1c258898f648f8b33422f59ba3e8a71aee551449d7cb147bb8ead,1775187951,2026-04-03T03:45:51+00:00,0.885,clob_prices_history
17269153522875922708691197534079323882577887490263556443563241786372279871546,0x6cb3ec9e0fb1c258898f648f8b33422f59ba3e8a71aee551449d7cb147bb8ead,1775188852,2026-04-03T04:00:52+00:00,0.885,clob_prices_history
17269153522875922708691197534079323882577887490263556443563241786372279871546,0x6cb3ec9e0fb1c258898f648f8b33422f59ba3e8a71aee551449d7cb147bb8ead,1775189748,2026-04-03T04:15:48+00:00,0.885,clob_prices_history
17269153522875922708691197534079323882577887490263556443563241786372279871546,0x6cb3ec9e0fb1c258898f648f8b33422f59ba3e8a71aee551449d7cb147bb8ead,1775190655,2026-04-03T04:30:55+00:00,0.885,clob_prices_history
17269153522875922708691197534079323882577887490263556443563241786372279871546,0x6cb3ec9e0fb1c258898f648f8b33422f59ba3e8a71aee551449d7cb147bb8ead,1775191547,2026-04-03T04:45:47+00:00,0.885,clob_prices_history
17269153522875922708691197534079323882577887490263556443563241786372279871546,0x6cb3ec9e0fb1c258898f648f8b33422f59ba3e8a71aee551449d7cb147bb8ead,1775192404,2026-04-03T05:00:04+00:00,0.885,clob_prices_history
17269153522875922708691197534079323882577887490263556443563241786372279871546,0x6cb3ec9e0fb1c258898f648f8b33422f59ba3e8a71aee551449d7cb147bb8ead,1775193349,2026-04-03T05:15:49+00:00,0.885,clob_prices_history
17269153522875922708691197534079323882577887490263556443563241786372279871546,0x6cb3ec9e0fb1c258898f648f8b33422f59ba3e8a71aee551449d7cb147bb8ead,1775195147,2026-04-03T05:45:47+00:00,0.885,clob_prices_history
17269153522875922708691197534079323882577887490263556443563241786372279871546,0x6cb3ec9e0fb1c258898f648f8b33422f59ba3e8a71aee551449d7cb147bb8ead,1775196949,2026-04-03T06:15:49+00:00,0.885,clob_prices_history
17269153522875922708691197534079323882577887490263556443563241786372279871546,0x6cb3ec9e0fb1c258898f648f8b33422f59ba3e8a71aee551449d7cb147bb8ead,1775199653,2026-04-03T07:00:53+00:00,0.885,clob_prices_history
17269153522875922708691197534079323882577887490263556443563241786372279871546,0x6cb3ec9e0fb1c258898f648f8b33422f59ba3e8a71aee551449d7cb147bb8ead,1775200549,2026-04-03T07:15:49+00:00,0.885,clob_prices_history
17269153522875922708691197534079323882577887490263556443563241786372279871546,0x6cb3ec9e0fb1c258898f648f8b33422f59ba3e8a71aee551449d7cb147bb8ead,1775201452,2026-04-03T07:30:52+00:00,0.885,clob_prices_history
17269153522875922708691197534079323882577887490263556443563241786372279871546,0x6cb3ec9e0fb1c258898f648f8b33422f59ba3e8a71aee551449d7cb147bb8ead,1775202306,2026-04-03T07:45:06+00:00,0.885,clob_prices_history
17269153522875922708691197534079323882577887490263556443563241786372279871546,0x6cb3ec9e0fb1c258898f648f8b33422f59ba3e8a71aee551449d7cb147bb8ead,1775203254,2026-04-03T08:00:54+00:00,0.885,clob_prices_history
17269153522875922708691197534079323882577887490263556443563241786372279871546,0x6cb3ec9e0fb1c258898f648f8b33422f59ba3e8a71aee551449d7cb147bb8ead,1775204146,2026-04-03T08:15:46+00:00,0.885,clob_prices_history
17269153522875922708691197534079323882577887490263556443563241786372279871546,0x6cb3ec9e0fb1c258898f648f8b33422f59ba3e8a71aee551449d7cb147bb8ead,1775205053,2026-04-03T08:30:53+00:00,0.885,clob_prices_history
17269153522875922708691197534079323882577887490263556443563241786372279871546,0x6cb3ec9e0fb1c258898f648f8b33422f59ba3e8a71aee551449d7cb147bb8ead,1775205958,2026-04-03T08:45:58+00:00,0.885,clob_prices_history
17269153522875922708691197534079323882577887490263556443563241786372279871546,0x6cb3ec9e0fb1c258898f648f8b33422f59ba3e8a71aee551449d7cb147bb8ead,1775207746,2026-04-03T09:15:46+00:00,0.885,clob_prices_history
17269153522875922708691197534079323882577887490263556443563241786372279871546,0x6cb3ec9e0fb1c258898f648f8b33422f59ba3e8a71aee551449d7cb147bb8ead,1775208654,2026-04-03T09:30:54+00:00,0.885,clob_prices_history
17269153522875922708691197534079323882577887490263556443563241786372279871546,0x6cb3ec9e0fb1c258898f648f8b33422f59ba3e8a71aee551449d7cb147bb8ead,1775209552,2026-04-03T09:45:52+00:00,0.885,clob_prices_history
17269153522875922708691197534079323882577887490263556443563241786372279871546,0x6cb3ec9e0fb1c258898f648f8b33422f59ba3e8a71aee551449d7cb147bb8ead,1775210454,2026-04-03T10:00:54+00:00,0.885,clob_prices_history
17269153522875922708691197534079323882577887490263556443563241786372279871546,0x6cb3ec9e0fb1c258898f648f8b33422f59ba3e8a71aee551449d7cb147bb8ead,1775211347,2026-04-03T10:15:47+00:00,0.885,clob_prices_history
17269153522875922708691197534079323882577887490263556443563241786372279871546,0x6cb3ec9e0fb1c258898f648f8b33422f59ba3e8a71aee551449d7cb147bb8ead,1775212258,2026-04-03T10:30:58+00:00,0.885,clob_prices_history
17269153522875922708691197534079323882577887490263556443563241786372279871546,0x6cb3ec9e0fb1c258898f648f8b33422f59ba3e8a71aee551449d7cb147bb8ead,1775213148,2026-04-03T10:45:48+00:00,0.885,clob_prices_history
17269153522875922708691197534079323882577887490263556443563241786372279871546,0x6cb3ec9e0fb1c258898f648f8b33422f59ba3e8a71aee551449d7cb147bb8ead,1775214052,2026-04-03T11:00:52+00:00,0.885,clob_prices_history
17269153522875922708691197534079323882577887490263556443563241786372279871546,0x6cb3ec9e0fb1c258898f648f8b33422f59ba3e8a71aee551449d7cb147bb8ead,1775214959,2026-04-03T11:15:59+00:00,0.885,clob_prices_history
17269153522875922708691197534079323882577887490263556443563241786372279871546,0x6cb3ec9e0fb1c258898f648f8b33422f59ba3e8a71aee551449d7cb147bb8ead,1775215853,2026-04-03T11:30:53+00:00,0.885,clob_prices_history
17269153522875922708691197534079323882577887490263556443563241786372279871546,0x6cb3ec9e0fb1c258898f648f8b33422f59ba3e8a71aee551449d7cb147bb8ead,1775216749,2026-04-03T11:45:49+00:00,0.885,clob_prices_history
17269153522875922708691197534079323882577887490263556443563241786372279871546,0x6cb3ec9e0fb1c258898f648f8b33422f59ba3e8a71aee551449d7cb147bb8ead,1775218547,2026-04-03T12:15:47+00:00,0.885,clob_prices_history
17269153522875922708691197534079323882577887490263556443563241786372279871546,0x6cb3ec9e0fb1c258898f648f8b33422f59ba3e8a71aee551449d7cb147bb8ead,1775220352,2026-04-03T12:45:52+00:00,0.885,clob_prices_history
17269153522875922708691197534079323882577887490263556443563241786372279871546,0x6cb3ec9e0fb1c258898f648f8b33422f59ba3e8a71aee551449d7cb147bb8ead,1775222150,2026-04-03T13:15:50+00:00,0.885,clob_prices_history
17269153522875922708691197534079323882577887490263556443563241786372279871546,0x6cb3ec9e0fb1c258898f648f8b33422f59ba3e8a71aee551449d7cb147bb8ead,1775223059,2026-04-03T13:30:59+00:00,0.885,clob_prices_history
17269153522875922708691197534079323882577887490263556443563241786372279871546,0x6cb3ec9e0fb1c258898f648f8b33422f59ba3e8a71aee551449d7cb147bb8ead,1775223956,2026-04-03T13:45:56+00:00,0.885,clob_prices_history
17269153522875922708691197534079323882577887490263556443563241786372279871546,0x6cb3ec9e0fb1c258898f648f8b33422f59ba3e8a71aee551449d7cb147bb8ead,1775224859,2026-04-03T14:00:59+00:00,0.885,clob_prices_history
17269153522875922708691197534079323882577887490263556443563241786372279871546,0x6cb3ec9e0fb1c258898f648f8b33422f59ba3e8a71aee551449d7cb147bb8ead,1775225759,2026-04-03T14:15:59+00:00,0.885,clob_prices_history
17269153522875922708691197534079323882577887490263556443563241786372279871546,0x6cb3ec9e0fb1c258898f648f8b33422f59ba3e8a71aee551449d7cb147bb8ead,1775226653,2026-04-03T14:30:53+00:00,0.885,clob_prices_history
17269153522875922708691197534079323882577887490263556443563241786372279871546,0x6cb3ec9e0fb1c258898f648f8b33422f59ba3e8a71aee551449d7cb147bb8ead,1775229351,2026-04-03T15:15:51+00:00,0.885,clob_prices_history
17269153522875922708691197534079323882577887490263556443563241786372279871546,0x6cb3ec9e0fb1c258898f648f8b33422f59ba3e8a71aee551449d7cb147bb8ead,1775230258,2026-04-03T15:30:58+00:00,0.885,clob_prices_history
17269153522875922708691197534079323882577887490263556443563241786372279871546,0x6cb3ec9e0fb1c258898f648f8b33422f59ba3e8a71aee551449d7cb147bb8ead,1775231150,2026-04-03T15:45:50+00:00,0.885,clob_prices_history
17269153522875922708691197534079323882577887490263556443563241786372279871546,0x6cb3ec9e0fb1c258898f648f8b33422f59ba3e8a71aee551449d7cb147bb8ead,1775232054,2026-04-03T16:00:54+00:00,0.885,clob_prices_history
17269153522875922708691197534079323882577887490263556443563241786372279871546,0x6cb3ec9e0fb1c258898f648f8b33422f59ba3e8a71aee551449d7cb147bb8ead,1775233805,2026-04-03T16:30:05+00:00,0.885,clob_prices_history
17269153522875922708691197534079323882577887490263556443563241786372279871546,0x6cb3ec9e0fb1c258898f648f8b33422f59ba3e8a71aee551449d7cb147bb8ead,1775234750,2026-04-03T16:45:50+00:00,0.885,clob_prices_history
17269153522875922708691197534079323882577887490263556443563241786372279871546,0x6cb3ec9e0fb1c258898f648f8b33422f59ba3e8a71aee551449d7cb147bb8ead,1775236554,2026-04-03T17:15:54+00:00,0.885,clob_prices_history
17269153522875922708691197534079323882577887490263556443563241786372279871546,0x6cb3ec9e0fb1c258898f648f8b33422f59ba3e8a71aee551449d7cb147bb8ead,1775237432,2026-04-03T17:30:32+00:00,0.885,clob_prices_history
17269153522875922708691197534079323882577887490263556443563241786372279871546,0x6cb3ec9e0fb1c258898f648f8b33422f59ba3e8a71aee551449d7cb147bb8ead,1775239221,2026-04-03T18:00:21+00:00,0.885,clob_prices_history
17269153522875922708691197534079323882577887490263556443563241786372279871546,0x6cb3ec9e0fb1c258898f648f8b33422f59ba3e8a71aee551449d7cb147bb8ead,1775240159,2026-04-03T18:15:59+00:00,0.885,clob_prices_history
17269153522875922708691197534079323882577887490263556443563241786372279871546,0x6cb3ec9e0fb1c258898f648f8b33422f59ba3e8a71aee551449d7cb147bb8ead,1775241952,2026-04-03T18:45:52+00:00,0.885,clob_prices_history
17269153522875922708691197534079323882577887490263556443563241786372279871546,0x6cb3ec9e0fb1c258898f648f8b33422f59ba3e8a71aee551449d7cb147bb8ead,1775242818,2026-04-03T19:00:18+00:00,0.885,clob_prices_history
17269153522875922708691197534079323882577887490263556443563241786372279871546,0x6cb3ec9e0fb1c258898f648f8b33422f59ba3e8a71aee551449d7cb147bb8ead,1775243715,2026-04-03T19:15:15+00:00,0.885,clob_prices_history
17269153522875922708691197534079323882577887490263556443563241786372279871546,0x6cb3ec9e0fb1c258898f648f8b33422f59ba3e8a71aee551449d7cb147bb8ead,1775244640,2026-04-03T19:30:40+00:00,0.885,clob_prices_history
17269153522875922708691197534079323882577887490263556443563241786372279871546,0x6cb3ec9e0fb1c258898f648f8b33422f59ba3e8a71aee551449d7cb147bb8ead,1775245556,2026-04-03T19:45:56+00:00,0.885,clob_prices_history
17269153522875922708691197534079323882577887490263556443563241786372279871546,0x6cb3ec9e0fb1c258898f648f8b33422f59ba3e8a71aee551449d7cb147bb8ead,1775247356,2026-04-03T20:15:56+00:00,0.885,clob_prices_history
17269153522875922708691197534079323882577887490263556443563241786372279871546,0x6cb3ec9e0fb1c258898f648f8b33422f59ba3e8a71aee551449d7cb147bb8ead,1775250004,2026-04-03T21:00:04+00:00,0.885,clob_prices_history
17269153522875922708691197534079323882577887490263556443563241786372279871546,0x6cb3ec9e0fb1c258898f648f8b33422f59ba3e8a71aee551449d7cb147bb8ead,1775250956,2026-04-03T21:15:56+00:00,0.885,clob_prices_history
17269153522875922708691197534079323882577887490263556443563241786372279871546,0x6cb3ec9e0fb1c258898f648f8b33422f59ba3e8a71aee551449d7cb147bb8ead,1775252740,2026-04-03T21:45:40+00:00,0.885,clob_prices_history
17269153522875922708691197534079323882577887490263556443563241786372279871546,0x6cb3ec9e0fb1c258898f648f8b33422f59ba3e8a71aee551449d7cb147bb8ead,1775254550,2026-04-03T22:15:50+00:00,0.885,clob_prices_history
17269153522875922708691197534079323882577887490263556443563241786372279871546,0x6cb3ec9e0fb1c258898f648f8b33422f59ba3e8a71aee551449d7cb147bb8ead,1775255409,2026-04-03T22:30:09+00:00,0.885,clob_prices_history
17269153522875922708691197534079323882577887490263556443563241786372279871546,0x6cb3ec9e0fb1c258898f648f8b33422f59ba3e8a71aee551449d7cb147bb8ead,1775256351,2026-04-03T22:45:51+00:00,0.885,clob_prices_history
17269153522875922708691197534079323882577887490263556443563241786372279871546,0x6cb3ec9e0fb1c258898f648f8b33422f59ba3e8a71aee551449d7cb147bb8ead,1775258148,2026-04-03T23:15:48+00:00,0.885,clob_prices_history
17269153522875922708691197534079323882577887490263556443563241786372279871546,0x6cb3ec9e0fb1c258898f648f8b33422f59ba3e8a71aee551449d7cb147bb8ead,1775259955,2026-04-03T23:45:55+00:00,0.885,clob_prices_history
17269153522875922708691197534079323882577887490263556443563241786372279871546,0x6cb3ec9e0fb1c258898f648f8b33422f59ba3e8a71aee551449d7cb147bb8ead,1775261706,2026-04-04T00:15:06+00:00,0.885,clob_prices_history
17269153522875922708691197534079323882577887490263556443563241786372279871546,0x6cb3ec9e0fb1c258898f648f8b33422f59ba3e8a71aee551449d7cb147bb8ead,1775265347,2026-04-04T01:15:47+00:00,0.885,clob_prices_history
17269153522875922708691197534079323882577887490263556443563241786372279871546,0x6cb3ec9e0fb1c258898f648f8b33422f59ba3e8a71aee551449d7cb147bb8ead,1775267148,2026-04-04T01:45:48+00:00,0.885,clob_prices_history
17269153522875922708691197534079323882577887490263556443563241786372279871546,0x6cb3ec9e0fb1c258898f648f8b33422f59ba3e8a71aee551449d7cb147bb8ead,1775268901,2026-04-04T02:15:01+00:00,0.885,clob_prices_history
17269153522875922708691197534079323882577887490263556443563241786372279871546,0x6cb3ec9e0fb1c258898f648f8b33422f59ba3e8a71aee551449d7cb147bb8ead,1775272549,2026-04-04T03:15:49+00:00,0.885,clob_prices_history
17269153522875922708691197534079323882577887490263556443563241786372279871546,0x6cb3ec9e0fb1c258898f648f8b33422f59ba3e8a71aee551449d7cb147bb8ead,1775274347,2026-04-04T03:45:47+00:00,0.885,clob_prices_history
17269153522875922708691197534079323882577887490263556443563241786372279871546,0x6cb3ec9e0fb1c258898f648f8b33422f59ba3e8a71aee551449d7cb147bb8ead,1775276152,2026-04-04T04:15:52+00:00,0.885,clob_prices_history
17269153522875922708691197534079323882577887490263556443563241786372279871546,0x6cb3ec9e0fb1c258898f648f8b33422f59ba3e8a71aee551449d7cb147bb8ead,1775277949,2026-04-04T04:45:49+00:00,0.885,clob_prices_history
17269153522875922708691197534079323882577887490263556443563241786372279871546,0x6cb3ec9e0fb1c258898f648f8b33422f59ba3e8a71aee551449d7cb147bb8ead,1775279701,2026-04-04T05:15:01+00:00,0.885,clob_prices_history
17269153522875922708691197534079323882577887490263556443563241786372279871546,0x6cb3ec9e0fb1c258898f648f8b33422f59ba3e8a71aee551449d7cb147bb8ead,1775279756,2026-04-04T05:15:56+00:00,0.885,clob_prices_history
17269153522875922708691197534079323882577887490263556443563241786372279871546,0x6cb3ec9e0fb1c258898f648f8b33422f59ba3e8a71aee551449d7cb147bb8ead,1775281548,2026-04-04T05:45:48+00:00,0.885,clob_prices_history
17269153522875922708691197534079323882577887490263556443563241786372279871546,0x6cb3ec9e0fb1c258898f648f8b33422f59ba3e8a71aee551449d7cb147bb8ead,1775285102,2026-04-04T06:45:02+00:00,0.885,clob_prices_history
17269153522875922708691197534079323882577887490263556443563241786372279871546,0x6cb3ec9e0fb1c258898f648f8b33422f59ba3e8a71aee551449d7cb147bb8ead,1775285156,2026-04-04T06:45:56+00:00,0.885,clob_prices_history
17269153522875922708691197534079323882577887490263556443563241786372279871546,0x6cb3ec9e0fb1c258898f648f8b33422f59ba3e8a71aee551449d7cb147bb8ead,1775286056,2026-04-04T07:00:56+00:00,0.885,clob_prices_history
17269153522875922708691197534079323882577887490263556443563241786372279871546,0x6cb3ec9e0fb1c258898f648f8b33422f59ba3e8a71aee551449d7cb147bb8ead,1775286949,2026-04-04T07:15:49+00:00,0.885,clob_prices_history
17269153522875922708691197534079323882577887490263556443563241786372279871546,0x6cb3ec9e0fb1c258898f648f8b33422f59ba3e8a71aee551449d7cb147bb8ead,1775288754,2026-04-04T07:45:54+00:00,0.885,clob_prices_history
17269153522875922708691197534079323882577887490263556443563241786372279871546,0x6cb3ec9e0fb1c258898f648f8b33422f59ba3e8a71aee551449d7cb147bb8ead,1775289658,2026-04-04T08:00:58+00:00,0.885,clob_prices_history
17269153522875922708691197534079323882577887490263556443563241786372279871546,0x6cb3ec9e0fb1c258898f648f8b33422f59ba3e8a71aee551449d7cb147bb8ead,1775290550,2026-04-04T08:15:50+00:00,0.885,clob_prices_history
17269153522875922708691197534079323882577887490263556443563241786372279871546,0x6cb3ec9e0fb1c258898f648f8b33422f59ba3e8a71aee551449d7cb147bb8ead,1775292350,2026-04-04T08:45:50+00:00,0.885,clob_prices_history
17269153522875922708691197534079323882577887490263556443563241786372279871546,0x6cb3ec9e0fb1c258898f648f8b33422f59ba3e8a71aee551449d7cb147bb8ead,1775295952,2026-04-04T09:45:52+00:00,0.885,clob_prices_history
17269153522875922708691197534079323882577887490263556443563241786372279871546,0x6cb3ec9e0fb1c258898f648f8b33422f59ba3e8a71aee551449d7cb147bb8ead,1775297757,2026-04-04T10:15:57+00:00,0.885,clob_prices_history
17269153522875922708691197534079323882577887490263556443563241786372279871546,0x6cb3ec9e0fb1c258898f648f8b33422f59ba3e8a71aee551449d7cb147bb8ead,1775299553,2026-04-04T10:45:53+00:00,0.885,clob_prices_history
17269153522875922708691197534079323882577887490263556443563241786372279871546,0x6cb3ec9e0fb1c258898f648f8b33422f59ba3e8a71aee551449d7cb147bb8ead,1775301350,2026-04-04T11:15:50+00:00,0.885,clob_prices_history
17269153522875922708691197534079323882577887490263556443563241786372279871546,0x6cb3ec9e0fb1c258898f648f8b33422f59ba3e8a71aee551449d7cb147bb8ead,1775303153,2026-04-04T11:45:53+00:00,0.885,clob_prices_history
17269153522875922708691197534079323882577887490263556443563241786372279871546,0x6cb3ec9e0fb1c258898f648f8b33422f59ba3e8a71aee551449d7cb147bb8ead,1775304949,2026-04-04T12:15:49+00:00,0.885,clob_prices_history
17269153522875922708691197534079323882577887490263556443563241786372279871546,0x6cb3ec9e0fb1c258898f648f8b33422f59ba3e8a71aee551449d7cb147bb8ead,1775306752,2026-04-04T12:45:52+00:00,0.885,clob_prices_history
17269153522875922708691197534079323882577887490263556443563241786372279871546,0x6cb3ec9e0fb1c258898f648f8b33422f59ba3e8a71aee551449d7cb147bb8ead,1775308559,2026-04-04T13:15:59+00:00,0.885,clob_prices_history
17269153522875922708691197534079323882577887490263556443563241786372279871546,0x6cb3ec9e0fb1c258898f648f8b33422f59ba3e8a71aee551449d7cb147bb8ead,1775310353,2026-04-04T13:45:53+00:00,0.885,clob_prices_history
17269153522875922708691197534079323882577887490263556443563241786372279871546,0x6cb3ec9e0fb1c258898f648f8b33422f59ba3e8a71aee551449d7cb147bb8ead,1775312151,2026-04-04T14:15:51+00:00,0.885,clob_prices_history
17269153522875922708691197534079323882577887490263556443563241786372279871546,0x6cb3ec9e0fb1c258898f648f8b33422f59ba3e8a71aee551449d7cb147bb8ead,1775313950,2026-04-04T14:45:50+00:00,0.885,clob_prices_history
17269153522875922708691197534079323882577887490263556443563241786372279871546,0x6cb3ec9e0fb1c258898f648f8b33422f59ba3e8a71aee551449d7cb147bb8ead,1775317552,2026-04-04T15:45:52+00:00,0.885,clob_prices_history
17269153522875922708691197534079323882577887490263556443563241786372279871546,0x6cb3ec9e0fb1c258898f648f8b33422f59ba3e8a71aee551449d7cb147bb8ead,1775319349,2026-04-04T16:15:49+00:00,0.885,clob_prices_history
17269153522875922708691197534079323882577887490263556443563241786372279871546,0x6cb3ec9e0fb1c258898f648f8b33422f59ba3e8a71aee551449d7cb147bb8ead,1775321153,2026-04-04T16:45:53+00:00,0.885,clob_prices_history
17269153522875922708691197534079323882577887490263556443563241786372279871546,0x6cb3ec9e0fb1c258898f648f8b33422f59ba3e8a71aee551449d7cb147bb8ead,1775322011,2026-04-04T17:00:11+00:00,0.885,clob_prices_history
17269153522875922708691197534079323882577887490263556443563241786372279871546,0x6cb3ec9e0fb1c258898f648f8b33422f59ba3e8a71aee551449d7cb147bb8ead,1775322950,2026-04-04T17:15:50+00:00,0.885,clob_prices_history
17269153522875922708691197534079323882577887490263556443563241786372279871546,0x6cb3ec9e0fb1c258898f648f8b33422f59ba3e8a71aee551449d7cb147bb8ead,1775323804,2026-04-04T17:30:04+00:00,0.885,clob_prices_history
17269153522875922708691197534079323882577887490263556443563241786372279871546,0x6cb3ec9e0fb1c258898f648f8b33422f59ba3e8a71aee551449d7cb147bb8ead,1775324753,2026-04-04T17:45:53+00:00,0.885,clob_prices_history
17269153522875922708691197534079323882577887490263556443563241786372279871546,0x6cb3ec9e0fb1c258898f648f8b33422f59ba3e8a71aee551449d7cb147bb8ead,1775328301,2026-04-04T18:45:01+00:00,0.885,clob_prices_history
17269153522875922708691197534079323882577887490263556443563241786372279871546,0x6cb3ec9e0fb1c258898f648f8b33422f59ba3e8a71aee551449d7cb147bb8ead,1775328353,2026-04-04T18:45:53+00:00,0.885,clob_prices_history
17269153522875922708691197534079323882577887490263556443563241786372279871546,0x6cb3ec9e0fb1c258898f648f8b33422f59ba3e8a71aee551449d7cb147bb8ead,1775329206,2026-04-04T19:00:06+00:00,0.885,clob_prices_history
17269153522875922708691197534079323882577887490263556443563241786372279871546,0x6cb3ec9e0fb1c258898f648f8b33422f59ba3e8a71aee551449d7cb147bb8ead,1775331948,2026-04-04T19:45:48+00:00,0.885,clob_prices_history
17269153522875922708691197534079323882577887490263556443563241786372279871546,0x6cb3ec9e0fb1c258898f648f8b33422f59ba3e8a71aee551449d7cb147bb8ead,1775333750,2026-04-04T20:15:50+00:00,0.885,clob_prices_history
17269153522875922708691197534079323882577887490263556443563241786372279871546,0x6cb3ec9e0fb1c258898f648f8b33422f59ba3e8a71aee551449d7cb147bb8ead,1775337348,2026-04-04T21:15:48+00:00,0.885,clob_prices_history
17269153522875922708691197534079323882577887490263556443563241786372279871546,0x6cb3ec9e0fb1c258898f648f8b33422f59ba3e8a71aee551449d7cb147bb8ead,1775339117,2026-04-04T21:45:17+00:00,0.885,clob_prices_history
17269153522875922708691197534079323882577887490263556443563241786372279871546,0x6cb3ec9e0fb1c258898f648f8b33422f59ba3e8a71aee551449d7cb147bb8ead,1775340948,2026-04-04T22:15:48+00:00,0.885,clob_prices_history
17269153522875922708691197534079323882577887490263556443563241786372279871546,0x6cb3ec9e0fb1c258898f648f8b33422f59ba3e8a71aee551449d7cb147bb8ead,1775344549,2026-04-04T23:15:49+00:00,0.885,clob_prices_history
17269153522875922708691197534079323882577887490263556443563241786372279871546,0x6cb3ec9e0fb1c258898f648f8b33422f59ba3e8a71aee551449d7cb147bb8ead,1775345408,2026-04-04T23:30:08+00:00,0.885,clob_prices_history
17269153522875922708691197534079323882577887490263556443563241786372279871546,0x6cb3ec9e0fb1c258898f648f8b33422f59ba3e8a71aee551449d7cb147bb8ead,1775346354,2026-04-04T23:45:54+00:00,0.885,clob_prices_history
17269153522875922708691197534079323882577887490263556443563241786372279871546,0x6cb3ec9e0fb1c258898f648f8b33422f59ba3e8a71aee551449d7cb147bb8ead,1775347211,2026-04-05T00:00:11+00:00,0.885,clob_prices_history
17269153522875922708691197534079323882577887490263556443563241786372279871546,0x6cb3ec9e0fb1c258898f648f8b33422f59ba3e8a71aee551449d7cb147bb8ead,1775348149,2026-04-05T00:15:49+00:00,0.885,clob_prices_history
17269153522875922708691197534079323882577887490263556443563241786372279871546,0x6cb3ec9e0fb1c258898f648f8b33422f59ba3e8a71aee551449d7cb147bb8ead,1775349953,2026-04-05T00:45:53+00:00,0.885,clob_prices_history
17269153522875922708691197534079323882577887490263556443563241786372279871546,0x6cb3ec9e0fb1c258898f648f8b33422f59ba3e8a71aee551449d7cb147bb8ead,1775353548,2026-04-05T01:45:48+00:00,0.885,clob_prices_history
17269153522875922708691197534079323882577887490263556443563241786372279871546,0x6cb3ec9e0fb1c258898f648f8b33422f59ba3e8a71aee551449d7cb147bb8ead,1775355347,2026-04-05T02:15:47+00:00,0.885,clob_prices_history
17269153522875922708691197534079323882577887490263556443563241786372279871546,0x6cb3ec9e0fb1c258898f648f8b33422f59ba3e8a71aee551449d7cb147bb8ead,1775357148,2026-04-05T02:45:48+00:00,0.885,clob_prices_history
17269153522875922708691197534079323882577887490263556443563241786372279871546,0x6cb3ec9e0fb1c258898f648f8b33422f59ba3e8a71aee551449d7cb147bb8ead,1775360746,2026-04-05T03:45:46+00:00,0.885,clob_prices_history
17269153522875922708691197534079323882577887490263556443563241786372279871546,0x6cb3ec9e0fb1c258898f648f8b33422f59ba3e8a71aee551449d7cb147bb8ead,1775361658,2026-04-05T04:00:58+00:00,0.885,clob_prices_history
17269153522875922708691197534079323882577887490263556443563241786372279871546,0x6cb3ec9e0fb1c258898f648f8b33422f59ba3e8a71aee551449d7cb147bb8ead,1775362548,2026-04-05T04:15:48+00:00,0.885,clob_prices_history
17269153522875922708691197534079323882577887490263556443563241786372279871546,0x6cb3ec9e0fb1c258898f648f8b33422f59ba3e8a71aee551449d7cb147bb8ead,1775363458,2026-04-05T04:30:58+00:00,0.885,clob_prices_history
17269153522875922708691197534079323882577887490263556443563241786372279871546,0x6cb3ec9e0fb1c258898f648f8b33422f59ba3e8a71aee551449d7cb147bb8ead,1775364347,2026-04-05T04:45:47+00:00,0.885,clob_prices_history
17269153522875922708691197534079323882577887490263556443563241786372279871546,0x6cb3ec9e0fb1c258898f648f8b33422f59ba3e8a71aee551449d7cb147bb8ead,1775366150,2026-04-05T05:15:50+00:00,0.885,clob_prices_history
17269153522875922708691197534079323882577887490263556443563241786372279871546,0x6cb3ec9e0fb1c258898f648f8b33422f59ba3e8a71aee551449d7cb147bb8ead,1775367947,2026-04-05T05:45:47+00:00,0.885,clob_prices_history
17269153522875922708691197534079323882577887490263556443563241786372279871546,0x6cb3ec9e0fb1c258898f648f8b33422f59ba3e8a71aee551449d7cb147bb8ead,1775369749,2026-04-05T06:15:49+00:00,0.885,clob_prices_history
17269153522875922708691197534079323882577887490263556443563241786372279871546,0x6cb3ec9e0fb1c258898f648f8b33422f59ba3e8a71aee551449d7cb147bb8ead,1775371548,2026-04-05T06:45:48+00:00,0.885,clob_prices_history
17269153522875922708691197534079323882577887490263556443563241786372279871546,0x6cb3ec9e0fb1c258898f648f8b33422f59ba3e8a71aee551449d7cb147bb8ead,1775373349,2026-04-05T07:15:49+00:00,0.885,clob_prices_history
17269153522875922708691197534079323882577887490263556443563241786372279871546,0x6cb3ec9e0fb1c258898f648f8b33422f59ba3e8a71aee551449d7cb147bb8ead,1775375155,2026-04-05T07:45:55+00:00,0.885,clob_prices_history
17269153522875922708691197534079323882577887490263556443563241786372279871546,0x6cb3ec9e0fb1c258898f648f8b33422f59ba3e8a71aee551449d7cb147bb8ead,1775376947,2026-04-05T08:15:47+00:00,0.885,clob_prices_history
17269153522875922708691197534079323882577887490263556443563241786372279871546,0x6cb3ec9e0fb1c258898f648f8b33422f59ba3e8a71aee551449d7cb147bb8ead,1775378748,2026-04-05T08:45:48+00:00,0.885,clob_prices_history
17269153522875922708691197534079323882577887490263556443563241786372279871546,0x6cb3ec9e0fb1c258898f648f8b33422f59ba3e8a71aee551449d7cb147bb8ead,1775380551,2026-04-05T09:15:51+00:00,0.885,clob_prices_history
17269153522875922708691197534079323882577887490263556443563241786372279871546,0x6cb3ec9e0fb1c258898f648f8b33422f59ba3e8a71aee551449d7cb147bb8ead,1775384148,2026-04-05T10:15:48+00:00,0.885,clob_prices_history
17269153522875922708691197534079323882577887490263556443563241786372279871546,0x6cb3ec9e0fb1c258898f648f8b33422f59ba3e8a71aee551449d7cb147bb8ead,1775385950,2026-04-05T10:45:50+00:00,0.885,clob_prices_history
17269153522875922708691197534079323882577887490263556443563241786372279871546,0x6cb3ec9e0fb1c258898f648f8b33422f59ba3e8a71aee551449d7cb147bb8ead,1775387747,2026-04-05T11:15:47+00:00,0.885,clob_prices_history
17269153522875922708691197534079323882577887490263556443563241786372279871546,0x6cb3ec9e0fb1c258898f648f8b33422f59ba3e8a71aee551449d7cb147bb8ead,1775389549,2026-04-05T11:45:49+00:00,0.885,clob_prices_history
17269153522875922708691197534079323882577887490263556443563241786372279871546,0x6cb3ec9e0fb1c258898f648f8b33422f59ba3e8a71aee551449d7cb147bb8ead,1775391349,2026-04-05T12:15:49+00:00,0.885,clob_prices_history
17269153522875922708691197534079323882577887490263556443563241786372279871546,0x6cb3ec9e0fb1c258898f648f8b33422f59ba3e8a71aee551449d7cb147bb8ead,1775393156,2026-04-05T12:45:56+00:00,0.885,clob_prices_history
17269153522875922708691197534079323882577887490263556443563241786372279871546,0x6cb3ec9e0fb1c258898f648f8b33422f59ba3e8a71aee551449d7cb147bb8ead,1775394951,2026-04-05T13:15:51+00:00,0.885,clob_prices_history
17269153522875922708691197534079323882577887490263556443563241786372279871546,0x6cb3ec9e0fb1c258898f648f8b33422f59ba3e8a71aee551449d7cb147bb8ead,1775396755,2026-04-05T13:45:55+00:00,0.885,clob_prices_history
17269153522875922708691197534079323882577887490263556443563241786372279871546,0x6cb3ec9e0fb1c258898f648f8b33422f59ba3e8a71aee551449d7cb147bb8ead,1775398507,2026-04-05T14:15:07+00:00,0.885,clob_prices_history
17269153522875922708691197534079323882577887490263556443563241786372279871546,0x6cb3ec9e0fb1c258898f648f8b33422f59ba3e8a71aee551449d7cb147bb8ead,1775399404,2026-04-05T14:30:04+00:00,0.885,clob_prices_history
17269153522875922708691197534079323882577887490263556443563241786372279871546,0x6cb3ec9e0fb1c258898f648f8b33422f59ba3e8a71aee551449d7cb147bb8ead,1775400350,2026-04-05T14:45:50+00:00,0.885,clob_prices_history
17269153522875922708691197534079323882577887490263556443563241786372279871546,0x6cb3ec9e0fb1c258898f648f8b33422f59ba3e8a71aee551449d7cb147bb8ead,1775402101,2026-04-05T15:15:01+00:00,0.885,clob_prices_history
17269153522875922708691197534079323882577887490263556443563241786372279871546,0x6cb3ec9e0fb1c258898f648f8b33422f59ba3e8a71aee551449d7cb147bb8ead,1775403957,2026-04-05T15:45:57+00:00,0.875,clob_prices_history
17269153522875922708691197534079323882577887490263556443563241786372279871546,0x6cb3ec9e0fb1c258898f648f8b33422f59ba3e8a71aee551449d7cb147bb8ead,1775405756,2026-04-05T16:15:56+00:00,0.885,clob_prices_history
17269153522875922708691197534079323882577887490263556443563241786372279871546,0x6cb3ec9e0fb1c258898f648f8b33422f59ba3e8a71aee551449d7cb147bb8ead,1775406611,2026-04-05T16:30:11+00:00,0.885,clob_prices_history
17269153522875922708691197534079323882577887490263556443563241786372279871546,0x6cb3ec9e0fb1c258898f648f8b33422f59ba3e8a71aee551449d7cb147bb8ead,1775407550,2026-04-05T16:45:50+00:00,0.885,clob_prices_history
17269153522875922708691197534079323882577887490263556443563241786372279871546,0x6cb3ec9e0fb1c258898f648f8b33422f59ba3e8a71aee551449d7cb147bb8ead,1775409348,2026-04-05T17:15:48+00:00,0.885,clob_prices_history
17269153522875922708691197534079323882577887490263556443563241786372279871546,0x6cb3ec9e0fb1c258898f648f8b33422f59ba3e8a71aee551449d7cb147bb8ead,1775411148,2026-04-05T17:45:48+00:00,0.885,clob_prices_history
17269153522875922708691197534079323882577887490263556443563241786372279871546,0x6cb3ec9e0fb1c258898f648f8b33422f59ba3e8a71aee551449d7cb147bb8ead,1775412949,2026-04-05T18:15:49+00:00,0.885,clob_prices_history
17269153522875922708691197534079323882577887490263556443563241786372279871546,0x6cb3ec9e0fb1c258898f648f8b33422f59ba3e8a71aee551449d7cb147bb8ead,1775414748,2026-04-05T18:45:48+00:00,0.885,clob_prices_history
17269153522875922708691197534079323882577887490263556443563241786372279871546,0x6cb3ec9e0fb1c258898f648f8b33422f59ba3e8a71aee551449d7cb147bb8ead,1775416548,2026-04-05T19:15:48+00:00,0.885,clob_prices_history
17269153522875922708691197534079323882577887490263556443563241786372279871546,0x6cb3ec9e0fb1c258898f648f8b33422f59ba3e8a71aee551449d7cb147bb8ead,1775417424,2026-04-05T19:30:24+00:00,0.885,clob_prices_history
17269153522875922708691197534079323882577887490263556443563241786372279871546,0x6cb3ec9e0fb1c258898f648f8b33422f59ba3e8a71aee551449d7cb147bb8ead,1775418348,2026-04-05T19:45:48+00:00,0.885,clob_prices_history
17269153522875922708691197534079323882577887490263556443563241786372279871546,0x6cb3ec9e0fb1c258898f648f8b33422f59ba3e8a71aee551449d7cb147bb8ead,1775420149,2026-04-05T20:15:49+00:00,0.885,clob_prices_history
17269153522875922708691197534079323882577887490263556443563241786372279871546,0x6cb3ec9e0fb1c258898f648f8b33422f59ba3e8a71aee551449d7cb147bb8ead,1775421951,2026-04-05T20:45:51+00:00,0.885,clob_prices_history
17269153522875922708691197534079323882577887490263556443563241786372279871546,0x6cb3ec9e0fb1c258898f648f8b33422f59ba3e8a71aee551449d7cb147bb8ead,1775423746,2026-04-05T21:15:46+00:00,0.885,clob_prices_history
17269153522875922708691197534079323882577887490263556443563241786372279871546,0x6cb3ec9e0fb1c258898f648f8b33422f59ba3e8a71aee551449d7cb147bb8ead,1775425547,2026-04-05T21:45:47+00:00,0.885,clob_prices_history
17269153522875922708691197534079323882577887490263556443563241786372279871546,0x6cb3ec9e0fb1c258898f648f8b33422f59ba3e8a71aee551449d7cb147bb8ead,1775427350,2026-04-05T22:15:50+00:00,0.885,clob_prices_history
17269153522875922708691197534079323882577887490263556443563241786372279871546,0x6cb3ec9e0fb1c258898f648f8b33422f59ba3e8a71aee551449d7cb147bb8ead,1775429155,2026-04-05T22:45:55+00:00,0.885,clob_prices_history
17269153522875922708691197534079323882577887490263556443563241786372279871546,0x6cb3ec9e0fb1c258898f648f8b33422f59ba3e8a71aee551449d7cb147bb8ead,1775430955,2026-04-05T23:15:55+00:00,0.885,clob_prices_history
17269153522875922708691197534079323882577887490263556443563241786372279871546,0x6cb3ec9e0fb1c258898f648f8b33422f59ba3e8a71aee551449d7cb147bb8ead,1775432751,2026-04-05T23:45:51+00:00,0.885,clob_prices_history
17269153522875922708691197534079323882577887490263556443563241786372279871546,0x6cb3ec9e0fb1c258898f648f8b33422f59ba3e8a71aee551449d7cb147bb8ead,1775438102,2026-04-06T01:15:02+00:00,0.875,clob_prices_history
17269153522875922708691197534079323882577887490263556443563241786372279871546,0x6cb3ec9e0fb1c258898f648f8b33422f59ba3e8a71aee551449d7cb147bb8ead,1775441752,2026-04-06T02:15:52+00:00,0.88,clob_prices_history
17269153522875922708691197534079323882577887490263556443563241786372279871546,0x6cb3ec9e0fb1c258898f648f8b33422f59ba3e8a71aee551449d7cb147bb8ead,1775443552,2026-04-06T02:45:52+00:00,0.88,clob_prices_history
17269153522875922708691197534079323882577887490263556443563241786372279871546,0x6cb3ec9e0fb1c258898f648f8b33422f59ba3e8a71aee551449d7cb147bb8ead,1775448949,2026-04-06T04:15:49+00:00,0.805,clob_prices_history
17269153522875922708691197534079323882577887490263556443563241786372279871546,0x6cb3ec9e0fb1c258898f648f8b33422f59ba3e8a71aee551449d7cb147bb8ead,1775450748,2026-04-06T04:45:48+00:00,0.785,clob_prices_history
17269153522875922708691197534079323882577887490263556443563241786372279871546,0x6cb3ec9e0fb1c258898f648f8b33422f59ba3e8a71aee551449d7cb147bb8ead,1775452551,2026-04-06T05:15:51+00:00,0.79,clob_prices_history
17269153522875922708691197534079323882577887490263556443563241786372279871546,0x6cb3ec9e0fb1c258898f648f8b33422f59ba3e8a71aee551449d7cb147bb8ead,1775454350,2026-04-06T05:45:50+00:00,0.79,clob_prices_history
17269153522875922708691197534079323882577887490263556443563241786372279871546,0x6cb3ec9e0fb1c258898f648f8b33422f59ba3e8a71aee551449d7cb147bb8ead,1775456150,2026-04-06T06:15:50+00:00,0.785,clob_prices_history
17269153522875922708691197534079323882577887490263556443563241786372279871546,0x6cb3ec9e0fb1c258898f648f8b33422f59ba3e8a71aee551449d7cb147bb8ead,1775457948,2026-04-06T06:45:48+00:00,0.785,clob_prices_history
17269153522875922708691197534079323882577887490263556443563241786372279871546,0x6cb3ec9e0fb1c258898f648f8b33422f59ba3e8a71aee551449d7cb147bb8ead,1775463351,2026-04-06T08:15:51+00:00,0.785,clob_prices_history
17269153522875922708691197534079323882577887490263556443563241786372279871546,0x6cb3ec9e0fb1c258898f648f8b33422f59ba3e8a71aee551449d7cb147bb8ead,1775465149,2026-04-06T08:45:49+00:00,0.77,clob_prices_history
17269153522875922708691197534079323882577887490263556443563241786372279871546,0x6cb3ec9e0fb1c258898f648f8b33422f59ba3e8a71aee551449d7cb147bb8ead,1775466001,2026-04-06T09:00:01+00:00,0.765,clob_prices_history
17269153522875922708691197534079323882577887490263556443563241786372279871546,0x6cb3ec9e0fb1c258898f648f8b33422f59ba3e8a71aee551449d7cb147bb8ead,1775466948,2026-04-06T09:15:48+00:00,0.765,clob_prices_history
17269153522875922708691197534079323882577887490263556443563241786372279871546,0x6cb3ec9e0fb1c258898f648f8b33422f59ba3e8a71aee551449d7cb147bb8ead,1775468750,2026-04-06T09:45:50+00:00,0.765,clob_prices_history
17269153522875922708691197534079323882577887490263556443563241786372279871546,0x6cb3ec9e0fb1c258898f648f8b33422f59ba3e8a71aee551449d7cb147bb8ead,1775470548,2026-04-06T10:15:48+00:00,0.77,clob_prices_history
17269153522875922708691197534079323882577887490263556443563241786372279871546,0x6cb3ec9e0fb1c258898f648f8b33422f59ba3e8a71aee551449d7cb147bb8ead,1775474151,2026-04-06T11:15:51+00:00,0.775,clob_prices_history
17269153522875922708691197534079323882577887490263556443563241786372279871546,0x6cb3ec9e0fb1c258898f648f8b33422f59ba3e8a71aee551449d7cb147bb8ead,1775475004,2026-04-06T11:30:04+00:00,0.775,clob_prices_history
17269153522875922708691197534079323882577887490263556443563241786372279871546,0x6cb3ec9e0fb1c258898f648f8b33422f59ba3e8a71aee551449d7cb147bb8ead,1775475949,2026-04-06T11:45:49+00:00,0.775,clob_prices_history
17269153522875922708691197534079323882577887490263556443563241786372279871546,0x6cb3ec9e0fb1c258898f648f8b33422f59ba3e8a71aee551449d7cb147bb8ead,1775477749,2026-04-06T12:15:49+00:00,0.775,clob_prices_history
17269153522875922708691197534079323882577887490263556443563241786372279871546,0x6cb3ec9e0fb1c258898f648f8b33422f59ba3e8a71aee551449d7cb147bb8ead,1775479550,2026-04-06T12:45:50+00:00,0.78,clob_prices_history
17269153522875922708691197534079323882577887490263556443563241786372279871546,0x6cb3ec9e0fb1c258898f648f8b33422f59ba3e8a71aee551449d7cb147bb8ead,1775481352,2026-04-06T13:15:52+00:00,0.775,clob_prices_history
17269153522875922708691197534079323882577887490263556443563241786372279871546,0x6cb3ec9e0fb1c258898f648f8b33422f59ba3e8a71aee551449d7cb147bb8ead,1775483153,2026-04-06T13:45:53+00:00,0.785,clob_prices_history
17269153522875922708691197534079323882577887490263556443563241786372279871546,0x6cb3ec9e0fb1c258898f648f8b33422f59ba3e8a71aee551449d7cb147bb8ead,1775484951,2026-04-06T14:15:51+00:00,0.785,clob_prices_history
17269153522875922708691197534079323882577887490263556443563241786372279871546,0x6cb3ec9e0fb1c258898f648f8b33422f59ba3e8a71aee551449d7cb147bb8ead,1775486749,2026-04-06T14:45:49+00:00,0.785,clob_prices_history
17269153522875922708691197534079323882577887490263556443563241786372279871546,0x6cb3ec9e0fb1c258898f648f8b33422f59ba3e8a71aee551449d7cb147bb8ead,1775488549,2026-04-06T15:15:49+00:00,0.785,clob_prices_history
17269153522875922708691197534079323882577887490263556443563241786372279871546,0x6cb3ec9e0fb1c258898f648f8b33422f59ba3e8a71aee551449d7cb147bb8ead,1775490350,2026-04-06T15:45:50+00:00,0.785,clob_prices_history
17269153522875922708691197534079323882577887490263556443563241786372279871546,0x6cb3ec9e0fb1c258898f648f8b33422f59ba3e8a71aee551449d7cb147bb8ead,1775491203,2026-04-06T16:00:03+00:00,0.785,clob_prices_history
17269153522875922708691197534079323882577887490263556443563241786372279871546,0x6cb3ec9e0fb1c258898f648f8b33422f59ba3e8a71aee551449d7cb147bb8ead,1775493954,2026-04-06T16:45:54+00:00,0.785,clob_prices_history
17269153522875922708691197534079323882577887490263556443563241786372279871546,0x6cb3ec9e0fb1c258898f648f8b33422f59ba3e8a71aee551449d7cb147bb8ead,1775495751,2026-04-06T17:15:51+00:00,0.785,clob_prices_history
17269153522875922708691197534079323882577887490263556443563241786372279871546,0x6cb3ec9e0fb1c258898f648f8b33422f59ba3e8a71aee551449d7cb147bb8ead,1775497502,2026-04-06T17:45:02+00:00,0.785,clob_prices_history
17269153522875922708691197534079323882577887490263556443563241786372279871546,0x6cb3ec9e0fb1c258898f648f8b33422f59ba3e8a71aee551449d7cb147bb8ead,1775498443,2026-04-06T18:00:43+00:00,0.785,clob_prices_history
17269153522875922708691197534079323882577887490263556443563241786372279871546,0x6cb3ec9e0fb1c258898f648f8b33422f59ba3e8a71aee551449d7cb147bb8ead,1775500243,2026-04-06T18:30:43+00:00,0.785,clob_prices_history
17269153522875922708691197534079323882577887490263556443563241786372279871546,0x6cb3ec9e0fb1c258898f648f8b33422f59ba3e8a71aee551449d7cb147bb8ead,1775502951,2026-04-06T19:15:51+00:00,0.785,clob_prices_history
17269153522875922708691197534079323882577887490263556443563241786372279871546,0x6cb3ec9e0fb1c258898f648f8b33422f59ba3e8a71aee551449d7cb147bb8ead,1775504754,2026-04-06T19:45:54+00:00,0.785,clob_prices_history
17269153522875922708691197534079323882577887490263556443563241786372279871546,0x6cb3ec9e0fb1c258898f648f8b33422f59ba3e8a71aee551449d7cb147bb8ead,1775506556,2026-04-06T20:15:56+00:00,0.79,clob_prices_history
17269153522875922708691197534079323882577887490263556443563241786372279871546,0x6cb3ec9e0fb1c258898f648f8b33422f59ba3e8a71aee551449d7cb147bb8ead,1775508350,2026-04-06T20:45:50+00:00,0.79,clob_prices_history
17269153522875922708691197534079323882577887490263556443563241786372279871546,0x6cb3ec9e0fb1c258898f648f8b33422f59ba3e8a71aee551449d7cb147bb8ead,1775510158,2026-04-06T21:15:58+00:00,0.79,clob_prices_history
17269153522875922708691197534079323882577887490263556443563241786372279871546,0x6cb3ec9e0fb1c258898f648f8b33422f59ba3e8a71aee551449d7cb147bb8ead,1775513759,2026-04-06T22:15:59+00:00,0.79,clob_prices_history
17269153522875922708691197534079323882577887490263556443563241786372279871546,0x6cb3ec9e0fb1c258898f648f8b33422f59ba3e8a71aee551449d7cb147bb8ead,1775517355,2026-04-06T23:15:55+00:00,0.79,clob_prices_history
17269153522875922708691197534079323882577887490263556443563241786372279871546,0x6cb3ec9e0fb1c258898f648f8b33422f59ba3e8a71aee551449d7cb147bb8ead,1775518223,2026-04-06T23:30:23+00:00,0.79,clob_prices_history
17269153522875922708691197534079323882577887490263556443563241786372279871546,0x6cb3ec9e0fb1c258898f648f8b33422f59ba3e8a71aee551449d7cb147bb8ead,1775519119,2026-04-06T23:45:19+00:00,0.79,clob_prices_history
17269153522875922708691197534079323882577887490263556443563241786372279871546,0x6cb3ec9e0fb1c258898f648f8b33422f59ba3e8a71aee551449d7cb147bb8ead,1775520953,2026-04-07T00:15:53+00:00,0.79,clob_prices_history
17269153522875922708691197534079323882577887490263556443563241786372279871546,0x6cb3ec9e0fb1c258898f648f8b33422f59ba3e8a71aee551449d7cb147bb8ead,1775521804,2026-04-07T00:30:04+00:00,0.8,clob_prices_history
17269153522875922708691197534079323882577887490263556443563241786372279871546,0x6cb3ec9e0fb1c258898f648f8b33422f59ba3e8a71aee551449d7cb147bb8ead,1775522748,2026-04-07T00:45:48+00:00,0.8,clob_prices_history
17269153522875922708691197534079323882577887490263556443563241786372279871546,0x6cb3ec9e0fb1c258898f648f8b33422f59ba3e8a71aee551449d7cb147bb8ead,1775524554,2026-04-07T01:15:54+00:00,0.79,clob_prices_history
17269153522875922708691197534079323882577887490263556443563241786372279871546,0x6cb3ec9e0fb1c258898f648f8b33422f59ba3e8a71aee551449d7cb147bb8ead,1775529947,2026-04-07T02:45:47+00:00,0.81,clob_prices_history
17269153522875922708691197534079323882577887490263556443563241786372279871546,0x6cb3ec9e0fb1c258898f648f8b33422f59ba3e8a71aee551449d7cb147bb8ead,1775531747,2026-04-07T03:15:47+00:00,0.81,clob_prices_history
17269153522875922708691197534079323882577887490263556443563241786372279871546,0x6cb3ec9e0fb1c258898f648f8b33422f59ba3e8a71aee551449d7cb147bb8ead,1775533504,2026-04-07T03:45:04+00:00,0.81,clob_prices_history
17269153522875922708691197534079323882577887490263556443563241786372279871546,0x6cb3ec9e0fb1c258898f648f8b33422f59ba3e8a71aee551449d7cb147bb8ead,1775533558,2026-04-07T03:45:58+00:00,0.81,clob_prices_history
17269153522875922708691197534079323882577887490263556443563241786372279871546,0x6cb3ec9e0fb1c258898f648f8b33422f59ba3e8a71aee551449d7cb147bb8ead,1775534459,2026-04-07T04:00:59+00:00,0.81,clob_prices_history
17269153522875922708691197534079323882577887490263556443563241786372279871546,0x6cb3ec9e0fb1c258898f648f8b33422f59ba3e8a71aee551449d7cb147bb8ead,1775535348,2026-04-07T04:15:48+00:00,0.82,clob_prices_history
17269153522875922708691197534079323882577887490263556443563241786372279871546,0x6cb3ec9e0fb1c258898f648f8b33422f59ba3e8a71aee551449d7cb147bb8ead,1775537151,2026-04-07T04:45:51+00:00,0.82,clob_prices_history
17269153522875922708691197534079323882577887490263556443563241786372279871546,0x6cb3ec9e0fb1c258898f648f8b33422f59ba3e8a71aee551449d7cb147bb8ead,1775538954,2026-04-07T05:15:54+00:00,0.82,clob_prices_history
17269153522875922708691197534079323882577887490263556443563241786372279871546,0x6cb3ec9e0fb1c258898f648f8b33422f59ba3e8a71aee551449d7cb147bb8ead,1775540750,2026-04-07T05:45:50+00:00,0.82,clob_prices_history
17269153522875922708691197534079323882577887490263556443563241786372279871546,0x6cb3ec9e0fb1c258898f648f8b33422f59ba3e8a71aee551449d7cb147bb8ead,1775542551,2026-04-07T06:15:51+00:00,0.815,clob_prices_history
17269153522875922708691197534079323882577887490263556443563241786372279871546,0x6cb3ec9e0fb1c258898f648f8b33422f59ba3e8a71aee551449d7cb147bb8ead,1775544352,2026-04-07T06:45:52+00:00,0.815,clob_prices_history
17269153522875922708691197534079323882577887490263556443563241786372279871546,0x6cb3ec9e0fb1c258898f648f8b33422f59ba3e8a71aee551449d7cb147bb8ead,1775546148,2026-04-07T07:15:48+00:00,0.815,clob_prices_history
17269153522875922708691197534079323882577887490263556443563241786372279871546,0x6cb3ec9e0fb1c258898f648f8b33422f59ba3e8a71aee551449d7cb147bb8ead,1775547949,2026-04-07T07:45:49+00:00,0.815,clob_prices_history
17269153522875922708691197534079323882577887490263556443563241786372279871546,0x6cb3ec9e0fb1c258898f648f8b33422f59ba3e8a71aee551449d7cb147bb8ead,1775549749,2026-04-07T08:15:49+00:00,0.815,clob_prices_history
17269153522875922708691197534079323882577887490263556443563241786372279871546,0x6cb3ec9e0fb1c258898f648f8b33422f59ba3e8a71aee551449d7cb147bb8ead,1775550604,2026-04-07T08:30:04+00:00,0.815,clob_prices_history
17269153522875922708691197534079323882577887490263556443563241786372279871546,0x6cb3ec9e0fb1c258898f648f8b33422f59ba3e8a71aee551449d7cb147bb8ead,1775551548,2026-04-07T08:45:48+00:00,0.815,clob_prices_history
17269153522875922708691197534079323882577887490263556443563241786372279871546,0x6cb3ec9e0fb1c258898f648f8b33422f59ba3e8a71aee551449d7cb147bb8ead,1775553350,2026-04-07T09:15:50+00:00,0.81,clob_prices_history
17269153522875922708691197534079323882577887490263556443563241786372279871546,0x6cb3ec9e0fb1c258898f648f8b33422f59ba3e8a71aee551449d7cb147bb8ead,1775555154,2026-04-07T09:45:54+00:00,0.81,clob_prices_history
17269153522875922708691197534079323882577887490263556443563241786372279871546,0x6cb3ec9e0fb1c258898f648f8b33422f59ba3e8a71aee551449d7cb147bb8ead,1775556950,2026-04-07T10:15:50+00:00,0.81,clob_prices_history
17269153522875922708691197534079323882577887490263556443563241786372279871546,0x6cb3ec9e0fb1c258898f648f8b33422f59ba3e8a71aee551449d7cb147bb8ead,1775558747,2026-04-07T10:45:47+00:00,0.81,clob_prices_history
17269153522875922708691197534079323882577887490263556443563241786372279871546,0x6cb3ec9e0fb1c258898f648f8b33422f59ba3e8a71aee551449d7cb147bb8ead,1775560548,2026-04-07T11:15:48+00:00,0.81,clob_prices_history
17269153522875922708691197534079323882577887490263556443563241786372279871546,0x6cb3ec9e0fb1c258898f648f8b33422f59ba3e8a71aee551449d7cb147bb8ead,1775561414,2026-04-07T11:30:14+00:00,0.81,clob_prices_history
17269153522875922708691197534079323882577887490263556443563241786372279871546,0x6cb3ec9e0fb1c258898f648f8b33422f59ba3e8a71aee551449d7cb147bb8ead,1775562353,2026-04-07T11:45:53+00:00,0.81,clob_prices_history
17269153522875922708691197534079323882577887490263556443563241786372279871546,0x6cb3ec9e0fb1c258898f648f8b33422f59ba3e8a71aee551449d7cb147bb8ead,1775564154,2026-04-07T12:15:54+00:00,0.81,clob_prices_history
17269153522875922708691197534079323882577887490263556443563241786372279871546,0x6cb3ec9e0fb1c258898f648f8b33422f59ba3e8a71aee551449d7cb147bb8ead,1775565950,2026-04-07T12:45:50+00:00,0.81,clob_prices_history
17269153522875922708691197534079323882577887490263556443563241786372279871546,0x6cb3ec9e0fb1c258898f648f8b33422f59ba3e8a71aee551449d7cb147bb8ead,1775567753,2026-04-07T13:15:53+00:00,0.81,clob_prices_history
17269153522875922708691197534079323882577887490263556443563241786372279871546,0x6cb3ec9e0fb1c258898f648f8b33422f59ba3e8a71aee551449d7cb147bb8ead,1775568623,2026-04-07T13:30:23+00:00,0.81,clob_prices_history
17269153522875922708691197534079323882577887490263556443563241786372279871546,0x6cb3ec9e0fb1c258898f648f8b33422f59ba3e8a71aee551449d7cb147bb8ead,1775569511,2026-04-07T13:45:11+00:00,0.81,clob_prices_history
17269153522875922708691197534079323882577887490263556443563241786372279871546,0x6cb3ec9e0fb1c258898f648f8b33422f59ba3e8a71aee551449d7cb147bb8ead,1775570447,2026-04-07T14:00:47+00:00,0.81,clob_prices_history
17269153522875922708691197534079323882577887490263556443563241786372279871546,0x6cb3ec9e0fb1c258898f648f8b33422f59ba3e8a71aee551449d7cb147bb8ead,1775571311,2026-04-07T14:15:11+00:00,0.81,clob_prices_history
17269153522875922708691197534079323882577887490263556443563241786372279871546,0x6cb3ec9e0fb1c258898f648f8b33422f59ba3e8a71aee551449d7cb147bb8ead,1775572243,2026-04-07T14:30:43+00:00,0.81,clob_prices_history
17269153522875922708691197534079323882577887490263556443563241786372279871546,0x6cb3ec9e0fb1c258898f648f8b33422f59ba3e8a71aee551449d7cb147bb8ead,1775573104,2026-04-07T14:45:04+00:00,0.81,clob_prices_history
17269153522875922708691197534079323882577887490263556443563241786372279871546,0x6cb3ec9e0fb1c258898f648f8b33422f59ba3e8a71aee551449d7cb147bb8ead,1775574909,2026-04-07T15:15:09+00:00,0.81,clob_prices_history
17269153522875922708691197534079323882577887490263556443563241786372279871546,0x6cb3ec9e0fb1c258898f648f8b33422f59ba3e8a71aee551449d7cb147bb8ead,1775576750,2026-04-07T15:45:50+00:00,0.805,clob_prices_history
17269153522875922708691197534079323882577887490263556443563241786372279871546,0x6cb3ec9e0fb1c258898f648f8b33422f59ba3e8a71aee551449d7cb147bb8ead,1775578509,2026-04-07T16:15:09+00:00,0.805,clob_prices_history
17269153522875922708691197534079323882577887490263556443563241786372279871546,0x6cb3ec9e0fb1c258898f648f8b33422f59ba3e8a71aee551449d7cb147bb8ead,1775580354,2026-04-07T16:45:54+00:00,0.805,clob_prices_history
17269153522875922708691197534079323882577887490263556443563241786372279871546,0x6cb3ec9e0fb1c258898f648f8b33422f59ba3e8a71aee551449d7cb147bb8ead,1775581236,2026-04-07T17:00:36+00:00,0.805,clob_prices_history
17269153522875922708691197534079323882577887490263556443563241786372279871546,0x6cb3ec9e0fb1c258898f648f8b33422f59ba3e8a71aee551449d7cb147bb8ead,1775583036,2026-04-07T17:30:36+00:00,0.805,clob_prices_history
17269153522875922708691197534079323882577887490263556443563241786372279871546,0x6cb3ec9e0fb1c258898f648f8b33422f59ba3e8a71aee551449d7cb147bb8ead,1775583952,2026-04-07T17:45:52+00:00,0.805,clob_prices_history
17269153522875922708691197534079323882577887490263556443563241786372279871546,0x6cb3ec9e0fb1c258898f648f8b33422f59ba3e8a71aee551449d7cb147bb8ead,1775584849,2026-04-07T18:00:49+00:00,0.805,clob_prices_history
17269153522875922708691197534079323882577887490263556443563241786372279871546,0x6cb3ec9e0fb1c258898f648f8b33422f59ba3e8a71aee551449d7cb147bb8ead,1775585712,2026-04-07T18:15:12+00:00,0.805,clob_prices_history
17269153522875922708691197534079323882577887490263556443563241786372279871546,0x6cb3ec9e0fb1c258898f648f8b33422f59ba3e8a71aee551449d7cb147bb8ead,1775586640,2026-04-07T18:30:40+00:00,0.805,clob_prices_history
17269153522875922708691197534079323882577887490263556443563241786372279871546,0x6cb3ec9e0fb1c258898f648f8b33422f59ba3e8a71aee551449d7cb147bb8ead,1775587536,2026-04-07T18:45:36+00:00,0.805,clob_prices_history
17269153522875922708691197534079323882577887490263556443563241786372279871546,0x6cb3ec9e0fb1c258898f648f8b33422f59ba3e8a71aee551449d7cb147bb8ead,1775588454,2026-04-07T19:00:54+00:00,0.805,clob_prices_history
17269153522875922708691197534079323882577887490263556443563241786372279871546,0x6cb3ec9e0fb1c258898f648f8b33422f59ba3e8a71aee551449d7cb147bb8ead,1775589323,2026-04-07T19:15:23+00:00,0.805,clob_prices_history
17269153522875922708691197534079323882577887490263556443563241786372279871546,0x6cb3ec9e0fb1c258898f648f8b33422f59ba3e8a71aee551449d7cb147bb8ead,1775590201,2026-04-07T19:30:01+00:00,0.805,clob_prices_history
17269153522875922708691197534079323882577887490263556443563241786372279871546,0x6cb3ec9e0fb1c258898f648f8b33422f59ba3e8a71aee551449d7cb147bb8ead,1775591121,2026-04-07T19:45:21+00:00,0.805,clob_prices_history
17269153522875922708691197534079323882577887490263556443563241786372279871546,0x6cb3ec9e0fb1c258898f648f8b33422f59ba3e8a71aee551449d7cb147bb8ead,1775592952,2026-04-07T20:15:52+00:00,0.805,clob_prices_history
17269153522875922708691197534079323882577887490263556443563241786372279871546,0x6cb3ec9e0fb1c258898f648f8b33422f59ba3e8a71aee551449d7cb147bb8ead,1775594749,2026-04-07T20:45:49+00:00,0.805,clob_prices_history
17269153522875922708691197534079323882577887490263556443563241786372279871546,0x6cb3ec9e0fb1c258898f648f8b33422f59ba3e8a71aee551449d7cb147bb8ead,1775598301,2026-04-07T21:45:01+00:00,0.805,clob_prices_history
17269153522875922708691197534079323882577887490263556443563241786372279871546,0x6cb3ec9e0fb1c258898f648f8b33422f59ba3e8a71aee551449d7cb147bb8ead,1775600151,2026-04-07T22:15:51+00:00,0.805,clob_prices_history
17269153522875922708691197534079323882577887490263556443563241786372279871546,0x6cb3ec9e0fb1c258898f648f8b33422f59ba3e8a71aee551449d7cb147bb8ead,1775601904,2026-04-07T22:45:04+00:00,0.79,clob_prices_history
17269153522875922708691197534079323882577887490263556443563241786372279871546,0x6cb3ec9e0fb1c258898f648f8b33422f59ba3e8a71aee551449d7cb147bb8ead,1775603730,2026-04-07T23:15:30+00:00,0.755,clob_prices_history
17269153522875922708691197534079323882577887490263556443563241786372279871546,0x6cb3ec9e0fb1c258898f648f8b33422f59ba3e8a71aee551449d7cb147bb8ead,1775604611,2026-04-07T23:30:11+00:00,0.66,clob_prices_history
17269153522875922708691197534079323882577887490263556443563241786372279871546,0x6cb3ec9e0fb1c258898f648f8b33422f59ba3e8a71aee551449d7cb147bb8ead,1775605547,2026-04-07T23:45:47+00:00,0.795,clob_prices_history
17269153522875922708691197534079323882577887490263556443563241786372279871546,0x6cb3ec9e0fb1c258898f648f8b33422f59ba3e8a71aee551449d7cb147bb8ead,1775607359,2026-04-08T00:15:59+00:00,0.79,clob_prices_history
17269153522875922708691197534079323882577887490263556443563241786372279871546,0x6cb3ec9e0fb1c258898f648f8b33422f59ba3e8a71aee551449d7cb147bb8ead,1775610955,2026-04-08T01:15:55+00:00,0.795,clob_prices_history
17269153522875922708691197534079323882577887490263556443563241786372279871546,0x6cb3ec9e0fb1c258898f648f8b33422f59ba3e8a71aee551449d7cb147bb8ead,1775612725,2026-04-08T01:45:25+00:00,0.795,clob_prices_history
17269153522875922708691197534079323882577887490263556443563241786372279871546,0x6cb3ec9e0fb1c258898f648f8b33422f59ba3e8a71aee551449d7cb147bb8ead,1775613639,2026-04-08T02:00:39+00:00,0.745,clob_prices_history
17269153522875922708691197534079323882577887490263556443563241786372279871546,0x6cb3ec9e0fb1c258898f648f8b33422f59ba3e8a71aee551449d7cb147bb8ead,1775614548,2026-04-08T02:15:48+00:00,0.74,clob_prices_history
17269153522875922708691197534079323882577887490263556443563241786372279871546,0x6cb3ec9e0fb1c258898f648f8b33422f59ba3e8a71aee551449d7cb147bb8ead,1775616357,2026-04-08T02:45:57+00:00,0.675,clob_prices_history
17269153522875922708691197534079323882577887490263556443563241786372279871546,0x6cb3ec9e0fb1c258898f648f8b33422f59ba3e8a71aee551449d7cb147bb8ead,1775618102,2026-04-08T03:15:02+00:00,0.68,clob_prices_history
17269153522875922708691197534079323882577887490263556443563241786372279871546,0x6cb3ec9e0fb1c258898f648f8b33422f59ba3e8a71aee551449d7cb147bb8ead,1775619924,2026-04-08T03:45:24+00:00,0.665,clob_prices_history
17269153522875922708691197534079323882577887490263556443563241786372279871546,0x6cb3ec9e0fb1c258898f648f8b33422f59ba3e8a71aee551449d7cb147bb8ead,1775621732,2026-04-08T04:15:32+00:00,0.665,clob_prices_history
17269153522875922708691197534079323882577887490263556443563241786372279871546,0x6cb3ec9e0fb1c258898f648f8b33422f59ba3e8a71aee551449d7cb147bb8ead,1775623538,2026-04-08T04:45:38+00:00,0.665,clob_prices_history
17269153522875922708691197534079323882577887490263556443563241786372279871546,0x6cb3ec9e0fb1c258898f648f8b33422f59ba3e8a71aee551449d7cb147bb8ead,1775625303,2026-04-08T05:15:03+00:00,0.665,clob_prices_history
17269153522875922708691197534079323882577887490263556443563241786372279871546,0x6cb3ec9e0fb1c258898f648f8b33422f59ba3e8a71aee551449d7cb147bb8ead,1775626250,2026-04-08T05:30:50+00:00,0.665,clob_prices_history
17269153522875922708691197534079323882577887490263556443563241786372279871546,0x6cb3ec9e0fb1c258898f648f8b33422f59ba3e8a71aee551449d7cb147bb8ead,1775627158,2026-04-08T05:45:58+00:00,0.665,clob_prices_history
17269153522875922708691197534079323882577887490263556443563241786372279871546,0x6cb3ec9e0fb1c258898f648f8b33422f59ba3e8a71aee551449d7cb147bb8ead,1775628955,2026-04-08T06:15:55+00:00,0.665,clob_prices_history
17269153522875922708691197534079323882577887490263556443563241786372279871546,0x6cb3ec9e0fb1c258898f648f8b33422f59ba3e8a71aee551449d7cb147bb8ead,1775629813,2026-04-08T06:30:13+00:00,0.665,clob_prices_history
17269153522875922708691197534079323882577887490263556443563241786372279871546,0x6cb3ec9e0fb1c258898f648f8b33422f59ba3e8a71aee551449d7cb147bb8ead,1775630752,2026-04-08T06:45:52+00:00,0.715,clob_prices_history
17269153522875922708691197534079323882577887490263556443563241786372279871546,0x6cb3ec9e0fb1c258898f648f8b33422f59ba3e8a71aee551449d7cb147bb8ead,1775634311,2026-04-08T07:45:11+00:00,0.69,clob_prices_history
17269153522875922708691197534079323882577887490263556443563241786372279871546,0x6cb3ec9e0fb1c258898f648f8b33422f59ba3e8a71aee551449d7cb147bb8ead,1775636156,2026-04-08T08:15:56+00:00,0.705,clob_prices_history
17269153522875922708691197534079323882577887490263556443563241786372279871546,0x6cb3ec9e0fb1c258898f648f8b33422f59ba3e8a71aee551449d7cb147bb8ead,1775637902,2026-04-08T08:45:02+00:00,0.73,clob_prices_history
17269153522875922708691197534079323882577887490263556443563241786372279871546,0x6cb3ec9e0fb1c258898f648f8b33422f59ba3e8a71aee551449d7cb147bb8ead,1775638814,2026-04-08T09:00:14+00:00,0.735,clob_prices_history
17269153522875922708691197534079323882577887490263556443563241786372279871546,0x6cb3ec9e0fb1c258898f648f8b33422f59ba3e8a71aee551449d7cb147bb8ead,1775639751,2026-04-08T09:15:51+00:00,0.74,clob_prices_history
17269153522875922708691197534079323882577887490263556443563241786372279871546,0x6cb3ec9e0fb1c258898f648f8b33422f59ba3e8a71aee551449d7cb147bb8ead,1775641502,2026-04-08T09:45:02+00:00,0.735,clob_prices_history
17269153522875922708691197534079323882577887490263556443563241786372279871546,0x6cb3ec9e0fb1c258898f648f8b33422f59ba3e8a71aee551449d7cb147bb8ead,1775645152,2026-04-08T10:45:52+00:00,0.735,clob_prices_history
17269153522875922708691197534079323882577887490263556443563241786372279871546,0x6cb3ec9e0fb1c258898f648f8b33422f59ba3e8a71aee551449d7cb147bb8ead,1775646950,2026-04-08T11:15:50+00:00,0.735,clob_prices_history
17269153522875922708691197534079323882577887490263556443563241786372279871546,0x6cb3ec9e0fb1c258898f648f8b33422f59ba3e8a71aee551449d7cb147bb8ead,1775648703,2026-04-08T11:45:03+00:00,0.705,clob_prices_history
17269153522875922708691197534079323882577887490263556443563241786372279871546,0x6cb3ec9e0fb1c258898f648f8b33422f59ba3e8a71aee551449d7cb147bb8ead,1775649652,2026-04-08T12:00:52+00:00,0.685,clob_prices_history
17269153522875922708691197534079323882577887490263556443563241786372279871546,0x6cb3ec9e0fb1c258898f648f8b33422f59ba3e8a71aee551449d7cb147bb8ead,1775650557,2026-04-08T12:15:57+00:00,0.685,clob_prices_history
17269153522875922708691197534079323882577887490263556443563241786372279871546,0x6cb3ec9e0fb1c258898f648f8b33422f59ba3e8a71aee551449d7cb147bb8ead,1775651444,2026-04-08T12:30:44+00:00,0.695,clob_prices_history
17269153522875922708691197534079323882577887490263556443563241786372279871546,0x6cb3ec9e0fb1c258898f648f8b33422f59ba3e8a71aee551449d7cb147bb8ead,1775652341,2026-04-08T12:45:41+00:00,0.71,clob_prices_history
17269153522875922708691197534079323882577887490263556443563241786372279871546,0x6cb3ec9e0fb1c258898f648f8b33422f59ba3e8a71aee551449d7cb147bb8ead,1775653249,2026-04-08T13:00:49+00:00,0.705,clob_prices_history
17269153522875922708691197534079323882577887490263556443563241786372279871546,0x6cb3ec9e0fb1c258898f648f8b33422f59ba3e8a71aee551449d7cb147bb8ead,1775654120,2026-04-08T13:15:20+00:00,0.7,clob_prices_history
17269153522875922708691197534079323882577887490263556443563241786372279871546,0x6cb3ec9e0fb1c258898f648f8b33422f59ba3e8a71aee551449d7cb147bb8ead,1775655047,2026-04-08T13:30:47+00:00,0.69,clob_prices_history
17269153522875922708691197534079323882577887490263556443563241786372279871546,0x6cb3ec9e0fb1c258898f648f8b33422f59ba3e8a71aee551449d7cb147bb8ead,1775655913,2026-04-08T13:45:13+00:00,0.69,clob_prices_history
17269153522875922708691197534079323882577887490263556443563241786372279871546,0x6cb3ec9e0fb1c258898f648f8b33422f59ba3e8a71aee551449d7cb147bb8ead,1775657748,2026-04-08T14:15:48+00:00,0.68,clob_prices_history
17269153522875922708691197534079323882577887490263556443563241786372279871546,0x6cb3ec9e0fb1c258898f648f8b33422f59ba3e8a71aee551449d7cb147bb8ead,1775658651,2026-04-08T14:30:51+00:00,0.66,clob_prices_history
17269153522875922708691197534079323882577887490263556443563241786372279871546,0x6cb3ec9e0fb1c258898f648f8b33422f59ba3e8a71aee551449d7cb147bb8ead,1775659502,2026-04-08T14:45:02+00:00,0.68,clob_prices_history
17269153522875922708691197534079323882577887490263556443563241786372279871546,0x6cb3ec9e0fb1c258898f648f8b33422f59ba3e8a71aee551449d7cb147bb8ead,1775660431,2026-04-08T15:00:31+00:00,0.68,clob_prices_history
17269153522875922708691197534079323882577887490263556443563241786372279871546,0x6cb3ec9e0fb1c258898f648f8b33422f59ba3e8a71aee551449d7cb147bb8ead,1775661353,2026-04-08T15:15:53+00:00,0.685,clob_prices_history
17269153522875922708691197534079323882577887490263556443563241786372279871546,0x6cb3ec9e0fb1c258898f648f8b33422f59ba3e8a71aee551449d7cb147bb8ead,1775662234,2026-04-08T15:30:34+00:00,0.685,clob_prices_history
17269153522875922708691197534079323882577887490263556443563241786372279871546,0x6cb3ec9e0fb1c258898f648f8b33422f59ba3e8a71aee551449d7cb147bb8ead,1775663153,2026-04-08T15:45:53+00:00,0.69,clob_prices_history
17269153522875922708691197534079323882577887490263556443563241786372279871546,0x6cb3ec9e0fb1c258898f648f8b33422f59ba3e8a71aee551449d7cb147bb8ead,1775664904,2026-04-08T16:15:04+00:00,0.735,clob_prices_history
17269153522875922708691197534079323882577887490263556443563241786372279871546,0x6cb3ec9e0fb1c258898f648f8b33422f59ba3e8a71aee551449d7cb147bb8ead,1775666704,2026-04-08T16:45:04+00:00,0.71,clob_prices_history
17269153522875922708691197534079323882577887490263556443563241786372279871546,0x6cb3ec9e0fb1c258898f648f8b33422f59ba3e8a71aee551449d7cb147bb8ead,1775668557,2026-04-08T17:15:57+00:00,0.7,clob_prices_history
17269153522875922708691197534079323882577887490263556443563241786372279871546,0x6cb3ec9e0fb1c258898f648f8b33422f59ba3e8a71aee551449d7cb147bb8ead,1775670355,2026-04-08T17:45:55+00:00,0.695,clob_prices_history
17269153522875922708691197534079323882577887490263556443563241786372279871546,0x6cb3ec9e0fb1c258898f648f8b33422f59ba3e8a71aee551449d7cb147bb8ead,1775672100,2026-04-08T18:15:00+00:00,0.71,clob_prices_history
17269153522875922708691197534079323882577887490263556443563241786372279871546,0x6cb3ec9e0fb1c258898f648f8b33422f59ba3e8a71aee551449d7cb147bb8ead,1775675750,2026-04-08T19:15:50+00:00,0.65,clob_prices_history
17269153522875922708691197534079323882577887490263556443563241786372279871546,0x6cb3ec9e0fb1c258898f648f8b33422f59ba3e8a71aee551449d7cb147bb8ead,1775676628,2026-04-08T19:30:28+00:00,0.635,clob_prices_history
17269153522875922708691197534079323882577887490263556443563241786372279871546,0x6cb3ec9e0fb1c258898f648f8b33422f59ba3e8a71aee551449d7cb147bb8ead,1775677528,2026-04-08T19:45:28+00:00,0.65,clob_prices_history
17269153522875922708691197534079323882577887490263556443563241786372279871546,0x6cb3ec9e0fb1c258898f648f8b33422f59ba3e8a71aee551449d7cb147bb8ead,1775679341,2026-04-08T20:15:41+00:00,0.72,clob_prices_history
17269153522875922708691197534079323882577887490263556443563241786372279871546,0x6cb3ec9e0fb1c258898f648f8b33422f59ba3e8a71aee551449d7cb147bb8ead,1775684718,2026-04-08T21:45:18+00:00,0.74,clob_prices_history
17269153522875922708691197534079323882577887490263556443563241786372279871546,0x6cb3ec9e0fb1c258898f648f8b33422f59ba3e8a71aee551449d7cb147bb8ead,1775687403,2026-04-08T22:30:03+00:00,0.75,clob_prices_history
17269153522875922708691197534079323882577887490263556443563241786372279871546,0x6cb3ec9e0fb1c258898f648f8b33422f59ba3e8a71aee551449d7cb147bb8ead,1775689243,2026-04-08T23:00:43+00:00,0.75,clob_prices_history
17269153522875922708691197534079323882577887490263556443563241786372279871546,0x6cb3ec9e0fb1c258898f648f8b33422f59ba3e8a71aee551449d7cb147bb8ead,1775690154,2026-04-08T23:15:54+00:00,0.75,clob_prices_history
17269153522875922708691197534079323882577887490263556443563241786372279871546,0x6cb3ec9e0fb1c258898f648f8b33422f59ba3e8a71aee551449d7cb147bb8ead,1775691008,2026-04-08T23:30:08+00:00,0.75,clob_prices_history
17269153522875922708691197534079323882577887490263556443563241786372279871546,0x6cb3ec9e0fb1c258898f648f8b33422f59ba3e8a71aee551449d7cb147bb8ead,1775692835,2026-04-09T00:00:35+00:00,0.75,clob_prices_history
17269153522875922708691197534079323882577887490263556443563241786372279871546,0x6cb3ec9e0fb1c258898f648f8b33422f59ba3e8a71aee551449d7cb147bb8ead,1775693750,2026-04-09T00:15:50+00:00,0.75,clob_prices_history
17269153522875922708691197534079323882577887490263556443563241786372279871546,0x6cb3ec9e0fb1c258898f648f8b33422f59ba3e8a71aee551449d7cb147bb8ead,1775694654,2026-04-09T00:30:54+00:00,0.76,clob_prices_history
17269153522875922708691197534079323882577887490263556443563241786372279871546,0x6cb3ec9e0fb1c258898f648f8b33422f59ba3e8a71aee551449d7cb147bb8ead,1775695549,2026-04-09T00:45:49+00:00,0.765,clob_prices_history
17269153522875922708691197534079323882577887490263556443563241786372279871546,0x6cb3ec9e0fb1c258898f648f8b33422f59ba3e8a71aee551449d7cb147bb8ead,1775696453,2026-04-09T01:00:53+00:00,0.765,clob_prices_history
17269153522875922708691197534079323882577887490263556443563241786372279871546,0x6cb3ec9e0fb1c258898f648f8b33422f59ba3e8a71aee551449d7cb147bb8ead,1775697349,2026-04-09T01:15:49+00:00,0.765,clob_prices_history
17269153522875922708691197534079323882577887490263556443563241786372279871546,0x6cb3ec9e0fb1c258898f648f8b33422f59ba3e8a71aee551449d7cb147bb8ead,1775698250,2026-04-09T01:30:50+00:00,0.76,clob_prices_history
17269153522875922708691197534079323882577887490263556443563241786372279871546,0x6cb3ec9e0fb1c258898f648f8b33422f59ba3e8a71aee551449d7cb147bb8ead,1775699150,2026-04-09T01:45:50+00:00,0.76,clob_prices_history
17269153522875922708691197534079323882577887490263556443563241786372279871546,0x6cb3ec9e0fb1c258898f648f8b33422f59ba3e8a71aee551449d7cb147bb8ead,1775700055,2026-04-09T02:00:55+00:00,0.76,clob_prices_history
17269153522875922708691197534079323882577887490263556443563241786372279871546,0x6cb3ec9e0fb1c258898f648f8b33422f59ba3e8a71aee551449d7cb147bb8ead,1775700949,2026-04-09T02:15:49+00:00,0.76,clob_prices_history
17269153522875922708691197534079323882577887490263556443563241786372279871546,0x6cb3ec9e0fb1c258898f648f8b33422f59ba3e8a71aee551449d7cb147bb8ead,1775701852,2026-04-09T02:30:52+00:00,0.76,clob_prices_history
17269153522875922708691197534079323882577887490263556443563241786372279871546,0x6cb3ec9e0fb1c258898f648f8b33422f59ba3e8a71aee551449d7cb147bb8ead,1775702750,2026-04-09T02:45:50+00:00,0.76,clob_prices_history
17269153522875922708691197534079323882577887490263556443563241786372279871546,0x6cb3ec9e0fb1c258898f648f8b33422f59ba3e8a71aee551449d7cb147bb8ead,1775704547,2026-04-09T03:15:47+00:00,0.76,clob_prices_history
17269153522875922708691197534079323882577887490263556443563241786372279871546,0x6cb3ec9e0fb1c258898f648f8b33422f59ba3e8a71aee551449d7cb147bb8ead,1775705451,2026-04-09T03:30:51+00:00,0.745,clob_prices_history
17269153522875922708691197534079323882577887490263556443563241786372279871546,0x6cb3ec9e0fb1c258898f648f8b33422f59ba3e8a71aee551449d7cb147bb8ead,1775706348,2026-04-09T03:45:48+00:00,0.745,clob_prices_history
17269153522875922708691197534079323882577887490263556443563241786372279871546,0x6cb3ec9e0fb1c258898f648f8b33422f59ba3e8a71aee551449d7cb147bb8ead,1775707253,2026-04-09T04:00:53+00:00,0.755,clob_prices_history
17269153522875922708691197534079323882577887490263556443563241786372279871546,0x6cb3ec9e0fb1c258898f648f8b33422f59ba3e8a71aee551449d7cb147bb8ead,1775708147,2026-04-09T04:15:47+00:00,0.765,clob_prices_history
17269153522875922708691197534079323882577887490263556443563241786372279871546,0x6cb3ec9e0fb1c258898f648f8b33422f59ba3e8a71aee551449d7cb147bb8ead,1775709051,2026-04-09T04:30:51+00:00,0.765,clob_prices_history
17269153522875922708691197534079323882577887490263556443563241786372279871546,0x6cb3ec9e0fb1c258898f648f8b33422f59ba3e8a71aee551449d7cb147bb8ead,1775709950,2026-04-09T04:45:50+00:00,0.765,clob_prices_history
17269153522875922708691197534079323882577887490263556443563241786372279871546,0x6cb3ec9e0fb1c258898f648f8b33422f59ba3e8a71aee551449d7cb147bb8ead,1775710853,2026-04-09T05:00:53+00:00,0.765,clob_prices_history
17269153522875922708691197534079323882577887490263556443563241786372279871546,0x6cb3ec9e0fb1c258898f648f8b33422f59ba3e8a71aee551449d7cb147bb8ead,1775711751,2026-04-09T05:15:51+00:00,0.765,clob_prices_history
17269153522875922708691197534079323882577887490263556443563241786372279871546,0x6cb3ec9e0fb1c258898f648f8b33422f59ba3e8a71aee551449d7cb147bb8ead,1775712652,2026-04-09T05:30:52+00:00,0.77,clob_prices_history
17269153522875922708691197534079323882577887490263556443563241786372279871546,0x6cb3ec9e0fb1c258898f648f8b33422f59ba3e8a71aee551449d7cb147bb8ead,1775713549,2026-04-09T05:45:49+00:00,0.77,clob_prices_history
17269153522875922708691197534079323882577887490263556443563241786372279871546,0x6cb3ec9e0fb1c258898f648f8b33422f59ba3e8a71aee551449d7cb147bb8ead,1775715351,2026-04-09T06:15:51+00:00,0.765,clob_prices_history
17269153522875922708691197534079323882577887490263556443563241786372279871546,0x6cb3ec9e0fb1c258898f648f8b33422f59ba3e8a71aee551449d7cb147bb8ead,1775716251,2026-04-09T06:30:51+00:00,0.765,clob_prices_history
17269153522875922708691197534079323882577887490263556443563241786372279871546,0x6cb3ec9e0fb1c258898f648f8b33422f59ba3e8a71aee551449d7cb147bb8ead,1775717149,2026-04-09T06:45:49+00:00,0.765,clob_prices_history
17269153522875922708691197534079323882577887490263556443563241786372279871546,0x6cb3ec9e0fb1c258898f648f8b33422f59ba3e8a71aee551449d7cb147bb8ead,1775718051,2026-04-09T07:00:51+00:00,0.765,clob_prices_history
17269153522875922708691197534079323882577887490263556443563241786372279871546,0x6cb3ec9e0fb1c258898f648f8b33422f59ba3e8a71aee551449d7cb147bb8ead,1775718949,2026-04-09T07:15:49+00:00,0.765,clob_prices_history
17269153522875922708691197534079323882577887490263556443563241786372279871546,0x6cb3ec9e0fb1c258898f648f8b33422f59ba3e8a71aee551449d7cb147bb8ead,1775719852,2026-04-09T07:30:52+00:00,0.765,clob_prices_history
17269153522875922708691197534079323882577887490263556443563241786372279871546,0x6cb3ec9e0fb1c258898f648f8b33422f59ba3e8a71aee551449d7cb147bb8ead,1775720748,2026-04-09T07:45:48+00:00,0.765,clob_prices_history
17269153522875922708691197534079323882577887490263556443563241786372279871546,0x6cb3ec9e0fb1c258898f648f8b33422f59ba3e8a71aee551449d7cb147bb8ead,1775721652,2026-04-09T08:00:52+00:00,0.765,clob_prices_history
17269153522875922708691197534079323882577887490263556443563241786372279871546,0x6cb3ec9e0fb1c258898f648f8b33422f59ba3e8a71aee551449d7cb147bb8ead,1775722548,2026-04-09T08:15:48+00:00,0.765,clob_prices_history
17269153522875922708691197534079323882577887490263556443563241786372279871546,0x6cb3ec9e0fb1c258898f648f8b33422f59ba3e8a71aee551449d7cb147bb8ead,1775724349,2026-04-09T08:45:49+00:00,0.77,clob_prices_history
17269153522875922708691197534079323882577887490263556443563241786372279871546,0x6cb3ec9e0fb1c258898f648f8b33422f59ba3e8a71aee551449d7cb147bb8ead,1775726149,2026-04-09T09:15:49+00:00,0.77,clob_prices_history
17269153522875922708691197534079323882577887490263556443563241786372279871546,0x6cb3ec9e0fb1c258898f648f8b33422f59ba3e8a71aee551449d7cb147bb8ead,1775727002,2026-04-09T09:30:02+00:00,0.755,clob_prices_history
17269153522875922708691197534079323882577887490263556443563241786372279871546,0x6cb3ec9e0fb1c258898f648f8b33422f59ba3e8a71aee551449d7cb147bb8ead,1775727922,2026-04-09T09:45:22+00:00,0.755,clob_prices_history
17269153522875922708691197534079323882577887490263556443563241786372279871546,0x6cb3ec9e0fb1c258898f648f8b33422f59ba3e8a71aee551449d7cb147bb8ead,1775728853,2026-04-09T10:00:53+00:00,0.755,clob_prices_history
17269153522875922708691197534079323882577887490263556443563241786372279871546,0x6cb3ec9e0fb1c258898f648f8b33422f59ba3e8a71aee551449d7cb147bb8ead,1775730651,2026-04-09T10:30:51+00:00,0.765,clob_prices_history
17269153522875922708691197534079323882577887490263556443563241786372279871546,0x6cb3ec9e0fb1c258898f648f8b33422f59ba3e8a71aee551449d7cb147bb8ead,1775731550,2026-04-09T10:45:50+00:00,0.765,clob_prices_history
17269153522875922708691197534079323882577887490263556443563241786372279871546,0x6cb3ec9e0fb1c258898f648f8b33422f59ba3e8a71aee551449d7cb147bb8ead,1775732453,2026-04-09T11:00:53+00:00,0.765,clob_prices_history
17269153522875922708691197534079323882577887490263556443563241786372279871546,0x6cb3ec9e0fb1c258898f648f8b33422f59ba3e8a71aee551449d7cb147bb8ead,1775733353,2026-04-09T11:15:53+00:00,0.765,clob_prices_history
17269153522875922708691197534079323882577887490263556443563241786372279871546,0x6cb3ec9e0fb1c258898f648f8b33422f59ba3e8a71aee551449d7cb147bb8ead,1775734254,2026-04-09T11:30:54+00:00,0.765,clob_prices_history
17269153522875922708691197534079323882577887490263556443563241786372279871546,0x6cb3ec9e0fb1c258898f648f8b33422f59ba3e8a71aee551449d7cb147bb8ead,1775736949,2026-04-09T12:15:49+00:00,0.765,clob_prices_history
17269153522875922708691197534079323882577887490263556443563241786372279871546,0x6cb3ec9e0fb1c258898f648f8b33422f59ba3e8a71aee551449d7cb147bb8ead,1775737853,2026-04-09T12:30:53+00:00,0.765,clob_prices_history
17269153522875922708691197534079323882577887490263556443563241786372279871546,0x6cb3ec9e0fb1c258898f648f8b33422f59ba3e8a71aee551449d7cb147bb8ead,1775738750,2026-04-09T12:45:50+00:00,0.755,clob_prices_history
17269153522875922708691197534079323882577887490263556443563241786372279871546,0x6cb3ec9e0fb1c258898f648f8b33422f59ba3e8a71aee551449d7cb147bb8ead,1775740549,2026-04-09T13:15:49+00:00,0.765,clob_prices_history
17269153522875922708691197534079323882577887490263556443563241786372279871546,0x6cb3ec9e0fb1c258898f648f8b33422f59ba3e8a71aee551449d7cb147bb8ead,1775741452,2026-04-09T13:30:52+00:00,0.775,clob_prices_history
17269153522875922708691197534079323882577887490263556443563241786372279871546,0x6cb3ec9e0fb1c258898f648f8b33422f59ba3e8a71aee551449d7cb147bb8ead,1775742352,2026-04-09T13:45:52+00:00,0.775,clob_prices_history
17269153522875922708691197534079323882577887490263556443563241786372279871546,0x6cb3ec9e0fb1c258898f648f8b33422f59ba3e8a71aee551449d7cb147bb8ead,1775744150,2026-04-09T14:15:50+00:00,0.775,clob_prices_history
17269153522875922708691197534079323882577887490263556443563241786372279871546,0x6cb3ec9e0fb1c258898f648f8b33422f59ba3e8a71aee551449d7cb147bb8ead,1775746809,2026-04-09T15:00:09+00:00,0.77,clob_prices_history
17269153522875922708691197534079323882577887490263556443563241786372279871546,0x6cb3ec9e0fb1c258898f648f8b33422f59ba3e8a71aee551449d7cb147bb8ead,1775747751,2026-04-09T15:15:51+00:00,0.77,clob_prices_history
17269153522875922708691197534079323882577887490263556443563241786372279871546,0x6cb3ec9e0fb1c258898f648f8b33422f59ba3e8a71aee551449d7cb147bb8ead,1775749555,2026-04-09T15:45:55+00:00,0.77,clob_prices_history
17269153522875922708691197534079323882577887490263556443563241786372279871546,0x6cb3ec9e0fb1c258898f648f8b33422f59ba3e8a71aee551449d7cb147bb8ead,1775751358,2026-04-09T16:15:58+00:00,0.775,clob_prices_history
17269153522875922708691197534079323882577887490263556443563241786372279871546,0x6cb3ec9e0fb1c258898f648f8b33422f59ba3e8a71aee551449d7cb147bb8ead,1775753104,2026-04-09T16:45:04+00:00,0.75,clob_prices_history
17269153522875922708691197534079323882577887490263556443563241786372279871546,0x6cb3ec9e0fb1c258898f648f8b33422f59ba3e8a71aee551449d7cb147bb8ead,1775754915,2026-04-09T17:15:15+00:00,0.575,clob_prices_history
17269153522875922708691197534079323882577887490263556443563241786372279871546,0x6cb3ec9e0fb1c258898f648f8b33422f59ba3e8a71aee551449d7cb147bb8ead,1775758552,2026-04-09T18:15:52+00:00,0.575,clob_prices_history
17269153522875922708691197534079323882577887490263556443563241786372279871546,0x6cb3ec9e0fb1c258898f648f8b33422f59ba3e8a71aee551449d7cb147bb8ead,1775763952,2026-04-09T19:45:52+00:00,0.65,clob_prices_history
17269153522875922708691197534079323882577887490263556443563241786372279871546,0x6cb3ec9e0fb1c258898f648f8b33422f59ba3e8a71aee551449d7cb147bb8ead,1775765751,2026-04-09T20:15:51+00:00,0.675,clob_prices_history
17269153522875922708691197534079323882577887490263556443563241786372279871546,0x6cb3ec9e0fb1c258898f648f8b33422f59ba3e8a71aee551449d7cb147bb8ead,1775767552,2026-04-09T20:45:52+00:00,0.675,clob_prices_history
17269153522875922708691197534079323882577887490263556443563241786372279871546,0x6cb3ec9e0fb1c258898f648f8b33422f59ba3e8a71aee551449d7cb147bb8ead,1775774759,2026-04-09T22:45:59+00:00,0.68,clob_prices_history
17269153522875922708691197534079323882577887490263556443563241786372279871546,0x6cb3ec9e0fb1c258898f648f8b33422f59ba3e8a71aee551449d7cb147bb8ead,1775778351,2026-04-09T23:45:51+00:00,0.67,clob_prices_history
17269153522875922708691197534079323882577887490263556443563241786372279871546,0x6cb3ec9e0fb1c258898f648f8b33422f59ba3e8a71aee551449d7cb147bb8ead,1775780158,2026-04-10T00:15:58+00:00,0.66,clob_prices_history
17269153522875922708691197534079323882577887490263556443563241786372279871546,0x6cb3ec9e0fb1c258898f648f8b33422f59ba3e8a71aee551449d7cb147bb8ead,1775781954,2026-04-10T00:45:54+00:00,0.66,clob_prices_history
17269153522875922708691197534079323882577887490263556443563241786372279871546,0x6cb3ec9e0fb1c258898f648f8b33422f59ba3e8a71aee551449d7cb147bb8ead,1775783751,2026-04-10T01:15:51+00:00,0.66,clob_prices_history
17269153522875922708691197534079323882577887490263556443563241786372279871546,0x6cb3ec9e0fb1c258898f648f8b33422f59ba3e8a71aee551449d7cb147bb8ead,1775785557,2026-04-10T01:45:57+00:00,0.66,clob_prices_history
17269153522875922708691197534079323882577887490263556443563241786372279871546,0x6cb3ec9e0fb1c258898f648f8b33422f59ba3e8a71aee551449d7cb147bb8ead,1775787351,2026-04-10T02:15:51+00:00,0.66,clob_prices_history
17269153522875922708691197534079323882577887490263556443563241786372279871546,0x6cb3ec9e0fb1c258898f648f8b33422f59ba3e8a71aee551449d7cb147bb8ead,1775788255,2026-04-10T02:30:55+00:00,0.66,clob_prices_history
17269153522875922708691197534079323882577887490263556443563241786372279871546,0x6cb3ec9e0fb1c258898f648f8b33422f59ba3e8a71aee551449d7cb147bb8ead,1775789159,2026-04-10T02:45:59+00:00,0.66,clob_prices_history
17269153522875922708691197534079323882577887490263556443563241786372279871546,0x6cb3ec9e0fb1c258898f648f8b33422f59ba3e8a71aee551449d7cb147bb8ead,1775790953,2026-04-10T03:15:53+00:00,0.66,clob_prices_history
17269153522875922708691197534079323882577887490263556443563241786372279871546,0x6cb3ec9e0fb1c258898f648f8b33422f59ba3e8a71aee551449d7cb147bb8ead,1775796353,2026-04-10T04:45:53+00:00,0.66,clob_prices_history
17269153522875922708691197534079323882577887490263556443563241786372279871546,0x6cb3ec9e0fb1c258898f648f8b33422f59ba3e8a71aee551449d7cb147bb8ead,1775798158,2026-04-10T05:15:58+00:00,0.66,clob_prices_history
17269153522875922708691197534079323882577887490263556443563241786372279871546,0x6cb3ec9e0fb1c258898f648f8b33422f59ba3e8a71aee551449d7cb147bb8ead,1775799950,2026-04-10T05:45:50+00:00,0.66,clob_prices_history
17269153522875922708691197534079323882577887490263556443563241786372279871546,0x6cb3ec9e0fb1c258898f648f8b33422f59ba3e8a71aee551449d7cb147bb8ead,1775800837,2026-04-10T06:00:37+00:00,0.665,clob_prices_history
17269153522875922708691197534079323882577887490263556443563241786372279871546,0x6cb3ec9e0fb1c258898f648f8b33422f59ba3e8a71aee551449d7cb147bb8ead,1775801752,2026-04-10T06:15:52+00:00,0.66,clob_prices_history
17269153522875922708691197534079323882577887490263556443563241786372279871546,0x6cb3ec9e0fb1c258898f648f8b33422f59ba3e8a71aee551449d7cb147bb8ead,1775803550,2026-04-10T06:45:50+00:00,0.66,clob_prices_history
17269153522875922708691197534079323882577887490263556443563241786372279871546,0x6cb3ec9e0fb1c258898f648f8b33422f59ba3e8a71aee551449d7cb147bb8ead,1775804458,2026-04-10T07:00:58+00:00,0.66,clob_prices_history
17269153522875922708691197534079323882577887490263556443563241786372279871546,0x6cb3ec9e0fb1c258898f648f8b33422f59ba3e8a71aee551449d7cb147bb8ead,1775805350,2026-04-10T07:15:50+00:00,0.66,clob_prices_history
17269153522875922708691197534079323882577887490263556443563241786372279871546,0x6cb3ec9e0fb1c258898f648f8b33422f59ba3e8a71aee551449d7cb147bb8ead,1775806255,2026-04-10T07:30:55+00:00,0.66,clob_prices_history
17269153522875922708691197534079323882577887490263556443563241786372279871546,0x6cb3ec9e0fb1c258898f648f8b33422f59ba3e8a71aee551449d7cb147bb8ead,1775808006,2026-04-10T08:00:06+00:00,0.66,clob_prices_history
17269153522875922708691197534079323882577887490263556443563241786372279871546,0x6cb3ec9e0fb1c258898f648f8b33422f59ba3e8a71aee551449d7cb147bb8ead,1775808951,2026-04-10T08:15:51+00:00,0.66,clob_prices_history
17269153522875922708691197534079323882577887490263556443563241786372279871546,0x6cb3ec9e0fb1c258898f648f8b33422f59ba3e8a71aee551449d7cb147bb8ead,1775810751,2026-04-10T08:45:51+00:00,0.66,clob_prices_history
17269153522875922708691197534079323882577887490263556443563241786372279871546,0x6cb3ec9e0fb1c258898f648f8b33422f59ba3e8a71aee551449d7cb147bb8ead,1775811603,2026-04-10T09:00:03+00:00,0.66,clob_prices_history
17269153522875922708691197534079323882577887490263556443563241786372279871546,0x6cb3ec9e0fb1c258898f648f8b33422f59ba3e8a71aee551449d7cb147bb8ead,1775812550,2026-04-10T09:15:50+00:00,0.66,clob_prices_history
17269153522875922708691197534079323882577887490263556443563241786372279871546,0x6cb3ec9e0fb1c258898f648f8b33422f59ba3e8a71aee551449d7cb147bb8ead,1775814354,2026-04-10T09:45:54+00:00,0.66,clob_prices_history
17269153522875922708691197534079323882577887490263556443563241786372279871546,0x6cb3ec9e0fb1c258898f648f8b33422f59ba3e8a71aee551449d7cb147bb8ead,1775816120,2026-04-10T10:15:20+00:00,0.635,clob_prices_history
17269153522875922708691197534079323882577887490263556443563241786372279871546,0x6cb3ec9e0fb1c258898f648f8b33422f59ba3e8a71aee551449d7cb147bb8ead,1775817952,2026-04-10T10:45:52+00:00,0.645,clob_prices_history
17269153522875922708691197534079323882577887490263556443563241786372279871546,0x6cb3ec9e0fb1c258898f648f8b33422f59ba3e8a71aee551449d7cb147bb8ead,1775818857,2026-04-10T11:00:57+00:00,0.64,clob_prices_history
17269153522875922708691197534079323882577887490263556443563241786372279871546,0x6cb3ec9e0fb1c258898f648f8b33422f59ba3e8a71aee551449d7cb147bb8ead,1775819752,2026-04-10T11:15:52+00:00,0.645,clob_prices_history
17269153522875922708691197534079323882577887490263556443563241786372279871546,0x6cb3ec9e0fb1c258898f648f8b33422f59ba3e8a71aee551449d7cb147bb8ead,1775820657,2026-04-10T11:30:57+00:00,0.645,clob_prices_history
17269153522875922708691197534079323882577887490263556443563241786372279871546,0x6cb3ec9e0fb1c258898f648f8b33422f59ba3e8a71aee551449d7cb147bb8ead,1775821501,2026-04-10T11:45:01+00:00,0.64,clob_prices_history
17269153522875922708691197534079323882577887490263556443563241786372279871546,0x6cb3ec9e0fb1c258898f648f8b33422f59ba3e8a71aee551449d7cb147bb8ead,1775825152,2026-04-10T12:45:52+00:00,0.675,clob_prices_history
17269153522875922708691197534079323882577887490263556443563241786372279871546,0x6cb3ec9e0fb1c258898f648f8b33422f59ba3e8a71aee551449d7cb147bb8ead,1775826012,2026-04-10T13:00:12+00:00,0.675,clob_prices_history
17269153522875922708691197534079323882577887490263556443563241786372279871546,0x6cb3ec9e0fb1c258898f648f8b33422f59ba3e8a71aee551449d7cb147bb8ead,1775826950,2026-04-10T13:15:50+00:00,0.675,clob_prices_history
17269153522875922708691197534079323882577887490263556443563241786372279871546,0x6cb3ec9e0fb1c258898f648f8b33422f59ba3e8a71aee551449d7cb147bb8ead,1775830552,2026-04-10T14:15:52+00:00,0.68,clob_prices_history
17269153522875922708691197534079323882577887490263556443563241786372279871546,0x6cb3ec9e0fb1c258898f648f8b33422f59ba3e8a71aee551449d7cb147bb8ead,1775832353,2026-04-10T14:45:53+00:00,0.675,clob_prices_history
17269153522875922708691197534079323882577887490263556443563241786372279871546,0x6cb3ec9e0fb1c258898f648f8b33422f59ba3e8a71aee551449d7cb147bb8ead,1775833232,2026-04-10T15:00:32+00:00,0.67,clob_prices_history
17269153522875922708691197534079323882577887490263556443563241786372279871546,0x6cb3ec9e0fb1c258898f648f8b33422f59ba3e8a71aee551449d7cb147bb8ead,1775834150,2026-04-10T15:15:50+00:00,0.67,clob_prices_history
17269153522875922708691197534079323882577887490263556443563241786372279871546,0x6cb3ec9e0fb1c258898f648f8b33422f59ba3e8a71aee551449d7cb147bb8ead,1775835958,2026-04-10T15:45:58+00:00,0.67,clob_prices_history
17269153522875922708691197534079323882577887490263556443563241786372279871546,0x6cb3ec9e0fb1c258898f648f8b33422f59ba3e8a71aee551449d7cb147bb8ead,1775837750,2026-04-10T16:15:50+00:00,0.665,clob_prices_history
17269153522875922708691197534079323882577887490263556443563241786372279871546,0x6cb3ec9e0fb1c258898f648f8b33422f59ba3e8a71aee551449d7cb147bb8ead,1775839553,2026-04-10T16:45:53+00:00,0.675,clob_prices_history
17269153522875922708691197534079323882577887490263556443563241786372279871546,0x6cb3ec9e0fb1c258898f648f8b33422f59ba3e8a71aee551449d7cb147bb8ead,1775840430,2026-04-10T17:00:30+00:00,0.685,clob_prices_history
17269153522875922708691197534079323882577887490263556443563241786372279871546,0x6cb3ec9e0fb1c258898f648f8b33422f59ba3e8a71aee551449d7cb147bb8ead,1775841352,2026-04-10T17:15:52+00:00,0.675,clob_prices_history
17269153522875922708691197534079323882577887490263556443563241786372279871546,0x6cb3ec9e0fb1c258898f648f8b33422f59ba3e8a71aee551449d7cb147bb8ead,1775843101,2026-04-10T17:45:01+00:00,0.675,clob_prices_history
17269153522875922708691197534079323882577887490263556443563241786372279871546,0x6cb3ec9e0fb1c258898f648f8b33422f59ba3e8a71aee551449d7cb147bb8ead,1775846753,2026-04-10T18:45:53+00:00,0.685,clob_prices_history
17269153522875922708691197534079323882577887490263556443563241786372279871546,0x6cb3ec9e0fb1c258898f648f8b33422f59ba3e8a71aee551449d7cb147bb8ead,1775848552,2026-04-10T19:15:52+00:00,0.685,clob_prices_history
17269153522875922708691197534079323882577887490263556443563241786372279871546,0x6cb3ec9e0fb1c258898f648f8b33422f59ba3e8a71aee551449d7cb147bb8ead,1775850302,2026-04-10T19:45:02+00:00,0.685,clob_prices_history
17269153522875922708691197534079323882577887490263556443563241786372279871546,0x6cb3ec9e0fb1c258898f648f8b33422f59ba3e8a71aee551449d7cb147bb8ead,1775851206,2026-04-10T20:00:06+00:00,0.685,clob_prices_history
17269153522875922708691197534079323882577887490263556443563241786372279871546,0x6cb3ec9e0fb1c258898f648f8b33422f59ba3e8a71aee551449d7cb147bb8ead,1775852156,2026-04-10T20:15:56+00:00,0.685,clob_prices_history
17269153522875922708691197534079323882577887490263556443563241786372279871546,0x6cb3ec9e0fb1c258898f648f8b33422f59ba3e8a71aee551449d7cb147bb8ead,1775853912,2026-04-10T20:45:12+00:00,0.675,clob_prices_history
17269153522875922708691197534079323882577887490263556443563241786372279871546,0x6cb3ec9e0fb1c258898f648f8b33422f59ba3e8a71aee551449d7cb147bb8ead,1775855725,2026-04-10T21:15:25+00:00,0.685,clob_prices_history
17269153522875922708691197534079323882577887490263556443563241786372279871546,0x6cb3ec9e0fb1c258898f648f8b33422f59ba3e8a71aee551449d7cb147bb8ead,1775856611,2026-04-10T21:30:11+00:00,0.675,clob_prices_history
17269153522875922708691197534079323882577887490263556443563241786372279871546,0x6cb3ec9e0fb1c258898f648f8b33422f59ba3e8a71aee551449d7cb147bb8ead,1775857527,2026-04-10T21:45:27+00:00,0.675,clob_prices_history
17269153522875922708691197534079323882577887490263556443563241786372279871546,0x6cb3ec9e0fb1c258898f648f8b33422f59ba3e8a71aee551449d7cb147bb8ead,1775859356,2026-04-10T22:15:56+00:00,0.675,clob_prices_history
17269153522875922708691197534079323882577887490263556443563241786372279871546,0x6cb3ec9e0fb1c258898f648f8b33422f59ba3e8a71aee551449d7cb147bb8ead,1775860242,2026-04-10T22:30:42+00:00,0.675,clob_prices_history
17269153522875922708691197534079323882577887490263556443563241786372279871546,0x6cb3ec9e0fb1c258898f648f8b33422f59ba3e8a71aee551449d7cb147bb8ead,1775861154,2026-04-10T22:45:54+00:00,0.675,clob_prices_history
17269153522875922708691197534079323882577887490263556443563241786372279871546,0x6cb3ec9e0fb1c258898f648f8b33422f59ba3e8a71aee551449d7cb147bb8ead,1775862014,2026-04-10T23:00:14+00:00,0.685,clob_prices_history
17269153522875922708691197534079323882577887490263556443563241786372279871546,0x6cb3ec9e0fb1c258898f648f8b33422f59ba3e8a71aee551449d7cb147bb8ead,1775862954,2026-04-10T23:15:54+00:00,0.675,clob_prices_history
17269153522875922708691197534079323882577887490263556443563241786372279871546,0x6cb3ec9e0fb1c258898f648f8b33422f59ba3e8a71aee551449d7cb147bb8ead,1775863820,2026-04-10T23:30:20+00:00,0.675,clob_prices_history
17269153522875922708691197534079323882577887490263556443563241786372279871546,0x6cb3ec9e0fb1c258898f648f8b33422f59ba3e8a71aee551449d7cb147bb8ead,1775864710,2026-04-10T23:45:10+00:00,0.675,clob_prices_history
17269153522875922708691197534079323882577887490263556443563241786372279871546,0x6cb3ec9e0fb1c258898f648f8b33422f59ba3e8a71aee551449d7cb147bb8ead,1775866552,2026-04-11T00:15:52+00:00,0.675,clob_prices_history
17269153522875922708691197534079323882577887490263556443563241786372279871546,0x6cb3ec9e0fb1c258898f648f8b33422f59ba3e8a71aee551449d7cb147bb8ead,1775868353,2026-04-11T00:45:53+00:00,0.675,clob_prices_history
17269153522875922708691197534079323882577887490263556443563241786372279871546,0x6cb3ec9e0fb1c258898f648f8b33422f59ba3e8a71aee551449d7cb147bb8ead,1775870153,2026-04-11T01:15:53+00:00,0.71,clob_prices_history
17269153522875922708691197534079323882577887490263556443563241786372279871546,0x6cb3ec9e0fb1c258898f648f8b33422f59ba3e8a71aee551449d7cb147bb8ead,1775871954,2026-04-11T01:45:54+00:00,0.71,clob_prices_history
17269153522875922708691197534079323882577887490263556443563241786372279871546,0x6cb3ec9e0fb1c258898f648f8b33422f59ba3e8a71aee551449d7cb147bb8ead,1775873759,2026-04-11T02:15:59+00:00,0.71,clob_prices_history
17269153522875922708691197534079323882577887490263556443563241786372279871546,0x6cb3ec9e0fb1c258898f648f8b33422f59ba3e8a71aee551449d7cb147bb8ead,1775875552,2026-04-11T02:45:52+00:00,0.715,clob_prices_history
17269153522875922708691197534079323882577887490263556443563241786372279871546,0x6cb3ec9e0fb1c258898f648f8b33422f59ba3e8a71aee551449d7cb147bb8ead,1775877350,2026-04-11T03:15:50+00:00,0.715,clob_prices_history
17269153522875922708691197534079323882577887490263556443563241786372279871546,0x6cb3ec9e0fb1c258898f648f8b33422f59ba3e8a71aee551449d7cb147bb8ead,1775879151,2026-04-11T03:45:51+00:00,0.715,clob_prices_history
17269153522875922708691197534079323882577887490263556443563241786372279871546,0x6cb3ec9e0fb1c258898f648f8b33422f59ba3e8a71aee551449d7cb147bb8ead,1775880952,2026-04-11T04:15:52+00:00,0.715,clob_prices_history
17269153522875922708691197534079323882577887490263556443563241786372279871546,0x6cb3ec9e0fb1c258898f648f8b33422f59ba3e8a71aee551449d7cb147bb8ead,1775882750,2026-04-11T04:45:50+00:00,0.715,clob_prices_history
17269153522875922708691197534079323882577887490263556443563241786372279871546,0x6cb3ec9e0fb1c258898f648f8b33422f59ba3e8a71aee551449d7cb147bb8ead,1775884553,2026-04-11T05:15:53+00:00,0.715,clob_prices_history
17269153522875922708691197534079323882577887490263556443563241786372279871546,0x6cb3ec9e0fb1c258898f648f8b33422f59ba3e8a71aee551449d7cb147bb8ead,1775885400,2026-04-11T05:30:00+00:00,0.715,clob_prices_history
17269153522875922708691197534079323882577887490263556443563241786372279871546,0x6cb3ec9e0fb1c258898f648f8b33422f59ba3e8a71aee551449d7cb147bb8ead,1775886349,2026-04-11T05:45:49+00:00,0.715,clob_prices_history
17269153522875922708691197534079323882577887490263556443563241786372279871546,0x6cb3ec9e0fb1c258898f648f8b33422f59ba3e8a71aee551449d7cb147bb8ead,1775888150,2026-04-11T06:15:50+00:00,0.7,clob_prices_history
17269153522875922708691197534079323882577887490263556443563241786372279871546,0x6cb3ec9e0fb1c258898f648f8b33422f59ba3e8a71aee551449d7cb147bb8ead,1775889948,2026-04-11T06:45:48+00:00,0.7,clob_prices_history
17269153522875922708691197534079323882577887490263556443563241786372279871546,0x6cb3ec9e0fb1c258898f648f8b33422f59ba3e8a71aee551449d7cb147bb8ead,1775890858,2026-04-11T07:00:58+00:00,0.7,clob_prices_history
17269153522875922708691197534079323882577887490263556443563241786372279871546,0x6cb3ec9e0fb1c258898f648f8b33422f59ba3e8a71aee551449d7cb147bb8ead,1775891750,2026-04-11T07:15:50+00:00,0.7,clob_prices_history
17269153522875922708691197534079323882577887490263556443563241786372279871546,0x6cb3ec9e0fb1c258898f648f8b33422f59ba3e8a71aee551449d7cb147bb8ead,1775892658,2026-04-11T07:30:58+00:00,0.7,clob_prices_history
17269153522875922708691197534079323882577887490263556443563241786372279871546,0x6cb3ec9e0fb1c258898f648f8b33422f59ba3e8a71aee551449d7cb147bb8ead,1775893551,2026-04-11T07:45:51+00:00,0.7,clob_prices_history
17269153522875922708691197534079323882577887490263556443563241786372279871546,0x6cb3ec9e0fb1c258898f648f8b33422f59ba3e8a71aee551449d7cb147bb8ead,1775894456,2026-04-11T08:00:56+00:00,0.69,clob_prices_history
17269153522875922708691197534079323882577887490263556443563241786372279871546,0x6cb3ec9e0fb1c258898f648f8b33422f59ba3e8a71aee551449d7cb147bb8ead,1775896258,2026-04-11T08:30:58+00:00,0.685,clob_prices_history
17269153522875922708691197534079323882577887490263556443563241786372279871546,0x6cb3ec9e0fb1c258898f648f8b33422f59ba3e8a71aee551449d7cb147bb8ead,1775897152,2026-04-11T08:45:52+00:00,0.67,clob_prices_history
17269153522875922708691197534079323882577887490263556443563241786372279871546,0x6cb3ec9e0fb1c258898f648f8b33422f59ba3e8a71aee551449d7cb147bb8ead,1775898950,2026-04-11T09:15:50+00:00,0.65,clob_prices_history
17269153522875922708691197534079323882577887490263556443563241786372279871546,0x6cb3ec9e0fb1c258898f648f8b33422f59ba3e8a71aee551449d7cb147bb8ead,1775900750,2026-04-11T09:45:50+00:00,0.65,clob_prices_history
17269153522875922708691197534079323882577887490263556443563241786372279871546,0x6cb3ec9e0fb1c258898f648f8b33422f59ba3e8a71aee551449d7cb147bb8ead,1775901625,2026-04-11T10:00:25+00:00,0.65,clob_prices_history
17269153522875922708691197534079323882577887490263556443563241786372279871546,0x6cb3ec9e0fb1c258898f648f8b33422f59ba3e8a71aee551449d7cb147bb8ead,1775902550,2026-04-11T10:15:50+00:00,0.655,clob_prices_history
17269153522875922708691197534079323882577887490263556443563241786372279871546,0x6cb3ec9e0fb1c258898f648f8b33422f59ba3e8a71aee551449d7cb147bb8ead,1775903459,2026-04-11T10:30:59+00:00,0.655,clob_prices_history
17269153522875922708691197534079323882577887490263556443563241786372279871546,0x6cb3ec9e0fb1c258898f648f8b33422f59ba3e8a71aee551449d7cb147bb8ead,1775904353,2026-04-11T10:45:53+00:00,0.655,clob_prices_history
17269153522875922708691197534079323882577887490263556443563241786372279871546,0x6cb3ec9e0fb1c258898f648f8b33422f59ba3e8a71aee551449d7cb147bb8ead,1775905259,2026-04-11T11:00:59+00:00,0.655,clob_prices_history
17269153522875922708691197534079323882577887490263556443563241786372279871546,0x6cb3ec9e0fb1c258898f648f8b33422f59ba3e8a71aee551449d7cb147bb8ead,1775906152,2026-04-11T11:15:52+00:00,0.655,clob_prices_history
17269153522875922708691197534079323882577887490263556443563241786372279871546,0x6cb3ec9e0fb1c258898f648f8b33422f59ba3e8a71aee551449d7cb147bb8ead,1775907955,2026-04-11T11:45:55+00:00,0.655,clob_prices_history
17269153522875922708691197534079323882577887490263556443563241786372279871546,0x6cb3ec9e0fb1c258898f648f8b33422f59ba3e8a71aee551449d7cb147bb8ead,1775909752,2026-04-11T12:15:52+00:00,0.655,clob_prices_history
17269153522875922708691197534079323882577887490263556443563241786372279871546,0x6cb3ec9e0fb1c258898f648f8b33422f59ba3e8a71aee551449d7cb147bb8ead,1775911551,2026-04-11T12:45:51+00:00,0.655,clob_prices_history
17269153522875922708691197534079323882577887490263556443563241786372279871546,0x6cb3ec9e0fb1c258898f648f8b33422f59ba3e8a71aee551449d7cb147bb8ead,1775913350,2026-04-11T13:15:50+00:00,0.655,clob_prices_history
17269153522875922708691197534079323882577887490263556443563241786372279871546,0x6cb3ec9e0fb1c258898f648f8b33422f59ba3e8a71aee551449d7cb147bb8ead,1775915156,2026-04-11T13:45:56+00:00,0.655,clob_prices_history
17269153522875922708691197534079323882577887490263556443563241786372279871546,0x6cb3ec9e0fb1c258898f648f8b33422f59ba3e8a71aee551449d7cb147bb8ead,1775916904,2026-04-11T14:15:04+00:00,0.645,clob_prices_history
17269153522875922708691197534079323882577887490263556443563241786372279871546,0x6cb3ec9e0fb1c258898f648f8b33422f59ba3e8a71aee551449d7cb147bb8ead,1775918750,2026-04-11T14:45:50+00:00,0.555,clob_prices_history
17269153522875922708691197534079323882577887490263556443563241786372279871546,0x6cb3ec9e0fb1c258898f648f8b33422f59ba3e8a71aee551449d7cb147bb8ead,1775920520,2026-04-11T15:15:20+00:00,0.55,clob_prices_history
17269153522875922708691197534079323882577887490263556443563241786372279871546,0x6cb3ec9e0fb1c258898f648f8b33422f59ba3e8a71aee551449d7cb147bb8ead,1775922359,2026-04-11T15:45:59+00:00,0.55,clob_prices_history
17269153522875922708691197534079323882577887490263556443563241786372279871546,0x6cb3ec9e0fb1c258898f648f8b33422f59ba3e8a71aee551449d7cb147bb8ead,1775924150,2026-04-11T16:15:50+00:00,0.59,clob_prices_history
17269153522875922708691197534079323882577887490263556443563241786372279871546,0x6cb3ec9e0fb1c258898f648f8b33422f59ba3e8a71aee551449d7cb147bb8ead,1775925956,2026-04-11T16:45:56+00:00,0.565,clob_prices_history
17269153522875922708691197534079323882577887490263556443563241786372279871546,0x6cb3ec9e0fb1c258898f648f8b33422f59ba3e8a71aee551449d7cb147bb8ead,1775927749,2026-04-11T17:15:49+00:00,0.565,clob_prices_history
17269153522875922708691197534079323882577887490263556443563241786372279871546,0x6cb3ec9e0fb1c258898f648f8b33422f59ba3e8a71aee551449d7cb147bb8ead,1775929556,2026-04-11T17:45:56+00:00,0.55,clob_prices_history
17269153522875922708691197534079323882577887490263556443563241786372279871546,0x6cb3ec9e0fb1c258898f648f8b33422f59ba3e8a71aee551449d7cb147bb8ead,1775931353,2026-04-11T18:15:53+00:00,0.58,clob_prices_history
17269153522875922708691197534079323882577887490263556443563241786372279871546,0x6cb3ec9e0fb1c258898f648f8b33422f59ba3e8a71aee551449d7cb147bb8ead,1775933149,2026-04-11T18:45:49+00:00,0.575,clob_prices_history
17269153522875922708691197534079323882577887490263556443563241786372279871546,0x6cb3ec9e0fb1c258898f648f8b33422f59ba3e8a71aee551449d7cb147bb8ead,1775934950,2026-04-11T19:15:50+00:00,0.575,clob_prices_history
17269153522875922708691197534079323882577887490263556443563241786372279871546,0x6cb3ec9e0fb1c258898f648f8b33422f59ba3e8a71aee551449d7cb147bb8ead,1775936747,2026-04-11T19:45:47+00:00,0.59,clob_prices_history
17269153522875922708691197534079323882577887490263556443563241786372279871546,0x6cb3ec9e0fb1c258898f648f8b33422f59ba3e8a71aee551449d7cb147bb8ead,1775940357,2026-04-11T20:45:57+00:00,0.595,clob_prices_history
17269153522875922708691197534079323882577887490263556443563241786372279871546,0x6cb3ec9e0fb1c258898f648f8b33422f59ba3e8a71aee551449d7cb147bb8ead,1775942149,2026-04-11T21:15:49+00:00,0.59,clob_prices_history
17269153522875922708691197534079323882577887490263556443563241786372279871546,0x6cb3ec9e0fb1c258898f648f8b33422f59ba3e8a71aee551449d7cb147bb8ead,1775943948,2026-04-11T21:45:48+00:00,0.545,clob_prices_history
17269153522875922708691197534079323882577887490263556443563241786372279871546,0x6cb3ec9e0fb1c258898f648f8b33422f59ba3e8a71aee551449d7cb147bb8ead,1775944802,2026-04-11T22:00:02+00:00,0.625,clob_prices_history
17269153522875922708691197534079323882577887490263556443563241786372279871546,0x6cb3ec9e0fb1c258898f648f8b33422f59ba3e8a71aee551449d7cb147bb8ead,1775945747,2026-04-11T22:15:47+00:00,0.625,clob_prices_history
17269153522875922708691197534079323882577887490263556443563241786372279871546,0x6cb3ec9e0fb1c258898f648f8b33422f59ba3e8a71aee551449d7cb147bb8ead,1775947548,2026-04-11T22:45:48+00:00,0.625,clob_prices_history
17269153522875922708691197534079323882577887490263556443563241786372279871546,0x6cb3ec9e0fb1c258898f648f8b33422f59ba3e8a71aee551449d7cb147bb8ead,1775949348,2026-04-11T23:15:48+00:00,0.625,clob_prices_history
17269153522875922708691197534079323882577887490263556443563241786372279871546,0x6cb3ec9e0fb1c258898f648f8b33422f59ba3e8a71aee551449d7cb147bb8ead,1775950217,2026-04-11T23:30:17+00:00,0.635,clob_prices_history
17269153522875922708691197534079323882577887490263556443563241786372279871546,0x6cb3ec9e0fb1c258898f648f8b33422f59ba3e8a71aee551449d7cb147bb8ead,1775951147,2026-04-11T23:45:47+00:00,0.63,clob_prices_history
17269153522875922708691197534079323882577887490263556443563241786372279871546,0x6cb3ec9e0fb1c258898f648f8b33422f59ba3e8a71aee551449d7cb147bb8ead,1775952006,2026-04-12T00:00:06+00:00,0.625,clob_prices_history
17269153522875922708691197534079323882577887490263556443563241786372279871546,0x6cb3ec9e0fb1c258898f648f8b33422f59ba3e8a71aee551449d7cb147bb8ead,1775952949,2026-04-12T00:15:49+00:00,0.625,clob_prices_history
17269153522875922708691197534079323882577887490263556443563241786372279871546,0x6cb3ec9e0fb1c258898f648f8b33422f59ba3e8a71aee551449d7cb147bb8ead,1775954746,2026-04-12T00:45:46+00:00,0.615,clob_prices_history
17269153522875922708691197534079323882577887490263556443563241786372279871546,0x6cb3ec9e0fb1c258898f648f8b33422f59ba3e8a71aee551449d7cb147bb8ead,1775955659,2026-04-12T01:00:59+00:00,0.615,clob_prices_history
17269153522875922708691197534079323882577887490263556443563241786372279871546,0x6cb3ec9e0fb1c258898f648f8b33422f59ba3e8a71aee551449d7cb147bb8ead,1775958352,2026-04-12T01:45:52+00:00,0.62,clob_prices_history
17269153522875922708691197534079323882577887490263556443563241786372279871546,0x6cb3ec9e0fb1c258898f648f8b33422f59ba3e8a71aee551449d7cb147bb8ead,1775960146,2026-04-12T02:15:46+00:00,0.745,clob_prices_history
17269153522875922708691197534079323882577887490263556443563241786372279871546,0x6cb3ec9e0fb1c258898f648f8b33422f59ba3e8a71aee551449d7cb147bb8ead,1775961002,2026-04-12T02:30:02+00:00,0.745,clob_prices_history
17269153522875922708691197534079323882577887490263556443563241786372279871546,0x6cb3ec9e0fb1c258898f648f8b33422f59ba3e8a71aee551449d7cb147bb8ead,1775961946,2026-04-12T02:45:46+00:00,0.75,clob_prices_history
17269153522875922708691197534079323882577887490263556443563241786372279871546,0x6cb3ec9e0fb1c258898f648f8b33422f59ba3e8a71aee551449d7cb147bb8ead,1775963756,2026-04-12T03:15:56+00:00,0.79,clob_prices_history
17269153522875922708691197534079323882577887490263556443563241786372279871546,0x6cb3ec9e0fb1c258898f648f8b33422f59ba3e8a71aee551449d7cb147bb8ead,1775965546,2026-04-12T03:45:46+00:00,0.795,clob_prices_history
17269153522875922708691197534079323882577887490263556443563241786372279871546,0x6cb3ec9e0fb1c258898f648f8b33422f59ba3e8a71aee551449d7cb147bb8ead,1775967347,2026-04-12T04:15:47+00:00,0.775,clob_prices_history
17269153522875922708691197534079323882577887490263556443563241786372279871546,0x6cb3ec9e0fb1c258898f648f8b33422f59ba3e8a71aee551449d7cb147bb8ead,1775969147,2026-04-12T04:45:47+00:00,0.775,clob_prices_history
17269153522875922708691197534079323882577887490263556443563241786372279871546,0x6cb3ec9e0fb1c258898f648f8b33422f59ba3e8a71aee551449d7cb147bb8ead,1775970949,2026-04-12T05:15:49+00:00,0.775,clob_prices_history
17269153522875922708691197534079323882577887490263556443563241786372279871546,0x6cb3ec9e0fb1c258898f648f8b33422f59ba3e8a71aee551449d7cb147bb8ead,1775971809,2026-04-12T05:30:09+00:00,0.775,clob_prices_history
17269153522875922708691197534079323882577887490263556443563241786372279871546,0x6cb3ec9e0fb1c258898f648f8b33422f59ba3e8a71aee551449d7cb147bb8ead,1775972747,2026-04-12T05:45:47+00:00,0.775,clob_prices_history
17269153522875922708691197534079323882577887490263556443563241786372279871546,0x6cb3ec9e0fb1c258898f648f8b33422f59ba3e8a71aee551449d7cb147bb8ead,1775974547,2026-04-12T06:15:47+00:00,0.755,clob_prices_history
17269153522875922708691197534079323882577887490263556443563241786372279871546,0x6cb3ec9e0fb1c258898f648f8b33422f59ba3e8a71aee551449d7cb147bb8ead,1775976347,2026-04-12T06:45:47+00:00,0.755,clob_prices_history
17269153522875922708691197534079323882577887490263556443563241786372279871546,0x6cb3ec9e0fb1c258898f648f8b33422f59ba3e8a71aee551449d7cb147bb8ead,1775977258,2026-04-12T07:00:58+00:00,0.74,clob_prices_history
17269153522875922708691197534079323882577887490263556443563241786372279871546,0x6cb3ec9e0fb1c258898f648f8b33422f59ba3e8a71aee551449d7cb147bb8ead,1775978157,2026-04-12T07:15:57+00:00,0.74,clob_prices_history
17269153522875922708691197534079323882577887490263556443563241786372279871546,0x6cb3ec9e0fb1c258898f648f8b33422f59ba3e8a71aee551449d7cb147bb8ead,1775979949,2026-04-12T07:45:49+00:00,0.69,clob_prices_history
17269153522875922708691197534079323882577887490263556443563241786372279871546,0x6cb3ec9e0fb1c258898f648f8b33422f59ba3e8a71aee551449d7cb147bb8ead,1775981748,2026-04-12T08:15:48+00:00,0.7,clob_prices_history
17269153522875922708691197534079323882577887490263556443563241786372279871546,0x6cb3ec9e0fb1c258898f648f8b33422f59ba3e8a71aee551449d7cb147bb8ead,1775983548,2026-04-12T08:45:48+00:00,0.7,clob_prices_history
17269153522875922708691197534079323882577887490263556443563241786372279871546,0x6cb3ec9e0fb1c258898f648f8b33422f59ba3e8a71aee551449d7cb147bb8ead,1775985348,2026-04-12T09:15:48+00:00,0.69,clob_prices_history
17269153522875922708691197534079323882577887490263556443563241786372279871546,0x6cb3ec9e0fb1c258898f648f8b33422f59ba3e8a71aee551449d7cb147bb8ead,1775987100,2026-04-12T09:45:00+00:00,0.695,clob_prices_history
17269153522875922708691197534079323882577887490263556443563241786372279871546,0x6cb3ec9e0fb1c258898f648f8b33422f59ba3e8a71aee551449d7cb147bb8ead,1775987159,2026-04-12T09:45:59+00:00,0.695,clob_prices_history
17269153522875922708691197534079323882577887490263556443563241786372279871546,0x6cb3ec9e0fb1c258898f648f8b33422f59ba3e8a71aee551449d7cb147bb8ead,1775988949,2026-04-12T10:15:49+00:00,0.72,clob_prices_history
17269153522875922708691197534079323882577887490263556443563241786372279871546,0x6cb3ec9e0fb1c258898f648f8b33422f59ba3e8a71aee551449d7cb147bb8ead,1775990751,2026-04-12T10:45:51+00:00,0.73,clob_prices_history
17269153522875922708691197534079323882577887490263556443563241786372279871546,0x6cb3ec9e0fb1c258898f648f8b33422f59ba3e8a71aee551449d7cb147bb8ead,1775994350,2026-04-12T11:45:50+00:00,0.73,clob_prices_history
17269153522875922708691197534079323882577887490263556443563241786372279871546,0x6cb3ec9e0fb1c258898f648f8b33422f59ba3e8a71aee551449d7cb147bb8ead,1775996153,2026-04-12T12:15:53+00:00,0.755,clob_prices_history
17269153522875922708691197534079323882577887490263556443563241786372279871546,0x6cb3ec9e0fb1c258898f648f8b33422f59ba3e8a71aee551449d7cb147bb8ead,1775997950,2026-04-12T12:45:50+00:00,0.745,clob_prices_history
17269153522875922708691197534079323882577887490263556443563241786372279871546,0x6cb3ec9e0fb1c258898f648f8b33422f59ba3e8a71aee551449d7cb147bb8ead,1775999700,2026-04-12T13:15:00+00:00,0.765,clob_prices_history
17269153522875922708691197534079323882577887490263556443563241786372279871546,0x6cb3ec9e0fb1c258898f648f8b33422f59ba3e8a71aee551449d7cb147bb8ead,1776003350,2026-04-12T14:15:50+00:00,0.765,clob_prices_history
17269153522875922708691197534079323882577887490263556443563241786372279871546,0x6cb3ec9e0fb1c258898f648f8b33422f59ba3e8a71aee551449d7cb147bb8ead,1776005148,2026-04-12T14:45:48+00:00,0.73,clob_prices_history
17269153522875922708691197534079323882577887490263556443563241786372279871546,0x6cb3ec9e0fb1c258898f648f8b33422f59ba3e8a71aee551449d7cb147bb8ead,1776006950,2026-04-12T15:15:50+00:00,0.725,clob_prices_history
17269153522875922708691197534079323882577887490263556443563241786372279871546,0x6cb3ec9e0fb1c258898f648f8b33422f59ba3e8a71aee551449d7cb147bb8ead,1776008749,2026-04-12T15:45:49+00:00,0.73,clob_prices_history
17269153522875922708691197534079323882577887490263556443563241786372279871546,0x6cb3ec9e0fb1c258898f648f8b33422f59ba3e8a71aee551449d7cb147bb8ead,1776009605,2026-04-12T16:00:05+00:00,0.73,clob_prices_history
17269153522875922708691197534079323882577887490263556443563241786372279871546,0x6cb3ec9e0fb1c258898f648f8b33422f59ba3e8a71aee551449d7cb147bb8ead,1776010557,2026-04-12T16:15:57+00:00,0.735,clob_prices_history
17269153522875922708691197534079323882577887490263556443563241786372279871546,0x6cb3ec9e0fb1c258898f648f8b33422f59ba3e8a71aee551449d7cb147bb8ead,1776012349,2026-04-12T16:45:49+00:00,0.76,clob_prices_history
17269153522875922708691197534079323882577887490263556443563241786372279871546,0x6cb3ec9e0fb1c258898f648f8b33422f59ba3e8a71aee551449d7cb147bb8ead,1776014154,2026-04-12T17:15:54+00:00,0.76,clob_prices_history
17269153522875922708691197534079323882577887490263556443563241786372279871546,0x6cb3ec9e0fb1c258898f648f8b33422f59ba3e8a71aee551449d7cb147bb8ead,1776015955,2026-04-12T17:45:55+00:00,0.76,clob_prices_history
17269153522875922708691197534079323882577887490263556443563241786372279871546,0x6cb3ec9e0fb1c258898f648f8b33422f59ba3e8a71aee551449d7cb147bb8ead,1776017751,2026-04-12T18:15:51+00:00,0.765,clob_prices_history
17269153522875922708691197534079323882577887490263556443563241786372279871546,0x6cb3ec9e0fb1c258898f648f8b33422f59ba3e8a71aee551449d7cb147bb8ead,1776019549,2026-04-12T18:45:49+00:00,0.765,clob_prices_history
17269153522875922708691197534079323882577887490263556443563241786372279871546,0x6cb3ec9e0fb1c258898f648f8b33422f59ba3e8a71aee551449d7cb147bb8ead,1776021350,2026-04-12T19:15:50+00:00,0.765,clob_prices_history
17269153522875922708691197534079323882577887490263556443563241786372279871546,0x6cb3ec9e0fb1c258898f648f8b33422f59ba3e8a71aee551449d7cb147bb8ead,1776023150,2026-04-12T19:45:50+00:00,0.76,clob_prices_history
17269153522875922708691197534079323882577887490263556443563241786372279871546,0x6cb3ec9e0fb1c258898f648f8b33422f59ba3e8a71aee551449d7cb147bb8ead,1776024947,2026-04-12T20:15:47+00:00,0.76,clob_prices_history
17269153522875922708691197534079323882577887490263556443563241786372279871546,0x6cb3ec9e0fb1c258898f648f8b33422f59ba3e8a71aee551449d7cb147bb8ead,1776028549,2026-04-12T21:15:49+00:00,0.755,clob_prices_history
17269153522875922708691197534079323882577887490263556443563241786372279871546,0x6cb3ec9e0fb1c258898f648f8b33422f59ba3e8a71aee551449d7cb147bb8ead,1776030348,2026-04-12T21:45:48+00:00,0.755,clob_prices_history
17269153522875922708691197534079323882577887490263556443563241786372279871546,0x6cb3ec9e0fb1c258898f648f8b33422f59ba3e8a71aee551449d7cb147bb8ead,1776032147,2026-04-12T22:15:47+00:00,0.765,clob_prices_history
17269153522875922708691197534079323882577887490263556443563241786372279871546,0x6cb3ec9e0fb1c258898f648f8b33422f59ba3e8a71aee551449d7cb147bb8ead,1776035759,2026-04-12T23:15:59+00:00,0.765,clob_prices_history
17269153522875922708691197534079323882577887490263556443563241786372279871546,0x6cb3ec9e0fb1c258898f648f8b33422f59ba3e8a71aee551449d7cb147bb8ead,1776037501,2026-04-12T23:45:01+00:00,0.765,clob_prices_history
17269153522875922708691197534079323882577887490263556443563241786372279871546,0x6cb3ec9e0fb1c258898f648f8b33422f59ba3e8a71aee551449d7cb147bb8ead,1776037554,2026-04-12T23:45:54+00:00,0.765,clob_prices_history
17269153522875922708691197534079323882577887490263556443563241786372279871546,0x6cb3ec9e0fb1c258898f648f8b33422f59ba3e8a71aee551449d7cb147bb8ead,1776041147,2026-04-13T00:45:47+00:00,0.765,clob_prices_history
17269153522875922708691197534079323882577887490263556443563241786372279871546,0x6cb3ec9e0fb1c258898f648f8b33422f59ba3e8a71aee551449d7cb147bb8ead,1776042945,2026-04-13T01:15:45+00:00,0.765,clob_prices_history
17269153522875922708691197534079323882577887490263556443563241786372279871546,0x6cb3ec9e0fb1c258898f648f8b33422f59ba3e8a71aee551449d7cb147bb8ead,1776044754,2026-04-13T01:45:54+00:00,0.765,clob_prices_history
17269153522875922708691197534079323882577887490263556443563241786372279871546,0x6cb3ec9e0fb1c258898f648f8b33422f59ba3e8a71aee551449d7cb147bb8ead,1776046557,2026-04-13T02:15:57+00:00,0.765,clob_prices_history
17269153522875922708691197534079323882577887490263556443563241786372279871546,0x6cb3ec9e0fb1c258898f648f8b33422f59ba3e8a71aee551449d7cb147bb8ead,1776048344,2026-04-13T02:45:44+00:00,0.765,clob_prices_history
17269153522875922708691197534079323882577887490263556443563241786372279871546,0x6cb3ec9e0fb1c258898f648f8b33422f59ba3e8a71aee551449d7cb147bb8ead,1776050147,2026-04-13T03:15:47+00:00,0.765,clob_prices_history
17269153522875922708691197534079323882577887490263556443563241786372279871546,0x6cb3ec9e0fb1c258898f648f8b33422f59ba3e8a71aee551449d7cb147bb8ead,1776051944,2026-04-13T03:45:44+00:00,0.765,clob_prices_history
17269153522875922708691197534079323882577887490263556443563241786372279871546,0x6cb3ec9e0fb1c258898f648f8b33422f59ba3e8a71aee551449d7cb147bb8ead,1776052852,2026-04-13T04:00:52+00:00,0.765,clob_prices_history
17269153522875922708691197534079323882577887490263556443563241786372279871546,0x6cb3ec9e0fb1c258898f648f8b33422f59ba3e8a71aee551449d7cb147bb8ead,1776054659,2026-04-13T04:30:59+00:00,0.765,clob_prices_history
17269153522875922708691197534079323882577887490263556443563241786372279871546,0x6cb3ec9e0fb1c258898f648f8b33422f59ba3e8a71aee551449d7cb147bb8ead,1776055547,2026-04-13T04:45:47+00:00,0.765,clob_prices_history
17269153522875922708691197534079323882577887490263556443563241786372279871546,0x6cb3ec9e0fb1c258898f648f8b33422f59ba3e8a71aee551449d7cb147bb8ead,1776057348,2026-04-13T05:15:48+00:00,0.765,clob_prices_history
17269153522875922708691197534079323882577887490263556443563241786372279871546,0x6cb3ec9e0fb1c258898f648f8b33422f59ba3e8a71aee551449d7cb147bb8ead,1776059148,2026-04-13T05:45:48+00:00,0.765,clob_prices_history
17269153522875922708691197534079323882577887490263556443563241786372279871546,0x6cb3ec9e0fb1c258898f648f8b33422f59ba3e8a71aee551449d7cb147bb8ead,1776060945,2026-04-13T06:15:45+00:00,0.765,clob_prices_history
17269153522875922708691197534079323882577887490263556443563241786372279871546,0x6cb3ec9e0fb1c258898f648f8b33422f59ba3e8a71aee551449d7cb147bb8ead,1776064546,2026-04-13T07:15:46+00:00,0.765,clob_prices_history
17269153522875922708691197534079323882577887490263556443563241786372279871546,0x6cb3ec9e0fb1c258898f648f8b33422f59ba3e8a71aee551449d7cb147bb8ead,1776066346,2026-04-13T07:45:46+00:00,0.765,clob_prices_history
17269153522875922708691197534079323882577887490263556443563241786372279871546,0x6cb3ec9e0fb1c258898f648f8b33422f59ba3e8a71aee551449d7cb147bb8ead,1776067259,2026-04-13T08:00:59+00:00,0.765,clob_prices_history
17269153522875922708691197534079323882577887490263556443563241786372279871546,0x6cb3ec9e0fb1c258898f648f8b33422f59ba3e8a71aee551449d7cb147bb8ead,1776068146,2026-04-13T08:15:46+00:00,0.765,clob_prices_history
17269153522875922708691197534079323882577887490263556443563241786372279871546,0x6cb3ec9e0fb1c258898f648f8b33422f59ba3e8a71aee551449d7cb147bb8ead,1776069004,2026-04-13T08:30:04+00:00,0.77,clob_prices_history
17269153522875922708691197534079323882577887490263556443563241786372279871546,0x6cb3ec9e0fb1c258898f648f8b33422f59ba3e8a71aee551449d7cb147bb8ead,1776071750,2026-04-13T09:15:50+00:00,0.77,clob_prices_history
17269153522875922708691197534079323882577887490263556443563241786372279871546,0x6cb3ec9e0fb1c258898f648f8b33422f59ba3e8a71aee551449d7cb147bb8ead,1776075346,2026-04-13T10:15:46+00:00,0.755,clob_prices_history
17269153522875922708691197534079323882577887490263556443563241786372279871546,0x6cb3ec9e0fb1c258898f648f8b33422f59ba3e8a71aee551449d7cb147bb8ead,1776077148,2026-04-13T10:45:48+00:00,0.76,clob_prices_history
17269153522875922708691197534079323882577887490263556443563241786372279871546,0x6cb3ec9e0fb1c258898f648f8b33422f59ba3e8a71aee551449d7cb147bb8ead,1776078947,2026-04-13T11:15:47+00:00,0.755,clob_prices_history
17269153522875922708691197534079323882577887490263556443563241786372279871546,0x6cb3ec9e0fb1c258898f648f8b33422f59ba3e8a71aee551449d7cb147bb8ead,1776080748,2026-04-13T11:45:48+00:00,0.77,clob_prices_history
17269153522875922708691197534079323882577887490263556443563241786372279871546,0x6cb3ec9e0fb1c258898f648f8b33422f59ba3e8a71aee551449d7cb147bb8ead,1776082546,2026-04-13T12:15:46+00:00,0.725,clob_prices_history
17269153522875922708691197534079323882577887490263556443563241786372279871546,0x6cb3ec9e0fb1c258898f648f8b33422f59ba3e8a71aee551449d7cb147bb8ead,1776084356,2026-04-13T12:45:56+00:00,0.745,clob_prices_history
17269153522875922708691197534079323882577887490263556443563241786372279871546,0x6cb3ec9e0fb1c258898f648f8b33422f59ba3e8a71aee551449d7cb147bb8ead,1776086151,2026-04-13T13:15:51+00:00,0.725,clob_prices_history
17269153522875922708691197534079323882577887490263556443563241786372279871546,0x6cb3ec9e0fb1c258898f648f8b33422f59ba3e8a71aee551449d7cb147bb8ead,1776087059,2026-04-13T13:30:59+00:00,0.715,clob_prices_history
17269153522875922708691197534079323882577887490263556443563241786372279871546,0x6cb3ec9e0fb1c258898f648f8b33422f59ba3e8a71aee551449d7cb147bb8ead,1776087950,2026-04-13T13:45:50+00:00,0.66,clob_prices_history
17269153522875922708691197534079323882577887490263556443563241786372279871546,0x6cb3ec9e0fb1c258898f648f8b33422f59ba3e8a71aee551449d7cb147bb8ead,1776091547,2026-04-13T14:45:47+00:00,0.675,clob_prices_history
17269153522875922708691197534079323882577887490263556443563241786372279871546,0x6cb3ec9e0fb1c258898f648f8b33422f59ba3e8a71aee551449d7cb147bb8ead,1776095158,2026-04-13T15:45:58+00:00,0.67,clob_prices_history
17269153522875922708691197534079323882577887490263556443563241786372279871546,0x6cb3ec9e0fb1c258898f648f8b33422f59ba3e8a71aee551449d7cb147bb8ead,1776096949,2026-04-13T16:15:49+00:00,0.68,clob_prices_history
17269153522875922708691197534079323882577887490263556443563241786372279871546,0x6cb3ec9e0fb1c258898f648f8b33422f59ba3e8a71aee551449d7cb147bb8ead,1776100552,2026-04-13T17:15:52+00:00,0.61,clob_prices_history
17269153522875922708691197534079323882577887490263556443563241786372279871546,0x6cb3ec9e0fb1c258898f648f8b33422f59ba3e8a71aee551449d7cb147bb8ead,1776102348,2026-04-13T17:45:48+00:00,0.52,clob_prices_history
17269153522875922708691197534079323882577887490263556443563241786372279871546,0x6cb3ec9e0fb1c258898f648f8b33422f59ba3e8a71aee551449d7cb147bb8ead,1776104148,2026-04-13T18:15:48+00:00,0.565,clob_prices_history
17269153522875922708691197534079323882577887490263556443563241786372279871546,0x6cb3ec9e0fb1c258898f648f8b33422f59ba3e8a71aee551449d7cb147bb8ead,1776105958,2026-04-13T18:45:58+00:00,0.605,clob_prices_history
17269153522875922708691197534079323882577887490263556443563241786372279871546,0x6cb3ec9e0fb1c258898f648f8b33422f59ba3e8a71aee551449d7cb147bb8ead,1776107754,2026-04-13T19:15:54+00:00,0.61,clob_prices_history
17269153522875922708691197534079323882577887490263556443563241786372279871546,0x6cb3ec9e0fb1c258898f648f8b33422f59ba3e8a71aee551449d7cb147bb8ead,1776111348,2026-04-13T20:15:48+00:00,0.63,clob_prices_history
17269153522875922708691197534079323882577887490263556443563241786372279871546,0x6cb3ec9e0fb1c258898f648f8b33422f59ba3e8a71aee551449d7cb147bb8ead,1776113149,2026-04-13T20:45:49+00:00,0.63,clob_prices_history
17269153522875922708691197534079323882577887490263556443563241786372279871546,0x6cb3ec9e0fb1c258898f648f8b33422f59ba3e8a71aee551449d7cb147bb8ead,1776114948,2026-04-13T21:15:48+00:00,0.625,clob_prices_history
17269153522875922708691197534079323882577887490263556443563241786372279871546,0x6cb3ec9e0fb1c258898f648f8b33422f59ba3e8a71aee551449d7cb147bb8ead,1776116749,2026-04-13T21:45:49+00:00,0.63,clob_prices_history
17269153522875922708691197534079323882577887490263556443563241786372279871546,0x6cb3ec9e0fb1c258898f648f8b33422f59ba3e8a71aee551449d7cb147bb8ead,1776118549,2026-04-13T22:15:49+00:00,0.63,clob_prices_history
17269153522875922708691197534079323882577887490263556443563241786372279871546,0x6cb3ec9e0fb1c258898f648f8b33422f59ba3e8a71aee551449d7cb147bb8ead,1776123950,2026-04-13T23:45:50+00:00,0.63,clob_prices_history
17269153522875922708691197534079323882577887490263556443563241786372279871546,0x6cb3ec9e0fb1c258898f648f8b33422f59ba3e8a71aee551449d7cb147bb8ead,1776125749,2026-04-14T00:15:49+00:00,0.64,clob_prices_history
17269153522875922708691197534079323882577887490263556443563241786372279871546,0x6cb3ec9e0fb1c258898f648f8b33422f59ba3e8a71aee551449d7cb147bb8ead,1776127549,2026-04-14T00:45:49+00:00,0.64,clob_prices_history
17269153522875922708691197534079323882577887490263556443563241786372279871546,0x6cb3ec9e0fb1c258898f648f8b33422f59ba3e8a71aee551449d7cb147bb8ead,1776129300,2026-04-14T01:15:00+00:00,0.64,clob_prices_history
17269153522875922708691197534079323882577887490263556443563241786372279871546,0x6cb3ec9e0fb1c258898f648f8b33422f59ba3e8a71aee551449d7cb147bb8ead,1776129353,2026-04-14T01:15:53+00:00,0.64,clob_prices_history
17269153522875922708691197534079323882577887490263556443563241786372279871546,0x6cb3ec9e0fb1c258898f648f8b33422f59ba3e8a71aee551449d7cb147bb8ead,1776130200,2026-04-14T01:30:00+00:00,0.615,clob_prices_history
17269153522875922708691197534079323882577887490263556443563241786372279871546,0x6cb3ec9e0fb1c258898f648f8b33422f59ba3e8a71aee551449d7cb147bb8ead,1776132950,2026-04-14T02:15:50+00:00,0.625,clob_prices_history
17269153522875922708691197534079323882577887490263556443563241786372279871546,0x6cb3ec9e0fb1c258898f648f8b33422f59ba3e8a71aee551449d7cb147bb8ead,1776134748,2026-04-14T02:45:48+00:00,0.615,clob_prices_history
17269153522875922708691197534079323882577887490263556443563241786372279871546,0x6cb3ec9e0fb1c258898f648f8b33422f59ba3e8a71aee551449d7cb147bb8ead,1776136547,2026-04-14T03:15:47+00:00,0.615,clob_prices_history
17269153522875922708691197534079323882577887490263556443563241786372279871546,0x6cb3ec9e0fb1c258898f648f8b33422f59ba3e8a71aee551449d7cb147bb8ead,1776137402,2026-04-14T03:30:02+00:00,0.615,clob_prices_history
17269153522875922708691197534079323882577887490263556443563241786372279871546,0x6cb3ec9e0fb1c258898f648f8b33422f59ba3e8a71aee551449d7cb147bb8ead,1776138346,2026-04-14T03:45:46+00:00,0.615,clob_prices_history
17269153522875922708691197534079323882577887490263556443563241786372279871546,0x6cb3ec9e0fb1c258898f648f8b33422f59ba3e8a71aee551449d7cb147bb8ead,1776140147,2026-04-14T04:15:47+00:00,0.615,clob_prices_history
17269153522875922708691197534079323882577887490263556443563241786372279871546,0x6cb3ec9e0fb1c258898f648f8b33422f59ba3e8a71aee551449d7cb147bb8ead,1776141002,2026-04-14T04:30:02+00:00,0.615,clob_prices_history
17269153522875922708691197534079323882577887490263556443563241786372279871546,0x6cb3ec9e0fb1c258898f648f8b33422f59ba3e8a71aee551449d7cb147bb8ead,1776141957,2026-04-14T04:45:57+00:00,0.615,clob_prices_history
17269153522875922708691197534079323882577887490263556443563241786372279871546,0x6cb3ec9e0fb1c258898f648f8b33422f59ba3e8a71aee551449d7cb147bb8ead,1776145548,2026-04-14T05:45:48+00:00,0.615,clob_prices_history
17269153522875922708691197534079323882577887490263556443563241786372279871546,0x6cb3ec9e0fb1c258898f648f8b33422f59ba3e8a71aee551449d7cb147bb8ead,1776147356,2026-04-14T06:15:56+00:00,0.615,clob_prices_history
17269153522875922708691197534079323882577887490263556443563241786372279871546,0x6cb3ec9e0fb1c258898f648f8b33422f59ba3e8a71aee551449d7cb147bb8ead,1776149147,2026-04-14T06:45:47+00:00,0.615,clob_prices_history
17269153522875922708691197534079323882577887490263556443563241786372279871546,0x6cb3ec9e0fb1c258898f648f8b33422f59ba3e8a71aee551449d7cb147bb8ead,1776150947,2026-04-14T07:15:47+00:00,0.625,clob_prices_history
17269153522875922708691197534079323882577887490263556443563241786372279871546,0x6cb3ec9e0fb1c258898f648f8b33422f59ba3e8a71aee551449d7cb147bb8ead,1776152747,2026-04-14T07:45:47+00:00,0.615,clob_prices_history
17269153522875922708691197534079323882577887490263556443563241786372279871546,0x6cb3ec9e0fb1c258898f648f8b33422f59ba3e8a71aee551449d7cb147bb8ead,1776154547,2026-04-14T08:15:47+00:00,0.625,clob_prices_history
17269153522875922708691197534079323882577887490263556443563241786372279871546,0x6cb3ec9e0fb1c258898f648f8b33422f59ba3e8a71aee551449d7cb147bb8ead,1776156347,2026-04-14T08:45:47+00:00,0.585,clob_prices_history
17269153522875922708691197534079323882577887490263556443563241786372279871546,0x6cb3ec9e0fb1c258898f648f8b33422f59ba3e8a71aee551449d7cb147bb8ead,1776159040,2026-04-14T09:30:40+00:00,0.575,clob_prices_history
17269153522875922708691197534079323882577887490263556443563241786372279871546,0x6cb3ec9e0fb1c258898f648f8b33422f59ba3e8a71aee551449d7cb147bb8ead,1776159948,2026-04-14T09:45:48+00:00,0.565,clob_prices_history
17269153522875922708691197534079323882577887490263556443563241786372279871546,0x6cb3ec9e0fb1c258898f648f8b33422f59ba3e8a71aee551449d7cb147bb8ead,1776160857,2026-04-14T10:00:57+00:00,0.565,clob_prices_history
17269153522875922708691197534079323882577887490263556443563241786372279871546,0x6cb3ec9e0fb1c258898f648f8b33422f59ba3e8a71aee551449d7cb147bb8ead,1776161747,2026-04-14T10:15:47+00:00,0.575,clob_prices_history
17269153522875922708691197534079323882577887490263556443563241786372279871546,0x6cb3ec9e0fb1c258898f648f8b33422f59ba3e8a71aee551449d7cb147bb8ead,1776165352,2026-04-14T11:15:52+00:00,0.585,clob_prices_history
17269153522875922708691197534079323882577887490263556443563241786372279871546,0x6cb3ec9e0fb1c258898f648f8b33422f59ba3e8a71aee551449d7cb147bb8ead,1776167148,2026-04-14T11:45:48+00:00,0.585,clob_prices_history
17269153522875922708691197534079323882577887490263556443563241786372279871546,0x6cb3ec9e0fb1c258898f648f8b33422f59ba3e8a71aee551449d7cb147bb8ead,1776168947,2026-04-14T12:15:47+00:00,0.585,clob_prices_history
17269153522875922708691197534079323882577887490263556443563241786372279871546,0x6cb3ec9e0fb1c258898f648f8b33422f59ba3e8a71aee551449d7cb147bb8ead,1776170758,2026-04-14T12:45:58+00:00,0.575,clob_prices_history
17269153522875922708691197534079323882577887490263556443563241786372279871546,0x6cb3ec9e0fb1c258898f648f8b33422f59ba3e8a71aee551449d7cb147bb8ead,1776172557,2026-04-14T13:15:57+00:00,0.575,clob_prices_history
17269153522875922708691197534079323882577887490263556443563241786372279871546,0x6cb3ec9e0fb1c258898f648f8b33422f59ba3e8a71aee551449d7cb147bb8ead,1776174354,2026-04-14T13:45:54+00:00,0.575,clob_prices_history
17269153522875922708691197534079323882577887490263556443563241786372279871546,0x6cb3ec9e0fb1c258898f648f8b33422f59ba3e8a71aee551449d7cb147bb8ead,1776176152,2026-04-14T14:15:52+00:00,0.585,clob_prices_history
17269153522875922708691197534079323882577887490263556443563241786372279871546,0x6cb3ec9e0fb1c258898f648f8b33422f59ba3e8a71aee551449d7cb147bb8ead,1776177959,2026-04-14T14:45:59+00:00,0.58,clob_prices_history
17269153522875922708691197534079323882577887490263556443563241786372279871546,0x6cb3ec9e0fb1c258898f648f8b33422f59ba3e8a71aee551449d7cb147bb8ead,1776179750,2026-04-14T15:15:50+00:00,0.525,clob_prices_history
17269153522875922708691197534079323882577887490263556443563241786372279871546,0x6cb3ec9e0fb1c258898f648f8b33422f59ba3e8a71aee551449d7cb147bb8ead,1776181547,2026-04-14T15:45:47+00:00,0.525,clob_prices_history
17269153522875922708691197534079323882577887490263556443563241786372279871546,0x6cb3ec9e0fb1c258898f648f8b33422f59ba3e8a71aee551449d7cb147bb8ead,1776183349,2026-04-14T16:15:49+00:00,0.53,clob_prices_history
17269153522875922708691197534079323882577887490263556443563241786372279871546,0x6cb3ec9e0fb1c258898f648f8b33422f59ba3e8a71aee551449d7cb147bb8ead,1776185149,2026-04-14T16:45:49+00:00,0.535,clob_prices_history
17269153522875922708691197534079323882577887490263556443563241786372279871546,0x6cb3ec9e0fb1c258898f648f8b33422f59ba3e8a71aee551449d7cb147bb8ead,1776186950,2026-04-14T17:15:50+00:00,0.525,clob_prices_history
17269153522875922708691197534079323882577887490263556443563241786372279871546,0x6cb3ec9e0fb1c258898f648f8b33422f59ba3e8a71aee551449d7cb147bb8ead,1776188755,2026-04-14T17:45:55+00:00,0.515,clob_prices_history
17269153522875922708691197534079323882577887490263556443563241786372279871546,0x6cb3ec9e0fb1c258898f648f8b33422f59ba3e8a71aee551449d7cb147bb8ead,1776189617,2026-04-14T18:00:17+00:00,0.475,clob_prices_history
17269153522875922708691197534079323882577887490263556443563241786372279871546,0x6cb3ec9e0fb1c258898f648f8b33422f59ba3e8a71aee551449d7cb147bb8ead,1776190551,2026-04-14T18:15:51+00:00,0.475,clob_prices_history
17269153522875922708691197534079323882577887490263556443563241786372279871546,0x6cb3ec9e0fb1c258898f648f8b33422f59ba3e8a71aee551449d7cb147bb8ead,1776192303,2026-04-14T18:45:03+00:00,0.47,clob_prices_history
17269153522875922708691197534079323882577887490263556443563241786372279871546,0x6cb3ec9e0fb1c258898f648f8b33422f59ba3e8a71aee551449d7cb147bb8ead,1776192357,2026-04-14T18:45:57+00:00,0.475,clob_prices_history
17269153522875922708691197534079323882577887490263556443563241786372279871546,0x6cb3ec9e0fb1c258898f648f8b33422f59ba3e8a71aee551449d7cb147bb8ead,1776195948,2026-04-14T19:45:48+00:00,0.475,clob_prices_history
17269153522875922708691197534079323882577887490263556443563241786372279871546,0x6cb3ec9e0fb1c258898f648f8b33422f59ba3e8a71aee551449d7cb147bb8ead,1776197703,2026-04-14T20:15:03+00:00,0.475,clob_prices_history
17269153522875922708691197534079323882577887490263556443563241786372279871546,0x6cb3ec9e0fb1c258898f648f8b33422f59ba3e8a71aee551449d7cb147bb8ead,1776199550,2026-04-14T20:45:50+00:00,0.475,clob_prices_history
17269153522875922708691197534079323882577887490263556443563241786372279871546,0x6cb3ec9e0fb1c258898f648f8b33422f59ba3e8a71aee551449d7cb147bb8ead,1776201351,2026-04-14T21:15:51+00:00,0.445,clob_prices_history
17269153522875922708691197534079323882577887490263556443563241786372279871546,0x6cb3ec9e0fb1c258898f648f8b33422f59ba3e8a71aee551449d7cb147bb8ead,1776203149,2026-04-14T21:45:49+00:00,0.455,clob_prices_history
17269153522875922708691197534079323882577887490263556443563241786372279871546,0x6cb3ec9e0fb1c258898f648f8b33422f59ba3e8a71aee551449d7cb147bb8ead,1776204949,2026-04-14T22:15:49+00:00,0.46,clob_prices_history
17269153522875922708691197534079323882577887490263556443563241786372279871546,0x6cb3ec9e0fb1c258898f648f8b33422f59ba3e8a71aee551449d7cb147bb8ead,1776206751,2026-04-14T22:45:51+00:00,0.47,clob_prices_history
17269153522875922708691197534079323882577887490263556443563241786372279871546,0x6cb3ec9e0fb1c258898f648f8b33422f59ba3e8a71aee551449d7cb147bb8ead,1776208551,2026-04-14T23:15:51+00:00,0.47,clob_prices_history
17269153522875922708691197534079323882577887490263556443563241786372279871546,0x6cb3ec9e0fb1c258898f648f8b33422f59ba3e8a71aee551449d7cb147bb8ead,1776210356,2026-04-14T23:45:56+00:00,0.43,clob_prices_history
17269153522875922708691197534079323882577887490263556443563241786372279871546,0x6cb3ec9e0fb1c258898f648f8b33422f59ba3e8a71aee551449d7cb147bb8ead,1776212149,2026-04-15T00:15:49+00:00,0.425,clob_prices_history
17269153522875922708691197534079323882577887490263556443563241786372279871546,0x6cb3ec9e0fb1c258898f648f8b33422f59ba3e8a71aee551449d7cb147bb8ead,1776213949,2026-04-15T00:45:49+00:00,0.455,clob_prices_history
17269153522875922708691197534079323882577887490263556443563241786372279871546,0x6cb3ec9e0fb1c258898f648f8b33422f59ba3e8a71aee551449d7cb147bb8ead,1776215751,2026-04-15T01:15:51+00:00,0.445,clob_prices_history
17269153522875922708691197534079323882577887490263556443563241786372279871546,0x6cb3ec9e0fb1c258898f648f8b33422f59ba3e8a71aee551449d7cb147bb8ead,1776216655,2026-04-15T01:30:55+00:00,0.445,clob_prices_history
17269153522875922708691197534079323882577887490263556443563241786372279871546,0x6cb3ec9e0fb1c258898f648f8b33422f59ba3e8a71aee551449d7cb147bb8ead,1776217553,2026-04-15T01:45:53+00:00,0.45,clob_prices_history
17269153522875922708691197534079323882577887490263556443563241786372279871546,0x6cb3ec9e0fb1c258898f648f8b33422f59ba3e8a71aee551449d7cb147bb8ead,1776219350,2026-04-15T02:15:50+00:00,0.475,clob_prices_history
17269153522875922708691197534079323882577887490263556443563241786372279871546,0x6cb3ec9e0fb1c258898f648f8b33422f59ba3e8a71aee551449d7cb147bb8ead,1776221148,2026-04-15T02:45:48+00:00,0.46,clob_prices_history
17269153522875922708691197534079323882577887490263556443563241786372279871546,0x6cb3ec9e0fb1c258898f648f8b33422f59ba3e8a71aee551449d7cb147bb8ead,1776222949,2026-04-15T03:15:49+00:00,0.465,clob_prices_history
17269153522875922708691197534079323882577887490263556443563241786372279871546,0x6cb3ec9e0fb1c258898f648f8b33422f59ba3e8a71aee551449d7cb147bb8ead,1776226549,2026-04-15T04:15:49+00:00,0.445,clob_prices_history
17269153522875922708691197534079323882577887490263556443563241786372279871546,0x6cb3ec9e0fb1c258898f648f8b33422f59ba3e8a71aee551449d7cb147bb8ead,1776227457,2026-04-15T04:30:57+00:00,0.44,clob_prices_history
17269153522875922708691197534079323882577887490263556443563241786372279871546,0x6cb3ec9e0fb1c258898f648f8b33422f59ba3e8a71aee551449d7cb147bb8ead,1776228351,2026-04-15T04:45:51+00:00,0.43,clob_prices_history
17269153522875922708691197534079323882577887490263556443563241786372279871546,0x6cb3ec9e0fb1c258898f648f8b33422f59ba3e8a71aee551449d7cb147bb8ead,1776230102,2026-04-15T05:15:02+00:00,0.415,clob_prices_history
17269153522875922708691197534079323882577887490263556443563241786372279871546,0x6cb3ec9e0fb1c258898f648f8b33422f59ba3e8a71aee551449d7cb147bb8ead,1776230159,2026-04-15T05:15:59+00:00,0.415,clob_prices_history
17269153522875922708691197534079323882577887490263556443563241786372279871546,0x6cb3ec9e0fb1c258898f648f8b33422f59ba3e8a71aee551449d7cb147bb8ead,1776231951,2026-04-15T05:45:51+00:00,0.435,clob_prices_history
17269153522875922708691197534079323882577887490263556443563241786372279871546,0x6cb3ec9e0fb1c258898f648f8b33422f59ba3e8a71aee551449d7cb147bb8ead,1776235550,2026-04-15T06:45:50+00:00,0.435,clob_prices_history
17269153522875922708691197534079323882577887490263556443563241786372279871546,0x6cb3ec9e0fb1c258898f648f8b33422f59ba3e8a71aee551449d7cb147bb8ead,1776237352,2026-04-15T07:15:52+00:00,0.43,clob_prices_history
17269153522875922708691197534079323882577887490263556443563241786372279871546,0x6cb3ec9e0fb1c258898f648f8b33422f59ba3e8a71aee551449d7cb147bb8ead,1776239149,2026-04-15T07:45:49+00:00,0.465,clob_prices_history
17269153522875922708691197534079323882577887490263556443563241786372279871546,0x6cb3ec9e0fb1c258898f648f8b33422f59ba3e8a71aee551449d7cb147bb8ead,1776240950,2026-04-15T08:15:50+00:00,0.48,clob_prices_history
17269153522875922708691197534079323882577887490263556443563241786372279871546,0x6cb3ec9e0fb1c258898f648f8b33422f59ba3e8a71aee551449d7cb147bb8ead,1776242750,2026-04-15T08:45:50+00:00,0.535,clob_prices_history
17269153522875922708691197534079323882577887490263556443563241786372279871546,0x6cb3ec9e0fb1c258898f648f8b33422f59ba3e8a71aee551449d7cb147bb8ead,1776244550,2026-04-15T09:15:50+00:00,0.545,clob_prices_history
17269153522875922708691197534079323882577887490263556443563241786372279871546,0x6cb3ec9e0fb1c258898f648f8b33422f59ba3e8a71aee551449d7cb147bb8ead,1776246309,2026-04-15T09:45:09+00:00,0.545,clob_prices_history
17269153522875922708691197534079323882577887490263556443563241786372279871546,0x6cb3ec9e0fb1c258898f648f8b33422f59ba3e8a71aee551449d7cb147bb8ead,1776248100,2026-04-15T10:15:00+00:00,0.545,clob_prices_history
17269153522875922708691197534079323882577887490263556443563241786372279871546,0x6cb3ec9e0fb1c258898f648f8b33422f59ba3e8a71aee551449d7cb147bb8ead,1776248154,2026-04-15T10:15:54+00:00,0.545,clob_prices_history
17269153522875922708691197534079323882577887490263556443563241786372279871546,0x6cb3ec9e0fb1c258898f648f8b33422f59ba3e8a71aee551449d7cb147bb8ead,1776249950,2026-04-15T10:45:50+00:00,0.615,clob_prices_history
17269153522875922708691197534079323882577887490263556443563241786372279871546,0x6cb3ec9e0fb1c258898f648f8b33422f59ba3e8a71aee551449d7cb147bb8ead,1776251747,2026-04-15T11:15:47+00:00,0.565,clob_prices_history
17269153522875922708691197534079323882577887490263556443563241786372279871546,0x6cb3ec9e0fb1c258898f648f8b33422f59ba3e8a71aee551449d7cb147bb8ead,1776253549,2026-04-15T11:45:49+00:00,0.53,clob_prices_history
17269153522875922708691197534079323882577887490263556443563241786372279871546,0x6cb3ec9e0fb1c258898f648f8b33422f59ba3e8a71aee551449d7cb147bb8ead,1776255349,2026-04-15T12:15:49+00:00,0.475,clob_prices_history
17269153522875922708691197534079323882577887490263556443563241786372279871546,0x6cb3ec9e0fb1c258898f648f8b33422f59ba3e8a71aee551449d7cb147bb8ead,1776257148,2026-04-15T12:45:48+00:00,0.52,clob_prices_history
17269153522875922708691197534079323882577887490263556443563241786372279871546,0x6cb3ec9e0fb1c258898f648f8b33422f59ba3e8a71aee551449d7cb147bb8ead,1776258003,2026-04-15T13:00:03+00:00,0.52,clob_prices_history
17269153522875922708691197534079323882577887490263556443563241786372279871546,0x6cb3ec9e0fb1c258898f648f8b33422f59ba3e8a71aee551449d7cb147bb8ead,1776258948,2026-04-15T13:15:48+00:00,0.53,clob_prices_history
17269153522875922708691197534079323882577887490263556443563241786372279871546,0x6cb3ec9e0fb1c258898f648f8b33422f59ba3e8a71aee551449d7cb147bb8ead,1776260751,2026-04-15T13:45:51+00:00,0.62,clob_prices_history
17269153522875922708691197534079323882577887490263556443563241786372279871546,0x6cb3ec9e0fb1c258898f648f8b33422f59ba3e8a71aee551449d7cb147bb8ead,1776262548,2026-04-15T14:15:48+00:00,0.615,clob_prices_history
17269153522875922708691197534079323882577887490263556443563241786372279871546,0x6cb3ec9e0fb1c258898f648f8b33422f59ba3e8a71aee551449d7cb147bb8ead,1776264348,2026-04-15T14:45:48+00:00,0.525,clob_prices_history
17269153522875922708691197534079323882577887490263556443563241786372279871546,0x6cb3ec9e0fb1c258898f648f8b33422f59ba3e8a71aee551449d7cb147bb8ead,1776266148,2026-04-15T15:15:48+00:00,0.515,clob_prices_history
17269153522875922708691197534079323882577887490263556443563241786372279871546,0x6cb3ec9e0fb1c258898f648f8b33422f59ba3e8a71aee551449d7cb147bb8ead,1776267948,2026-04-15T15:45:48+00:00,0.53,clob_prices_history
17269153522875922708691197534079323882577887490263556443563241786372279871546,0x6cb3ec9e0fb1c258898f648f8b33422f59ba3e8a71aee551449d7cb147bb8ead,1776269750,2026-04-15T16:15:50+00:00,0.515,clob_prices_history
17269153522875922708691197534079323882577887490263556443563241786372279871546,0x6cb3ec9e0fb1c258898f648f8b33422f59ba3e8a71aee551449d7cb147bb8ead,1776271548,2026-04-15T16:45:48+00:00,0.515,clob_prices_history
17269153522875922708691197534079323882577887490263556443563241786372279871546,0x6cb3ec9e0fb1c258898f648f8b33422f59ba3e8a71aee551449d7cb147bb8ead,1776273354,2026-04-15T17:15:54+00:00,0.52,clob_prices_history
17269153522875922708691197534079323882577887490263556443563241786372279871546,0x6cb3ec9e0fb1c258898f648f8b33422f59ba3e8a71aee551449d7cb147bb8ead,1776275148,2026-04-15T17:45:48+00:00,0.53,clob_prices_history
17269153522875922708691197534079323882577887490263556443563241786372279871546,0x6cb3ec9e0fb1c258898f648f8b33422f59ba3e8a71aee551449d7cb147bb8ead,1776276958,2026-04-15T18:15:58+00:00,0.53,clob_prices_history
17269153522875922708691197534079323882577887490263556443563241786372279871546,0x6cb3ec9e0fb1c258898f648f8b33422f59ba3e8a71aee551449d7cb147bb8ead,1776278747,2026-04-15T18:45:47+00:00,0.52,clob_prices_history
17269153522875922708691197534079323882577887490263556443563241786372279871546,0x6cb3ec9e0fb1c258898f648f8b33422f59ba3e8a71aee551449d7cb147bb8ead,1776279604,2026-04-15T19:00:04+00:00,0.52,clob_prices_history
17269153522875922708691197534079323882577887490263556443563241786372279871546,0x6cb3ec9e0fb1c258898f648f8b33422f59ba3e8a71aee551449d7cb147bb8ead,1776280547,2026-04-15T19:15:47+00:00,0.52,clob_prices_history
17269153522875922708691197534079323882577887490263556443563241786372279871546,0x6cb3ec9e0fb1c258898f648f8b33422f59ba3e8a71aee551449d7cb147bb8ead,1776282348,2026-04-15T19:45:48+00:00,0.52,clob_prices_history
17269153522875922708691197534079323882577887490263556443563241786372279871546,0x6cb3ec9e0fb1c258898f648f8b33422f59ba3e8a71aee551449d7cb147bb8ead,1776284148,2026-04-15T20:15:48+00:00,0.52,clob_prices_history
17269153522875922708691197534079323882577887490263556443563241786372279871546,0x6cb3ec9e0fb1c258898f648f8b33422f59ba3e8a71aee551449d7cb147bb8ead,1776286841,2026-04-15T21:00:41+00:00,0.52,clob_prices_history
17269153522875922708691197534079323882577887490263556443563241786372279871546,0x6cb3ec9e0fb1c258898f648f8b33422f59ba3e8a71aee551449d7cb147bb8ead,1776287749,2026-04-15T21:15:49+00:00,0.51,clob_prices_history
17269153522875922708691197534079323882577887490263556443563241786372279871546,0x6cb3ec9e0fb1c258898f648f8b33422f59ba3e8a71aee551449d7cb147bb8ead,1776289550,2026-04-15T21:45:50+00:00,0.51,clob_prices_history
17269153522875922708691197534079323882577887490263556443563241786372279871546,0x6cb3ec9e0fb1c258898f648f8b33422f59ba3e8a71aee551449d7cb147bb8ead,1776291358,2026-04-15T22:15:58+00:00,0.505,clob_prices_history
17269153522875922708691197534079323882577887490263556443563241786372279871546,0x6cb3ec9e0fb1c258898f648f8b33422f59ba3e8a71aee551449d7cb147bb8ead,1776293150,2026-04-15T22:45:50+00:00,0.51,clob_prices_history
17269153522875922708691197534079323882577887490263556443563241786372279871546,0x6cb3ec9e0fb1c258898f648f8b33422f59ba3e8a71aee551449d7cb147bb8ead,1776294953,2026-04-15T23:15:53+00:00,0.51,clob_prices_history
17269153522875922708691197534079323882577887490263556443563241786372279871546,0x6cb3ec9e0fb1c258898f648f8b33422f59ba3e8a71aee551449d7cb147bb8ead,1776296751,2026-04-15T23:45:51+00:00,0.505,clob_prices_history
17269153522875922708691197534079323882577887490263556443563241786372279871546,0x6cb3ec9e0fb1c258898f648f8b33422f59ba3e8a71aee551449d7cb147bb8ead,1776298550,2026-04-16T00:15:50+00:00,0.505,clob_prices_history
17269153522875922708691197534079323882577887490263556443563241786372279871546,0x6cb3ec9e0fb1c258898f648f8b33422f59ba3e8a71aee551449d7cb147bb8ead,1776300353,2026-04-16T00:45:53+00:00,0.505,clob_prices_history
17269153522875922708691197534079323882577887490263556443563241786372279871546,0x6cb3ec9e0fb1c258898f648f8b33422f59ba3e8a71aee551449d7cb147bb8ead,1776302157,2026-04-16T01:15:57+00:00,0.505,clob_prices_history
17269153522875922708691197534079323882577887490263556443563241786372279871546,0x6cb3ec9e0fb1c258898f648f8b33422f59ba3e8a71aee551449d7cb147bb8ead,1776303057,2026-04-16T01:30:57+00:00,0.505,clob_prices_history
17269153522875922708691197534079323882577887490263556443563241786372279871546,0x6cb3ec9e0fb1c258898f648f8b33422f59ba3e8a71aee551449d7cb147bb8ead,1776303956,2026-04-16T01:45:56+00:00,0.505,clob_prices_history
17269153522875922708691197534079323882577887490263556443563241786372279871546,0x6cb3ec9e0fb1c258898f648f8b33422f59ba3e8a71aee551449d7cb147bb8ead,1776305748,2026-04-16T02:15:48+00:00,0.505,clob_prices_history
17269153522875922708691197534079323882577887490263556443563241786372279871546,0x6cb3ec9e0fb1c258898f648f8b33422f59ba3e8a71aee551449d7cb147bb8ead,1776307558,2026-04-16T02:45:58+00:00,0.505,clob_prices_history
17269153522875922708691197534079323882577887490263556443563241786372279871546,0x6cb3ec9e0fb1c258898f648f8b33422f59ba3e8a71aee551449d7cb147bb8ead,1776309355,2026-04-16T03:15:55+00:00,0.505,clob_prices_history
17269153522875922708691197534079323882577887490263556443563241786372279871546,0x6cb3ec9e0fb1c258898f648f8b33422f59ba3e8a71aee551449d7cb147bb8ead,1776311151,2026-04-16T03:45:51+00:00,0.505,clob_prices_history
17269153522875922708691197534079323882577887490263556443563241786372279871546,0x6cb3ec9e0fb1c258898f648f8b33422f59ba3e8a71aee551449d7cb147bb8ead,1776312952,2026-04-16T04:15:52+00:00,0.505,clob_prices_history
17269153522875922708691197534079323882577887490263556443563241786372279871546,0x6cb3ec9e0fb1c258898f648f8b33422f59ba3e8a71aee551449d7cb147bb8ead,1776314705,2026-04-16T04:45:05+00:00,0.505,clob_prices_history
17269153522875922708691197534079323882577887490263556443563241786372279871546,0x6cb3ec9e0fb1c258898f648f8b33422f59ba3e8a71aee551449d7cb147bb8ead,1776316559,2026-04-16T05:15:59+00:00,0.505,clob_prices_history
17269153522875922708691197534079323882577887490263556443563241786372279871546,0x6cb3ec9e0fb1c258898f648f8b33422f59ba3e8a71aee551449d7cb147bb8ead,1776318350,2026-04-16T05:45:50+00:00,0.505,clob_prices_history
17269153522875922708691197534079323882577887490263556443563241786372279871546,0x6cb3ec9e0fb1c258898f648f8b33422f59ba3e8a71aee551449d7cb147bb8ead,1776320151,2026-04-16T06:15:51+00:00,0.505,clob_prices_history
17269153522875922708691197534079323882577887490263556443563241786372279871546,0x6cb3ec9e0fb1c258898f648f8b33422f59ba3e8a71aee551449d7cb147bb8ead,1776321951,2026-04-16T06:45:51+00:00,0.505,clob_prices_history
17269153522875922708691197534079323882577887490263556443563241786372279871546,0x6cb3ec9e0fb1c258898f648f8b33422f59ba3e8a71aee551449d7cb147bb8ead,1776323748,2026-04-16T07:15:48+00:00,0.505,clob_prices_history
17269153522875922708691197534079323882577887490263556443563241786372279871546,0x6cb3ec9e0fb1c258898f648f8b33422f59ba3e8a71aee551449d7cb147bb8ead,1776327347,2026-04-16T08:15:47+00:00,0.505,clob_prices_history
17269153522875922708691197534079323882577887490263556443563241786372279871546,0x6cb3ec9e0fb1c258898f648f8b33422f59ba3e8a71aee551449d7cb147bb8ead,1776329151,2026-04-16T08:45:51+00:00,0.505,clob_prices_history
17269153522875922708691197534079323882577887490263556443563241786372279871546,0x6cb3ec9e0fb1c258898f648f8b33422f59ba3e8a71aee551449d7cb147bb8ead,1776330955,2026-04-16T09:15:55+00:00,0.505,clob_prices_history
17269153522875922708691197534079323882577887490263556443563241786372279871546,0x6cb3ec9e0fb1c258898f648f8b33422f59ba3e8a71aee551449d7cb147bb8ead,1776332750,2026-04-16T09:45:50+00:00,0.505,clob_prices_history
17269153522875922708691197534079323882577887490263556443563241786372279871546,0x6cb3ec9e0fb1c258898f648f8b33422f59ba3e8a71aee551449d7cb147bb8ead,1776334547,2026-04-16T10:15:47+00:00,0.505,clob_prices_history
17269153522875922708691197534079323882577887490263556443563241786372279871546,0x6cb3ec9e0fb1c258898f648f8b33422f59ba3e8a71aee551449d7cb147bb8ead,1776336354,2026-04-16T10:45:54+00:00,0.505,clob_prices_history
17269153522875922708691197534079323882577887490263556443563241786372279871546,0x6cb3ec9e0fb1c258898f648f8b33422f59ba3e8a71aee551449d7cb147bb8ead,1776338155,2026-04-16T11:15:55+00:00,0.505,clob_prices_history
17269153522875922708691197534079323882577887490263556443563241786372279871546,0x6cb3ec9e0fb1c258898f648f8b33422f59ba3e8a71aee551449d7cb147bb8ead,1776339903,2026-04-16T11:45:03+00:00,0.505,clob_prices_history
17269153522875922708691197534079323882577887490263556443563241786372279871546,0x6cb3ec9e0fb1c258898f648f8b33422f59ba3e8a71aee551449d7cb147bb8ead,1776339959,2026-04-16T11:45:59+00:00,0.505,clob_prices_history
17269153522875922708691197534079323882577887490263556443563241786372279871546,0x6cb3ec9e0fb1c258898f648f8b33422f59ba3e8a71aee551449d7cb147bb8ead,1776341749,2026-04-16T12:15:49+00:00,0.505,clob_prices_history
17269153522875922708691197534079323882577887490263556443563241786372279871546,0x6cb3ec9e0fb1c258898f648f8b33422f59ba3e8a71aee551449d7cb147bb8ead,1776343552,2026-04-16T12:45:52+00:00,0.585,clob_prices_history
17269153522875922708691197534079323882577887490263556443563241786372279871546,0x6cb3ec9e0fb1c258898f648f8b33422f59ba3e8a71aee551449d7cb147bb8ead,1776347154,2026-04-16T13:45:54+00:00,0.585,clob_prices_history
17269153522875922708691197534079323882577887490263556443563241786372279871546,0x6cb3ec9e0fb1c258898f648f8b33422f59ba3e8a71aee551449d7cb147bb8ead,1776348955,2026-04-16T14:15:55+00:00,0.545,clob_prices_history
17269153522875922708691197534079323882577887490263556443563241786372279871546,0x6cb3ec9e0fb1c258898f648f8b33422f59ba3e8a71aee551449d7cb147bb8ead,1776350754,2026-04-16T14:45:54+00:00,0.565,clob_prices_history
17269153522875922708691197534079323882577887490263556443563241786372279871546,0x6cb3ec9e0fb1c258898f648f8b33422f59ba3e8a71aee551449d7cb147bb8ead,1776352500,2026-04-16T15:15:00+00:00,0.575,clob_prices_history
17269153522875922708691197534079323882577887490263556443563241786372279871546,0x6cb3ec9e0fb1c258898f648f8b33422f59ba3e8a71aee551449d7cb147bb8ead,1776357910,2026-04-16T16:45:10+00:00,0.555,clob_prices_history
17269153522875922708691197534079323882577887490263556443563241786372279871546,0x6cb3ec9e0fb1c258898f648f8b33422f59ba3e8a71aee551449d7cb147bb8ead,1776359720,2026-04-16T17:15:20+00:00,0.485,clob_prices_history
17269153522875922708691197534079323882577887490263556443563241786372279871546,0x6cb3ec9e0fb1c258898f648f8b33422f59ba3e8a71aee551449d7cb147bb8ead,1776360634,2026-04-16T17:30:34+00:00,0.475,clob_prices_history
17269153522875922708691197534079323882577887490263556443563241786372279871546,0x6cb3ec9e0fb1c258898f648f8b33422f59ba3e8a71aee551449d7cb147bb8ead,1776365136,2026-04-16T18:45:36+00:00,0.395,clob_prices_history
17269153522875922708691197534079323882577887490263556443563241786372279871546,0x6cb3ec9e0fb1c258898f648f8b33422f59ba3e8a71aee551449d7cb147bb8ead,1776366931,2026-04-16T19:15:31+00:00,0.395,clob_prices_history
17269153522875922708691197534079323882577887490263556443563241786372279871546,0x6cb3ec9e0fb1c258898f648f8b33422f59ba3e8a71aee551449d7cb147bb8ead,1776370530,2026-04-16T20:15:30+00:00,0.245,clob_prices_history
17269153522875922708691197534079323882577887490263556443563241786372279871546,0x6cb3ec9e0fb1c258898f648f8b33422f59ba3e8a71aee551449d7cb147bb8ead,1776372336,2026-04-16T20:45:36+00:00,0.355,clob_prices_history
17269153522875922708691197534079323882577887490263556443563241786372279871546,0x6cb3ec9e0fb1c258898f648f8b33422f59ba3e8a71aee551449d7cb147bb8ead,1776375901,2026-04-16T21:45:01+00:00,0.355,clob_prices_history
17269153522875922708691197534079323882577887490263556443563241786372279871546,0x6cb3ec9e0fb1c258898f648f8b33422f59ba3e8a71aee551449d7cb147bb8ead,1776378604,2026-04-16T22:30:04+00:00,0.355,clob_prices_history
17269153522875922708691197534079323882577887490263556443563241786372279871546,0x6cb3ec9e0fb1c258898f648f8b33422f59ba3e8a71aee551449d7cb147bb8ead,1776385856,2026-04-17T00:30:56+00:00,0.355,clob_prices_history
17269153522875922708691197534079323882577887490263556443563241786372279871546,0x6cb3ec9e0fb1c258898f648f8b33422f59ba3e8a71aee551449d7cb147bb8ead,1776386753,2026-04-17T00:45:53+00:00,0.355,clob_prices_history
17269153522875922708691197534079323882577887490263556443563241786372279871546,0x6cb3ec9e0fb1c258898f648f8b33422f59ba3e8a71aee551449d7cb147bb8ead,1776387657,2026-04-17T01:00:57+00:00,0.355,clob_prices_history
17269153522875922708691197534079323882577887490263556443563241786372279871546,0x6cb3ec9e0fb1c258898f648f8b33422f59ba3e8a71aee551449d7cb147bb8ead,1776388559,2026-04-17T01:15:59+00:00,0.345,clob_prices_history
17269153522875922708691197534079323882577887490263556443563241786372279871546,0x6cb3ec9e0fb1c258898f648f8b33422f59ba3e8a71aee551449d7cb147bb8ead,1776390351,2026-04-17T01:45:51+00:00,0.355,clob_prices_history
17269153522875922708691197534079323882577887490263556443563241786372279871546,0x6cb3ec9e0fb1c258898f648f8b33422f59ba3e8a71aee551449d7cb147bb8ead,1776392152,2026-04-17T02:15:52+00:00,0.355,clob_prices_history
17269153522875922708691197534079323882577887490263556443563241786372279871546,0x6cb3ec9e0fb1c258898f648f8b33422f59ba3e8a71aee551449d7cb147bb8ead,1776393055,2026-04-17T02:30:55+00:00,0.355,clob_prices_history
17269153522875922708691197534079323882577887490263556443563241786372279871546,0x6cb3ec9e0fb1c258898f648f8b33422f59ba3e8a71aee551449d7cb147bb8ead,1776395755,2026-04-17T03:15:55+00:00,0.355,clob_prices_history
17269153522875922708691197534079323882577887490263556443563241786372279871546,0x6cb3ec9e0fb1c258898f648f8b33422f59ba3e8a71aee551449d7cb147bb8ead,1776396659,2026-04-17T03:30:59+00:00,0.355,clob_prices_history
17269153522875922708691197534079323882577887490263556443563241786372279871546,0x6cb3ec9e0fb1c258898f648f8b33422f59ba3e8a71aee551449d7cb147bb8ead,1776397556,2026-04-17T03:45:56+00:00,0.355,clob_prices_history
17269153522875922708691197534079323882577887490263556443563241786372279871546,0x6cb3ec9e0fb1c258898f648f8b33422f59ba3e8a71aee551449d7cb147bb8ead,1776398454,2026-04-17T04:00:54+00:00,0.355,clob_prices_history
17269153522875922708691197534079323882577887490263556443563241786372279871546,0x6cb3ec9e0fb1c258898f648f8b33422f59ba3e8a71aee551449d7cb147bb8ead,1776399353,2026-04-17T04:15:53+00:00,0.355,clob_prices_history
17269153522875922708691197534079323882577887490263556443563241786372279871546,0x6cb3ec9e0fb1c258898f648f8b33422f59ba3e8a71aee551449d7cb147bb8ead,1776400258,2026-04-17T04:30:58+00:00,0.355,clob_prices_history
17269153522875922708691197534079323882577887490263556443563241786372279871546,0x6cb3ec9e0fb1c258898f648f8b33422f59ba3e8a71aee551449d7cb147bb8ead,1776401154,2026-04-17T04:45:54+00:00,0.355,clob_prices_history
17269153522875922708691197534079323882577887490263556443563241786372279871546,0x6cb3ec9e0fb1c258898f648f8b33422f59ba3e8a71aee551449d7cb147bb8ead,1776402055,2026-04-17T05:00:55+00:00,0.355,clob_prices_history
17269153522875922708691197534079323882577887490263556443563241786372279871546,0x6cb3ec9e0fb1c258898f648f8b33422f59ba3e8a71aee551449d7cb147bb8ead,1776402900,2026-04-17T05:15:00+00:00,0.355,clob_prices_history
17269153522875922708691197534079323882577887490263556443563241786372279871546,0x6cb3ec9e0fb1c258898f648f8b33422f59ba3e8a71aee551449d7cb147bb8ead,1776404758,2026-04-17T05:45:58+00:00,0.36,clob_prices_history
17269153522875922708691197534079323882577887490263556443563241786372279871546,0x6cb3ec9e0fb1c258898f648f8b33422f59ba3e8a71aee551449d7cb147bb8ead,1776406554,2026-04-17T06:15:54+00:00,0.35,clob_prices_history
17269153522875922708691197534079323882577887490263556443563241786372279871546,0x6cb3ec9e0fb1c258898f648f8b33422f59ba3e8a71aee551449d7cb147bb8ead,1776407414,2026-04-17T06:30:14+00:00,0.35,clob_prices_history
17269153522875922708691197534079323882577887490263556443563241786372279871546,0x6cb3ec9e0fb1c258898f648f8b33422f59ba3e8a71aee551449d7cb147bb8ead,1776408356,2026-04-17T06:45:56+00:00,0.35,clob_prices_history
17269153522875922708691197534079323882577887490263556443563241786372279871546,0x6cb3ec9e0fb1c258898f648f8b33422f59ba3e8a71aee551449d7cb147bb8ead,1776409258,2026-04-17T07:00:58+00:00,0.35,clob_prices_history
17269153522875922708691197534079323882577887490263556443563241786372279871546,0x6cb3ec9e0fb1c258898f648f8b33422f59ba3e8a71aee551449d7cb147bb8ead,1776410152,2026-04-17T07:15:52+00:00,0.35,clob_prices_history
17269153522875922708691197534079323882577887490263556443563241786372279871546,0x6cb3ec9e0fb1c258898f648f8b33422f59ba3e8a71aee551449d7cb147bb8ead,1776411059,2026-04-17T07:30:59+00:00,0.35,clob_prices_history
17269153522875922708691197534079323882577887490263556443563241786372279871546,0x6cb3ec9e0fb1c258898f648f8b33422f59ba3e8a71aee551449d7cb147bb8ead,1776411952,2026-04-17T07:45:52+00:00,0.35,clob_prices_history
17269153522875922708691197534079323882577887490263556443563241786372279871546,0x6cb3ec9e0fb1c258898f648f8b33422f59ba3e8a71aee551449d7cb147bb8ead,1776412804,2026-04-17T08:00:04+00:00,0.35,clob_prices_history
17269153522875922708691197534079323882577887490263556443563241786372279871546,0x6cb3ec9e0fb1c258898f648f8b33422f59ba3e8a71aee551449d7cb147bb8ead,1776413753,2026-04-17T08:15:53+00:00,0.35,clob_prices_history
17269153522875922708691197534079323882577887490263556443563241786372279871546,0x6cb3ec9e0fb1c258898f648f8b33422f59ba3e8a71aee551449d7cb147bb8ead,1776414658,2026-04-17T08:30:58+00:00,0.35,clob_prices_history
17269153522875922708691197534079323882577887490263556443563241786372279871546,0x6cb3ec9e0fb1c258898f648f8b33422f59ba3e8a71aee551449d7cb147bb8ead,1776417358,2026-04-17T09:15:58+00:00,0.315,clob_prices_history
17269153522875922708691197534079323882577887490263556443563241786372279871546,0x6cb3ec9e0fb1c258898f648f8b33422f59ba3e8a71aee551449d7cb147bb8ead,1776420953,2026-04-17T10:15:53+00:00,0.315,clob_prices_history
17269153522875922708691197534079323882577887490263556443563241786372279871546,0x6cb3ec9e0fb1c258898f648f8b33422f59ba3e8a71aee551449d7cb147bb8ead,1776421856,2026-04-17T10:30:56+00:00,0.365,clob_prices_history
17269153522875922708691197534079323882577887490263556443563241786372279871546,0x6cb3ec9e0fb1c258898f648f8b33422f59ba3e8a71aee551449d7cb147bb8ead,1776422704,2026-04-17T10:45:04+00:00,0.365,clob_prices_history
17269153522875922708691197534079323882577887490263556443563241786372279871546,0x6cb3ec9e0fb1c258898f648f8b33422f59ba3e8a71aee551449d7cb147bb8ead,1776423657,2026-04-17T11:00:57+00:00,0.365,clob_prices_history
17269153522875922708691197534079323882577887490263556443563241786372279871546,0x6cb3ec9e0fb1c258898f648f8b33422f59ba3e8a71aee551449d7cb147bb8ead,1776424558,2026-04-17T11:15:58+00:00,0.365,clob_prices_history
17269153522875922708691197534079323882577887490263556443563241786372279871546,0x6cb3ec9e0fb1c258898f648f8b33422f59ba3e8a71aee551449d7cb147bb8ead,1776425415,2026-04-17T11:30:15+00:00,0.365,clob_prices_history
17269153522875922708691197534079323882577887490263556443563241786372279871546,0x6cb3ec9e0fb1c258898f648f8b33422f59ba3e8a71aee551449d7cb147bb8ead,1776426356,2026-04-17T11:45:56+00:00,0.365,clob_prices_history
17269153522875922708691197534079323882577887490263556443563241786372279871546,0x6cb3ec9e0fb1c258898f648f8b33422f59ba3e8a71aee551449d7cb147bb8ead,1776428158,2026-04-17T12:15:58+00:00,0.365,clob_prices_history
17269153522875922708691197534079323882577887490263556443563241786372279871546,0x6cb3ec9e0fb1c258898f648f8b33422f59ba3e8a71aee551449d7cb147bb8ead,1776431758,2026-04-17T13:15:58+00:00,0.265,clob_prices_history
17269153522875922708691197534079323882577887490263556443563241786372279871546,0x6cb3ec9e0fb1c258898f648f8b33422f59ba3e8a71aee551449d7cb147bb8ead,1776433556,2026-04-17T13:45:56+00:00,0.26,clob_prices_history
17269153522875922708691197534079323882577887490263556443563241786372279871546,0x6cb3ec9e0fb1c258898f648f8b33422f59ba3e8a71aee551449d7cb147bb8ead,1776435359,2026-04-17T14:15:59+00:00,0.245,clob_prices_history
17269153522875922708691197534079323882577887490263556443563241786372279871546,0x6cb3ec9e0fb1c258898f648f8b33422f59ba3e8a71aee551449d7cb147bb8ead,1776436225,2026-04-17T14:30:25+00:00,0.255,clob_prices_history
17269153522875922708691197534079323882577887490263556443563241786372279871546,0x6cb3ec9e0fb1c258898f648f8b33422f59ba3e8a71aee551449d7cb147bb8ead,1776437156,2026-04-17T14:45:56+00:00,0.255,clob_prices_history
17269153522875922708691197534079323882577887490263556443563241786372279871546,0x6cb3ec9e0fb1c258898f648f8b33422f59ba3e8a71aee551449d7cb147bb8ead,1776438037,2026-04-17T15:00:37+00:00,0.25,clob_prices_history
17269153522875922708691197534079323882577887490263556443563241786372279871546,0x6cb3ec9e0fb1c258898f648f8b33422f59ba3e8a71aee551449d7cb147bb8ead,1776438910,2026-04-17T15:15:10+00:00,0.25,clob_prices_history
17269153522875922708691197534079323882577887490263556443563241786372279871546,0x6cb3ec9e0fb1c258898f648f8b33422f59ba3e8a71aee551449d7cb147bb8ead,1776442516,2026-04-17T16:15:16+00:00,0.255,clob_prices_history
17269153522875922708691197534079323882577887490263556443563241786372279871546,0x6cb3ec9e0fb1c258898f648f8b33422f59ba3e8a71aee551449d7cb147bb8ead,1776443418,2026-04-17T16:30:18+00:00,0.245,clob_prices_history
17269153522875922708691197534079323882577887490263556443563241786372279871546,0x6cb3ec9e0fb1c258898f648f8b33422f59ba3e8a71aee551449d7cb147bb8ead,1776445220,2026-04-17T17:00:20+00:00,0.245,clob_prices_history
17269153522875922708691197534079323882577887490263556443563241786372279871546,0x6cb3ec9e0fb1c258898f648f8b33422f59ba3e8a71aee551449d7cb147bb8ead,1776446158,2026-04-17T17:15:58+00:00,0.245,clob_prices_history
17269153522875922708691197534079323882577887490263556443563241786372279871546,0x6cb3ec9e0fb1c258898f648f8b33422f59ba3e8a71aee551449d7cb147bb8ead,1776447020,2026-04-17T17:30:20+00:00,0.245,clob_prices_history
17269153522875922708691197534079323882577887490263556443563241786372279871546,0x6cb3ec9e0fb1c258898f648f8b33422f59ba3e8a71aee551449d7cb147bb8ead,1776447959,2026-04-17T17:45:59+00:00,0.245,clob_prices_history
17269153522875922708691197534079323882577887490263556443563241786372279871546,0x6cb3ec9e0fb1c258898f648f8b33422f59ba3e8a71aee551449d7cb147bb8ead,1776448842,2026-04-17T18:00:42+00:00,0.245,clob_prices_history
17269153522875922708691197534079323882577887490263556443563241786372279871546,0x6cb3ec9e0fb1c258898f648f8b33422f59ba3e8a71aee551449d7cb147bb8ead,1776449754,2026-04-17T18:15:54+00:00,0.25,clob_prices_history
17269153522875922708691197534079323882577887490263556443563241786372279871546,0x6cb3ec9e0fb1c258898f648f8b33422f59ba3e8a71aee551449d7cb147bb8ead,1776450617,2026-04-17T18:30:17+00:00,0.255,clob_prices_history
17269153522875922708691197534079323882577887490263556443563241786372279871546,0x6cb3ec9e0fb1c258898f648f8b33422f59ba3e8a71aee551449d7cb147bb8ead,1776451500,2026-04-17T18:45:00+00:00,0.255,clob_prices_history
17269153522875922708691197534079323882577887490263556443563241786372279871546,0x6cb3ec9e0fb1c258898f648f8b33422f59ba3e8a71aee551449d7cb147bb8ead,1776452409,2026-04-17T19:00:09+00:00,0.255,clob_prices_history
17269153522875922708691197534079323882577887490263556443563241786372279871546,0x6cb3ec9e0fb1c258898f648f8b33422f59ba3e8a71aee551449d7cb147bb8ead,1776453306,2026-04-17T19:15:06+00:00,0.255,clob_prices_history
17269153522875922708691197534079323882577887490263556443563241786372279871546,0x6cb3ec9e0fb1c258898f648f8b33422f59ba3e8a71aee551449d7cb147bb8ead,1776454221,2026-04-17T19:30:21+00:00,0.285,clob_prices_history
17269153522875922708691197534079323882577887490263556443563241786372279871546,0x6cb3ec9e0fb1c258898f648f8b33422f59ba3e8a71aee551449d7cb147bb8ead,1776455121,2026-04-17T19:45:21+00:00,0.32,clob_prices_history
17269153522875922708691197534079323882577887490263556443563241786372279871546,0x6cb3ec9e0fb1c258898f648f8b33422f59ba3e8a71aee551449d7cb147bb8ead,1776456017,2026-04-17T20:00:17+00:00,0.325,clob_prices_history
17269153522875922708691197534079323882577887490263556443563241786372279871546,0x6cb3ec9e0fb1c258898f648f8b33422f59ba3e8a71aee551449d7cb147bb8ead,1776456953,2026-04-17T20:15:53+00:00,0.435,clob_prices_history
17269153522875922708691197534079323882577887490263556443563241786372279871546,0x6cb3ec9e0fb1c258898f648f8b33422f59ba3e8a71aee551449d7cb147bb8ead,1776457801,2026-04-17T20:30:01+00:00,0.445,clob_prices_history
17269153522875922708691197534079323882577887490263556443563241786372279871546,0x6cb3ec9e0fb1c258898f648f8b33422f59ba3e8a71aee551449d7cb147bb8ead,1776458702,2026-04-17T20:45:02+00:00,0.445,clob_prices_history
17269153522875922708691197534079323882577887490263556443563241786372279871546,0x6cb3ec9e0fb1c258898f648f8b33422f59ba3e8a71aee551449d7cb147bb8ead,1776462356,2026-04-17T21:45:56+00:00,0.435,clob_prices_history
17269153522875922708691197534079323882577887490263556443563241786372279871546,0x6cb3ec9e0fb1c258898f648f8b33422f59ba3e8a71aee551449d7cb147bb8ead,1776464153,2026-04-17T22:15:53+00:00,0.43,clob_prices_history
17269153522875922708691197534079323882577887490263556443563241786372279871546,0x6cb3ec9e0fb1c258898f648f8b33422f59ba3e8a71aee551449d7cb147bb8ead,1776467758,2026-04-17T23:15:58+00:00,0.425,clob_prices_history
17269153522875922708691197534079323882577887490263556443563241786372279871546,0x6cb3ec9e0fb1c258898f648f8b33422f59ba3e8a71aee551449d7cb147bb8ead,1776468612,2026-04-17T23:30:12+00:00,0.425,clob_prices_history
17269153522875922708691197534079323882577887490263556443563241786372279871546,0x6cb3ec9e0fb1c258898f648f8b33422f59ba3e8a71aee551449d7cb147bb8ead,1776469557,2026-04-17T23:45:57+00:00,0.425,clob_prices_history
17269153522875922708691197534079323882577887490263556443563241786372279871546,0x6cb3ec9e0fb1c258898f648f8b33422f59ba3e8a71aee551449d7cb147bb8ead,1776470429,2026-04-18T00:00:29+00:00,0.425,clob_prices_history
17269153522875922708691197534079323882577887490263556443563241786372279871546,0x6cb3ec9e0fb1c258898f648f8b33422f59ba3e8a71aee551449d7cb147bb8ead,1776471357,2026-04-18T00:15:57+00:00,0.425,clob_prices_history
17269153522875922708691197534079323882577887490263556443563241786372279871546,0x6cb3ec9e0fb1c258898f648f8b33422f59ba3e8a71aee551449d7cb147bb8ead,1776473154,2026-04-18T00:45:54+00:00,0.425,clob_prices_history
17269153522875922708691197534079323882577887490263556443563241786372279871546,0x6cb3ec9e0fb1c258898f648f8b33422f59ba3e8a71aee551449d7cb147bb8ead,1776474955,2026-04-18T01:15:55+00:00,0.425,clob_prices_history
17269153522875922708691197534079323882577887490263556443563241786372279871546,0x6cb3ec9e0fb1c258898f648f8b33422f59ba3e8a71aee551449d7cb147bb8ead,1776478504,2026-04-18T02:15:04+00:00,0.41,clob_prices_history
17269153522875922708691197534079323882577887490263556443563241786372279871546,0x6cb3ec9e0fb1c258898f648f8b33422f59ba3e8a71aee551449d7cb147bb8ead,1776480316,2026-04-18T02:45:16+00:00,0.405,clob_prices_history
17269153522875922708691197534079323882577887490263556443563241786372279871546,0x6cb3ec9e0fb1c258898f648f8b33422f59ba3e8a71aee551449d7cb147bb8ead,1776482158,2026-04-18T03:15:58+00:00,0.405,clob_prices_history
17269153522875922708691197534079323882577887490263556443563241786372279871546,0x6cb3ec9e0fb1c258898f648f8b33422f59ba3e8a71aee551449d7cb147bb8ead,1776483904,2026-04-18T03:45:04+00:00,0.405,clob_prices_history
17269153522875922708691197534079323882577887490263556443563241786372279871546,0x6cb3ec9e0fb1c258898f648f8b33422f59ba3e8a71aee551449d7cb147bb8ead,1776485751,2026-04-18T04:15:51+00:00,0.405,clob_prices_history
17269153522875922708691197534079323882577887490263556443563241786372279871546,0x6cb3ec9e0fb1c258898f648f8b33422f59ba3e8a71aee551449d7cb147bb8ead,1776486659,2026-04-18T04:30:59+00:00,0.41,clob_prices_history
17269153522875922708691197534079323882577887490263556443563241786372279871546,0x6cb3ec9e0fb1c258898f648f8b33422f59ba3e8a71aee551449d7cb147bb8ead,1776487557,2026-04-18T04:45:57+00:00,0.41,clob_prices_history
17269153522875922708691197534079323882577887490263556443563241786372279871546,0x6cb3ec9e0fb1c258898f648f8b33422f59ba3e8a71aee551449d7cb147bb8ead,1776488402,2026-04-18T05:00:02+00:00,0.41,clob_prices_history
17269153522875922708691197534079323882577887490263556443563241786372279871546,0x6cb3ec9e0fb1c258898f648f8b33422f59ba3e8a71aee551449d7cb147bb8ead,1776489358,2026-04-18T05:15:58+00:00,0.385,clob_prices_history
17269153522875922708691197534079323882577887490263556443563241786372279871546,0x6cb3ec9e0fb1c258898f648f8b33422f59ba3e8a71aee551449d7cb147bb8ead,1776490210,2026-04-18T05:30:10+00:00,0.385,clob_prices_history
17269153522875922708691197534079323882577887490263556443563241786372279871546,0x6cb3ec9e0fb1c258898f648f8b33422f59ba3e8a71aee551449d7cb147bb8ead,1776491157,2026-04-18T05:45:57+00:00,0.385,clob_prices_history
17269153522875922708691197534079323882577887490263556443563241786372279871546,0x6cb3ec9e0fb1c258898f648f8b33422f59ba3e8a71aee551449d7cb147bb8ead,1776494752,2026-04-18T06:45:52+00:00,0.355,clob_prices_history
17269153522875922708691197534079323882577887490263556443563241786372279871546,0x6cb3ec9e0fb1c258898f648f8b33422f59ba3e8a71aee551449d7cb147bb8ead,1776495658,2026-04-18T07:00:58+00:00,0.355,clob_prices_history
17269153522875922708691197534079323882577887490263556443563241786372279871546,0x6cb3ec9e0fb1c258898f648f8b33422f59ba3e8a71aee551449d7cb147bb8ead,1776496556,2026-04-18T07:15:56+00:00,0.355,clob_prices_history
17269153522875922708691197534079323882577887490263556443563241786372279871546,0x6cb3ec9e0fb1c258898f648f8b33422f59ba3e8a71aee551449d7cb147bb8ead,1776497458,2026-04-18T07:30:58+00:00,0.36,clob_prices_history
17269153522875922708691197534079323882577887490263556443563241786372279871546,0x6cb3ec9e0fb1c258898f648f8b33422f59ba3e8a71aee551449d7cb147bb8ead,1776498354,2026-04-18T07:45:54+00:00,0.36,clob_prices_history
17269153522875922708691197534079323882577887490263556443563241786372279871546,0x6cb3ec9e0fb1c258898f648f8b33422f59ba3e8a71aee551449d7cb147bb8ead,1776500159,2026-04-18T08:15:59+00:00,0.35,clob_prices_history
17269153522875922708691197534079323882577887490263556443563241786372279871546,0x6cb3ec9e0fb1c258898f648f8b33422f59ba3e8a71aee551449d7cb147bb8ead,1776501955,2026-04-18T08:45:55+00:00,0.35,clob_prices_history
17269153522875922708691197534079323882577887490263556443563241786372279871546,0x6cb3ec9e0fb1c258898f648f8b33422f59ba3e8a71aee551449d7cb147bb8ead,1776503752,2026-04-18T09:15:52+00:00,0.345,clob_prices_history
17269153522875922708691197534079323882577887490263556443563241786372279871546,0x6cb3ec9e0fb1c258898f648f8b33422f59ba3e8a71aee551449d7cb147bb8ead,1776505552,2026-04-18T09:45:52+00:00,0.345,clob_prices_history
17269153522875922708691197534079323882577887490263556443563241786372279871546,0x6cb3ec9e0fb1c258898f648f8b33422f59ba3e8a71aee551449d7cb147bb8ead,1776507354,2026-04-18T10:15:54+00:00,0.345,clob_prices_history
17269153522875922708691197534079323882577887490263556443563241786372279871546,0x6cb3ec9e0fb1c258898f648f8b33422f59ba3e8a71aee551449d7cb147bb8ead,1776510019,2026-04-18T11:00:19+00:00,0.415,clob_prices_history
17269153522875922708691197534079323882577887490263556443563241786372279871546,0x6cb3ec9e0fb1c258898f648f8b33422f59ba3e8a71aee551449d7cb147bb8ead,1776510957,2026-04-18T11:15:57+00:00,0.415,clob_prices_history
17269153522875922708691197534079323882577887490263556443563241786372279871546,0x6cb3ec9e0fb1c258898f648f8b33422f59ba3e8a71aee551449d7cb147bb8ead,1776512755,2026-04-18T11:45:55+00:00,0.405,clob_prices_history
17269153522875922708691197534079323882577887490263556443563241786372279871546,0x6cb3ec9e0fb1c258898f648f8b33422f59ba3e8a71aee551449d7cb147bb8ead,1776514531,2026-04-18T12:15:31+00:00,0.405,clob_prices_history
17269153522875922708691197534079323882577887490263556443563241786372279871546,0x6cb3ec9e0fb1c258898f648f8b33422f59ba3e8a71aee551449d7cb147bb8ead,1776516300,2026-04-18T12:45:00+00:00,0.395,clob_prices_history
17269153522875922708691197534079323882577887490263556443563241786372279871546,0x6cb3ec9e0fb1c258898f648f8b33422f59ba3e8a71aee551449d7cb147bb8ead,1776518100,2026-04-18T13:15:00+00:00,0.4,clob_prices_history
17269153522875922708691197534079323882577887490263556443563241786372279871546,0x6cb3ec9e0fb1c258898f648f8b33422f59ba3e8a71aee551449d7cb147bb8ead,1776519900,2026-04-18T13:45:00+00:00,0.395,clob_prices_history
17269153522875922708691197534079323882577887490263556443563241786372279871546,0x6cb3ec9e0fb1c258898f648f8b33422f59ba3e8a71aee551449d7cb147bb8ead,1776521755,2026-04-18T14:15:55+00:00,0.4,clob_prices_history
17269153522875922708691197534079323882577887490263556443563241786372279871546,0x6cb3ec9e0fb1c258898f648f8b33422f59ba3e8a71aee551449d7cb147bb8ead,1776522605,2026-04-18T14:30:05+00:00,0.405,clob_prices_history
17269153522875922708691197534079323882577887490263556443563241786372279871546,0x6cb3ec9e0fb1c258898f648f8b33422f59ba3e8a71aee551449d7cb147bb8ead,1776523552,2026-04-18T14:45:52+00:00,0.405,clob_prices_history
17269153522875922708691197534079323882577887490263556443563241786372279871546,0x6cb3ec9e0fb1c258898f648f8b33422f59ba3e8a71aee551449d7cb147bb8ead,1776524440,2026-04-18T15:00:40+00:00,0.41,clob_prices_history
17269153522875922708691197534079323882577887490263556443563241786372279871546,0x6cb3ec9e0fb1c258898f648f8b33422f59ba3e8a71aee551449d7cb147bb8ead,1776527156,2026-04-18T15:45:56+00:00,0.41,clob_prices_history
17269153522875922708691197534079323882577887490263556443563241786372279871546,0x6cb3ec9e0fb1c258898f648f8b33422f59ba3e8a71aee551449d7cb147bb8ead,1776528953,2026-04-18T16:15:53+00:00,0.415,clob_prices_history
17269153522875922708691197534079323882577887490263556443563241786372279871546,0x6cb3ec9e0fb1c258898f648f8b33422f59ba3e8a71aee551449d7cb147bb8ead,1776529831,2026-04-18T16:30:31+00:00,0.415,clob_prices_history
17269153522875922708691197534079323882577887490263556443563241786372279871546,0x6cb3ec9e0fb1c258898f648f8b33422f59ba3e8a71aee551449d7cb147bb8ead,1776530751,2026-04-18T16:45:51+00:00,0.415,clob_prices_history
17269153522875922708691197534079323882577887490263556443563241786372279871546,0x6cb3ec9e0fb1c258898f648f8b33422f59ba3e8a71aee551449d7cb147bb8ead,1776532531,2026-04-18T17:15:31+00:00,0.405,clob_prices_history
17269153522875922708691197534079323882577887490263556443563241786372279871546,0x6cb3ec9e0fb1c258898f648f8b33422f59ba3e8a71aee551449d7cb147bb8ead,1776533433,2026-04-18T17:30:33+00:00,0.405,clob_prices_history
17269153522875922708691197534079323882577887490263556443563241786372279871546,0x6cb3ec9e0fb1c258898f648f8b33422f59ba3e8a71aee551449d7cb147bb8ead,1776534317,2026-04-18T17:45:17+00:00,0.44,clob_prices_history
17269153522875922708691197534079323882577887490263556443563241786372279871546,0x6cb3ec9e0fb1c258898f648f8b33422f59ba3e8a71aee551449d7cb147bb8ead,1776535218,2026-04-18T18:00:18+00:00,0.455,clob_prices_history
17269153522875922708691197534079323882577887490263556443563241786372279871546,0x6cb3ec9e0fb1c258898f648f8b33422f59ba3e8a71aee551449d7cb147bb8ead,1776536159,2026-04-18T18:15:59+00:00,0.465,clob_prices_history
17269153522875922708691197534079323882577887490263556443563241786372279871546,0x6cb3ec9e0fb1c258898f648f8b33422f59ba3e8a71aee551449d7cb147bb8ead,1776537011,2026-04-18T18:30:11+00:00,0.465,clob_prices_history
17269153522875922708691197534079323882577887490263556443563241786372279871546,0x6cb3ec9e0fb1c258898f648f8b33422f59ba3e8a71aee551449d7cb147bb8ead,1776539700,2026-04-18T19:15:00+00:00,0.475,clob_prices_history
17269153522875922708691197534079323882577887490263556443563241786372279871546,0x6cb3ec9e0fb1c258898f648f8b33422f59ba3e8a71aee551449d7cb147bb8ead,1776539754,2026-04-18T19:15:54+00:00,0.475,clob_prices_history
17269153522875922708691197534079323882577887490263556443563241786372279871546,0x6cb3ec9e0fb1c258898f648f8b33422f59ba3e8a71aee551449d7cb147bb8ead,1776541554,2026-04-18T19:45:54+00:00,0.475,clob_prices_history
17269153522875922708691197534079323882577887490263556443563241786372279871546,0x6cb3ec9e0fb1c258898f648f8b33422f59ba3e8a71aee551449d7cb147bb8ead,1776542403,2026-04-18T20:00:03+00:00,0.475,clob_prices_history
17269153522875922708691197534079323882577887490263556443563241786372279871546,0x6cb3ec9e0fb1c258898f648f8b33422f59ba3e8a71aee551449d7cb147bb8ead,1776543357,2026-04-18T20:15:57+00:00,0.475,clob_prices_history
17269153522875922708691197534079323882577887490263556443563241786372279871546,0x6cb3ec9e0fb1c258898f648f8b33422f59ba3e8a71aee551449d7cb147bb8ead,1776545152,2026-04-18T20:45:52+00:00,0.475,clob_prices_history
17269153522875922708691197534079323882577887490263556443563241786372279871546,0x6cb3ec9e0fb1c258898f648f8b33422f59ba3e8a71aee551449d7cb147bb8ead,1776546919,2026-04-18T21:15:19+00:00,0.475,clob_prices_history
17269153522875922708691197534079323882577887490263556443563241786372279871546,0x6cb3ec9e0fb1c258898f648f8b33422f59ba3e8a71aee551449d7cb147bb8ead,1776547816,2026-04-18T21:30:16+00:00,0.475,clob_prices_history
17269153522875922708691197534079323882577887490263556443563241786372279871546,0x6cb3ec9e0fb1c258898f648f8b33422f59ba3e8a71aee551449d7cb147bb8ead,1776548749,2026-04-18T21:45:49+00:00,0.475,clob_prices_history
17269153522875922708691197534079323882577887490263556443563241786372279871546,0x6cb3ec9e0fb1c258898f648f8b33422f59ba3e8a71aee551449d7cb147bb8ead,1776550551,2026-04-18T22:15:51+00:00,0.495,clob_prices_history
17269153522875922708691197534079323882577887490263556443563241786372279871546,0x6cb3ec9e0fb1c258898f648f8b33422f59ba3e8a71aee551449d7cb147bb8ead,1776552352,2026-04-18T22:45:52+00:00,0.495,clob_prices_history
17269153522875922708691197534079323882577887490263556443563241786372279871546,0x6cb3ec9e0fb1c258898f648f8b33422f59ba3e8a71aee551449d7cb147bb8ead,1776554104,2026-04-18T23:15:04+00:00,0.495,clob_prices_history
17269153522875922708691197534079323882577887490263556443563241786372279871546,0x6cb3ec9e0fb1c258898f648f8b33422f59ba3e8a71aee551449d7cb147bb8ead,1776555900,2026-04-18T23:45:00+00:00,0.56,clob_prices_history
17269153522875922708691197534079323882577887490263556443563241786372279871546,0x6cb3ec9e0fb1c258898f648f8b33422f59ba3e8a71aee551449d7cb147bb8ead,1776555951,2026-04-18T23:45:51+00:00,0.56,clob_prices_history
17269153522875922708691197534079323882577887490263556443563241786372279871546,0x6cb3ec9e0fb1c258898f648f8b33422f59ba3e8a71aee551449d7cb147bb8ead,1776557759,2026-04-19T00:15:59+00:00,0.565,clob_prices_history
17269153522875922708691197534079323882577887490263556443563241786372279871546,0x6cb3ec9e0fb1c258898f648f8b33422f59ba3e8a71aee551449d7cb147bb8ead,1776561348,2026-04-19T01:15:48+00:00,0.575,clob_prices_history
17269153522875922708691197534079323882577887490263556443563241786372279871546,0x6cb3ec9e0fb1c258898f648f8b33422f59ba3e8a71aee551449d7cb147bb8ead,1776562252,2026-04-19T01:30:52+00:00,0.565,clob_prices_history
17269153522875922708691197534079323882577887490263556443563241786372279871546,0x6cb3ec9e0fb1c258898f648f8b33422f59ba3e8a71aee551449d7cb147bb8ead,1776563153,2026-04-19T01:45:53+00:00,0.555,clob_prices_history
17269153522875922708691197534079323882577887490263556443563241786372279871546,0x6cb3ec9e0fb1c258898f648f8b33422f59ba3e8a71aee551449d7cb147bb8ead,1776564949,2026-04-19T02:15:49+00:00,0.54,clob_prices_history
17269153522875922708691197534079323882577887490263556443563241786372279871546,0x6cb3ec9e0fb1c258898f648f8b33422f59ba3e8a71aee551449d7cb147bb8ead,1776566748,2026-04-19T02:45:48+00:00,0.505,clob_prices_history
17269153522875922708691197534079323882577887490263556443563241786372279871546,0x6cb3ec9e0fb1c258898f648f8b33422f59ba3e8a71aee551449d7cb147bb8ead,1776568546,2026-04-19T03:15:46+00:00,0.505,clob_prices_history
17269153522875922708691197534079323882577887490263556443563241786372279871546,0x6cb3ec9e0fb1c258898f648f8b33422f59ba3e8a71aee551449d7cb147bb8ead,1776569456,2026-04-19T03:30:56+00:00,0.505,clob_prices_history
17269153522875922708691197534079323882577887490263556443563241786372279871546,0x6cb3ec9e0fb1c258898f648f8b33422f59ba3e8a71aee551449d7cb147bb8ead,1776570348,2026-04-19T03:45:48+00:00,0.485,clob_prices_history
17269153522875922708691197534079323882577887490263556443563241786372279871546,0x6cb3ec9e0fb1c258898f648f8b33422f59ba3e8a71aee551449d7cb147bb8ead,1776572150,2026-04-19T04:15:50+00:00,0.495,clob_prices_history
17269153522875922708691197534079323882577887490263556443563241786372279871546,0x6cb3ec9e0fb1c258898f648f8b33422f59ba3e8a71aee551449d7cb147bb8ead,1776573950,2026-04-19T04:45:50+00:00,0.495,clob_prices_history
17269153522875922708691197534079323882577887490263556443563241786372279871546,0x6cb3ec9e0fb1c258898f648f8b33422f59ba3e8a71aee551449d7cb147bb8ead,1776574858,2026-04-19T05:00:58+00:00,0.495,clob_prices_history
17269153522875922708691197534079323882577887490263556443563241786372279871546,0x6cb3ec9e0fb1c258898f648f8b33422f59ba3e8a71aee551449d7cb147bb8ead,1776575758,2026-04-19T05:15:58+00:00,0.495,clob_prices_history
17269153522875922708691197534079323882577887490263556443563241786372279871546,0x6cb3ec9e0fb1c258898f648f8b33422f59ba3e8a71aee551449d7cb147bb8ead,1776576657,2026-04-19T05:30:57+00:00,0.49,clob_prices_history
17269153522875922708691197534079323882577887490263556443563241786372279871546,0x6cb3ec9e0fb1c258898f648f8b33422f59ba3e8a71aee551449d7cb147bb8ead,1776577552,2026-04-19T05:45:52+00:00,0.49,clob_prices_history
17269153522875922708691197534079323882577887490263556443563241786372279871546,0x6cb3ec9e0fb1c258898f648f8b33422f59ba3e8a71aee551449d7cb147bb8ead,1776579348,2026-04-19T06:15:48+00:00,0.5,clob_prices_history
17269153522875922708691197534079323882577887490263556443563241786372279871546,0x6cb3ec9e0fb1c258898f648f8b33422f59ba3e8a71aee551449d7cb147bb8ead,1776581148,2026-04-19T06:45:48+00:00,0.5,clob_prices_history
17269153522875922708691197534079323882577887490263556443563241786372279871546,0x6cb3ec9e0fb1c258898f648f8b33422f59ba3e8a71aee551449d7cb147bb8ead,1776582053,2026-04-19T07:00:53+00:00,0.51,clob_prices_history
17269153522875922708691197534079323882577887490263556443563241786372279871546,0x6cb3ec9e0fb1c258898f648f8b33422f59ba3e8a71aee551449d7cb147bb8ead,1776582948,2026-04-19T07:15:48+00:00,0.51,clob_prices_history
17269153522875922708691197534079323882577887490263556443563241786372279871546,0x6cb3ec9e0fb1c258898f648f8b33422f59ba3e8a71aee551449d7cb147bb8ead,1776583859,2026-04-19T07:30:59+00:00,0.51,clob_prices_history
17269153522875922708691197534079323882577887490263556443563241786372279871546,0x6cb3ec9e0fb1c258898f648f8b33422f59ba3e8a71aee551449d7cb147bb8ead,1776584752,2026-04-19T07:45:52+00:00,0.5,clob_prices_history
17269153522875922708691197534079323882577887490263556443563241786372279871546,0x6cb3ec9e0fb1c258898f648f8b33422f59ba3e8a71aee551449d7cb147bb8ead,1776585600,2026-04-19T08:00:00+00:00,0.5,clob_prices_history
17269153522875922708691197534079323882577887490263556443563241786372279871546,0x6cb3ec9e0fb1c258898f648f8b33422f59ba3e8a71aee551449d7cb147bb8ead,1776586552,2026-04-19T08:15:52+00:00,0.5,clob_prices_history
17269153522875922708691197534079323882577887490263556443563241786372279871546,0x6cb3ec9e0fb1c258898f648f8b33422f59ba3e8a71aee551449d7cb147bb8ead,1776588351,2026-04-19T08:45:51+00:00,0.5,clob_prices_history
17269153522875922708691197534079323882577887490263556443563241786372279871546,0x6cb3ec9e0fb1c258898f648f8b33422f59ba3e8a71aee551449d7cb147bb8ead,1776591006,2026-04-19T09:30:06+00:00,0.5,clob_prices_history
17269153522875922708691197534079323882577887490263556443563241786372279871546,0x6cb3ec9e0fb1c258898f648f8b33422f59ba3e8a71aee551449d7cb147bb8ead,1776591954,2026-04-19T09:45:54+00:00,0.5,clob_prices_history
17269153522875922708691197534079323882577887490263556443563241786372279871546,0x6cb3ec9e0fb1c258898f648f8b33422f59ba3e8a71aee551449d7cb147bb8ead,1776593750,2026-04-19T10:15:50+00:00,0.5,clob_prices_history
17269153522875922708691197534079323882577887490263556443563241786372279871546,0x6cb3ec9e0fb1c258898f648f8b33422f59ba3e8a71aee551449d7cb147bb8ead,1776595554,2026-04-19T10:45:54+00:00,0.5,clob_prices_history
17269153522875922708691197534079323882577887490263556443563241786372279871546,0x6cb3ec9e0fb1c258898f648f8b33422f59ba3e8a71aee551449d7cb147bb8ead,1776597352,2026-04-19T11:15:52+00:00,0.5,clob_prices_history
17269153522875922708691197534079323882577887490263556443563241786372279871546,0x6cb3ec9e0fb1c258898f648f8b33422f59ba3e8a71aee551449d7cb147bb8ead,1776599150,2026-04-19T11:45:50+00:00,0.48,clob_prices_history
17269153522875922708691197534079323882577887490263556443563241786372279871546,0x6cb3ec9e0fb1c258898f648f8b33422f59ba3e8a71aee551449d7cb147bb8ead,1776600006,2026-04-19T12:00:06+00:00,0.48,clob_prices_history
17269153522875922708691197534079323882577887490263556443563241786372279871546,0x6cb3ec9e0fb1c258898f648f8b33422f59ba3e8a71aee551449d7cb147bb8ead,1776600954,2026-04-19T12:15:54+00:00,0.48,clob_prices_history
17269153522875922708691197534079323882577887490263556443563241786372279871546,0x6cb3ec9e0fb1c258898f648f8b33422f59ba3e8a71aee551449d7cb147bb8ead,1776602703,2026-04-19T12:45:03+00:00,0.485,clob_prices_history
17269153522875922708691197534079323882577887490263556443563241786372279871546,0x6cb3ec9e0fb1c258898f648f8b33422f59ba3e8a71aee551449d7cb147bb8ead,1776602757,2026-04-19T12:45:57+00:00,0.485,clob_prices_history
17269153522875922708691197534079323882577887490263556443563241786372279871546,0x6cb3ec9e0fb1c258898f648f8b33422f59ba3e8a71aee551449d7cb147bb8ead,1776604512,2026-04-19T13:15:12+00:00,0.485,clob_prices_history
17269153522875922708691197534079323882577887490263556443563241786372279871546,0x6cb3ec9e0fb1c258898f648f8b33422f59ba3e8a71aee551449d7cb147bb8ead,1776606353,2026-04-19T13:45:53+00:00,0.475,clob_prices_history
17269153522875922708691197534079323882577887490263556443563241786372279871546,0x6cb3ec9e0fb1c258898f648f8b33422f59ba3e8a71aee551449d7cb147bb8ead,1776608159,2026-04-19T14:15:59+00:00,0.475,clob_prices_history
17269153522875922708691197534079323882577887490263556443563241786372279871546,0x6cb3ec9e0fb1c258898f648f8b33422f59ba3e8a71aee551449d7cb147bb8ead,1776609901,2026-04-19T14:45:01+00:00,0.385,clob_prices_history
17269153522875922708691197534079323882577887490263556443563241786372279871546,0x6cb3ec9e0fb1c258898f648f8b33422f59ba3e8a71aee551449d7cb147bb8ead,1776611752,2026-04-19T15:15:52+00:00,0.345,clob_prices_history
17269153522875922708691197534079323882577887490263556443563241786372279871546,0x6cb3ec9e0fb1c258898f648f8b33422f59ba3e8a71aee551449d7cb147bb8ead,1776612637,2026-04-19T15:30:37+00:00,0.285,clob_prices_history
17269153522875922708691197534079323882577887490263556443563241786372279871546,0x6cb3ec9e0fb1c258898f648f8b33422f59ba3e8a71aee551449d7cb147bb8ead,1776613549,2026-04-19T15:45:49+00:00,0.335,clob_prices_history
17269153522875922708691197534079323882577887490263556443563241786372279871546,0x6cb3ec9e0fb1c258898f648f8b33422f59ba3e8a71aee551449d7cb147bb8ead,1776614425,2026-04-19T16:00:25+00:00,0.345,clob_prices_history
17269153522875922708691197534079323882577887490263556443563241786372279871546,0x6cb3ec9e0fb1c258898f648f8b33422f59ba3e8a71aee551449d7cb147bb8ead,1776615350,2026-04-19T16:15:50+00:00,0.345,clob_prices_history
17269153522875922708691197534079323882577887490263556443563241786372279871546,0x6cb3ec9e0fb1c258898f648f8b33422f59ba3e8a71aee551449d7cb147bb8ead,1776617158,2026-04-19T16:45:58+00:00,0.345,clob_prices_history
17269153522875922708691197534079323882577887490263556443563241786372279871546,0x6cb3ec9e0fb1c258898f648f8b33422f59ba3e8a71aee551449d7cb147bb8ead,1776618956,2026-04-19T17:15:56+00:00,0.495,clob_prices_history
17269153522875922708691197534079323882577887490263556443563241786372279871546,0x6cb3ec9e0fb1c258898f648f8b33422f59ba3e8a71aee551449d7cb147bb8ead,1776622556,2026-04-19T18:15:56+00:00,0.45,clob_prices_history
17269153522875922708691197534079323882577887490263556443563241786372279871546,0x6cb3ec9e0fb1c258898f648f8b33422f59ba3e8a71aee551449d7cb147bb8ead,1776624359,2026-04-19T18:45:59+00:00,0.42,clob_prices_history
17269153522875922708691197534079323882577887490263556443563241786372279871546,0x6cb3ec9e0fb1c258898f648f8b33422f59ba3e8a71aee551449d7cb147bb8ead,1776627008,2026-04-19T19:30:08+00:00,0.435,clob_prices_history
17269153522875922708691197534079323882577887490263556443563241786372279871546,0x6cb3ec9e0fb1c258898f648f8b33422f59ba3e8a71aee551449d7cb147bb8ead,1776627955,2026-04-19T19:45:55+00:00,0.435,clob_prices_history
17269153522875922708691197534079323882577887490263556443563241786372279871546,0x6cb3ec9e0fb1c258898f648f8b33422f59ba3e8a71aee551449d7cb147bb8ead,1776629750,2026-04-19T20:15:50+00:00,0.585,clob_prices_history
17269153522875922708691197534079323882577887490263556443563241786372279871546,0x6cb3ec9e0fb1c258898f648f8b33422f59ba3e8a71aee551449d7cb147bb8ead,1776631553,2026-04-19T20:45:53+00:00,0.585,clob_prices_history
17269153522875922708691197534079323882577887490263556443563241786372279871546,0x6cb3ec9e0fb1c258898f648f8b33422f59ba3e8a71aee551449d7cb147bb8ead,1776633349,2026-04-19T21:15:49+00:00,0.69,clob_prices_history
17269153522875922708691197534079323882577887490263556443563241786372279871546,0x6cb3ec9e0fb1c258898f648f8b33422f59ba3e8a71aee551449d7cb147bb8ead,1776635152,2026-04-19T21:45:52+00:00,0.685,clob_prices_history
17269153522875922708691197534079323882577887490263556443563241786372279871546,0x6cb3ec9e0fb1c258898f648f8b33422f59ba3e8a71aee551449d7cb147bb8ead,1776636954,2026-04-19T22:15:54+00:00,0.635,clob_prices_history
17269153522875922708691197534079323882577887490263556443563241786372279871546,0x6cb3ec9e0fb1c258898f648f8b33422f59ba3e8a71aee551449d7cb147bb8ead,1776638753,2026-04-19T22:45:53+00:00,0.615,clob_prices_history
17269153522875922708691197534079323882577887490263556443563241786372279871546,0x6cb3ec9e0fb1c258898f648f8b33422f59ba3e8a71aee551449d7cb147bb8ead,1776640549,2026-04-19T23:15:49+00:00,0.605,clob_prices_history
17269153522875922708691197534079323882577887490263556443563241786372279871546,0x6cb3ec9e0fb1c258898f648f8b33422f59ba3e8a71aee551449d7cb147bb8ead,1776642354,2026-04-19T23:45:54+00:00,0.575,clob_prices_history
17269153522875922708691197534079323882577887490263556443563241786372279871546,0x6cb3ec9e0fb1c258898f648f8b33422f59ba3e8a71aee551449d7cb147bb8ead,1776644154,2026-04-20T00:15:54+00:00,0.575,clob_prices_history
17269153522875922708691197534079323882577887490263556443563241786372279871546,0x6cb3ec9e0fb1c258898f648f8b33422f59ba3e8a71aee551449d7cb147bb8ead,1776645948,2026-04-20T00:45:48+00:00,0.575,clob_prices_history
17269153522875922708691197534079323882577887490263556443563241786372279871546,0x6cb3ec9e0fb1c258898f648f8b33422f59ba3e8a71aee551449d7cb147bb8ead,1776647751,2026-04-20T01:15:51+00:00,0.565,clob_prices_history
17269153522875922708691197534079323882577887490263556443563241786372279871546,0x6cb3ec9e0fb1c258898f648f8b33422f59ba3e8a71aee551449d7cb147bb8ead,1776649546,2026-04-20T01:45:46+00:00,0.565,clob_prices_history
17269153522875922708691197534079323882577887490263556443563241786372279871546,0x6cb3ec9e0fb1c258898f648f8b33422f59ba3e8a71aee551449d7cb147bb8ead,1776651348,2026-04-20T02:15:48+00:00,0.565,clob_prices_history
17269153522875922708691197534079323882577887490263556443563241786372279871546,0x6cb3ec9e0fb1c258898f648f8b33422f59ba3e8a71aee551449d7cb147bb8ead,1776653156,2026-04-20T02:45:56+00:00,0.56,clob_prices_history
17269153522875922708691197534079323882577887490263556443563241786372279871546,0x6cb3ec9e0fb1c258898f648f8b33422f59ba3e8a71aee551449d7cb147bb8ead,1776654947,2026-04-20T03:15:47+00:00,0.565,clob_prices_history
17269153522875922708691197534079323882577887490263556443563241786372279871546,0x6cb3ec9e0fb1c258898f648f8b33422f59ba3e8a71aee551449d7cb147bb8ead,1776658553,2026-04-20T04:15:53+00:00,0.58,clob_prices_history
17269153522875922708691197534079323882577887490263556443563241786372279871546,0x6cb3ec9e0fb1c258898f648f8b33422f59ba3e8a71aee551449d7cb147bb8ead,1776660348,2026-04-20T04:45:48+00:00,0.58,clob_prices_history
17269153522875922708691197534079323882577887490263556443563241786372279871546,0x6cb3ec9e0fb1c258898f648f8b33422f59ba3e8a71aee551449d7cb147bb8ead,1776661203,2026-04-20T05:00:03+00:00,0.58,clob_prices_history
17269153522875922708691197534079323882577887490263556443563241786372279871546,0x6cb3ec9e0fb1c258898f648f8b33422f59ba3e8a71aee551449d7cb147bb8ead,1776662149,2026-04-20T05:15:49+00:00,0.57,clob_prices_history
17269153522875922708691197534079323882577887490263556443563241786372279871546,0x6cb3ec9e0fb1c258898f648f8b33422f59ba3e8a71aee551449d7cb147bb8ead,1776663951,2026-04-20T05:45:51+00:00,0.57,clob_prices_history
17269153522875922708691197534079323882577887490263556443563241786372279871546,0x6cb3ec9e0fb1c258898f648f8b33422f59ba3e8a71aee551449d7cb147bb8ead,1776665751,2026-04-20T06:15:51+00:00,0.57,clob_prices_history
17269153522875922708691197534079323882577887490263556443563241786372279871546,0x6cb3ec9e0fb1c258898f648f8b33422f59ba3e8a71aee551449d7cb147bb8ead,1776666600,2026-04-20T06:30:00+00:00,0.57,clob_prices_history
17269153522875922708691197534079323882577887490263556443563241786372279871546,0x6cb3ec9e0fb1c258898f648f8b33422f59ba3e8a71aee551449d7cb147bb8ead,1776667502,2026-04-20T06:45:02+00:00,0.57,clob_prices_history
17269153522875922708691197534079323882577887490263556443563241786372279871546,0x6cb3ec9e0fb1c258898f648f8b33422f59ba3e8a71aee551449d7cb147bb8ead,1776667559,2026-04-20T06:45:59+00:00,0.57,clob_prices_history
17269153522875922708691197534079323882577887490263556443563241786372279871546,0x6cb3ec9e0fb1c258898f648f8b33422f59ba3e8a71aee551449d7cb147bb8ead,1776669351,2026-04-20T07:15:51+00:00,0.57,clob_prices_history
17269153522875922708691197534079323882577887490263556443563241786372279871546,0x6cb3ec9e0fb1c258898f648f8b33422f59ba3e8a71aee551449d7cb147bb8ead,1776672010,2026-04-20T08:00:10+00:00,0.555,clob_prices_history
17269153522875922708691197534079323882577887490263556443563241786372279871546,0x6cb3ec9e0fb1c258898f648f8b33422f59ba3e8a71aee551449d7cb147bb8ead,1776672958,2026-04-20T08:15:58+00:00,0.555,clob_prices_history
17269153522875922708691197534079323882577887490263556443563241786372279871546,0x6cb3ec9e0fb1c258898f648f8b33422f59ba3e8a71aee551449d7cb147bb8ead,1776673816,2026-04-20T08:30:16+00:00,0.565,clob_prices_history
17269153522875922708691197534079323882577887490263556443563241786372279871546,0x6cb3ec9e0fb1c258898f648f8b33422f59ba3e8a71aee551449d7cb147bb8ead,1776674707,2026-04-20T08:45:07+00:00,0.565,clob_prices_history
17269153522875922708691197534079323882577887490263556443563241786372279871546,0x6cb3ec9e0fb1c258898f648f8b33422f59ba3e8a71aee551449d7cb147bb8ead,1776676512,2026-04-20T09:15:12+00:00,0.565,clob_prices_history
17269153522875922708691197534079323882577887490263556443563241786372279871546,0x6cb3ec9e0fb1c258898f648f8b33422f59ba3e8a71aee551449d7cb147bb8ead,1776677404,2026-04-20T09:30:04+00:00,0.565,clob_prices_history
17269153522875922708691197534079323882577887490263556443563241786372279871546,0x6cb3ec9e0fb1c258898f648f8b33422f59ba3e8a71aee551449d7cb147bb8ead,1776678358,2026-04-20T09:45:58+00:00,0.56,clob_prices_history
17269153522875922708691197534079323882577887490263556443563241786372279871546,0x6cb3ec9e0fb1c258898f648f8b33422f59ba3e8a71aee551449d7cb147bb8ead,1776679206,2026-04-20T10:00:06+00:00,0.56,clob_prices_history
17269153522875922708691197534079323882577887490263556443563241786372279871546,0x6cb3ec9e0fb1c258898f648f8b33422f59ba3e8a71aee551449d7cb147bb8ead,1776680153,2026-04-20T10:15:53+00:00,0.565,clob_prices_history
17269153522875922708691197534079323882577887490263556443563241786372279871546,0x6cb3ec9e0fb1c258898f648f8b33422f59ba3e8a71aee551449d7cb147bb8ead,1776682803,2026-04-20T11:00:03+00:00,0.565,clob_prices_history
17269153522875922708691197534079323882577887490263556443563241786372279871546,0x6cb3ec9e0fb1c258898f648f8b33422f59ba3e8a71aee551449d7cb147bb8ead,1776687359,2026-04-20T12:15:59+00:00,0.565,clob_prices_history
17269153522875922708691197534079323882577887490263556443563241786372279871546,0x6cb3ec9e0fb1c258898f648f8b33422f59ba3e8a71aee551449d7cb147bb8ead,1776690018,2026-04-20T13:00:18+00:00,0.565,clob_prices_history
17269153522875922708691197534079323882577887490263556443563241786372279871546,0x6cb3ec9e0fb1c258898f648f8b33422f59ba3e8a71aee551449d7cb147bb8ead,1776691822,2026-04-20T13:30:22+00:00,0.565,clob_prices_history
17269153522875922708691197534079323882577887490263556443563241786372279871546,0x6cb3ec9e0fb1c258898f648f8b33422f59ba3e8a71aee551449d7cb147bb8ead,1776692714,2026-04-20T13:45:14+00:00,0.565,clob_prices_history
17269153522875922708691197534079323882577887490263556443563241786372279871546,0x6cb3ec9e0fb1c258898f648f8b33422f59ba3e8a71aee551449d7cb147bb8ead,1776703522,2026-04-20T16:45:22+00:00,0.555,clob_prices_history
17269153522875922708691197534079323882577887490263556443563241786372279871546,0x6cb3ec9e0fb1c258898f648f8b33422f59ba3e8a71aee551449d7cb147bb8ead,1776707127,2026-04-20T17:45:27+00:00,0.545,clob_prices_history
17269153522875922708691197534079323882577887490263556443563241786372279871546,0x6cb3ec9e0fb1c258898f648f8b33422f59ba3e8a71aee551449d7cb147bb8ead,1776708952,2026-04-20T18:15:52+00:00,0.545,clob_prices_history
17269153522875922708691197534079323882577887490263556443563241786372279871546,0x6cb3ec9e0fb1c258898f648f8b33422f59ba3e8a71aee551449d7cb147bb8ead,1776710712,2026-04-20T18:45:12+00:00,0.545,clob_prices_history
17269153522875922708691197534079323882577887490263556443563241786372279871546,0x6cb3ec9e0fb1c258898f648f8b33422f59ba3e8a71aee551449d7cb147bb8ead,1776711610,2026-04-20T19:00:10+00:00,0.545,clob_prices_history
17269153522875922708691197534079323882577887490263556443563241786372279871546,0x6cb3ec9e0fb1c258898f648f8b33422f59ba3e8a71aee551449d7cb147bb8ead,1776712503,2026-04-20T19:15:03+00:00,0.545,clob_prices_history
17269153522875922708691197534079323882577887490263556443563241786372279871546,0x6cb3ec9e0fb1c258898f648f8b33422f59ba3e8a71aee551449d7cb147bb8ead,1776713439,2026-04-20T19:30:39+00:00,0.555,clob_prices_history
17269153522875922708691197534079323882577887490263556443563241786372279871546,0x6cb3ec9e0fb1c258898f648f8b33422f59ba3e8a71aee551449d7cb147bb8ead,1776714306,2026-04-20T19:45:06+00:00,0.58,clob_prices_history
17269153522875922708691197534079323882577887490263556443563241786372279871546,0x6cb3ec9e0fb1c258898f648f8b33422f59ba3e8a71aee551449d7cb147bb8ead,1776716103,2026-04-20T20:15:03+00:00,0.595,clob_prices_history
17269153522875922708691197534079323882577887490263556443563241786372279871546,0x6cb3ec9e0fb1c258898f648f8b33422f59ba3e8a71aee551449d7cb147bb8ead,1776717956,2026-04-20T20:45:56+00:00,0.58,clob_prices_history
17269153522875922708691197534079323882577887490263556443563241786372279871546,0x6cb3ec9e0fb1c258898f648f8b33422f59ba3e8a71aee551449d7cb147bb8ead,1776718840,2026-04-20T21:00:40+00:00,0.58,clob_prices_history
17269153522875922708691197534079323882577887490263556443563241786372279871546,0x6cb3ec9e0fb1c258898f648f8b33422f59ba3e8a71aee551449d7cb147bb8ead,1776719758,2026-04-20T21:15:58+00:00,0.575,clob_prices_history
17269153522875922708691197534079323882577887490263556443563241786372279871546,0x6cb3ec9e0fb1c258898f648f8b33422f59ba3e8a71aee551449d7cb147bb8ead,1776721555,2026-04-20T21:45:55+00:00,0.575,clob_prices_history
17269153522875922708691197534079323882577887490263556443563241786372279871546,0x6cb3ec9e0fb1c258898f648f8b33422f59ba3e8a71aee551449d7cb147bb8ead,1776723352,2026-04-20T22:15:52+00:00,0.58,clob_prices_history
17269153522875922708691197534079323882577887490263556443563241786372279871546,0x6cb3ec9e0fb1c258898f648f8b33422f59ba3e8a71aee551449d7cb147bb8ead,1776724230,2026-04-20T22:30:30+00:00,0.58,clob_prices_history
17269153522875922708691197534079323882577887490263556443563241786372279871546,0x6cb3ec9e0fb1c258898f648f8b33422f59ba3e8a71aee551449d7cb147bb8ead,1776726008,2026-04-20T23:00:08+00:00,0.58,clob_prices_history
17269153522875922708691197534079323882577887490263556443563241786372279871546,0x6cb3ec9e0fb1c258898f648f8b33422f59ba3e8a71aee551449d7cb147bb8ead,1776728742,2026-04-20T23:45:42+00:00,0.665,clob_prices_history
17269153522875922708691197534079323882577887490263556443563241786372279871546,0x6cb3ec9e0fb1c258898f648f8b33422f59ba3e8a71aee551449d7cb147bb8ead,1776730503,2026-04-21T00:15:03+00:00,0.665,clob_prices_history
17269153522875922708691197534079323882577887490263556443563241786372279871546,0x6cb3ec9e0fb1c258898f648f8b33422f59ba3e8a71aee551449d7cb147bb8ead,1776731406,2026-04-21T00:30:06+00:00,0.665,clob_prices_history
17269153522875922708691197534079323882577887490263556443563241786372279871546,0x6cb3ec9e0fb1c258898f648f8b33422f59ba3e8a71aee551449d7cb147bb8ead,1776734128,2026-04-21T01:15:28+00:00,0.655,clob_prices_history
17269153522875922708691197534079323882577887490263556443563241786372279871546,0x6cb3ec9e0fb1c258898f648f8b33422f59ba3e8a71aee551449d7cb147bb8ead,1776737752,2026-04-21T02:15:52+00:00,0.655,clob_prices_history
17269153522875922708691197534079323882577887490263556443563241786372279871546,0x6cb3ec9e0fb1c258898f648f8b33422f59ba3e8a71aee551449d7cb147bb8ead,1776738632,2026-04-21T02:30:32+00:00,0.655,clob_prices_history
17269153522875922708691197534079323882577887490263556443563241786372279871546,0x6cb3ec9e0fb1c258898f648f8b33422f59ba3e8a71aee551449d7cb147bb8ead,1776739504,2026-04-21T02:45:04+00:00,0.645,clob_prices_history
17269153522875922708691197534079323882577887490263556443563241786372279871546,0x6cb3ec9e0fb1c258898f648f8b33422f59ba3e8a71aee551449d7cb147bb8ead,1776741356,2026-04-21T03:15:56+00:00,0.645,clob_prices_history
17269153522875922708691197534079323882577887490263556443563241786372279871546,0x6cb3ec9e0fb1c258898f648f8b33422f59ba3e8a71aee551449d7cb147bb8ead,1776743151,2026-04-21T03:45:51+00:00,0.645,clob_prices_history
17269153522875922708691197534079323882577887490263556443563241786372279871546,0x6cb3ec9e0fb1c258898f648f8b33422f59ba3e8a71aee551449d7cb147bb8ead,1776744958,2026-04-21T04:15:58+00:00,0.645,clob_prices_history
17269153522875922708691197534079323882577887490263556443563241786372279871546,0x6cb3ec9e0fb1c258898f648f8b33422f59ba3e8a71aee551449d7cb147bb8ead,1776746756,2026-04-21T04:45:56+00:00,0.645,clob_prices_history
17269153522875922708691197534079323882577887490263556443563241786372279871546,0x6cb3ec9e0fb1c258898f648f8b33422f59ba3e8a71aee551449d7cb147bb8ead,1776748554,2026-04-21T05:15:54+00:00,0.645,clob_prices_history
17269153522875922708691197534079323882577887490263556443563241786372279871546,0x6cb3ec9e0fb1c258898f648f8b33422f59ba3e8a71aee551449d7cb147bb8ead,1776750351,2026-04-21T05:45:51+00:00,0.645,clob_prices_history
17269153522875922708691197534079323882577887490263556443563241786372279871546,0x6cb3ec9e0fb1c258898f648f8b33422f59ba3e8a71aee551449d7cb147bb8ead,1776751227,2026-04-21T06:00:27+00:00,0.645,clob_prices_history
17269153522875922708691197534079323882577887490263556443563241786372279871546,0x6cb3ec9e0fb1c258898f648f8b33422f59ba3e8a71aee551449d7cb147bb8ead,1776752153,2026-04-21T06:15:53+00:00,0.645,clob_prices_history
17269153522875922708691197534079323882577887490263556443563241786372279871546,0x6cb3ec9e0fb1c258898f648f8b33422f59ba3e8a71aee551449d7cb147bb8ead,1776753954,2026-04-21T06:45:54+00:00,0.65,clob_prices_history
17269153522875922708691197534079323882577887490263556443563241786372279871546,0x6cb3ec9e0fb1c258898f648f8b33422f59ba3e8a71aee551449d7cb147bb8ead,1776755752,2026-04-21T07:15:52+00:00,0.65,clob_prices_history
17269153522875922708691197534079323882577887490263556443563241786372279871546,0x6cb3ec9e0fb1c258898f648f8b33422f59ba3e8a71aee551449d7cb147bb8ead,1776757556,2026-04-21T07:45:56+00:00,0.645,clob_prices_history
17269153522875922708691197534079323882577887490263556443563241786372279871546,0x6cb3ec9e0fb1c258898f648f8b33422f59ba3e8a71aee551449d7cb147bb8ead,1776758434,2026-04-21T08:00:34+00:00,0.65,clob_prices_history
17269153522875922708691197534079323882577887490263556443563241786372279871546,0x6cb3ec9e0fb1c258898f648f8b33422f59ba3e8a71aee551449d7cb147bb8ead,1776761157,2026-04-21T08:45:57+00:00,0.61,clob_prices_history
17269153522875922708691197534079323882577887490263556443563241786372279871546,0x6cb3ec9e0fb1c258898f648f8b33422f59ba3e8a71aee551449d7cb147bb8ead,1776762955,2026-04-21T09:15:55+00:00,0.61,clob_prices_history
17269153522875922708691197534079323882577887490263556443563241786372279871546,0x6cb3ec9e0fb1c258898f648f8b33422f59ba3e8a71aee551449d7cb147bb8ead,1776763814,2026-04-21T09:30:14+00:00,0.61,clob_prices_history
17269153522875922708691197534079323882577887490263556443563241786372279871546,0x6cb3ec9e0fb1c258898f648f8b33422f59ba3e8a71aee551449d7cb147bb8ead,1776764727,2026-04-21T09:45:27+00:00,0.61,clob_prices_history
17269153522875922708691197534079323882577887490263556443563241786372279871546,0x6cb3ec9e0fb1c258898f648f8b33422f59ba3e8a71aee551449d7cb147bb8ead,1776765647,2026-04-21T10:00:47+00:00,0.615,clob_prices_history
17269153522875922708691197534079323882577887490263556443563241786372279871546,0x6cb3ec9e0fb1c258898f648f8b33422f59ba3e8a71aee551449d7cb147bb8ead,1776766519,2026-04-21T10:15:19+00:00,0.615,clob_prices_history
17269153522875922708691197534079323882577887490263556443563241786372279871546,0x6cb3ec9e0fb1c258898f648f8b33422f59ba3e8a71aee551449d7cb147bb8ead,1776767443,2026-04-21T10:30:43+00:00,0.62,clob_prices_history
17269153522875922708691197534079323882577887490263556443563241786372279871546,0x6cb3ec9e0fb1c258898f648f8b33422f59ba3e8a71aee551449d7cb147bb8ead,1776768314,2026-04-21T10:45:14+00:00,0.62,clob_prices_history
17269153522875922708691197534079323882577887490263556443563241786372279871546,0x6cb3ec9e0fb1c258898f648f8b33422f59ba3e8a71aee551449d7cb147bb8ead,1776770124,2026-04-21T11:15:24+00:00,0.615,clob_prices_history
17269153522875922708691197534079323882577887490263556443563241786372279871546,0x6cb3ec9e0fb1c258898f648f8b33422f59ba3e8a71aee551449d7cb147bb8ead,1776771952,2026-04-21T11:45:52+00:00,0.61,clob_prices_history
17269153522875922708691197534079323882577887490263556443563241786372279871546,0x6cb3ec9e0fb1c258898f648f8b33422f59ba3e8a71aee551449d7cb147bb8ead,1776773713,2026-04-21T12:15:13+00:00,0.61,clob_prices_history
17269153522875922708691197534079323882577887490263556443563241786372279871546,0x6cb3ec9e0fb1c258898f648f8b33422f59ba3e8a71aee551449d7cb147bb8ead,1776775500,2026-04-21T12:45:00+00:00,0.615,clob_prices_history
17269153522875922708691197534079323882577887490263556443563241786372279871546,0x6cb3ec9e0fb1c258898f648f8b33422f59ba3e8a71aee551449d7cb147bb8ead,1776777318,2026-04-21T13:15:18+00:00,0.62,clob_prices_history
17269153522875922708691197534079323882577887490263556443563241786372279871546,0x6cb3ec9e0fb1c258898f648f8b33422f59ba3e8a71aee551449d7cb147bb8ead,1776778228,2026-04-21T13:30:28+00:00,0.625,clob_prices_history
17269153522875922708691197534079323882577887490263556443563241786372279871546,0x6cb3ec9e0fb1c258898f648f8b33422f59ba3e8a71aee551449d7cb147bb8ead,1776779159,2026-04-21T13:45:59+00:00,0.625,clob_prices_history
17269153522875922708691197534079323882577887490263556443563241786372279871546,0x6cb3ec9e0fb1c258898f648f8b33422f59ba3e8a71aee551449d7cb147bb8ead,1776780049,2026-04-21T14:00:49+00:00,0.625,clob_prices_history
17269153522875922708691197534079323882577887490263556443563241786372279871546,0x6cb3ec9e0fb1c258898f648f8b33422f59ba3e8a71aee551449d7cb147bb8ead,1776780952,2026-04-21T14:15:52+00:00,0.625,clob_prices_history
17269153522875922708691197534079323882577887490263556443563241786372279871546,0x6cb3ec9e0fb1c258898f648f8b33422f59ba3e8a71aee551449d7cb147bb8ead,1776781819,2026-04-21T14:30:19+00:00,0.625,clob_prices_history
17269153522875922708691197534079323882577887490263556443563241786372279871546,0x6cb3ec9e0fb1c258898f648f8b33422f59ba3e8a71aee551449d7cb147bb8ead,1776784530,2026-04-21T15:15:30+00:00,0.625,clob_prices_history
17269153522875922708691197534079323882577887490263556443563241786372279871546,0x6cb3ec9e0fb1c258898f648f8b33422f59ba3e8a71aee551449d7cb147bb8ead,1776785443,2026-04-21T15:30:43+00:00,0.63,clob_prices_history
17269153522875922708691197534079323882577887490263556443563241786372279871546,0x6cb3ec9e0fb1c258898f648f8b33422f59ba3e8a71aee551449d7cb147bb8ead,1776786306,2026-04-21T15:45:06+00:00,0.63,clob_prices_history
17269153522875922708691197534079323882577887490263556443563241786372279871546,0x6cb3ec9e0fb1c258898f648f8b33422f59ba3e8a71aee551449d7cb147bb8ead,1776788137,2026-04-21T16:15:37+00:00,0.63,clob_prices_history
17269153522875922708691197534079323882577887490263556443563241786372279871546,0x6cb3ec9e0fb1c258898f648f8b33422f59ba3e8a71aee551449d7cb147bb8ead,1776789013,2026-04-21T16:30:13+00:00,0.63,clob_prices_history
17269153522875922708691197534079323882577887490263556443563241786372279871546,0x6cb3ec9e0fb1c258898f648f8b33422f59ba3e8a71aee551449d7cb147bb8ead,1776789931,2026-04-21T16:45:31+00:00,0.635,clob_prices_history
17269153522875922708691197534079323882577887490263556443563241786372279871546,0x6cb3ec9e0fb1c258898f648f8b33422f59ba3e8a71aee551449d7cb147bb8ead,1776790840,2026-04-21T17:00:40+00:00,0.625,clob_prices_history
17269153522875922708691197534079323882577887490263556443563241786372279871546,0x6cb3ec9e0fb1c258898f648f8b33422f59ba3e8a71aee551449d7cb147bb8ead,1776793534,2026-04-21T17:45:34+00:00,0.625,clob_prices_history
17269153522875922708691197534079323882577887490263556443563241786372279871546,0x6cb3ec9e0fb1c258898f648f8b33422f59ba3e8a71aee551449d7cb147bb8ead,1776795326,2026-04-21T18:15:26+00:00,0.625,clob_prices_history
17269153522875922708691197534079323882577887490263556443563241786372279871546,0x6cb3ec9e0fb1c258898f648f8b33422f59ba3e8a71aee551449d7cb147bb8ead,1776796219,2026-04-21T18:30:19+00:00,0.615,clob_prices_history
17269153522875922708691197534079323882577887490263556443563241786372279871546,0x6cb3ec9e0fb1c258898f648f8b33422f59ba3e8a71aee551449d7cb147bb8ead,1776797133,2026-04-21T18:45:33+00:00,0.615,clob_prices_history
17269153522875922708691197534079323882577887490263556443563241786372279871546,0x6cb3ec9e0fb1c258898f648f8b33422f59ba3e8a71aee551449d7cb147bb8ead,1776798058,2026-04-21T19:00:58+00:00,0.615,clob_prices_history
17269153522875922708691197534079323882577887490263556443563241786372279871546,0x6cb3ec9e0fb1c258898f648f8b33422f59ba3e8a71aee551449d7cb147bb8ead,1776798919,2026-04-21T19:15:19+00:00,0.615,clob_prices_history
17269153522875922708691197534079323882577887490263556443563241786372279871546,0x6cb3ec9e0fb1c258898f648f8b33422f59ba3e8a71aee551449d7cb147bb8ead,1776799810,2026-04-21T19:30:10+00:00,0.61,clob_prices_history
17269153522875922708691197534079323882577887490263556443563241786372279871546,0x6cb3ec9e0fb1c258898f648f8b33422f59ba3e8a71aee551449d7cb147bb8ead,1776800744,2026-04-21T19:45:44+00:00,0.635,clob_prices_history
17269153522875922708691197534079323882577887490263556443563241786372279871546,0x6cb3ec9e0fb1c258898f648f8b33422f59ba3e8a71aee551449d7cb147bb8ead,1776801632,2026-04-21T20:00:32+00:00,0.63,clob_prices_history
17269153522875922708691197534079323882577887490263556443563241786372279871546,0x6cb3ec9e0fb1c258898f648f8b33422f59ba3e8a71aee551449d7cb147bb8ead,1776802520,2026-04-21T20:15:20+00:00,0.63,clob_prices_history
17269153522875922708691197534079323882577887490263556443563241786372279871546,0x6cb3ec9e0fb1c258898f648f8b33422f59ba3e8a71aee551449d7cb147bb8ead,1776803418,2026-04-21T20:30:18+00:00,0.63,clob_prices_history
17269153522875922708691197534079323882577887490263556443563241786372279871546,0x6cb3ec9e0fb1c258898f648f8b33422f59ba3e8a71aee551449d7cb147bb8ead,1776804326,2026-04-21T20:45:26+00:00,0.655,clob_prices_history
17269153522875922708691197534079323882577887490263556443563241786372279871546,0x6cb3ec9e0fb1c258898f648f8b33422f59ba3e8a71aee551449d7cb147bb8ead,1776805243,2026-04-21T21:00:43+00:00,0.66,clob_prices_history
17269153522875922708691197534079323882577887490263556443563241786372279871546,0x6cb3ec9e0fb1c258898f648f8b33422f59ba3e8a71aee551449d7cb147bb8ead,1776806135,2026-04-21T21:15:35+00:00,0.655,clob_prices_history
17269153522875922708691197534079323882577887490263556443563241786372279871546,0x6cb3ec9e0fb1c258898f648f8b33422f59ba3e8a71aee551449d7cb147bb8ead,1776807926,2026-04-21T21:45:26+00:00,0.66,clob_prices_history
17269153522875922708691197534079323882577887490263556443563241786372279871546,0x6cb3ec9e0fb1c258898f648f8b33422f59ba3e8a71aee551449d7cb147bb8ead,1776809712,2026-04-21T22:15:12+00:00,0.665,clob_prices_history
17269153522875922708691197534079323882577887490263556443563241786372279871546,0x6cb3ec9e0fb1c258898f648f8b33422f59ba3e8a71aee551449d7cb147bb8ead,1776810653,2026-04-21T22:30:53+00:00,0.665,clob_prices_history
17269153522875922708691197534079323882577887490263556443563241786372279871546,0x6cb3ec9e0fb1c258898f648f8b33422f59ba3e8a71aee551449d7cb147bb8ead,1776811549,2026-04-21T22:45:49+00:00,0.715,clob_prices_history
17269153522875922708691197534079323882577887490263556443563241786372279871546,0x6cb3ec9e0fb1c258898f648f8b33422f59ba3e8a71aee551449d7cb147bb8ead,1776812446,2026-04-21T23:00:46+00:00,0.695,clob_prices_history
17269153522875922708691197534079323882577887490263556443563241786372279871546,0x6cb3ec9e0fb1c258898f648f8b33422f59ba3e8a71aee551449d7cb147bb8ead,1776813305,2026-04-21T23:15:05+00:00,0.675,clob_prices_history
17269153522875922708691197534079323882577887490263556443563241786372279871546,0x6cb3ec9e0fb1c258898f648f8b33422f59ba3e8a71aee551449d7cb147bb8ead,1776814210,2026-04-21T23:30:10+00:00,0.69,clob_prices_history
17269153522875922708691197534079323882577887490263556443563241786372279871546,0x6cb3ec9e0fb1c258898f648f8b33422f59ba3e8a71aee551449d7cb147bb8ead,1776815105,2026-04-21T23:45:05+00:00,0.695,clob_prices_history
17269153522875922708691197534079323882577887490263556443563241786372279871546,0x6cb3ec9e0fb1c258898f648f8b33422f59ba3e8a71aee551449d7cb147bb8ead,1776816017,2026-04-22T00:00:17+00:00,0.715,clob_prices_history
17269153522875922708691197534079323882577887490263556443563241786372279871546,0x6cb3ec9e0fb1c258898f648f8b33422f59ba3e8a71aee551449d7cb147bb8ead,1776816907,2026-04-22T00:15:07+00:00,0.715,clob_prices_history
17269153522875922708691197534079323882577887490263556443563241786372279871546,0x6cb3ec9e0fb1c258898f648f8b33422f59ba3e8a71aee551449d7cb147bb8ead,1776817807,2026-04-22T00:30:07+00:00,0.71,clob_prices_history
17269153522875922708691197534079323882577887490263556443563241786372279871546,0x6cb3ec9e0fb1c258898f648f8b33422f59ba3e8a71aee551449d7cb147bb8ead,1776818708,2026-04-22T00:45:08+00:00,0.71,clob_prices_history
17269153522875922708691197534079323882577887490263556443563241786372279871546,0x6cb3ec9e0fb1c258898f648f8b33422f59ba3e8a71aee551449d7cb147bb8ead,1776819608,2026-04-22T01:00:08+00:00,0.71,clob_prices_history
17269153522875922708691197534079323882577887490263556443563241786372279871546,0x6cb3ec9e0fb1c258898f648f8b33422f59ba3e8a71aee551449d7cb147bb8ead,1776820509,2026-04-22T01:15:09+00:00,0.71,clob_prices_history
17269153522875922708691197534079323882577887490263556443563241786372279871546,0x6cb3ec9e0fb1c258898f648f8b33422f59ba3e8a71aee551449d7cb147bb8ead,1776821408,2026-04-22T01:30:08+00:00,0.715,clob_prices_history
17269153522875922708691197534079323882577887490263556443563241786372279871546,0x6cb3ec9e0fb1c258898f648f8b33422f59ba3e8a71aee551449d7cb147bb8ead,1776822309,2026-04-22T01:45:09+00:00,0.715,clob_prices_history
17269153522875922708691197534079323882577887490263556443563241786372279871546,0x6cb3ec9e0fb1c258898f648f8b33422f59ba3e8a71aee551449d7cb147bb8ead,1776823214,2026-04-22T02:00:14+00:00,0.715,clob_prices_history
17269153522875922708691197534079323882577887490263556443563241786372279871546,0x6cb3ec9e0fb1c258898f648f8b33422f59ba3e8a71aee551449d7cb147bb8ead,1776824106,2026-04-22T02:15:06+00:00,0.705,clob_prices_history
17269153522875922708691197534079323882577887490263556443563241786372279871546,0x6cb3ec9e0fb1c258898f648f8b33422f59ba3e8a71aee551449d7cb147bb8ead,1776825008,2026-04-22T02:30:08+00:00,0.695,clob_prices_history
17269153522875922708691197534079323882577887490263556443563241786372279871546,0x6cb3ec9e0fb1c258898f648f8b33422f59ba3e8a71aee551449d7cb147bb8ead,1776825904,2026-04-22T02:45:04+00:00,0.695,clob_prices_history
17269153522875922708691197534079323882577887490263556443563241786372279871546,0x6cb3ec9e0fb1c258898f648f8b33422f59ba3e8a71aee551449d7cb147bb8ead,1776826808,2026-04-22T03:00:08+00:00,0.71,clob_prices_history
17269153522875922708691197534079323882577887490263556443563241786372279871546,0x6cb3ec9e0fb1c258898f648f8b33422f59ba3e8a71aee551449d7cb147bb8ead,1776827709,2026-04-22T03:15:09+00:00,0.71,clob_prices_history
17269153522875922708691197534079323882577887490263556443563241786372279871546,0x6cb3ec9e0fb1c258898f648f8b33422f59ba3e8a71aee551449d7cb147bb8ead,1776828609,2026-04-22T03:30:09+00:00,0.705,clob_prices_history
17269153522875922708691197534079323882577887490263556443563241786372279871546,0x6cb3ec9e0fb1c258898f648f8b33422f59ba3e8a71aee551449d7cb147bb8ead,1776829509,2026-04-22T03:45:09+00:00,0.705,clob_prices_history
17269153522875922708691197534079323882577887490263556443563241786372279871546,0x6cb3ec9e0fb1c258898f648f8b33422f59ba3e8a71aee551449d7cb147bb8ead,1776830409,2026-04-22T04:00:09+00:00,0.705,clob_prices_history
17269153522875922708691197534079323882577887490263556443563241786372279871546,0x6cb3ec9e0fb1c258898f648f8b33422f59ba3e8a71aee551449d7cb147bb8ead,1776831305,2026-04-22T04:15:05+00:00,0.705,clob_prices_history
17269153522875922708691197534079323882577887490263556443563241786372279871546,0x6cb3ec9e0fb1c258898f648f8b33422f59ba3e8a71aee551449d7cb147bb8ead,1776832209,2026-04-22T04:30:09+00:00,0.705,clob_prices_history
17269153522875922708691197534079323882577887490263556443563241786372279871546,0x6cb3ec9e0fb1c258898f648f8b33422f59ba3e8a71aee551449d7cb147bb8ead,1776833105,2026-04-22T04:45:05+00:00,0.705,clob_prices_history
17269153522875922708691197534079323882577887490263556443563241786372279871546,0x6cb3ec9e0fb1c258898f648f8b33422f59ba3e8a71aee551449d7cb147bb8ead,1776834010,2026-04-22T05:00:10+00:00,0.71,clob_prices_history
17269153522875922708691197534079323882577887490263556443563241786372279871546,0x6cb3ec9e0fb1c258898f648f8b33422f59ba3e8a71aee551449d7cb147bb8ead,1776834907,2026-04-22T05:15:07+00:00,0.725,clob_prices_history
17269153522875922708691197534079323882577887490263556443563241786372279871546,0x6cb3ec9e0fb1c258898f648f8b33422f59ba3e8a71aee551449d7cb147bb8ead,1776835810,2026-04-22T05:30:10+00:00,0.725,clob_prices_history
17269153522875922708691197534079323882577887490263556443563241786372279871546,0x6cb3ec9e0fb1c258898f648f8b33422f59ba3e8a71aee551449d7cb147bb8ead,1776836708,2026-04-22T05:45:08+00:00,0.725,clob_prices_history
17269153522875922708691197534079323882577887490263556443563241786372279871546,0x6cb3ec9e0fb1c258898f648f8b33422f59ba3e8a71aee551449d7cb147bb8ead,1776837613,2026-04-22T06:00:13+00:00,0.725,clob_prices_history
17269153522875922708691197534079323882577887490263556443563241786372279871546,0x6cb3ec9e0fb1c258898f648f8b33422f59ba3e8a71aee551449d7cb147bb8ead,1776838507,2026-04-22T06:15:07+00:00,0.725,clob_prices_history
17269153522875922708691197534079323882577887490263556443563241786372279871546,0x6cb3ec9e0fb1c258898f648f8b33422f59ba3e8a71aee551449d7cb147bb8ead,1776839408,2026-04-22T06:30:08+00:00,0.725,clob_prices_history
17269153522875922708691197534079323882577887490263556443563241786372279871546,0x6cb3ec9e0fb1c258898f648f8b33422f59ba3e8a71aee551449d7cb147bb8ead,1776840307,2026-04-22T06:45:07+00:00,0.725,clob_prices_history
17269153522875922708691197534079323882577887490263556443563241786372279871546,0x6cb3ec9e0fb1c258898f648f8b33422f59ba3e8a71aee551449d7cb147bb8ead,1776841209,2026-04-22T07:00:09+00:00,0.725,clob_prices_history
17269153522875922708691197534079323882577887490263556443563241786372279871546,0x6cb3ec9e0fb1c258898f648f8b33422f59ba3e8a71aee551449d7cb147bb8ead,1776842105,2026-04-22T07:15:05+00:00,0.725,clob_prices_history
17269153522875922708691197534079323882577887490263556443563241786372279871546,0x6cb3ec9e0fb1c258898f648f8b33422f59ba3e8a71aee551449d7cb147bb8ead,1776843010,2026-04-22T07:30:10+00:00,0.725,clob_prices_history
17269153522875922708691197534079323882577887490263556443563241786372279871546,0x6cb3ec9e0fb1c258898f648f8b33422f59ba3e8a71aee551449d7cb147bb8ead,1776843906,2026-04-22T07:45:06+00:00,0.725,clob_prices_history
17269153522875922708691197534079323882577887490263556443563241786372279871546,0x6cb3ec9e0fb1c258898f648f8b33422f59ba3e8a71aee551449d7cb147bb8ead,1776844807,2026-04-22T08:00:07+00:00,0.725,clob_prices_history
17269153522875922708691197534079323882577887490263556443563241786372279871546,0x6cb3ec9e0fb1c258898f648f8b33422f59ba3e8a71aee551449d7cb147bb8ead,1776845705,2026-04-22T08:15:05+00:00,0.72,clob_prices_history
17269153522875922708691197534079323882577887490263556443563241786372279871546,0x6cb3ec9e0fb1c258898f648f8b33422f59ba3e8a71aee551449d7cb147bb8ead,1776846608,2026-04-22T08:30:08+00:00,0.72,clob_prices_history
17269153522875922708691197534079323882577887490263556443563241786372279871546,0x6cb3ec9e0fb1c258898f648f8b33422f59ba3e8a71aee551449d7cb147bb8ead,1776847506,2026-04-22T08:45:06+00:00,0.72,clob_prices_history
17269153522875922708691197534079323882577887490263556443563241786372279871546,0x6cb3ec9e0fb1c258898f648f8b33422f59ba3e8a71aee551449d7cb147bb8ead,1776848409,2026-04-22T09:00:09+00:00,0.715,clob_prices_history
17269153522875922708691197534079323882577887490263556443563241786372279871546,0x6cb3ec9e0fb1c258898f648f8b33422f59ba3e8a71aee551449d7cb147bb8ead,1776849312,2026-04-22T09:15:12+00:00,0.705,clob_prices_history
17269153522875922708691197534079323882577887490263556443563241786372279871546,0x6cb3ec9e0fb1c258898f648f8b33422f59ba3e8a71aee551449d7cb147bb8ead,1776850209,2026-04-22T09:30:09+00:00,0.69,clob_prices_history
17269153522875922708691197534079323882577887490263556443563241786372279871546,0x6cb3ec9e0fb1c258898f648f8b33422f59ba3e8a71aee551449d7cb147bb8ead,1776851108,2026-04-22T09:45:08+00:00,0.69,clob_prices_history
17269153522875922708691197534079323882577887490263556443563241786372279871546,0x6cb3ec9e0fb1c258898f648f8b33422f59ba3e8a71aee551449d7cb147bb8ead,1776852008,2026-04-22T10:00:08+00:00,0.705,clob_prices_history
17269153522875922708691197534079323882577887490263556443563241786372279871546,0x6cb3ec9e0fb1c258898f648f8b33422f59ba3e8a71aee551449d7cb147bb8ead,1776852907,2026-04-22T10:15:07+00:00,0.705,clob_prices_history
17269153522875922708691197534079323882577887490263556443563241786372279871546,0x6cb3ec9e0fb1c258898f648f8b33422f59ba3e8a71aee551449d7cb147bb8ead,1776853811,2026-04-22T10:30:11+00:00,0.69,clob_prices_history
17269153522875922708691197534079323882577887490263556443563241786372279871546,0x6cb3ec9e0fb1c258898f648f8b33422f59ba3e8a71aee551449d7cb147bb8ead,1776854706,2026-04-22T10:45:06+00:00,0.685,clob_prices_history
17269153522875922708691197534079323882577887490263556443563241786372279871546,0x6cb3ec9e0fb1c258898f648f8b33422f59ba3e8a71aee551449d7cb147bb8ead,1776855610,2026-04-22T11:00:10+00:00,0.69,clob_prices_history
17269153522875922708691197534079323882577887490263556443563241786372279871546,0x6cb3ec9e0fb1c258898f648f8b33422f59ba3e8a71aee551449d7cb147bb8ead,1776856506,2026-04-22T11:15:06+00:00,0.69,clob_prices_history
17269153522875922708691197534079323882577887490263556443563241786372279871546,0x6cb3ec9e0fb1c258898f648f8b33422f59ba3e8a71aee551449d7cb147bb8ead,1776857409,2026-04-22T11:30:09+00:00,0.69,clob_prices_history
17269153522875922708691197534079323882577887490263556443563241786372279871546,0x6cb3ec9e0fb1c258898f648f8b33422f59ba3e8a71aee551449d7cb147bb8ead,1776858305,2026-04-22T11:45:05+00:00,0.685,clob_prices_history
17269153522875922708691197534079323882577887490263556443563241786372279871546,0x6cb3ec9e0fb1c258898f648f8b33422f59ba3e8a71aee551449d7cb147bb8ead,1776859215,2026-04-22T12:00:15+00:00,0.685,clob_prices_history
17269153522875922708691197534079323882577887490263556443563241786372279871546,0x6cb3ec9e0fb1c258898f648f8b33422f59ba3e8a71aee551449d7cb147bb8ead,1776860105,2026-04-22T12:15:05+00:00,0.665,clob_prices_history
17269153522875922708691197534079323882577887490263556443563241786372279871546,0x6cb3ec9e0fb1c258898f648f8b33422f59ba3e8a71aee551449d7cb147bb8ead,1776861009,2026-04-22T12:30:09+00:00,0.665,clob_prices_history
17269153522875922708691197534079323882577887490263556443563241786372279871546,0x6cb3ec9e0fb1c258898f648f8b33422f59ba3e8a71aee551449d7cb147bb8ead,1776861907,2026-04-22T12:45:07+00:00,0.66,clob_prices_history
17269153522875922708691197534079323882577887490263556443563241786372279871546,0x6cb3ec9e0fb1c258898f648f8b33422f59ba3e8a71aee551449d7cb147bb8ead,1776862808,2026-04-22T13:00:08+00:00,0.66,clob_prices_history
17269153522875922708691197534079323882577887490263556443563241786372279871546,0x6cb3ec9e0fb1c258898f648f8b33422f59ba3e8a71aee551449d7cb147bb8ead,1776863708,2026-04-22T13:15:08+00:00,0.66,clob_prices_history
17269153522875922708691197534079323882577887490263556443563241786372279871546,0x6cb3ec9e0fb1c258898f648f8b33422f59ba3e8a71aee551449d7cb147bb8ead,1776864612,2026-04-22T13:30:12+00:00,0.66,clob_prices_history
17269153522875922708691197534079323882577887490263556443563241786372279871546,0x6cb3ec9e0fb1c258898f648f8b33422f59ba3e8a71aee551449d7cb147bb8ead,1776865512,2026-04-22T13:45:12+00:00,0.66,clob_prices_history
17269153522875922708691197534079323882577887490263556443563241786372279871546,0x6cb3ec9e0fb1c258898f648f8b33422f59ba3e8a71aee551449d7cb147bb8ead,1776866409,2026-04-22T14:00:09+00:00,0.66,clob_prices_history
17269153522875922708691197534079323882577887490263556443563241786372279871546,0x6cb3ec9e0fb1c258898f648f8b33422f59ba3e8a71aee551449d7cb147bb8ead,1776867309,2026-04-22T14:15:09+00:00,0.665,clob_prices_history
17269153522875922708691197534079323882577887490263556443563241786372279871546,0x6cb3ec9e0fb1c258898f648f8b33422f59ba3e8a71aee551449d7cb147bb8ead,1776868209,2026-04-22T14:30:09+00:00,0.65,clob_prices_history
17269153522875922708691197534079323882577887490263556443563241786372279871546,0x6cb3ec9e0fb1c258898f648f8b33422f59ba3e8a71aee551449d7cb147bb8ead,1776869106,2026-04-22T14:45:06+00:00,0.66,clob_prices_history
17269153522875922708691197534079323882577887490263556443563241786372279871546,0x6cb3ec9e0fb1c258898f648f8b33422f59ba3e8a71aee551449d7cb147bb8ead,1776870017,2026-04-22T15:00:17+00:00,0.66,clob_prices_history
17269153522875922708691197534079323882577887490263556443563241786372279871546,0x6cb3ec9e0fb1c258898f648f8b33422f59ba3e8a71aee551449d7cb147bb8ead,1776870910,2026-04-22T15:15:10+00:00,0.665,clob_prices_history
17269153522875922708691197534079323882577887490263556443563241786372279871546,0x6cb3ec9e0fb1c258898f648f8b33422f59ba3e8a71aee551449d7cb147bb8ead,1776871809,2026-04-22T15:30:09+00:00,0.665,clob_prices_history
17269153522875922708691197534079323882577887490263556443563241786372279871546,0x6cb3ec9e0fb1c258898f648f8b33422f59ba3e8a71aee551449d7cb147bb8ead,1776872708,2026-04-22T15:45:08+00:00,0.665,clob_prices_history
17269153522875922708691197534079323882577887490263556443563241786372279871546,0x6cb3ec9e0fb1c258898f648f8b33422f59ba3e8a71aee551449d7cb147bb8ead,1776873610,2026-04-22T16:00:10+00:00,0.665,clob_prices_history
17269153522875922708691197534079323882577887490263556443563241786372279871546,0x6cb3ec9e0fb1c258898f648f8b33422f59ba3e8a71aee551449d7cb147bb8ead,1776874506,2026-04-22T16:15:06+00:00,0.665,clob_prices_history
17269153522875922708691197534079323882577887490263556443563241786372279871546,0x6cb3ec9e0fb1c258898f648f8b33422f59ba3e8a71aee551449d7cb147bb8ead,1776875419,2026-04-22T16:30:19+00:00,0.665,clob_prices_history
17269153522875922708691197534079323882577887490263556443563241786372279871546,0x6cb3ec9e0fb1c258898f648f8b33422f59ba3e8a71aee551449d7cb147bb8ead,1776876308,2026-04-22T16:45:08+00:00,0.665,clob_prices_history
17269153522875922708691197534079323882577887490263556443563241786372279871546,0x6cb3ec9e0fb1c258898f648f8b33422f59ba3e8a71aee551449d7cb147bb8ead,1776877220,2026-04-22T17:00:20+00:00,0.665,clob_prices_history
17269153522875922708691197534079323882577887490263556443563241786372279871546,0x6cb3ec9e0fb1c258898f648f8b33422f59ba3e8a71aee551449d7cb147bb8ead,1776878106,2026-04-22T17:15:06+00:00,0.665,clob_prices_history
17269153522875922708691197534079323882577887490263556443563241786372279871546,0x6cb3ec9e0fb1c258898f648f8b33422f59ba3e8a71aee551449d7cb147bb8ead,1776879013,2026-04-22T17:30:13+00:00,0.67,clob_prices_history
17269153522875922708691197534079323882577887490263556443563241786372279871546,0x6cb3ec9e0fb1c258898f648f8b33422f59ba3e8a71aee551449d7cb147bb8ead,1776879907,2026-04-22T17:45:07+00:00,0.655,clob_prices_history
17269153522875922708691197534079323882577887490263556443563241786372279871546,0x6cb3ec9e0fb1c258898f648f8b33422f59ba3e8a71aee551449d7cb147bb8ead,1776880816,2026-04-22T18:00:16+00:00,0.655,clob_prices_history
17269153522875922708691197534079323882577887490263556443563241786372279871546,0x6cb3ec9e0fb1c258898f648f8b33422f59ba3e8a71aee551449d7cb147bb8ead,1776881707,2026-04-22T18:15:07+00:00,0.655,clob_prices_history
17269153522875922708691197534079323882577887490263556443563241786372279871546,0x6cb3ec9e0fb1c258898f648f8b33422f59ba3e8a71aee551449d7cb147bb8ead,1776882609,2026-04-22T18:30:09+00:00,0.655,clob_prices_history
17269153522875922708691197534079323882577887490263556443563241786372279871546,0x6cb3ec9e0fb1c258898f648f8b33422f59ba3e8a71aee551449d7cb147bb8ead,1776883505,2026-04-22T18:45:05+00:00,0.655,clob_prices_history
17269153522875922708691197534079323882577887490263556443563241786372279871546,0x6cb3ec9e0fb1c258898f648f8b33422f59ba3e8a71aee551449d7cb147bb8ead,1776884410,2026-04-22T19:00:10+00:00,0.665,clob_prices_history
17269153522875922708691197534079323882577887490263556443563241786372279871546,0x6cb3ec9e0fb1c258898f648f8b33422f59ba3e8a71aee551449d7cb147bb8ead,1776885305,2026-04-22T19:15:05+00:00,0.655,clob_prices_history
17269153522875922708691197534079323882577887490263556443563241786372279871546,0x6cb3ec9e0fb1c258898f648f8b33422f59ba3e8a71aee551449d7cb147bb8ead,1776886209,2026-04-22T19:30:09+00:00,0.675,clob_prices_history
17269153522875922708691197534079323882577887490263556443563241786372279871546,0x6cb3ec9e0fb1c258898f648f8b33422f59ba3e8a71aee551449d7cb147bb8ead,1776887108,2026-04-22T19:45:08+00:00,0.675,clob_prices_history
17269153522875922708691197534079323882577887490263556443563241786372279871546,0x6cb3ec9e0fb1c258898f648f8b33422f59ba3e8a71aee551449d7cb147bb8ead,1776888010,2026-04-22T20:00:10+00:00,0.675,clob_prices_history
17269153522875922708691197534079323882577887490263556443563241786372279871546,0x6cb3ec9e0fb1c258898f648f8b33422f59ba3e8a71aee551449d7cb147bb8ead,1776888910,2026-04-22T20:15:10+00:00,0.675,clob_prices_history
17269153522875922708691197534079323882577887490263556443563241786372279871546,0x6cb3ec9e0fb1c258898f648f8b33422f59ba3e8a71aee551449d7cb147bb8ead,1776889809,2026-04-22T20:30:09+00:00,0.675,clob_prices_history
17269153522875922708691197534079323882577887490263556443563241786372279871546,0x6cb3ec9e0fb1c258898f648f8b33422f59ba3e8a71aee551449d7cb147bb8ead,1776890706,2026-04-22T20:45:06+00:00,0.675,clob_prices_history
17269153522875922708691197534079323882577887490263556443563241786372279871546,0x6cb3ec9e0fb1c258898f648f8b33422f59ba3e8a71aee551449d7cb147bb8ead,1776891613,2026-04-22T21:00:13+00:00,0.675,clob_prices_history
17269153522875922708691197534079323882577887490263556443563241786372279871546,0x6cb3ec9e0fb1c258898f648f8b33422f59ba3e8a71aee551449d7cb147bb8ead,1776892505,2026-04-22T21:15:05+00:00,0.675,clob_prices_history
17269153522875922708691197534079323882577887490263556443563241786372279871546,0x6cb3ec9e0fb1c258898f648f8b33422f59ba3e8a71aee551449d7cb147bb8ead,1776893410,2026-04-22T21:30:10+00:00,0.675,clob_prices_history
17269153522875922708691197534079323882577887490263556443563241786372279871546,0x6cb3ec9e0fb1c258898f648f8b33422f59ba3e8a71aee551449d7cb147bb8ead,1776894306,2026-04-22T21:45:06+00:00,0.675,clob_prices_history
17269153522875922708691197534079323882577887490263556443563241786372279871546,0x6cb3ec9e0fb1c258898f648f8b33422f59ba3e8a71aee551449d7cb147bb8ead,1776895211,2026-04-22T22:00:11+00:00,0.675,clob_prices_history
17269153522875922708691197534079323882577887490263556443563241786372279871546,0x6cb3ec9e0fb1c258898f648f8b33422f59ba3e8a71aee551449d7cb147bb8ead,1776896105,2026-04-22T22:15:05+00:00,0.675,clob_prices_history
17269153522875922708691197534079323882577887490263556443563241786372279871546,0x6cb3ec9e0fb1c258898f648f8b33422f59ba3e8a71aee551449d7cb147bb8ead,1776897010,2026-04-22T22:30:10+00:00,0.675,clob_prices_history
17269153522875922708691197534079323882577887490263556443563241786372279871546,0x6cb3ec9e0fb1c258898f648f8b33422f59ba3e8a71aee551449d7cb147bb8ead,1776897909,2026-04-22T22:45:09+00:00,0.675,clob_prices_history
17269153522875922708691197534079323882577887490263556443563241786372279871546,0x6cb3ec9e0fb1c258898f648f8b33422f59ba3e8a71aee551449d7cb147bb8ead,1776898820,2026-04-22T23:00:20+00:00,0.675,clob_prices_history
17269153522875922708691197534079323882577887490263556443563241786372279871546,0x6cb3ec9e0fb1c258898f648f8b33422f59ba3e8a71aee551449d7cb147bb8ead,1776899704,2026-04-22T23:15:04+00:00,0.675,clob_prices_history
17269153522875922708691197534079323882577887490263556443563241786372279871546,0x6cb3ec9e0fb1c258898f648f8b33422f59ba3e8a71aee551449d7cb147bb8ead,1776900612,2026-04-22T23:30:12+00:00,0.675,clob_prices_history
17269153522875922708691197534079323882577887490263556443563241786372279871546,0x6cb3ec9e0fb1c258898f648f8b33422f59ba3e8a71aee551449d7cb147bb8ead,1776901506,2026-04-22T23:45:06+00:00,0.675,clob_prices_history
17269153522875922708691197534079323882577887490263556443563241786372279871546,0x6cb3ec9e0fb1c258898f648f8b33422f59ba3e8a71aee551449d7cb147bb8ead,1776902422,2026-04-23T00:00:22+00:00,0.675,clob_prices_history
17269153522875922708691197534079323882577887490263556443563241786372279871546,0x6cb3ec9e0fb1c258898f648f8b33422f59ba3e8a71aee551449d7cb147bb8ead,1776903305,2026-04-23T00:15:05+00:00,0.675,clob_prices_history
17269153522875922708691197534079323882577887490263556443563241786372279871546,0x6cb3ec9e0fb1c258898f648f8b33422f59ba3e8a71aee551449d7cb147bb8ead,1776904207,2026-04-23T00:30:07+00:00,0.675,clob_prices_history
17269153522875922708691197534079323882577887490263556443563241786372279871546,0x6cb3ec9e0fb1c258898f648f8b33422f59ba3e8a71aee551449d7cb147bb8ead,1776905104,2026-04-23T00:45:04+00:00,0.675,clob_prices_history
17269153522875922708691197534079323882577887490263556443563241786372279871546,0x6cb3ec9e0fb1c258898f648f8b33422f59ba3e8a71aee551449d7cb147bb8ead,1776906021,2026-04-23T01:00:21+00:00,0.675,clob_prices_history
17269153522875922708691197534079323882577887490263556443563241786372279871546,0x6cb3ec9e0fb1c258898f648f8b33422f59ba3e8a71aee551449d7cb147bb8ead,1776906907,2026-04-23T01:15:07+00:00,0.675,clob_prices_history
17269153522875922708691197534079323882577887490263556443563241786372279871546,0x6cb3ec9e0fb1c258898f648f8b33422f59ba3e8a71aee551449d7cb147bb8ead,1776907812,2026-04-23T01:30:12+00:00,0.675,clob_prices_history
17269153522875922708691197534079323882577887490263556443563241786372279871546,0x6cb3ec9e0fb1c258898f648f8b33422f59ba3e8a71aee551449d7cb147bb8ead,1776908705,2026-04-23T01:45:05+00:00,0.675,clob_prices_history
17269153522875922708691197534079323882577887490263556443563241786372279871546,0x6cb3ec9e0fb1c258898f648f8b33422f59ba3e8a71aee551449d7cb147bb8ead,1776909610,2026-04-23T02:00:10+00:00,0.675,clob_prices_history
17269153522875922708691197534079323882577887490263556443563241786372279871546,0x6cb3ec9e0fb1c258898f648f8b33422f59ba3e8a71aee551449d7cb147bb8ead,1776910517,2026-04-23T02:15:17+00:00,0.675,clob_prices_history
17269153522875922708691197534079323882577887490263556443563241786372279871546,0x6cb3ec9e0fb1c258898f648f8b33422f59ba3e8a71aee551449d7cb147bb8ead,1776911410,2026-04-23T02:30:10+00:00,0.675,clob_prices_history
17269153522875922708691197534079323882577887490263556443563241786372279871546,0x6cb3ec9e0fb1c258898f648f8b33422f59ba3e8a71aee551449d7cb147bb8ead,1776912305,2026-04-23T02:45:05+00:00,0.675,clob_prices_history
17269153522875922708691197534079323882577887490263556443563241786372279871546,0x6cb3ec9e0fb1c258898f648f8b33422f59ba3e8a71aee551449d7cb147bb8ead,1776913216,2026-04-23T03:00:16+00:00,0.675,clob_prices_history
17269153522875922708691197534079323882577887490263556443563241786372279871546,0x6cb3ec9e0fb1c258898f648f8b33422f59ba3e8a71aee551449d7cb147bb8ead,1776914108,2026-04-23T03:15:08+00:00,0.675,clob_prices_history
17269153522875922708691197534079323882577887490263556443563241786372279871546,0x6cb3ec9e0fb1c258898f648f8b33422f59ba3e8a71aee551449d7cb147bb8ead,1776915027,2026-04-23T03:30:27+00:00,0.675,clob_prices_history
17269153522875922708691197534079323882577887490263556443563241786372279871546,0x6cb3ec9e0fb1c258898f648f8b33422f59ba3e8a71aee551449d7cb147bb8ead,1776915906,2026-04-23T03:45:06+00:00,0.675,clob_prices_history
17269153522875922708691197534079323882577887490263556443563241786372279871546,0x6cb3ec9e0fb1c258898f648f8b33422f59ba3e8a71aee551449d7cb147bb8ead,1776916810,2026-04-23T04:00:10+00:00,0.675,clob_prices_history
17269153522875922708691197534079323882577887490263556443563241786372279871546,0x6cb3ec9e0fb1c258898f648f8b33422f59ba3e8a71aee551449d7cb147bb8ead,1776917708,2026-04-23T04:15:08+00:00,0.675,clob_prices_history
17269153522875922708691197534079323882577887490263556443563241786372279871546,0x6cb3ec9e0fb1c258898f648f8b33422f59ba3e8a71aee551449d7cb147bb8ead,1776918609,2026-04-23T04:30:09+00:00,0.675,clob_prices_history
17269153522875922708691197534079323882577887490263556443563241786372279871546,0x6cb3ec9e0fb1c258898f648f8b33422f59ba3e8a71aee551449d7cb147bb8ead,1776919506,2026-04-23T04:45:06+00:00,0.675,clob_prices_history
17269153522875922708691197534079323882577887490263556443563241786372279871546,0x6cb3ec9e0fb1c258898f648f8b33422f59ba3e8a71aee551449d7cb147bb8ead,1776920410,2026-04-23T05:00:10+00:00,0.675,clob_prices_history
17269153522875922708691197534079323882577887490263556443563241786372279871546,0x6cb3ec9e0fb1c258898f648f8b33422f59ba3e8a71aee551449d7cb147bb8ead,1776921306,2026-04-23T05:15:06+00:00,0.675,clob_prices_history
17269153522875922708691197534079323882577887490263556443563241786372279871546,0x6cb3ec9e0fb1c258898f648f8b33422f59ba3e8a71aee551449d7cb147bb8ead,1776922210,2026-04-23T05:30:10+00:00,0.675,clob_prices_history
17269153522875922708691197534079323882577887490263556443563241786372279871546,0x6cb3ec9e0fb1c258898f648f8b33422f59ba3e8a71aee551449d7cb147bb8ead,1776923108,2026-04-23T05:45:08+00:00,0.675,clob_prices_history
17269153522875922708691197534079323882577887490263556443563241786372279871546,0x6cb3ec9e0fb1c258898f648f8b33422f59ba3e8a71aee551449d7cb147bb8ead,1776924018,2026-04-23T06:00:18+00:00,0.675,clob_prices_history
17269153522875922708691197534079323882577887490263556443563241786372279871546,0x6cb3ec9e0fb1c258898f648f8b33422f59ba3e8a71aee551449d7cb147bb8ead,1776924906,2026-04-23T06:15:06+00:00,0.675,clob_prices_history
17269153522875922708691197534079323882577887490263556443563241786372279871546,0x6cb3ec9e0fb1c258898f648f8b33422f59ba3e8a71aee551449d7cb147bb8ead,1776925814,2026-04-23T06:30:14+00:00,0.675,clob_prices_history
17269153522875922708691197534079323882577887490263556443563241786372279871546,0x6cb3ec9e0fb1c258898f648f8b33422f59ba3e8a71aee551449d7cb147bb8ead,1776926707,2026-04-23T06:45:07+00:00,0.675,clob_prices_history
17269153522875922708691197534079323882577887490263556443563241786372279871546,0x6cb3ec9e0fb1c258898f648f8b33422f59ba3e8a71aee551449d7cb147bb8ead,1776927613,2026-04-23T07:00:13+00:00,0.675,clob_prices_history
17269153522875922708691197534079323882577887490263556443563241786372279871546,0x6cb3ec9e0fb1c258898f648f8b33422f59ba3e8a71aee551449d7cb147bb8ead,1776928507,2026-04-23T07:15:07+00:00,0.675,clob_prices_history
17269153522875922708691197534079323882577887490263556443563241786372279871546,0x6cb3ec9e0fb1c258898f648f8b33422f59ba3e8a71aee551449d7cb147bb8ead,1776929412,2026-04-23T07:30:12+00:00,0.675,clob_prices_history
17269153522875922708691197534079323882577887490263556443563241786372279871546,0x6cb3ec9e0fb1c258898f648f8b33422f59ba3e8a71aee551449d7cb147bb8ead,1776930309,2026-04-23T07:45:09+00:00,0.675,clob_prices_history
17269153522875922708691197534079323882577887490263556443563241786372279871546,0x6cb3ec9e0fb1c258898f648f8b33422f59ba3e8a71aee551449d7cb147bb8ead,1776931225,2026-04-23T08:00:25+00:00,0.675,clob_prices_history
17269153522875922708691197534079323882577887490263556443563241786372279871546,0x6cb3ec9e0fb1c258898f648f8b33422f59ba3e8a71aee551449d7cb147bb8ead,1776932105,2026-04-23T08:15:05+00:00,0.675,clob_prices_history
17269153522875922708691197534079323882577887490263556443563241786372279871546,0x6cb3ec9e0fb1c258898f648f8b33422f59ba3e8a71aee551449d7cb147bb8ead,1776933010,2026-04-23T08:30:10+00:00,0.675,clob_prices_history
17269153522875922708691197534079323882577887490263556443563241786372279871546,0x6cb3ec9e0fb1c258898f648f8b33422f59ba3e8a71aee551449d7cb147bb8ead,1776933905,2026-04-23T08:45:05+00:00,0.675,clob_prices_history
17269153522875922708691197534079323882577887490263556443563241786372279871546,0x6cb3ec9e0fb1c258898f648f8b33422f59ba3e8a71aee551449d7cb147bb8ead,1776934809,2026-04-23T09:00:09+00:00,0.675,clob_prices_history
17269153522875922708691197534079323882577887490263556443563241786372279871546,0x6cb3ec9e0fb1c258898f648f8b33422f59ba3e8a71aee551449d7cb147bb8ead,1776935706,2026-04-23T09:15:06+00:00,0.675,clob_prices_history
17269153522875922708691197534079323882577887490263556443563241786372279871546,0x6cb3ec9e0fb1c258898f648f8b33422f59ba3e8a71aee551449d7cb147bb8ead,1776936610,2026-04-23T09:30:10+00:00,0.675,clob_prices_history
17269153522875922708691197534079323882577887490263556443563241786372279871546,0x6cb3ec9e0fb1c258898f648f8b33422f59ba3e8a71aee551449d7cb147bb8ead,1776937505,2026-04-23T09:45:05+00:00,0.675,clob_prices_history
17269153522875922708691197534079323882577887490263556443563241786372279871546,0x6cb3ec9e0fb1c258898f648f8b33422f59ba3e8a71aee551449d7cb147bb8ead,1776938407,2026-04-23T10:00:07+00:00,0.68,clob_prices_history
17269153522875922708691197534079323882577887490263556443563241786372279871546,0x6cb3ec9e0fb1c258898f648f8b33422f59ba3e8a71aee551449d7cb147bb8ead,1776939305,2026-04-23T10:15:05+00:00,0.685,clob_prices_history
17269153522875922708691197534079323882577887490263556443563241786372279871546,0x6cb3ec9e0fb1c258898f648f8b33422f59ba3e8a71aee551449d7cb147bb8ead,1776940212,2026-04-23T10:30:12+00:00,0.685,clob_prices_history
17269153522875922708691197534079323882577887490263556443563241786372279871546,0x6cb3ec9e0fb1c258898f648f8b33422f59ba3e8a71aee551449d7cb147bb8ead,1776941104,2026-04-23T10:45:04+00:00,0.69,clob_prices_history
17269153522875922708691197534079323882577887490263556443563241786372279871546,0x6cb3ec9e0fb1c258898f648f8b33422f59ba3e8a71aee551449d7cb147bb8ead,1776942006,2026-04-23T11:00:06+00:00,0.69,clob_prices_history
17269153522875922708691197534079323882577887490263556443563241786372279871546,0x6cb3ec9e0fb1c258898f648f8b33422f59ba3e8a71aee551449d7cb147bb8ead,1776942905,2026-04-23T11:15:05+00:00,0.695,clob_prices_history
17269153522875922708691197534079323882577887490263556443563241786372279871546,0x6cb3ec9e0fb1c258898f648f8b33422f59ba3e8a71aee551449d7cb147bb8ead,1776943821,2026-04-23T11:30:21+00:00,0.695,clob_prices_history
17269153522875922708691197534079323882577887490263556443563241786372279871546,0x6cb3ec9e0fb1c258898f648f8b33422f59ba3e8a71aee551449d7cb147bb8ead,1776944708,2026-04-23T11:45:08+00:00,0.695,clob_prices_history
17269153522875922708691197534079323882577887490263556443563241786372279871546,0x6cb3ec9e0fb1c258898f648f8b33422f59ba3e8a71aee551449d7cb147bb8ead,1776945614,2026-04-23T12:00:14+00:00,0.695,clob_prices_history
17269153522875922708691197534079323882577887490263556443563241786372279871546,0x6cb3ec9e0fb1c258898f648f8b33422f59ba3e8a71aee551449d7cb147bb8ead,1776946510,2026-04-23T12:15:10+00:00,0.695,clob_prices_history
17269153522875922708691197534079323882577887490263556443563241786372279871546,0x6cb3ec9e0fb1c258898f648f8b33422f59ba3e8a71aee551449d7cb147bb8ead,1776947414,2026-04-23T12:30:14+00:00,0.695,clob_prices_history
17269153522875922708691197534079323882577887490263556443563241786372279871546,0x6cb3ec9e0fb1c258898f648f8b33422f59ba3e8a71aee551449d7cb147bb8ead,1776948306,2026-04-23T12:45:06+00:00,0.695,clob_prices_history
17269153522875922708691197534079323882577887490263556443563241786372279871546,0x6cb3ec9e0fb1c258898f648f8b33422f59ba3e8a71aee551449d7cb147bb8ead,1776949213,2026-04-23T13:00:13+00:00,0.695,clob_prices_history
17269153522875922708691197534079323882577887490263556443563241786372279871546,0x6cb3ec9e0fb1c258898f648f8b33422f59ba3e8a71aee551449d7cb147bb8ead,1776950105,2026-04-23T13:15:05+00:00,0.695,clob_prices_history
17269153522875922708691197534079323882577887490263556443563241786372279871546,0x6cb3ec9e0fb1c258898f648f8b33422f59ba3e8a71aee551449d7cb147bb8ead,1776951014,2026-04-23T13:30:14+00:00,0.695,clob_prices_history
17269153522875922708691197534079323882577887490263556443563241786372279871546,0x6cb3ec9e0fb1c258898f648f8b33422f59ba3e8a71aee551449d7cb147bb8ead,1776951911,2026-04-23T13:45:11+00:00,0.7,clob_prices_history
17269153522875922708691197534079323882577887490263556443563241786372279871546,0x6cb3ec9e0fb1c258898f648f8b33422f59ba3e8a71aee551449d7cb147bb8ead,1776952818,2026-04-23T14:00:18+00:00,0.725,clob_prices_history
17269153522875922708691197534079323882577887490263556443563241786372279871546,0x6cb3ec9e0fb1c258898f648f8b33422f59ba3e8a71aee551449d7cb147bb8ead,1776953707,2026-04-23T14:15:07+00:00,0.725,clob_prices_history
17269153522875922708691197534079323882577887490263556443563241786372279871546,0x6cb3ec9e0fb1c258898f648f8b33422f59ba3e8a71aee551449d7cb147bb8ead,1776954610,2026-04-23T14:30:10+00:00,0.75,clob_prices_history
17269153522875922708691197534079323882577887490263556443563241786372279871546,0x6cb3ec9e0fb1c258898f648f8b33422f59ba3e8a71aee551449d7cb147bb8ead,1776955514,2026-04-23T14:45:14+00:00,0.745,clob_prices_history
17269153522875922708691197534079323882577887490263556443563241786372279871546,0x6cb3ec9e0fb1c258898f648f8b33422f59ba3e8a71aee551449d7cb147bb8ead,1776956419,2026-04-23T15:00:19+00:00,0.74,clob_prices_history
17269153522875922708691197534079323882577887490263556443563241786372279871546,0x6cb3ec9e0fb1c258898f648f8b33422f59ba3e8a71aee551449d7cb147bb8ead,1776957312,2026-04-23T15:15:12+00:00,0.725,clob_prices_history
17269153522875922708691197534079323882577887490263556443563241786372279871546,0x6cb3ec9e0fb1c258898f648f8b33422f59ba3e8a71aee551449d7cb147bb8ead,1776958220,2026-04-23T15:30:20+00:00,0.735,clob_prices_history
17269153522875922708691197534079323882577887490263556443563241786372279871546,0x6cb3ec9e0fb1c258898f648f8b33422f59ba3e8a71aee551449d7cb147bb8ead,1776959118,2026-04-23T15:45:18+00:00,0.755,clob_prices_history
17269153522875922708691197534079323882577887490263556443563241786372279871546,0x6cb3ec9e0fb1c258898f648f8b33422f59ba3e8a71aee551449d7cb147bb8ead,1776960016,2026-04-23T16:00:16+00:00,0.74,clob_prices_history
17269153522875922708691197534079323882577887490263556443563241786372279871546,0x6cb3ec9e0fb1c258898f648f8b33422f59ba3e8a71aee551449d7cb147bb8ead,1776960910,2026-04-23T16:15:10+00:00,0.745,clob_prices_history
17269153522875922708691197534079323882577887490263556443563241786372279871546,0x6cb3ec9e0fb1c258898f648f8b33422f59ba3e8a71aee551449d7cb147bb8ead,1776961832,2026-04-23T16:30:32+00:00,0.745,clob_prices_history
17269153522875922708691197534079323882577887490263556443563241786372279871546,0x6cb3ec9e0fb1c258898f648f8b33422f59ba3e8a71aee551449d7cb147bb8ead,1776962713,2026-04-23T16:45:13+00:00,0.755,clob_prices_history
17269153522875922708691197534079323882577887490263556443563241786372279871546,0x6cb3ec9e0fb1c258898f648f8b33422f59ba3e8a71aee551449d7cb147bb8ead,1776963631,2026-04-23T17:00:31+00:00,0.765,clob_prices_history
17269153522875922708691197534079323882577887490263556443563241786372279871546,0x6cb3ec9e0fb1c258898f648f8b33422f59ba3e8a71aee551449d7cb147bb8ead,1776964514,2026-04-23T17:15:14+00:00,0.78,clob_prices_history
17269153522875922708691197534079323882577887490263556443563241786372279871546,0x6cb3ec9e0fb1c258898f648f8b33422f59ba3e8a71aee551449d7cb147bb8ead,1776965433,2026-04-23T17:30:33+00:00,0.79,clob_prices_history
17269153522875922708691197534079323882577887490263556443563241786372279871546,0x6cb3ec9e0fb1c258898f648f8b33422f59ba3e8a71aee551449d7cb147bb8ead,1776966317,2026-04-23T17:45:17+00:00,0.79,clob_prices_history
17269153522875922708691197534079323882577887490263556443563241786372279871546,0x6cb3ec9e0fb1c258898f648f8b33422f59ba3e8a71aee551449d7cb147bb8ead,1776967221,2026-04-23T18:00:21+00:00,0.78,clob_prices_history
17269153522875922708691197534079323882577887490263556443563241786372279871546,0x6cb3ec9e0fb1c258898f648f8b33422f59ba3e8a71aee551449d7cb147bb8ead,1776968118,2026-04-23T18:15:18+00:00,0.785,clob_prices_history
17269153522875922708691197534079323882577887490263556443563241786372279871546,0x6cb3ec9e0fb1c258898f648f8b33422f59ba3e8a71aee551449d7cb147bb8ead,1776969022,2026-04-23T18:30:22+00:00,0.775,clob_prices_history
17269153522875922708691197534079323882577887490263556443563241786372279871546,0x6cb3ec9e0fb1c258898f648f8b33422f59ba3e8a71aee551449d7cb147bb8ead,1776969906,2026-04-23T18:45:06+00:00,0.77,clob_prices_history
17269153522875922708691197534079323882577887490263556443563241786372279871546,0x6cb3ec9e0fb1c258898f648f8b33422f59ba3e8a71aee551449d7cb147bb8ead,1776970814,2026-04-23T19:00:14+00:00,0.775,clob_prices_history
17269153522875922708691197534079323882577887490263556443563241786372279871546,0x6cb3ec9e0fb1c258898f648f8b33422f59ba3e8a71aee551449d7cb147bb8ead,1776971712,2026-04-23T19:15:12+00:00,0.77,clob_prices_history
17269153522875922708691197534079323882577887490263556443563241786372279871546,0x6cb3ec9e0fb1c258898f648f8b33422f59ba3e8a71aee551449d7cb147bb8ead,1776972645,2026-04-23T19:30:45+00:00,0.765,clob_prices_history
17269153522875922708691197534079323882577887490263556443563241786372279871546,0x6cb3ec9e0fb1c258898f648f8b33422f59ba3e8a71aee551449d7cb147bb8ead,1776973506,2026-04-23T19:45:06+00:00,0.76,clob_prices_history
17269153522875922708691197534079323882577887490263556443563241786372279871546,0x6cb3ec9e0fb1c258898f648f8b33422f59ba3e8a71aee551449d7cb147bb8ead,1776974413,2026-04-23T20:00:13+00:00,0.76,clob_prices_history
17269153522875922708691197534079323882577887490263556443563241786372279871546,0x6cb3ec9e0fb1c258898f648f8b33422f59ba3e8a71aee551449d7cb147bb8ead,1776975307,2026-04-23T20:15:07+00:00,0.755,clob_prices_history
17269153522875922708691197534079323882577887490263556443563241786372279871546,0x6cb3ec9e0fb1c258898f648f8b33422f59ba3e8a71aee551449d7cb147bb8ead,1776976217,2026-04-23T20:30:17+00:00,0.755,clob_prices_history
17269153522875922708691197534079323882577887490263556443563241786372279871546,0x6cb3ec9e0fb1c258898f648f8b33422f59ba3e8a71aee551449d7cb147bb8ead,1776977112,2026-04-23T20:45:12+00:00,0.755,clob_prices_history
17269153522875922708691197534079323882577887490263556443563241786372279871546,0x6cb3ec9e0fb1c258898f648f8b33422f59ba3e8a71aee551449d7cb147bb8ead,1776978017,2026-04-23T21:00:17+00:00,0.755,clob_prices_history
17269153522875922708691197534079323882577887490263556443563241786372279871546,0x6cb3ec9e0fb1c258898f648f8b33422f59ba3e8a71aee551449d7cb147bb8ead,1776978913,2026-04-23T21:15:13+00:00,0.78,clob_prices_history
17269153522875922708691197534079323882577887490263556443563241786372279871546,0x6cb3ec9e0fb1c258898f648f8b33422f59ba3e8a71aee551449d7cb147bb8ead,1776979812,2026-04-23T21:30:12+00:00,0.78,clob_prices_history
17269153522875922708691197534079323882577887490263556443563241786372279871546,0x6cb3ec9e0fb1c258898f648f8b33422f59ba3e8a71aee551449d7cb147bb8ead,1776980707,2026-04-23T21:45:07+00:00,0.78,clob_prices_history
17269153522875922708691197534079323882577887490263556443563241786372279871546,0x6cb3ec9e0fb1c258898f648f8b33422f59ba3e8a71aee551449d7cb147bb8ead,1776981614,2026-04-23T22:00:14+00:00,0.78,clob_prices_history
17269153522875922708691197534079323882577887490263556443563241786372279871546,0x6cb3ec9e0fb1c258898f648f8b33422f59ba3e8a71aee551449d7cb147bb8ead,1776982506,2026-04-23T22:15:06+00:00,0.78,clob_prices_history
17269153522875922708691197534079323882577887490263556443563241786372279871546,0x6cb3ec9e0fb1c258898f648f8b33422f59ba3e8a71aee551449d7cb147bb8ead,1776983411,2026-04-23T22:30:11+00:00,0.78,clob_prices_history
17269153522875922708691197534079323882577887490263556443563241786372279871546,0x6cb3ec9e0fb1c258898f648f8b33422f59ba3e8a71aee551449d7cb147bb8ead,1776984307,2026-04-23T22:45:07+00:00,0.78,clob_prices_history
17269153522875922708691197534079323882577887490263556443563241786372279871546,0x6cb3ec9e0fb1c258898f648f8b33422f59ba3e8a71aee551449d7cb147bb8ead,1776985213,2026-04-23T23:00:13+00:00,0.77,clob_prices_history
17269153522875922708691197534079323882577887490263556443563241786372279871546,0x6cb3ec9e0fb1c258898f648f8b33422f59ba3e8a71aee551449d7cb147bb8ead,1776986107,2026-04-23T23:15:07+00:00,0.77,clob_prices_history
17269153522875922708691197534079323882577887490263556443563241786372279871546,0x6cb3ec9e0fb1c258898f648f8b33422f59ba3e8a71aee551449d7cb147bb8ead,1776987015,2026-04-23T23:30:15+00:00,0.775,clob_prices_history
17269153522875922708691197534079323882577887490263556443563241786372279871546,0x6cb3ec9e0fb1c258898f648f8b33422f59ba3e8a71aee551449d7cb147bb8ead,1776987906,2026-04-23T23:45:06+00:00,0.775,clob_prices_history
17269153522875922708691197534079323882577887490263556443563241786372279871546,0x6cb3ec9e0fb1c258898f648f8b33422f59ba3e8a71aee551449d7cb147bb8ead,1776988834,2026-04-24T00:00:34+00:00,0.775,clob_prices_history
17269153522875922708691197534079323882577887490263556443563241786372279871546,0x6cb3ec9e0fb1c258898f648f8b33422f59ba3e8a71aee551449d7cb147bb8ead,1776989705,2026-04-24T00:15:05+00:00,0.775,clob_prices_history
17269153522875922708691197534079323882577887490263556443563241786372279871546,0x6cb3ec9e0fb1c258898f648f8b33422f59ba3e8a71aee551449d7cb147bb8ead,1776990611,2026-04-24T00:30:11+00:00,0.775,clob_prices_history
17269153522875922708691197534079323882577887490263556443563241786372279871546,0x6cb3ec9e0fb1c258898f648f8b33422f59ba3e8a71aee551449d7cb147bb8ead,1776991507,2026-04-24T00:45:07+00:00,0.775,clob_prices_history
17269153522875922708691197534079323882577887490263556443563241786372279871546,0x6cb3ec9e0fb1c258898f648f8b33422f59ba3e8a71aee551449d7cb147bb8ead,1776992412,2026-04-24T01:00:12+00:00,0.775,clob_prices_history
17269153522875922708691197534079323882577887490263556443563241786372279871546,0x6cb3ec9e0fb1c258898f648f8b33422f59ba3e8a71aee551449d7cb147bb8ead,1776993306,2026-04-24T01:15:06+00:00,0.775,clob_prices_history
17269153522875922708691197534079323882577887490263556443563241786372279871546,0x6cb3ec9e0fb1c258898f648f8b33422f59ba3e8a71aee551449d7cb147bb8ead,1776994210,2026-04-24T01:30:10+00:00,0.775,clob_prices_history
17269153522875922708691197534079323882577887490263556443563241786372279871546,0x6cb3ec9e0fb1c258898f648f8b33422f59ba3e8a71aee551449d7cb147bb8ead,1776995106,2026-04-24T01:45:06+00:00,0.775,clob_prices_history
17269153522875922708691197534079323882577887490263556443563241786372279871546,0x6cb3ec9e0fb1c258898f648f8b33422f59ba3e8a71aee551449d7cb147bb8ead,1776996016,2026-04-24T02:00:16+00:00,0.775,clob_prices_history
17269153522875922708691197534079323882577887490263556443563241786372279871546,0x6cb3ec9e0fb1c258898f648f8b33422f59ba3e8a71aee551449d7cb147bb8ead,1776996909,2026-04-24T02:15:09+00:00,0.765,clob_prices_history
17269153522875922708691197534079323882577887490263556443563241786372279871546,0x6cb3ec9e0fb1c258898f648f8b33422f59ba3e8a71aee551449d7cb147bb8ead,1776997809,2026-04-24T02:30:09+00:00,0.765,clob_prices_history
17269153522875922708691197534079323882577887490263556443563241786372279871546,0x6cb3ec9e0fb1c258898f648f8b33422f59ba3e8a71aee551449d7cb147bb8ead,1776998705,2026-04-24T02:45:05+00:00,0.765,clob_prices_history
17269153522875922708691197534079323882577887490263556443563241786372279871546,0x6cb3ec9e0fb1c258898f648f8b33422f59ba3e8a71aee551449d7cb147bb8ead,1776999621,2026-04-24T03:00:21+00:00,0.765,clob_prices_history
17269153522875922708691197534079323882577887490263556443563241786372279871546,0x6cb3ec9e0fb1c258898f648f8b33422f59ba3e8a71aee551449d7cb147bb8ead,1777000508,2026-04-24T03:15:08+00:00,0.765,clob_prices_history
17269153522875922708691197534079323882577887490263556443563241786372279871546,0x6cb3ec9e0fb1c258898f648f8b33422f59ba3e8a71aee551449d7cb147bb8ead,1777001409,2026-04-24T03:30:09+00:00,0.765,clob_prices_history
17269153522875922708691197534079323882577887490263556443563241786372279871546,0x6cb3ec9e0fb1c258898f648f8b33422f59ba3e8a71aee551449d7cb147bb8ead,1777002306,2026-04-24T03:45:06+00:00,0.765,clob_prices_history
17269153522875922708691197534079323882577887490263556443563241786372279871546,0x6cb3ec9e0fb1c258898f648f8b33422f59ba3e8a71aee551449d7cb147bb8ead,1777003210,2026-04-24T04:00:10+00:00,0.765,clob_prices_history
17269153522875922708691197534079323882577887490263556443563241786372279871546,0x6cb3ec9e0fb1c258898f648f8b33422f59ba3e8a71aee551449d7cb147bb8ead,1777004105,2026-04-24T04:15:05+00:00,0.765,clob_prices_history
17269153522875922708691197534079323882577887490263556443563241786372279871546,0x6cb3ec9e0fb1c258898f648f8b33422f59ba3e8a71aee551449d7cb147bb8ead,1777005010,2026-04-24T04:30:10+00:00,0.765,clob_prices_history
17269153522875922708691197534079323882577887490263556443563241786372279871546,0x6cb3ec9e0fb1c258898f648f8b33422f59ba3e8a71aee551449d7cb147bb8ead,1777005905,2026-04-24T04:45:05+00:00,0.765,clob_prices_history
17269153522875922708691197534079323882577887490263556443563241786372279871546,0x6cb3ec9e0fb1c258898f648f8b33422f59ba3e8a71aee551449d7cb147bb8ead,1777006810,2026-04-24T05:00:10+00:00,0.765,clob_prices_history
17269153522875922708691197534079323882577887490263556443563241786372279871546,0x6cb3ec9e0fb1c258898f648f8b33422f59ba3e8a71aee551449d7cb147bb8ead,1777007718,2026-04-24T05:15:18+00:00,0.765,clob_prices_history
17269153522875922708691197534079323882577887490263556443563241786372279871546,0x6cb3ec9e0fb1c258898f648f8b33422f59ba3e8a71aee551449d7cb147bb8ead,1777008608,2026-04-24T05:30:08+00:00,0.765,clob_prices_history
17269153522875922708691197534079323882577887490263556443563241786372279871546,0x6cb3ec9e0fb1c258898f648f8b33422f59ba3e8a71aee551449d7cb147bb8ead,1777009505,2026-04-24T05:45:05+00:00,0.765,clob_prices_history
17269153522875922708691197534079323882577887490263556443563241786372279871546,0x6cb3ec9e0fb1c258898f648f8b33422f59ba3e8a71aee551449d7cb147bb8ead,1777010413,2026-04-24T06:00:13+00:00,0.775,clob_prices_history
17269153522875922708691197534079323882577887490263556443563241786372279871546,0x6cb3ec9e0fb1c258898f648f8b33422f59ba3e8a71aee551449d7cb147bb8ead,1777011307,2026-04-24T06:15:07+00:00,0.775,clob_prices_history
17269153522875922708691197534079323882577887490263556443563241786372279871546,0x6cb3ec9e0fb1c258898f648f8b33422f59ba3e8a71aee551449d7cb147bb8ead,1777012215,2026-04-24T06:30:15+00:00,0.775,clob_prices_history
17269153522875922708691197534079323882577887490263556443563241786372279871546,0x6cb3ec9e0fb1c258898f648f8b33422f59ba3e8a71aee551449d7cb147bb8ead,1777013105,2026-04-24T06:45:05+00:00,0.775,clob_prices_history
17269153522875922708691197534079323882577887490263556443563241786372279871546,0x6cb3ec9e0fb1c258898f648f8b33422f59ba3e8a71aee551449d7cb147bb8ead,1777014007,2026-04-24T07:00:07+00:00,0.775,clob_prices_history
17269153522875922708691197534079323882577887490263556443563241786372279871546,0x6cb3ec9e0fb1c258898f648f8b33422f59ba3e8a71aee551449d7cb147bb8ead,1777014904,2026-04-24T07:15:04+00:00,0.775,clob_prices_history
17269153522875922708691197534079323882577887490263556443563241786372279871546,0x6cb3ec9e0fb1c258898f648f8b33422f59ba3e8a71aee551449d7cb147bb8ead,1777015808,2026-04-24T07:30:08+00:00,0.775,clob_prices_history
17269153522875922708691197534079323882577887490263556443563241786372279871546,0x6cb3ec9e0fb1c258898f648f8b33422f59ba3e8a71aee551449d7cb147bb8ead,1777016706,2026-04-24T07:45:06+00:00,0.77,clob_prices_history
17269153522875922708691197534079323882577887490263556443563241786372279871546,0x6cb3ec9e0fb1c258898f648f8b33422f59ba3e8a71aee551449d7cb147bb8ead,1777017609,2026-04-24T08:00:09+00:00,0.77,clob_prices_history
17269153522875922708691197534079323882577887490263556443563241786372279871546,0x6cb3ec9e0fb1c258898f648f8b33422f59ba3e8a71aee551449d7cb147bb8ead,1777018507,2026-04-24T08:15:07+00:00,0.77,clob_prices_history
17269153522875922708691197534079323882577887490263556443563241786372279871546,0x6cb3ec9e0fb1c258898f648f8b33422f59ba3e8a71aee551449d7cb147bb8ead,1777019407,2026-04-24T08:30:07+00:00,0.77,clob_prices_history
17269153522875922708691197534079323882577887490263556443563241786372279871546,0x6cb3ec9e0fb1c258898f648f8b33422f59ba3e8a71aee551449d7cb147bb8ead,1777020306,2026-04-24T08:45:06+00:00,0.775,clob_prices_history
17269153522875922708691197534079323882577887490263556443563241786372279871546,0x6cb3ec9e0fb1c258898f648f8b33422f59ba3e8a71aee551449d7cb147bb8ead,1777021206,2026-04-24T09:00:06+00:00,0.775,clob_prices_history
17269153522875922708691197534079323882577887490263556443563241786372279871546,0x6cb3ec9e0fb1c258898f648f8b33422f59ba3e8a71aee551449d7cb147bb8ead,1777022105,2026-04-24T09:15:05+00:00,0.775,clob_prices_history
17269153522875922708691197534079323882577887490263556443563241786372279871546,0x6cb3ec9e0fb1c258898f648f8b33422f59ba3e8a71aee551449d7cb147bb8ead,1777023009,2026-04-24T09:30:09+00:00,0.77,clob_prices_history
17269153522875922708691197534079323882577887490263556443563241786372279871546,0x6cb3ec9e0fb1c258898f648f8b33422f59ba3e8a71aee551449d7cb147bb8ead,1777023905,2026-04-24T09:45:05+00:00,0.775,clob_prices_history
17269153522875922708691197534079323882577887490263556443563241786372279871546,0x6cb3ec9e0fb1c258898f648f8b33422f59ba3e8a71aee551449d7cb147bb8ead,1777024806,2026-04-24T10:00:06+00:00,0.775,clob_prices_history
17269153522875922708691197534079323882577887490263556443563241786372279871546,0x6cb3ec9e0fb1c258898f648f8b33422f59ba3e8a71aee551449d7cb147bb8ead,1777025707,2026-04-24T10:15:07+00:00,0.775,clob_prices_history
17269153522875922708691197534079323882577887490263556443563241786372279871546,0x6cb3ec9e0fb1c258898f648f8b33422f59ba3e8a71aee551449d7cb147bb8ead,1777026608,2026-04-24T10:30:08+00:00,0.775,clob_prices_history
17269153522875922708691197534079323882577887490263556443563241786372279871546,0x6cb3ec9e0fb1c258898f648f8b33422f59ba3e8a71aee551449d7cb147bb8ead,1777027504,2026-04-24T10:45:04+00:00,0.775,clob_prices_history
17269153522875922708691197534079323882577887490263556443563241786372279871546,0x6cb3ec9e0fb1c258898f648f8b33422f59ba3e8a71aee551449d7cb147bb8ead,1777028407,2026-04-24T11:00:07+00:00,0.775,clob_prices_history
17269153522875922708691197534079323882577887490263556443563241786372279871546,0x6cb3ec9e0fb1c258898f648f8b33422f59ba3e8a71aee551449d7cb147bb8ead,1777029306,2026-04-24T11:15:06+00:00,0.775,clob_prices_history
17269153522875922708691197534079323882577887490263556443563241786372279871546,0x6cb3ec9e0fb1c258898f648f8b33422f59ba3e8a71aee551449d7cb147bb8ead,1777030208,2026-04-24T11:30:08+00:00,0.645,clob_prices_history
17269153522875922708691197534079323882577887490263556443563241786372279871546,0x6cb3ec9e0fb1c258898f648f8b33422f59ba3e8a71aee551449d7cb147bb8ead,1777031105,2026-04-24T11:45:05+00:00,0.635,clob_prices_history
17269153522875922708691197534079323882577887490263556443563241786372279871546,0x6cb3ec9e0fb1c258898f648f8b33422f59ba3e8a71aee551449d7cb147bb8ead,1777032009,2026-04-24T12:00:09+00:00,0.64,clob_prices_history
17269153522875922708691197534079323882577887490263556443563241786372279871546,0x6cb3ec9e0fb1c258898f648f8b33422f59ba3e8a71aee551449d7cb147bb8ead,1777032909,2026-04-24T12:15:09+00:00,0.65,clob_prices_history
17269153522875922708691197534079323882577887490263556443563241786372279871546,0x6cb3ec9e0fb1c258898f648f8b33422f59ba3e8a71aee551449d7cb147bb8ead,1777033810,2026-04-24T12:30:10+00:00,0.705,clob_prices_history
17269153522875922708691197534079323882577887490263556443563241786372279871546,0x6cb3ec9e0fb1c258898f648f8b33422f59ba3e8a71aee551449d7cb147bb8ead,1777034707,2026-04-24T12:45:07+00:00,0.675,clob_prices_history
17269153522875922708691197534079323882577887490263556443563241786372279871546,0x6cb3ec9e0fb1c258898f648f8b33422f59ba3e8a71aee551449d7cb147bb8ead,1777035608,2026-04-24T13:00:08+00:00,0.675,clob_prices_history
17269153522875922708691197534079323882577887490263556443563241786372279871546,0x6cb3ec9e0fb1c258898f648f8b33422f59ba3e8a71aee551449d7cb147bb8ead,1777036505,2026-04-24T13:15:05+00:00,0.755,clob_prices_history
17269153522875922708691197534079323882577887490263556443563241786372279871546,0x6cb3ec9e0fb1c258898f648f8b33422f59ba3e8a71aee551449d7cb147bb8ead,1777037409,2026-04-24T13:30:09+00:00,0.735,clob_prices_history
17269153522875922708691197534079323882577887490263556443563241786372279871546,0x6cb3ec9e0fb1c258898f648f8b33422f59ba3e8a71aee551449d7cb147bb8ead,1777038306,2026-04-24T13:45:06+00:00,0.735,clob_prices_history
17269153522875922708691197534079323882577887490263556443563241786372279871546,0x6cb3ec9e0fb1c258898f648f8b33422f59ba3e8a71aee551449d7cb147bb8ead,1777039221,2026-04-24T14:00:21+00:00,0.735,clob_prices_history
17269153522875922708691197534079323882577887490263556443563241786372279871546,0x6cb3ec9e0fb1c258898f648f8b33422f59ba3e8a71aee551449d7cb147bb8ead,1777040106,2026-04-24T14:15:06+00:00,0.735,clob_prices_history
17269153522875922708691197534079323882577887490263556443563241786372279871546,0x6cb3ec9e0fb1c258898f648f8b33422f59ba3e8a71aee551449d7cb147bb8ead,1777041010,2026-04-24T14:30:10+00:00,0.74,clob_prices_history
17269153522875922708691197534079323882577887490263556443563241786372279871546,0x6cb3ec9e0fb1c258898f648f8b33422f59ba3e8a71aee551449d7cb147bb8ead,1777041904,2026-04-24T14:45:04+00:00,0.745,clob_prices_history
17269153522875922708691197534079323882577887490263556443563241786372279871546,0x6cb3ec9e0fb1c258898f648f8b33422f59ba3e8a71aee551449d7cb147bb8ead,1777042812,2026-04-24T15:00:12+00:00,0.745,clob_prices_history
17269153522875922708691197534079323882577887490263556443563241786372279871546,0x6cb3ec9e0fb1c258898f648f8b33422f59ba3e8a71aee551449d7cb147bb8ead,1777043706,2026-04-24T15:15:06+00:00,0.745,clob_prices_history
17269153522875922708691197534079323882577887490263556443563241786372279871546,0x6cb3ec9e0fb1c258898f648f8b33422f59ba3e8a71aee551449d7cb147bb8ead,1777044608,2026-04-24T15:30:08+00:00,0.75,clob_prices_history
17269153522875922708691197534079323882577887490263556443563241786372279871546,0x6cb3ec9e0fb1c258898f648f8b33422f59ba3e8a71aee551449d7cb147bb8ead,1777045505,2026-04-24T15:45:05+00:00,0.76,clob_prices_history
17269153522875922708691197534079323882577887490263556443563241786372279871546,0x6cb3ec9e0fb1c258898f648f8b33422f59ba3e8a71aee551449d7cb147bb8ead,1777046408,2026-04-24T16:00:08+00:00,0.705,clob_prices_history
17269153522875922708691197534079323882577887490263556443563241786372279871546,0x6cb3ec9e0fb1c258898f648f8b33422f59ba3e8a71aee551449d7cb147bb8ead,1777047310,2026-04-24T16:15:10+00:00,0.73,clob_prices_history
17269153522875922708691197534079323882577887490263556443563241786372279871546,0x6cb3ec9e0fb1c258898f648f8b33422f59ba3e8a71aee551449d7cb147bb8ead,1777048210,2026-04-24T16:30:10+00:00,0.735,clob_prices_history
17269153522875922708691197534079323882577887490263556443563241786372279871546,0x6cb3ec9e0fb1c258898f648f8b33422f59ba3e8a71aee551449d7cb147bb8ead,1777049106,2026-04-24T16:45:06+00:00,0.725,clob_prices_history
17269153522875922708691197534079323882577887490263556443563241786372279871546,0x6cb3ec9e0fb1c258898f648f8b33422f59ba3e8a71aee551449d7cb147bb8ead,1777050008,2026-04-24T17:00:08+00:00,0.725,clob_prices_history
17269153522875922708691197534079323882577887490263556443563241786372279871546,0x6cb3ec9e0fb1c258898f648f8b33422f59ba3e8a71aee551449d7cb147bb8ead,1777050904,2026-04-24T17:15:04+00:00,0.725,clob_prices_history
17269153522875922708691197534079323882577887490263556443563241786372279871546,0x6cb3ec9e0fb1c258898f648f8b33422f59ba3e8a71aee551449d7cb147bb8ead,1777051825,2026-04-24T17:30:25+00:00,0.725,clob_prices_history
17269153522875922708691197534079323882577887490263556443563241786372279871546,0x6cb3ec9e0fb1c258898f648f8b33422f59ba3e8a71aee551449d7cb147bb8ead,1777052704,2026-04-24T17:45:04+00:00,0.72,clob_prices_history
17269153522875922708691197534079323882577887490263556443563241786372279871546,0x6cb3ec9e0fb1c258898f648f8b33422f59ba3e8a71aee551449d7cb147bb8ead,1777053612,2026-04-24T18:00:12+00:00,0.725,clob_prices_history
17269153522875922708691197534079323882577887490263556443563241786372279871546,0x6cb3ec9e0fb1c258898f648f8b33422f59ba3e8a71aee551449d7cb147bb8ead,1777054507,2026-04-24T18:15:07+00:00,0.725,clob_prices_history
17269153522875922708691197534079323882577887490263556443563241786372279871546,0x6cb3ec9e0fb1c258898f648f8b33422f59ba3e8a71aee551449d7cb147bb8ead,1777055408,2026-04-24T18:30:08+00:00,0.725,clob_prices_history
17269153522875922708691197534079323882577887490263556443563241786372279871546,0x6cb3ec9e0fb1c258898f648f8b33422f59ba3e8a71aee551449d7cb147bb8ead,1777056305,2026-04-24T18:45:05+00:00,0.725,clob_prices_history
17269153522875922708691197534079323882577887490263556443563241786372279871546,0x6cb3ec9e0fb1c258898f648f8b33422f59ba3e8a71aee551449d7cb147bb8ead,1777057207,2026-04-24T19:00:07+00:00,0.705,clob_prices_history
17269153522875922708691197534079323882577887490263556443563241786372279871546,0x6cb3ec9e0fb1c258898f648f8b33422f59ba3e8a71aee551449d7cb147bb8ead,1777058106,2026-04-24T19:15:06+00:00,0.705,clob_prices_history
17269153522875922708691197534079323882577887490263556443563241786372279871546,0x6cb3ec9e0fb1c258898f648f8b33422f59ba3e8a71aee551449d7cb147bb8ead,1777059010,2026-04-24T19:30:10+00:00,0.71,clob_prices_history
17269153522875922708691197534079323882577887490263556443563241786372279871546,0x6cb3ec9e0fb1c258898f648f8b33422f59ba3e8a71aee551449d7cb147bb8ead,1777059904,2026-04-24T19:45:04+00:00,0.71,clob_prices_history
17269153522875922708691197534079323882577887490263556443563241786372279871546,0x6cb3ec9e0fb1c258898f648f8b33422f59ba3e8a71aee551449d7cb147bb8ead,1777060809,2026-04-24T20:00:09+00:00,0.71,clob_prices_history
17269153522875922708691197534079323882577887490263556443563241786372279871546,0x6cb3ec9e0fb1c258898f648f8b33422f59ba3e8a71aee551449d7cb147bb8ead,1777061718,2026-04-24T20:15:18+00:00,0.705,clob_prices_history
17269153522875922708691197534079323882577887490263556443563241786372279871546,0x6cb3ec9e0fb1c258898f648f8b33422f59ba3e8a71aee551449d7cb147bb8ead,1777062607,2026-04-24T20:30:07+00:00,0.71,clob_prices_history
17269153522875922708691197534079323882577887490263556443563241786372279871546,0x6cb3ec9e0fb1c258898f648f8b33422f59ba3e8a71aee551449d7cb147bb8ead,1777063509,2026-04-24T20:45:09+00:00,0.71,clob_prices_history
17269153522875922708691197534079323882577887490263556443563241786372279871546,0x6cb3ec9e0fb1c258898f648f8b33422f59ba3e8a71aee551449d7cb147bb8ead,1777064412,2026-04-24T21:00:12+00:00,0.71,clob_prices_history
17269153522875922708691197534079323882577887490263556443563241786372279871546,0x6cb3ec9e0fb1c258898f648f8b33422f59ba3e8a71aee551449d7cb147bb8ead,1777065304,2026-04-24T21:15:04+00:00,0.71,clob_prices_history
17269153522875922708691197534079323882577887490263556443563241786372279871546,0x6cb3ec9e0fb1c258898f648f8b33422f59ba3e8a71aee551449d7cb147bb8ead,1777066207,2026-04-24T21:30:07+00:00,0.71,clob_prices_history
17269153522875922708691197534079323882577887490263556443563241786372279871546,0x6cb3ec9e0fb1c258898f648f8b33422f59ba3e8a71aee551449d7cb147bb8ead,1777067104,2026-04-24T21:45:04+00:00,0.71,clob_prices_history
17269153522875922708691197534079323882577887490263556443563241786372279871546,0x6cb3ec9e0fb1c258898f648f8b33422f59ba3e8a71aee551449d7cb147bb8ead,1777068010,2026-04-24T22:00:10+00:00,0.71,clob_prices_history
17269153522875922708691197534079323882577887490263556443563241786372279871546,0x6cb3ec9e0fb1c258898f648f8b33422f59ba3e8a71aee551449d7cb147bb8ead,1777068905,2026-04-24T22:15:05+00:00,0.71,clob_prices_history
17269153522875922708691197534079323882577887490263556443563241786372279871546,0x6cb3ec9e0fb1c258898f648f8b33422f59ba3e8a71aee551449d7cb147bb8ead,1777069814,2026-04-24T22:30:14+00:00,0.71,clob_prices_history
17269153522875922708691197534079323882577887490263556443563241786372279871546,0x6cb3ec9e0fb1c258898f648f8b33422f59ba3e8a71aee551449d7cb147bb8ead,1777070705,2026-04-24T22:45:05+00:00,0.71,clob_prices_history
17269153522875922708691197534079323882577887490263556443563241786372279871546,0x6cb3ec9e0fb1c258898f648f8b33422f59ba3e8a71aee551449d7cb147bb8ead,1777071608,2026-04-24T23:00:08+00:00,0.71,clob_prices_history
17269153522875922708691197534079323882577887490263556443563241786372279871546,0x6cb3ec9e0fb1c258898f648f8b33422f59ba3e8a71aee551449d7cb147bb8ead,1777072505,2026-04-24T23:15:05+00:00,0.71,clob_prices_history
17269153522875922708691197534079323882577887490263556443563241786372279871546,0x6cb3ec9e0fb1c258898f648f8b33422f59ba3e8a71aee551449d7cb147bb8ead,1777073407,2026-04-24T23:30:07+00:00,0.71,clob_prices_history
17269153522875922708691197534079323882577887490263556443563241786372279871546,0x6cb3ec9e0fb1c258898f648f8b33422f59ba3e8a71aee551449d7cb147bb8ead,1777074306,2026-04-24T23:45:06+00:00,0.71,clob_prices_history
17269153522875922708691197534079323882577887490263556443563241786372279871546,0x6cb3ec9e0fb1c258898f648f8b33422f59ba3e8a71aee551449d7cb147bb8ead,1777075216,2026-04-25T00:00:16+00:00,0.71,clob_prices_history
17269153522875922708691197534079323882577887490263556443563241786372279871546,0x6cb3ec9e0fb1c258898f648f8b33422f59ba3e8a71aee551449d7cb147bb8ead,1777076104,2026-04-25T00:15:04+00:00,0.71,clob_prices_history
17269153522875922708691197534079323882577887490263556443563241786372279871546,0x6cb3ec9e0fb1c258898f648f8b33422f59ba3e8a71aee551449d7cb147bb8ead,1777077005,2026-04-25T00:30:05+00:00,0.72,clob_prices_history
17269153522875922708691197534079323882577887490263556443563241786372279871546,0x6cb3ec9e0fb1c258898f648f8b33422f59ba3e8a71aee551449d7cb147bb8ead,1777077905,2026-04-25T00:45:05+00:00,0.72,clob_prices_history
17269153522875922708691197534079323882577887490263556443563241786372279871546,0x6cb3ec9e0fb1c258898f648f8b33422f59ba3e8a71aee551449d7cb147bb8ead,1777078805,2026-04-25T01:00:05+00:00,0.72,clob_prices_history
17269153522875922708691197534079323882577887490263556443563241786372279871546,0x6cb3ec9e0fb1c258898f648f8b33422f59ba3e8a71aee551449d7cb147bb8ead,1777079705,2026-04-25T01:15:05+00:00,0.72,clob_prices_history
17269153522875922708691197534079323882577887490263556443563241786372279871546,0x6cb3ec9e0fb1c258898f648f8b33422f59ba3e8a71aee551449d7cb147bb8ead,1777080604,2026-04-25T01:30:04+00:00,0.72,clob_prices_history
17269153522875922708691197534079323882577887490263556443563241786372279871546,0x6cb3ec9e0fb1c258898f648f8b33422f59ba3e8a71aee551449d7cb147bb8ead,1777081505,2026-04-25T01:45:05+00:00,0.73,clob_prices_history
17269153522875922708691197534079323882577887490263556443563241786372279871546,0x6cb3ec9e0fb1c258898f648f8b33422f59ba3e8a71aee551449d7cb147bb8ead,1777082408,2026-04-25T02:00:08+00:00,0.73,clob_prices_history
17269153522875922708691197534079323882577887490263556443563241786372279871546,0x6cb3ec9e0fb1c258898f648f8b33422f59ba3e8a71aee551449d7cb147bb8ead,1777083317,2026-04-25T02:15:17+00:00,0.73,clob_prices_history
17269153522875922708691197534079323882577887490263556443563241786372279871546,0x6cb3ec9e0fb1c258898f648f8b33422f59ba3e8a71aee551449d7cb147bb8ead,1777084206,2026-04-25T02:30:06+00:00,0.73,clob_prices_history
17269153522875922708691197534079323882577887490263556443563241786372279871546,0x6cb3ec9e0fb1c258898f648f8b33422f59ba3e8a71aee551449d7cb147bb8ead,1777085120,2026-04-25T02:45:20+00:00,0.73,clob_prices_history
17269153522875922708691197534079323882577887490263556443563241786372279871546,0x6cb3ec9e0fb1c258898f648f8b33422f59ba3e8a71aee551449d7cb147bb8ead,1777086009,2026-04-25T03:00:09+00:00,0.73,clob_prices_history
17269153522875922708691197534079323882577887490263556443563241786372279871546,0x6cb3ec9e0fb1c258898f648f8b33422f59ba3e8a71aee551449d7cb147bb8ead,1777086905,2026-04-25T03:15:05+00:00,0.73,clob_prices_history
17269153522875922708691197534079323882577887490263556443563241786372279871546,0x6cb3ec9e0fb1c258898f648f8b33422f59ba3e8a71aee551449d7cb147bb8ead,1777087806,2026-04-25T03:30:06+00:00,0.73,clob_prices_history
17269153522875922708691197534079323882577887490263556443563241786372279871546,0x6cb3ec9e0fb1c258898f648f8b33422f59ba3e8a71aee551449d7cb147bb8ead,1777088706,2026-04-25T03:45:06+00:00,0.725,clob_prices_history
17269153522875922708691197534079323882577887490263556443563241786372279871546,0x6cb3ec9e0fb1c258898f648f8b33422f59ba3e8a71aee551449d7cb147bb8ead,1777089604,2026-04-25T04:00:04+00:00,0.725,clob_prices_history
17269153522875922708691197534079323882577887490263556443563241786372279871546,0x6cb3ec9e0fb1c258898f648f8b33422f59ba3e8a71aee551449d7cb147bb8ead,1777090517,2026-04-25T04:15:17+00:00,0.725,clob_prices_history
17269153522875922708691197534079323882577887490263556443563241786372279871546,0x6cb3ec9e0fb1c258898f648f8b33422f59ba3e8a71aee551449d7cb147bb8ead,1777091406,2026-04-25T04:30:06+00:00,0.725,clob_prices_history
17269153522875922708691197534079323882577887490263556443563241786372279871546,0x6cb3ec9e0fb1c258898f648f8b33422f59ba3e8a71aee551449d7cb147bb8ead,1777092309,2026-04-25T04:45:09+00:00,0.725,clob_prices_history
17269153522875922708691197534079323882577887490263556443563241786372279871546,0x6cb3ec9e0fb1c258898f648f8b33422f59ba3e8a71aee551449d7cb147bb8ead,1777093205,2026-04-25T05:00:05+00:00,0.725,clob_prices_history
17269153522875922708691197534079323882577887490263556443563241786372279871546,0x6cb3ec9e0fb1c258898f648f8b33422f59ba3e8a71aee551449d7cb147bb8ead,1777094108,2026-04-25T05:15:08+00:00,0.725,clob_prices_history
17269153522875922708691197534079323882577887490263556443563241786372279871546,0x6cb3ec9e0fb1c258898f648f8b33422f59ba3e8a71aee551449d7cb147bb8ead,1777095007,2026-04-25T05:30:07+00:00,0.725,clob_prices_history
17269153522875922708691197534079323882577887490263556443563241786372279871546,0x6cb3ec9e0fb1c258898f648f8b33422f59ba3e8a71aee551449d7cb147bb8ead,1777095906,2026-04-25T05:45:06+00:00,0.715,clob_prices_history
17269153522875922708691197534079323882577887490263556443563241786372279871546,0x6cb3ec9e0fb1c258898f648f8b33422f59ba3e8a71aee551449d7cb147bb8ead,1777096822,2026-04-25T06:00:22+00:00,0.715,clob_prices_history
17269153522875922708691197534079323882577887490263556443563241786372279871546,0x6cb3ec9e0fb1c258898f648f8b33422f59ba3e8a71aee551449d7cb147bb8ead,1777097705,2026-04-25T06:15:05+00:00,0.715,clob_prices_history
17269153522875922708691197534079323882577887490263556443563241786372279871546,0x6cb3ec9e0fb1c258898f648f8b33422f59ba3e8a71aee551449d7cb147bb8ead,1777098606,2026-04-25T06:30:06+00:00,0.715,clob_prices_history
17269153522875922708691197534079323882577887490263556443563241786372279871546,0x6cb3ec9e0fb1c258898f648f8b33422f59ba3e8a71aee551449d7cb147bb8ead,1777099504,2026-04-25T06:45:04+00:00,0.715,clob_prices_history
17269153522875922708691197534079323882577887490263556443563241786372279871546,0x6cb3ec9e0fb1c258898f648f8b33422f59ba3e8a71aee551449d7cb147bb8ead,1777100409,2026-04-25T07:00:09+00:00,0.715,clob_prices_history
17269153522875922708691197534079323882577887490263556443563241786372279871546,0x6cb3ec9e0fb1c258898f648f8b33422f59ba3e8a71aee551449d7cb147bb8ead,1777101305,2026-04-25T07:15:05+00:00,0.715,clob_prices_history
17269153522875922708691197534079323882577887490263556443563241786372279871546,0x6cb3ec9e0fb1c258898f648f8b33422f59ba3e8a71aee551449d7cb147bb8ead,1777102205,2026-04-25T07:30:05+00:00,0.715,clob_prices_history
17269153522875922708691197534079323882577887490263556443563241786372279871546,0x6cb3ec9e0fb1c258898f648f8b33422f59ba3e8a71aee551449d7cb147bb8ead,1777103107,2026-04-25T07:45:07+00:00,0.715,clob_prices_history
17269153522875922708691197534079323882577887490263556443563241786372279871546,0x6cb3ec9e0fb1c258898f648f8b33422f59ba3e8a71aee551449d7cb147bb8ead,1777104010,2026-04-25T08:00:10+00:00,0.715,clob_prices_history
17269153522875922708691197534079323882577887490263556443563241786372279871546,0x6cb3ec9e0fb1c258898f648f8b33422f59ba3e8a71aee551449d7cb147bb8ead,1777104907,2026-04-25T08:15:07+00:00,0.715,clob_prices_history
17269153522875922708691197534079323882577887490263556443563241786372279871546,0x6cb3ec9e0fb1c258898f648f8b33422f59ba3e8a71aee551449d7cb147bb8ead,1777105807,2026-04-25T08:30:07+00:00,0.715,clob_prices_history
17269153522875922708691197534079323882577887490263556443563241786372279871546,0x6cb3ec9e0fb1c258898f648f8b33422f59ba3e8a71aee551449d7cb147bb8ead,1777106707,2026-04-25T08:45:07+00:00,0.715,clob_prices_history
17269153522875922708691197534079323882577887490263556443563241786372279871546,0x6cb3ec9e0fb1c258898f648f8b33422f59ba3e8a71aee551449d7cb147bb8ead,1777107616,2026-04-25T09:00:16+00:00,0.715,clob_prices_history
17269153522875922708691197534079323882577887490263556443563241786372279871546,0x6cb3ec9e0fb1c258898f648f8b33422f59ba3e8a71aee551449d7cb147bb8ead,1777108506,2026-04-25T09:15:06+00:00,0.715,clob_prices_history
17269153522875922708691197534079323882577887490263556443563241786372279871546,0x6cb3ec9e0fb1c258898f648f8b33422f59ba3e8a71aee551449d7cb147bb8ead,1777109406,2026-04-25T09:30:06+00:00,0.715,clob_prices_history
17269153522875922708691197534079323882577887490263556443563241786372279871546,0x6cb3ec9e0fb1c258898f648f8b33422f59ba3e8a71aee551449d7cb147bb8ead,1777110320,2026-04-25T09:45:20+00:00,0.715,clob_prices_history
17269153522875922708691197534079323882577887490263556443563241786372279871546,0x6cb3ec9e0fb1c258898f648f8b33422f59ba3e8a71aee551449d7cb147bb8ead,1777111209,2026-04-25T10:00:09+00:00,0.715,clob_prices_history
17269153522875922708691197534079323882577887490263556443563241786372279871546,0x6cb3ec9e0fb1c258898f648f8b33422f59ba3e8a71aee551449d7cb147bb8ead,1777112110,2026-04-25T10:15:10+00:00,0.715,clob_prices_history
17269153522875922708691197534079323882577887490263556443563241786372279871546,0x6cb3ec9e0fb1c258898f648f8b33422f59ba3e8a71aee551449d7cb147bb8ead,1777113005,2026-04-25T10:30:05+00:00,0.715,clob_prices_history
17269153522875922708691197534079323882577887490263556443563241786372279871546,0x6cb3ec9e0fb1c258898f648f8b33422f59ba3e8a71aee551449d7cb147bb8ead,1777113907,2026-04-25T10:45:07+00:00,0.715,clob_prices_history
17269153522875922708691197534079323882577887490263556443563241786372279871546,0x6cb3ec9e0fb1c258898f648f8b33422f59ba3e8a71aee551449d7cb147bb8ead,1777114808,2026-04-25T11:00:08+00:00,0.715,clob_prices_history
17269153522875922708691197534079323882577887490263556443563241786372279871546,0x6cb3ec9e0fb1c258898f648f8b33422f59ba3e8a71aee551449d7cb147bb8ead,1777115707,2026-04-25T11:15:07+00:00,0.715,clob_prices_history
17269153522875922708691197534079323882577887490263556443563241786372279871546,0x6cb3ec9e0fb1c258898f648f8b33422f59ba3e8a71aee551449d7cb147bb8ead,1777116618,2026-04-25T11:30:18+00:00,0.715,clob_prices_history
17269153522875922708691197534079323882577887490263556443563241786372279871546,0x6cb3ec9e0fb1c258898f648f8b33422f59ba3e8a71aee551449d7cb147bb8ead,1777117509,2026-04-25T11:45:09+00:00,0.715,clob_prices_history
17269153522875922708691197534079323882577887490263556443563241786372279871546,0x6cb3ec9e0fb1c258898f648f8b33422f59ba3e8a71aee551449d7cb147bb8ead,1777118411,2026-04-25T12:00:11+00:00,0.715,clob_prices_history
17269153522875922708691197534079323882577887490263556443563241786372279871546,0x6cb3ec9e0fb1c258898f648f8b33422f59ba3e8a71aee551449d7cb147bb8ead,1777119306,2026-04-25T12:15:06+00:00,0.715,clob_prices_history
17269153522875922708691197534079323882577887490263556443563241786372279871546,0x6cb3ec9e0fb1c258898f648f8b33422f59ba3e8a71aee551449d7cb147bb8ead,1777120208,2026-04-25T12:30:08+00:00,0.715,clob_prices_history
17269153522875922708691197534079323882577887490263556443563241786372279871546,0x6cb3ec9e0fb1c258898f648f8b33422f59ba3e8a71aee551449d7cb147bb8ead,1777121108,2026-04-25T12:45:08+00:00,0.715,clob_prices_history
17269153522875922708691197534079323882577887490263556443563241786372279871546,0x6cb3ec9e0fb1c258898f648f8b33422f59ba3e8a71aee551449d7cb147bb8ead,1777122007,2026-04-25T13:00:07+00:00,0.715,clob_prices_history
17269153522875922708691197534079323882577887490263556443563241786372279871546,0x6cb3ec9e0fb1c258898f648f8b33422f59ba3e8a71aee551449d7cb147bb8ead,1777122906,2026-04-25T13:15:06+00:00,0.715,clob_prices_history
17269153522875922708691197534079323882577887490263556443563241786372279871546,0x6cb3ec9e0fb1c258898f648f8b33422f59ba3e8a71aee551449d7cb147bb8ead,1777123807,2026-04-25T13:30:07+00:00,0.69,clob_prices_history
17269153522875922708691197534079323882577887490263556443563241786372279871546,0x6cb3ec9e0fb1c258898f648f8b33422f59ba3e8a71aee551449d7cb147bb8ead,1777124712,2026-04-25T13:45:12+00:00,0.69,clob_prices_history
17269153522875922708691197534079323882577887490263556443563241786372279871546,0x6cb3ec9e0fb1c258898f648f8b33422f59ba3e8a71aee551449d7cb147bb8ead,1777125605,2026-04-25T14:00:05+00:00,0.705,clob_prices_history
17269153522875922708691197534079323882577887490263556443563241786372279871546,0x6cb3ec9e0fb1c258898f648f8b33422f59ba3e8a71aee551449d7cb147bb8ead,1777126505,2026-04-25T14:15:05+00:00,0.695,clob_prices_history
17269153522875922708691197534079323882577887490263556443563241786372279871546,0x6cb3ec9e0fb1c258898f648f8b33422f59ba3e8a71aee551449d7cb147bb8ead,1777127406,2026-04-25T14:30:06+00:00,0.715,clob_prices_history
17269153522875922708691197534079323882577887490263556443563241786372279871546,0x6cb3ec9e0fb1c258898f648f8b33422f59ba3e8a71aee551449d7cb147bb8ead,1777128309,2026-04-25T14:45:09+00:00,0.715,clob_prices_history
17269153522875922708691197534079323882577887490263556443563241786372279871546,0x6cb3ec9e0fb1c258898f648f8b33422f59ba3e8a71aee551449d7cb147bb8ead,1777129211,2026-04-25T15:00:11+00:00,0.72,clob_prices_history
17269153522875922708691197534079323882577887490263556443563241786372279871546,0x6cb3ec9e0fb1c258898f648f8b33422f59ba3e8a71aee551449d7cb147bb8ead,1777130105,2026-04-25T15:15:05+00:00,0.72,clob_prices_history
17269153522875922708691197534079323882577887490263556443563241786372279871546,0x6cb3ec9e0fb1c258898f648f8b33422f59ba3e8a71aee551449d7cb147bb8ead,1777131005,2026-04-25T15:30:05+00:00,0.72,clob_prices_history
17269153522875922708691197534079323882577887490263556443563241786372279871546,0x6cb3ec9e0fb1c258898f648f8b33422f59ba3e8a71aee551449d7cb147bb8ead,1777131904,2026-04-25T15:45:04+00:00,0.72,clob_prices_history
17269153522875922708691197534079323882577887490263556443563241786372279871546,0x6cb3ec9e0fb1c258898f648f8b33422f59ba3e8a71aee551449d7cb147bb8ead,1777132807,2026-04-25T16:00:07+00:00,0.735,clob_prices_history
17269153522875922708691197534079323882577887490263556443563241786372279871546,0x6cb3ec9e0fb1c258898f648f8b33422f59ba3e8a71aee551449d7cb147bb8ead,1777133705,2026-04-25T16:15:05+00:00,0.735,clob_prices_history
17269153522875922708691197534079323882577887490263556443563241786372279871546,0x6cb3ec9e0fb1c258898f648f8b33422f59ba3e8a71aee551449d7cb147bb8ead,1777134604,2026-04-25T16:30:04+00:00,0.74,clob_prices_history
17269153522875922708691197534079323882577887490263556443563241786372279871546,0x6cb3ec9e0fb1c258898f648f8b33422f59ba3e8a71aee551449d7cb147bb8ead,1777135505,2026-04-25T16:45:05+00:00,0.75,clob_prices_history
17269153522875922708691197534079323882577887490263556443563241786372279871546,0x6cb3ec9e0fb1c258898f648f8b33422f59ba3e8a71aee551449d7cb147bb8ead,1777136430,2026-04-25T17:00:30+00:00,0.76,clob_prices_history
17269153522875922708691197534079323882577887490263556443563241786372279871546,0x6cb3ec9e0fb1c258898f648f8b33422f59ba3e8a71aee551449d7cb147bb8ead,1777137304,2026-04-25T17:15:04+00:00,0.76,clob_prices_history
17269153522875922708691197534079323882577887490263556443563241786372279871546,0x6cb3ec9e0fb1c258898f648f8b33422f59ba3e8a71aee551449d7cb147bb8ead,1777138206,2026-04-25T17:30:06+00:00,0.745,clob_prices_history
17269153522875922708691197534079323882577887490263556443563241786372279871546,0x6cb3ec9e0fb1c258898f648f8b33422f59ba3e8a71aee551449d7cb147bb8ead,1777139105,2026-04-25T17:45:05+00:00,0.745,clob_prices_history
17269153522875922708691197534079323882577887490263556443563241786372279871546,0x6cb3ec9e0fb1c258898f648f8b33422f59ba3e8a71aee551449d7cb147bb8ead,1777140010,2026-04-25T18:00:10+00:00,0.75,clob_prices_history
17269153522875922708691197534079323882577887490263556443563241786372279871546,0x6cb3ec9e0fb1c258898f648f8b33422f59ba3e8a71aee551449d7cb147bb8ead,1777140906,2026-04-25T18:15:06+00:00,0.75,clob_prices_history
17269153522875922708691197534079323882577887490263556443563241786372279871546,0x6cb3ec9e0fb1c258898f648f8b33422f59ba3e8a71aee551449d7cb147bb8ead,1777141808,2026-04-25T18:30:08+00:00,0.75,clob_prices_history
17269153522875922708691197534079323882577887490263556443563241786372279871546,0x6cb3ec9e0fb1c258898f648f8b33422f59ba3e8a71aee551449d7cb147bb8ead,1777142706,2026-04-25T18:45:06+00:00,0.745,clob_prices_history
17269153522875922708691197534079323882577887490263556443563241786372279871546,0x6cb3ec9e0fb1c258898f648f8b33422f59ba3e8a71aee551449d7cb147bb8ead,1777143606,2026-04-25T19:00:06+00:00,0.75,clob_prices_history
17269153522875922708691197534079323882577887490263556443563241786372279871546,0x6cb3ec9e0fb1c258898f648f8b33422f59ba3e8a71aee551449d7cb147bb8ead,1777144506,2026-04-25T19:15:06+00:00,0.755,clob_prices_history
17269153522875922708691197534079323882577887490263556443563241786372279871546,0x6cb3ec9e0fb1c258898f648f8b33422f59ba3e8a71aee551449d7cb147bb8ead,1777145406,2026-04-25T19:30:06+00:00,0.755,clob_prices_history
17269153522875922708691197534079323882577887490263556443563241786372279871546,0x6cb3ec9e0fb1c258898f648f8b33422f59ba3e8a71aee551449d7cb147bb8ead,1777146305,2026-04-25T19:45:05+00:00,0.755,clob_prices_history
17269153522875922708691197534079323882577887490263556443563241786372279871546,0x6cb3ec9e0fb1c258898f648f8b33422f59ba3e8a71aee551449d7cb147bb8ead,1777147209,2026-04-25T20:00:09+00:00,0.755,clob_prices_history
17269153522875922708691197534079323882577887490263556443563241786372279871546,0x6cb3ec9e0fb1c258898f648f8b33422f59ba3e8a71aee551449d7cb147bb8ead,1777148105,2026-04-25T20:15:05+00:00,0.755,clob_prices_history
17269153522875922708691197534079323882577887490263556443563241786372279871546,0x6cb3ec9e0fb1c258898f648f8b33422f59ba3e8a71aee551449d7cb147bb8ead,1777149005,2026-04-25T20:30:05+00:00,0.75,clob_prices_history
17269153522875922708691197534079323882577887490263556443563241786372279871546,0x6cb3ec9e0fb1c258898f648f8b33422f59ba3e8a71aee551449d7cb147bb8ead,1777149908,2026-04-25T20:45:08+00:00,0.75,clob_prices_history
17269153522875922708691197534079323882577887490263556443563241786372279871546,0x6cb3ec9e0fb1c258898f648f8b33422f59ba3e8a71aee551449d7cb147bb8ead,1777150811,2026-04-25T21:00:11+00:00,0.75,clob_prices_history
17269153522875922708691197534079323882577887490263556443563241786372279871546,0x6cb3ec9e0fb1c258898f648f8b33422f59ba3e8a71aee551449d7cb147bb8ead,1777151706,2026-04-25T21:15:06+00:00,0.75,clob_prices_history
17269153522875922708691197534079323882577887490263556443563241786372279871546,0x6cb3ec9e0fb1c258898f648f8b33422f59ba3e8a71aee551449d7cb147bb8ead,1777152604,2026-04-25T21:30:04+00:00,0.75,clob_prices_history
17269153522875922708691197534079323882577887490263556443563241786372279871546,0x6cb3ec9e0fb1c258898f648f8b33422f59ba3e8a71aee551449d7cb147bb8ead,1777153504,2026-04-25T21:45:04+00:00,0.75,clob_prices_history
17269153522875922708691197534079323882577887490263556443563241786372279871546,0x6cb3ec9e0fb1c258898f648f8b33422f59ba3e8a71aee551449d7cb147bb8ead,1777154420,2026-04-25T22:00:20+00:00,0.75,clob_prices_history
17269153522875922708691197534079323882577887490263556443563241786372279871546,0x6cb3ec9e0fb1c258898f648f8b33422f59ba3e8a71aee551449d7cb147bb8ead,1777155305,2026-04-25T22:15:05+00:00,0.745,clob_prices_history
17269153522875922708691197534079323882577887490263556443563241786372279871546,0x6cb3ec9e0fb1c258898f648f8b33422f59ba3e8a71aee551449d7cb147bb8ead,1777156207,2026-04-25T22:30:07+00:00,0.745,clob_prices_history
17269153522875922708691197534079323882577887490263556443563241786372279871546,0x6cb3ec9e0fb1c258898f648f8b33422f59ba3e8a71aee551449d7cb147bb8ead,1777157106,2026-04-25T22:45:06+00:00,0.745,clob_prices_history
17269153522875922708691197534079323882577887490263556443563241786372279871546,0x6cb3ec9e0fb1c258898f648f8b33422f59ba3e8a71aee551449d7cb147bb8ead,1777158006,2026-04-25T23:00:06+00:00,0.745,clob_prices_history
17269153522875922708691197534079323882577887490263556443563241786372279871546,0x6cb3ec9e0fb1c258898f648f8b33422f59ba3e8a71aee551449d7cb147bb8ead,1777158905,2026-04-25T23:15:05+00:00,0.745,clob_prices_history
17269153522875922708691197534079323882577887490263556443563241786372279871546,0x6cb3ec9e0fb1c258898f648f8b33422f59ba3e8a71aee551449d7cb147bb8ead,1777159818,2026-04-25T23:30:18+00:00,0.745,clob_prices_history
17269153522875922708691197534079323882577887490263556443563241786372279871546,0x6cb3ec9e0fb1c258898f648f8b33422f59ba3e8a71aee551449d7cb147bb8ead,1777160705,2026-04-25T23:45:05+00:00,0.745,clob_prices_history
17269153522875922708691197534079323882577887490263556443563241786372279871546,0x6cb3ec9e0fb1c258898f648f8b33422f59ba3e8a71aee551449d7cb147bb8ead,1777161610,2026-04-26T00:00:10+00:00,0.745,clob_prices_history
17269153522875922708691197534079323882577887490263556443563241786372279871546,0x6cb3ec9e0fb1c258898f648f8b33422f59ba3e8a71aee551449d7cb147bb8ead,1777162506,2026-04-26T00:15:06+00:00,0.745,clob_prices_history
17269153522875922708691197534079323882577887490263556443563241786372279871546,0x6cb3ec9e0fb1c258898f648f8b33422f59ba3e8a71aee551449d7cb147bb8ead,1777163409,2026-04-26T00:30:09+00:00,0.745,clob_prices_history
17269153522875922708691197534079323882577887490263556443563241786372279871546,0x6cb3ec9e0fb1c258898f648f8b33422f59ba3e8a71aee551449d7cb147bb8ead,1777164304,2026-04-26T00:45:04+00:00,0.745,clob_prices_history
17269153522875922708691197534079323882577887490263556443563241786372279871546,0x6cb3ec9e0fb1c258898f648f8b33422f59ba3e8a71aee551449d7cb147bb8ead,1777165208,2026-04-26T01:00:08+00:00,0.745,clob_prices_history
17269153522875922708691197534079323882577887490263556443563241786372279871546,0x6cb3ec9e0fb1c258898f648f8b33422f59ba3e8a71aee551449d7cb147bb8ead,1777166106,2026-04-26T01:15:06+00:00,0.745,clob_prices_history
17269153522875922708691197534079323882577887490263556443563241786372279871546,0x6cb3ec9e0fb1c258898f648f8b33422f59ba3e8a71aee551449d7cb147bb8ead,1777167006,2026-04-26T01:30:06+00:00,0.745,clob_prices_history
17269153522875922708691197534079323882577887490263556443563241786372279871546,0x6cb3ec9e0fb1c258898f648f8b33422f59ba3e8a71aee551449d7cb147bb8ead,1777167905,2026-04-26T01:45:05+00:00,0.745,clob_prices_history
17269153522875922708691197534079323882577887490263556443563241786372279871546,0x6cb3ec9e0fb1c258898f648f8b33422f59ba3e8a71aee551449d7cb147bb8ead,1777168805,2026-04-26T02:00:05+00:00,0.75,clob_prices_history
17269153522875922708691197534079323882577887490263556443563241786372279871546,0x6cb3ec9e0fb1c258898f648f8b33422f59ba3e8a71aee551449d7cb147bb8ead,1777169704,2026-04-26T02:15:04+00:00,0.75,clob_prices_history
17269153522875922708691197534079323882577887490263556443563241786372279871546,0x6cb3ec9e0fb1c258898f648f8b33422f59ba3e8a71aee551449d7cb147bb8ead,1777170606,2026-04-26T02:30:06+00:00,0.75,clob_prices_history
17269153522875922708691197534079323882577887490263556443563241786372279871546,0x6cb3ec9e0fb1c258898f648f8b33422f59ba3e8a71aee551449d7cb147bb8ead,1777171504,2026-04-26T02:45:04+00:00,0.75,clob_prices_history
17269153522875922708691197534079323882577887490263556443563241786372279871546,0x6cb3ec9e0fb1c258898f648f8b33422f59ba3e8a71aee551449d7cb147bb8ead,1777172425,2026-04-26T03:00:25+00:00,0.75,clob_prices_history
17269153522875922708691197534079323882577887490263556443563241786372279871546,0x6cb3ec9e0fb1c258898f648f8b33422f59ba3e8a71aee551449d7cb147bb8ead,1777173320,2026-04-26T03:15:20+00:00,0.75,clob_prices_history
17269153522875922708691197534079323882577887490263556443563241786372279871546,0x6cb3ec9e0fb1c258898f648f8b33422f59ba3e8a71aee551449d7cb147bb8ead,1777174206,2026-04-26T03:30:06+00:00,0.75,clob_prices_history
17269153522875922708691197534079323882577887490263556443563241786372279871546,0x6cb3ec9e0fb1c258898f648f8b33422f59ba3e8a71aee551449d7cb147bb8ead,1777175104,2026-04-26T03:45:04+00:00,0.75,clob_prices_history
17269153522875922708691197534079323882577887490263556443563241786372279871546,0x6cb3ec9e0fb1c258898f648f8b33422f59ba3e8a71aee551449d7cb147bb8ead,1777176004,2026-04-26T04:00:04+00:00,0.745,clob_prices_history
17269153522875922708691197534079323882577887490263556443563241786372279871546,0x6cb3ec9e0fb1c258898f648f8b33422f59ba3e8a71aee551449d7cb147bb8ead,1777176908,2026-04-26T04:15:08+00:00,0.745,clob_prices_history
17269153522875922708691197534079323882577887490263556443563241786372279871546,0x6cb3ec9e0fb1c258898f648f8b33422f59ba3e8a71aee551449d7cb147bb8ead,1777177806,2026-04-26T04:30:06+00:00,0.745,clob_prices_history
17269153522875922708691197534079323882577887490263556443563241786372279871546,0x6cb3ec9e0fb1c258898f648f8b33422f59ba3e8a71aee551449d7cb147bb8ead,1777178705,2026-04-26T04:45:05+00:00,0.745,clob_prices_history
17269153522875922708691197534079323882577887490263556443563241786372279871546,0x6cb3ec9e0fb1c258898f648f8b33422f59ba3e8a71aee551449d7cb147bb8ead,1777179611,2026-04-26T05:00:11+00:00,0.745,clob_prices_history
17269153522875922708691197534079323882577887490263556443563241786372279871546,0x6cb3ec9e0fb1c258898f648f8b33422f59ba3e8a71aee551449d7cb147bb8ead,1777180505,2026-04-26T05:15:05+00:00,0.745,clob_prices_history
17269153522875922708691197534079323882577887490263556443563241786372279871546,0x6cb3ec9e0fb1c258898f648f8b33422f59ba3e8a71aee551449d7cb147bb8ead,1777181407,2026-04-26T05:30:07+00:00,0.745,clob_prices_history
17269153522875922708691197534079323882577887490263556443563241786372279871546,0x6cb3ec9e0fb1c258898f648f8b33422f59ba3e8a71aee551449d7cb147bb8ead,1777182305,2026-04-26T05:45:05+00:00,0.735,clob_prices_history
17269153522875922708691197534079323882577887490263556443563241786372279871546,0x6cb3ec9e0fb1c258898f648f8b33422f59ba3e8a71aee551449d7cb147bb8ead,1777183209,2026-04-26T06:00:09+00:00,0.735,clob_prices_history
17269153522875922708691197534079323882577887490263556443563241786372279871546,0x6cb3ec9e0fb1c258898f648f8b33422f59ba3e8a71aee551449d7cb147bb8ead,1777184116,2026-04-26T06:15:16+00:00,0.735,clob_prices_history
17269153522875922708691197534079323882577887490263556443563241786372279871546,0x6cb3ec9e0fb1c258898f648f8b33422f59ba3e8a71aee551449d7cb147bb8ead,1777185006,2026-04-26T06:30:06+00:00,0.735,clob_prices_history
17269153522875922708691197534079323882577887490263556443563241786372279871546,0x6cb3ec9e0fb1c258898f648f8b33422f59ba3e8a71aee551449d7cb147bb8ead,1777185904,2026-04-26T06:45:04+00:00,0.735,clob_prices_history
17269153522875922708691197534079323882577887490263556443563241786372279871546,0x6cb3ec9e0fb1c258898f648f8b33422f59ba3e8a71aee551449d7cb147bb8ead,1777186806,2026-04-26T07:00:06+00:00,0.735,clob_prices_history
17269153522875922708691197534079323882577887490263556443563241786372279871546,0x6cb3ec9e0fb1c258898f648f8b33422f59ba3e8a71aee551449d7cb147bb8ead,1777187704,2026-04-26T07:15:04+00:00,0.735,clob_prices_history
17269153522875922708691197534079323882577887490263556443563241786372279871546,0x6cb3ec9e0fb1c258898f648f8b33422f59ba3e8a71aee551449d7cb147bb8ead,1777188607,2026-04-26T07:30:07+00:00,0.735,clob_prices_history
17269153522875922708691197534079323882577887490263556443563241786372279871546,0x6cb3ec9e0fb1c258898f648f8b33422f59ba3e8a71aee551449d7cb147bb8ead,1777189519,2026-04-26T07:45:19+00:00,0.735,clob_prices_history
17269153522875922708691197534079323882577887490263556443563241786372279871546,0x6cb3ec9e0fb1c258898f648f8b33422f59ba3e8a71aee551449d7cb147bb8ead,1777190411,2026-04-26T08:00:11+00:00,0.735,clob_prices_history
17269153522875922708691197534079323882577887490263556443563241786372279871546,0x6cb3ec9e0fb1c258898f648f8b33422f59ba3e8a71aee551449d7cb147bb8ead,1777191305,2026-04-26T08:15:05+00:00,0.735,clob_prices_history
17269153522875922708691197534079323882577887490263556443563241786372279871546,0x6cb3ec9e0fb1c258898f648f8b33422f59ba3e8a71aee551449d7cb147bb8ead,1777192206,2026-04-26T08:30:06+00:00,0.735,clob_prices_history
17269153522875922708691197534079323882577887490263556443563241786372279871546,0x6cb3ec9e0fb1c258898f648f8b33422f59ba3e8a71aee551449d7cb147bb8ead,1777193106,2026-04-26T08:45:06+00:00,0.735,clob_prices_history
17269153522875922708691197534079323882577887490263556443563241786372279871546,0x6cb3ec9e0fb1c258898f648f8b33422f59ba3e8a71aee551449d7cb147bb8ead,1777194011,2026-04-26T09:00:11+00:00,0.735,clob_prices_history
17269153522875922708691197534079323882577887490263556443563241786372279871546,0x6cb3ec9e0fb1c258898f648f8b33422f59ba3e8a71aee551449d7cb147bb8ead,1777194908,2026-04-26T09:15:08+00:00,0.735,clob_prices_history
17269153522875922708691197534079323882577887490263556443563241786372279871546,0x6cb3ec9e0fb1c258898f648f8b33422f59ba3e8a71aee551449d7cb147bb8ead,1777195807,2026-04-26T09:30:07+00:00,0.735,clob_prices_history
17269153522875922708691197534079323882577887490263556443563241786372279871546,0x6cb3ec9e0fb1c258898f648f8b33422f59ba3e8a71aee551449d7cb147bb8ead,1777196705,2026-04-26T09:45:05+00:00,0.735,clob_prices_history
17269153522875922708691197534079323882577887490263556443563241786372279871546,0x6cb3ec9e0fb1c258898f648f8b33422f59ba3e8a71aee551449d7cb147bb8ead,1777197609,2026-04-26T10:00:09+00:00,0.735,clob_prices_history
17269153522875922708691197534079323882577887490263556443563241786372279871546,0x6cb3ec9e0fb1c258898f648f8b33422f59ba3e8a71aee551449d7cb147bb8ead,1777198505,2026-04-26T10:15:05+00:00,0.735,clob_prices_history
17269153522875922708691197534079323882577887490263556443563241786372279871546,0x6cb3ec9e0fb1c258898f648f8b33422f59ba3e8a71aee551449d7cb147bb8ead,1777199423,2026-04-26T10:30:23+00:00,0.735,clob_prices_history
17269153522875922708691197534079323882577887490263556443563241786372279871546,0x6cb3ec9e0fb1c258898f648f8b33422f59ba3e8a71aee551449d7cb147bb8ead,1777200304,2026-04-26T10:45:04+00:00,0.735,clob_prices_history
17269153522875922708691197534079323882577887490263556443563241786372279871546,0x6cb3ec9e0fb1c258898f648f8b33422f59ba3e8a71aee551449d7cb147bb8ead,1777201208,2026-04-26T11:00:08+00:00,0.735,clob_prices_history
17269153522875922708691197534079323882577887490263556443563241786372279871546,0x6cb3ec9e0fb1c258898f648f8b33422f59ba3e8a71aee551449d7cb147bb8ead,1777202105,2026-04-26T11:15:05+00:00,0.735,clob_prices_history
17269153522875922708691197534079323882577887490263556443563241786372279871546,0x6cb3ec9e0fb1c258898f648f8b33422f59ba3e8a71aee551449d7cb147bb8ead,1777203007,2026-04-26T11:30:07+00:00,0.735,clob_prices_history
17269153522875922708691197534079323882577887490263556443563241786372279871546,0x6cb3ec9e0fb1c258898f648f8b33422f59ba3e8a71aee551449d7cb147bb8ead,1777203905,2026-04-26T11:45:05+00:00,0.735,clob_prices_history
17269153522875922708691197534079323882577887490263556443563241786372279871546,0x6cb3ec9e0fb1c258898f648f8b33422f59ba3e8a71aee551449d7cb147bb8ead,1777204813,2026-04-26T12:00:13+00:00,0.735,clob_prices_history
17269153522875922708691197534079323882577887490263556443563241786372279871546,0x6cb3ec9e0fb1c258898f648f8b33422f59ba3e8a71aee551449d7cb147bb8ead,1777205708,2026-04-26T12:15:08+00:00,0.735,clob_prices_history
17269153522875922708691197534079323882577887490263556443563241786372279871546,0x6cb3ec9e0fb1c258898f648f8b33422f59ba3e8a71aee551449d7cb147bb8ead,1777206607,2026-04-26T12:30:07+00:00,0.735,clob_prices_history
17269153522875922708691197534079323882577887490263556443563241786372279871546,0x6cb3ec9e0fb1c258898f648f8b33422f59ba3e8a71aee551449d7cb147bb8ead,1777207518,2026-04-26T12:45:18+00:00,0.735,clob_prices_history
17269153522875922708691197534079323882577887490263556443563241786372279871546,0x6cb3ec9e0fb1c258898f648f8b33422f59ba3e8a71aee551449d7cb147bb8ead,1777208409,2026-04-26T13:00:09+00:00,0.735,clob_prices_history
17269153522875922708691197534079323882577887490263556443563241786372279871546,0x6cb3ec9e0fb1c258898f648f8b33422f59ba3e8a71aee551449d7cb147bb8ead,1777209304,2026-04-26T13:15:04+00:00,0.735,clob_prices_history
17269153522875922708691197534079323882577887490263556443563241786372279871546,0x6cb3ec9e0fb1c258898f648f8b33422f59ba3e8a71aee551449d7cb147bb8ead,1777210208,2026-04-26T13:30:08+00:00,0.735,clob_prices_history
17269153522875922708691197534079323882577887490263556443563241786372279871546,0x6cb3ec9e0fb1c258898f648f8b33422f59ba3e8a71aee551449d7cb147bb8ead,1777211106,2026-04-26T13:45:06+00:00,0.735,clob_prices_history
17269153522875922708691197534079323882577887490263556443563241786372279871546,0x6cb3ec9e0fb1c258898f648f8b33422f59ba3e8a71aee551449d7cb147bb8ead,1777212010,2026-04-26T14:00:10+00:00,0.735,clob_prices_history
17269153522875922708691197534079323882577887490263556443563241786372279871546,0x6cb3ec9e0fb1c258898f648f8b33422f59ba3e8a71aee551449d7cb147bb8ead,1777212905,2026-04-26T14:15:05+00:00,0.735,clob_prices_history
17269153522875922708691197534079323882577887490263556443563241786372279871546,0x6cb3ec9e0fb1c258898f648f8b33422f59ba3e8a71aee551449d7cb147bb8ead,1777213808,2026-04-26T14:30:08+00:00,0.735,clob_prices_history
17269153522875922708691197534079323882577887490263556443563241786372279871546,0x6cb3ec9e0fb1c258898f648f8b33422f59ba3e8a71aee551449d7cb147bb8ead,1777214707,2026-04-26T14:45:07+00:00,0.735,clob_prices_history
17269153522875922708691197534079323882577887490263556443563241786372279871546,0x6cb3ec9e0fb1c258898f648f8b33422f59ba3e8a71aee551449d7cb147bb8ead,1777215611,2026-04-26T15:00:11+00:00,0.735,clob_prices_history
17269153522875922708691197534079323882577887490263556443563241786372279871546,0x6cb3ec9e0fb1c258898f648f8b33422f59ba3e8a71aee551449d7cb147bb8ead,1777216522,2026-04-26T15:15:22+00:00,0.735,clob_prices_history
17269153522875922708691197534079323882577887490263556443563241786372279871546,0x6cb3ec9e0fb1c258898f648f8b33422f59ba3e8a71aee551449d7cb147bb8ead,1777217406,2026-04-26T15:30:06+00:00,0.735,clob_prices_history
17269153522875922708691197534079323882577887490263556443563241786372279871546,0x6cb3ec9e0fb1c258898f648f8b33422f59ba3e8a71aee551449d7cb147bb8ead,1777218306,2026-04-26T15:45:06+00:00,0.735,clob_prices_history
17269153522875922708691197534079323882577887490263556443563241786372279871546,0x6cb3ec9e0fb1c258898f648f8b33422f59ba3e8a71aee551449d7cb147bb8ead,1777219208,2026-04-26T16:00:08+00:00,0.705,clob_prices_history
17269153522875922708691197534079323882577887490263556443563241786372279871546,0x6cb3ec9e0fb1c258898f648f8b33422f59ba3e8a71aee551449d7cb147bb8ead,1777220106,2026-04-26T16:15:06+00:00,0.705,clob_prices_history
17269153522875922708691197534079323882577887490263556443563241786372279871546,0x6cb3ec9e0fb1c258898f648f8b33422f59ba3e8a71aee551449d7cb147bb8ead,1777221006,2026-04-26T16:30:06+00:00,0.715,clob_prices_history
17269153522875922708691197534079323882577887490263556443563241786372279871546,0x6cb3ec9e0fb1c258898f648f8b33422f59ba3e8a71aee551449d7cb147bb8ead,1777221907,2026-04-26T16:45:07+00:00,0.725,clob_prices_history
17269153522875922708691197534079323882577887490263556443563241786372279871546,0x6cb3ec9e0fb1c258898f648f8b33422f59ba3e8a71aee551449d7cb147bb8ead,1777222809,2026-04-26T17:00:09+00:00,0.71,clob_prices_history
17269153522875922708691197534079323882577887490263556443563241786372279871546,0x6cb3ec9e0fb1c258898f648f8b33422f59ba3e8a71aee551449d7cb147bb8ead,1777223708,2026-04-26T17:15:08+00:00,0.71,clob_prices_history
17269153522875922708691197534079323882577887490263556443563241786372279871546,0x6cb3ec9e0fb1c258898f648f8b33422f59ba3e8a71aee551449d7cb147bb8ead,1777224608,2026-04-26T17:30:08+00:00,0.71,clob_prices_history
17269153522875922708691197534079323882577887490263556443563241786372279871546,0x6cb3ec9e0fb1c258898f648f8b33422f59ba3e8a71aee551449d7cb147bb8ead,1777225521,2026-04-26T17:45:21+00:00,0.715,clob_prices_history
17269153522875922708691197534079323882577887490263556443563241786372279871546,0x6cb3ec9e0fb1c258898f648f8b33422f59ba3e8a71aee551449d7cb147bb8ead,1777226427,2026-04-26T18:00:27+00:00,0.71,clob_prices_history
17269153522875922708691197534079323882577887490263556443563241786372279871546,0x6cb3ec9e0fb1c258898f648f8b33422f59ba3e8a71aee551449d7cb147bb8ead,1777227307,2026-04-26T18:15:07+00:00,0.715,clob_prices_history
17269153522875922708691197534079323882577887490263556443563241786372279871546,0x6cb3ec9e0fb1c258898f648f8b33422f59ba3e8a71aee551449d7cb147bb8ead,1777228208,2026-04-26T18:30:08+00:00,0.715,clob_prices_history
17269153522875922708691197534079323882577887490263556443563241786372279871546,0x6cb3ec9e0fb1c258898f648f8b33422f59ba3e8a71aee551449d7cb147bb8ead,1777229107,2026-04-26T18:45:07+00:00,0.715,clob_prices_history
17269153522875922708691197534079323882577887490263556443563241786372279871546,0x6cb3ec9e0fb1c258898f648f8b33422f59ba3e8a71aee551449d7cb147bb8ead,1777230007,2026-04-26T19:00:07+00:00,0.715,clob_prices_history
17269153522875922708691197534079323882577887490263556443563241786372279871546,0x6cb3ec9e0fb1c258898f648f8b33422f59ba3e8a71aee551449d7cb147bb8ead,1777230906,2026-04-26T19:15:06+00:00,0.715,clob_prices_history
17269153522875922708691197534079323882577887490263556443563241786372279871546,0x6cb3ec9e0fb1c258898f648f8b33422f59ba3e8a71aee551449d7cb147bb8ead,1777231807,2026-04-26T19:30:07+00:00,0.715,clob_prices_history
17269153522875922708691197534079323882577887490263556443563241786372279871546,0x6cb3ec9e0fb1c258898f648f8b33422f59ba3e8a71aee551449d7cb147bb8ead,1777232709,2026-04-26T19:45:09+00:00,0.715,clob_prices_history
17269153522875922708691197534079323882577887490263556443563241786372279871546,0x6cb3ec9e0fb1c258898f648f8b33422f59ba3e8a71aee551449d7cb147bb8ead,1777233608,2026-04-26T20:00:08+00:00,0.715,clob_prices_history
17269153522875922708691197534079323882577887490263556443563241786372279871546,0x6cb3ec9e0fb1c258898f648f8b33422f59ba3e8a71aee551449d7cb147bb8ead,1777234507,2026-04-26T20:15:07+00:00,0.715,clob_prices_history
17269153522875922708691197534079323882577887490263556443563241786372279871546,0x6cb3ec9e0fb1c258898f648f8b33422f59ba3e8a71aee551449d7cb147bb8ead,1777235412,2026-04-26T20:30:12+00:00,0.725,clob_prices_history
17269153522875922708691197534079323882577887490263556443563241786372279871546,0x6cb3ec9e0fb1c258898f648f8b33422f59ba3e8a71aee551449d7cb147bb8ead,1777236305,2026-04-26T20:45:05+00:00,0.725,clob_prices_history
17269153522875922708691197534079323882577887490263556443563241786372279871546,0x6cb3ec9e0fb1c258898f648f8b33422f59ba3e8a71aee551449d7cb147bb8ead,1777237213,2026-04-26T21:00:13+00:00,0.725,clob_prices_history
17269153522875922708691197534079323882577887490263556443563241786372279871546,0x6cb3ec9e0fb1c258898f648f8b33422f59ba3e8a71aee551449d7cb147bb8ead,1777238106,2026-04-26T21:15:06+00:00,0.725,clob_prices_history
17269153522875922708691197534079323882577887490263556443563241786372279871546,0x6cb3ec9e0fb1c258898f648f8b33422f59ba3e8a71aee551449d7cb147bb8ead,1777239007,2026-04-26T21:30:07+00:00,0.725,clob_prices_history
17269153522875922708691197534079323882577887490263556443563241786372279871546,0x6cb3ec9e0fb1c258898f648f8b33422f59ba3e8a71aee551449d7cb147bb8ead,1777239921,2026-04-26T21:45:21+00:00,0.725,clob_prices_history
17269153522875922708691197534079323882577887490263556443563241786372279871546,0x6cb3ec9e0fb1c258898f648f8b33422f59ba3e8a71aee551449d7cb147bb8ead,1777240808,2026-04-26T22:00:08+00:00,0.735,clob_prices_history
17269153522875922708691197534079323882577887490263556443563241786372279871546,0x6cb3ec9e0fb1c258898f648f8b33422f59ba3e8a71aee551449d7cb147bb8ead,1777241707,2026-04-26T22:15:07+00:00,0.735,clob_prices_history
17269153522875922708691197534079323882577887490263556443563241786372279871546,0x6cb3ec9e0fb1c258898f648f8b33422f59ba3e8a71aee551449d7cb147bb8ead,1777242605,2026-04-26T22:30:05+00:00,0.735,clob_prices_history
17269153522875922708691197534079323882577887490263556443563241786372279871546,0x6cb3ec9e0fb1c258898f648f8b33422f59ba3e8a71aee551449d7cb147bb8ead,1777243504,2026-04-26T22:45:04+00:00,0.735,clob_prices_history
17269153522875922708691197534079323882577887490263556443563241786372279871546,0x6cb3ec9e0fb1c258898f648f8b33422f59ba3e8a71aee551449d7cb147bb8ead,1777244406,2026-04-26T23:00:06+00:00,0.735,clob_prices_history
17269153522875922708691197534079323882577887490263556443563241786372279871546,0x6cb3ec9e0fb1c258898f648f8b33422f59ba3e8a71aee551449d7cb147bb8ead,1777245306,2026-04-26T23:15:06+00:00,0.735,clob_prices_history
17269153522875922708691197534079323882577887490263556443563241786372279871546,0x6cb3ec9e0fb1c258898f648f8b33422f59ba3e8a71aee551449d7cb147bb8ead,1777246209,2026-04-26T23:30:09+00:00,0.735,clob_prices_history
17269153522875922708691197534079323882577887490263556443563241786372279871546,0x6cb3ec9e0fb1c258898f648f8b33422f59ba3e8a71aee551449d7cb147bb8ead,1777247104,2026-04-26T23:45:04+00:00,0.735,clob_prices_history
17269153522875922708691197534079323882577887490263556443563241786372279871546,0x6cb3ec9e0fb1c258898f648f8b33422f59ba3e8a71aee551449d7cb147bb8ead,1777248013,2026-04-27T00:00:13+00:00,0.735,clob_prices_history
17269153522875922708691197534079323882577887490263556443563241786372279871546,0x6cb3ec9e0fb1c258898f648f8b33422f59ba3e8a71aee551449d7cb147bb8ead,1777248918,2026-04-27T00:15:18+00:00,0.735,clob_prices_history
17269153522875922708691197534079323882577887490263556443563241786372279871546,0x6cb3ec9e0fb1c258898f648f8b33422f59ba3e8a71aee551449d7cb147bb8ead,1777249806,2026-04-27T00:30:06+00:00,0.735,clob_prices_history
17269153522875922708691197534079323882577887490263556443563241786372279871546,0x6cb3ec9e0fb1c258898f648f8b33422f59ba3e8a71aee551449d7cb147bb8ead,1777250704,2026-04-27T00:45:04+00:00,0.735,clob_prices_history
17269153522875922708691197534079323882577887490263556443563241786372279871546,0x6cb3ec9e0fb1c258898f648f8b33422f59ba3e8a71aee551449d7cb147bb8ead,1777251605,2026-04-27T01:00:05+00:00,0.735,clob_prices_history
17269153522875922708691197534079323882577887490263556443563241786372279871546,0x6cb3ec9e0fb1c258898f648f8b33422f59ba3e8a71aee551449d7cb147bb8ead,1777252504,2026-04-27T01:15:04+00:00,0.735,clob_prices_history
17269153522875922708691197534079323882577887490263556443563241786372279871546,0x6cb3ec9e0fb1c258898f648f8b33422f59ba3e8a71aee551449d7cb147bb8ead,1777253407,2026-04-27T01:30:07+00:00,0.74,clob_prices_history
17269153522875922708691197534079323882577887490263556443563241786372279871546,0x6cb3ec9e0fb1c258898f648f8b33422f59ba3e8a71aee551449d7cb147bb8ead,1777254308,2026-04-27T01:45:08+00:00,0.735,clob_prices_history
17269153522875922708691197534079323882577887490263556443563241786372279871546,0x6cb3ec9e0fb1c258898f648f8b33422f59ba3e8a71aee551449d7cb147bb8ead,1777255206,2026-04-27T02:00:06+00:00,0.745,clob_prices_history
17269153522875922708691197534079323882577887490263556443563241786372279871546,0x6cb3ec9e0fb1c258898f648f8b33422f59ba3e8a71aee551449d7cb147bb8ead,1777256104,2026-04-27T02:15:04+00:00,0.745,clob_prices_history
17269153522875922708691197534079323882577887490263556443563241786372279871546,0x6cb3ec9e0fb1c258898f648f8b33422f59ba3e8a71aee551449d7cb147bb8ead,1777257009,2026-04-27T02:30:09+00:00,0.745,clob_prices_history
17269153522875922708691197534079323882577887490263556443563241786372279871546,0x6cb3ec9e0fb1c258898f648f8b33422f59ba3e8a71aee551449d7cb147bb8ead,1777257905,2026-04-27T02:45:05+00:00,0.745,clob_prices_history
17269153522875922708691197534079323882577887490263556443563241786372279871546,0x6cb3ec9e0fb1c258898f648f8b33422f59ba3e8a71aee551449d7cb147bb8ead,1777258813,2026-04-27T03:00:13+00:00,0.745,clob_prices_history
17269153522875922708691197534079323882577887490263556443563241786372279871546,0x6cb3ec9e0fb1c258898f648f8b33422f59ba3e8a71aee551449d7cb147bb8ead,1777259704,2026-04-27T03:15:04+00:00,0.755,clob_prices_history
17269153522875922708691197534079323882577887490263556443563241786372279871546,0x6cb3ec9e0fb1c258898f648f8b33422f59ba3e8a71aee551449d7cb147bb8ead,1777260606,2026-04-27T03:30:06+00:00,0.755,clob_prices_history
17269153522875922708691197534079323882577887490263556443563241786372279871546,0x6cb3ec9e0fb1c258898f648f8b33422f59ba3e8a71aee551449d7cb147bb8ead,1777261505,2026-04-27T03:45:05+00:00,0.755,clob_prices_history
17269153522875922708691197534079323882577887490263556443563241786372279871546,0x6cb3ec9e0fb1c258898f648f8b33422f59ba3e8a71aee551449d7cb147bb8ead,1777262408,2026-04-27T04:00:08+00:00,0.755,clob_prices_history
17269153522875922708691197534079323882577887490263556443563241786372279871546,0x6cb3ec9e0fb1c258898f648f8b33422f59ba3e8a71aee551449d7cb147bb8ead,1777263305,2026-04-27T04:15:05+00:00,0.755,clob_prices_history
17269153522875922708691197534079323882577887490263556443563241786372279871546,0x6cb3ec9e0fb1c258898f648f8b33422f59ba3e8a71aee551449d7cb147bb8ead,1777264207,2026-04-27T04:30:07+00:00,0.755,clob_prices_history
17269153522875922708691197534079323882577887490263556443563241786372279871546,0x6cb3ec9e0fb1c258898f648f8b33422f59ba3e8a71aee551449d7cb147bb8ead,1777265119,2026-04-27T04:45:19+00:00,0.755,clob_prices_history
17269153522875922708691197534079323882577887490263556443563241786372279871546,0x6cb3ec9e0fb1c258898f648f8b33422f59ba3e8a71aee551449d7cb147bb8ead,1777266011,2026-04-27T05:00:11+00:00,0.755,clob_prices_history
17269153522875922708691197534079323882577887490263556443563241786372279871546,0x6cb3ec9e0fb1c258898f648f8b33422f59ba3e8a71aee551449d7cb147bb8ead,1777266904,2026-04-27T05:15:04+00:00,0.755,clob_prices_history
17269153522875922708691197534079323882577887490263556443563241786372279871546,0x6cb3ec9e0fb1c258898f648f8b33422f59ba3e8a71aee551449d7cb147bb8ead,1777267810,2026-04-27T05:30:10+00:00,0.755,clob_prices_history
17269153522875922708691197534079323882577887490263556443563241786372279871546,0x6cb3ec9e0fb1c258898f648f8b33422f59ba3e8a71aee551449d7cb147bb8ead,1777268705,2026-04-27T05:45:05+00:00,0.755,clob_prices_history
17269153522875922708691197534079323882577887490263556443563241786372279871546,0x6cb3ec9e0fb1c258898f648f8b33422f59ba3e8a71aee551449d7cb147bb8ead,1777269611,2026-04-27T06:00:11+00:00,0.755,clob_prices_history
17269153522875922708691197534079323882577887490263556443563241786372279871546,0x6cb3ec9e0fb1c258898f648f8b33422f59ba3e8a71aee551449d7cb147bb8ead,1777270505,2026-04-27T06:15:05+00:00,0.755,clob_prices_history
17269153522875922708691197534079323882577887490263556443563241786372279871546,0x6cb3ec9e0fb1c258898f648f8b33422f59ba3e8a71aee551449d7cb147bb8ead,1777271410,2026-04-27T06:30:10+00:00,0.755,clob_prices_history
17269153522875922708691197534079323882577887490263556443563241786372279871546,0x6cb3ec9e0fb1c258898f648f8b33422f59ba3e8a71aee551449d7cb147bb8ead,1777272304,2026-04-27T06:45:04+00:00,0.755,clob_prices_history
17269153522875922708691197534079323882577887490263556443563241786372279871546,0x6cb3ec9e0fb1c258898f648f8b33422f59ba3e8a71aee551449d7cb147bb8ead,1777273207,2026-04-27T07:00:07+00:00,0.755,clob_prices_history
17269153522875922708691197534079323882577887490263556443563241786372279871546,0x6cb3ec9e0fb1c258898f648f8b33422f59ba3e8a71aee551449d7cb147bb8ead,1777274107,2026-04-27T07:15:07+00:00,0.755,clob_prices_history
17269153522875922708691197534079323882577887490263556443563241786372279871546,0x6cb3ec9e0fb1c258898f648f8b33422f59ba3e8a71aee551449d7cb147bb8ead,1777275005,2026-04-27T07:30:05+00:00,0.755,clob_prices_history
17269153522875922708691197534079323882577887490263556443563241786372279871546,0x6cb3ec9e0fb1c258898f648f8b33422f59ba3e8a71aee551449d7cb147bb8ead,1777275905,2026-04-27T07:45:05+00:00,0.755,clob_prices_history
17269153522875922708691197534079323882577887490263556443563241786372279871546,0x6cb3ec9e0fb1c258898f648f8b33422f59ba3e8a71aee551449d7cb147bb8ead,1777276819,2026-04-27T08:00:19+00:00,0.755,clob_prices_history
17269153522875922708691197534079323882577887490263556443563241786372279871546,0x6cb3ec9e0fb1c258898f648f8b33422f59ba3e8a71aee551449d7cb147bb8ead,1777277706,2026-04-27T08:15:06+00:00,0.755,clob_prices_history
17269153522875922708691197534079323882577887490263556443563241786372279871546,0x6cb3ec9e0fb1c258898f648f8b33422f59ba3e8a71aee551449d7cb147bb8ead,1777278607,2026-04-27T08:30:07+00:00,0.755,clob_prices_history
17269153522875922708691197534079323882577887490263556443563241786372279871546,0x6cb3ec9e0fb1c258898f648f8b33422f59ba3e8a71aee551449d7cb147bb8ead,1777279505,2026-04-27T08:45:05+00:00,0.755,clob_prices_history
17269153522875922708691197534079323882577887490263556443563241786372279871546,0x6cb3ec9e0fb1c258898f648f8b33422f59ba3e8a71aee551449d7cb147bb8ead,1777280411,2026-04-27T09:00:11+00:00,0.755,clob_prices_history
17269153522875922708691197534079323882577887490263556443563241786372279871546,0x6cb3ec9e0fb1c258898f648f8b33422f59ba3e8a71aee551449d7cb147bb8ead,1777281306,2026-04-27T09:15:06+00:00,0.755,clob_prices_history
17269153522875922708691197534079323882577887490263556443563241786372279871546,0x6cb3ec9e0fb1c258898f648f8b33422f59ba3e8a71aee551449d7cb147bb8ead,1777282208,2026-04-27T09:30:08+00:00,0.76,clob_prices_history
17269153522875922708691197534079323882577887490263556443563241786372279871546,0x6cb3ec9e0fb1c258898f648f8b33422f59ba3e8a71aee551449d7cb147bb8ead,1777283116,2026-04-27T09:45:16+00:00,0.76,clob_prices_history
17269153522875922708691197534079323882577887490263556443563241786372279871546,0x6cb3ec9e0fb1c258898f648f8b33422f59ba3e8a71aee551449d7cb147bb8ead,1777284007,2026-04-27T10:00:07+00:00,0.76,clob_prices_history
17269153522875922708691197534079323882577887490263556443563241786372279871546,0x6cb3ec9e0fb1c258898f648f8b33422f59ba3e8a71aee551449d7cb147bb8ead,1777284904,2026-04-27T10:15:04+00:00,0.76,clob_prices_history
17269153522875922708691197534079323882577887490263556443563241786372279871546,0x6cb3ec9e0fb1c258898f648f8b33422f59ba3e8a71aee551449d7cb147bb8ead,1777285808,2026-04-27T10:30:08+00:00,0.765,clob_prices_history
17269153522875922708691197534079323882577887490263556443563241786372279871546,0x6cb3ec9e0fb1c258898f648f8b33422f59ba3e8a71aee551449d7cb147bb8ead,1777286705,2026-04-27T10:45:05+00:00,0.765,clob_prices_history
17269153522875922708691197534079323882577887490263556443563241786372279871546,0x6cb3ec9e0fb1c258898f648f8b33422f59ba3e8a71aee551449d7cb147bb8ead,1777287605,2026-04-27T11:00:05+00:00,0.765,clob_prices_history
17269153522875922708691197534079323882577887490263556443563241786372279871546,0x6cb3ec9e0fb1c258898f648f8b33422f59ba3e8a71aee551449d7cb147bb8ead,1777288506,2026-04-27T11:15:06+00:00,0.76,clob_prices_history
17269153522875922708691197534079323882577887490263556443563241786372279871546,0x6cb3ec9e0fb1c258898f648f8b33422f59ba3e8a71aee551449d7cb147bb8ead,1777289408,2026-04-27T11:30:08+00:00,0.76,clob_prices_history
17269153522875922708691197534079323882577887490263556443563241786372279871546,0x6cb3ec9e0fb1c258898f648f8b33422f59ba3e8a71aee551449d7cb147bb8ead,1777290305,2026-04-27T11:45:05+00:00,0.77,clob_prices_history
17269153522875922708691197534079323882577887490263556443563241786372279871546,0x6cb3ec9e0fb1c258898f648f8b33422f59ba3e8a71aee551449d7cb147bb8ead,1777291225,2026-04-27T12:00:25+00:00,0.765,clob_prices_history
17269153522875922708691197534079323882577887490263556443563241786372279871546,0x6cb3ec9e0fb1c258898f648f8b33422f59ba3e8a71aee551449d7cb147bb8ead,1777292105,2026-04-27T12:15:05+00:00,0.765,clob_prices_history
17269153522875922708691197534079323882577887490263556443563241786372279871546,0x6cb3ec9e0fb1c258898f648f8b33422f59ba3e8a71aee551449d7cb147bb8ead,1777293010,2026-04-27T12:30:10+00:00,0.765,clob_prices_history
17269153522875922708691197534079323882577887490263556443563241786372279871546,0x6cb3ec9e0fb1c258898f648f8b33422f59ba3e8a71aee551449d7cb147bb8ead,1777293918,2026-04-27T12:45:18+00:00,0.77,clob_prices_history
17269153522875922708691197534079323882577887490263556443563241786372279871546,0x6cb3ec9e0fb1c258898f648f8b33422f59ba3e8a71aee551449d7cb147bb8ead,1777294811,2026-04-27T13:00:11+00:00,0.77,clob_prices_history
17269153522875922708691197534079323882577887490263556443563241786372279871546,0x6cb3ec9e0fb1c258898f648f8b33422f59ba3e8a71aee551449d7cb147bb8ead,1777295704,2026-04-27T13:15:04+00:00,0.77,clob_prices_history
17269153522875922708691197534079323882577887490263556443563241786372279871546,0x6cb3ec9e0fb1c258898f648f8b33422f59ba3e8a71aee551449d7cb147bb8ead,1777296623,2026-04-27T13:30:23+00:00,0.77,clob_prices_history
17269153522875922708691197534079323882577887490263556443563241786372279871546,0x6cb3ec9e0fb1c258898f648f8b33422f59ba3e8a71aee551449d7cb147bb8ead,1777297506,2026-04-27T13:45:06+00:00,0.765,clob_prices_history
17269153522875922708691197534079323882577887490263556443563241786372279871546,0x6cb3ec9e0fb1c258898f648f8b33422f59ba3e8a71aee551449d7cb147bb8ead,1777298408,2026-04-27T14:00:08+00:00,0.765,clob_prices_history
17269153522875922708691197534079323882577887490263556443563241786372279871546,0x6cb3ec9e0fb1c258898f648f8b33422f59ba3e8a71aee551449d7cb147bb8ead,1777299308,2026-04-27T14:15:08+00:00,0.765,clob_prices_history
17269153522875922708691197534079323882577887490263556443563241786372279871546,0x6cb3ec9e0fb1c258898f648f8b33422f59ba3e8a71aee551449d7cb147bb8ead,1777300208,2026-04-27T14:30:08+00:00,0.765,clob_prices_history
17269153522875922708691197534079323882577887490263556443563241786372279871546,0x6cb3ec9e0fb1c258898f648f8b33422f59ba3e8a71aee551449d7cb147bb8ead,1777301105,2026-04-27T14:45:05+00:00,0.775,clob_prices_history
17269153522875922708691197534079323882577887490263556443563241786372279871546,0x6cb3ec9e0fb1c258898f648f8b33422f59ba3e8a71aee551449d7cb147bb8ead,1777302017,2026-04-27T15:00:17+00:00,0.77,clob_prices_history
17269153522875922708691197534079323882577887490263556443563241786372279871546,0x6cb3ec9e0fb1c258898f648f8b33422f59ba3e8a71aee551449d7cb147bb8ead,1777302905,2026-04-27T15:15:05+00:00,0.77,clob_prices_history
17269153522875922708691197534079323882577887490263556443563241786372279871546,0x6cb3ec9e0fb1c258898f648f8b33422f59ba3e8a71aee551449d7cb147bb8ead,1777303809,2026-04-27T15:30:09+00:00,0.77,clob_prices_history
17269153522875922708691197534079323882577887490263556443563241786372279871546,0x6cb3ec9e0fb1c258898f648f8b33422f59ba3e8a71aee551449d7cb147bb8ead,1777304706,2026-04-27T15:45:06+00:00,0.77,clob_prices_history
17269153522875922708691197534079323882577887490263556443563241786372279871546,0x6cb3ec9e0fb1c258898f648f8b33422f59ba3e8a71aee551449d7cb147bb8ead,1777305612,2026-04-27T16:00:12+00:00,0.77,clob_prices_history
17269153522875922708691197534079323882577887490263556443563241786372279871546,0x6cb3ec9e0fb1c258898f648f8b33422f59ba3e8a71aee551449d7cb147bb8ead,1777306510,2026-04-27T16:15:10+00:00,0.775,clob_prices_history
17269153522875922708691197534079323882577887490263556443563241786372279871546,0x6cb3ec9e0fb1c258898f648f8b33422f59ba3e8a71aee551449d7cb147bb8ead,1777307423,2026-04-27T16:30:23+00:00,0.775,clob_prices_history
17269153522875922708691197534079323882577887490263556443563241786372279871546,0x6cb3ec9e0fb1c258898f648f8b33422f59ba3e8a71aee551449d7cb147bb8ead,1777308309,2026-04-27T16:45:09+00:00,0.775,clob_prices_history
17269153522875922708691197534079323882577887490263556443563241786372279871546,0x6cb3ec9e0fb1c258898f648f8b33422f59ba3e8a71aee551449d7cb147bb8ead,1777309212,2026-04-27T17:00:12+00:00,0.775,clob_prices_history
17269153522875922708691197534079323882577887490263556443563241786372279871546,0x6cb3ec9e0fb1c258898f648f8b33422f59ba3e8a71aee551449d7cb147bb8ead,1777310106,2026-04-27T17:15:06+00:00,0.775,clob_prices_history
17269153522875922708691197534079323882577887490263556443563241786372279871546,0x6cb3ec9e0fb1c258898f648f8b33422f59ba3e8a71aee551449d7cb147bb8ead,1777311010,2026-04-27T17:30:10+00:00,0.775,clob_prices_history
17269153522875922708691197534079323882577887490263556443563241786372279871546,0x6cb3ec9e0fb1c258898f648f8b33422f59ba3e8a71aee551449d7cb147bb8ead,1777311907,2026-04-27T17:45:07+00:00,0.775,clob_prices_history
17269153522875922708691197534079323882577887490263556443563241786372279871546,0x6cb3ec9e0fb1c258898f648f8b33422f59ba3e8a71aee551449d7cb147bb8ead,1777312824,2026-04-27T18:00:24+00:00,0.775,clob_prices_history
17269153522875922708691197534079323882577887490263556443563241786372279871546,0x6cb3ec9e0fb1c258898f648f8b33422f59ba3e8a71aee551449d7cb147bb8ead,1777313706,2026-04-27T18:15:06+00:00,0.765,clob_prices_history
17269153522875922708691197534079323882577887490263556443563241786372279871546,0x6cb3ec9e0fb1c258898f648f8b33422f59ba3e8a71aee551449d7cb147bb8ead,1777314611,2026-04-27T18:30:11+00:00,0.765,clob_prices_history
17269153522875922708691197534079323882577887490263556443563241786372279871546,0x6cb3ec9e0fb1c258898f648f8b33422f59ba3e8a71aee551449d7cb147bb8ead,1777315506,2026-04-27T18:45:06+00:00,0.77,clob_prices_history
17269153522875922708691197534079323882577887490263556443563241786372279871546,0x6cb3ec9e0fb1c258898f648f8b33422f59ba3e8a71aee551449d7cb147bb8ead,1777316422,2026-04-27T19:00:22+00:00,0.77,clob_prices_history
17269153522875922708691197534079323882577887490263556443563241786372279871546,0x6cb3ec9e0fb1c258898f648f8b33422f59ba3e8a71aee551449d7cb147bb8ead,1777317305,2026-04-27T19:15:05+00:00,0.775,clob_prices_history
17269153522875922708691197534079323882577887490263556443563241786372279871546,0x6cb3ec9e0fb1c258898f648f8b33422f59ba3e8a71aee551449d7cb147bb8ead,1777318208,2026-04-27T19:30:08+00:00,0.775,clob_prices_history
17269153522875922708691197534079323882577887490263556443563241786372279871546,0x6cb3ec9e0fb1c258898f648f8b33422f59ba3e8a71aee551449d7cb147bb8ead,1777319106,2026-04-27T19:45:06+00:00,0.775,clob_prices_history
17269153522875922708691197534079323882577887490263556443563241786372279871546,0x6cb3ec9e0fb1c258898f648f8b33422f59ba3e8a71aee551449d7cb147bb8ead,1777320015,2026-04-27T20:00:15+00:00,0.775,clob_prices_history
17269153522875922708691197534079323882577887490263556443563241786372279871546,0x6cb3ec9e0fb1c258898f648f8b33422f59ba3e8a71aee551449d7cb147bb8ead,1777320906,2026-04-27T20:15:06+00:00,0.765,clob_prices_history
17269153522875922708691197534079323882577887490263556443563241786372279871546,0x6cb3ec9e0fb1c258898f648f8b33422f59ba3e8a71aee551449d7cb147bb8ead,1777321810,2026-04-27T20:30:10+00:00,0.765,clob_prices_history
17269153522875922708691197534079323882577887490263556443563241786372279871546,0x6cb3ec9e0fb1c258898f648f8b33422f59ba3e8a71aee551449d7cb147bb8ead,1777322706,2026-04-27T20:45:06+00:00,0.765,clob_prices_history
17269153522875922708691197534079323882577887490263556443563241786372279871546,0x6cb3ec9e0fb1c258898f648f8b33422f59ba3e8a71aee551449d7cb147bb8ead,1777323626,2026-04-27T21:00:26+00:00,0.77,clob_prices_history
17269153522875922708691197534079323882577887490263556443563241786372279871546,0x6cb3ec9e0fb1c258898f648f8b33422f59ba3e8a71aee551449d7cb147bb8ead,1777324507,2026-04-27T21:15:07+00:00,0.765,clob_prices_history
17269153522875922708691197534079323882577887490263556443563241786372279871546,0x6cb3ec9e0fb1c258898f648f8b33422f59ba3e8a71aee551449d7cb147bb8ead,1777325408,2026-04-27T21:30:08+00:00,0.765,clob_prices_history
17269153522875922708691197534079323882577887490263556443563241786372279871546,0x6cb3ec9e0fb1c258898f648f8b33422f59ba3e8a71aee551449d7cb147bb8ead,1777326306,2026-04-27T21:45:06+00:00,0.765,clob_prices_history
17269153522875922708691197534079323882577887490263556443563241786372279871546,0x6cb3ec9e0fb1c258898f648f8b33422f59ba3e8a71aee551449d7cb147bb8ead,1777327208,2026-04-27T22:00:08+00:00,0.765,clob_prices_history
17269153522875922708691197534079323882577887490263556443563241786372279871546,0x6cb3ec9e0fb1c258898f648f8b33422f59ba3e8a71aee551449d7cb147bb8ead,1777328111,2026-04-27T22:15:11+00:00,0.765,clob_prices_history
17269153522875922708691197534079323882577887490263556443563241786372279871546,0x6cb3ec9e0fb1c258898f648f8b33422f59ba3e8a71aee551449d7cb147bb8ead,1777329010,2026-04-27T22:30:10+00:00,0.765,clob_prices_history
17269153522875922708691197534079323882577887490263556443563241786372279871546,0x6cb3ec9e0fb1c258898f648f8b33422f59ba3e8a71aee551449d7cb147bb8ead,1777329906,2026-04-27T22:45:06+00:00,0.765,clob_prices_history
17269153522875922708691197534079323882577887490263556443563241786372279871546,0x6cb3ec9e0fb1c258898f648f8b33422f59ba3e8a71aee551449d7cb147bb8ead,1777330808,2026-04-27T23:00:08+00:00,0.765,clob_prices_history
17269153522875922708691197534079323882577887490263556443563241786372279871546,0x6cb3ec9e0fb1c258898f648f8b33422f59ba3e8a71aee551449d7cb147bb8ead,1777331707,2026-04-27T23:15:07+00:00,0.765,clob_prices_history
17269153522875922708691197534079323882577887490263556443563241786372279871546,0x6cb3ec9e0fb1c258898f648f8b33422f59ba3e8a71aee551449d7cb147bb8ead,1777332608,2026-04-27T23:30:08+00:00,0.765,clob_prices_history
17269153522875922708691197534079323882577887490263556443563241786372279871546,0x6cb3ec9e0fb1c258898f648f8b33422f59ba3e8a71aee551449d7cb147bb8ead,1777333507,2026-04-27T23:45:07+00:00,0.765,clob_prices_history
17269153522875922708691197534079323882577887490263556443563241786372279871546,0x6cb3ec9e0fb1c258898f648f8b33422f59ba3e8a71aee551449d7cb147bb8ead,1777334414,2026-04-28T00:00:14+00:00,0.765,clob_prices_history
17269153522875922708691197534079323882577887490263556443563241786372279871546,0x6cb3ec9e0fb1c258898f648f8b33422f59ba3e8a71aee551449d7cb147bb8ead,1777335307,2026-04-28T00:15:07+00:00,0.765,clob_prices_history
17269153522875922708691197534079323882577887490263556443563241786372279871546,0x6cb3ec9e0fb1c258898f648f8b33422f59ba3e8a71aee551449d7cb147bb8ead,1777336222,2026-04-28T00:30:22+00:00,0.765,clob_prices_history
17269153522875922708691197534079323882577887490263556443563241786372279871546,0x6cb3ec9e0fb1c258898f648f8b33422f59ba3e8a71aee551449d7cb147bb8ead,1777337104,2026-04-28T00:45:04+00:00,0.775,clob_prices_history
17269153522875922708691197534079323882577887490263556443563241786372279871546,0x6cb3ec9e0fb1c258898f648f8b33422f59ba3e8a71aee551449d7cb147bb8ead,1777338008,2026-04-28T01:00:08+00:00,0.775,clob_prices_history
17269153522875922708691197534079323882577887490263556443563241786372279871546,0x6cb3ec9e0fb1c258898f648f8b33422f59ba3e8a71aee551449d7cb147bb8ead,1777338904,2026-04-28T01:15:04+00:00,0.775,clob_prices_history
17269153522875922708691197534079323882577887490263556443563241786372279871546,0x6cb3ec9e0fb1c258898f648f8b33422f59ba3e8a71aee551449d7cb147bb8ead,1777339809,2026-04-28T01:30:09+00:00,0.775,clob_prices_history
17269153522875922708691197534079323882577887490263556443563241786372279871546,0x6cb3ec9e0fb1c258898f648f8b33422f59ba3e8a71aee551449d7cb147bb8ead,1777340706,2026-04-28T01:45:06+00:00,0.775,clob_prices_history
17269153522875922708691197534079323882577887490263556443563241786372279871546,0x6cb3ec9e0fb1c258898f648f8b33422f59ba3e8a71aee551449d7cb147bb8ead,1777341610,2026-04-28T02:00:10+00:00,0.775,clob_prices_history
17269153522875922708691197534079323882577887490263556443563241786372279871546,0x6cb3ec9e0fb1c258898f648f8b33422f59ba3e8a71aee551449d7cb147bb8ead,1777342505,2026-04-28T02:15:05+00:00,0.775,clob_prices_history
17269153522875922708691197534079323882577887490263556443563241786372279871546,0x6cb3ec9e0fb1c258898f648f8b33422f59ba3e8a71aee551449d7cb147bb8ead,1777343410,2026-04-28T02:30:10+00:00,0.775,clob_prices_history
17269153522875922708691197534079323882577887490263556443563241786372279871546,0x6cb3ec9e0fb1c258898f648f8b33422f59ba3e8a71aee551449d7cb147bb8ead,1777344304,2026-04-28T02:45:04+00:00,0.775,clob_prices_history
17269153522875922708691197534079323882577887490263556443563241786372279871546,0x6cb3ec9e0fb1c258898f648f8b33422f59ba3e8a71aee551449d7cb147bb8ead,1777345210,2026-04-28T03:00:10+00:00,0.775,clob_prices_history
17269153522875922708691197534079323882577887490263556443563241786372279871546,0x6cb3ec9e0fb1c258898f648f8b33422f59ba3e8a71aee551449d7cb147bb8ead,1777346105,2026-04-28T03:15:05+00:00,0.775,clob_prices_history
17269153522875922708691197534079323882577887490263556443563241786372279871546,0x6cb3ec9e0fb1c258898f648f8b33422f59ba3e8a71aee551449d7cb147bb8ead,1777347009,2026-04-28T03:30:09+00:00,0.775,clob_prices_history
17269153522875922708691197534079323882577887490263556443563241786372279871546,0x6cb3ec9e0fb1c258898f648f8b33422f59ba3e8a71aee551449d7cb147bb8ead,1777347905,2026-04-28T03:45:05+00:00,0.775,clob_prices_history
17269153522875922708691197534079323882577887490263556443563241786372279871546,0x6cb3ec9e0fb1c258898f648f8b33422f59ba3e8a71aee551449d7cb147bb8ead,1777348814,2026-04-28T04:00:14+00:00,0.775,clob_prices_history
17269153522875922708691197534079323882577887490263556443563241786372279871546,0x6cb3ec9e0fb1c258898f648f8b33422f59ba3e8a71aee551449d7cb147bb8ead,1777349704,2026-04-28T04:15:04+00:00,0.775,clob_prices_history
17269153522875922708691197534079323882577887490263556443563241786372279871546,0x6cb3ec9e0fb1c258898f648f8b33422f59ba3e8a71aee551449d7cb147bb8ead,1777350606,2026-04-28T04:30:06+00:00,0.775,clob_prices_history
17269153522875922708691197534079323882577887490263556443563241786372279871546,0x6cb3ec9e0fb1c258898f648f8b33422f59ba3e8a71aee551449d7cb147bb8ead,1777351504,2026-04-28T04:45:04+00:00,0.775,clob_prices_history
17269153522875922708691197534079323882577887490263556443563241786372279871546,0x6cb3ec9e0fb1c258898f648f8b33422f59ba3e8a71aee551449d7cb147bb8ead,1777352407,2026-04-28T05:00:07+00:00,0.775,clob_prices_history
17269153522875922708691197534079323882577887490263556443563241786372279871546,0x6cb3ec9e0fb1c258898f648f8b33422f59ba3e8a71aee551449d7cb147bb8ead,1777353305,2026-04-28T05:15:05+00:00,0.775,clob_prices_history
17269153522875922708691197534079323882577887490263556443563241786372279871546,0x6cb3ec9e0fb1c258898f648f8b33422f59ba3e8a71aee551449d7cb147bb8ead,1777354206,2026-04-28T05:30:06+00:00,0.775,clob_prices_history
17269153522875922708691197534079323882577887490263556443563241786372279871546,0x6cb3ec9e0fb1c258898f648f8b33422f59ba3e8a71aee551449d7cb147bb8ead,1777355106,2026-04-28T05:45:06+00:00,0.775,clob_prices_history
17269153522875922708691197534079323882577887490263556443563241786372279871546,0x6cb3ec9e0fb1c258898f648f8b33422f59ba3e8a71aee551449d7cb147bb8ead,1777356009,2026-04-28T06:00:09+00:00,0.775,clob_prices_history
17269153522875922708691197534079323882577887490263556443563241786372279871546,0x6cb3ec9e0fb1c258898f648f8b33422f59ba3e8a71aee551449d7cb147bb8ead,1777356904,2026-04-28T06:15:04+00:00,0.775,clob_prices_history
17269153522875922708691197534079323882577887490263556443563241786372279871546,0x6cb3ec9e0fb1c258898f648f8b33422f59ba3e8a71aee551449d7cb147bb8ead,1777357806,2026-04-28T06:30:06+00:00,0.775,clob_prices_history
17269153522875922708691197534079323882577887490263556443563241786372279871546,0x6cb3ec9e0fb1c258898f648f8b33422f59ba3e8a71aee551449d7cb147bb8ead,1777358704,2026-04-28T06:45:04+00:00,0.775,clob_prices_history
17269153522875922708691197534079323882577887490263556443563241786372279871546,0x6cb3ec9e0fb1c258898f648f8b33422f59ba3e8a71aee551449d7cb147bb8ead,1777359624,2026-04-28T07:00:24+00:00,0.775,clob_prices_history
17269153522875922708691197534079323882577887490263556443563241786372279871546,0x6cb3ec9e0fb1c258898f648f8b33422f59ba3e8a71aee551449d7cb147bb8ead,1777360505,2026-04-28T07:15:05+00:00,0.775,clob_prices_history
17269153522875922708691197534079323882577887490263556443563241786372279871546,0x6cb3ec9e0fb1c258898f648f8b33422f59ba3e8a71aee551449d7cb147bb8ead,1777361406,2026-04-28T07:30:06+00:00,0.775,clob_prices_history
17269153522875922708691197534079323882577887490263556443563241786372279871546,0x6cb3ec9e0fb1c258898f648f8b33422f59ba3e8a71aee551449d7cb147bb8ead,1777362304,2026-04-28T07:45:04+00:00,0.775,clob_prices_history
17269153522875922708691197534079323882577887490263556443563241786372279871546,0x6cb3ec9e0fb1c258898f648f8b33422f59ba3e8a71aee551449d7cb147bb8ead,1777363207,2026-04-28T08:00:07+00:00,0.775,clob_prices_history
17269153522875922708691197534079323882577887490263556443563241786372279871546,0x6cb3ec9e0fb1c258898f648f8b33422f59ba3e8a71aee551449d7cb147bb8ead,1777364110,2026-04-28T08:15:10+00:00,0.775,clob_prices_history
17269153522875922708691197534079323882577887490263556443563241786372279871546,0x6cb3ec9e0fb1c258898f648f8b33422f59ba3e8a71aee551449d7cb147bb8ead,1777365006,2026-04-28T08:30:06+00:00,0.775,clob_prices_history
17269153522875922708691197534079323882577887490263556443563241786372279871546,0x6cb3ec9e0fb1c258898f648f8b33422f59ba3e8a71aee551449d7cb147bb8ead,1777365905,2026-04-28T08:45:05+00:00,0.775,clob_prices_history
17269153522875922708691197534079323882577887490263556443563241786372279871546,0x6cb3ec9e0fb1c258898f648f8b33422f59ba3e8a71aee551449d7cb147bb8ead,1777366817,2026-04-28T09:00:17+00:00,0.775,clob_prices_history
17269153522875922708691197534079323882577887490263556443563241786372279871546,0x6cb3ec9e0fb1c258898f648f8b33422f59ba3e8a71aee551449d7cb147bb8ead,1777367704,2026-04-28T09:15:04+00:00,0.775,clob_prices_history
17269153522875922708691197534079323882577887490263556443563241786372279871546,0x6cb3ec9e0fb1c258898f648f8b33422f59ba3e8a71aee551449d7cb147bb8ead,1777368606,2026-04-28T09:30:06+00:00,0.775,clob_prices_history
17269153522875922708691197534079323882577887490263556443563241786372279871546,0x6cb3ec9e0fb1c258898f648f8b33422f59ba3e8a71aee551449d7cb147bb8ead,1777369519,2026-04-28T09:45:19+00:00,0.775,clob_prices_history
17269153522875922708691197534079323882577887490263556443563241786372279871546,0x6cb3ec9e0fb1c258898f648f8b33422f59ba3e8a71aee551449d7cb147bb8ead,1777370406,2026-04-28T10:00:06+00:00,0.775,clob_prices_history
17269153522875922708691197534079323882577887490263556443563241786372279871546,0x6cb3ec9e0fb1c258898f648f8b33422f59ba3e8a71aee551449d7cb147bb8ead,1777371305,2026-04-28T10:15:05+00:00,0.775,clob_prices_history
17269153522875922708691197534079323882577887490263556443563241786372279871546,0x6cb3ec9e0fb1c258898f648f8b33422f59ba3e8a71aee551449d7cb147bb8ead,1777372220,2026-04-28T10:30:20+00:00,0.785,clob_prices_history
17269153522875922708691197534079323882577887490263556443563241786372279871546,0x6cb3ec9e0fb1c258898f648f8b33422f59ba3e8a71aee551449d7cb147bb8ead,1777373104,2026-04-28T10:45:04+00:00,0.775,clob_prices_history
17269153522875922708691197534079323882577887490263556443563241786372279871546,0x6cb3ec9e0fb1c258898f648f8b33422f59ba3e8a71aee551449d7cb147bb8ead,1777374005,2026-04-28T11:00:05+00:00,0.785,clob_prices_history
17269153522875922708691197534079323882577887490263556443563241786372279871546,0x6cb3ec9e0fb1c258898f648f8b33422f59ba3e8a71aee551449d7cb147bb8ead,1777374904,2026-04-28T11:15:04+00:00,0.785,clob_prices_history
17269153522875922708691197534079323882577887490263556443563241786372279871546,0x6cb3ec9e0fb1c258898f648f8b33422f59ba3e8a71aee551449d7cb147bb8ead,1777375805,2026-04-28T11:30:05+00:00,0.785,clob_prices_history
17269153522875922708691197534079323882577887490263556443563241786372279871546,0x6cb3ec9e0fb1c258898f648f8b33422f59ba3e8a71aee551449d7cb147bb8ead,1777376704,2026-04-28T11:45:04+00:00,0.785,clob_prices_history
17269153522875922708691197534079323882577887490263556443563241786372279871546,0x6cb3ec9e0fb1c258898f648f8b33422f59ba3e8a71aee551449d7cb147bb8ead,1777377614,2026-04-28T12:00:14+00:00,0.785,clob_prices_history
17269153522875922708691197534079323882577887490263556443563241786372279871546,0x6cb3ec9e0fb1c258898f648f8b33422f59ba3e8a71aee551449d7cb147bb8ead,1777378506,2026-04-28T12:15:06+00:00,0.785,clob_prices_history
17269153522875922708691197534079323882577887490263556443563241786372279871546,0x6cb3ec9e0fb1c258898f648f8b33422f59ba3e8a71aee551449d7cb147bb8ead,1777379412,2026-04-28T12:30:12+00:00,0.785,clob_prices_history
17269153522875922708691197534079323882577887490263556443563241786372279871546,0x6cb3ec9e0fb1c258898f648f8b33422f59ba3e8a71aee551449d7cb147bb8ead,1777380305,2026-04-28T12:45:05+00:00,0.785,clob_prices_history
17269153522875922708691197534079323882577887490263556443563241786372279871546,0x6cb3ec9e0fb1c258898f648f8b33422f59ba3e8a71aee551449d7cb147bb8ead,1777381207,2026-04-28T13:00:07+00:00,0.785,clob_prices_history
17269153522875922708691197534079323882577887490263556443563241786372279871546,0x6cb3ec9e0fb1c258898f648f8b33422f59ba3e8a71aee551449d7cb147bb8ead,1777382104,2026-04-28T13:15:04+00:00,0.785,clob_prices_history
17269153522875922708691197534079323882577887490263556443563241786372279871546,0x6cb3ec9e0fb1c258898f648f8b33422f59ba3e8a71aee551449d7cb147bb8ead,1777383008,2026-04-28T13:30:08+00:00,0.785,clob_prices_history
17269153522875922708691197534079323882577887490263556443563241786372279871546,0x6cb3ec9e0fb1c258898f648f8b33422f59ba3e8a71aee551449d7cb147bb8ead,1777383905,2026-04-28T13:45:05+00:00,0.785,clob_prices_history
17269153522875922708691197534079323882577887490263556443563241786372279871546,0x6cb3ec9e0fb1c258898f648f8b33422f59ba3e8a71aee551449d7cb147bb8ead,1777384807,2026-04-28T14:00:07+00:00,0.785,clob_prices_history
17269153522875922708691197534079323882577887490263556443563241786372279871546,0x6cb3ec9e0fb1c258898f648f8b33422f59ba3e8a71aee551449d7cb147bb8ead,1777385704,2026-04-28T14:15:04+00:00,0.785,clob_prices_history
17269153522875922708691197534079323882577887490263556443563241786372279871546,0x6cb3ec9e0fb1c258898f648f8b33422f59ba3e8a71aee551449d7cb147bb8ead,1777386607,2026-04-28T14:30:07+00:00,0.775,clob_prices_history
17269153522875922708691197534079323882577887490263556443563241786372279871546,0x6cb3ec9e0fb1c258898f648f8b33422f59ba3e8a71aee551449d7cb147bb8ead,1777387506,2026-04-28T14:45:06+00:00,0.775,clob_prices_history
17269153522875922708691197534079323882577887490263556443563241786372279871546,0x6cb3ec9e0fb1c258898f648f8b33422f59ba3e8a71aee551449d7cb147bb8ead,1777388412,2026-04-28T15:00:12+00:00,0.775,clob_prices_history
17269153522875922708691197534079323882577887490263556443563241786372279871546,0x6cb3ec9e0fb1c258898f648f8b33422f59ba3e8a71aee551449d7cb147bb8ead,1777389305,2026-04-28T15:15:05+00:00,0.775,clob_prices_history
17269153522875922708691197534079323882577887490263556443563241786372279871546,0x6cb3ec9e0fb1c258898f648f8b33422f59ba3e8a71aee551449d7cb147bb8ead,1777390210,2026-04-28T15:30:10+00:00,0.775,clob_prices_history
17269153522875922708691197534079323882577887490263556443563241786372279871546,0x6cb3ec9e0fb1c258898f648f8b33422f59ba3e8a71aee551449d7cb147bb8ead,1777391104,2026-04-28T15:45:04+00:00,0.775,clob_prices_history
17269153522875922708691197534079323882577887490263556443563241786372279871546,0x6cb3ec9e0fb1c258898f648f8b33422f59ba3e8a71aee551449d7cb147bb8ead,1777392006,2026-04-28T16:00:06+00:00,0.775,clob_prices_history
17269153522875922708691197534079323882577887490263556443563241786372279871546,0x6cb3ec9e0fb1c258898f648f8b33422f59ba3e8a71aee551449d7cb147bb8ead,1777392904,2026-04-28T16:15:04+00:00,0.775,clob_prices_history
17269153522875922708691197534079323882577887490263556443563241786372279871546,0x6cb3ec9e0fb1c258898f648f8b33422f59ba3e8a71aee551449d7cb147bb8ead,1777393806,2026-04-28T16:30:06+00:00,0.775,clob_prices_history
17269153522875922708691197534079323882577887490263556443563241786372279871546,0x6cb3ec9e0fb1c258898f648f8b33422f59ba3e8a71aee551449d7cb147bb8ead,1777394704,2026-04-28T16:45:04+00:00,0.775,clob_prices_history
17269153522875922708691197534079323882577887490263556443563241786372279871546,0x6cb3ec9e0fb1c258898f648f8b33422f59ba3e8a71aee551449d7cb147bb8ead,1777395607,2026-04-28T17:00:07+00:00,0.775,clob_prices_history
17269153522875922708691197534079323882577887490263556443563241786372279871546,0x6cb3ec9e0fb1c258898f648f8b33422f59ba3e8a71aee551449d7cb147bb8ead,1777396505,2026-04-28T17:15:05+00:00,0.775,clob_prices_history
17269153522875922708691197534079323882577887490263556443563241786372279871546,0x6cb3ec9e0fb1c258898f648f8b33422f59ba3e8a71aee551449d7cb147bb8ead,1777397411,2026-04-28T17:30:11+00:00,0.775,clob_prices_history
17269153522875922708691197534079323882577887490263556443563241786372279871546,0x6cb3ec9e0fb1c258898f648f8b33422f59ba3e8a71aee551449d7cb147bb8ead,1777398305,2026-04-28T17:45:05+00:00,0.775,clob_prices_history
17269153522875922708691197534079323882577887490263556443563241786372279871546,0x6cb3ec9e0fb1c258898f648f8b33422f59ba3e8a71aee551449d7cb147bb8ead,1777399212,2026-04-28T18:00:12+00:00,0.775,clob_prices_history
17269153522875922708691197534079323882577887490263556443563241786372279871546,0x6cb3ec9e0fb1c258898f648f8b33422f59ba3e8a71aee551449d7cb147bb8ead,1777400105,2026-04-28T18:15:05+00:00,0.775,clob_prices_history
17269153522875922708691197534079323882577887490263556443563241786372279871546,0x6cb3ec9e0fb1c258898f648f8b33422f59ba3e8a71aee551449d7cb147bb8ead,1777401007,2026-04-28T18:30:07+00:00,0.775,clob_prices_history
17269153522875922708691197534079323882577887490263556443563241786372279871546,0x6cb3ec9e0fb1c258898f648f8b33422f59ba3e8a71aee551449d7cb147bb8ead,1777401916,2026-04-28T18:45:16+00:00,0.775,clob_prices_history
17269153522875922708691197534079323882577887490263556443563241786372279871546,0x6cb3ec9e0fb1c258898f648f8b33422f59ba3e8a71aee551449d7cb147bb8ead,1777402808,2026-04-28T19:00:08+00:00,0.775,clob_prices_history
17269153522875922708691197534079323882577887490263556443563241786372279871546,0x6cb3ec9e0fb1c258898f648f8b33422f59ba3e8a71aee551449d7cb147bb8ead,1777403706,2026-04-28T19:15:06+00:00,0.775,clob_prices_history
17269153522875922708691197534079323882577887490263556443563241786372279871546,0x6cb3ec9e0fb1c258898f648f8b33422f59ba3e8a71aee551449d7cb147bb8ead,1777404608,2026-04-28T19:30:08+00:00,0.775,clob_prices_history
17269153522875922708691197534079323882577887490263556443563241786372279871546,0x6cb3ec9e0fb1c258898f648f8b33422f59ba3e8a71aee551449d7cb147bb8ead,1777405506,2026-04-28T19:45:06+00:00,0.775,clob_prices_history
17269153522875922708691197534079323882577887490263556443563241786372279871546,0x6cb3ec9e0fb1c258898f648f8b33422f59ba3e8a71aee551449d7cb147bb8ead,1777406421,2026-04-28T20:00:21+00:00,0.775,clob_prices_history
17269153522875922708691197534079323882577887490263556443563241786372279871546,0x6cb3ec9e0fb1c258898f648f8b33422f59ba3e8a71aee551449d7cb147bb8ead,1777407309,2026-04-28T20:15:09+00:00,0.775,clob_prices_history
17269153522875922708691197534079323882577887490263556443563241786372279871546,0x6cb3ec9e0fb1c258898f648f8b33422f59ba3e8a71aee551449d7cb147bb8ead,1777408208,2026-04-28T20:30:08+00:00,0.775,clob_prices_history
17269153522875922708691197534079323882577887490263556443563241786372279871546,0x6cb3ec9e0fb1c258898f648f8b33422f59ba3e8a71aee551449d7cb147bb8ead,1777409106,2026-04-28T20:45:06+00:00,0.775,clob_prices_history
17269153522875922708691197534079323882577887490263556443563241786372279871546,0x6cb3ec9e0fb1c258898f648f8b33422f59ba3e8a71aee551449d7cb147bb8ead,1777410015,2026-04-28T21:00:15+00:00,0.775,clob_prices_history
17269153522875922708691197534079323882577887490263556443563241786372279871546,0x6cb3ec9e0fb1c258898f648f8b33422f59ba3e8a71aee551449d7cb147bb8ead,1777410906,2026-04-28T21:15:06+00:00,0.775,clob_prices_history
17269153522875922708691197534079323882577887490263556443563241786372279871546,0x6cb3ec9e0fb1c258898f648f8b33422f59ba3e8a71aee551449d7cb147bb8ead,1777411806,2026-04-28T21:30:06+00:00,0.775,clob_prices_history
17269153522875922708691197534079323882577887490263556443563241786372279871546,0x6cb3ec9e0fb1c258898f648f8b33422f59ba3e8a71aee551449d7cb147bb8ead,1777412707,2026-04-28T21:45:07+00:00,0.775,clob_prices_history
17269153522875922708691197534079323882577887490263556443563241786372279871546,0x6cb3ec9e0fb1c258898f648f8b33422f59ba3e8a71aee551449d7cb147bb8ead,1777413621,2026-04-28T22:00:21+00:00,0.775,clob_prices_history
17269153522875922708691197534079323882577887490263556443563241786372279871546,0x6cb3ec9e0fb1c258898f648f8b33422f59ba3e8a71aee551449d7cb147bb8ead,1777414505,2026-04-28T22:15:05+00:00,0.775,clob_prices_history
17269153522875922708691197534079323882577887490263556443563241786372279871546,0x6cb3ec9e0fb1c258898f648f8b33422f59ba3e8a71aee551449d7cb147bb8ead,1777415408,2026-04-28T22:30:08+00:00,0.775,clob_prices_history
17269153522875922708691197534079323882577887490263556443563241786372279871546,0x6cb3ec9e0fb1c258898f648f8b33422f59ba3e8a71aee551449d7cb147bb8ead,1777416308,2026-04-28T22:45:08+00:00,0.775,clob_prices_history
17269153522875922708691197534079323882577887490263556443563241786372279871546,0x6cb3ec9e0fb1c258898f648f8b33422f59ba3e8a71aee551449d7cb147bb8ead,1777417217,2026-04-28T23:00:17+00:00,0.775,clob_prices_history
17269153522875922708691197534079323882577887490263556443563241786372279871546,0x6cb3ec9e0fb1c258898f648f8b33422f59ba3e8a71aee551449d7cb147bb8ead,1777418113,2026-04-28T23:15:13+00:00,0.775,clob_prices_history
17269153522875922708691197534079323882577887490263556443563241786372279871546,0x6cb3ec9e0fb1c258898f648f8b33422f59ba3e8a71aee551449d7cb147bb8ead,1777419014,2026-04-28T23:30:14+00:00,0.775,clob_prices_history
17269153522875922708691197534079323882577887490263556443563241786372279871546,0x6cb3ec9e0fb1c258898f648f8b33422f59ba3e8a71aee551449d7cb147bb8ead,1777419912,2026-04-28T23:45:12+00:00,0.775,clob_prices_history
17269153522875922708691197534079323882577887490263556443563241786372279871546,0x6cb3ec9e0fb1c258898f648f8b33422f59ba3e8a71aee551449d7cb147bb8ead,1777420811,2026-04-29T00:00:11+00:00,0.775,clob_prices_history
17269153522875922708691197534079323882577887490263556443563241786372279871546,0x6cb3ec9e0fb1c258898f648f8b33422f59ba3e8a71aee551449d7cb147bb8ead,1777421705,2026-04-29T00:15:05+00:00,0.775,clob_prices_history
17269153522875922708691197534079323882577887490263556443563241786372279871546,0x6cb3ec9e0fb1c258898f648f8b33422f59ba3e8a71aee551449d7cb147bb8ead,1777422606,2026-04-29T00:30:06+00:00,0.785,clob_prices_history
17269153522875922708691197534079323882577887490263556443563241786372279871546,0x6cb3ec9e0fb1c258898f648f8b33422f59ba3e8a71aee551449d7cb147bb8ead,1777423504,2026-04-29T00:45:04+00:00,0.785,clob_prices_history
17269153522875922708691197534079323882577887490263556443563241786372279871546,0x6cb3ec9e0fb1c258898f648f8b33422f59ba3e8a71aee551449d7cb147bb8ead,1777424406,2026-04-29T01:00:06+00:00,0.785,clob_prices_history
17269153522875922708691197534079323882577887490263556443563241786372279871546,0x6cb3ec9e0fb1c258898f648f8b33422f59ba3e8a71aee551449d7cb147bb8ead,1777425305,2026-04-29T01:15:05+00:00,0.785,clob_prices_history
17269153522875922708691197534079323882577887490263556443563241786372279871546,0x6cb3ec9e0fb1c258898f648f8b33422f59ba3e8a71aee551449d7cb147bb8ead,1777426206,2026-04-29T01:30:06+00:00,0.785,clob_prices_history
17269153522875922708691197534079323882577887490263556443563241786372279871546,0x6cb3ec9e0fb1c258898f648f8b33422f59ba3e8a71aee551449d7cb147bb8ead,1777427104,2026-04-29T01:45:04+00:00,0.785,clob_prices_history
17269153522875922708691197534079323882577887490263556443563241786372279871546,0x6cb3ec9e0fb1c258898f648f8b33422f59ba3e8a71aee551449d7cb147bb8ead,1777428007,2026-04-29T02:00:07+00:00,0.785,clob_prices_history
17269153522875922708691197534079323882577887490263556443563241786372279871546,0x6cb3ec9e0fb1c258898f648f8b33422f59ba3e8a71aee551449d7cb147bb8ead,1777428905,2026-04-29T02:15:05+00:00,0.785,clob_prices_history
17269153522875922708691197534079323882577887490263556443563241786372279871546,0x6cb3ec9e0fb1c258898f648f8b33422f59ba3e8a71aee551449d7cb147bb8ead,1777429806,2026-04-29T02:30:06+00:00,0.785,clob_prices_history
17269153522875922708691197534079323882577887490263556443563241786372279871546,0x6cb3ec9e0fb1c258898f648f8b33422f59ba3e8a71aee551449d7cb147bb8ead,1777430704,2026-04-29T02:45:04+00:00,0.785,clob_prices_history
17269153522875922708691197534079323882577887490263556443563241786372279871546,0x6cb3ec9e0fb1c258898f648f8b33422f59ba3e8a71aee551449d7cb147bb8ead,1777431609,2026-04-29T03:00:09+00:00,0.785,clob_prices_history
17269153522875922708691197534079323882577887490263556443563241786372279871546,0x6cb3ec9e0fb1c258898f648f8b33422f59ba3e8a71aee551449d7cb147bb8ead,1777432505,2026-04-29T03:15:05+00:00,0.785,clob_prices_history
17269153522875922708691197534079323882577887490263556443563241786372279871546,0x6cb3ec9e0fb1c258898f648f8b33422f59ba3e8a71aee551449d7cb147bb8ead,1777433405,2026-04-29T03:30:05+00:00,0.785,clob_prices_history
17269153522875922708691197534079323882577887490263556443563241786372279871546,0x6cb3ec9e0fb1c258898f648f8b33422f59ba3e8a71aee551449d7cb147bb8ead,1777434305,2026-04-29T03:45:05+00:00,0.785,clob_prices_history
17269153522875922708691197534079323882577887490263556443563241786372279871546,0x6cb3ec9e0fb1c258898f648f8b33422f59ba3e8a71aee551449d7cb147bb8ead,1777435206,2026-04-29T04:00:06+00:00,0.785,clob_prices_history
17269153522875922708691197534079323882577887490263556443563241786372279871546,0x6cb3ec9e0fb1c258898f648f8b33422f59ba3e8a71aee551449d7cb147bb8ead,1777436105,2026-04-29T04:15:05+00:00,0.785,clob_prices_history
17269153522875922708691197534079323882577887490263556443563241786372279871546,0x6cb3ec9e0fb1c258898f648f8b33422f59ba3e8a71aee551449d7cb147bb8ead,1777437007,2026-04-29T04:30:07+00:00,0.785,clob_prices_history
17269153522875922708691197534079323882577887490263556443563241786372279871546,0x6cb3ec9e0fb1c258898f648f8b33422f59ba3e8a71aee551449d7cb147bb8ead,1777437905,2026-04-29T04:45:05+00:00,0.785,clob_prices_history
17269153522875922708691197534079323882577887490263556443563241786372279871546,0x6cb3ec9e0fb1c258898f648f8b33422f59ba3e8a71aee551449d7cb147bb8ead,1777438807,2026-04-29T05:00:07+00:00,0.785,clob_prices_history
17269153522875922708691197534079323882577887490263556443563241786372279871546,0x6cb3ec9e0fb1c258898f648f8b33422f59ba3e8a71aee551449d7cb147bb8ead,1777439705,2026-04-29T05:15:05+00:00,0.785,clob_prices_history
17269153522875922708691197534079323882577887490263556443563241786372279871546,0x6cb3ec9e0fb1c258898f648f8b33422f59ba3e8a71aee551449d7cb147bb8ead,1777440608,2026-04-29T05:30:08+00:00,0.785,clob_prices_history
17269153522875922708691197534079323882577887490263556443563241786372279871546,0x6cb3ec9e0fb1c258898f648f8b33422f59ba3e8a71aee551449d7cb147bb8ead,1777441504,2026-04-29T05:45:04+00:00,0.785,clob_prices_history
17269153522875922708691197534079323882577887490263556443563241786372279871546,0x6cb3ec9e0fb1c258898f648f8b33422f59ba3e8a71aee551449d7cb147bb8ead,1777442410,2026-04-29T06:00:10+00:00,0.785,clob_prices_history
17269153522875922708691197534079323882577887490263556443563241786372279871546,0x6cb3ec9e0fb1c258898f648f8b33422f59ba3e8a71aee551449d7cb147bb8ead,1777443304,2026-04-29T06:15:04+00:00,0.785,clob_prices_history
17269153522875922708691197534079323882577887490263556443563241786372279871546,0x6cb3ec9e0fb1c258898f648f8b33422f59ba3e8a71aee551449d7cb147bb8ead,1777444207,2026-04-29T06:30:07+00:00,0.785,clob_prices_history
17269153522875922708691197534079323882577887490263556443563241786372279871546,0x6cb3ec9e0fb1c258898f648f8b33422f59ba3e8a71aee551449d7cb147bb8ead,1777445105,2026-04-29T06:45:05+00:00,0.785,clob_prices_history
17269153522875922708691197534079323882577887490263556443563241786372279871546,0x6cb3ec9e0fb1c258898f648f8b33422f59ba3e8a71aee551449d7cb147bb8ead,1777446024,2026-04-29T07:00:24+00:00,0.785,clob_prices_history
17269153522875922708691197534079323882577887490263556443563241786372279871546,0x6cb3ec9e0fb1c258898f648f8b33422f59ba3e8a71aee551449d7cb147bb8ead,1777446906,2026-04-29T07:15:06+00:00,0.785,clob_prices_history
17269153522875922708691197534079323882577887490263556443563241786372279871546,0x6cb3ec9e0fb1c258898f648f8b33422f59ba3e8a71aee551449d7cb147bb8ead,1777447805,2026-04-29T07:30:05+00:00,0.785,clob_prices_history
17269153522875922708691197534079323882577887490263556443563241786372279871546,0x6cb3ec9e0fb1c258898f648f8b33422f59ba3e8a71aee551449d7cb147bb8ead,1777448704,2026-04-29T07:45:04+00:00,0.785,clob_prices_history
17269153522875922708691197534079323882577887490263556443563241786372279871546,0x6cb3ec9e0fb1c258898f648f8b33422f59ba3e8a71aee551449d7cb147bb8ead,1777449605,2026-04-29T08:00:05+00:00,0.785,clob_prices_history
17269153522875922708691197534079323882577887490263556443563241786372279871546,0x6cb3ec9e0fb1c258898f648f8b33422f59ba3e8a71aee551449d7cb147bb8ead,1777450504,2026-04-29T08:15:04+00:00,0.785,clob_prices_history
17269153522875922708691197534079323882577887490263556443563241786372279871546,0x6cb3ec9e0fb1c258898f648f8b33422f59ba3e8a71aee551449d7cb147bb8ead,1777451405,2026-04-29T08:30:05+00:00,0.785,clob_prices_history
17269153522875922708691197534079323882577887490263556443563241786372279871546,0x6cb3ec9e0fb1c258898f648f8b33422f59ba3e8a71aee551449d7cb147bb8ead,1777452304,2026-04-29T08:45:04+00:00,0.785,clob_prices_history
17269153522875922708691197534079323882577887490263556443563241786372279871546,0x6cb3ec9e0fb1c258898f648f8b33422f59ba3e8a71aee551449d7cb147bb8ead,1777453209,2026-04-29T09:00:09+00:00,0.785,clob_prices_history
17269153522875922708691197534079323882577887490263556443563241786372279871546,0x6cb3ec9e0fb1c258898f648f8b33422f59ba3e8a71aee551449d7cb147bb8ead,1777454104,2026-04-29T09:15:04+00:00,0.785,clob_prices_history
17269153522875922708691197534079323882577887490263556443563241786372279871546,0x6cb3ec9e0fb1c258898f648f8b33422f59ba3e8a71aee551449d7cb147bb8ead,1777455005,2026-04-29T09:30:05+00:00,0.785,clob_prices_history
17269153522875922708691197534079323882577887490263556443563241786372279871546,0x6cb3ec9e0fb1c258898f648f8b33422f59ba3e8a71aee551449d7cb147bb8ead,1777455904,2026-04-29T09:45:04+00:00,0.785,clob_prices_history
17269153522875922708691197534079323882577887490263556443563241786372279871546,0x6cb3ec9e0fb1c258898f648f8b33422f59ba3e8a71aee551449d7cb147bb8ead,1777456806,2026-04-29T10:00:06+00:00,0.785,clob_prices_history
17269153522875922708691197534079323882577887490263556443563241786372279871546,0x6cb3ec9e0fb1c258898f648f8b33422f59ba3e8a71aee551449d7cb147bb8ead,1777457704,2026-04-29T10:15:04+00:00,0.785,clob_prices_history
17269153522875922708691197534079323882577887490263556443563241786372279871546,0x6cb3ec9e0fb1c258898f648f8b33422f59ba3e8a71aee551449d7cb147bb8ead,1777458608,2026-04-29T10:30:08+00:00,0.785,clob_prices_history
17269153522875922708691197534079323882577887490263556443563241786372279871546,0x6cb3ec9e0fb1c258898f648f8b33422f59ba3e8a71aee551449d7cb147bb8ead,1777459504,2026-04-29T10:45:04+00:00,0.785,clob_prices_history
17269153522875922708691197534079323882577887490263556443563241786372279871546,0x6cb3ec9e0fb1c258898f648f8b33422f59ba3e8a71aee551449d7cb147bb8ead,1777460406,2026-04-29T11:00:06+00:00,0.785,clob_prices_history
17269153522875922708691197534079323882577887490263556443563241786372279871546,0x6cb3ec9e0fb1c258898f648f8b33422f59ba3e8a71aee551449d7cb147bb8ead,1777461304,2026-04-29T11:15:04+00:00,0.785,clob_prices_history
17269153522875922708691197534079323882577887490263556443563241786372279871546,0x6cb3ec9e0fb1c258898f648f8b33422f59ba3e8a71aee551449d7cb147bb8ead,1777462205,2026-04-29T11:30:05+00:00,0.785,clob_prices_history
17269153522875922708691197534079323882577887490263556443563241786372279871546,0x6cb3ec9e0fb1c258898f648f8b33422f59ba3e8a71aee551449d7cb147bb8ead,1777463105,2026-04-29T11:45:05+00:00,0.785,clob_prices_history
17269153522875922708691197534079323882577887490263556443563241786372279871546,0x6cb3ec9e0fb1c258898f648f8b33422f59ba3e8a71aee551449d7cb147bb8ead,1777464012,2026-04-29T12:00:12+00:00,0.785,clob_prices_history
17269153522875922708691197534079323882577887490263556443563241786372279871546,0x6cb3ec9e0fb1c258898f648f8b33422f59ba3e8a71aee551449d7cb147bb8ead,1777464906,2026-04-29T12:15:06+00:00,0.785,clob_prices_history
17269153522875922708691197534079323882577887490263556443563241786372279871546,0x6cb3ec9e0fb1c258898f648f8b33422f59ba3e8a71aee551449d7cb147bb8ead,1777465807,2026-04-29T12:30:07+00:00,0.785,clob_prices_history
17269153522875922708691197534079323882577887490263556443563241786372279871546,0x6cb3ec9e0fb1c258898f648f8b33422f59ba3e8a71aee551449d7cb147bb8ead,1777466717,2026-04-29T12:45:17+00:00,0.785,clob_prices_history
17269153522875922708691197534079323882577887490263556443563241786372279871546,0x6cb3ec9e0fb1c258898f648f8b33422f59ba3e8a71aee551449d7cb147bb8ead,1777467606,2026-04-29T13:00:06+00:00,0.785,clob_prices_history
17269153522875922708691197534079323882577887490263556443563241786372279871546,0x6cb3ec9e0fb1c258898f648f8b33422f59ba3e8a71aee551449d7cb147bb8ead,1777468506,2026-04-29T13:15:06+00:00,0.785,clob_prices_history
17269153522875922708691197534079323882577887490263556443563241786372279871546,0x6cb3ec9e0fb1c258898f648f8b33422f59ba3e8a71aee551449d7cb147bb8ead,1777469406,2026-04-29T13:30:06+00:00,0.785,clob_prices_history
17269153522875922708691197534079323882577887490263556443563241786372279871546,0x6cb3ec9e0fb1c258898f648f8b33422f59ba3e8a71aee551449d7cb147bb8ead,1777470312,2026-04-29T13:45:12+00:00,0.785,clob_prices_history
17269153522875922708691197534079323882577887490263556443563241786372279871546,0x6cb3ec9e0fb1c258898f648f8b33422f59ba3e8a71aee551449d7cb147bb8ead,1777471206,2026-04-29T14:00:06+00:00,0.785,clob_prices_history
17269153522875922708691197534079323882577887490263556443563241786372279871546,0x6cb3ec9e0fb1c258898f648f8b33422f59ba3e8a71aee551449d7cb147bb8ead,1777472104,2026-04-29T14:15:04+00:00,0.785,clob_prices_history
17269153522875922708691197534079323882577887490263556443563241786372279871546,0x6cb3ec9e0fb1c258898f648f8b33422f59ba3e8a71aee551449d7cb147bb8ead,1777473006,2026-04-29T14:30:06+00:00,0.785,clob_prices_history
17269153522875922708691197534079323882577887490263556443563241786372279871546,0x6cb3ec9e0fb1c258898f648f8b33422f59ba3e8a71aee551449d7cb147bb8ead,1777473908,2026-04-29T14:45:08+00:00,0.785,clob_prices_history
17269153522875922708691197534079323882577887490263556443563241786372279871546,0x6cb3ec9e0fb1c258898f648f8b33422f59ba3e8a71aee551449d7cb147bb8ead,1777474818,2026-04-29T15:00:18+00:00,0.785,clob_prices_history
17269153522875922708691197534079323882577887490263556443563241786372279871546,0x6cb3ec9e0fb1c258898f648f8b33422f59ba3e8a71aee551449d7cb147bb8ead,1777475705,2026-04-29T15:15:05+00:00,0.785,clob_prices_history
17269153522875922708691197534079323882577887490263556443563241786372279871546,0x6cb3ec9e0fb1c258898f648f8b33422f59ba3e8a71aee551449d7cb147bb8ead,1777476606,2026-04-29T15:30:06+00:00,0.785,clob_prices_history
17269153522875922708691197534079323882577887490263556443563241786372279871546,0x6cb3ec9e0fb1c258898f648f8b33422f59ba3e8a71aee551449d7cb147bb8ead,1777477521,2026-04-29T15:45:21+00:00,0.785,clob_prices_history
17269153522875922708691197534079323882577887490263556443563241786372279871546,0x6cb3ec9e0fb1c258898f648f8b33422f59ba3e8a71aee551449d7cb147bb8ead,1777478406,2026-04-29T16:00:06+00:00,0.765,clob_prices_history
17269153522875922708691197534079323882577887490263556443563241786372279871546,0x6cb3ec9e0fb1c258898f648f8b33422f59ba3e8a71aee551449d7cb147bb8ead,1777479305,2026-04-29T16:15:05+00:00,0.765,clob_prices_history
17269153522875922708691197534079323882577887490263556443563241786372279871546,0x6cb3ec9e0fb1c258898f648f8b33422f59ba3e8a71aee551449d7cb147bb8ead,1777480221,2026-04-29T16:30:21+00:00,0.765,clob_prices_history
17269153522875922708691197534079323882577887490263556443563241786372279871546,0x6cb3ec9e0fb1c258898f648f8b33422f59ba3e8a71aee551449d7cb147bb8ead,1777481108,2026-04-29T16:45:08+00:00,0.775,clob_prices_history
17269153522875922708691197534079323882577887490263556443563241786372279871546,0x6cb3ec9e0fb1c258898f648f8b33422f59ba3e8a71aee551449d7cb147bb8ead,1777482006,2026-04-29T17:00:06+00:00,0.775,clob_prices_history
17269153522875922708691197534079323882577887490263556443563241786372279871546,0x6cb3ec9e0fb1c258898f648f8b33422f59ba3e8a71aee551449d7cb147bb8ead,1777482905,2026-04-29T17:15:05+00:00,0.775,clob_prices_history
17269153522875922708691197534079323882577887490263556443563241786372279871546,0x6cb3ec9e0fb1c258898f648f8b33422f59ba3e8a71aee551449d7cb147bb8ead,1777483824,2026-04-29T17:30:24+00:00,0.785,clob_prices_history
17269153522875922708691197534079323882577887490263556443563241786372279871546,0x6cb3ec9e0fb1c258898f648f8b33422f59ba3e8a71aee551449d7cb147bb8ead,1777484706,2026-04-29T17:45:06+00:00,0.785,clob_prices_history
17269153522875922708691197534079323882577887490263556443563241786372279871546,0x6cb3ec9e0fb1c258898f648f8b33422f59ba3e8a71aee551449d7cb147bb8ead,1777485612,2026-04-29T18:00:12+00:00,0.77,clob_prices_history
17269153522875922708691197534079323882577887490263556443563241786372279871546,0x6cb3ec9e0fb1c258898f648f8b33422f59ba3e8a71aee551449d7cb147bb8ead,1777486507,2026-04-29T18:15:07+00:00,0.775,clob_prices_history
17269153522875922708691197534079323882577887490263556443563241786372279871546,0x6cb3ec9e0fb1c258898f648f8b33422f59ba3e8a71aee551449d7cb147bb8ead,1777487406,2026-04-29T18:30:06+00:00,0.775,clob_prices_history
17269153522875922708691197534079323882577887490263556443563241786372279871546,0x6cb3ec9e0fb1c258898f648f8b33422f59ba3e8a71aee551449d7cb147bb8ead,1777488308,2026-04-29T18:45:08+00:00,0.765,clob_prices_history
17269153522875922708691197534079323882577887490263556443563241786372279871546,0x6cb3ec9e0fb1c258898f648f8b33422f59ba3e8a71aee551449d7cb147bb8ead,1777489207,2026-04-29T19:00:07+00:00,0.765,clob_prices_history
17269153522875922708691197534079323882577887490263556443563241786372279871546,0x6cb3ec9e0fb1c258898f648f8b33422f59ba3e8a71aee551449d7cb147bb8ead,1777490108,2026-04-29T19:15:08+00:00,0.765,clob_prices_history
17269153522875922708691197534079323882577887490263556443563241786372279871546,0x6cb3ec9e0fb1c258898f648f8b33422f59ba3e8a71aee551449d7cb147bb8ead,1777491006,2026-04-29T19:30:06+00:00,0.765,clob_prices_history
17269153522875922708691197534079323882577887490263556443563241786372279871546,0x6cb3ec9e0fb1c258898f648f8b33422f59ba3e8a71aee551449d7cb147bb8ead,1777491907,2026-04-29T19:45:07+00:00,0.765,clob_prices_history
17269153522875922708691197534079323882577887490263556443563241786372279871546,0x6cb3ec9e0fb1c258898f648f8b33422f59ba3e8a71aee551449d7cb147bb8ead,1777492809,2026-04-29T20:00:09+00:00,0.765,clob_prices_history
17269153522875922708691197534079323882577887490263556443563241786372279871546,0x6cb3ec9e0fb1c258898f648f8b33422f59ba3e8a71aee551449d7cb147bb8ead,1777493705,2026-04-29T20:15:05+00:00,0.765,clob_prices_history
17269153522875922708691197534079323882577887490263556443563241786372279871546,0x6cb3ec9e0fb1c258898f648f8b33422f59ba3e8a71aee551449d7cb147bb8ead,1777494619,2026-04-29T20:30:19+00:00,0.765,clob_prices_history
17269153522875922708691197534079323882577887490263556443563241786372279871546,0x6cb3ec9e0fb1c258898f648f8b33422f59ba3e8a71aee551449d7cb147bb8ead,1777495506,2026-04-29T20:45:06+00:00,0.765,clob_prices_history
17269153522875922708691197534079323882577887490263556443563241786372279871546,0x6cb3ec9e0fb1c258898f648f8b33422f59ba3e8a71aee551449d7cb147bb8ead,1777496423,2026-04-29T21:00:23+00:00,0.765,clob_prices_history
17269153522875922708691197534079323882577887490263556443563241786372279871546,0x6cb3ec9e0fb1c258898f648f8b33422f59ba3e8a71aee551449d7cb147bb8ead,1777497316,2026-04-29T21:15:16+00:00,0.765,clob_prices_history
17269153522875922708691197534079323882577887490263556443563241786372279871546,0x6cb3ec9e0fb1c258898f648f8b33422f59ba3e8a71aee551449d7cb147bb8ead,1777498207,2026-04-29T21:30:07+00:00,0.765,clob_prices_history
17269153522875922708691197534079323882577887490263556443563241786372279871546,0x6cb3ec9e0fb1c258898f648f8b33422f59ba3e8a71aee551449d7cb147bb8ead,1777499106,2026-04-29T21:45:06+00:00,0.765,clob_prices_history
17269153522875922708691197534079323882577887490263556443563241786372279871546,0x6cb3ec9e0fb1c258898f648f8b33422f59ba3e8a71aee551449d7cb147bb8ead,1777500008,2026-04-29T22:00:08+00:00,0.765,clob_prices_history
17269153522875922708691197534079323882577887490263556443563241786372279871546,0x6cb3ec9e0fb1c258898f648f8b33422f59ba3e8a71aee551449d7cb147bb8ead,1777500905,2026-04-29T22:15:05+00:00,0.765,clob_prices_history
17269153522875922708691197534079323882577887490263556443563241786372279871546,0x6cb3ec9e0fb1c258898f648f8b33422f59ba3e8a71aee551449d7cb147bb8ead,1777501808,2026-04-29T22:30:08+00:00,0.765,clob_prices_history
17269153522875922708691197534079323882577887490263556443563241786372279871546,0x6cb3ec9e0fb1c258898f648f8b33422f59ba3e8a71aee551449d7cb147bb8ead,1777502718,2026-04-29T22:45:18+00:00,0.765,clob_prices_history
17269153522875922708691197534079323882577887490263556443563241786372279871546,0x6cb3ec9e0fb1c258898f648f8b33422f59ba3e8a71aee551449d7cb147bb8ead,1777503606,2026-04-29T23:00:06+00:00,0.765,clob_prices_history
17269153522875922708691197534079323882577887490263556443563241786372279871546,0x6cb3ec9e0fb1c258898f648f8b33422f59ba3e8a71aee551449d7cb147bb8ead,1777504506,2026-04-29T23:15:06+00:00,0.765,clob_prices_history
17269153522875922708691197534079323882577887490263556443563241786372279871546,0x6cb3ec9e0fb1c258898f648f8b33422f59ba3e8a71aee551449d7cb147bb8ead,1777505419,2026-04-29T23:30:19+00:00,0.765,clob_prices_history
17269153522875922708691197534079323882577887490263556443563241786372279871546,0x6cb3ec9e0fb1c258898f648f8b33422f59ba3e8a71aee551449d7cb147bb8ead,1777506308,2026-04-29T23:45:08+00:00,0.765,clob_prices_history
17269153522875922708691197534079323882577887490263556443563241786372279871546,0x6cb3ec9e0fb1c258898f648f8b33422f59ba3e8a71aee551449d7cb147bb8ead,1777507217,2026-04-30T00:00:17+00:00,0.765,clob_prices_history
17269153522875922708691197534079323882577887490263556443563241786372279871546,0x6cb3ec9e0fb1c258898f648f8b33422f59ba3e8a71aee551449d7cb147bb8ead,1777508107,2026-04-30T00:15:07+00:00,0.765,clob_prices_history
17269153522875922708691197534079323882577887490263556443563241786372279871546,0x6cb3ec9e0fb1c258898f648f8b33422f59ba3e8a71aee551449d7cb147bb8ead,1777509020,2026-04-30T00:30:20+00:00,0.77,clob_prices_history
17269153522875922708691197534079323882577887490263556443563241786372279871546,0x6cb3ec9e0fb1c258898f648f8b33422f59ba3e8a71aee551449d7cb147bb8ead,1777509909,2026-04-30T00:45:09+00:00,0.77,clob_prices_history
17269153522875922708691197534079323882577887490263556443563241786372279871546,0x6cb3ec9e0fb1c258898f648f8b33422f59ba3e8a71aee551449d7cb147bb8ead,1777510822,2026-04-30T01:00:22+00:00,0.77,clob_prices_history
17269153522875922708691197534079323882577887490263556443563241786372279871546,0x6cb3ec9e0fb1c258898f648f8b33422f59ba3e8a71aee551449d7cb147bb8ead,1777511705,2026-04-30T01:15:05+00:00,0.77,clob_prices_history
17269153522875922708691197534079323882577887490263556443563241786372279871546,0x6cb3ec9e0fb1c258898f648f8b33422f59ba3e8a71aee551449d7cb147bb8ead,1777512607,2026-04-30T01:30:07+00:00,0.77,clob_prices_history
17269153522875922708691197534079323882577887490263556443563241786372279871546,0x6cb3ec9e0fb1c258898f648f8b33422f59ba3e8a71aee551449d7cb147bb8ead,1777513505,2026-04-30T01:45:05+00:00,0.775,clob_prices_history
17269153522875922708691197534079323882577887490263556443563241786372279871546,0x6cb3ec9e0fb1c258898f648f8b33422f59ba3e8a71aee551449d7cb147bb8ead,1777514405,2026-04-30T02:00:05+00:00,0.775,clob_prices_history
17269153522875922708691197534079323882577887490263556443563241786372279871546,0x6cb3ec9e0fb1c258898f648f8b33422f59ba3e8a71aee551449d7cb147bb8ead,1777515308,2026-04-30T02:15:08+00:00,0.775,clob_prices_history
17269153522875922708691197534079323882577887490263556443563241786372279871546,0x6cb3ec9e0fb1c258898f648f8b33422f59ba3e8a71aee551449d7cb147bb8ead,1777516206,2026-04-30T02:30:06+00:00,0.775,clob_prices_history
17269153522875922708691197534079323882577887490263556443563241786372279871546,0x6cb3ec9e0fb1c258898f648f8b33422f59ba3e8a71aee551449d7cb147bb8ead,1777517105,2026-04-30T02:45:05+00:00,0.795,clob_prices_history
17269153522875922708691197534079323882577887490263556443563241786372279871546,0x6cb3ec9e0fb1c258898f648f8b33422f59ba3e8a71aee551449d7cb147bb8ead,1777518010,2026-04-30T03:00:10+00:00,0.795,clob_prices_history
17269153522875922708691197534079323882577887490263556443563241786372279871546,0x6cb3ec9e0fb1c258898f648f8b33422f59ba3e8a71aee551449d7cb147bb8ead,1777518906,2026-04-30T03:15:06+00:00,0.795,clob_prices_history
17269153522875922708691197534079323882577887490263556443563241786372279871546,0x6cb3ec9e0fb1c258898f648f8b33422f59ba3e8a71aee551449d7cb147bb8ead,1777519807,2026-04-30T03:30:07+00:00,0.795,clob_prices_history
17269153522875922708691197534079323882577887490263556443563241786372279871546,0x6cb3ec9e0fb1c258898f648f8b33422f59ba3e8a71aee551449d7cb147bb8ead,1777520704,2026-04-30T03:45:04+00:00,0.795,clob_prices_history
17269153522875922708691197534079323882577887490263556443563241786372279871546,0x6cb3ec9e0fb1c258898f648f8b33422f59ba3e8a71aee551449d7cb147bb8ead,1777521607,2026-04-30T04:00:07+00:00,0.795,clob_prices_history
17269153522875922708691197534079323882577887490263556443563241786372279871546,0x6cb3ec9e0fb1c258898f648f8b33422f59ba3e8a71aee551449d7cb147bb8ead,1777522505,2026-04-30T04:15:05+00:00,0.795,clob_prices_history
17269153522875922708691197534079323882577887490263556443563241786372279871546,0x6cb3ec9e0fb1c258898f648f8b33422f59ba3e8a71aee551449d7cb147bb8ead,1777523409,2026-04-30T04:30:09+00:00,0.795,clob_prices_history
17269153522875922708691197534079323882577887490263556443563241786372279871546,0x6cb3ec9e0fb1c258898f648f8b33422f59ba3e8a71aee551449d7cb147bb8ead,1777524305,2026-04-30T04:45:05+00:00,0.795,clob_prices_history
17269153522875922708691197534079323882577887490263556443563241786372279871546,0x6cb3ec9e0fb1c258898f648f8b33422f59ba3e8a71aee551449d7cb147bb8ead,1777525207,2026-04-30T05:00:07+00:00,0.795,clob_prices_history
17269153522875922708691197534079323882577887490263556443563241786372279871546,0x6cb3ec9e0fb1c258898f648f8b33422f59ba3e8a71aee551449d7cb147bb8ead,1777526108,2026-04-30T05:15:08+00:00,0.795,clob_prices_history
17269153522875922708691197534079323882577887490263556443563241786372279871546,0x6cb3ec9e0fb1c258898f648f8b33422f59ba3e8a71aee551449d7cb147bb8ead,1777527009,2026-04-30T05:30:09+00:00,0.795,clob_prices_history
17269153522875922708691197534079323882577887490263556443563241786372279871546,0x6cb3ec9e0fb1c258898f648f8b33422f59ba3e8a71aee551449d7cb147bb8ead,1777527909,2026-04-30T05:45:09+00:00,0.795,clob_prices_history
17269153522875922708691197534079323882577887490263556443563241786372279871546,0x6cb3ec9e0fb1c258898f648f8b33422f59ba3e8a71aee551449d7cb147bb8ead,1777528811,2026-04-30T06:00:11+00:00,0.795,clob_prices_history
17269153522875922708691197534079323882577887490263556443563241786372279871546,0x6cb3ec9e0fb1c258898f648f8b33422f59ba3e8a71aee551449d7cb147bb8ead,1777529721,2026-04-30T06:15:21+00:00,0.795,clob_prices_history
17269153522875922708691197534079323882577887490263556443563241786372279871546,0x6cb3ec9e0fb1c258898f648f8b33422f59ba3e8a71aee551449d7cb147bb8ead,1777530607,2026-04-30T06:30:07+00:00,0.795,clob_prices_history
17269153522875922708691197534079323882577887490263556443563241786372279871546,0x6cb3ec9e0fb1c258898f648f8b33422f59ba3e8a71aee551449d7cb147bb8ead,1777531515,2026-04-30T06:45:15+00:00,0.795,clob_prices_history
17269153522875922708691197534079323882577887490263556443563241786372279871546,0x6cb3ec9e0fb1c258898f648f8b33422f59ba3e8a71aee551449d7cb147bb8ead,1777532412,2026-04-30T07:00:12+00:00,0.795,clob_prices_history
17269153522875922708691197534079323882577887490263556443563241786372279871546,0x6cb3ec9e0fb1c258898f648f8b33422f59ba3e8a71aee551449d7cb147bb8ead,1777533305,2026-04-30T07:15:05+00:00,0.795,clob_prices_history
17269153522875922708691197534079323882577887490263556443563241786372279871546,0x6cb3ec9e0fb1c258898f648f8b33422f59ba3e8a71aee551449d7cb147bb8ead,1777534207,2026-04-30T07:30:07+00:00,0.795,clob_prices_history
17269153522875922708691197534079323882577887490263556443563241786372279871546,0x6cb3ec9e0fb1c258898f648f8b33422f59ba3e8a71aee551449d7cb147bb8ead,1777535105,2026-04-30T07:45:05+00:00,0.795,clob_prices_history
17269153522875922708691197534079323882577887490263556443563241786372279871546,0x6cb3ec9e0fb1c258898f648f8b33422f59ba3e8a71aee551449d7cb147bb8ead,1777536006,2026-04-30T08:00:06+00:00,0.795,clob_prices_history
17269153522875922708691197534079323882577887490263556443563241786372279871546,0x6cb3ec9e0fb1c258898f648f8b33422f59ba3e8a71aee551449d7cb147bb8ead,1777536910,2026-04-30T08:15:10+00:00,0.795,clob_prices_history
17269153522875922708691197534079323882577887490263556443563241786372279871546,0x6cb3ec9e0fb1c258898f648f8b33422f59ba3e8a71aee551449d7cb147bb8ead,1777537806,2026-04-30T08:30:06+00:00,0.795,clob_prices_history
17269153522875922708691197534079323882577887490263556443563241786372279871546,0x6cb3ec9e0fb1c258898f648f8b33422f59ba3e8a71aee551449d7cb147bb8ead,1777538705,2026-04-30T08:45:05+00:00,0.795,clob_prices_history
17269153522875922708691197534079323882577887490263556443563241786372279871546,0x6cb3ec9e0fb1c258898f648f8b33422f59ba3e8a71aee551449d7cb147bb8ead,1777539619,2026-04-30T09:00:19+00:00,0.795,clob_prices_history
17269153522875922708691197534079323882577887490263556443563241786372279871546,0x6cb3ec9e0fb1c258898f648f8b33422f59ba3e8a71aee551449d7cb147bb8ead,1777540506,2026-04-30T09:15:06+00:00,0.795,clob_prices_history
17269153522875922708691197534079323882577887490263556443563241786372279871546,0x6cb3ec9e0fb1c258898f648f8b33422f59ba3e8a71aee551449d7cb147bb8ead,1777541407,2026-04-30T09:30:07+00:00,0.795,clob_prices_history
17269153522875922708691197534079323882577887490263556443563241786372279871546,0x6cb3ec9e0fb1c258898f648f8b33422f59ba3e8a71aee551449d7cb147bb8ead,1777542306,2026-04-30T09:45:06+00:00,0.795,clob_prices_history
17269153522875922708691197534079323882577887490263556443563241786372279871546,0x6cb3ec9e0fb1c258898f648f8b33422f59ba3e8a71aee551449d7cb147bb8ead,1777543219,2026-04-30T10:00:19+00:00,0.795,clob_prices_history
17269153522875922708691197534079323882577887490263556443563241786372279871546,0x6cb3ec9e0fb1c258898f648f8b33422f59ba3e8a71aee551449d7cb147bb8ead,1777544104,2026-04-30T10:15:04+00:00,0.795,clob_prices_history
17269153522875922708691197534079323882577887490263556443563241786372279871546,0x6cb3ec9e0fb1c258898f648f8b33422f59ba3e8a71aee551449d7cb147bb8ead,1777545009,2026-04-30T10:30:09+00:00,0.795,clob_prices_history
17269153522875922708691197534079323882577887490263556443563241786372279871546,0x6cb3ec9e0fb1c258898f648f8b33422f59ba3e8a71aee551449d7cb147bb8ead,1777545904,2026-04-30T10:45:04+00:00,0.795,clob_prices_history
17269153522875922708691197534079323882577887490263556443563241786372279871546,0x6cb3ec9e0fb1c258898f648f8b33422f59ba3e8a71aee551449d7cb147bb8ead,1777546820,2026-04-30T11:00:20+00:00,0.805,clob_prices_history
17269153522875922708691197534079323882577887490263556443563241786372279871546,0x6cb3ec9e0fb1c258898f648f8b33422f59ba3e8a71aee551449d7cb147bb8ead,1777547707,2026-04-30T11:15:07+00:00,0.805,clob_prices_history
17269153522875922708691197534079323882577887490263556443563241786372279871546,0x6cb3ec9e0fb1c258898f648f8b33422f59ba3e8a71aee551449d7cb147bb8ead,1777548607,2026-04-30T11:30:07+00:00,0.805,clob_prices_history
17269153522875922708691197534079323882577887490263556443563241786372279871546,0x6cb3ec9e0fb1c258898f648f8b33422f59ba3e8a71aee551449d7cb147bb8ead,1777549507,2026-04-30T11:45:07+00:00,0.805,clob_prices_history
17269153522875922708691197534079323882577887490263556443563241786372279871546,0x6cb3ec9e0fb1c258898f648f8b33422f59ba3e8a71aee551449d7cb147bb8ead,1777550416,2026-04-30T12:00:16+00:00,0.805,clob_prices_history
17269153522875922708691197534079323882577887490263556443563241786372279871546,0x6cb3ec9e0fb1c258898f648f8b33422f59ba3e8a71aee551449d7cb147bb8ead,1777551305,2026-04-30T12:15:05+00:00,0.805,clob_prices_history
17269153522875922708691197534079323882577887490263556443563241786372279871546,0x6cb3ec9e0fb1c258898f648f8b33422f59ba3e8a71aee551449d7cb147bb8ead,1777552206,2026-04-30T12:30:06+00:00,0.805,clob_prices_history
17269153522875922708691197534079323882577887490263556443563241786372279871546,0x6cb3ec9e0fb1c258898f648f8b33422f59ba3e8a71aee551449d7cb147bb8ead,1777553105,2026-04-30T12:45:05+00:00,0.805,clob_prices_history
17269153522875922708691197534079323882577887490263556443563241786372279871546,0x6cb3ec9e0fb1c258898f648f8b33422f59ba3e8a71aee551449d7cb147bb8ead,1777554007,2026-04-30T13:00:07+00:00,0.805,clob_prices_history
17269153522875922708691197534079323882577887490263556443563241786372279871546,0x6cb3ec9e0fb1c258898f648f8b33422f59ba3e8a71aee551449d7cb147bb8ead,1777554918,2026-04-30T13:15:18+00:00,0.8,clob_prices_history
17269153522875922708691197534079323882577887490263556443563241786372279871546,0x6cb3ec9e0fb1c258898f648f8b33422f59ba3e8a71aee551449d7cb147bb8ead,1777555808,2026-04-30T13:30:08+00:00,0.805,clob_prices_history
17269153522875922708691197534079323882577887490263556443563241786372279871546,0x6cb3ec9e0fb1c258898f648f8b33422f59ba3e8a71aee551449d7cb147bb8ead,1777556710,2026-04-30T13:45:10+00:00,0.805,clob_prices_history
17269153522875922708691197534079323882577887490263556443563241786372279871546,0x6cb3ec9e0fb1c258898f648f8b33422f59ba3e8a71aee551449d7cb147bb8ead,1777557608,2026-04-30T14:00:08+00:00,0.805,clob_prices_history
17269153522875922708691197534079323882577887490263556443563241786372279871546,0x6cb3ec9e0fb1c258898f648f8b33422f59ba3e8a71aee551449d7cb147bb8ead,1777558505,2026-04-30T14:15:05+00:00,0.805,clob_prices_history
17269153522875922708691197534079323882577887490263556443563241786372279871546,0x6cb3ec9e0fb1c258898f648f8b33422f59ba3e8a71aee551449d7cb147bb8ead,1777559409,2026-04-30T14:30:09+00:00,0.805,clob_prices_history
17269153522875922708691197534079323882577887490263556443563241786372279871546,0x6cb3ec9e0fb1c258898f648f8b33422f59ba3e8a71aee551449d7cb147bb8ead,1777560305,2026-04-30T14:45:05+00:00,0.805,clob_prices_history
17269153522875922708691197534079323882577887490263556443563241786372279871546,0x6cb3ec9e0fb1c258898f648f8b33422f59ba3e8a71aee551449d7cb147bb8ead,1777561213,2026-04-30T15:00:13+00:00,0.805,clob_prices_history
17269153522875922708691197534079323882577887490263556443563241786372279871546,0x6cb3ec9e0fb1c258898f648f8b33422f59ba3e8a71aee551449d7cb147bb8ead,1777562106,2026-04-30T15:15:06+00:00,0.805,clob_prices_history
17269153522875922708691197534079323882577887490263556443563241786372279871546,0x6cb3ec9e0fb1c258898f648f8b33422f59ba3e8a71aee551449d7cb147bb8ead,1777563008,2026-04-30T15:30:08+00:00,0.805,clob_prices_history
17269153522875922708691197534079323882577887490263556443563241786372279871546,0x6cb3ec9e0fb1c258898f648f8b33422f59ba3e8a71aee551449d7cb147bb8ead,1777563906,2026-04-30T15:45:06+00:00,0.805,clob_prices_history
17269153522875922708691197534079323882577887490263556443563241786372279871546,0x6cb3ec9e0fb1c258898f648f8b33422f59ba3e8a71aee551449d7cb147bb8ead,1777564807,2026-04-30T16:00:07+00:00,0.805,clob_prices_history
17269153522875922708691197534079323882577887490263556443563241786372279871546,0x6cb3ec9e0fb1c258898f648f8b33422f59ba3e8a71aee551449d7cb147bb8ead,1777565707,2026-04-30T16:15:07+00:00,0.805,clob_prices_history
17269153522875922708691197534079323882577887490263556443563241786372279871546,0x6cb3ec9e0fb1c258898f648f8b33422f59ba3e8a71aee551449d7cb147bb8ead,1777566623,2026-04-30T16:30:23+00:00,0.805,clob_prices_history
17269153522875922708691197534079323882577887490263556443563241786372279871546,0x6cb3ec9e0fb1c258898f648f8b33422f59ba3e8a71aee551449d7cb147bb8ead,1777567507,2026-04-30T16:45:07+00:00,0.805,clob_prices_history
17269153522875922708691197534079323882577887490263556443563241786372279871546,0x6cb3ec9e0fb1c258898f648f8b33422f59ba3e8a71aee551449d7cb147bb8ead,1777568415,2026-04-30T17:00:15+00:00,0.805,clob_prices_history
17269153522875922708691197534079323882577887490263556443563241786372279871546,0x6cb3ec9e0fb1c258898f648f8b33422f59ba3e8a71aee551449d7cb147bb8ead,1777569308,2026-04-30T17:15:08+00:00,0.805,clob_prices_history
17269153522875922708691197534079323882577887490263556443563241786372279871546,0x6cb3ec9e0fb1c258898f648f8b33422f59ba3e8a71aee551449d7cb147bb8ead,1777570208,2026-04-30T17:30:08+00:00,0.805,clob_prices_history
17269153522875922708691197534079323882577887490263556443563241786372279871546,0x6cb3ec9e0fb1c258898f648f8b33422f59ba3e8a71aee551449d7cb147bb8ead,1777571108,2026-04-30T17:45:08+00:00,0.805,clob_prices_history
17269153522875922708691197534079323882577887490263556443563241786372279871546,0x6cb3ec9e0fb1c258898f648f8b33422f59ba3e8a71aee551449d7cb147bb8ead,1777572014,2026-04-30T18:00:14+00:00,0.805,clob_prices_history
17269153522875922708691197534079323882577887490263556443563241786372279871546,0x6cb3ec9e0fb1c258898f648f8b33422f59ba3e8a71aee551449d7cb147bb8ead,1777572908,2026-04-30T18:15:08+00:00,0.805,clob_prices_history
17269153522875922708691197534079323882577887490263556443563241786372279871546,0x6cb3ec9e0fb1c258898f648f8b33422f59ba3e8a71aee551449d7cb147bb8ead,1777573810,2026-04-30T18:30:10+00:00,0.805,clob_prices_history
17269153522875922708691197534079323882577887490263556443563241786372279871546,0x6cb3ec9e0fb1c258898f648f8b33422f59ba3e8a71aee551449d7cb147bb8ead,1777574706,2026-04-30T18:45:06+00:00,0.805,clob_prices_history
17269153522875922708691197534079323882577887490263556443563241786372279871546,0x6cb3ec9e0fb1c258898f648f8b33422f59ba3e8a71aee551449d7cb147bb8ead,1777575610,2026-04-30T19:00:10+00:00,0.805,clob_prices_history
17269153522875922708691197534079323882577887490263556443563241786372279871546,0x6cb3ec9e0fb1c258898f648f8b33422f59ba3e8a71aee551449d7cb147bb8ead,1777576524,2026-04-30T19:15:24+00:00,0.805,clob_prices_history
17269153522875922708691197534079323882577887490263556443563241786372279871546,0x6cb3ec9e0fb1c258898f648f8b33422f59ba3e8a71aee551449d7cb147bb8ead,1777577409,2026-04-30T19:30:09+00:00,0.805,clob_prices_history
17269153522875922708691197534079323882577887490263556443563241786372279871546,0x6cb3ec9e0fb1c258898f648f8b33422f59ba3e8a71aee551449d7cb147bb8ead,1777578307,2026-04-30T19:45:07+00:00,0.805,clob_prices_history
17269153522875922708691197534079323882577887490263556443563241786372279871546,0x6cb3ec9e0fb1c258898f648f8b33422f59ba3e8a71aee551449d7cb147bb8ead,1777579212,2026-04-30T20:00:12+00:00,0.805,clob_prices_history
17269153522875922708691197534079323882577887490263556443563241786372279871546,0x6cb3ec9e0fb1c258898f648f8b33422f59ba3e8a71aee551449d7cb147bb8ead,1777580107,2026-04-30T20:15:07+00:00,0.805,clob_prices_history
17269153522875922708691197534079323882577887490263556443563241786372279871546,0x6cb3ec9e0fb1c258898f648f8b33422f59ba3e8a71aee551449d7cb147bb8ead,1777581010,2026-04-30T20:30:10+00:00,0.805,clob_prices_history
17269153522875922708691197534079323882577887490263556443563241786372279871546,0x6cb3ec9e0fb1c258898f648f8b33422f59ba3e8a71aee551449d7cb147bb8ead,1777581905,2026-04-30T20:45:05+00:00,0.805,clob_prices_history
17269153522875922708691197534079323882577887490263556443563241786372279871546,0x6cb3ec9e0fb1c258898f648f8b33422f59ba3e8a71aee551449d7cb147bb8ead,1777582810,2026-04-30T21:00:10+00:00,0.805,clob_prices_history
17269153522875922708691197534079323882577887490263556443563241786372279871546,0x6cb3ec9e0fb1c258898f648f8b33422f59ba3e8a71aee551449d7cb147bb8ead,1777583705,2026-04-30T21:15:05+00:00,0.805,clob_prices_history
17269153522875922708691197534079323882577887490263556443563241786372279871546,0x6cb3ec9e0fb1c258898f648f8b33422f59ba3e8a71aee551449d7cb147bb8ead,1777584633,2026-04-30T21:30:33+00:00,0.805,clob_prices_history
17269153522875922708691197534079323882577887490263556443563241786372279871546,0x6cb3ec9e0fb1c258898f648f8b33422f59ba3e8a71aee551449d7cb147bb8ead,1777585510,2026-04-30T21:45:10+00:00,0.805,clob_prices_history
17269153522875922708691197534079323882577887490263556443563241786372279871546,0x6cb3ec9e0fb1c258898f648f8b33422f59ba3e8a71aee551449d7cb147bb8ead,1777586409,2026-04-30T22:00:09+00:00,0.805,clob_prices_history
17269153522875922708691197534079323882577887490263556443563241786372279871546,0x6cb3ec9e0fb1c258898f648f8b33422f59ba3e8a71aee551449d7cb147bb8ead,1777587319,2026-04-30T22:15:19+00:00,0.805,clob_prices_history
17269153522875922708691197534079323882577887490263556443563241786372279871546,0x6cb3ec9e0fb1c258898f648f8b33422f59ba3e8a71aee551449d7cb147bb8ead,1777588211,2026-04-30T22:30:11+00:00,0.805,clob_prices_history
17269153522875922708691197534079323882577887490263556443563241786372279871546,0x6cb3ec9e0fb1c258898f648f8b33422f59ba3e8a71aee551449d7cb147bb8ead,1777589105,2026-04-30T22:45:05+00:00,0.805,clob_prices_history
17269153522875922708691197534079323882577887490263556443563241786372279871546,0x6cb3ec9e0fb1c258898f648f8b33422f59ba3e8a71aee551449d7cb147bb8ead,1777590008,2026-04-30T23:00:08+00:00,0.805,clob_prices_history
17269153522875922708691197534079323882577887490263556443563241786372279871546,0x6cb3ec9e0fb1c258898f648f8b33422f59ba3e8a71aee551449d7cb147bb8ead,1777590907,2026-04-30T23:15:07+00:00,0.805,clob_prices_history
17269153522875922708691197534079323882577887490263556443563241786372279871546,0x6cb3ec9e0fb1c258898f648f8b33422f59ba3e8a71aee551449d7cb147bb8ead,1777591807,2026-04-30T23:30:07+00:00,0.805,clob_prices_history
17269153522875922708691197534079323882577887490263556443563241786372279871546,0x6cb3ec9e0fb1c258898f648f8b33422f59ba3e8a71aee551449d7cb147bb8ead,1777592706,2026-04-30T23:45:06+00:00,0.805,clob_prices_history
