asset,conditionId,timestamp,timestamp_utc,price,source
96773953960313048340895711765817431775606353405814859249629785260485292633238,0x6397f084bcee3390e92b0a4f8d0f1fa23ddabad1668c4a6783f5643564f646d6,1772325039,2026-03-01T00:30:39+00:00,0.5,clob_prices_history
96773953960313048340895711765817431775606353405814859249629785260485292633238,0x6397f084bcee3390e92b0a4f8d0f1fa23ddabad1668c4a6783f5643564f646d6,1772325924,2026-03-01T00:45:24+00:00,0.645,clob_prices_history
96773953960313048340895711765817431775606353405814859249629785260485292633238,0x6397f084bcee3390e92b0a4f8d0f1fa23ddabad1668c4a6783f5643564f646d6,1772326827,2026-03-01T01:00:27+00:00,0.645,clob_prices_history
96773953960313048340895711765817431775606353405814859249629785260485292633238,0x6397f084bcee3390e92b0a4f8d0f1fa23ddabad1668c4a6783f5643564f646d6,1772327725,2026-03-01T01:15:25+00:00,0.68,clob_prices_history
96773953960313048340895711765817431775606353405814859249629785260485292633238,0x6397f084bcee3390e92b0a4f8d0f1fa23ddabad1668c4a6783f5643564f646d6,1772328626,2026-03-01T01:30:26+00:00,0.645,clob_prices_history
96773953960313048340895711765817431775606353405814859249629785260485292633238,0x6397f084bcee3390e92b0a4f8d0f1fa23ddabad1668c4a6783f5643564f646d6,1772329524,2026-03-01T01:45:24+00:00,0.675,clob_prices_history
96773953960313048340895711765817431775606353405814859249629785260485292633238,0x6397f084bcee3390e92b0a4f8d0f1fa23ddabad1668c4a6783f5643564f646d6,1772330427,2026-03-01T02:00:27+00:00,0.69,clob_prices_history
96773953960313048340895711765817431775606353405814859249629785260485292633238,0x6397f084bcee3390e92b0a4f8d0f1fa23ddabad1668c4a6783f5643564f646d6,1772331335,2026-03-01T02:15:35+00:00,0.655,clob_prices_history
96773953960313048340895711765817431775606353405814859249629785260485292633238,0x6397f084bcee3390e92b0a4f8d0f1fa23ddabad1668c4a6783f5643564f646d6,1772332225,2026-03-01T02:30:25+00:00,0.665,clob_prices_history
96773953960313048340895711765817431775606353405814859249629785260485292633238,0x6397f084bcee3390e92b0a4f8d0f1fa23ddabad1668c4a6783f5643564f646d6,1772333125,2026-03-01T02:45:25+00:00,0.685,clob_prices_history
96773953960313048340895711765817431775606353405814859249629785260485292633238,0x6397f084bcee3390e92b0a4f8d0f1fa23ddabad1668c4a6783f5643564f646d6,1772334029,2026-03-01T03:00:29+00:00,0.68,clob_prices_history
96773953960313048340895711765817431775606353405814859249629785260485292633238,0x6397f084bcee3390e92b0a4f8d0f1fa23ddabad1668c4a6783f5643564f646d6,1772334924,2026-03-01T03:15:24+00:00,0.69,clob_prices_history
96773953960313048340895711765817431775606353405814859249629785260485292633238,0x6397f084bcee3390e92b0a4f8d0f1fa23ddabad1668c4a6783f5643564f646d6,1772335828,2026-03-01T03:30:28+00:00,0.65,clob_prices_history
96773953960313048340895711765817431775606353405814859249629785260485292633238,0x6397f084bcee3390e92b0a4f8d0f1fa23ddabad1668c4a6783f5643564f646d6,1772336722,2026-03-01T03:45:22+00:00,0.65,clob_prices_history
96773953960313048340895711765817431775606353405814859249629785260485292633238,0x6397f084bcee3390e92b0a4f8d0f1fa23ddabad1668c4a6783f5643564f646d6,1772337628,2026-03-01T04:00:28+00:00,0.65,clob_prices_history
96773953960313048340895711765817431775606353405814859249629785260485292633238,0x6397f084bcee3390e92b0a4f8d0f1fa23ddabad1668c4a6783f5643564f646d6,1772338523,2026-03-01T04:15:23+00:00,0.94,clob_prices_history
96773953960313048340895711765817431775606353405814859249629785260485292633238,0x6397f084bcee3390e92b0a4f8d0f1fa23ddabad1668c4a6783f5643564f646d6,1772339426,2026-03-01T04:30:26+00:00,0.94,clob_prices_history
96773953960313048340895711765817431775606353405814859249629785260485292633238,0x6397f084bcee3390e92b0a4f8d0f1fa23ddabad1668c4a6783f5643564f646d6,1772340322,2026-03-01T04:45:22+00:00,0.94,clob_prices_history
96773953960313048340895711765817431775606353405814859249629785260485292633238,0x6397f084bcee3390e92b0a4f8d0f1fa23ddabad1668c4a6783f5643564f646d6,1772341225,2026-03-01T05:00:25+00:00,0.94,clob_prices_history
96773953960313048340895711765817431775606353405814859249629785260485292633238,0x6397f084bcee3390e92b0a4f8d0f1fa23ddabad1668c4a6783f5643564f646d6,1772342123,2026-03-01T05:15:23+00:00,0.94,clob_prices_history
96773953960313048340895711765817431775606353405814859249629785260485292633238,0x6397f084bcee3390e92b0a4f8d0f1fa23ddabad1668c4a6783f5643564f646d6,1772343026,2026-03-01T05:30:26+00:00,0.94,clob_prices_history
96773953960313048340895711765817431775606353405814859249629785260485292633238,0x6397f084bcee3390e92b0a4f8d0f1fa23ddabad1668c4a6783f5643564f646d6,1772343924,2026-03-01T05:45:24+00:00,0.94,clob_prices_history
96773953960313048340895711765817431775606353405814859249629785260485292633238,0x6397f084bcee3390e92b0a4f8d0f1fa23ddabad1668c4a6783f5643564f646d6,1772344836,2026-03-01T06:00:36+00:00,0.94,clob_prices_history
96773953960313048340895711765817431775606353405814859249629785260485292633238,0x6397f084bcee3390e92b0a4f8d0f1fa23ddabad1668c4a6783f5643564f646d6,1772345726,2026-03-01T06:15:26+00:00,0.94,clob_prices_history
96773953960313048340895711765817431775606353405814859249629785260485292633238,0x6397f084bcee3390e92b0a4f8d0f1fa23ddabad1668c4a6783f5643564f646d6,1772346624,2026-03-01T06:30:24+00:00,0.94,clob_prices_history
96773953960313048340895711765817431775606353405814859249629785260485292633238,0x6397f084bcee3390e92b0a4f8d0f1fa23ddabad1668c4a6783f5643564f646d6,1772347522,2026-03-01T06:45:22+00:00,0.94,clob_prices_history
96773953960313048340895711765817431775606353405814859249629785260485292633238,0x6397f084bcee3390e92b0a4f8d0f1fa23ddabad1668c4a6783f5643564f646d6,1772348423,2026-03-01T07:00:23+00:00,0.94,clob_prices_history
96773953960313048340895711765817431775606353405814859249629785260485292633238,0x6397f084bcee3390e92b0a4f8d0f1fa23ddabad1668c4a6783f5643564f646d6,1772349325,2026-03-01T07:15:25+00:00,0.94,clob_prices_history
96773953960313048340895711765817431775606353405814859249629785260485292633238,0x6397f084bcee3390e92b0a4f8d0f1fa23ddabad1668c4a6783f5643564f646d6,1772350227,2026-03-01T07:30:27+00:00,0.94,clob_prices_history
96773953960313048340895711765817431775606353405814859249629785260485292633238,0x6397f084bcee3390e92b0a4f8d0f1fa23ddabad1668c4a6783f5643564f646d6,1772351126,2026-03-01T07:45:26+00:00,0.94,clob_prices_history
96773953960313048340895711765817431775606353405814859249629785260485292633238,0x6397f084bcee3390e92b0a4f8d0f1fa23ddabad1668c4a6783f5643564f646d6,1772352026,2026-03-01T08:00:26+00:00,0.94,clob_prices_history
96773953960313048340895711765817431775606353405814859249629785260485292633238,0x6397f084bcee3390e92b0a4f8d0f1fa23ddabad1668c4a6783f5643564f646d6,1772352923,2026-03-01T08:15:23+00:00,0.945,clob_prices_history
96773953960313048340895711765817431775606353405814859249629785260485292633238,0x6397f084bcee3390e92b0a4f8d0f1fa23ddabad1668c4a6783f5643564f646d6,1772353825,2026-03-01T08:30:25+00:00,0.945,clob_prices_history
96773953960313048340895711765817431775606353405814859249629785260485292633238,0x6397f084bcee3390e92b0a4f8d0f1fa23ddabad1668c4a6783f5643564f646d6,1772354722,2026-03-01T08:45:22+00:00,0.945,clob_prices_history
96773953960313048340895711765817431775606353405814859249629785260485292633238,0x6397f084bcee3390e92b0a4f8d0f1fa23ddabad1668c4a6783f5643564f646d6,1772355640,2026-03-01T09:00:40+00:00,0.945,clob_prices_history
96773953960313048340895711765817431775606353405814859249629785260485292633238,0x6397f084bcee3390e92b0a4f8d0f1fa23ddabad1668c4a6783f5643564f646d6,1772356525,2026-03-01T09:15:25+00:00,0.945,clob_prices_history
96773953960313048340895711765817431775606353405814859249629785260485292633238,0x6397f084bcee3390e92b0a4f8d0f1fa23ddabad1668c4a6783f5643564f646d6,1772357425,2026-03-01T09:30:25+00:00,0.7,clob_prices_history
96773953960313048340895711765817431775606353405814859249629785260485292633238,0x6397f084bcee3390e92b0a4f8d0f1fa23ddabad1668c4a6783f5643564f646d6,1772358323,2026-03-01T09:45:23+00:00,0.7,clob_prices_history
96773953960313048340895711765817431775606353405814859249629785260485292633238,0x6397f084bcee3390e92b0a4f8d0f1fa23ddabad1668c4a6783f5643564f646d6,1772359228,2026-03-01T10:00:28+00:00,0.7,clob_prices_history
96773953960313048340895711765817431775606353405814859249629785260485292633238,0x6397f084bcee3390e92b0a4f8d0f1fa23ddabad1668c4a6783f5643564f646d6,1772360124,2026-03-01T10:15:24+00:00,0.7,clob_prices_history
96773953960313048340895711765817431775606353405814859249629785260485292633238,0x6397f084bcee3390e92b0a4f8d0f1fa23ddabad1668c4a6783f5643564f646d6,1772361024,2026-03-01T10:30:24+00:00,0.7,clob_prices_history
96773953960313048340895711765817431775606353405814859249629785260485292633238,0x6397f084bcee3390e92b0a4f8d0f1fa23ddabad1668c4a6783f5643564f646d6,1772361922,2026-03-01T10:45:22+00:00,0.7,clob_prices_history
96773953960313048340895711765817431775606353405814859249629785260485292633238,0x6397f084bcee3390e92b0a4f8d0f1fa23ddabad1668c4a6783f5643564f646d6,1772362825,2026-03-01T11:00:25+00:00,0.7,clob_prices_history
96773953960313048340895711765817431775606353405814859249629785260485292633238,0x6397f084bcee3390e92b0a4f8d0f1fa23ddabad1668c4a6783f5643564f646d6,1772363724,2026-03-01T11:15:24+00:00,0.7,clob_prices_history
96773953960313048340895711765817431775606353405814859249629785260485292633238,0x6397f084bcee3390e92b0a4f8d0f1fa23ddabad1668c4a6783f5643564f646d6,1772364638,2026-03-01T11:30:38+00:00,0.705,clob_prices_history
96773953960313048340895711765817431775606353405814859249629785260485292633238,0x6397f084bcee3390e92b0a4f8d0f1fa23ddabad1668c4a6783f5643564f646d6,1772365524,2026-03-01T11:45:24+00:00,0.715,clob_prices_history
96773953960313048340895711765817431775606353405814859249629785260485292633238,0x6397f084bcee3390e92b0a4f8d0f1fa23ddabad1668c4a6783f5643564f646d6,1772366434,2026-03-01T12:00:34+00:00,0.715,clob_prices_history
96773953960313048340895711765817431775606353405814859249629785260485292633238,0x6397f084bcee3390e92b0a4f8d0f1fa23ddabad1668c4a6783f5643564f646d6,1772367322,2026-03-01T12:15:22+00:00,0.715,clob_prices_history
96773953960313048340895711765817431775606353405814859249629785260485292633238,0x6397f084bcee3390e92b0a4f8d0f1fa23ddabad1668c4a6783f5643564f646d6,1772368233,2026-03-01T12:30:33+00:00,0.68,clob_prices_history
96773953960313048340895711765817431775606353405814859249629785260485292633238,0x6397f084bcee3390e92b0a4f8d0f1fa23ddabad1668c4a6783f5643564f646d6,1772369123,2026-03-01T12:45:23+00:00,0.68,clob_prices_history
96773953960313048340895711765817431775606353405814859249629785260485292633238,0x6397f084bcee3390e92b0a4f8d0f1fa23ddabad1668c4a6783f5643564f646d6,1772370024,2026-03-01T13:00:24+00:00,0.685,clob_prices_history
96773953960313048340895711765817431775606353405814859249629785260485292633238,0x6397f084bcee3390e92b0a4f8d0f1fa23ddabad1668c4a6783f5643564f646d6,1772370933,2026-03-01T13:15:33+00:00,0.69,clob_prices_history
96773953960313048340895711765817431775606353405814859249629785260485292633238,0x6397f084bcee3390e92b0a4f8d0f1fa23ddabad1668c4a6783f5643564f646d6,1772371826,2026-03-01T13:30:26+00:00,0.72,clob_prices_history
96773953960313048340895711765817431775606353405814859249629785260485292633238,0x6397f084bcee3390e92b0a4f8d0f1fa23ddabad1668c4a6783f5643564f646d6,1772372723,2026-03-01T13:45:23+00:00,0.72,clob_prices_history
96773953960313048340895711765817431775606353405814859249629785260485292633238,0x6397f084bcee3390e92b0a4f8d0f1fa23ddabad1668c4a6783f5643564f646d6,1772373628,2026-03-01T14:00:28+00:00,0.72,clob_prices_history
96773953960313048340895711765817431775606353405814859249629785260485292633238,0x6397f084bcee3390e92b0a4f8d0f1fa23ddabad1668c4a6783f5643564f646d6,1772374525,2026-03-01T14:15:25+00:00,0.725,clob_prices_history
96773953960313048340895711765817431775606353405814859249629785260485292633238,0x6397f084bcee3390e92b0a4f8d0f1fa23ddabad1668c4a6783f5643564f646d6,1772375437,2026-03-01T14:30:37+00:00,0.745,clob_prices_history
96773953960313048340895711765817431775606353405814859249629785260485292633238,0x6397f084bcee3390e92b0a4f8d0f1fa23ddabad1668c4a6783f5643564f646d6,1772376324,2026-03-01T14:45:24+00:00,0.75,clob_prices_history
96773953960313048340895711765817431775606353405814859249629785260485292633238,0x6397f084bcee3390e92b0a4f8d0f1fa23ddabad1668c4a6783f5643564f646d6,1772377232,2026-03-01T15:00:32+00:00,0.75,clob_prices_history
96773953960313048340895711765817431775606353405814859249629785260485292633238,0x6397f084bcee3390e92b0a4f8d0f1fa23ddabad1668c4a6783f5643564f646d6,1772378127,2026-03-01T15:15:27+00:00,0.75,clob_prices_history
96773953960313048340895711765817431775606353405814859249629785260485292633238,0x6397f084bcee3390e92b0a4f8d0f1fa23ddabad1668c4a6783f5643564f646d6,1772379034,2026-03-01T15:30:34+00:00,0.83,clob_prices_history
96773953960313048340895711765817431775606353405814859249629785260485292633238,0x6397f084bcee3390e92b0a4f8d0f1fa23ddabad1668c4a6783f5643564f646d6,1772379926,2026-03-01T15:45:26+00:00,0.83,clob_prices_history
96773953960313048340895711765817431775606353405814859249629785260485292633238,0x6397f084bcee3390e92b0a4f8d0f1fa23ddabad1668c4a6783f5643564f646d6,1772380828,2026-03-01T16:00:28+00:00,0.845,clob_prices_history
96773953960313048340895711765817431775606353405814859249629785260485292633238,0x6397f084bcee3390e92b0a4f8d0f1fa23ddabad1668c4a6783f5643564f646d6,1772381736,2026-03-01T16:15:36+00:00,0.845,clob_prices_history
96773953960313048340895711765817431775606353405814859249629785260485292633238,0x6397f084bcee3390e92b0a4f8d0f1fa23ddabad1668c4a6783f5643564f646d6,1772382627,2026-03-01T16:30:27+00:00,0.845,clob_prices_history
96773953960313048340895711765817431775606353405814859249629785260485292633238,0x6397f084bcee3390e92b0a4f8d0f1fa23ddabad1668c4a6783f5643564f646d6,1772383524,2026-03-01T16:45:24+00:00,0.845,clob_prices_history
96773953960313048340895711765817431775606353405814859249629785260485292633238,0x6397f084bcee3390e92b0a4f8d0f1fa23ddabad1668c4a6783f5643564f646d6,1772384424,2026-03-01T17:00:24+00:00,0.845,clob_prices_history
96773953960313048340895711765817431775606353405814859249629785260485292633238,0x6397f084bcee3390e92b0a4f8d0f1fa23ddabad1668c4a6783f5643564f646d6,1772385323,2026-03-01T17:15:23+00:00,0.855,clob_prices_history
96773953960313048340895711765817431775606353405814859249629785260485292633238,0x6397f084bcee3390e92b0a4f8d0f1fa23ddabad1668c4a6783f5643564f646d6,1772386227,2026-03-01T17:30:27+00:00,0.89,clob_prices_history
96773953960313048340895711765817431775606353405814859249629785260485292633238,0x6397f084bcee3390e92b0a4f8d0f1fa23ddabad1668c4a6783f5643564f646d6,1772387123,2026-03-01T17:45:23+00:00,0.89,clob_prices_history
96773953960313048340895711765817431775606353405814859249629785260485292633238,0x6397f084bcee3390e92b0a4f8d0f1fa23ddabad1668c4a6783f5643564f646d6,1772388027,2026-03-01T18:00:27+00:00,0.89,clob_prices_history
96773953960313048340895711765817431775606353405814859249629785260485292633238,0x6397f084bcee3390e92b0a4f8d0f1fa23ddabad1668c4a6783f5643564f646d6,1772388924,2026-03-01T18:15:24+00:00,0.89,clob_prices_history
96773953960313048340895711765817431775606353405814859249629785260485292633238,0x6397f084bcee3390e92b0a4f8d0f1fa23ddabad1668c4a6783f5643564f646d6,1772389826,2026-03-01T18:30:26+00:00,0.895,clob_prices_history
96773953960313048340895711765817431775606353405814859249629785260485292633238,0x6397f084bcee3390e92b0a4f8d0f1fa23ddabad1668c4a6783f5643564f646d6,1772390725,2026-03-01T18:45:25+00:00,0.9,clob_prices_history
96773953960313048340895711765817431775606353405814859249629785260485292633238,0x6397f084bcee3390e92b0a4f8d0f1fa23ddabad1668c4a6783f5643564f646d6,1772391625,2026-03-01T19:00:25+00:00,0.9,clob_prices_history
96773953960313048340895711765817431775606353405814859249629785260485292633238,0x6397f084bcee3390e92b0a4f8d0f1fa23ddabad1668c4a6783f5643564f646d6,1772392523,2026-03-01T19:15:23+00:00,0.9,clob_prices_history
96773953960313048340895711765817431775606353405814859249629785260485292633238,0x6397f084bcee3390e92b0a4f8d0f1fa23ddabad1668c4a6783f5643564f646d6,1772393436,2026-03-01T19:30:36+00:00,0.9,clob_prices_history
96773953960313048340895711765817431775606353405814859249629785260485292633238,0x6397f084bcee3390e92b0a4f8d0f1fa23ddabad1668c4a6783f5643564f646d6,1772394324,2026-03-01T19:45:24+00:00,0.9,clob_prices_history
96773953960313048340895711765817431775606353405814859249629785260485292633238,0x6397f084bcee3390e92b0a4f8d0f1fa23ddabad1668c4a6783f5643564f646d6,1772395226,2026-03-01T20:00:26+00:00,0.9,clob_prices_history
96773953960313048340895711765817431775606353405814859249629785260485292633238,0x6397f084bcee3390e92b0a4f8d0f1fa23ddabad1668c4a6783f5643564f646d6,1772396125,2026-03-01T20:15:25+00:00,0.9,clob_prices_history
96773953960313048340895711765817431775606353405814859249629785260485292633238,0x6397f084bcee3390e92b0a4f8d0f1fa23ddabad1668c4a6783f5643564f646d6,1772397026,2026-03-01T20:30:26+00:00,0.9,clob_prices_history
96773953960313048340895711765817431775606353405814859249629785260485292633238,0x6397f084bcee3390e92b0a4f8d0f1fa23ddabad1668c4a6783f5643564f646d6,1772397925,2026-03-01T20:45:25+00:00,0.9,clob_prices_history
96773953960313048340895711765817431775606353405814859249629785260485292633238,0x6397f084bcee3390e92b0a4f8d0f1fa23ddabad1668c4a6783f5643564f646d6,1772398832,2026-03-01T21:00:32+00:00,0.9,clob_prices_history
96773953960313048340895711765817431775606353405814859249629785260485292633238,0x6397f084bcee3390e92b0a4f8d0f1fa23ddabad1668c4a6783f5643564f646d6,1772399726,2026-03-01T21:15:26+00:00,0.9,clob_prices_history
96773953960313048340895711765817431775606353405814859249629785260485292633238,0x6397f084bcee3390e92b0a4f8d0f1fa23ddabad1668c4a6783f5643564f646d6,1772400641,2026-03-01T21:30:41+00:00,0.9,clob_prices_history
96773953960313048340895711765817431775606353405814859249629785260485292633238,0x6397f084bcee3390e92b0a4f8d0f1fa23ddabad1668c4a6783f5643564f646d6,1772401524,2026-03-01T21:45:24+00:00,0.9,clob_prices_history
96773953960313048340895711765817431775606353405814859249629785260485292633238,0x6397f084bcee3390e92b0a4f8d0f1fa23ddabad1668c4a6783f5643564f646d6,1772402427,2026-03-01T22:00:27+00:00,0.9,clob_prices_history
96773953960313048340895711765817431775606353405814859249629785260485292633238,0x6397f084bcee3390e92b0a4f8d0f1fa23ddabad1668c4a6783f5643564f646d6,1772403324,2026-03-01T22:15:24+00:00,0.9,clob_prices_history
96773953960313048340895711765817431775606353405814859249629785260485292633238,0x6397f084bcee3390e92b0a4f8d0f1fa23ddabad1668c4a6783f5643564f646d6,1772404224,2026-03-01T22:30:24+00:00,0.9,clob_prices_history
96773953960313048340895711765817431775606353405814859249629785260485292633238,0x6397f084bcee3390e92b0a4f8d0f1fa23ddabad1668c4a6783f5643564f646d6,1772405123,2026-03-01T22:45:23+00:00,0.9,clob_prices_history
96773953960313048340895711765817431775606353405814859249629785260485292633238,0x6397f084bcee3390e92b0a4f8d0f1fa23ddabad1668c4a6783f5643564f646d6,1772406024,2026-03-01T23:00:24+00:00,0.925,clob_prices_history
96773953960313048340895711765817431775606353405814859249629785260485292633238,0x6397f084bcee3390e92b0a4f8d0f1fa23ddabad1668c4a6783f5643564f646d6,1772406934,2026-03-01T23:15:34+00:00,0.925,clob_prices_history
96773953960313048340895711765817431775606353405814859249629785260485292633238,0x6397f084bcee3390e92b0a4f8d0f1fa23ddabad1668c4a6783f5643564f646d6,1772407824,2026-03-01T23:30:24+00:00,0.935,clob_prices_history
96773953960313048340895711765817431775606353405814859249629785260485292633238,0x6397f084bcee3390e92b0a4f8d0f1fa23ddabad1668c4a6783f5643564f646d6,1772408722,2026-03-01T23:45:22+00:00,0.935,clob_prices_history
96773953960313048340895711765817431775606353405814859249629785260485292633238,0x6397f084bcee3390e92b0a4f8d0f1fa23ddabad1668c4a6783f5643564f646d6,1772409643,2026-03-02T00:00:43+00:00,0.935,clob_prices_history
96773953960313048340895711765817431775606353405814859249629785260485292633238,0x6397f084bcee3390e92b0a4f8d0f1fa23ddabad1668c4a6783f5643564f646d6,1772410525,2026-03-02T00:15:25+00:00,0.935,clob_prices_history
96773953960313048340895711765817431775606353405814859249629785260485292633238,0x6397f084bcee3390e92b0a4f8d0f1fa23ddabad1668c4a6783f5643564f646d6,1772411425,2026-03-02T00:30:25+00:00,0.935,clob_prices_history
96773953960313048340895711765817431775606353405814859249629785260485292633238,0x6397f084bcee3390e92b0a4f8d0f1fa23ddabad1668c4a6783f5643564f646d6,1772412327,2026-03-02T00:45:27+00:00,0.935,clob_prices_history
96773953960313048340895711765817431775606353405814859249629785260485292633238,0x6397f084bcee3390e92b0a4f8d0f1fa23ddabad1668c4a6783f5643564f646d6,1772413224,2026-03-02T01:00:24+00:00,0.935,clob_prices_history
96773953960313048340895711765817431775606353405814859249629785260485292633238,0x6397f084bcee3390e92b0a4f8d0f1fa23ddabad1668c4a6783f5643564f646d6,1772414123,2026-03-02T01:15:23+00:00,0.935,clob_prices_history
96773953960313048340895711765817431775606353405814859249629785260485292633238,0x6397f084bcee3390e92b0a4f8d0f1fa23ddabad1668c4a6783f5643564f646d6,1772415026,2026-03-02T01:30:26+00:00,0.935,clob_prices_history
96773953960313048340895711765817431775606353405814859249629785260485292633238,0x6397f084bcee3390e92b0a4f8d0f1fa23ddabad1668c4a6783f5643564f646d6,1772415923,2026-03-02T01:45:23+00:00,0.935,clob_prices_history
96773953960313048340895711765817431775606353405814859249629785260485292633238,0x6397f084bcee3390e92b0a4f8d0f1fa23ddabad1668c4a6783f5643564f646d6,1772416824,2026-03-02T02:00:24+00:00,0.935,clob_prices_history
96773953960313048340895711765817431775606353405814859249629785260485292633238,0x6397f084bcee3390e92b0a4f8d0f1fa23ddabad1668c4a6783f5643564f646d6,1772417721,2026-03-02T02:15:21+00:00,0.945,clob_prices_history
96773953960313048340895711765817431775606353405814859249629785260485292633238,0x6397f084bcee3390e92b0a4f8d0f1fa23ddabad1668c4a6783f5643564f646d6,1772418624,2026-03-02T02:30:24+00:00,0.945,clob_prices_history
96773953960313048340895711765817431775606353405814859249629785260485292633238,0x6397f084bcee3390e92b0a4f8d0f1fa23ddabad1668c4a6783f5643564f646d6,1772419523,2026-03-02T02:45:23+00:00,0.945,clob_prices_history
96773953960313048340895711765817431775606353405814859249629785260485292633238,0x6397f084bcee3390e92b0a4f8d0f1fa23ddabad1668c4a6783f5643564f646d6,1772420428,2026-03-02T03:00:28+00:00,0.945,clob_prices_history
96773953960313048340895711765817431775606353405814859249629785260485292633238,0x6397f084bcee3390e92b0a4f8d0f1fa23ddabad1668c4a6783f5643564f646d6,1772421321,2026-03-02T03:15:21+00:00,0.945,clob_prices_history
96773953960313048340895711765817431775606353405814859249629785260485292633238,0x6397f084bcee3390e92b0a4f8d0f1fa23ddabad1668c4a6783f5643564f646d6,1772422223,2026-03-02T03:30:23+00:00,0.945,clob_prices_history
96773953960313048340895711765817431775606353405814859249629785260485292633238,0x6397f084bcee3390e92b0a4f8d0f1fa23ddabad1668c4a6783f5643564f646d6,1772423120,2026-03-02T03:45:20+00:00,0.945,clob_prices_history
96773953960313048340895711765817431775606353405814859249629785260485292633238,0x6397f084bcee3390e92b0a4f8d0f1fa23ddabad1668c4a6783f5643564f646d6,1772424023,2026-03-02T04:00:23+00:00,0.945,clob_prices_history
96773953960313048340895711765817431775606353405814859249629785260485292633238,0x6397f084bcee3390e92b0a4f8d0f1fa23ddabad1668c4a6783f5643564f646d6,1772424921,2026-03-02T04:15:21+00:00,0.945,clob_prices_history
96773953960313048340895711765817431775606353405814859249629785260485292633238,0x6397f084bcee3390e92b0a4f8d0f1fa23ddabad1668c4a6783f5643564f646d6,1772425824,2026-03-02T04:30:24+00:00,0.945,clob_prices_history
96773953960313048340895711765817431775606353405814859249629785260485292633238,0x6397f084bcee3390e92b0a4f8d0f1fa23ddabad1668c4a6783f5643564f646d6,1772426722,2026-03-02T04:45:22+00:00,0.945,clob_prices_history
96773953960313048340895711765817431775606353405814859249629785260485292633238,0x6397f084bcee3390e92b0a4f8d0f1fa23ddabad1668c4a6783f5643564f646d6,1772427622,2026-03-02T05:00:22+00:00,0.945,clob_prices_history
96773953960313048340895711765817431775606353405814859249629785260485292633238,0x6397f084bcee3390e92b0a4f8d0f1fa23ddabad1668c4a6783f5643564f646d6,1772428520,2026-03-02T05:15:20+00:00,0.945,clob_prices_history
96773953960313048340895711765817431775606353405814859249629785260485292633238,0x6397f084bcee3390e92b0a4f8d0f1fa23ddabad1668c4a6783f5643564f646d6,1772429430,2026-03-02T05:30:30+00:00,0.945,clob_prices_history
96773953960313048340895711765817431775606353405814859249629785260485292633238,0x6397f084bcee3390e92b0a4f8d0f1fa23ddabad1668c4a6783f5643564f646d6,1772430322,2026-03-02T05:45:22+00:00,0.945,clob_prices_history
96773953960313048340895711765817431775606353405814859249629785260485292633238,0x6397f084bcee3390e92b0a4f8d0f1fa23ddabad1668c4a6783f5643564f646d6,1772431223,2026-03-02T06:00:23+00:00,0.945,clob_prices_history
96773953960313048340895711765817431775606353405814859249629785260485292633238,0x6397f084bcee3390e92b0a4f8d0f1fa23ddabad1668c4a6783f5643564f646d6,1772432119,2026-03-02T06:15:19+00:00,0.945,clob_prices_history
96773953960313048340895711765817431775606353405814859249629785260485292633238,0x6397f084bcee3390e92b0a4f8d0f1fa23ddabad1668c4a6783f5643564f646d6,1772433023,2026-03-02T06:30:23+00:00,0.945,clob_prices_history
96773953960313048340895711765817431775606353405814859249629785260485292633238,0x6397f084bcee3390e92b0a4f8d0f1fa23ddabad1668c4a6783f5643564f646d6,1772433922,2026-03-02T06:45:22+00:00,0.945,clob_prices_history
96773953960313048340895711765817431775606353405814859249629785260485292633238,0x6397f084bcee3390e92b0a4f8d0f1fa23ddabad1668c4a6783f5643564f646d6,1772434822,2026-03-02T07:00:22+00:00,0.945,clob_prices_history
96773953960313048340895711765817431775606353405814859249629785260485292633238,0x6397f084bcee3390e92b0a4f8d0f1fa23ddabad1668c4a6783f5643564f646d6,1772435720,2026-03-02T07:15:20+00:00,0.945,clob_prices_history
96773953960313048340895711765817431775606353405814859249629785260485292633238,0x6397f084bcee3390e92b0a4f8d0f1fa23ddabad1668c4a6783f5643564f646d6,1772436623,2026-03-02T07:30:23+00:00,0.945,clob_prices_history
96773953960313048340895711765817431775606353405814859249629785260485292633238,0x6397f084bcee3390e92b0a4f8d0f1fa23ddabad1668c4a6783f5643564f646d6,1772437521,2026-03-02T07:45:21+00:00,0.945,clob_prices_history
96773953960313048340895711765817431775606353405814859249629785260485292633238,0x6397f084bcee3390e92b0a4f8d0f1fa23ddabad1668c4a6783f5643564f646d6,1772438423,2026-03-02T08:00:23+00:00,0.945,clob_prices_history
96773953960313048340895711765817431775606353405814859249629785260485292633238,0x6397f084bcee3390e92b0a4f8d0f1fa23ddabad1668c4a6783f5643564f646d6,1772439320,2026-03-02T08:15:20+00:00,0.945,clob_prices_history
96773953960313048340895711765817431775606353405814859249629785260485292633238,0x6397f084bcee3390e92b0a4f8d0f1fa23ddabad1668c4a6783f5643564f646d6,1772440222,2026-03-02T08:30:22+00:00,0.945,clob_prices_history
96773953960313048340895711765817431775606353405814859249629785260485292633238,0x6397f084bcee3390e92b0a4f8d0f1fa23ddabad1668c4a6783f5643564f646d6,1772441130,2026-03-02T08:45:30+00:00,0.945,clob_prices_history
96773953960313048340895711765817431775606353405814859249629785260485292633238,0x6397f084bcee3390e92b0a4f8d0f1fa23ddabad1668c4a6783f5643564f646d6,1772442026,2026-03-02T09:00:26+00:00,0.945,clob_prices_history
96773953960313048340895711765817431775606353405814859249629785260485292633238,0x6397f084bcee3390e92b0a4f8d0f1fa23ddabad1668c4a6783f5643564f646d6,1772442924,2026-03-02T09:15:24+00:00,0.945,clob_prices_history
96773953960313048340895711765817431775606353405814859249629785260485292633238,0x6397f084bcee3390e92b0a4f8d0f1fa23ddabad1668c4a6783f5643564f646d6,1772443823,2026-03-02T09:30:23+00:00,0.945,clob_prices_history
96773953960313048340895711765817431775606353405814859249629785260485292633238,0x6397f084bcee3390e92b0a4f8d0f1fa23ddabad1668c4a6783f5643564f646d6,1772444720,2026-03-02T09:45:20+00:00,0.945,clob_prices_history
96773953960313048340895711765817431775606353405814859249629785260485292633238,0x6397f084bcee3390e92b0a4f8d0f1fa23ddabad1668c4a6783f5643564f646d6,1772445623,2026-03-02T10:00:23+00:00,0.945,clob_prices_history
96773953960313048340895711765817431775606353405814859249629785260485292633238,0x6397f084bcee3390e92b0a4f8d0f1fa23ddabad1668c4a6783f5643564f646d6,1772446522,2026-03-02T10:15:22+00:00,0.945,clob_prices_history
96773953960313048340895711765817431775606353405814859249629785260485292633238,0x6397f084bcee3390e92b0a4f8d0f1fa23ddabad1668c4a6783f5643564f646d6,1772447424,2026-03-02T10:30:24+00:00,0.945,clob_prices_history
96773953960313048340895711765817431775606353405814859249629785260485292633238,0x6397f084bcee3390e92b0a4f8d0f1fa23ddabad1668c4a6783f5643564f646d6,1772448321,2026-03-02T10:45:21+00:00,0.945,clob_prices_history
96773953960313048340895711765817431775606353405814859249629785260485292633238,0x6397f084bcee3390e92b0a4f8d0f1fa23ddabad1668c4a6783f5643564f646d6,1772449222,2026-03-02T11:00:22+00:00,0.945,clob_prices_history
96773953960313048340895711765817431775606353405814859249629785260485292633238,0x6397f084bcee3390e92b0a4f8d0f1fa23ddabad1668c4a6783f5643564f646d6,1772450122,2026-03-02T11:15:22+00:00,0.945,clob_prices_history
96773953960313048340895711765817431775606353405814859249629785260485292633238,0x6397f084bcee3390e92b0a4f8d0f1fa23ddabad1668c4a6783f5643564f646d6,1772451024,2026-03-02T11:30:24+00:00,0.945,clob_prices_history
96773953960313048340895711765817431775606353405814859249629785260485292633238,0x6397f084bcee3390e92b0a4f8d0f1fa23ddabad1668c4a6783f5643564f646d6,1772451920,2026-03-02T11:45:20+00:00,0.945,clob_prices_history
96773953960313048340895711765817431775606353405814859249629785260485292633238,0x6397f084bcee3390e92b0a4f8d0f1fa23ddabad1668c4a6783f5643564f646d6,1772452833,2026-03-02T12:00:33+00:00,0.95,clob_prices_history
96773953960313048340895711765817431775606353405814859249629785260485292633238,0x6397f084bcee3390e92b0a4f8d0f1fa23ddabad1668c4a6783f5643564f646d6,1772453723,2026-03-02T12:15:23+00:00,0.955,clob_prices_history
96773953960313048340895711765817431775606353405814859249629785260485292633238,0x6397f084bcee3390e92b0a4f8d0f1fa23ddabad1668c4a6783f5643564f646d6,1772454638,2026-03-02T12:30:38+00:00,0.955,clob_prices_history
96773953960313048340895711765817431775606353405814859249629785260485292633238,0x6397f084bcee3390e92b0a4f8d0f1fa23ddabad1668c4a6783f5643564f646d6,1772455521,2026-03-02T12:45:21+00:00,0.955,clob_prices_history
96773953960313048340895711765817431775606353405814859249629785260485292633238,0x6397f084bcee3390e92b0a4f8d0f1fa23ddabad1668c4a6783f5643564f646d6,1772456424,2026-03-02T13:00:24+00:00,0.955,clob_prices_history
96773953960313048340895711765817431775606353405814859249629785260485292633238,0x6397f084bcee3390e92b0a4f8d0f1fa23ddabad1668c4a6783f5643564f646d6,1772457322,2026-03-02T13:15:22+00:00,0.965,clob_prices_history
96773953960313048340895711765817431775606353405814859249629785260485292633238,0x6397f084bcee3390e92b0a4f8d0f1fa23ddabad1668c4a6783f5643564f646d6,1772458224,2026-03-02T13:30:24+00:00,0.965,clob_prices_history
96773953960313048340895711765817431775606353405814859249629785260485292633238,0x6397f084bcee3390e92b0a4f8d0f1fa23ddabad1668c4a6783f5643564f646d6,1772459124,2026-03-02T13:45:24+00:00,0.965,clob_prices_history
96773953960313048340895711765817431775606353405814859249629785260485292633238,0x6397f084bcee3390e92b0a4f8d0f1fa23ddabad1668c4a6783f5643564f646d6,1772460025,2026-03-02T14:00:25+00:00,0.965,clob_prices_history
96773953960313048340895711765817431775606353405814859249629785260485292633238,0x6397f084bcee3390e92b0a4f8d0f1fa23ddabad1668c4a6783f5643564f646d6,1772460921,2026-03-02T14:15:21+00:00,0.965,clob_prices_history
96773953960313048340895711765817431775606353405814859249629785260485292633238,0x6397f084bcee3390e92b0a4f8d0f1fa23ddabad1668c4a6783f5643564f646d6,1772461826,2026-03-02T14:30:26+00:00,0.965,clob_prices_history
96773953960313048340895711765817431775606353405814859249629785260485292633238,0x6397f084bcee3390e92b0a4f8d0f1fa23ddabad1668c4a6783f5643564f646d6,1772462722,2026-03-02T14:45:22+00:00,0.975,clob_prices_history
96773953960313048340895711765817431775606353405814859249629785260485292633238,0x6397f084bcee3390e92b0a4f8d0f1fa23ddabad1668c4a6783f5643564f646d6,1772463641,2026-03-02T15:00:41+00:00,0.965,clob_prices_history
96773953960313048340895711765817431775606353405814859249629785260485292633238,0x6397f084bcee3390e92b0a4f8d0f1fa23ddabad1668c4a6783f5643564f646d6,1772464526,2026-03-02T15:15:26+00:00,0.965,clob_prices_history
96773953960313048340895711765817431775606353405814859249629785260485292633238,0x6397f084bcee3390e92b0a4f8d0f1fa23ddabad1668c4a6783f5643564f646d6,1772465439,2026-03-02T15:30:39+00:00,0.965,clob_prices_history
96773953960313048340895711765817431775606353405814859249629785260485292633238,0x6397f084bcee3390e92b0a4f8d0f1fa23ddabad1668c4a6783f5643564f646d6,1772466335,2026-03-02T15:45:35+00:00,0.965,clob_prices_history
96773953960313048340895711765817431775606353405814859249629785260485292633238,0x6397f084bcee3390e92b0a4f8d0f1fa23ddabad1668c4a6783f5643564f646d6,1772467225,2026-03-02T16:00:25+00:00,0.965,clob_prices_history
96773953960313048340895711765817431775606353405814859249629785260485292633238,0x6397f084bcee3390e92b0a4f8d0f1fa23ddabad1668c4a6783f5643564f646d6,1772468123,2026-03-02T16:15:23+00:00,0.965,clob_prices_history
96773953960313048340895711765817431775606353405814859249629785260485292633238,0x6397f084bcee3390e92b0a4f8d0f1fa23ddabad1668c4a6783f5643564f646d6,1772469025,2026-03-02T16:30:25+00:00,0.965,clob_prices_history
96773953960313048340895711765817431775606353405814859249629785260485292633238,0x6397f084bcee3390e92b0a4f8d0f1fa23ddabad1668c4a6783f5643564f646d6,1772469922,2026-03-02T16:45:22+00:00,0.965,clob_prices_history
96773953960313048340895711765817431775606353405814859249629785260485292633238,0x6397f084bcee3390e92b0a4f8d0f1fa23ddabad1668c4a6783f5643564f646d6,1772470844,2026-03-02T17:00:44+00:00,0.965,clob_prices_history
96773953960313048340895711765817431775606353405814859249629785260485292633238,0x6397f084bcee3390e92b0a4f8d0f1fa23ddabad1668c4a6783f5643564f646d6,1772471722,2026-03-02T17:15:22+00:00,0.965,clob_prices_history
96773953960313048340895711765817431775606353405814859249629785260485292633238,0x6397f084bcee3390e92b0a4f8d0f1fa23ddabad1668c4a6783f5643564f646d6,1772472625,2026-03-02T17:30:25+00:00,0.965,clob_prices_history
96773953960313048340895711765817431775606353405814859249629785260485292633238,0x6397f084bcee3390e92b0a4f8d0f1fa23ddabad1668c4a6783f5643564f646d6,1772473524,2026-03-02T17:45:24+00:00,0.965,clob_prices_history
96773953960313048340895711765817431775606353405814859249629785260485292633238,0x6397f084bcee3390e92b0a4f8d0f1fa23ddabad1668c4a6783f5643564f646d6,1772474440,2026-03-02T18:00:40+00:00,0.965,clob_prices_history
96773953960313048340895711765817431775606353405814859249629785260485292633238,0x6397f084bcee3390e92b0a4f8d0f1fa23ddabad1668c4a6783f5643564f646d6,1772475324,2026-03-02T18:15:24+00:00,0.965,clob_prices_history
96773953960313048340895711765817431775606353405814859249629785260485292633238,0x6397f084bcee3390e92b0a4f8d0f1fa23ddabad1668c4a6783f5643564f646d6,1772476229,2026-03-02T18:30:29+00:00,0.965,clob_prices_history
96773953960313048340895711765817431775606353405814859249629785260485292633238,0x6397f084bcee3390e92b0a4f8d0f1fa23ddabad1668c4a6783f5643564f646d6,1772477122,2026-03-02T18:45:22+00:00,0.965,clob_prices_history
96773953960313048340895711765817431775606353405814859249629785260485292633238,0x6397f084bcee3390e92b0a4f8d0f1fa23ddabad1668c4a6783f5643564f646d6,1772478027,2026-03-02T19:00:27+00:00,0.965,clob_prices_history
96773953960313048340895711765817431775606353405814859249629785260485292633238,0x6397f084bcee3390e92b0a4f8d0f1fa23ddabad1668c4a6783f5643564f646d6,1772478922,2026-03-02T19:15:22+00:00,0.965,clob_prices_history
96773953960313048340895711765817431775606353405814859249629785260485292633238,0x6397f084bcee3390e92b0a4f8d0f1fa23ddabad1668c4a6783f5643564f646d6,1772479828,2026-03-02T19:30:28+00:00,0.965,clob_prices_history
96773953960313048340895711765817431775606353405814859249629785260485292633238,0x6397f084bcee3390e92b0a4f8d0f1fa23ddabad1668c4a6783f5643564f646d6,1772480723,2026-03-02T19:45:23+00:00,0.965,clob_prices_history
96773953960313048340895711765817431775606353405814859249629785260485292633238,0x6397f084bcee3390e92b0a4f8d0f1fa23ddabad1668c4a6783f5643564f646d6,1772481627,2026-03-02T20:00:27+00:00,0.965,clob_prices_history
96773953960313048340895711765817431775606353405814859249629785260485292633238,0x6397f084bcee3390e92b0a4f8d0f1fa23ddabad1668c4a6783f5643564f646d6,1772482523,2026-03-02T20:15:23+00:00,0.965,clob_prices_history
96773953960313048340895711765817431775606353405814859249629785260485292633238,0x6397f084bcee3390e92b0a4f8d0f1fa23ddabad1668c4a6783f5643564f646d6,1772483425,2026-03-02T20:30:25+00:00,0.93,clob_prices_history
96773953960313048340895711765817431775606353405814859249629785260485292633238,0x6397f084bcee3390e92b0a4f8d0f1fa23ddabad1668c4a6783f5643564f646d6,1772484324,2026-03-02T20:45:24+00:00,0.93,clob_prices_history
96773953960313048340895711765817431775606353405814859249629785260485292633238,0x6397f084bcee3390e92b0a4f8d0f1fa23ddabad1668c4a6783f5643564f646d6,1772485226,2026-03-02T21:00:26+00:00,0.93,clob_prices_history
96773953960313048340895711765817431775606353405814859249629785260485292633238,0x6397f084bcee3390e92b0a4f8d0f1fa23ddabad1668c4a6783f5643564f646d6,1772486125,2026-03-02T21:15:25+00:00,0.9435,clob_prices_history
96773953960313048340895711765817431775606353405814859249629785260485292633238,0x6397f084bcee3390e92b0a4f8d0f1fa23ddabad1668c4a6783f5643564f646d6,1772487025,2026-03-02T21:30:25+00:00,0.9305,clob_prices_history
96773953960313048340895711765817431775606353405814859249629785260485292633238,0x6397f084bcee3390e92b0a4f8d0f1fa23ddabad1668c4a6783f5643564f646d6,1772487923,2026-03-02T21:45:23+00:00,0.9325,clob_prices_history
96773953960313048340895711765817431775606353405814859249629785260485292633238,0x6397f084bcee3390e92b0a4f8d0f1fa23ddabad1668c4a6783f5643564f646d6,1772488826,2026-03-02T22:00:26+00:00,0.9305,clob_prices_history
96773953960313048340895711765817431775606353405814859249629785260485292633238,0x6397f084bcee3390e92b0a4f8d0f1fa23ddabad1668c4a6783f5643564f646d6,1772489725,2026-03-02T22:15:25+00:00,0.862,clob_prices_history
96773953960313048340895711765817431775606353405814859249629785260485292633238,0x6397f084bcee3390e92b0a4f8d0f1fa23ddabad1668c4a6783f5643564f646d6,1772490626,2026-03-02T22:30:26+00:00,0.866,clob_prices_history
96773953960313048340895711765817431775606353405814859249629785260485292633238,0x6397f084bcee3390e92b0a4f8d0f1fa23ddabad1668c4a6783f5643564f646d6,1772491536,2026-03-02T22:45:36+00:00,0.8965,clob_prices_history
96773953960313048340895711765817431775606353405814859249629785260485292633238,0x6397f084bcee3390e92b0a4f8d0f1fa23ddabad1668c4a6783f5643564f646d6,1772492423,2026-03-02T23:00:23+00:00,0.909,clob_prices_history
96773953960313048340895711765817431775606353405814859249629785260485292633238,0x6397f084bcee3390e92b0a4f8d0f1fa23ddabad1668c4a6783f5643564f646d6,1772493322,2026-03-02T23:15:22+00:00,0.909,clob_prices_history
96773953960313048340895711765817431775606353405814859249629785260485292633238,0x6397f084bcee3390e92b0a4f8d0f1fa23ddabad1668c4a6783f5643564f646d6,1772494235,2026-03-02T23:30:35+00:00,0.909,clob_prices_history
96773953960313048340895711765817431775606353405814859249629785260485292633238,0x6397f084bcee3390e92b0a4f8d0f1fa23ddabad1668c4a6783f5643564f646d6,1772495121,2026-03-02T23:45:21+00:00,0.909,clob_prices_history
96773953960313048340895711765817431775606353405814859249629785260485292633238,0x6397f084bcee3390e92b0a4f8d0f1fa23ddabad1668c4a6783f5643564f646d6,1772496032,2026-03-03T00:00:32+00:00,0.909,clob_prices_history
96773953960313048340895711765817431775606353405814859249629785260485292633238,0x6397f084bcee3390e92b0a4f8d0f1fa23ddabad1668c4a6783f5643564f646d6,1772496923,2026-03-03T00:15:23+00:00,0.909,clob_prices_history
96773953960313048340895711765817431775606353405814859249629785260485292633238,0x6397f084bcee3390e92b0a4f8d0f1fa23ddabad1668c4a6783f5643564f646d6,1772497827,2026-03-03T00:30:27+00:00,0.909,clob_prices_history
96773953960313048340895711765817431775606353405814859249629785260485292633238,0x6397f084bcee3390e92b0a4f8d0f1fa23ddabad1668c4a6783f5643564f646d6,1772498722,2026-03-03T00:45:22+00:00,0.909,clob_prices_history
96773953960313048340895711765817431775606353405814859249629785260485292633238,0x6397f084bcee3390e92b0a4f8d0f1fa23ddabad1668c4a6783f5643564f646d6,1772499624,2026-03-03T01:00:24+00:00,0.909,clob_prices_history
96773953960313048340895711765817431775606353405814859249629785260485292633238,0x6397f084bcee3390e92b0a4f8d0f1fa23ddabad1668c4a6783f5643564f646d6,1772500540,2026-03-03T01:15:40+00:00,0.909,clob_prices_history
96773953960313048340895711765817431775606353405814859249629785260485292633238,0x6397f084bcee3390e92b0a4f8d0f1fa23ddabad1668c4a6783f5643564f646d6,1772501427,2026-03-03T01:30:27+00:00,0.797,clob_prices_history
96773953960313048340895711765817431775606353405814859249629785260485292633238,0x6397f084bcee3390e92b0a4f8d0f1fa23ddabad1668c4a6783f5643564f646d6,1772502322,2026-03-03T01:45:22+00:00,0.7975,clob_prices_history
96773953960313048340895711765817431775606353405814859249629785260485292633238,0x6397f084bcee3390e92b0a4f8d0f1fa23ddabad1668c4a6783f5643564f646d6,1772503238,2026-03-03T02:00:38+00:00,0.798,clob_prices_history
96773953960313048340895711765817431775606353405814859249629785260485292633238,0x6397f084bcee3390e92b0a4f8d0f1fa23ddabad1668c4a6783f5643564f646d6,1772504123,2026-03-03T02:15:23+00:00,0.798,clob_prices_history
96773953960313048340895711765817431775606353405814859249629785260485292633238,0x6397f084bcee3390e92b0a4f8d0f1fa23ddabad1668c4a6783f5643564f646d6,1772505026,2026-03-03T02:30:26+00:00,0.7965,clob_prices_history
96773953960313048340895711765817431775606353405814859249629785260485292633238,0x6397f084bcee3390e92b0a4f8d0f1fa23ddabad1668c4a6783f5643564f646d6,1772505935,2026-03-03T02:45:35+00:00,0.7965,clob_prices_history
96773953960313048340895711765817431775606353405814859249629785260485292633238,0x6397f084bcee3390e92b0a4f8d0f1fa23ddabad1668c4a6783f5643564f646d6,1772506830,2026-03-03T03:00:30+00:00,0.7965,clob_prices_history
96773953960313048340895711765817431775606353405814859249629785260485292633238,0x6397f084bcee3390e92b0a4f8d0f1fa23ddabad1668c4a6783f5643564f646d6,1772507723,2026-03-03T03:15:23+00:00,0.7965,clob_prices_history
96773953960313048340895711765817431775606353405814859249629785260485292633238,0x6397f084bcee3390e92b0a4f8d0f1fa23ddabad1668c4a6783f5643564f646d6,1772508628,2026-03-03T03:30:28+00:00,0.797,clob_prices_history
96773953960313048340895711765817431775606353405814859249629785260485292633238,0x6397f084bcee3390e92b0a4f8d0f1fa23ddabad1668c4a6783f5643564f646d6,1772509524,2026-03-03T03:45:24+00:00,0.797,clob_prices_history
96773953960313048340895711765817431775606353405814859249629785260485292633238,0x6397f084bcee3390e92b0a4f8d0f1fa23ddabad1668c4a6783f5643564f646d6,1772510424,2026-03-03T04:00:24+00:00,0.7965,clob_prices_history
96773953960313048340895711765817431775606353405814859249629785260485292633238,0x6397f084bcee3390e92b0a4f8d0f1fa23ddabad1668c4a6783f5643564f646d6,1772511322,2026-03-03T04:15:22+00:00,0.7965,clob_prices_history
96773953960313048340895711765817431775606353405814859249629785260485292633238,0x6397f084bcee3390e92b0a4f8d0f1fa23ddabad1668c4a6783f5643564f646d6,1772512224,2026-03-03T04:30:24+00:00,0.796,clob_prices_history
96773953960313048340895711765817431775606353405814859249629785260485292633238,0x6397f084bcee3390e92b0a4f8d0f1fa23ddabad1668c4a6783f5643564f646d6,1772513122,2026-03-03T04:45:22+00:00,0.797,clob_prices_history
96773953960313048340895711765817431775606353405814859249629785260485292633238,0x6397f084bcee3390e92b0a4f8d0f1fa23ddabad1668c4a6783f5643564f646d6,1772514024,2026-03-03T05:00:24+00:00,0.7975,clob_prices_history
96773953960313048340895711765817431775606353405814859249629785260485292633238,0x6397f084bcee3390e92b0a4f8d0f1fa23ddabad1668c4a6783f5643564f646d6,1772514932,2026-03-03T05:15:32+00:00,0.8,clob_prices_history
96773953960313048340895711765817431775606353405814859249629785260485292633238,0x6397f084bcee3390e92b0a4f8d0f1fa23ddabad1668c4a6783f5643564f646d6,1772515826,2026-03-03T05:30:26+00:00,0.8,clob_prices_history
96773953960313048340895711765817431775606353405814859249629785260485292633238,0x6397f084bcee3390e92b0a4f8d0f1fa23ddabad1668c4a6783f5643564f646d6,1772516724,2026-03-03T05:45:24+00:00,0.8,clob_prices_history
96773953960313048340895711765817431775606353405814859249629785260485292633238,0x6397f084bcee3390e92b0a4f8d0f1fa23ddabad1668c4a6783f5643564f646d6,1772517627,2026-03-03T06:00:27+00:00,0.8,clob_prices_history
96773953960313048340895711765817431775606353405814859249629785260485292633238,0x6397f084bcee3390e92b0a4f8d0f1fa23ddabad1668c4a6783f5643564f646d6,1772518522,2026-03-03T06:15:22+00:00,0.8,clob_prices_history
96773953960313048340895711765817431775606353405814859249629785260485292633238,0x6397f084bcee3390e92b0a4f8d0f1fa23ddabad1668c4a6783f5643564f646d6,1772519444,2026-03-03T06:30:44+00:00,0.8,clob_prices_history
96773953960313048340895711765817431775606353405814859249629785260485292633238,0x6397f084bcee3390e92b0a4f8d0f1fa23ddabad1668c4a6783f5643564f646d6,1772520321,2026-03-03T06:45:21+00:00,0.8,clob_prices_history
96773953960313048340895711765817431775606353405814859249629785260485292633238,0x6397f084bcee3390e92b0a4f8d0f1fa23ddabad1668c4a6783f5643564f646d6,1772521226,2026-03-03T07:00:26+00:00,0.8,clob_prices_history
96773953960313048340895711765817431775606353405814859249629785260485292633238,0x6397f084bcee3390e92b0a4f8d0f1fa23ddabad1668c4a6783f5643564f646d6,1772522123,2026-03-03T07:15:23+00:00,0.8,clob_prices_history
96773953960313048340895711765817431775606353405814859249629785260485292633238,0x6397f084bcee3390e92b0a4f8d0f1fa23ddabad1668c4a6783f5643564f646d6,1772523024,2026-03-03T07:30:24+00:00,0.8,clob_prices_history
96773953960313048340895711765817431775606353405814859249629785260485292633238,0x6397f084bcee3390e92b0a4f8d0f1fa23ddabad1668c4a6783f5643564f646d6,1772523921,2026-03-03T07:45:21+00:00,0.8005,clob_prices_history
96773953960313048340895711765817431775606353405814859249629785260485292633238,0x6397f084bcee3390e92b0a4f8d0f1fa23ddabad1668c4a6783f5643564f646d6,1772524824,2026-03-03T08:00:24+00:00,0.8005,clob_prices_history
96773953960313048340895711765817431775606353405814859249629785260485292633238,0x6397f084bcee3390e92b0a4f8d0f1fa23ddabad1668c4a6783f5643564f646d6,1772525723,2026-03-03T08:15:23+00:00,0.8005,clob_prices_history
96773953960313048340895711765817431775606353405814859249629785260485292633238,0x6397f084bcee3390e92b0a4f8d0f1fa23ddabad1668c4a6783f5643564f646d6,1772526626,2026-03-03T08:30:26+00:00,0.801,clob_prices_history
96773953960313048340895711765817431775606353405814859249629785260485292633238,0x6397f084bcee3390e92b0a4f8d0f1fa23ddabad1668c4a6783f5643564f646d6,1772527525,2026-03-03T08:45:25+00:00,0.801,clob_prices_history
96773953960313048340895711765817431775606353405814859249629785260485292633238,0x6397f084bcee3390e92b0a4f8d0f1fa23ddabad1668c4a6783f5643564f646d6,1772528427,2026-03-03T09:00:27+00:00,0.7995,clob_prices_history
96773953960313048340895711765817431775606353405814859249629785260485292633238,0x6397f084bcee3390e92b0a4f8d0f1fa23ddabad1668c4a6783f5643564f646d6,1772529322,2026-03-03T09:15:22+00:00,0.7985,clob_prices_history
96773953960313048340895711765817431775606353405814859249629785260485292633238,0x6397f084bcee3390e92b0a4f8d0f1fa23ddabad1668c4a6783f5643564f646d6,1772530224,2026-03-03T09:30:24+00:00,0.797,clob_prices_history
96773953960313048340895711765817431775606353405814859249629785260485292633238,0x6397f084bcee3390e92b0a4f8d0f1fa23ddabad1668c4a6783f5643564f646d6,1772531123,2026-03-03T09:45:23+00:00,0.819,clob_prices_history
96773953960313048340895711765817431775606353405814859249629785260485292633238,0x6397f084bcee3390e92b0a4f8d0f1fa23ddabad1668c4a6783f5643564f646d6,1772532025,2026-03-03T10:00:25+00:00,0.819,clob_prices_history
96773953960313048340895711765817431775606353405814859249629785260485292633238,0x6397f084bcee3390e92b0a4f8d0f1fa23ddabad1668c4a6783f5643564f646d6,1772532926,2026-03-03T10:15:26+00:00,0.819,clob_prices_history
96773953960313048340895711765817431775606353405814859249629785260485292633238,0x6397f084bcee3390e92b0a4f8d0f1fa23ddabad1668c4a6783f5643564f646d6,1772533839,2026-03-03T10:30:39+00:00,0.819,clob_prices_history
96773953960313048340895711765817431775606353405814859249629785260485292633238,0x6397f084bcee3390e92b0a4f8d0f1fa23ddabad1668c4a6783f5643564f646d6,1772534724,2026-03-03T10:45:24+00:00,0.819,clob_prices_history
96773953960313048340895711765817431775606353405814859249629785260485292633238,0x6397f084bcee3390e92b0a4f8d0f1fa23ddabad1668c4a6783f5643564f646d6,1772535636,2026-03-03T11:00:36+00:00,0.819,clob_prices_history
96773953960313048340895711765817431775606353405814859249629785260485292633238,0x6397f084bcee3390e92b0a4f8d0f1fa23ddabad1668c4a6783f5643564f646d6,1772536526,2026-03-03T11:15:26+00:00,0.819,clob_prices_history
96773953960313048340895711765817431775606353405814859249629785260485292633238,0x6397f084bcee3390e92b0a4f8d0f1fa23ddabad1668c4a6783f5643564f646d6,1772537440,2026-03-03T11:30:40+00:00,0.819,clob_prices_history
96773953960313048340895711765817431775606353405814859249629785260485292633238,0x6397f084bcee3390e92b0a4f8d0f1fa23ddabad1668c4a6783f5643564f646d6,1772538324,2026-03-03T11:45:24+00:00,0.819,clob_prices_history
96773953960313048340895711765817431775606353405814859249629785260485292633238,0x6397f084bcee3390e92b0a4f8d0f1fa23ddabad1668c4a6783f5643564f646d6,1772539235,2026-03-03T12:00:35+00:00,0.819,clob_prices_history
96773953960313048340895711765817431775606353405814859249629785260485292633238,0x6397f084bcee3390e92b0a4f8d0f1fa23ddabad1668c4a6783f5643564f646d6,1772540136,2026-03-03T12:15:36+00:00,0.819,clob_prices_history
96773953960313048340895711765817431775606353405814859249629785260485292633238,0x6397f084bcee3390e92b0a4f8d0f1fa23ddabad1668c4a6783f5643564f646d6,1772541029,2026-03-03T12:30:29+00:00,0.819,clob_prices_history
96773953960313048340895711765817431775606353405814859249629785260485292633238,0x6397f084bcee3390e92b0a4f8d0f1fa23ddabad1668c4a6783f5643564f646d6,1772541922,2026-03-03T12:45:22+00:00,0.819,clob_prices_history
96773953960313048340895711765817431775606353405814859249629785260485292633238,0x6397f084bcee3390e92b0a4f8d0f1fa23ddabad1668c4a6783f5643564f646d6,1772542826,2026-03-03T13:00:26+00:00,0.819,clob_prices_history
96773953960313048340895711765817431775606353405814859249629785260485292633238,0x6397f084bcee3390e92b0a4f8d0f1fa23ddabad1668c4a6783f5643564f646d6,1772543734,2026-03-03T13:15:34+00:00,0.819,clob_prices_history
96773953960313048340895711765817431775606353405814859249629785260485292633238,0x6397f084bcee3390e92b0a4f8d0f1fa23ddabad1668c4a6783f5643564f646d6,1772544624,2026-03-03T13:30:24+00:00,0.819,clob_prices_history
96773953960313048340895711765817431775606353405814859249629785260485292633238,0x6397f084bcee3390e92b0a4f8d0f1fa23ddabad1668c4a6783f5643564f646d6,1772545524,2026-03-03T13:45:24+00:00,0.819,clob_prices_history
96773953960313048340895711765817431775606353405814859249629785260485292633238,0x6397f084bcee3390e92b0a4f8d0f1fa23ddabad1668c4a6783f5643564f646d6,1772546436,2026-03-03T14:00:36+00:00,0.819,clob_prices_history
96773953960313048340895711765817431775606353405814859249629785260485292633238,0x6397f084bcee3390e92b0a4f8d0f1fa23ddabad1668c4a6783f5643564f646d6,1772547325,2026-03-03T14:15:25+00:00,0.819,clob_prices_history
96773953960313048340895711765817431775606353405814859249629785260485292633238,0x6397f084bcee3390e92b0a4f8d0f1fa23ddabad1668c4a6783f5643564f646d6,1772548230,2026-03-03T14:30:30+00:00,0.819,clob_prices_history
96773953960313048340895711765817431775606353405814859249629785260485292633238,0x6397f084bcee3390e92b0a4f8d0f1fa23ddabad1668c4a6783f5643564f646d6,1772549124,2026-03-03T14:45:24+00:00,0.819,clob_prices_history
96773953960313048340895711765817431775606353405814859249629785260485292633238,0x6397f084bcee3390e92b0a4f8d0f1fa23ddabad1668c4a6783f5643564f646d6,1772550033,2026-03-03T15:00:33+00:00,0.819,clob_prices_history
96773953960313048340895711765817431775606353405814859249629785260485292633238,0x6397f084bcee3390e92b0a4f8d0f1fa23ddabad1668c4a6783f5643564f646d6,1772550925,2026-03-03T15:15:25+00:00,0.819,clob_prices_history
96773953960313048340895711765817431775606353405814859249629785260485292633238,0x6397f084bcee3390e92b0a4f8d0f1fa23ddabad1668c4a6783f5643564f646d6,1772551829,2026-03-03T15:30:29+00:00,0.819,clob_prices_history
96773953960313048340895711765817431775606353405814859249629785260485292633238,0x6397f084bcee3390e92b0a4f8d0f1fa23ddabad1668c4a6783f5643564f646d6,1772552723,2026-03-03T15:45:23+00:00,0.819,clob_prices_history
96773953960313048340895711765817431775606353405814859249629785260485292633238,0x6397f084bcee3390e92b0a4f8d0f1fa23ddabad1668c4a6783f5643564f646d6,1772553627,2026-03-03T16:00:27+00:00,0.8205,clob_prices_history
96773953960313048340895711765817431775606353405814859249629785260485292633238,0x6397f084bcee3390e92b0a4f8d0f1fa23ddabad1668c4a6783f5643564f646d6,1772554525,2026-03-03T16:15:25+00:00,0.8205,clob_prices_history
96773953960313048340895711765817431775606353405814859249629785260485292633238,0x6397f084bcee3390e92b0a4f8d0f1fa23ddabad1668c4a6783f5643564f646d6,1772555430,2026-03-03T16:30:30+00:00,0.8205,clob_prices_history
96773953960313048340895711765817431775606353405814859249629785260485292633238,0x6397f084bcee3390e92b0a4f8d0f1fa23ddabad1668c4a6783f5643564f646d6,1772556350,2026-03-03T16:45:50+00:00,0.8205,clob_prices_history
96773953960313048340895711765817431775606353405814859249629785260485292633238,0x6397f084bcee3390e92b0a4f8d0f1fa23ddabad1668c4a6783f5643564f646d6,1772557226,2026-03-03T17:00:26+00:00,0.8205,clob_prices_history
96773953960313048340895711765817431775606353405814859249629785260485292633238,0x6397f084bcee3390e92b0a4f8d0f1fa23ddabad1668c4a6783f5643564f646d6,1772558124,2026-03-03T17:15:24+00:00,0.8205,clob_prices_history
96773953960313048340895711765817431775606353405814859249629785260485292633238,0x6397f084bcee3390e92b0a4f8d0f1fa23ddabad1668c4a6783f5643564f646d6,1772559027,2026-03-03T17:30:27+00:00,0.8205,clob_prices_history
96773953960313048340895711765817431775606353405814859249629785260485292633238,0x6397f084bcee3390e92b0a4f8d0f1fa23ddabad1668c4a6783f5643564f646d6,1772559925,2026-03-03T17:45:25+00:00,0.8205,clob_prices_history
96773953960313048340895711765817431775606353405814859249629785260485292633238,0x6397f084bcee3390e92b0a4f8d0f1fa23ddabad1668c4a6783f5643564f646d6,1772560832,2026-03-03T18:00:32+00:00,0.8215,clob_prices_history
96773953960313048340895711765817431775606353405814859249629785260485292633238,0x6397f084bcee3390e92b0a4f8d0f1fa23ddabad1668c4a6783f5643564f646d6,1772561725,2026-03-03T18:15:25+00:00,0.8215,clob_prices_history
96773953960313048340895711765817431775606353405814859249629785260485292633238,0x6397f084bcee3390e92b0a4f8d0f1fa23ddabad1668c4a6783f5643564f646d6,1772562627,2026-03-03T18:30:27+00:00,0.8215,clob_prices_history
96773953960313048340895711765817431775606353405814859249629785260485292633238,0x6397f084bcee3390e92b0a4f8d0f1fa23ddabad1668c4a6783f5643564f646d6,1772563536,2026-03-03T18:45:36+00:00,0.8215,clob_prices_history
96773953960313048340895711765817431775606353405814859249629785260485292633238,0x6397f084bcee3390e92b0a4f8d0f1fa23ddabad1668c4a6783f5643564f646d6,1772564428,2026-03-03T19:00:28+00:00,0.8215,clob_prices_history
96773953960313048340895711765817431775606353405814859249629785260485292633238,0x6397f084bcee3390e92b0a4f8d0f1fa23ddabad1668c4a6783f5643564f646d6,1772565327,2026-03-03T19:15:27+00:00,0.8215,clob_prices_history
96773953960313048340895711765817431775606353405814859249629785260485292633238,0x6397f084bcee3390e92b0a4f8d0f1fa23ddabad1668c4a6783f5643564f646d6,1772566227,2026-03-03T19:30:27+00:00,0.8215,clob_prices_history
96773953960313048340895711765817431775606353405814859249629785260485292633238,0x6397f084bcee3390e92b0a4f8d0f1fa23ddabad1668c4a6783f5643564f646d6,1772567127,2026-03-03T19:45:27+00:00,0.8215,clob_prices_history
96773953960313048340895711765817431775606353405814859249629785260485292633238,0x6397f084bcee3390e92b0a4f8d0f1fa23ddabad1668c4a6783f5643564f646d6,1772568028,2026-03-03T20:00:28+00:00,0.8215,clob_prices_history
96773953960313048340895711765817431775606353405814859249629785260485292633238,0x6397f084bcee3390e92b0a4f8d0f1fa23ddabad1668c4a6783f5643564f646d6,1772568938,2026-03-03T20:15:38+00:00,0.8215,clob_prices_history
96773953960313048340895711765817431775606353405814859249629785260485292633238,0x6397f084bcee3390e92b0a4f8d0f1fa23ddabad1668c4a6783f5643564f646d6,1772569827,2026-03-03T20:30:27+00:00,0.8215,clob_prices_history
96773953960313048340895711765817431775606353405814859249629785260485292633238,0x6397f084bcee3390e92b0a4f8d0f1fa23ddabad1668c4a6783f5643564f646d6,1772570725,2026-03-03T20:45:25+00:00,0.8215,clob_prices_history
96773953960313048340895711765817431775606353405814859249629785260485292633238,0x6397f084bcee3390e92b0a4f8d0f1fa23ddabad1668c4a6783f5643564f646d6,1772571649,2026-03-03T21:00:49+00:00,0.9815,clob_prices_history
96773953960313048340895711765817431775606353405814859249629785260485292633238,0x6397f084bcee3390e92b0a4f8d0f1fa23ddabad1668c4a6783f5643564f646d6,1772572524,2026-03-03T21:15:24+00:00,0.9845,clob_prices_history
96773953960313048340895711765817431775606353405814859249629785260485292633238,0x6397f084bcee3390e92b0a4f8d0f1fa23ddabad1668c4a6783f5643564f646d6,1772573437,2026-03-03T21:30:37+00:00,0.9845,clob_prices_history
96773953960313048340895711765817431775606353405814859249629785260485292633238,0x6397f084bcee3390e92b0a4f8d0f1fa23ddabad1668c4a6783f5643564f646d6,1772574326,2026-03-03T21:45:26+00:00,0.984,clob_prices_history
96773953960313048340895711765817431775606353405814859249629785260485292633238,0x6397f084bcee3390e92b0a4f8d0f1fa23ddabad1668c4a6783f5643564f646d6,1772575227,2026-03-03T22:00:27+00:00,0.988,clob_prices_history
96773953960313048340895711765817431775606353405814859249629785260485292633238,0x6397f084bcee3390e92b0a4f8d0f1fa23ddabad1668c4a6783f5643564f646d6,1772576124,2026-03-03T22:15:24+00:00,0.9795,clob_prices_history
96773953960313048340895711765817431775606353405814859249629785260485292633238,0x6397f084bcee3390e92b0a4f8d0f1fa23ddabad1668c4a6783f5643564f646d6,1772577026,2026-03-03T22:30:26+00:00,0.9645,clob_prices_history
96773953960313048340895711765817431775606353405814859249629785260485292633238,0x6397f084bcee3390e92b0a4f8d0f1fa23ddabad1668c4a6783f5643564f646d6,1772577924,2026-03-03T22:45:24+00:00,0.9625,clob_prices_history
96773953960313048340895711765817431775606353405814859249629785260485292633238,0x6397f084bcee3390e92b0a4f8d0f1fa23ddabad1668c4a6783f5643564f646d6,1772578828,2026-03-03T23:00:28+00:00,0.958,clob_prices_history
96773953960313048340895711765817431775606353405814859249629785260485292633238,0x6397f084bcee3390e92b0a4f8d0f1fa23ddabad1668c4a6783f5643564f646d6,1772579737,2026-03-03T23:15:37+00:00,0.9675,clob_prices_history
96773953960313048340895711765817431775606353405814859249629785260485292633238,0x6397f084bcee3390e92b0a4f8d0f1fa23ddabad1668c4a6783f5643564f646d6,1772580627,2026-03-03T23:30:27+00:00,0.9675,clob_prices_history
96773953960313048340895711765817431775606353405814859249629785260485292633238,0x6397f084bcee3390e92b0a4f8d0f1fa23ddabad1668c4a6783f5643564f646d6,1772581527,2026-03-03T23:45:27+00:00,0.9675,clob_prices_history
96773953960313048340895711765817431775606353405814859249629785260485292633238,0x6397f084bcee3390e92b0a4f8d0f1fa23ddabad1668c4a6783f5643564f646d6,1772582435,2026-03-04T00:00:35+00:00,0.9665,clob_prices_history
96773953960313048340895711765817431775606353405814859249629785260485292633238,0x6397f084bcee3390e92b0a4f8d0f1fa23ddabad1668c4a6783f5643564f646d6,1772583326,2026-03-04T00:15:26+00:00,0.9665,clob_prices_history
96773953960313048340895711765817431775606353405814859249629785260485292633238,0x6397f084bcee3390e92b0a4f8d0f1fa23ddabad1668c4a6783f5643564f646d6,1772584226,2026-03-04T00:30:26+00:00,0.9665,clob_prices_history
96773953960313048340895711765817431775606353405814859249629785260485292633238,0x6397f084bcee3390e92b0a4f8d0f1fa23ddabad1668c4a6783f5643564f646d6,1772585125,2026-03-04T00:45:25+00:00,0.964,clob_prices_history
96773953960313048340895711765817431775606353405814859249629785260485292633238,0x6397f084bcee3390e92b0a4f8d0f1fa23ddabad1668c4a6783f5643564f646d6,1772586027,2026-03-04T01:00:27+00:00,0.9615,clob_prices_history
96773953960313048340895711765817431775606353405814859249629785260485292633238,0x6397f084bcee3390e92b0a4f8d0f1fa23ddabad1668c4a6783f5643564f646d6,1772586925,2026-03-04T01:15:25+00:00,0.9585,clob_prices_history
96773953960313048340895711765817431775606353405814859249629785260485292633238,0x6397f084bcee3390e92b0a4f8d0f1fa23ddabad1668c4a6783f5643564f646d6,1772587828,2026-03-04T01:30:28+00:00,0.958,clob_prices_history
96773953960313048340895711765817431775606353405814859249629785260485292633238,0x6397f084bcee3390e92b0a4f8d0f1fa23ddabad1668c4a6783f5643564f646d6,1772588725,2026-03-04T01:45:25+00:00,0.965,clob_prices_history
96773953960313048340895711765817431775606353405814859249629785260485292633238,0x6397f084bcee3390e92b0a4f8d0f1fa23ddabad1668c4a6783f5643564f646d6,1772589628,2026-03-04T02:00:28+00:00,0.9645,clob_prices_history
96773953960313048340895711765817431775606353405814859249629785260485292633238,0x6397f084bcee3390e92b0a4f8d0f1fa23ddabad1668c4a6783f5643564f646d6,1772590533,2026-03-04T02:15:33+00:00,0.9645,clob_prices_history
96773953960313048340895711765817431775606353405814859249629785260485292633238,0x6397f084bcee3390e92b0a4f8d0f1fa23ddabad1668c4a6783f5643564f646d6,1772591426,2026-03-04T02:30:26+00:00,0.9645,clob_prices_history
96773953960313048340895711765817431775606353405814859249629785260485292633238,0x6397f084bcee3390e92b0a4f8d0f1fa23ddabad1668c4a6783f5643564f646d6,1772592323,2026-03-04T02:45:23+00:00,0.9645,clob_prices_history
96773953960313048340895711765817431775606353405814859249629785260485292633238,0x6397f084bcee3390e92b0a4f8d0f1fa23ddabad1668c4a6783f5643564f646d6,1772593230,2026-03-04T03:00:30+00:00,0.9645,clob_prices_history
96773953960313048340895711765817431775606353405814859249629785260485292633238,0x6397f084bcee3390e92b0a4f8d0f1fa23ddabad1668c4a6783f5643564f646d6,1772594124,2026-03-04T03:15:24+00:00,0.965,clob_prices_history
96773953960313048340895711765817431775606353405814859249629785260485292633238,0x6397f084bcee3390e92b0a4f8d0f1fa23ddabad1668c4a6783f5643564f646d6,1772595027,2026-03-04T03:30:27+00:00,0.968,clob_prices_history
96773953960313048340895711765817431775606353405814859249629785260485292633238,0x6397f084bcee3390e92b0a4f8d0f1fa23ddabad1668c4a6783f5643564f646d6,1772595925,2026-03-04T03:45:25+00:00,0.964,clob_prices_history
96773953960313048340895711765817431775606353405814859249629785260485292633238,0x6397f084bcee3390e92b0a4f8d0f1fa23ddabad1668c4a6783f5643564f646d6,1772596827,2026-03-04T04:00:27+00:00,0.9635,clob_prices_history
96773953960313048340895711765817431775606353405814859249629785260485292633238,0x6397f084bcee3390e92b0a4f8d0f1fa23ddabad1668c4a6783f5643564f646d6,1772597724,2026-03-04T04:15:24+00:00,0.9695,clob_prices_history
96773953960313048340895711765817431775606353405814859249629785260485292633238,0x6397f084bcee3390e92b0a4f8d0f1fa23ddabad1668c4a6783f5643564f646d6,1772598626,2026-03-04T04:30:26+00:00,0.9685,clob_prices_history
96773953960313048340895711765817431775606353405814859249629785260485292633238,0x6397f084bcee3390e92b0a4f8d0f1fa23ddabad1668c4a6783f5643564f646d6,1772599525,2026-03-04T04:45:25+00:00,0.9645,clob_prices_history
96773953960313048340895711765817431775606353405814859249629785260485292633238,0x6397f084bcee3390e92b0a4f8d0f1fa23ddabad1668c4a6783f5643564f646d6,1772600425,2026-03-04T05:00:25+00:00,0.9615,clob_prices_history
96773953960313048340895711765817431775606353405814859249629785260485292633238,0x6397f084bcee3390e92b0a4f8d0f1fa23ddabad1668c4a6783f5643564f646d6,1772601323,2026-03-04T05:15:23+00:00,0.9635,clob_prices_history
96773953960313048340895711765817431775606353405814859249629785260485292633238,0x6397f084bcee3390e92b0a4f8d0f1fa23ddabad1668c4a6783f5643564f646d6,1772602227,2026-03-04T05:30:27+00:00,0.962,clob_prices_history
96773953960313048340895711765817431775606353405814859249629785260485292633238,0x6397f084bcee3390e92b0a4f8d0f1fa23ddabad1668c4a6783f5643564f646d6,1772603122,2026-03-04T05:45:22+00:00,0.963,clob_prices_history
96773953960313048340895711765817431775606353405814859249629785260485292633238,0x6397f084bcee3390e92b0a4f8d0f1fa23ddabad1668c4a6783f5643564f646d6,1772604030,2026-03-04T06:00:30+00:00,0.9625,clob_prices_history
96773953960313048340895711765817431775606353405814859249629785260485292633238,0x6397f084bcee3390e92b0a4f8d0f1fa23ddabad1668c4a6783f5643564f646d6,1772604925,2026-03-04T06:15:25+00:00,0.962,clob_prices_history
96773953960313048340895711765817431775606353405814859249629785260485292633238,0x6397f084bcee3390e92b0a4f8d0f1fa23ddabad1668c4a6783f5643564f646d6,1772605841,2026-03-04T06:30:41+00:00,0.962,clob_prices_history
96773953960313048340895711765817431775606353405814859249629785260485292633238,0x6397f084bcee3390e92b0a4f8d0f1fa23ddabad1668c4a6783f5643564f646d6,1772606724,2026-03-04T06:45:24+00:00,0.96,clob_prices_history
96773953960313048340895711765817431775606353405814859249629785260485292633238,0x6397f084bcee3390e92b0a4f8d0f1fa23ddabad1668c4a6783f5643564f646d6,1772607624,2026-03-04T07:00:24+00:00,0.96,clob_prices_history
96773953960313048340895711765817431775606353405814859249629785260485292633238,0x6397f084bcee3390e92b0a4f8d0f1fa23ddabad1668c4a6783f5643564f646d6,1772608536,2026-03-04T07:15:36+00:00,0.96,clob_prices_history
96773953960313048340895711765817431775606353405814859249629785260485292633238,0x6397f084bcee3390e92b0a4f8d0f1fa23ddabad1668c4a6783f5643564f646d6,1772609426,2026-03-04T07:30:26+00:00,0.9595,clob_prices_history
96773953960313048340895711765817431775606353405814859249629785260485292633238,0x6397f084bcee3390e92b0a4f8d0f1fa23ddabad1668c4a6783f5643564f646d6,1772610325,2026-03-04T07:45:25+00:00,0.9595,clob_prices_history
96773953960313048340895711765817431775606353405814859249629785260485292633238,0x6397f084bcee3390e92b0a4f8d0f1fa23ddabad1668c4a6783f5643564f646d6,1772611224,2026-03-04T08:00:24+00:00,0.96,clob_prices_history
96773953960313048340895711765817431775606353405814859249629785260485292633238,0x6397f084bcee3390e92b0a4f8d0f1fa23ddabad1668c4a6783f5643564f646d6,1772612124,2026-03-04T08:15:24+00:00,0.96,clob_prices_history
96773953960313048340895711765817431775606353405814859249629785260485292633238,0x6397f084bcee3390e92b0a4f8d0f1fa23ddabad1668c4a6783f5643564f646d6,1772613025,2026-03-04T08:30:25+00:00,0.96,clob_prices_history
96773953960313048340895711765817431775606353405814859249629785260485292633238,0x6397f084bcee3390e92b0a4f8d0f1fa23ddabad1668c4a6783f5643564f646d6,1772613924,2026-03-04T08:45:24+00:00,0.9595,clob_prices_history
96773953960313048340895711765817431775606353405814859249629785260485292633238,0x6397f084bcee3390e92b0a4f8d0f1fa23ddabad1668c4a6783f5643564f646d6,1772614831,2026-03-04T09:00:31+00:00,0.9595,clob_prices_history
96773953960313048340895711765817431775606353405814859249629785260485292633238,0x6397f084bcee3390e92b0a4f8d0f1fa23ddabad1668c4a6783f5643564f646d6,1772615726,2026-03-04T09:15:26+00:00,0.9595,clob_prices_history
96773953960313048340895711765817431775606353405814859249629785260485292633238,0x6397f084bcee3390e92b0a4f8d0f1fa23ddabad1668c4a6783f5643564f646d6,1772616626,2026-03-04T09:30:26+00:00,0.9595,clob_prices_history
96773953960313048340895711765817431775606353405814859249629785260485292633238,0x6397f084bcee3390e92b0a4f8d0f1fa23ddabad1668c4a6783f5643564f646d6,1772617525,2026-03-04T09:45:25+00:00,0.96,clob_prices_history
96773953960313048340895711765817431775606353405814859249629785260485292633238,0x6397f084bcee3390e92b0a4f8d0f1fa23ddabad1668c4a6783f5643564f646d6,1772618427,2026-03-04T10:00:27+00:00,0.96,clob_prices_history
96773953960313048340895711765817431775606353405814859249629785260485292633238,0x6397f084bcee3390e92b0a4f8d0f1fa23ddabad1668c4a6783f5643564f646d6,1772619323,2026-03-04T10:15:23+00:00,0.96,clob_prices_history
96773953960313048340895711765817431775606353405814859249629785260485292633238,0x6397f084bcee3390e92b0a4f8d0f1fa23ddabad1668c4a6783f5643564f646d6,1772620243,2026-03-04T10:30:43+00:00,0.9595,clob_prices_history
96773953960313048340895711765817431775606353405814859249629785260485292633238,0x6397f084bcee3390e92b0a4f8d0f1fa23ddabad1668c4a6783f5643564f646d6,1772621125,2026-03-04T10:45:25+00:00,0.9595,clob_prices_history
96773953960313048340895711765817431775606353405814859249629785260485292633238,0x6397f084bcee3390e92b0a4f8d0f1fa23ddabad1668c4a6783f5643564f646d6,1772622027,2026-03-04T11:00:27+00:00,0.9595,clob_prices_history
96773953960313048340895711765817431775606353405814859249629785260485292633238,0x6397f084bcee3390e92b0a4f8d0f1fa23ddabad1668c4a6783f5643564f646d6,1772622926,2026-03-04T11:15:26+00:00,0.9595,clob_prices_history
96773953960313048340895711765817431775606353405814859249629785260485292633238,0x6397f084bcee3390e92b0a4f8d0f1fa23ddabad1668c4a6783f5643564f646d6,1772623825,2026-03-04T11:30:25+00:00,0.9595,clob_prices_history
96773953960313048340895711765817431775606353405814859249629785260485292633238,0x6397f084bcee3390e92b0a4f8d0f1fa23ddabad1668c4a6783f5643564f646d6,1772624723,2026-03-04T11:45:23+00:00,0.9595,clob_prices_history
96773953960313048340895711765817431775606353405814859249629785260485292633238,0x6397f084bcee3390e92b0a4f8d0f1fa23ddabad1668c4a6783f5643564f646d6,1772625632,2026-03-04T12:00:32+00:00,0.9595,clob_prices_history
96773953960313048340895711765817431775606353405814859249629785260485292633238,0x6397f084bcee3390e92b0a4f8d0f1fa23ddabad1668c4a6783f5643564f646d6,1772626524,2026-03-04T12:15:24+00:00,0.9595,clob_prices_history
96773953960313048340895711765817431775606353405814859249629785260485292633238,0x6397f084bcee3390e92b0a4f8d0f1fa23ddabad1668c4a6783f5643564f646d6,1772627433,2026-03-04T12:30:33+00:00,0.9595,clob_prices_history
96773953960313048340895711765817431775606353405814859249629785260485292633238,0x6397f084bcee3390e92b0a4f8d0f1fa23ddabad1668c4a6783f5643564f646d6,1772628325,2026-03-04T12:45:25+00:00,0.9595,clob_prices_history
96773953960313048340895711765817431775606353405814859249629785260485292633238,0x6397f084bcee3390e92b0a4f8d0f1fa23ddabad1668c4a6783f5643564f646d6,1772629227,2026-03-04T13:00:27+00:00,0.9595,clob_prices_history
96773953960313048340895711765817431775606353405814859249629785260485292633238,0x6397f084bcee3390e92b0a4f8d0f1fa23ddabad1668c4a6783f5643564f646d6,1772630129,2026-03-04T13:15:29+00:00,0.9595,clob_prices_history
96773953960313048340895711765817431775606353405814859249629785260485292633238,0x6397f084bcee3390e92b0a4f8d0f1fa23ddabad1668c4a6783f5643564f646d6,1772631026,2026-03-04T13:30:26+00:00,0.9595,clob_prices_history
96773953960313048340895711765817431775606353405814859249629785260485292633238,0x6397f084bcee3390e92b0a4f8d0f1fa23ddabad1668c4a6783f5643564f646d6,1772631926,2026-03-04T13:45:26+00:00,0.9595,clob_prices_history
96773953960313048340895711765817431775606353405814859249629785260485292633238,0x6397f084bcee3390e92b0a4f8d0f1fa23ddabad1668c4a6783f5643564f646d6,1772632828,2026-03-04T14:00:28+00:00,0.9595,clob_prices_history
96773953960313048340895711765817431775606353405814859249629785260485292633238,0x6397f084bcee3390e92b0a4f8d0f1fa23ddabad1668c4a6783f5643564f646d6,1772633725,2026-03-04T14:15:25+00:00,0.9595,clob_prices_history
96773953960313048340895711765817431775606353405814859249629785260485292633238,0x6397f084bcee3390e92b0a4f8d0f1fa23ddabad1668c4a6783f5643564f646d6,1772634628,2026-03-04T14:30:28+00:00,0.9595,clob_prices_history
96773953960313048340895711765817431775606353405814859249629785260485292633238,0x6397f084bcee3390e92b0a4f8d0f1fa23ddabad1668c4a6783f5643564f646d6,1772635526,2026-03-04T14:45:26+00:00,0.9595,clob_prices_history
96773953960313048340895711765817431775606353405814859249629785260485292633238,0x6397f084bcee3390e92b0a4f8d0f1fa23ddabad1668c4a6783f5643564f646d6,1772636435,2026-03-04T15:00:35+00:00,0.9595,clob_prices_history
96773953960313048340895711765817431775606353405814859249629785260485292633238,0x6397f084bcee3390e92b0a4f8d0f1fa23ddabad1668c4a6783f5643564f646d6,1772637325,2026-03-04T15:15:25+00:00,0.9595,clob_prices_history
96773953960313048340895711765817431775606353405814859249629785260485292633238,0x6397f084bcee3390e92b0a4f8d0f1fa23ddabad1668c4a6783f5643564f646d6,1772638240,2026-03-04T15:30:40+00:00,0.9595,clob_prices_history
96773953960313048340895711765817431775606353405814859249629785260485292633238,0x6397f084bcee3390e92b0a4f8d0f1fa23ddabad1668c4a6783f5643564f646d6,1772639127,2026-03-04T15:45:27+00:00,0.9595,clob_prices_history
96773953960313048340895711765817431775606353405814859249629785260485292633238,0x6397f084bcee3390e92b0a4f8d0f1fa23ddabad1668c4a6783f5643564f646d6,1772640029,2026-03-04T16:00:29+00:00,0.9595,clob_prices_history
96773953960313048340895711765817431775606353405814859249629785260485292633238,0x6397f084bcee3390e92b0a4f8d0f1fa23ddabad1668c4a6783f5643564f646d6,1772640929,2026-03-04T16:15:29+00:00,0.9595,clob_prices_history
96773953960313048340895711765817431775606353405814859249629785260485292633238,0x6397f084bcee3390e92b0a4f8d0f1fa23ddabad1668c4a6783f5643564f646d6,1772641828,2026-03-04T16:30:28+00:00,0.959,clob_prices_history
96773953960313048340895711765817431775606353405814859249629785260485292633238,0x6397f084bcee3390e92b0a4f8d0f1fa23ddabad1668c4a6783f5643564f646d6,1772642727,2026-03-04T16:45:27+00:00,0.959,clob_prices_history
96773953960313048340895711765817431775606353405814859249629785260485292633238,0x6397f084bcee3390e92b0a4f8d0f1fa23ddabad1668c4a6783f5643564f646d6,1772643638,2026-03-04T17:00:38+00:00,0.959,clob_prices_history
96773953960313048340895711765817431775606353405814859249629785260485292633238,0x6397f084bcee3390e92b0a4f8d0f1fa23ddabad1668c4a6783f5643564f646d6,1772644526,2026-03-04T17:15:26+00:00,0.959,clob_prices_history
96773953960313048340895711765817431775606353405814859249629785260485292633238,0x6397f084bcee3390e92b0a4f8d0f1fa23ddabad1668c4a6783f5643564f646d6,1772645427,2026-03-04T17:30:27+00:00,0.959,clob_prices_history
96773953960313048340895711765817431775606353405814859249629785260485292633238,0x6397f084bcee3390e92b0a4f8d0f1fa23ddabad1668c4a6783f5643564f646d6,1772646326,2026-03-04T17:45:26+00:00,0.959,clob_prices_history
96773953960313048340895711765817431775606353405814859249629785260485292633238,0x6397f084bcee3390e92b0a4f8d0f1fa23ddabad1668c4a6783f5643564f646d6,1772647229,2026-03-04T18:00:29+00:00,0.959,clob_prices_history
96773953960313048340895711765817431775606353405814859249629785260485292633238,0x6397f084bcee3390e92b0a4f8d0f1fa23ddabad1668c4a6783f5643564f646d6,1772648124,2026-03-04T18:15:24+00:00,0.9595,clob_prices_history
96773953960313048340895711765817431775606353405814859249629785260485292633238,0x6397f084bcee3390e92b0a4f8d0f1fa23ddabad1668c4a6783f5643564f646d6,1772649028,2026-03-04T18:30:28+00:00,0.9595,clob_prices_history
96773953960313048340895711765817431775606353405814859249629785260485292633238,0x6397f084bcee3390e92b0a4f8d0f1fa23ddabad1668c4a6783f5643564f646d6,1772649924,2026-03-04T18:45:24+00:00,0.959,clob_prices_history
96773953960313048340895711765817431775606353405814859249629785260485292633238,0x6397f084bcee3390e92b0a4f8d0f1fa23ddabad1668c4a6783f5643564f646d6,1772650827,2026-03-04T19:00:27+00:00,0.959,clob_prices_history
96773953960313048340895711765817431775606353405814859249629785260485292633238,0x6397f084bcee3390e92b0a4f8d0f1fa23ddabad1668c4a6783f5643564f646d6,1772651727,2026-03-04T19:15:27+00:00,0.959,clob_prices_history
96773953960313048340895711765817431775606353405814859249629785260485292633238,0x6397f084bcee3390e92b0a4f8d0f1fa23ddabad1668c4a6783f5643564f646d6,1772652628,2026-03-04T19:30:28+00:00,0.959,clob_prices_history
96773953960313048340895711765817431775606353405814859249629785260485292633238,0x6397f084bcee3390e92b0a4f8d0f1fa23ddabad1668c4a6783f5643564f646d6,1772653526,2026-03-04T19:45:26+00:00,0.959,clob_prices_history
96773953960313048340895711765817431775606353405814859249629785260485292633238,0x6397f084bcee3390e92b0a4f8d0f1fa23ddabad1668c4a6783f5643564f646d6,1772654431,2026-03-04T20:00:31+00:00,0.959,clob_prices_history
96773953960313048340895711765817431775606353405814859249629785260485292633238,0x6397f084bcee3390e92b0a4f8d0f1fa23ddabad1668c4a6783f5643564f646d6,1772655326,2026-03-04T20:15:26+00:00,0.959,clob_prices_history
96773953960313048340895711765817431775606353405814859249629785260485292633238,0x6397f084bcee3390e92b0a4f8d0f1fa23ddabad1668c4a6783f5643564f646d6,1772656228,2026-03-04T20:30:28+00:00,0.959,clob_prices_history
96773953960313048340895711765817431775606353405814859249629785260485292633238,0x6397f084bcee3390e92b0a4f8d0f1fa23ddabad1668c4a6783f5643564f646d6,1772657124,2026-03-04T20:45:24+00:00,0.959,clob_prices_history
96773953960313048340895711765817431775606353405814859249629785260485292633238,0x6397f084bcee3390e92b0a4f8d0f1fa23ddabad1668c4a6783f5643564f646d6,1772658031,2026-03-04T21:00:31+00:00,0.959,clob_prices_history
96773953960313048340895711765817431775606353405814859249629785260485292633238,0x6397f084bcee3390e92b0a4f8d0f1fa23ddabad1668c4a6783f5643564f646d6,1772658930,2026-03-04T21:15:30+00:00,0.959,clob_prices_history
96773953960313048340895711765817431775606353405814859249629785260485292633238,0x6397f084bcee3390e92b0a4f8d0f1fa23ddabad1668c4a6783f5643564f646d6,1772659828,2026-03-04T21:30:28+00:00,0.959,clob_prices_history
96773953960313048340895711765817431775606353405814859249629785260485292633238,0x6397f084bcee3390e92b0a4f8d0f1fa23ddabad1668c4a6783f5643564f646d6,1772660726,2026-03-04T21:45:26+00:00,0.9595,clob_prices_history
96773953960313048340895711765817431775606353405814859249629785260485292633238,0x6397f084bcee3390e92b0a4f8d0f1fa23ddabad1668c4a6783f5643564f646d6,1772661627,2026-03-04T22:00:27+00:00,0.9595,clob_prices_history
96773953960313048340895711765817431775606353405814859249629785260485292633238,0x6397f084bcee3390e92b0a4f8d0f1fa23ddabad1668c4a6783f5643564f646d6,1772662526,2026-03-04T22:15:26+00:00,0.959,clob_prices_history
96773953960313048340895711765817431775606353405814859249629785260485292633238,0x6397f084bcee3390e92b0a4f8d0f1fa23ddabad1668c4a6783f5643564f646d6,1772663428,2026-03-04T22:30:28+00:00,0.9595,clob_prices_history
96773953960313048340895711765817431775606353405814859249629785260485292633238,0x6397f084bcee3390e92b0a4f8d0f1fa23ddabad1668c4a6783f5643564f646d6,1772664327,2026-03-04T22:45:27+00:00,0.886,clob_prices_history
96773953960313048340895711765817431775606353405814859249629785260485292633238,0x6397f084bcee3390e92b0a4f8d0f1fa23ddabad1668c4a6783f5643564f646d6,1772665226,2026-03-04T23:00:26+00:00,0.885,clob_prices_history
96773953960313048340895711765817431775606353405814859249629785260485292633238,0x6397f084bcee3390e92b0a4f8d0f1fa23ddabad1668c4a6783f5643564f646d6,1772666126,2026-03-04T23:15:26+00:00,0.884,clob_prices_history
96773953960313048340895711765817431775606353405814859249629785260485292633238,0x6397f084bcee3390e92b0a4f8d0f1fa23ddabad1668c4a6783f5643564f646d6,1772667026,2026-03-04T23:30:26+00:00,0.884,clob_prices_history
96773953960313048340895711765817431775606353405814859249629785260485292633238,0x6397f084bcee3390e92b0a4f8d0f1fa23ddabad1668c4a6783f5643564f646d6,1772667926,2026-03-04T23:45:26+00:00,0.884,clob_prices_history
96773953960313048340895711765817431775606353405814859249629785260485292633238,0x6397f084bcee3390e92b0a4f8d0f1fa23ddabad1668c4a6783f5643564f646d6,1772668832,2026-03-05T00:00:32+00:00,0.8845,clob_prices_history
96773953960313048340895711765817431775606353405814859249629785260485292633238,0x6397f084bcee3390e92b0a4f8d0f1fa23ddabad1668c4a6783f5643564f646d6,1772669727,2026-03-05T00:15:27+00:00,0.884,clob_prices_history
96773953960313048340895711765817431775606353405814859249629785260485292633238,0x6397f084bcee3390e92b0a4f8d0f1fa23ddabad1668c4a6783f5643564f646d6,1772670629,2026-03-05T00:30:29+00:00,0.884,clob_prices_history
96773953960313048340895711765817431775606353405814859249629785260485292633238,0x6397f084bcee3390e92b0a4f8d0f1fa23ddabad1668c4a6783f5643564f646d6,1772671527,2026-03-05T00:45:27+00:00,0.8965,clob_prices_history
96773953960313048340895711765817431775606353405814859249629785260485292633238,0x6397f084bcee3390e92b0a4f8d0f1fa23ddabad1668c4a6783f5643564f646d6,1772672429,2026-03-05T01:00:29+00:00,0.8965,clob_prices_history
96773953960313048340895711765817431775606353405814859249629785260485292633238,0x6397f084bcee3390e92b0a4f8d0f1fa23ddabad1668c4a6783f5643564f646d6,1772673326,2026-03-05T01:15:26+00:00,0.8965,clob_prices_history
96773953960313048340895711765817431775606353405814859249629785260485292633238,0x6397f084bcee3390e92b0a4f8d0f1fa23ddabad1668c4a6783f5643564f646d6,1772674229,2026-03-05T01:30:29+00:00,0.9075,clob_prices_history
96773953960313048340895711765817431775606353405814859249629785260485292633238,0x6397f084bcee3390e92b0a4f8d0f1fa23ddabad1668c4a6783f5643564f646d6,1772675124,2026-03-05T01:45:24+00:00,0.8995,clob_prices_history
96773953960313048340895711765817431775606353405814859249629785260485292633238,0x6397f084bcee3390e92b0a4f8d0f1fa23ddabad1668c4a6783f5643564f646d6,1772676027,2026-03-05T02:00:27+00:00,0.899,clob_prices_history
96773953960313048340895711765817431775606353405814859249629785260485292633238,0x6397f084bcee3390e92b0a4f8d0f1fa23ddabad1668c4a6783f5643564f646d6,1772676925,2026-03-05T02:15:25+00:00,0.899,clob_prices_history
96773953960313048340895711765817431775606353405814859249629785260485292633238,0x6397f084bcee3390e92b0a4f8d0f1fa23ddabad1668c4a6783f5643564f646d6,1772677823,2026-03-05T02:30:23+00:00,0.8985,clob_prices_history
96773953960313048340895711765817431775606353405814859249629785260485292633238,0x6397f084bcee3390e92b0a4f8d0f1fa23ddabad1668c4a6783f5643564f646d6,1772678720,2026-03-05T02:45:20+00:00,0.9045,clob_prices_history
96773953960313048340895711765817431775606353405814859249629785260485292633238,0x6397f084bcee3390e92b0a4f8d0f1fa23ddabad1668c4a6783f5643564f646d6,1772679625,2026-03-05T03:00:25+00:00,0.8985,clob_prices_history
96773953960313048340895711765817431775606353405814859249629785260485292633238,0x6397f084bcee3390e92b0a4f8d0f1fa23ddabad1668c4a6783f5643564f646d6,1772680520,2026-03-05T03:15:20+00:00,0.8985,clob_prices_history
96773953960313048340895711765817431775606353405814859249629785260485292633238,0x6397f084bcee3390e92b0a4f8d0f1fa23ddabad1668c4a6783f5643564f646d6,1772681422,2026-03-05T03:30:22+00:00,0.898,clob_prices_history
96773953960313048340895711765817431775606353405814859249629785260485292633238,0x6397f084bcee3390e92b0a4f8d0f1fa23ddabad1668c4a6783f5643564f646d6,1772682324,2026-03-05T03:45:24+00:00,0.8825,clob_prices_history
96773953960313048340895711765817431775606353405814859249629785260485292633238,0x6397f084bcee3390e92b0a4f8d0f1fa23ddabad1668c4a6783f5643564f646d6,1772683222,2026-03-05T04:00:22+00:00,0.8785,clob_prices_history
96773953960313048340895711765817431775606353405814859249629785260485292633238,0x6397f084bcee3390e92b0a4f8d0f1fa23ddabad1668c4a6783f5643564f646d6,1772684121,2026-03-05T04:15:21+00:00,0.8805,clob_prices_history
96773953960313048340895711765817431775606353405814859249629785260485292633238,0x6397f084bcee3390e92b0a4f8d0f1fa23ddabad1668c4a6783f5643564f646d6,1772685022,2026-03-05T04:30:22+00:00,0.8835,clob_prices_history
96773953960313048340895711765817431775606353405814859249629785260485292633238,0x6397f084bcee3390e92b0a4f8d0f1fa23ddabad1668c4a6783f5643564f646d6,1772685920,2026-03-05T04:45:20+00:00,0.8865,clob_prices_history
96773953960313048340895711765817431775606353405814859249629785260485292633238,0x6397f084bcee3390e92b0a4f8d0f1fa23ddabad1668c4a6783f5643564f646d6,1772686824,2026-03-05T05:00:24+00:00,0.8765,clob_prices_history
96773953960313048340895711765817431775606353405814859249629785260485292633238,0x6397f084bcee3390e92b0a4f8d0f1fa23ddabad1668c4a6783f5643564f646d6,1772687720,2026-03-05T05:15:20+00:00,0.869,clob_prices_history
96773953960313048340895711765817431775606353405814859249629785260485292633238,0x6397f084bcee3390e92b0a4f8d0f1fa23ddabad1668c4a6783f5643564f646d6,1772688625,2026-03-05T05:30:25+00:00,0.868,clob_prices_history
96773953960313048340895711765817431775606353405814859249629785260485292633238,0x6397f084bcee3390e92b0a4f8d0f1fa23ddabad1668c4a6783f5643564f646d6,1772689520,2026-03-05T05:45:20+00:00,0.8675,clob_prices_history
96773953960313048340895711765817431775606353405814859249629785260485292633238,0x6397f084bcee3390e92b0a4f8d0f1fa23ddabad1668c4a6783f5643564f646d6,1772690425,2026-03-05T06:00:25+00:00,0.8675,clob_prices_history
96773953960313048340895711765817431775606353405814859249629785260485292633238,0x6397f084bcee3390e92b0a4f8d0f1fa23ddabad1668c4a6783f5643564f646d6,1772691335,2026-03-05T06:15:35+00:00,0.8675,clob_prices_history
96773953960313048340895711765817431775606353405814859249629785260485292633238,0x6397f084bcee3390e92b0a4f8d0f1fa23ddabad1668c4a6783f5643564f646d6,1772692222,2026-03-05T06:30:22+00:00,0.868,clob_prices_history
96773953960313048340895711765817431775606353405814859249629785260485292633238,0x6397f084bcee3390e92b0a4f8d0f1fa23ddabad1668c4a6783f5643564f646d6,1772693121,2026-03-05T06:45:21+00:00,0.8695,clob_prices_history
96773953960313048340895711765817431775606353405814859249629785260485292633238,0x6397f084bcee3390e92b0a4f8d0f1fa23ddabad1668c4a6783f5643564f646d6,1772694023,2026-03-05T07:00:23+00:00,0.874,clob_prices_history
96773953960313048340895711765817431775606353405814859249629785260485292633238,0x6397f084bcee3390e92b0a4f8d0f1fa23ddabad1668c4a6783f5643564f646d6,1772694922,2026-03-05T07:15:22+00:00,0.878,clob_prices_history
96773953960313048340895711765817431775606353405814859249629785260485292633238,0x6397f084bcee3390e92b0a4f8d0f1fa23ddabad1668c4a6783f5643564f646d6,1772695824,2026-03-05T07:30:24+00:00,0.8785,clob_prices_history
96773953960313048340895711765817431775606353405814859249629785260485292633238,0x6397f084bcee3390e92b0a4f8d0f1fa23ddabad1668c4a6783f5643564f646d6,1772696721,2026-03-05T07:45:21+00:00,0.8785,clob_prices_history
96773953960313048340895711765817431775606353405814859249629785260485292633238,0x6397f084bcee3390e92b0a4f8d0f1fa23ddabad1668c4a6783f5643564f646d6,1772697626,2026-03-05T08:00:26+00:00,0.8785,clob_prices_history
96773953960313048340895711765817431775606353405814859249629785260485292633238,0x6397f084bcee3390e92b0a4f8d0f1fa23ddabad1668c4a6783f5643564f646d6,1772698523,2026-03-05T08:15:23+00:00,0.878,clob_prices_history
96773953960313048340895711765817431775606353405814859249629785260485292633238,0x6397f084bcee3390e92b0a4f8d0f1fa23ddabad1668c4a6783f5643564f646d6,1772699422,2026-03-05T08:30:22+00:00,0.878,clob_prices_history
96773953960313048340895711765817431775606353405814859249629785260485292633238,0x6397f084bcee3390e92b0a4f8d0f1fa23ddabad1668c4a6783f5643564f646d6,1772700322,2026-03-05T08:45:22+00:00,0.878,clob_prices_history
96773953960313048340895711765817431775606353405814859249629785260485292633238,0x6397f084bcee3390e92b0a4f8d0f1fa23ddabad1668c4a6783f5643564f646d6,1772701224,2026-03-05T09:00:24+00:00,0.878,clob_prices_history
96773953960313048340895711765817431775606353405814859249629785260485292633238,0x6397f084bcee3390e92b0a4f8d0f1fa23ddabad1668c4a6783f5643564f646d6,1772702123,2026-03-05T09:15:23+00:00,0.8785,clob_prices_history
96773953960313048340895711765817431775606353405814859249629785260485292633238,0x6397f084bcee3390e92b0a4f8d0f1fa23ddabad1668c4a6783f5643564f646d6,1772703024,2026-03-05T09:30:24+00:00,0.8785,clob_prices_history
96773953960313048340895711765817431775606353405814859249629785260485292633238,0x6397f084bcee3390e92b0a4f8d0f1fa23ddabad1668c4a6783f5643564f646d6,1772703924,2026-03-05T09:45:24+00:00,0.878,clob_prices_history
96773953960313048340895711765817431775606353405814859249629785260485292633238,0x6397f084bcee3390e92b0a4f8d0f1fa23ddabad1668c4a6783f5643564f646d6,1772704840,2026-03-05T10:00:40+00:00,0.878,clob_prices_history
96773953960313048340895711765817431775606353405814859249629785260485292633238,0x6397f084bcee3390e92b0a4f8d0f1fa23ddabad1668c4a6783f5643564f646d6,1772705726,2026-03-05T10:15:26+00:00,0.878,clob_prices_history
96773953960313048340895711765817431775606353405814859249629785260485292633238,0x6397f084bcee3390e92b0a4f8d0f1fa23ddabad1668c4a6783f5643564f646d6,1772706624,2026-03-05T10:30:24+00:00,0.878,clob_prices_history
96773953960313048340895711765817431775606353405814859249629785260485292633238,0x6397f084bcee3390e92b0a4f8d0f1fa23ddabad1668c4a6783f5643564f646d6,1772707523,2026-03-05T10:45:23+00:00,0.878,clob_prices_history
96773953960313048340895711765817431775606353405814859249629785260485292633238,0x6397f084bcee3390e92b0a4f8d0f1fa23ddabad1668c4a6783f5643564f646d6,1772708433,2026-03-05T11:00:33+00:00,0.878,clob_prices_history
96773953960313048340895711765817431775606353405814859249629785260485292633238,0x6397f084bcee3390e92b0a4f8d0f1fa23ddabad1668c4a6783f5643564f646d6,1772709336,2026-03-05T11:15:36+00:00,0.8785,clob_prices_history
96773953960313048340895711765817431775606353405814859249629785260485292633238,0x6397f084bcee3390e92b0a4f8d0f1fa23ddabad1668c4a6783f5643564f646d6,1772710225,2026-03-05T11:30:25+00:00,0.878,clob_prices_history
96773953960313048340895711765817431775606353405814859249629785260485292633238,0x6397f084bcee3390e92b0a4f8d0f1fa23ddabad1668c4a6783f5643564f646d6,1772711122,2026-03-05T11:45:22+00:00,0.878,clob_prices_history
96773953960313048340895711765817431775606353405814859249629785260485292633238,0x6397f084bcee3390e92b0a4f8d0f1fa23ddabad1668c4a6783f5643564f646d6,1772712041,2026-03-05T12:00:41+00:00,0.878,clob_prices_history
96773953960313048340895711765817431775606353405814859249629785260485292633238,0x6397f084bcee3390e92b0a4f8d0f1fa23ddabad1668c4a6783f5643564f646d6,1772712922,2026-03-05T12:15:22+00:00,0.878,clob_prices_history
96773953960313048340895711765817431775606353405814859249629785260485292633238,0x6397f084bcee3390e92b0a4f8d0f1fa23ddabad1668c4a6783f5643564f646d6,1772713824,2026-03-05T12:30:24+00:00,0.878,clob_prices_history
96773953960313048340895711765817431775606353405814859249629785260485292633238,0x6397f084bcee3390e92b0a4f8d0f1fa23ddabad1668c4a6783f5643564f646d6,1772714724,2026-03-05T12:45:24+00:00,0.878,clob_prices_history
96773953960313048340895711765817431775606353405814859249629785260485292633238,0x6397f084bcee3390e92b0a4f8d0f1fa23ddabad1668c4a6783f5643564f646d6,1772715626,2026-03-05T13:00:26+00:00,0.878,clob_prices_history
96773953960313048340895711765817431775606353405814859249629785260485292633238,0x6397f084bcee3390e92b0a4f8d0f1fa23ddabad1668c4a6783f5643564f646d6,1772716523,2026-03-05T13:15:23+00:00,0.878,clob_prices_history
96773953960313048340895711765817431775606353405814859249629785260485292633238,0x6397f084bcee3390e92b0a4f8d0f1fa23ddabad1668c4a6783f5643564f646d6,1772717427,2026-03-05T13:30:27+00:00,0.878,clob_prices_history
96773953960313048340895711765817431775606353405814859249629785260485292633238,0x6397f084bcee3390e92b0a4f8d0f1fa23ddabad1668c4a6783f5643564f646d6,1772718325,2026-03-05T13:45:25+00:00,0.878,clob_prices_history
96773953960313048340895711765817431775606353405814859249629785260485292633238,0x6397f084bcee3390e92b0a4f8d0f1fa23ddabad1668c4a6783f5643564f646d6,1772719224,2026-03-05T14:00:24+00:00,0.878,clob_prices_history
96773953960313048340895711765817431775606353405814859249629785260485292633238,0x6397f084bcee3390e92b0a4f8d0f1fa23ddabad1668c4a6783f5643564f646d6,1772720121,2026-03-05T14:15:21+00:00,0.9215,clob_prices_history
96773953960313048340895711765817431775606353405814859249629785260485292633238,0x6397f084bcee3390e92b0a4f8d0f1fa23ddabad1668c4a6783f5643564f646d6,1772721024,2026-03-05T14:30:24+00:00,0.9255,clob_prices_history
96773953960313048340895711765817431775606353405814859249629785260485292633238,0x6397f084bcee3390e92b0a4f8d0f1fa23ddabad1668c4a6783f5643564f646d6,1772721920,2026-03-05T14:45:20+00:00,0.9305,clob_prices_history
96773953960313048340895711765817431775606353405814859249629785260485292633238,0x6397f084bcee3390e92b0a4f8d0f1fa23ddabad1668c4a6783f5643564f646d6,1772722835,2026-03-05T15:00:35+00:00,0.93,clob_prices_history
96773953960313048340895711765817431775606353405814859249629785260485292633238,0x6397f084bcee3390e92b0a4f8d0f1fa23ddabad1668c4a6783f5643564f646d6,1772723720,2026-03-05T15:15:20+00:00,0.93,clob_prices_history
96773953960313048340895711765817431775606353405814859249629785260485292633238,0x6397f084bcee3390e92b0a4f8d0f1fa23ddabad1668c4a6783f5643564f646d6,1772724623,2026-03-05T15:30:23+00:00,0.932,clob_prices_history
96773953960313048340895711765817431775606353405814859249629785260485292633238,0x6397f084bcee3390e92b0a4f8d0f1fa23ddabad1668c4a6783f5643564f646d6,1772725521,2026-03-05T15:45:21+00:00,0.932,clob_prices_history
96773953960313048340895711765817431775606353405814859249629785260485292633238,0x6397f084bcee3390e92b0a4f8d0f1fa23ddabad1668c4a6783f5643564f646d6,1772726423,2026-03-05T16:00:23+00:00,0.9335,clob_prices_history
96773953960313048340895711765817431775606353405814859249629785260485292633238,0x6397f084bcee3390e92b0a4f8d0f1fa23ddabad1668c4a6783f5643564f646d6,1772727336,2026-03-05T16:15:36+00:00,0.94,clob_prices_history
96773953960313048340895711765817431775606353405814859249629785260485292633238,0x6397f084bcee3390e92b0a4f8d0f1fa23ddabad1668c4a6783f5643564f646d6,1772728224,2026-03-05T16:30:24+00:00,0.9435,clob_prices_history
96773953960313048340895711765817431775606353405814859249629785260485292633238,0x6397f084bcee3390e92b0a4f8d0f1fa23ddabad1668c4a6783f5643564f646d6,1772729121,2026-03-05T16:45:21+00:00,0.944,clob_prices_history
96773953960313048340895711765817431775606353405814859249629785260485292633238,0x6397f084bcee3390e92b0a4f8d0f1fa23ddabad1668c4a6783f5643564f646d6,1772730034,2026-03-05T17:00:34+00:00,0.944,clob_prices_history
96773953960313048340895711765817431775606353405814859249629785260485292633238,0x6397f084bcee3390e92b0a4f8d0f1fa23ddabad1668c4a6783f5643564f646d6,1772730921,2026-03-05T17:15:21+00:00,0.944,clob_prices_history
96773953960313048340895711765817431775606353405814859249629785260485292633238,0x6397f084bcee3390e92b0a4f8d0f1fa23ddabad1668c4a6783f5643564f646d6,1772731823,2026-03-05T17:30:23+00:00,0.945,clob_prices_history
96773953960313048340895711765817431775606353405814859249629785260485292633238,0x6397f084bcee3390e92b0a4f8d0f1fa23ddabad1668c4a6783f5643564f646d6,1772732722,2026-03-05T17:45:22+00:00,0.9445,clob_prices_history
96773953960313048340895711765817431775606353405814859249629785260485292633238,0x6397f084bcee3390e92b0a4f8d0f1fa23ddabad1668c4a6783f5643564f646d6,1772733628,2026-03-05T18:00:28+00:00,0.945,clob_prices_history
96773953960313048340895711765817431775606353405814859249629785260485292633238,0x6397f084bcee3390e92b0a4f8d0f1fa23ddabad1668c4a6783f5643564f646d6,1772734521,2026-03-05T18:15:21+00:00,0.9455,clob_prices_history
96773953960313048340895711765817431775606353405814859249629785260485292633238,0x6397f084bcee3390e92b0a4f8d0f1fa23ddabad1668c4a6783f5643564f646d6,1772735423,2026-03-05T18:30:23+00:00,0.945,clob_prices_history
96773953960313048340895711765817431775606353405814859249629785260485292633238,0x6397f084bcee3390e92b0a4f8d0f1fa23ddabad1668c4a6783f5643564f646d6,1772736322,2026-03-05T18:45:22+00:00,0.945,clob_prices_history
96773953960313048340895711765817431775606353405814859249629785260485292633238,0x6397f084bcee3390e92b0a4f8d0f1fa23ddabad1668c4a6783f5643564f646d6,1772737223,2026-03-05T19:00:23+00:00,0.945,clob_prices_history
96773953960313048340895711765817431775606353405814859249629785260485292633238,0x6397f084bcee3390e92b0a4f8d0f1fa23ddabad1668c4a6783f5643564f646d6,1772738122,2026-03-05T19:15:22+00:00,0.945,clob_prices_history
96773953960313048340895711765817431775606353405814859249629785260485292633238,0x6397f084bcee3390e92b0a4f8d0f1fa23ddabad1668c4a6783f5643564f646d6,1772739022,2026-03-05T19:30:22+00:00,0.9455,clob_prices_history
96773953960313048340895711765817431775606353405814859249629785260485292633238,0x6397f084bcee3390e92b0a4f8d0f1fa23ddabad1668c4a6783f5643564f646d6,1772739922,2026-03-05T19:45:22+00:00,0.9455,clob_prices_history
96773953960313048340895711765817431775606353405814859249629785260485292633238,0x6397f084bcee3390e92b0a4f8d0f1fa23ddabad1668c4a6783f5643564f646d6,1772740841,2026-03-05T20:00:41+00:00,0.9455,clob_prices_history
96773953960313048340895711765817431775606353405814859249629785260485292633238,0x6397f084bcee3390e92b0a4f8d0f1fa23ddabad1668c4a6783f5643564f646d6,1772741721,2026-03-05T20:15:21+00:00,0.937,clob_prices_history
96773953960313048340895711765817431775606353405814859249629785260485292633238,0x6397f084bcee3390e92b0a4f8d0f1fa23ddabad1668c4a6783f5643564f646d6,1772742624,2026-03-05T20:30:24+00:00,0.9325,clob_prices_history
96773953960313048340895711765817431775606353405814859249629785260485292633238,0x6397f084bcee3390e92b0a4f8d0f1fa23ddabad1668c4a6783f5643564f646d6,1772743522,2026-03-05T20:45:22+00:00,0.929,clob_prices_history
96773953960313048340895711765817431775606353405814859249629785260485292633238,0x6397f084bcee3390e92b0a4f8d0f1fa23ddabad1668c4a6783f5643564f646d6,1772744425,2026-03-05T21:00:25+00:00,0.931,clob_prices_history
96773953960313048340895711765817431775606353405814859249629785260485292633238,0x6397f084bcee3390e92b0a4f8d0f1fa23ddabad1668c4a6783f5643564f646d6,1772745322,2026-03-05T21:15:22+00:00,0.931,clob_prices_history
96773953960313048340895711765817431775606353405814859249629785260485292633238,0x6397f084bcee3390e92b0a4f8d0f1fa23ddabad1668c4a6783f5643564f646d6,1772746223,2026-03-05T21:30:23+00:00,0.931,clob_prices_history
96773953960313048340895711765817431775606353405814859249629785260485292633238,0x6397f084bcee3390e92b0a4f8d0f1fa23ddabad1668c4a6783f5643564f646d6,1772747121,2026-03-05T21:45:21+00:00,0.9325,clob_prices_history
96773953960313048340895711765817431775606353405814859249629785260485292633238,0x6397f084bcee3390e92b0a4f8d0f1fa23ddabad1668c4a6783f5643564f646d6,1772748023,2026-03-05T22:00:23+00:00,0.931,clob_prices_history
96773953960313048340895711765817431775606353405814859249629785260485292633238,0x6397f084bcee3390e92b0a4f8d0f1fa23ddabad1668c4a6783f5643564f646d6,1772748923,2026-03-05T22:15:23+00:00,0.93,clob_prices_history
96773953960313048340895711765817431775606353405814859249629785260485292633238,0x6397f084bcee3390e92b0a4f8d0f1fa23ddabad1668c4a6783f5643564f646d6,1772749826,2026-03-05T22:30:26+00:00,0.9335,clob_prices_history
96773953960313048340895711765817431775606353405814859249629785260485292633238,0x6397f084bcee3390e92b0a4f8d0f1fa23ddabad1668c4a6783f5643564f646d6,1772750722,2026-03-05T22:45:22+00:00,0.933,clob_prices_history
96773953960313048340895711765817431775606353405814859249629785260485292633238,0x6397f084bcee3390e92b0a4f8d0f1fa23ddabad1668c4a6783f5643564f646d6,1772751637,2026-03-05T23:00:37+00:00,0.9345,clob_prices_history
96773953960313048340895711765817431775606353405814859249629785260485292633238,0x6397f084bcee3390e92b0a4f8d0f1fa23ddabad1668c4a6783f5643564f646d6,1772752524,2026-03-05T23:15:24+00:00,0.9345,clob_prices_history
96773953960313048340895711765817431775606353405814859249629785260485292633238,0x6397f084bcee3390e92b0a4f8d0f1fa23ddabad1668c4a6783f5643564f646d6,1772753425,2026-03-05T23:30:25+00:00,0.9345,clob_prices_history
96773953960313048340895711765817431775606353405814859249629785260485292633238,0x6397f084bcee3390e92b0a4f8d0f1fa23ddabad1668c4a6783f5643564f646d6,1772754336,2026-03-05T23:45:36+00:00,0.9335,clob_prices_history
96773953960313048340895711765817431775606353405814859249629785260485292633238,0x6397f084bcee3390e92b0a4f8d0f1fa23ddabad1668c4a6783f5643564f646d6,1772755231,2026-03-06T00:00:31+00:00,0.9335,clob_prices_history
96773953960313048340895711765817431775606353405814859249629785260485292633238,0x6397f084bcee3390e92b0a4f8d0f1fa23ddabad1668c4a6783f5643564f646d6,1772756123,2026-03-06T00:15:23+00:00,0.9335,clob_prices_history
96773953960313048340895711765817431775606353405814859249629785260485292633238,0x6397f084bcee3390e92b0a4f8d0f1fa23ddabad1668c4a6783f5643564f646d6,1772757025,2026-03-06T00:30:25+00:00,0.9335,clob_prices_history
96773953960313048340895711765817431775606353405814859249629785260485292633238,0x6397f084bcee3390e92b0a4f8d0f1fa23ddabad1668c4a6783f5643564f646d6,1772757924,2026-03-06T00:45:24+00:00,0.9335,clob_prices_history
96773953960313048340895711765817431775606353405814859249629785260485292633238,0x6397f084bcee3390e92b0a4f8d0f1fa23ddabad1668c4a6783f5643564f646d6,1772758828,2026-03-06T01:00:28+00:00,0.9335,clob_prices_history
96773953960313048340895711765817431775606353405814859249629785260485292633238,0x6397f084bcee3390e92b0a4f8d0f1fa23ddabad1668c4a6783f5643564f646d6,1772759726,2026-03-06T01:15:26+00:00,0.9335,clob_prices_history
96773953960313048340895711765817431775606353405814859249629785260485292633238,0x6397f084bcee3390e92b0a4f8d0f1fa23ddabad1668c4a6783f5643564f646d6,1772760626,2026-03-06T01:30:26+00:00,0.9335,clob_prices_history
96773953960313048340895711765817431775606353405814859249629785260485292633238,0x6397f084bcee3390e92b0a4f8d0f1fa23ddabad1668c4a6783f5643564f646d6,1772761526,2026-03-06T01:45:26+00:00,0.9335,clob_prices_history
96773953960313048340895711765817431775606353405814859249629785260485292633238,0x6397f084bcee3390e92b0a4f8d0f1fa23ddabad1668c4a6783f5643564f646d6,1772762425,2026-03-06T02:00:25+00:00,0.9335,clob_prices_history
96773953960313048340895711765817431775606353405814859249629785260485292633238,0x6397f084bcee3390e92b0a4f8d0f1fa23ddabad1668c4a6783f5643564f646d6,1772763324,2026-03-06T02:15:24+00:00,0.933,clob_prices_history
96773953960313048340895711765817431775606353405814859249629785260485292633238,0x6397f084bcee3390e92b0a4f8d0f1fa23ddabad1668c4a6783f5643564f646d6,1772764228,2026-03-06T02:30:28+00:00,0.9335,clob_prices_history
96773953960313048340895711765817431775606353405814859249629785260485292633238,0x6397f084bcee3390e92b0a4f8d0f1fa23ddabad1668c4a6783f5643564f646d6,1772765125,2026-03-06T02:45:25+00:00,0.933,clob_prices_history
96773953960313048340895711765817431775606353405814859249629785260485292633238,0x6397f084bcee3390e92b0a4f8d0f1fa23ddabad1668c4a6783f5643564f646d6,1772766025,2026-03-06T03:00:25+00:00,0.933,clob_prices_history
96773953960313048340895711765817431775606353405814859249629785260485292633238,0x6397f084bcee3390e92b0a4f8d0f1fa23ddabad1668c4a6783f5643564f646d6,1772766934,2026-03-06T03:15:34+00:00,0.933,clob_prices_history
96773953960313048340895711765817431775606353405814859249629785260485292633238,0x6397f084bcee3390e92b0a4f8d0f1fa23ddabad1668c4a6783f5643564f646d6,1772767825,2026-03-06T03:30:25+00:00,0.9325,clob_prices_history
96773953960313048340895711765817431775606353405814859249629785260485292633238,0x6397f084bcee3390e92b0a4f8d0f1fa23ddabad1668c4a6783f5643564f646d6,1772768720,2026-03-06T03:45:20+00:00,0.9325,clob_prices_history
96773953960313048340895711765817431775606353405814859249629785260485292633238,0x6397f084bcee3390e92b0a4f8d0f1fa23ddabad1668c4a6783f5643564f646d6,1772769625,2026-03-06T04:00:25+00:00,0.9325,clob_prices_history
96773953960313048340895711765817431775606353405814859249629785260485292633238,0x6397f084bcee3390e92b0a4f8d0f1fa23ddabad1668c4a6783f5643564f646d6,1772770520,2026-03-06T04:15:20+00:00,0.9325,clob_prices_history
96773953960313048340895711765817431775606353405814859249629785260485292633238,0x6397f084bcee3390e92b0a4f8d0f1fa23ddabad1668c4a6783f5643564f646d6,1772771425,2026-03-06T04:30:25+00:00,0.9325,clob_prices_history
96773953960313048340895711765817431775606353405814859249629785260485292633238,0x6397f084bcee3390e92b0a4f8d0f1fa23ddabad1668c4a6783f5643564f646d6,1772772321,2026-03-06T04:45:21+00:00,0.9325,clob_prices_history
96773953960313048340895711765817431775606353405814859249629785260485292633238,0x6397f084bcee3390e92b0a4f8d0f1fa23ddabad1668c4a6783f5643564f646d6,1772773235,2026-03-06T05:00:35+00:00,0.9325,clob_prices_history
96773953960313048340895711765817431775606353405814859249629785260485292633238,0x6397f084bcee3390e92b0a4f8d0f1fa23ddabad1668c4a6783f5643564f646d6,1772774122,2026-03-06T05:15:22+00:00,0.9325,clob_prices_history
96773953960313048340895711765817431775606353405814859249629785260485292633238,0x6397f084bcee3390e92b0a4f8d0f1fa23ddabad1668c4a6783f5643564f646d6,1772775023,2026-03-06T05:30:23+00:00,0.9325,clob_prices_history
96773953960313048340895711765817431775606353405814859249629785260485292633238,0x6397f084bcee3390e92b0a4f8d0f1fa23ddabad1668c4a6783f5643564f646d6,1772775921,2026-03-06T05:45:21+00:00,0.9325,clob_prices_history
96773953960313048340895711765817431775606353405814859249629785260485292633238,0x6397f084bcee3390e92b0a4f8d0f1fa23ddabad1668c4a6783f5643564f646d6,1772776826,2026-03-06T06:00:26+00:00,0.933,clob_prices_history
96773953960313048340895711765817431775606353405814859249629785260485292633238,0x6397f084bcee3390e92b0a4f8d0f1fa23ddabad1668c4a6783f5643564f646d6,1772777721,2026-03-06T06:15:21+00:00,0.933,clob_prices_history
96773953960313048340895711765817431775606353405814859249629785260485292633238,0x6397f084bcee3390e92b0a4f8d0f1fa23ddabad1668c4a6783f5643564f646d6,1772778623,2026-03-06T06:30:23+00:00,0.933,clob_prices_history
96773953960313048340895711765817431775606353405814859249629785260485292633238,0x6397f084bcee3390e92b0a4f8d0f1fa23ddabad1668c4a6783f5643564f646d6,1772779536,2026-03-06T06:45:36+00:00,0.933,clob_prices_history
96773953960313048340895711765817431775606353405814859249629785260485292633238,0x6397f084bcee3390e92b0a4f8d0f1fa23ddabad1668c4a6783f5643564f646d6,1772780424,2026-03-06T07:00:24+00:00,0.933,clob_prices_history
96773953960313048340895711765817431775606353405814859249629785260485292633238,0x6397f084bcee3390e92b0a4f8d0f1fa23ddabad1668c4a6783f5643564f646d6,1772781321,2026-03-06T07:15:21+00:00,0.933,clob_prices_history
96773953960313048340895711765817431775606353405814859249629785260485292633238,0x6397f084bcee3390e92b0a4f8d0f1fa23ddabad1668c4a6783f5643564f646d6,1772782221,2026-03-06T07:30:21+00:00,0.933,clob_prices_history
96773953960313048340895711765817431775606353405814859249629785260485292633238,0x6397f084bcee3390e92b0a4f8d0f1fa23ddabad1668c4a6783f5643564f646d6,1772783121,2026-03-06T07:45:21+00:00,0.933,clob_prices_history
96773953960313048340895711765817431775606353405814859249629785260485292633238,0x6397f084bcee3390e92b0a4f8d0f1fa23ddabad1668c4a6783f5643564f646d6,1772784023,2026-03-06T08:00:23+00:00,0.933,clob_prices_history
96773953960313048340895711765817431775606353405814859249629785260485292633238,0x6397f084bcee3390e92b0a4f8d0f1fa23ddabad1668c4a6783f5643564f646d6,1772784920,2026-03-06T08:15:20+00:00,0.933,clob_prices_history
96773953960313048340895711765817431775606353405814859249629785260485292633238,0x6397f084bcee3390e92b0a4f8d0f1fa23ddabad1668c4a6783f5643564f646d6,1772785822,2026-03-06T08:30:22+00:00,0.933,clob_prices_history
96773953960313048340895711765817431775606353405814859249629785260485292633238,0x6397f084bcee3390e92b0a4f8d0f1fa23ddabad1668c4a6783f5643564f646d6,1772786720,2026-03-06T08:45:20+00:00,0.933,clob_prices_history
96773953960313048340895711765817431775606353405814859249629785260485292633238,0x6397f084bcee3390e92b0a4f8d0f1fa23ddabad1668c4a6783f5643564f646d6,1772787625,2026-03-06T09:00:25+00:00,0.933,clob_prices_history
96773953960313048340895711765817431775606353405814859249629785260485292633238,0x6397f084bcee3390e92b0a4f8d0f1fa23ddabad1668c4a6783f5643564f646d6,1772788520,2026-03-06T09:15:20+00:00,0.933,clob_prices_history
96773953960313048340895711765817431775606353405814859249629785260485292633238,0x6397f084bcee3390e92b0a4f8d0f1fa23ddabad1668c4a6783f5643564f646d6,1772789423,2026-03-06T09:30:23+00:00,0.927,clob_prices_history
96773953960313048340895711765817431775606353405814859249629785260485292633238,0x6397f084bcee3390e92b0a4f8d0f1fa23ddabad1668c4a6783f5643564f646d6,1772790320,2026-03-06T09:45:20+00:00,0.9275,clob_prices_history
96773953960313048340895711765817431775606353405814859249629785260485292633238,0x6397f084bcee3390e92b0a4f8d0f1fa23ddabad1668c4a6783f5643564f646d6,1772791226,2026-03-06T10:00:26+00:00,0.9275,clob_prices_history
96773953960313048340895711765817431775606353405814859249629785260485292633238,0x6397f084bcee3390e92b0a4f8d0f1fa23ddabad1668c4a6783f5643564f646d6,1772792121,2026-03-06T10:15:21+00:00,0.9285,clob_prices_history
96773953960313048340895711765817431775606353405814859249629785260485292633238,0x6397f084bcee3390e92b0a4f8d0f1fa23ddabad1668c4a6783f5643564f646d6,1772793023,2026-03-06T10:30:23+00:00,0.928,clob_prices_history
96773953960313048340895711765817431775606353405814859249629785260485292633238,0x6397f084bcee3390e92b0a4f8d0f1fa23ddabad1668c4a6783f5643564f646d6,1772793924,2026-03-06T10:45:24+00:00,0.928,clob_prices_history
96773953960313048340895711765817431775606353405814859249629785260485292633238,0x6397f084bcee3390e92b0a4f8d0f1fa23ddabad1668c4a6783f5643564f646d6,1772794823,2026-03-06T11:00:23+00:00,0.9285,clob_prices_history
96773953960313048340895711765817431775606353405814859249629785260485292633238,0x6397f084bcee3390e92b0a4f8d0f1fa23ddabad1668c4a6783f5643564f646d6,1772795722,2026-03-06T11:15:22+00:00,0.9275,clob_prices_history
96773953960313048340895711765817431775606353405814859249629785260485292633238,0x6397f084bcee3390e92b0a4f8d0f1fa23ddabad1668c4a6783f5643564f646d6,1772796625,2026-03-06T11:30:25+00:00,0.9275,clob_prices_history
96773953960313048340895711765817431775606353405814859249629785260485292633238,0x6397f084bcee3390e92b0a4f8d0f1fa23ddabad1668c4a6783f5643564f646d6,1772797524,2026-03-06T11:45:24+00:00,0.9275,clob_prices_history
96773953960313048340895711765817431775606353405814859249629785260485292633238,0x6397f084bcee3390e92b0a4f8d0f1fa23ddabad1668c4a6783f5643564f646d6,1772798431,2026-03-06T12:00:31+00:00,0.9275,clob_prices_history
96773953960313048340895711765817431775606353405814859249629785260485292633238,0x6397f084bcee3390e92b0a4f8d0f1fa23ddabad1668c4a6783f5643564f646d6,1772799322,2026-03-06T12:15:22+00:00,0.9275,clob_prices_history
96773953960313048340895711765817431775606353405814859249629785260485292633238,0x6397f084bcee3390e92b0a4f8d0f1fa23ddabad1668c4a6783f5643564f646d6,1772800231,2026-03-06T12:30:31+00:00,0.9285,clob_prices_history
96773953960313048340895711765817431775606353405814859249629785260485292633238,0x6397f084bcee3390e92b0a4f8d0f1fa23ddabad1668c4a6783f5643564f646d6,1772801124,2026-03-06T12:45:24+00:00,0.9205,clob_prices_history
96773953960313048340895711765817431775606353405814859249629785260485292633238,0x6397f084bcee3390e92b0a4f8d0f1fa23ddabad1668c4a6783f5643564f646d6,1772802036,2026-03-06T13:00:36+00:00,0.9205,clob_prices_history
96773953960313048340895711765817431775606353405814859249629785260485292633238,0x6397f084bcee3390e92b0a4f8d0f1fa23ddabad1668c4a6783f5643564f646d6,1772802923,2026-03-06T13:15:23+00:00,0.9205,clob_prices_history
96773953960313048340895711765817431775606353405814859249629785260485292633238,0x6397f084bcee3390e92b0a4f8d0f1fa23ddabad1668c4a6783f5643564f646d6,1772803842,2026-03-06T13:30:42+00:00,0.9205,clob_prices_history
96773953960313048340895711765817431775606353405814859249629785260485292633238,0x6397f084bcee3390e92b0a4f8d0f1fa23ddabad1668c4a6783f5643564f646d6,1772804725,2026-03-06T13:45:25+00:00,0.909,clob_prices_history
96773953960313048340895711765817431775606353405814859249629785260485292633238,0x6397f084bcee3390e92b0a4f8d0f1fa23ddabad1668c4a6783f5643564f646d6,1772805627,2026-03-06T14:00:27+00:00,0.913,clob_prices_history
96773953960313048340895711765817431775606353405814859249629785260485292633238,0x6397f084bcee3390e92b0a4f8d0f1fa23ddabad1668c4a6783f5643564f646d6,1772806524,2026-03-06T14:15:24+00:00,0.908,clob_prices_history
96773953960313048340895711765817431775606353405814859249629785260485292633238,0x6397f084bcee3390e92b0a4f8d0f1fa23ddabad1668c4a6783f5643564f646d6,1772807428,2026-03-06T14:30:28+00:00,0.908,clob_prices_history
96773953960313048340895711765817431775606353405814859249629785260485292633238,0x6397f084bcee3390e92b0a4f8d0f1fa23ddabad1668c4a6783f5643564f646d6,1772808324,2026-03-06T14:45:24+00:00,0.908,clob_prices_history
96773953960313048340895711765817431775606353405814859249629785260485292633238,0x6397f084bcee3390e92b0a4f8d0f1fa23ddabad1668c4a6783f5643564f646d6,1772809237,2026-03-06T15:00:37+00:00,0.9085,clob_prices_history
96773953960313048340895711765817431775606353405814859249629785260485292633238,0x6397f084bcee3390e92b0a4f8d0f1fa23ddabad1668c4a6783f5643564f646d6,1772810125,2026-03-06T15:15:25+00:00,0.9045,clob_prices_history
96773953960313048340895711765817431775606353405814859249629785260485292633238,0x6397f084bcee3390e92b0a4f8d0f1fa23ddabad1668c4a6783f5643564f646d6,1772811029,2026-03-06T15:30:29+00:00,0.9045,clob_prices_history
96773953960313048340895711765817431775606353405814859249629785260485292633238,0x6397f084bcee3390e92b0a4f8d0f1fa23ddabad1668c4a6783f5643564f646d6,1772811926,2026-03-06T15:45:26+00:00,0.906,clob_prices_history
96773953960313048340895711765817431775606353405814859249629785260485292633238,0x6397f084bcee3390e92b0a4f8d0f1fa23ddabad1668c4a6783f5643564f646d6,1772812828,2026-03-06T16:00:28+00:00,0.906,clob_prices_history
96773953960313048340895711765817431775606353405814859249629785260485292633238,0x6397f084bcee3390e92b0a4f8d0f1fa23ddabad1668c4a6783f5643564f646d6,1772813727,2026-03-06T16:15:27+00:00,0.906,clob_prices_history
96773953960313048340895711765817431775606353405814859249629785260485292633238,0x6397f084bcee3390e92b0a4f8d0f1fa23ddabad1668c4a6783f5643564f646d6,1772814626,2026-03-06T16:30:26+00:00,0.905,clob_prices_history
96773953960313048340895711765817431775606353405814859249629785260485292633238,0x6397f084bcee3390e92b0a4f8d0f1fa23ddabad1668c4a6783f5643564f646d6,1772815527,2026-03-06T16:45:27+00:00,0.911,clob_prices_history
96773953960313048340895711765817431775606353405814859249629785260485292633238,0x6397f084bcee3390e92b0a4f8d0f1fa23ddabad1668c4a6783f5643564f646d6,1772816427,2026-03-06T17:00:27+00:00,0.905,clob_prices_history
96773953960313048340895711765817431775606353405814859249629785260485292633238,0x6397f084bcee3390e92b0a4f8d0f1fa23ddabad1668c4a6783f5643564f646d6,1772817321,2026-03-06T17:15:21+00:00,0.904,clob_prices_history
96773953960313048340895711765817431775606353405814859249629785260485292633238,0x6397f084bcee3390e92b0a4f8d0f1fa23ddabad1668c4a6783f5643564f646d6,1772818226,2026-03-06T17:30:26+00:00,0.904,clob_prices_history
96773953960313048340895711765817431775606353405814859249629785260485292633238,0x6397f084bcee3390e92b0a4f8d0f1fa23ddabad1668c4a6783f5643564f646d6,1772819122,2026-03-06T17:45:22+00:00,0.904,clob_prices_history
96773953960313048340895711765817431775606353405814859249629785260485292633238,0x6397f084bcee3390e92b0a4f8d0f1fa23ddabad1668c4a6783f5643564f646d6,1772820027,2026-03-06T18:00:27+00:00,0.906,clob_prices_history
96773953960313048340895711765817431775606353405814859249629785260485292633238,0x6397f084bcee3390e92b0a4f8d0f1fa23ddabad1668c4a6783f5643564f646d6,1772820923,2026-03-06T18:15:23+00:00,0.906,clob_prices_history
96773953960313048340895711765817431775606353405814859249629785260485292633238,0x6397f084bcee3390e92b0a4f8d0f1fa23ddabad1668c4a6783f5643564f646d6,1772821824,2026-03-06T18:30:24+00:00,0.9045,clob_prices_history
96773953960313048340895711765817431775606353405814859249629785260485292633238,0x6397f084bcee3390e92b0a4f8d0f1fa23ddabad1668c4a6783f5643564f646d6,1772822726,2026-03-06T18:45:26+00:00,0.9045,clob_prices_history
96773953960313048340895711765817431775606353405814859249629785260485292633238,0x6397f084bcee3390e92b0a4f8d0f1fa23ddabad1668c4a6783f5643564f646d6,1772823625,2026-03-06T19:00:25+00:00,0.9045,clob_prices_history
96773953960313048340895711765817431775606353405814859249629785260485292633238,0x6397f084bcee3390e92b0a4f8d0f1fa23ddabad1668c4a6783f5643564f646d6,1772824526,2026-03-06T19:15:26+00:00,0.9045,clob_prices_history
96773953960313048340895711765817431775606353405814859249629785260485292633238,0x6397f084bcee3390e92b0a4f8d0f1fa23ddabad1668c4a6783f5643564f646d6,1772825436,2026-03-06T19:30:36+00:00,0.903,clob_prices_history
96773953960313048340895711765817431775606353405814859249629785260485292633238,0x6397f084bcee3390e92b0a4f8d0f1fa23ddabad1668c4a6783f5643564f646d6,1772826321,2026-03-06T19:45:21+00:00,0.903,clob_prices_history
96773953960313048340895711765817431775606353405814859249629785260485292633238,0x6397f084bcee3390e92b0a4f8d0f1fa23ddabad1668c4a6783f5643564f646d6,1772827223,2026-03-06T20:00:23+00:00,0.903,clob_prices_history
96773953960313048340895711765817431775606353405814859249629785260485292633238,0x6397f084bcee3390e92b0a4f8d0f1fa23ddabad1668c4a6783f5643564f646d6,1772828121,2026-03-06T20:15:21+00:00,0.903,clob_prices_history
96773953960313048340895711765817431775606353405814859249629785260485292633238,0x6397f084bcee3390e92b0a4f8d0f1fa23ddabad1668c4a6783f5643564f646d6,1772829023,2026-03-06T20:30:23+00:00,0.9035,clob_prices_history
96773953960313048340895711765817431775606353405814859249629785260485292633238,0x6397f084bcee3390e92b0a4f8d0f1fa23ddabad1668c4a6783f5643564f646d6,1772829921,2026-03-06T20:45:21+00:00,0.9025,clob_prices_history
96773953960313048340895711765817431775606353405814859249629785260485292633238,0x6397f084bcee3390e92b0a4f8d0f1fa23ddabad1668c4a6783f5643564f646d6,1772830826,2026-03-06T21:00:26+00:00,0.9025,clob_prices_history
96773953960313048340895711765817431775606353405814859249629785260485292633238,0x6397f084bcee3390e92b0a4f8d0f1fa23ddabad1668c4a6783f5643564f646d6,1772831720,2026-03-06T21:15:20+00:00,0.902,clob_prices_history
96773953960313048340895711765817431775606353405814859249629785260485292633238,0x6397f084bcee3390e92b0a4f8d0f1fa23ddabad1668c4a6783f5643564f646d6,1772832637,2026-03-06T21:30:37+00:00,0.901,clob_prices_history
96773953960313048340895711765817431775606353405814859249629785260485292633238,0x6397f084bcee3390e92b0a4f8d0f1fa23ddabad1668c4a6783f5643564f646d6,1772833521,2026-03-06T21:45:21+00:00,0.901,clob_prices_history
96773953960313048340895711765817431775606353405814859249629785260485292633238,0x6397f084bcee3390e92b0a4f8d0f1fa23ddabad1668c4a6783f5643564f646d6,1772834423,2026-03-06T22:00:23+00:00,0.9015,clob_prices_history
96773953960313048340895711765817431775606353405814859249629785260485292633238,0x6397f084bcee3390e92b0a4f8d0f1fa23ddabad1668c4a6783f5643564f646d6,1772835322,2026-03-06T22:15:22+00:00,0.9015,clob_prices_history
96773953960313048340895711765817431775606353405814859249629785260485292633238,0x6397f084bcee3390e92b0a4f8d0f1fa23ddabad1668c4a6783f5643564f646d6,1772836222,2026-03-06T22:30:22+00:00,0.9015,clob_prices_history
96773953960313048340895711765817431775606353405814859249629785260485292633238,0x6397f084bcee3390e92b0a4f8d0f1fa23ddabad1668c4a6783f5643564f646d6,1772837121,2026-03-06T22:45:21+00:00,0.901,clob_prices_history
96773953960313048340895711765817431775606353405814859249629785260485292633238,0x6397f084bcee3390e92b0a4f8d0f1fa23ddabad1668c4a6783f5643564f646d6,1772838024,2026-03-06T23:00:24+00:00,0.901,clob_prices_history
96773953960313048340895711765817431775606353405814859249629785260485292633238,0x6397f084bcee3390e92b0a4f8d0f1fa23ddabad1668c4a6783f5643564f646d6,1772838920,2026-03-06T23:15:20+00:00,0.9005,clob_prices_history
96773953960313048340895711765817431775606353405814859249629785260485292633238,0x6397f084bcee3390e92b0a4f8d0f1fa23ddabad1668c4a6783f5643564f646d6,1772839822,2026-03-06T23:30:22+00:00,0.9005,clob_prices_history
96773953960313048340895711765817431775606353405814859249629785260485292633238,0x6397f084bcee3390e92b0a4f8d0f1fa23ddabad1668c4a6783f5643564f646d6,1772840722,2026-03-06T23:45:22+00:00,0.9,clob_prices_history
96773953960313048340895711765817431775606353405814859249629785260485292633238,0x6397f084bcee3390e92b0a4f8d0f1fa23ddabad1668c4a6783f5643564f646d6,1772841635,2026-03-07T00:00:35+00:00,0.9,clob_prices_history
96773953960313048340895711765817431775606353405814859249629785260485292633238,0x6397f084bcee3390e92b0a4f8d0f1fa23ddabad1668c4a6783f5643564f646d6,1772842524,2026-03-07T00:15:24+00:00,0.8995,clob_prices_history
96773953960313048340895711765817431775606353405814859249629785260485292633238,0x6397f084bcee3390e92b0a4f8d0f1fa23ddabad1668c4a6783f5643564f646d6,1772843423,2026-03-07T00:30:23+00:00,0.9015,clob_prices_history
96773953960313048340895711765817431775606353405814859249629785260485292633238,0x6397f084bcee3390e92b0a4f8d0f1fa23ddabad1668c4a6783f5643564f646d6,1772844321,2026-03-07T00:45:21+00:00,0.9015,clob_prices_history
96773953960313048340895711765817431775606353405814859249629785260485292633238,0x6397f084bcee3390e92b0a4f8d0f1fa23ddabad1668c4a6783f5643564f646d6,1772845224,2026-03-07T01:00:24+00:00,0.9005,clob_prices_history
96773953960313048340895711765817431775606353405814859249629785260485292633238,0x6397f084bcee3390e92b0a4f8d0f1fa23ddabad1668c4a6783f5643564f646d6,1772846122,2026-03-07T01:15:22+00:00,0.9,clob_prices_history
96773953960313048340895711765817431775606353405814859249629785260485292633238,0x6397f084bcee3390e92b0a4f8d0f1fa23ddabad1668c4a6783f5643564f646d6,1772847023,2026-03-07T01:30:23+00:00,0.9005,clob_prices_history
96773953960313048340895711765817431775606353405814859249629785260485292633238,0x6397f084bcee3390e92b0a4f8d0f1fa23ddabad1668c4a6783f5643564f646d6,1772847922,2026-03-07T01:45:22+00:00,0.899,clob_prices_history
96773953960313048340895711765817431775606353405814859249629785260485292633238,0x6397f084bcee3390e92b0a4f8d0f1fa23ddabad1668c4a6783f5643564f646d6,1772848823,2026-03-07T02:00:23+00:00,0.899,clob_prices_history
96773953960313048340895711765817431775606353405814859249629785260485292633238,0x6397f084bcee3390e92b0a4f8d0f1fa23ddabad1668c4a6783f5643564f646d6,1772849722,2026-03-07T02:15:22+00:00,0.899,clob_prices_history
96773953960313048340895711765817431775606353405814859249629785260485292633238,0x6397f084bcee3390e92b0a4f8d0f1fa23ddabad1668c4a6783f5643564f646d6,1772850623,2026-03-07T02:30:23+00:00,0.901,clob_prices_history
96773953960313048340895711765817431775606353405814859249629785260485292633238,0x6397f084bcee3390e92b0a4f8d0f1fa23ddabad1668c4a6783f5643564f646d6,1772851521,2026-03-07T02:45:21+00:00,0.901,clob_prices_history
96773953960313048340895711765817431775606353405814859249629785260485292633238,0x6397f084bcee3390e92b0a4f8d0f1fa23ddabad1668c4a6783f5643564f646d6,1772852427,2026-03-07T03:00:27+00:00,0.9,clob_prices_history
96773953960313048340895711765817431775606353405814859249629785260485292633238,0x6397f084bcee3390e92b0a4f8d0f1fa23ddabad1668c4a6783f5643564f646d6,1772853321,2026-03-07T03:15:21+00:00,0.9005,clob_prices_history
96773953960313048340895711765817431775606353405814859249629785260485292633238,0x6397f084bcee3390e92b0a4f8d0f1fa23ddabad1668c4a6783f5643564f646d6,1772854223,2026-03-07T03:30:23+00:00,0.9005,clob_prices_history
96773953960313048340895711765817431775606353405814859249629785260485292633238,0x6397f084bcee3390e92b0a4f8d0f1fa23ddabad1668c4a6783f5643564f646d6,1772855121,2026-03-07T03:45:21+00:00,0.9,clob_prices_history
96773953960313048340895711765817431775606353405814859249629785260485292633238,0x6397f084bcee3390e92b0a4f8d0f1fa23ddabad1668c4a6783f5643564f646d6,1772856023,2026-03-07T04:00:23+00:00,0.8995,clob_prices_history
96773953960313048340895711765817431775606353405814859249629785260485292633238,0x6397f084bcee3390e92b0a4f8d0f1fa23ddabad1668c4a6783f5643564f646d6,1772856921,2026-03-07T04:15:21+00:00,0.8995,clob_prices_history
96773953960313048340895711765817431775606353405814859249629785260485292633238,0x6397f084bcee3390e92b0a4f8d0f1fa23ddabad1668c4a6783f5643564f646d6,1772857824,2026-03-07T04:30:24+00:00,0.9005,clob_prices_history
96773953960313048340895711765817431775606353405814859249629785260485292633238,0x6397f084bcee3390e92b0a4f8d0f1fa23ddabad1668c4a6783f5643564f646d6,1772858721,2026-03-07T04:45:21+00:00,0.901,clob_prices_history
96773953960313048340895711765817431775606353405814859249629785260485292633238,0x6397f084bcee3390e92b0a4f8d0f1fa23ddabad1668c4a6783f5643564f646d6,1772859625,2026-03-07T05:00:25+00:00,0.9015,clob_prices_history
96773953960313048340895711765817431775606353405814859249629785260485292633238,0x6397f084bcee3390e92b0a4f8d0f1fa23ddabad1668c4a6783f5643564f646d6,1772860521,2026-03-07T05:15:21+00:00,0.9,clob_prices_history
96773953960313048340895711765817431775606353405814859249629785260485292633238,0x6397f084bcee3390e92b0a4f8d0f1fa23ddabad1668c4a6783f5643564f646d6,1772861422,2026-03-07T05:30:22+00:00,0.9,clob_prices_history
96773953960313048340895711765817431775606353405814859249629785260485292633238,0x6397f084bcee3390e92b0a4f8d0f1fa23ddabad1668c4a6783f5643564f646d6,1772862321,2026-03-07T05:45:21+00:00,0.9005,clob_prices_history
96773953960313048340895711765817431775606353405814859249629785260485292633238,0x6397f084bcee3390e92b0a4f8d0f1fa23ddabad1668c4a6783f5643564f646d6,1772863230,2026-03-07T06:00:30+00:00,0.8995,clob_prices_history
96773953960313048340895711765817431775606353405814859249629785260485292633238,0x6397f084bcee3390e92b0a4f8d0f1fa23ddabad1668c4a6783f5643564f646d6,1772864122,2026-03-07T06:15:22+00:00,0.8995,clob_prices_history
96773953960313048340895711765817431775606353405814859249629785260485292633238,0x6397f084bcee3390e92b0a4f8d0f1fa23ddabad1668c4a6783f5643564f646d6,1772865023,2026-03-07T06:30:23+00:00,0.8995,clob_prices_history
96773953960313048340895711765817431775606353405814859249629785260485292633238,0x6397f084bcee3390e92b0a4f8d0f1fa23ddabad1668c4a6783f5643564f646d6,1772865921,2026-03-07T06:45:21+00:00,0.8995,clob_prices_history
96773953960313048340895711765817431775606353405814859249629785260485292633238,0x6397f084bcee3390e92b0a4f8d0f1fa23ddabad1668c4a6783f5643564f646d6,1772866822,2026-03-07T07:00:22+00:00,0.8995,clob_prices_history
96773953960313048340895711765817431775606353405814859249629785260485292633238,0x6397f084bcee3390e92b0a4f8d0f1fa23ddabad1668c4a6783f5643564f646d6,1772867721,2026-03-07T07:15:21+00:00,0.899,clob_prices_history
96773953960313048340895711765817431775606353405814859249629785260485292633238,0x6397f084bcee3390e92b0a4f8d0f1fa23ddabad1668c4a6783f5643564f646d6,1772868622,2026-03-07T07:30:22+00:00,0.899,clob_prices_history
96773953960313048340895711765817431775606353405814859249629785260485292633238,0x6397f084bcee3390e92b0a4f8d0f1fa23ddabad1668c4a6783f5643564f646d6,1772869522,2026-03-07T07:45:22+00:00,0.899,clob_prices_history
96773953960313048340895711765817431775606353405814859249629785260485292633238,0x6397f084bcee3390e92b0a4f8d0f1fa23ddabad1668c4a6783f5643564f646d6,1772870430,2026-03-07T08:00:30+00:00,0.899,clob_prices_history
96773953960313048340895711765817431775606353405814859249629785260485292633238,0x6397f084bcee3390e92b0a4f8d0f1fa23ddabad1668c4a6783f5643564f646d6,1772871322,2026-03-07T08:15:22+00:00,0.8995,clob_prices_history
96773953960313048340895711765817431775606353405814859249629785260485292633238,0x6397f084bcee3390e92b0a4f8d0f1fa23ddabad1668c4a6783f5643564f646d6,1772872225,2026-03-07T08:30:25+00:00,0.8995,clob_prices_history
96773953960313048340895711765817431775606353405814859249629785260485292633238,0x6397f084bcee3390e92b0a4f8d0f1fa23ddabad1668c4a6783f5643564f646d6,1772873121,2026-03-07T08:45:21+00:00,0.9,clob_prices_history
96773953960313048340895711765817431775606353405814859249629785260485292633238,0x6397f084bcee3390e92b0a4f8d0f1fa23ddabad1668c4a6783f5643564f646d6,1772874029,2026-03-07T09:00:29+00:00,0.901,clob_prices_history
96773953960313048340895711765817431775606353405814859249629785260485292633238,0x6397f084bcee3390e92b0a4f8d0f1fa23ddabad1668c4a6783f5643564f646d6,1772874921,2026-03-07T09:15:21+00:00,0.902,clob_prices_history
96773953960313048340895711765817431775606353405814859249629785260485292633238,0x6397f084bcee3390e92b0a4f8d0f1fa23ddabad1668c4a6783f5643564f646d6,1772875823,2026-03-07T09:30:23+00:00,0.9,clob_prices_history
96773953960313048340895711765817431775606353405814859249629785260485292633238,0x6397f084bcee3390e92b0a4f8d0f1fa23ddabad1668c4a6783f5643564f646d6,1772876721,2026-03-07T09:45:21+00:00,0.9025,clob_prices_history
96773953960313048340895711765817431775606353405814859249629785260485292633238,0x6397f084bcee3390e92b0a4f8d0f1fa23ddabad1668c4a6783f5643564f646d6,1772877623,2026-03-07T10:00:23+00:00,0.9035,clob_prices_history
96773953960313048340895711765817431775606353405814859249629785260485292633238,0x6397f084bcee3390e92b0a4f8d0f1fa23ddabad1668c4a6783f5643564f646d6,1772878521,2026-03-07T10:15:21+00:00,0.9035,clob_prices_history
96773953960313048340895711765817431775606353405814859249629785260485292633238,0x6397f084bcee3390e92b0a4f8d0f1fa23ddabad1668c4a6783f5643564f646d6,1772879424,2026-03-07T10:30:24+00:00,0.9035,clob_prices_history
96773953960313048340895711765817431775606353405814859249629785260485292633238,0x6397f084bcee3390e92b0a4f8d0f1fa23ddabad1668c4a6783f5643564f646d6,1772880336,2026-03-07T10:45:36+00:00,0.9035,clob_prices_history
96773953960313048340895711765817431775606353405814859249629785260485292633238,0x6397f084bcee3390e92b0a4f8d0f1fa23ddabad1668c4a6783f5643564f646d6,1772881226,2026-03-07T11:00:26+00:00,0.9035,clob_prices_history
96773953960313048340895711765817431775606353405814859249629785260485292633238,0x6397f084bcee3390e92b0a4f8d0f1fa23ddabad1668c4a6783f5643564f646d6,1772882122,2026-03-07T11:15:22+00:00,0.9035,clob_prices_history
96773953960313048340895711765817431775606353405814859249629785260485292633238,0x6397f084bcee3390e92b0a4f8d0f1fa23ddabad1668c4a6783f5643564f646d6,1772883024,2026-03-07T11:30:24+00:00,0.9035,clob_prices_history
96773953960313048340895711765817431775606353405814859249629785260485292633238,0x6397f084bcee3390e92b0a4f8d0f1fa23ddabad1668c4a6783f5643564f646d6,1772883921,2026-03-07T11:45:21+00:00,0.9035,clob_prices_history
96773953960313048340895711765817431775606353405814859249629785260485292633238,0x6397f084bcee3390e92b0a4f8d0f1fa23ddabad1668c4a6783f5643564f646d6,1772884833,2026-03-07T12:00:33+00:00,0.9035,clob_prices_history
96773953960313048340895711765817431775606353405814859249629785260485292633238,0x6397f084bcee3390e92b0a4f8d0f1fa23ddabad1668c4a6783f5643564f646d6,1772885722,2026-03-07T12:15:22+00:00,0.9035,clob_prices_history
96773953960313048340895711765817431775606353405814859249629785260485292633238,0x6397f084bcee3390e92b0a4f8d0f1fa23ddabad1668c4a6783f5643564f646d6,1772886623,2026-03-07T12:30:23+00:00,0.9035,clob_prices_history
96773953960313048340895711765817431775606353405814859249629785260485292633238,0x6397f084bcee3390e92b0a4f8d0f1fa23ddabad1668c4a6783f5643564f646d6,1772887520,2026-03-07T12:45:20+00:00,0.9035,clob_prices_history
96773953960313048340895711765817431775606353405814859249629785260485292633238,0x6397f084bcee3390e92b0a4f8d0f1fa23ddabad1668c4a6783f5643564f646d6,1772888425,2026-03-07T13:00:25+00:00,0.9035,clob_prices_history
96773953960313048340895711765817431775606353405814859249629785260485292633238,0x6397f084bcee3390e92b0a4f8d0f1fa23ddabad1668c4a6783f5643564f646d6,1772889321,2026-03-07T13:15:21+00:00,0.9025,clob_prices_history
96773953960313048340895711765817431775606353405814859249629785260485292633238,0x6397f084bcee3390e92b0a4f8d0f1fa23ddabad1668c4a6783f5643564f646d6,1772890223,2026-03-07T13:30:23+00:00,0.902,clob_prices_history
96773953960313048340895711765817431775606353405814859249629785260485292633238,0x6397f084bcee3390e92b0a4f8d0f1fa23ddabad1668c4a6783f5643564f646d6,1772891122,2026-03-07T13:45:22+00:00,0.9025,clob_prices_history
96773953960313048340895711765817431775606353405814859249629785260485292633238,0x6397f084bcee3390e92b0a4f8d0f1fa23ddabad1668c4a6783f5643564f646d6,1772892025,2026-03-07T14:00:25+00:00,0.9025,clob_prices_history
96773953960313048340895711765817431775606353405814859249629785260485292633238,0x6397f084bcee3390e92b0a4f8d0f1fa23ddabad1668c4a6783f5643564f646d6,1772892921,2026-03-07T14:15:21+00:00,0.9105,clob_prices_history
96773953960313048340895711765817431775606353405814859249629785260485292633238,0x6397f084bcee3390e92b0a4f8d0f1fa23ddabad1668c4a6783f5643564f646d6,1772893824,2026-03-07T14:30:24+00:00,0.913,clob_prices_history
96773953960313048340895711765817431775606353405814859249629785260485292633238,0x6397f084bcee3390e92b0a4f8d0f1fa23ddabad1668c4a6783f5643564f646d6,1772894721,2026-03-07T14:45:21+00:00,0.9125,clob_prices_history
96773953960313048340895711765817431775606353405814859249629785260485292633238,0x6397f084bcee3390e92b0a4f8d0f1fa23ddabad1668c4a6783f5643564f646d6,1772895628,2026-03-07T15:00:28+00:00,0.913,clob_prices_history
96773953960313048340895711765817431775606353405814859249629785260485292633238,0x6397f084bcee3390e92b0a4f8d0f1fa23ddabad1668c4a6783f5643564f646d6,1772896521,2026-03-07T15:15:21+00:00,0.915,clob_prices_history
96773953960313048340895711765817431775606353405814859249629785260485292633238,0x6397f084bcee3390e92b0a4f8d0f1fa23ddabad1668c4a6783f5643564f646d6,1772897423,2026-03-07T15:30:23+00:00,0.915,clob_prices_history
96773953960313048340895711765817431775606353405814859249629785260485292633238,0x6397f084bcee3390e92b0a4f8d0f1fa23ddabad1668c4a6783f5643564f646d6,1772898321,2026-03-07T15:45:21+00:00,0.9155,clob_prices_history
96773953960313048340895711765817431775606353405814859249629785260485292633238,0x6397f084bcee3390e92b0a4f8d0f1fa23ddabad1668c4a6783f5643564f646d6,1772899226,2026-03-07T16:00:26+00:00,0.9155,clob_prices_history
96773953960313048340895711765817431775606353405814859249629785260485292633238,0x6397f084bcee3390e92b0a4f8d0f1fa23ddabad1668c4a6783f5643564f646d6,1772900122,2026-03-07T16:15:22+00:00,0.9175,clob_prices_history
96773953960313048340895711765817431775606353405814859249629785260485292633238,0x6397f084bcee3390e92b0a4f8d0f1fa23ddabad1668c4a6783f5643564f646d6,1772901024,2026-03-07T16:30:24+00:00,0.9175,clob_prices_history
96773953960313048340895711765817431775606353405814859249629785260485292633238,0x6397f084bcee3390e92b0a4f8d0f1fa23ddabad1668c4a6783f5643564f646d6,1772901921,2026-03-07T16:45:21+00:00,0.9175,clob_prices_history
96773953960313048340895711765817431775606353405814859249629785260485292633238,0x6397f084bcee3390e92b0a4f8d0f1fa23ddabad1668c4a6783f5643564f646d6,1772902831,2026-03-07T17:00:31+00:00,0.9175,clob_prices_history
96773953960313048340895711765817431775606353405814859249629785260485292633238,0x6397f084bcee3390e92b0a4f8d0f1fa23ddabad1668c4a6783f5643564f646d6,1772903722,2026-03-07T17:15:22+00:00,0.9175,clob_prices_history
96773953960313048340895711765817431775606353405814859249629785260485292633238,0x6397f084bcee3390e92b0a4f8d0f1fa23ddabad1668c4a6783f5643564f646d6,1772904623,2026-03-07T17:30:23+00:00,0.9175,clob_prices_history
96773953960313048340895711765817431775606353405814859249629785260485292633238,0x6397f084bcee3390e92b0a4f8d0f1fa23ddabad1668c4a6783f5643564f646d6,1772905523,2026-03-07T17:45:23+00:00,0.9175,clob_prices_history
96773953960313048340895711765817431775606353405814859249629785260485292633238,0x6397f084bcee3390e92b0a4f8d0f1fa23ddabad1668c4a6783f5643564f646d6,1772906429,2026-03-07T18:00:29+00:00,0.9175,clob_prices_history
96773953960313048340895711765817431775606353405814859249629785260485292633238,0x6397f084bcee3390e92b0a4f8d0f1fa23ddabad1668c4a6783f5643564f646d6,1772907321,2026-03-07T18:15:21+00:00,0.9175,clob_prices_history
96773953960313048340895711765817431775606353405814859249629785260485292633238,0x6397f084bcee3390e92b0a4f8d0f1fa23ddabad1668c4a6783f5643564f646d6,1772908223,2026-03-07T18:30:23+00:00,0.9175,clob_prices_history
96773953960313048340895711765817431775606353405814859249629785260485292633238,0x6397f084bcee3390e92b0a4f8d0f1fa23ddabad1668c4a6783f5643564f646d6,1772909122,2026-03-07T18:45:22+00:00,0.9175,clob_prices_history
96773953960313048340895711765817431775606353405814859249629785260485292633238,0x6397f084bcee3390e92b0a4f8d0f1fa23ddabad1668c4a6783f5643564f646d6,1772910024,2026-03-07T19:00:24+00:00,0.9175,clob_prices_history
96773953960313048340895711765817431775606353405814859249629785260485292633238,0x6397f084bcee3390e92b0a4f8d0f1fa23ddabad1668c4a6783f5643564f646d6,1772910922,2026-03-07T19:15:22+00:00,0.9175,clob_prices_history
96773953960313048340895711765817431775606353405814859249629785260485292633238,0x6397f084bcee3390e92b0a4f8d0f1fa23ddabad1668c4a6783f5643564f646d6,1772911822,2026-03-07T19:30:22+00:00,0.9175,clob_prices_history
96773953960313048340895711765817431775606353405814859249629785260485292633238,0x6397f084bcee3390e92b0a4f8d0f1fa23ddabad1668c4a6783f5643564f646d6,1772912720,2026-03-07T19:45:20+00:00,0.9175,clob_prices_history
96773953960313048340895711765817431775606353405814859249629785260485292633238,0x6397f084bcee3390e92b0a4f8d0f1fa23ddabad1668c4a6783f5643564f646d6,1772913624,2026-03-07T20:00:24+00:00,0.9175,clob_prices_history
96773953960313048340895711765817431775606353405814859249629785260485292633238,0x6397f084bcee3390e92b0a4f8d0f1fa23ddabad1668c4a6783f5643564f646d6,1772914522,2026-03-07T20:15:22+00:00,0.9175,clob_prices_history
96773953960313048340895711765817431775606353405814859249629785260485292633238,0x6397f084bcee3390e92b0a4f8d0f1fa23ddabad1668c4a6783f5643564f646d6,1772915424,2026-03-07T20:30:24+00:00,0.9175,clob_prices_history
96773953960313048340895711765817431775606353405814859249629785260485292633238,0x6397f084bcee3390e92b0a4f8d0f1fa23ddabad1668c4a6783f5643564f646d6,1772916333,2026-03-07T20:45:33+00:00,0.9175,clob_prices_history
96773953960313048340895711765817431775606353405814859249629785260485292633238,0x6397f084bcee3390e92b0a4f8d0f1fa23ddabad1668c4a6783f5643564f646d6,1772917229,2026-03-07T21:00:29+00:00,0.9175,clob_prices_history
96773953960313048340895711765817431775606353405814859249629785260485292633238,0x6397f084bcee3390e92b0a4f8d0f1fa23ddabad1668c4a6783f5643564f646d6,1772918122,2026-03-07T21:15:22+00:00,0.9175,clob_prices_history
96773953960313048340895711765817431775606353405814859249629785260485292633238,0x6397f084bcee3390e92b0a4f8d0f1fa23ddabad1668c4a6783f5643564f646d6,1772919023,2026-03-07T21:30:23+00:00,0.9175,clob_prices_history
96773953960313048340895711765817431775606353405814859249629785260485292633238,0x6397f084bcee3390e92b0a4f8d0f1fa23ddabad1668c4a6783f5643564f646d6,1772919921,2026-03-07T21:45:21+00:00,0.9175,clob_prices_history
96773953960313048340895711765817431775606353405814859249629785260485292633238,0x6397f084bcee3390e92b0a4f8d0f1fa23ddabad1668c4a6783f5643564f646d6,1772920824,2026-03-07T22:00:24+00:00,0.9175,clob_prices_history
96773953960313048340895711765817431775606353405814859249629785260485292633238,0x6397f084bcee3390e92b0a4f8d0f1fa23ddabad1668c4a6783f5643564f646d6,1772921722,2026-03-07T22:15:22+00:00,0.9175,clob_prices_history
96773953960313048340895711765817431775606353405814859249629785260485292633238,0x6397f084bcee3390e92b0a4f8d0f1fa23ddabad1668c4a6783f5643564f646d6,1772922622,2026-03-07T22:30:22+00:00,0.9175,clob_prices_history
96773953960313048340895711765817431775606353405814859249629785260485292633238,0x6397f084bcee3390e92b0a4f8d0f1fa23ddabad1668c4a6783f5643564f646d6,1772923522,2026-03-07T22:45:22+00:00,0.9175,clob_prices_history
96773953960313048340895711765817431775606353405814859249629785260485292633238,0x6397f084bcee3390e92b0a4f8d0f1fa23ddabad1668c4a6783f5643564f646d6,1772924422,2026-03-07T23:00:22+00:00,0.9175,clob_prices_history
96773953960313048340895711765817431775606353405814859249629785260485292633238,0x6397f084bcee3390e92b0a4f8d0f1fa23ddabad1668c4a6783f5643564f646d6,1772925321,2026-03-07T23:15:21+00:00,0.9175,clob_prices_history
96773953960313048340895711765817431775606353405814859249629785260485292633238,0x6397f084bcee3390e92b0a4f8d0f1fa23ddabad1668c4a6783f5643564f646d6,1772926224,2026-03-07T23:30:24+00:00,0.9175,clob_prices_history
96773953960313048340895711765817431775606353405814859249629785260485292633238,0x6397f084bcee3390e92b0a4f8d0f1fa23ddabad1668c4a6783f5643564f646d6,1772927122,2026-03-07T23:45:22+00:00,0.916,clob_prices_history
96773953960313048340895711765817431775606353405814859249629785260485292633238,0x6397f084bcee3390e92b0a4f8d0f1fa23ddabad1668c4a6783f5643564f646d6,1772928030,2026-03-08T00:00:30+00:00,0.9115,clob_prices_history
96773953960313048340895711765817431775606353405814859249629785260485292633238,0x6397f084bcee3390e92b0a4f8d0f1fa23ddabad1668c4a6783f5643564f646d6,1772928922,2026-03-08T00:15:22+00:00,0.91,clob_prices_history
96773953960313048340895711765817431775606353405814859249629785260485292633238,0x6397f084bcee3390e92b0a4f8d0f1fa23ddabad1668c4a6783f5643564f646d6,1772929823,2026-03-08T00:30:23+00:00,0.9165,clob_prices_history
96773953960313048340895711765817431775606353405814859249629785260485292633238,0x6397f084bcee3390e92b0a4f8d0f1fa23ddabad1668c4a6783f5643564f646d6,1772930721,2026-03-08T00:45:21+00:00,0.91,clob_prices_history
96773953960313048340895711765817431775606353405814859249629785260485292633238,0x6397f084bcee3390e92b0a4f8d0f1fa23ddabad1668c4a6783f5643564f646d6,1772931622,2026-03-08T01:00:22+00:00,0.91,clob_prices_history
96773953960313048340895711765817431775606353405814859249629785260485292633238,0x6397f084bcee3390e92b0a4f8d0f1fa23ddabad1668c4a6783f5643564f646d6,1772932520,2026-03-08T01:15:20+00:00,0.9105,clob_prices_history
96773953960313048340895711765817431775606353405814859249629785260485292633238,0x6397f084bcee3390e92b0a4f8d0f1fa23ddabad1668c4a6783f5643564f646d6,1772933421,2026-03-08T01:30:21+00:00,0.9095,clob_prices_history
96773953960313048340895711765817431775606353405814859249629785260485292633238,0x6397f084bcee3390e92b0a4f8d0f1fa23ddabad1668c4a6783f5643564f646d6,1772934322,2026-03-08T01:45:22+00:00,0.91,clob_prices_history
96773953960313048340895711765817431775606353405814859249629785260485292633238,0x6397f084bcee3390e92b0a4f8d0f1fa23ddabad1668c4a6783f5643564f646d6,1772935223,2026-03-08T02:00:23+00:00,0.9105,clob_prices_history
96773953960313048340895711765817431775606353405814859249629785260485292633238,0x6397f084bcee3390e92b0a4f8d0f1fa23ddabad1668c4a6783f5643564f646d6,1772936121,2026-03-08T02:15:21+00:00,0.91,clob_prices_history
96773953960313048340895711765817431775606353405814859249629785260485292633238,0x6397f084bcee3390e92b0a4f8d0f1fa23ddabad1668c4a6783f5643564f646d6,1772937021,2026-03-08T02:30:21+00:00,0.91,clob_prices_history
96773953960313048340895711765817431775606353405814859249629785260485292633238,0x6397f084bcee3390e92b0a4f8d0f1fa23ddabad1668c4a6783f5643564f646d6,1772937921,2026-03-08T02:45:21+00:00,0.911,clob_prices_history
96773953960313048340895711765817431775606353405814859249629785260485292633238,0x6397f084bcee3390e92b0a4f8d0f1fa23ddabad1668c4a6783f5643564f646d6,1772938839,2026-03-08T03:00:39+00:00,0.913,clob_prices_history
96773953960313048340895711765817431775606353405814859249629785260485292633238,0x6397f084bcee3390e92b0a4f8d0f1fa23ddabad1668c4a6783f5643564f646d6,1772939722,2026-03-08T03:15:22+00:00,0.9115,clob_prices_history
96773953960313048340895711765817431775606353405814859249629785260485292633238,0x6397f084bcee3390e92b0a4f8d0f1fa23ddabad1668c4a6783f5643564f646d6,1772940621,2026-03-08T03:30:21+00:00,0.9115,clob_prices_history
96773953960313048340895711765817431775606353405814859249629785260485292633238,0x6397f084bcee3390e92b0a4f8d0f1fa23ddabad1668c4a6783f5643564f646d6,1772941520,2026-03-08T03:45:20+00:00,0.91,clob_prices_history
96773953960313048340895711765817431775606353405814859249629785260485292633238,0x6397f084bcee3390e92b0a4f8d0f1fa23ddabad1668c4a6783f5643564f646d6,1772942425,2026-03-08T04:00:25+00:00,0.91,clob_prices_history
96773953960313048340895711765817431775606353405814859249629785260485292633238,0x6397f084bcee3390e92b0a4f8d0f1fa23ddabad1668c4a6783f5643564f646d6,1772943321,2026-03-08T04:15:21+00:00,0.911,clob_prices_history
96773953960313048340895711765817431775606353405814859249629785260485292633238,0x6397f084bcee3390e92b0a4f8d0f1fa23ddabad1668c4a6783f5643564f646d6,1772944221,2026-03-08T04:30:21+00:00,0.911,clob_prices_history
96773953960313048340895711765817431775606353405814859249629785260485292633238,0x6397f084bcee3390e92b0a4f8d0f1fa23ddabad1668c4a6783f5643564f646d6,1772945120,2026-03-08T04:45:20+00:00,0.9105,clob_prices_history
96773953960313048340895711765817431775606353405814859249629785260485292633238,0x6397f084bcee3390e92b0a4f8d0f1fa23ddabad1668c4a6783f5643564f646d6,1772946022,2026-03-08T05:00:22+00:00,0.91,clob_prices_history
96773953960313048340895711765817431775606353405814859249629785260485292633238,0x6397f084bcee3390e92b0a4f8d0f1fa23ddabad1668c4a6783f5643564f646d6,1772946921,2026-03-08T05:15:21+00:00,0.9105,clob_prices_history
96773953960313048340895711765817431775606353405814859249629785260485292633238,0x6397f084bcee3390e92b0a4f8d0f1fa23ddabad1668c4a6783f5643564f646d6,1772947821,2026-03-08T05:30:21+00:00,0.91,clob_prices_history
96773953960313048340895711765817431775606353405814859249629785260485292633238,0x6397f084bcee3390e92b0a4f8d0f1fa23ddabad1668c4a6783f5643564f646d6,1772948720,2026-03-08T05:45:20+00:00,0.9105,clob_prices_history
96773953960313048340895711765817431775606353405814859249629785260485292633238,0x6397f084bcee3390e92b0a4f8d0f1fa23ddabad1668c4a6783f5643564f646d6,1772949628,2026-03-08T06:00:28+00:00,0.9105,clob_prices_history
96773953960313048340895711765817431775606353405814859249629785260485292633238,0x6397f084bcee3390e92b0a4f8d0f1fa23ddabad1668c4a6783f5643564f646d6,1772950534,2026-03-08T06:15:34+00:00,0.91,clob_prices_history
96773953960313048340895711765817431775606353405814859249629785260485292633238,0x6397f084bcee3390e92b0a4f8d0f1fa23ddabad1668c4a6783f5643564f646d6,1772951422,2026-03-08T06:30:22+00:00,0.91,clob_prices_history
96773953960313048340895711765817431775606353405814859249629785260485292633238,0x6397f084bcee3390e92b0a4f8d0f1fa23ddabad1668c4a6783f5643564f646d6,1772952321,2026-03-08T06:45:21+00:00,0.91,clob_prices_history
96773953960313048340895711765817431775606353405814859249629785260485292633238,0x6397f084bcee3390e92b0a4f8d0f1fa23ddabad1668c4a6783f5643564f646d6,1772953225,2026-03-08T07:00:25+00:00,0.91,clob_prices_history
96773953960313048340895711765817431775606353405814859249629785260485292633238,0x6397f084bcee3390e92b0a4f8d0f1fa23ddabad1668c4a6783f5643564f646d6,1772954120,2026-03-08T07:15:20+00:00,0.903,clob_prices_history
96773953960313048340895711765817431775606353405814859249629785260485292633238,0x6397f084bcee3390e92b0a4f8d0f1fa23ddabad1668c4a6783f5643564f646d6,1772955037,2026-03-08T07:30:37+00:00,0.9025,clob_prices_history
96773953960313048340895711765817431775606353405814859249629785260485292633238,0x6397f084bcee3390e92b0a4f8d0f1fa23ddabad1668c4a6783f5643564f646d6,1772955921,2026-03-08T07:45:21+00:00,0.901,clob_prices_history
96773953960313048340895711765817431775606353405814859249629785260485292633238,0x6397f084bcee3390e92b0a4f8d0f1fa23ddabad1668c4a6783f5643564f646d6,1772956822,2026-03-08T08:00:22+00:00,0.8995,clob_prices_history
96773953960313048340895711765817431775606353405814859249629785260485292633238,0x6397f084bcee3390e92b0a4f8d0f1fa23ddabad1668c4a6783f5643564f646d6,1772957720,2026-03-08T08:15:20+00:00,0.9,clob_prices_history
96773953960313048340895711765817431775606353405814859249629785260485292633238,0x6397f084bcee3390e92b0a4f8d0f1fa23ddabad1668c4a6783f5643564f646d6,1772958622,2026-03-08T08:30:22+00:00,0.8995,clob_prices_history
96773953960313048340895711765817431775606353405814859249629785260485292633238,0x6397f084bcee3390e92b0a4f8d0f1fa23ddabad1668c4a6783f5643564f646d6,1772959521,2026-03-08T08:45:21+00:00,0.8995,clob_prices_history
96773953960313048340895711765817431775606353405814859249629785260485292633238,0x6397f084bcee3390e92b0a4f8d0f1fa23ddabad1668c4a6783f5643564f646d6,1772960427,2026-03-08T09:00:27+00:00,0.8995,clob_prices_history
96773953960313048340895711765817431775606353405814859249629785260485292633238,0x6397f084bcee3390e92b0a4f8d0f1fa23ddabad1668c4a6783f5643564f646d6,1772961322,2026-03-08T09:15:22+00:00,0.9015,clob_prices_history
96773953960313048340895711765817431775606353405814859249629785260485292633238,0x6397f084bcee3390e92b0a4f8d0f1fa23ddabad1668c4a6783f5643564f646d6,1772962222,2026-03-08T09:30:22+00:00,0.9015,clob_prices_history
96773953960313048340895711765817431775606353405814859249629785260485292633238,0x6397f084bcee3390e92b0a4f8d0f1fa23ddabad1668c4a6783f5643564f646d6,1772963120,2026-03-08T09:45:20+00:00,0.9,clob_prices_history
96773953960313048340895711765817431775606353405814859249629785260485292633238,0x6397f084bcee3390e92b0a4f8d0f1fa23ddabad1668c4a6783f5643564f646d6,1772964023,2026-03-08T10:00:23+00:00,0.9,clob_prices_history
96773953960313048340895711765817431775606353405814859249629785260485292633238,0x6397f084bcee3390e92b0a4f8d0f1fa23ddabad1668c4a6783f5643564f646d6,1772964935,2026-03-08T10:15:35+00:00,0.9,clob_prices_history
96773953960313048340895711765817431775606353405814859249629785260485292633238,0x6397f084bcee3390e92b0a4f8d0f1fa23ddabad1668c4a6783f5643564f646d6,1772965824,2026-03-08T10:30:24+00:00,0.9,clob_prices_history
96773953960313048340895711765817431775606353405814859249629785260485292633238,0x6397f084bcee3390e92b0a4f8d0f1fa23ddabad1668c4a6783f5643564f646d6,1772966720,2026-03-08T10:45:20+00:00,0.9,clob_prices_history
96773953960313048340895711765817431775606353405814859249629785260485292633238,0x6397f084bcee3390e92b0a4f8d0f1fa23ddabad1668c4a6783f5643564f646d6,1772967622,2026-03-08T11:00:22+00:00,0.9,clob_prices_history
96773953960313048340895711765817431775606353405814859249629785260485292633238,0x6397f084bcee3390e92b0a4f8d0f1fa23ddabad1668c4a6783f5643564f646d6,1772968523,2026-03-08T11:15:23+00:00,0.9005,clob_prices_history
96773953960313048340895711765817431775606353405814859249629785260485292633238,0x6397f084bcee3390e92b0a4f8d0f1fa23ddabad1668c4a6783f5643564f646d6,1772969421,2026-03-08T11:30:21+00:00,0.9025,clob_prices_history
96773953960313048340895711765817431775606353405814859249629785260485292633238,0x6397f084bcee3390e92b0a4f8d0f1fa23ddabad1668c4a6783f5643564f646d6,1772970322,2026-03-08T11:45:22+00:00,0.903,clob_prices_history
96773953960313048340895711765817431775606353405814859249629785260485292633238,0x6397f084bcee3390e92b0a4f8d0f1fa23ddabad1668c4a6783f5643564f646d6,1772971228,2026-03-08T12:00:28+00:00,0.902,clob_prices_history
96773953960313048340895711765817431775606353405814859249629785260485292633238,0x6397f084bcee3390e92b0a4f8d0f1fa23ddabad1668c4a6783f5643564f646d6,1772972120,2026-03-08T12:15:20+00:00,0.9015,clob_prices_history
96773953960313048340895711765817431775606353405814859249629785260485292633238,0x6397f084bcee3390e92b0a4f8d0f1fa23ddabad1668c4a6783f5643564f646d6,1772973022,2026-03-08T12:30:22+00:00,0.902,clob_prices_history
96773953960313048340895711765817431775606353405814859249629785260485292633238,0x6397f084bcee3390e92b0a4f8d0f1fa23ddabad1668c4a6783f5643564f646d6,1772973919,2026-03-08T12:45:19+00:00,0.9015,clob_prices_history
96773953960313048340895711765817431775606353405814859249629785260485292633238,0x6397f084bcee3390e92b0a4f8d0f1fa23ddabad1668c4a6783f5643564f646d6,1772974821,2026-03-08T13:00:21+00:00,0.904,clob_prices_history
96773953960313048340895711765817431775606353405814859249629785260485292633238,0x6397f084bcee3390e92b0a4f8d0f1fa23ddabad1668c4a6783f5643564f646d6,1772975720,2026-03-08T13:15:20+00:00,0.9035,clob_prices_history
96773953960313048340895711765817431775606353405814859249629785260485292633238,0x6397f084bcee3390e92b0a4f8d0f1fa23ddabad1668c4a6783f5643564f646d6,1772976621,2026-03-08T13:30:21+00:00,0.9035,clob_prices_history
96773953960313048340895711765817431775606353405814859249629785260485292633238,0x6397f084bcee3390e92b0a4f8d0f1fa23ddabad1668c4a6783f5643564f646d6,1772977521,2026-03-08T13:45:21+00:00,0.904,clob_prices_history
96773953960313048340895711765817431775606353405814859249629785260485292633238,0x6397f084bcee3390e92b0a4f8d0f1fa23ddabad1668c4a6783f5643564f646d6,1772978424,2026-03-08T14:00:24+00:00,0.9035,clob_prices_history
96773953960313048340895711765817431775606353405814859249629785260485292633238,0x6397f084bcee3390e92b0a4f8d0f1fa23ddabad1668c4a6783f5643564f646d6,1772979319,2026-03-08T14:15:19+00:00,0.9035,clob_prices_history
96773953960313048340895711765817431775606353405814859249629785260485292633238,0x6397f084bcee3390e92b0a4f8d0f1fa23ddabad1668c4a6783f5643564f646d6,1772980221,2026-03-08T14:30:21+00:00,0.904,clob_prices_history
96773953960313048340895711765817431775606353405814859249629785260485292633238,0x6397f084bcee3390e92b0a4f8d0f1fa23ddabad1668c4a6783f5643564f646d6,1772981120,2026-03-08T14:45:20+00:00,0.904,clob_prices_history
96773953960313048340895711765817431775606353405814859249629785260485292633238,0x6397f084bcee3390e92b0a4f8d0f1fa23ddabad1668c4a6783f5643564f646d6,1772982027,2026-03-08T15:00:27+00:00,0.904,clob_prices_history
96773953960313048340895711765817431775606353405814859249629785260485292633238,0x6397f084bcee3390e92b0a4f8d0f1fa23ddabad1668c4a6783f5643564f646d6,1772982919,2026-03-08T15:15:19+00:00,0.904,clob_prices_history
96773953960313048340895711765817431775606353405814859249629785260485292633238,0x6397f084bcee3390e92b0a4f8d0f1fa23ddabad1668c4a6783f5643564f646d6,1772983821,2026-03-08T15:30:21+00:00,0.97,clob_prices_history
96773953960313048340895711765817431775606353405814859249629785260485292633238,0x6397f084bcee3390e92b0a4f8d0f1fa23ddabad1668c4a6783f5643564f646d6,1772984720,2026-03-08T15:45:20+00:00,0.9755,clob_prices_history
96773953960313048340895711765817431775606353405814859249629785260485292633238,0x6397f084bcee3390e92b0a4f8d0f1fa23ddabad1668c4a6783f5643564f646d6,1772985621,2026-03-08T16:00:21+00:00,0.9735,clob_prices_history
96773953960313048340895711765817431775606353405814859249629785260485292633238,0x6397f084bcee3390e92b0a4f8d0f1fa23ddabad1668c4a6783f5643564f646d6,1772986520,2026-03-08T16:15:20+00:00,0.9715,clob_prices_history
96773953960313048340895711765817431775606353405814859249629785260485292633238,0x6397f084bcee3390e92b0a4f8d0f1fa23ddabad1668c4a6783f5643564f646d6,1772987422,2026-03-08T16:30:22+00:00,0.9715,clob_prices_history
96773953960313048340895711765817431775606353405814859249629785260485292633238,0x6397f084bcee3390e92b0a4f8d0f1fa23ddabad1668c4a6783f5643564f646d6,1772988322,2026-03-08T16:45:22+00:00,0.971,clob_prices_history
96773953960313048340895711765817431775606353405814859249629785260485292633238,0x6397f084bcee3390e92b0a4f8d0f1fa23ddabad1668c4a6783f5643564f646d6,1772989232,2026-03-08T17:00:32+00:00,0.971,clob_prices_history
96773953960313048340895711765817431775606353405814859249629785260485292633238,0x6397f084bcee3390e92b0a4f8d0f1fa23ddabad1668c4a6783f5643564f646d6,1772990121,2026-03-08T17:15:21+00:00,0.971,clob_prices_history
96773953960313048340895711765817431775606353405814859249629785260485292633238,0x6397f084bcee3390e92b0a4f8d0f1fa23ddabad1668c4a6783f5643564f646d6,1772991021,2026-03-08T17:30:21+00:00,0.971,clob_prices_history
96773953960313048340895711765817431775606353405814859249629785260485292633238,0x6397f084bcee3390e92b0a4f8d0f1fa23ddabad1668c4a6783f5643564f646d6,1772991919,2026-03-08T17:45:19+00:00,0.977,clob_prices_history
96773953960313048340895711765817431775606353405814859249629785260485292633238,0x6397f084bcee3390e92b0a4f8d0f1fa23ddabad1668c4a6783f5643564f646d6,1772992826,2026-03-08T18:00:26+00:00,0.972,clob_prices_history
96773953960313048340895711765817431775606353405814859249629785260485292633238,0x6397f084bcee3390e92b0a4f8d0f1fa23ddabad1668c4a6783f5643564f646d6,1772993736,2026-03-08T18:15:36+00:00,0.974,clob_prices_history
96773953960313048340895711765817431775606353405814859249629785260485292633238,0x6397f084bcee3390e92b0a4f8d0f1fa23ddabad1668c4a6783f5643564f646d6,1772994622,2026-03-08T18:30:22+00:00,0.9725,clob_prices_history
96773953960313048340895711765817431775606353405814859249629785260485292633238,0x6397f084bcee3390e92b0a4f8d0f1fa23ddabad1668c4a6783f5643564f646d6,1772995520,2026-03-08T18:45:20+00:00,0.972,clob_prices_history
96773953960313048340895711765817431775606353405814859249629785260485292633238,0x6397f084bcee3390e92b0a4f8d0f1fa23ddabad1668c4a6783f5643564f646d6,1772996422,2026-03-08T19:00:22+00:00,0.972,clob_prices_history
96773953960313048340895711765817431775606353405814859249629785260485292633238,0x6397f084bcee3390e92b0a4f8d0f1fa23ddabad1668c4a6783f5643564f646d6,1772997322,2026-03-08T19:15:22+00:00,0.9725,clob_prices_history
96773953960313048340895711765817431775606353405814859249629785260485292633238,0x6397f084bcee3390e92b0a4f8d0f1fa23ddabad1668c4a6783f5643564f646d6,1772998221,2026-03-08T19:30:21+00:00,0.973,clob_prices_history
96773953960313048340895711765817431775606353405814859249629785260485292633238,0x6397f084bcee3390e92b0a4f8d0f1fa23ddabad1668c4a6783f5643564f646d6,1772999120,2026-03-08T19:45:20+00:00,0.9745,clob_prices_history
96773953960313048340895711765817431775606353405814859249629785260485292633238,0x6397f084bcee3390e92b0a4f8d0f1fa23ddabad1668c4a6783f5643564f646d6,1773000022,2026-03-08T20:00:22+00:00,0.974,clob_prices_history
96773953960313048340895711765817431775606353405814859249629785260485292633238,0x6397f084bcee3390e92b0a4f8d0f1fa23ddabad1668c4a6783f5643564f646d6,1773000920,2026-03-08T20:15:20+00:00,0.9735,clob_prices_history
96773953960313048340895711765817431775606353405814859249629785260485292633238,0x6397f084bcee3390e92b0a4f8d0f1fa23ddabad1668c4a6783f5643564f646d6,1773001824,2026-03-08T20:30:24+00:00,0.974,clob_prices_history
96773953960313048340895711765817431775606353405814859249629785260485292633238,0x6397f084bcee3390e92b0a4f8d0f1fa23ddabad1668c4a6783f5643564f646d6,1773002721,2026-03-08T20:45:21+00:00,0.9775,clob_prices_history
96773953960313048340895711765817431775606353405814859249629785260485292633238,0x6397f084bcee3390e92b0a4f8d0f1fa23ddabad1668c4a6783f5643564f646d6,1773003639,2026-03-08T21:00:39+00:00,0.975,clob_prices_history
96773953960313048340895711765817431775606353405814859249629785260485292633238,0x6397f084bcee3390e92b0a4f8d0f1fa23ddabad1668c4a6783f5643564f646d6,1773004533,2026-03-08T21:15:33+00:00,0.9765,clob_prices_history
96773953960313048340895711765817431775606353405814859249629785260485292633238,0x6397f084bcee3390e92b0a4f8d0f1fa23ddabad1668c4a6783f5643564f646d6,1773005420,2026-03-08T21:30:20+00:00,0.977,clob_prices_history
96773953960313048340895711765817431775606353405814859249629785260485292633238,0x6397f084bcee3390e92b0a4f8d0f1fa23ddabad1668c4a6783f5643564f646d6,1773006321,2026-03-08T21:45:21+00:00,0.9765,clob_prices_history
96773953960313048340895711765817431775606353405814859249629785260485292633238,0x6397f084bcee3390e92b0a4f8d0f1fa23ddabad1668c4a6783f5643564f646d6,1773007219,2026-03-08T22:00:19+00:00,0.9765,clob_prices_history
96773953960313048340895711765817431775606353405814859249629785260485292633238,0x6397f084bcee3390e92b0a4f8d0f1fa23ddabad1668c4a6783f5643564f646d6,1773008120,2026-03-08T22:15:20+00:00,0.9735,clob_prices_history
96773953960313048340895711765817431775606353405814859249629785260485292633238,0x6397f084bcee3390e92b0a4f8d0f1fa23ddabad1668c4a6783f5643564f646d6,1773009021,2026-03-08T22:30:21+00:00,0.9715,clob_prices_history
96773953960313048340895711765817431775606353405814859249629785260485292633238,0x6397f084bcee3390e92b0a4f8d0f1fa23ddabad1668c4a6783f5643564f646d6,1773009920,2026-03-08T22:45:20+00:00,0.964,clob_prices_history
96773953960313048340895711765817431775606353405814859249629785260485292633238,0x6397f084bcee3390e92b0a4f8d0f1fa23ddabad1668c4a6783f5643564f646d6,1773010820,2026-03-08T23:00:20+00:00,0.9615,clob_prices_history
96773953960313048340895711765817431775606353405814859249629785260485292633238,0x6397f084bcee3390e92b0a4f8d0f1fa23ddabad1668c4a6783f5643564f646d6,1773011720,2026-03-08T23:15:20+00:00,0.9615,clob_prices_history
96773953960313048340895711765817431775606353405814859249629785260485292633238,0x6397f084bcee3390e92b0a4f8d0f1fa23ddabad1668c4a6783f5643564f646d6,1773012620,2026-03-08T23:30:20+00:00,0.9615,clob_prices_history
96773953960313048340895711765817431775606353405814859249629785260485292633238,0x6397f084bcee3390e92b0a4f8d0f1fa23ddabad1668c4a6783f5643564f646d6,1773013519,2026-03-08T23:45:19+00:00,0.9615,clob_prices_history
96773953960313048340895711765817431775606353405814859249629785260485292633238,0x6397f084bcee3390e92b0a4f8d0f1fa23ddabad1668c4a6783f5643564f646d6,1773014425,2026-03-09T00:00:25+00:00,0.9595,clob_prices_history
96773953960313048340895711765817431775606353405814859249629785260485292633238,0x6397f084bcee3390e92b0a4f8d0f1fa23ddabad1668c4a6783f5643564f646d6,1773015331,2026-03-09T00:15:31+00:00,0.96,clob_prices_history
96773953960313048340895711765817431775606353405814859249629785260485292633238,0x6397f084bcee3390e92b0a4f8d0f1fa23ddabad1668c4a6783f5643564f646d6,1773016222,2026-03-09T00:30:22+00:00,0.957,clob_prices_history
96773953960313048340895711765817431775606353405814859249629785260485292633238,0x6397f084bcee3390e92b0a4f8d0f1fa23ddabad1668c4a6783f5643564f646d6,1773017119,2026-03-09T00:45:19+00:00,0.954,clob_prices_history
96773953960313048340895711765817431775606353405814859249629785260485292633238,0x6397f084bcee3390e92b0a4f8d0f1fa23ddabad1668c4a6783f5643564f646d6,1773018022,2026-03-09T01:00:22+00:00,0.953,clob_prices_history
96773953960313048340895711765817431775606353405814859249629785260485292633238,0x6397f084bcee3390e92b0a4f8d0f1fa23ddabad1668c4a6783f5643564f646d6,1773018919,2026-03-09T01:15:19+00:00,0.952,clob_prices_history
96773953960313048340895711765817431775606353405814859249629785260485292633238,0x6397f084bcee3390e92b0a4f8d0f1fa23ddabad1668c4a6783f5643564f646d6,1773019820,2026-03-09T01:30:20+00:00,0.952,clob_prices_history
96773953960313048340895711765817431775606353405814859249629785260485292633238,0x6397f084bcee3390e92b0a4f8d0f1fa23ddabad1668c4a6783f5643564f646d6,1773020718,2026-03-09T01:45:18+00:00,0.9515,clob_prices_history
96773953960313048340895711765817431775606353405814859249629785260485292633238,0x6397f084bcee3390e92b0a4f8d0f1fa23ddabad1668c4a6783f5643564f646d6,1773021620,2026-03-09T02:00:20+00:00,0.949,clob_prices_history
96773953960313048340895711765817431775606353405814859249629785260485292633238,0x6397f084bcee3390e92b0a4f8d0f1fa23ddabad1668c4a6783f5643564f646d6,1773022518,2026-03-09T02:15:18+00:00,0.9485,clob_prices_history
96773953960313048340895711765817431775606353405814859249629785260485292633238,0x6397f084bcee3390e92b0a4f8d0f1fa23ddabad1668c4a6783f5643564f646d6,1773023419,2026-03-09T02:30:19+00:00,0.9445,clob_prices_history
96773953960313048340895711765817431775606353405814859249629785260485292633238,0x6397f084bcee3390e92b0a4f8d0f1fa23ddabad1668c4a6783f5643564f646d6,1773024318,2026-03-09T02:45:18+00:00,0.942,clob_prices_history
96773953960313048340895711765817431775606353405814859249629785260485292633238,0x6397f084bcee3390e92b0a4f8d0f1fa23ddabad1668c4a6783f5643564f646d6,1773025225,2026-03-09T03:00:25+00:00,0.9335,clob_prices_history
96773953960313048340895711765817431775606353405814859249629785260485292633238,0x6397f084bcee3390e92b0a4f8d0f1fa23ddabad1668c4a6783f5643564f646d6,1773026119,2026-03-09T03:15:19+00:00,0.933,clob_prices_history
96773953960313048340895711765817431775606353405814859249629785260485292633238,0x6397f084bcee3390e92b0a4f8d0f1fa23ddabad1668c4a6783f5643564f646d6,1773027019,2026-03-09T03:30:19+00:00,0.9255,clob_prices_history
96773953960313048340895711765817431775606353405814859249629785260485292633238,0x6397f084bcee3390e92b0a4f8d0f1fa23ddabad1668c4a6783f5643564f646d6,1773027918,2026-03-09T03:45:18+00:00,0.9275,clob_prices_history
96773953960313048340895711765817431775606353405814859249629785260485292633238,0x6397f084bcee3390e92b0a4f8d0f1fa23ddabad1668c4a6783f5643564f646d6,1773028821,2026-03-09T04:00:21+00:00,0.9275,clob_prices_history
96773953960313048340895711765817431775606353405814859249629785260485292633238,0x6397f084bcee3390e92b0a4f8d0f1fa23ddabad1668c4a6783f5643564f646d6,1773029718,2026-03-09T04:15:18+00:00,0.9275,clob_prices_history
96773953960313048340895711765817431775606353405814859249629785260485292633238,0x6397f084bcee3390e92b0a4f8d0f1fa23ddabad1668c4a6783f5643564f646d6,1773030620,2026-03-09T04:30:20+00:00,0.9275,clob_prices_history
96773953960313048340895711765817431775606353405814859249629785260485292633238,0x6397f084bcee3390e92b0a4f8d0f1fa23ddabad1668c4a6783f5643564f646d6,1773031517,2026-03-09T04:45:17+00:00,0.9285,clob_prices_history
96773953960313048340895711765817431775606353405814859249629785260485292633238,0x6397f084bcee3390e92b0a4f8d0f1fa23ddabad1668c4a6783f5643564f646d6,1773032420,2026-03-09T05:00:20+00:00,0.9285,clob_prices_history
96773953960313048340895711765817431775606353405814859249629785260485292633238,0x6397f084bcee3390e92b0a4f8d0f1fa23ddabad1668c4a6783f5643564f646d6,1773033318,2026-03-09T05:15:18+00:00,0.9285,clob_prices_history
96773953960313048340895711765817431775606353405814859249629785260485292633238,0x6397f084bcee3390e92b0a4f8d0f1fa23ddabad1668c4a6783f5643564f646d6,1773034219,2026-03-09T05:30:19+00:00,0.9285,clob_prices_history
96773953960313048340895711765817431775606353405814859249629785260485292633238,0x6397f084bcee3390e92b0a4f8d0f1fa23ddabad1668c4a6783f5643564f646d6,1773035118,2026-03-09T05:45:18+00:00,0.9305,clob_prices_history
96773953960313048340895711765817431775606353405814859249629785260485292633238,0x6397f084bcee3390e92b0a4f8d0f1fa23ddabad1668c4a6783f5643564f646d6,1773036026,2026-03-09T06:00:26+00:00,0.9315,clob_prices_history
96773953960313048340895711765817431775606353405814859249629785260485292633238,0x6397f084bcee3390e92b0a4f8d0f1fa23ddabad1668c4a6783f5643564f646d6,1773036918,2026-03-09T06:15:18+00:00,0.9315,clob_prices_history
96773953960313048340895711765817431775606353405814859249629785260485292633238,0x6397f084bcee3390e92b0a4f8d0f1fa23ddabad1668c4a6783f5643564f646d6,1773037820,2026-03-09T06:30:20+00:00,0.9315,clob_prices_history
96773953960313048340895711765817431775606353405814859249629785260485292633238,0x6397f084bcee3390e92b0a4f8d0f1fa23ddabad1668c4a6783f5643564f646d6,1773038718,2026-03-09T06:45:18+00:00,0.9315,clob_prices_history
96773953960313048340895711765817431775606353405814859249629785260485292633238,0x6397f084bcee3390e92b0a4f8d0f1fa23ddabad1668c4a6783f5643564f646d6,1773039621,2026-03-09T07:00:21+00:00,0.9315,clob_prices_history
96773953960313048340895711765817431775606353405814859249629785260485292633238,0x6397f084bcee3390e92b0a4f8d0f1fa23ddabad1668c4a6783f5643564f646d6,1773040518,2026-03-09T07:15:18+00:00,0.9315,clob_prices_history
96773953960313048340895711765817431775606353405814859249629785260485292633238,0x6397f084bcee3390e92b0a4f8d0f1fa23ddabad1668c4a6783f5643564f646d6,1773041419,2026-03-09T07:30:19+00:00,0.9315,clob_prices_history
96773953960313048340895711765817431775606353405814859249629785260485292633238,0x6397f084bcee3390e92b0a4f8d0f1fa23ddabad1668c4a6783f5643564f646d6,1773042317,2026-03-09T07:45:17+00:00,0.9315,clob_prices_history
96773953960313048340895711765817431775606353405814859249629785260485292633238,0x6397f084bcee3390e92b0a4f8d0f1fa23ddabad1668c4a6783f5643564f646d6,1773043220,2026-03-09T08:00:20+00:00,0.9315,clob_prices_history
96773953960313048340895711765817431775606353405814859249629785260485292633238,0x6397f084bcee3390e92b0a4f8d0f1fa23ddabad1668c4a6783f5643564f646d6,1773044119,2026-03-09T08:15:19+00:00,0.9315,clob_prices_history
96773953960313048340895711765817431775606353405814859249629785260485292633238,0x6397f084bcee3390e92b0a4f8d0f1fa23ddabad1668c4a6783f5643564f646d6,1773045018,2026-03-09T08:30:18+00:00,0.9315,clob_prices_history
96773953960313048340895711765817431775606353405814859249629785260485292633238,0x6397f084bcee3390e92b0a4f8d0f1fa23ddabad1668c4a6783f5643564f646d6,1773045918,2026-03-09T08:45:18+00:00,0.9315,clob_prices_history
96773953960313048340895711765817431775606353405814859249629785260485292633238,0x6397f084bcee3390e92b0a4f8d0f1fa23ddabad1668c4a6783f5643564f646d6,1773046824,2026-03-09T09:00:24+00:00,0.9315,clob_prices_history
96773953960313048340895711765817431775606353405814859249629785260485292633238,0x6397f084bcee3390e92b0a4f8d0f1fa23ddabad1668c4a6783f5643564f646d6,1773047717,2026-03-09T09:15:17+00:00,0.931,clob_prices_history
96773953960313048340895711765817431775606353405814859249629785260485292633238,0x6397f084bcee3390e92b0a4f8d0f1fa23ddabad1668c4a6783f5643564f646d6,1773048618,2026-03-09T09:30:18+00:00,0.9315,clob_prices_history
96773953960313048340895711765817431775606353405814859249629785260485292633238,0x6397f084bcee3390e92b0a4f8d0f1fa23ddabad1668c4a6783f5643564f646d6,1773049516,2026-03-09T09:45:16+00:00,0.9345,clob_prices_history
96773953960313048340895711765817431775606353405814859249629785260485292633238,0x6397f084bcee3390e92b0a4f8d0f1fa23ddabad1668c4a6783f5643564f646d6,1773050420,2026-03-09T10:00:20+00:00,0.935,clob_prices_history
96773953960313048340895711765817431775606353405814859249629785260485292633238,0x6397f084bcee3390e92b0a4f8d0f1fa23ddabad1668c4a6783f5643564f646d6,1773051317,2026-03-09T10:15:17+00:00,0.935,clob_prices_history
96773953960313048340895711765817431775606353405814859249629785260485292633238,0x6397f084bcee3390e92b0a4f8d0f1fa23ddabad1668c4a6783f5643564f646d6,1773052218,2026-03-09T10:30:18+00:00,0.935,clob_prices_history
96773953960313048340895711765817431775606353405814859249629785260485292633238,0x6397f084bcee3390e92b0a4f8d0f1fa23ddabad1668c4a6783f5643564f646d6,1773053117,2026-03-09T10:45:17+00:00,0.9365,clob_prices_history
96773953960313048340895711765817431775606353405814859249629785260485292633238,0x6397f084bcee3390e92b0a4f8d0f1fa23ddabad1668c4a6783f5643564f646d6,1773054019,2026-03-09T11:00:19+00:00,0.9365,clob_prices_history
96773953960313048340895711765817431775606353405814859249629785260485292633238,0x6397f084bcee3390e92b0a4f8d0f1fa23ddabad1668c4a6783f5643564f646d6,1773054917,2026-03-09T11:15:17+00:00,0.9365,clob_prices_history
96773953960313048340895711765817431775606353405814859249629785260485292633238,0x6397f084bcee3390e92b0a4f8d0f1fa23ddabad1668c4a6783f5643564f646d6,1773055818,2026-03-09T11:30:18+00:00,0.9395,clob_prices_history
96773953960313048340895711765817431775606353405814859249629785260485292633238,0x6397f084bcee3390e92b0a4f8d0f1fa23ddabad1668c4a6783f5643564f646d6,1773056718,2026-03-09T11:45:18+00:00,0.9395,clob_prices_history
96773953960313048340895711765817431775606353405814859249629785260485292633238,0x6397f084bcee3390e92b0a4f8d0f1fa23ddabad1668c4a6783f5643564f646d6,1773057624,2026-03-09T12:00:24+00:00,0.9425,clob_prices_history
96773953960313048340895711765817431775606353405814859249629785260485292633238,0x6397f084bcee3390e92b0a4f8d0f1fa23ddabad1668c4a6783f5643564f646d6,1773058517,2026-03-09T12:15:17+00:00,0.9435,clob_prices_history
96773953960313048340895711765817431775606353405814859249629785260485292633238,0x6397f084bcee3390e92b0a4f8d0f1fa23ddabad1668c4a6783f5643564f646d6,1773059420,2026-03-09T12:30:20+00:00,0.945,clob_prices_history
96773953960313048340895711765817431775606353405814859249629785260485292633238,0x6397f084bcee3390e92b0a4f8d0f1fa23ddabad1668c4a6783f5643564f646d6,1773060317,2026-03-09T12:45:17+00:00,0.945,clob_prices_history
96773953960313048340895711765817431775606353405814859249629785260485292633238,0x6397f084bcee3390e92b0a4f8d0f1fa23ddabad1668c4a6783f5643564f646d6,1773061218,2026-03-09T13:00:18+00:00,0.9455,clob_prices_history
96773953960313048340895711765817431775606353405814859249629785260485292633238,0x6397f084bcee3390e92b0a4f8d0f1fa23ddabad1668c4a6783f5643564f646d6,1773062117,2026-03-09T13:15:17+00:00,0.9445,clob_prices_history
96773953960313048340895711765817431775606353405814859249629785260485292633238,0x6397f084bcee3390e92b0a4f8d0f1fa23ddabad1668c4a6783f5643564f646d6,1773063020,2026-03-09T13:30:20+00:00,0.9445,clob_prices_history
96773953960313048340895711765817431775606353405814859249629785260485292633238,0x6397f084bcee3390e92b0a4f8d0f1fa23ddabad1668c4a6783f5643564f646d6,1773063918,2026-03-09T13:45:18+00:00,0.9445,clob_prices_history
96773953960313048340895711765817431775606353405814859249629785260485292633238,0x6397f084bcee3390e92b0a4f8d0f1fa23ddabad1668c4a6783f5643564f646d6,1773064818,2026-03-09T14:00:18+00:00,0.9465,clob_prices_history
96773953960313048340895711765817431775606353405814859249629785260485292633238,0x6397f084bcee3390e92b0a4f8d0f1fa23ddabad1668c4a6783f5643564f646d6,1773065718,2026-03-09T14:15:18+00:00,0.9465,clob_prices_history
96773953960313048340895711765817431775606353405814859249629785260485292633238,0x6397f084bcee3390e92b0a4f8d0f1fa23ddabad1668c4a6783f5643564f646d6,1773066620,2026-03-09T14:30:20+00:00,0.948,clob_prices_history
96773953960313048340895711765817431775606353405814859249629785260485292633238,0x6397f084bcee3390e92b0a4f8d0f1fa23ddabad1668c4a6783f5643564f646d6,1773067530,2026-03-09T14:45:30+00:00,0.948,clob_prices_history
96773953960313048340895711765817431775606353405814859249629785260485292633238,0x6397f084bcee3390e92b0a4f8d0f1fa23ddabad1668c4a6783f5643564f646d6,1773068424,2026-03-09T15:00:24+00:00,0.948,clob_prices_history
96773953960313048340895711765817431775606353405814859249629785260485292633238,0x6397f084bcee3390e92b0a4f8d0f1fa23ddabad1668c4a6783f5643564f646d6,1773069321,2026-03-09T15:15:21+00:00,0.948,clob_prices_history
96773953960313048340895711765817431775606353405814859249629785260485292633238,0x6397f084bcee3390e92b0a4f8d0f1fa23ddabad1668c4a6783f5643564f646d6,1773070221,2026-03-09T15:30:21+00:00,0.948,clob_prices_history
96773953960313048340895711765817431775606353405814859249629785260485292633238,0x6397f084bcee3390e92b0a4f8d0f1fa23ddabad1668c4a6783f5643564f646d6,1773071118,2026-03-09T15:45:18+00:00,0.948,clob_prices_history
96773953960313048340895711765817431775606353405814859249629785260485292633238,0x6397f084bcee3390e92b0a4f8d0f1fa23ddabad1668c4a6783f5643564f646d6,1773072018,2026-03-09T16:00:18+00:00,0.948,clob_prices_history
96773953960313048340895711765817431775606353405814859249629785260485292633238,0x6397f084bcee3390e92b0a4f8d0f1fa23ddabad1668c4a6783f5643564f646d6,1773072918,2026-03-09T16:15:18+00:00,0.9475,clob_prices_history
96773953960313048340895711765817431775606353405814859249629785260485292633238,0x6397f084bcee3390e92b0a4f8d0f1fa23ddabad1668c4a6783f5643564f646d6,1773073819,2026-03-09T16:30:19+00:00,0.9475,clob_prices_history
96773953960313048340895711765817431775606353405814859249629785260485292633238,0x6397f084bcee3390e92b0a4f8d0f1fa23ddabad1668c4a6783f5643564f646d6,1773074719,2026-03-09T16:45:19+00:00,0.9475,clob_prices_history
96773953960313048340895711765817431775606353405814859249629785260485292633238,0x6397f084bcee3390e92b0a4f8d0f1fa23ddabad1668c4a6783f5643564f646d6,1773075627,2026-03-09T17:00:27+00:00,0.9485,clob_prices_history
96773953960313048340895711765817431775606353405814859249629785260485292633238,0x6397f084bcee3390e92b0a4f8d0f1fa23ddabad1668c4a6783f5643564f646d6,1773076519,2026-03-09T17:15:19+00:00,0.9485,clob_prices_history
96773953960313048340895711765817431775606353405814859249629785260485292633238,0x6397f084bcee3390e92b0a4f8d0f1fa23ddabad1668c4a6783f5643564f646d6,1773077422,2026-03-09T17:30:22+00:00,0.9555,clob_prices_history
96773953960313048340895711765817431775606353405814859249629785260485292633238,0x6397f084bcee3390e92b0a4f8d0f1fa23ddabad1668c4a6783f5643564f646d6,1773078323,2026-03-09T17:45:23+00:00,0.958,clob_prices_history
96773953960313048340895711765817431775606353405814859249629785260485292633238,0x6397f084bcee3390e92b0a4f8d0f1fa23ddabad1668c4a6783f5643564f646d6,1773079226,2026-03-09T18:00:26+00:00,0.9595,clob_prices_history
96773953960313048340895711765817431775606353405814859249629785260485292633238,0x6397f084bcee3390e92b0a4f8d0f1fa23ddabad1668c4a6783f5643564f646d6,1773080120,2026-03-09T18:15:20+00:00,0.9585,clob_prices_history
96773953960313048340895711765817431775606353405814859249629785260485292633238,0x6397f084bcee3390e92b0a4f8d0f1fa23ddabad1668c4a6783f5643564f646d6,1773081022,2026-03-09T18:30:22+00:00,0.9585,clob_prices_history
96773953960313048340895711765817431775606353405814859249629785260485292633238,0x6397f084bcee3390e92b0a4f8d0f1fa23ddabad1668c4a6783f5643564f646d6,1773081920,2026-03-09T18:45:20+00:00,0.9585,clob_prices_history
96773953960313048340895711765817431775606353405814859249629785260485292633238,0x6397f084bcee3390e92b0a4f8d0f1fa23ddabad1668c4a6783f5643564f646d6,1773082823,2026-03-09T19:00:23+00:00,0.9585,clob_prices_history
96773953960313048340895711765817431775606353405814859249629785260485292633238,0x6397f084bcee3390e92b0a4f8d0f1fa23ddabad1668c4a6783f5643564f646d6,1773083720,2026-03-09T19:15:20+00:00,0.9585,clob_prices_history
96773953960313048340895711765817431775606353405814859249629785260485292633238,0x6397f084bcee3390e92b0a4f8d0f1fa23ddabad1668c4a6783f5643564f646d6,1773084621,2026-03-09T19:30:21+00:00,0.9585,clob_prices_history
96773953960313048340895711765817431775606353405814859249629785260485292633238,0x6397f084bcee3390e92b0a4f8d0f1fa23ddabad1668c4a6783f5643564f646d6,1773085519,2026-03-09T19:45:19+00:00,0.9585,clob_prices_history
96773953960313048340895711765817431775606353405814859249629785260485292633238,0x6397f084bcee3390e92b0a4f8d0f1fa23ddabad1668c4a6783f5643564f646d6,1773086422,2026-03-09T20:00:22+00:00,0.9585,clob_prices_history
96773953960313048340895711765817431775606353405814859249629785260485292633238,0x6397f084bcee3390e92b0a4f8d0f1fa23ddabad1668c4a6783f5643564f646d6,1773087322,2026-03-09T20:15:22+00:00,0.9585,clob_prices_history
96773953960313048340895711765817431775606353405814859249629785260485292633238,0x6397f084bcee3390e92b0a4f8d0f1fa23ddabad1668c4a6783f5643564f646d6,1773088221,2026-03-09T20:30:21+00:00,0.9585,clob_prices_history
96773953960313048340895711765817431775606353405814859249629785260485292633238,0x6397f084bcee3390e92b0a4f8d0f1fa23ddabad1668c4a6783f5643564f646d6,1773089119,2026-03-09T20:45:19+00:00,0.9585,clob_prices_history
96773953960313048340895711765817431775606353405814859249629785260485292633238,0x6397f084bcee3390e92b0a4f8d0f1fa23ddabad1668c4a6783f5643564f646d6,1773090026,2026-03-09T21:00:26+00:00,0.9585,clob_prices_history
96773953960313048340895711765817431775606353405814859249629785260485292633238,0x6397f084bcee3390e92b0a4f8d0f1fa23ddabad1668c4a6783f5643564f646d6,1773090925,2026-03-09T21:15:25+00:00,0.959,clob_prices_history
96773953960313048340895711765817431775606353405814859249629785260485292633238,0x6397f084bcee3390e92b0a4f8d0f1fa23ddabad1668c4a6783f5643564f646d6,1773091824,2026-03-09T21:30:24+00:00,0.9585,clob_prices_history
96773953960313048340895711765817431775606353405814859249629785260485292633238,0x6397f084bcee3390e92b0a4f8d0f1fa23ddabad1668c4a6783f5643564f646d6,1773092722,2026-03-09T21:45:22+00:00,0.959,clob_prices_history
96773953960313048340895711765817431775606353405814859249629785260485292633238,0x6397f084bcee3390e92b0a4f8d0f1fa23ddabad1668c4a6783f5643564f646d6,1773093622,2026-03-09T22:00:22+00:00,0.959,clob_prices_history
96773953960313048340895711765817431775606353405814859249629785260485292633238,0x6397f084bcee3390e92b0a4f8d0f1fa23ddabad1668c4a6783f5643564f646d6,1773094522,2026-03-09T22:15:22+00:00,0.959,clob_prices_history
96773953960313048340895711765817431775606353405814859249629785260485292633238,0x6397f084bcee3390e92b0a4f8d0f1fa23ddabad1668c4a6783f5643564f646d6,1773095424,2026-03-09T22:30:24+00:00,0.9575,clob_prices_history
96773953960313048340895711765817431775606353405814859249629785260485292633238,0x6397f084bcee3390e92b0a4f8d0f1fa23ddabad1668c4a6783f5643564f646d6,1773096322,2026-03-09T22:45:22+00:00,0.9585,clob_prices_history
96773953960313048340895711765817431775606353405814859249629785260485292633238,0x6397f084bcee3390e92b0a4f8d0f1fa23ddabad1668c4a6783f5643564f646d6,1773097223,2026-03-09T23:00:23+00:00,0.9585,clob_prices_history
96773953960313048340895711765817431775606353405814859249629785260485292633238,0x6397f084bcee3390e92b0a4f8d0f1fa23ddabad1668c4a6783f5643564f646d6,1773098136,2026-03-09T23:15:36+00:00,0.959,clob_prices_history
96773953960313048340895711765817431775606353405814859249629785260485292633238,0x6397f084bcee3390e92b0a4f8d0f1fa23ddabad1668c4a6783f5643564f646d6,1773099023,2026-03-09T23:30:23+00:00,0.959,clob_prices_history
96773953960313048340895711765817431775606353405814859249629785260485292633238,0x6397f084bcee3390e92b0a4f8d0f1fa23ddabad1668c4a6783f5643564f646d6,1773099925,2026-03-09T23:45:25+00:00,0.9595,clob_prices_history
96773953960313048340895711765817431775606353405814859249629785260485292633238,0x6397f084bcee3390e92b0a4f8d0f1fa23ddabad1668c4a6783f5643564f646d6,1773100830,2026-03-10T00:00:30+00:00,0.9595,clob_prices_history
96773953960313048340895711765817431775606353405814859249629785260485292633238,0x6397f084bcee3390e92b0a4f8d0f1fa23ddabad1668c4a6783f5643564f646d6,1773101721,2026-03-10T00:15:21+00:00,0.945,clob_prices_history
96773953960313048340895711765817431775606353405814859249629785260485292633238,0x6397f084bcee3390e92b0a4f8d0f1fa23ddabad1668c4a6783f5643564f646d6,1773102622,2026-03-10T00:30:22+00:00,0.9445,clob_prices_history
96773953960313048340895711765817431775606353405814859249629785260485292633238,0x6397f084bcee3390e92b0a4f8d0f1fa23ddabad1668c4a6783f5643564f646d6,1773103523,2026-03-10T00:45:23+00:00,0.952,clob_prices_history
96773953960313048340895711765817431775606353405814859249629785260485292633238,0x6397f084bcee3390e92b0a4f8d0f1fa23ddabad1668c4a6783f5643564f646d6,1773104422,2026-03-10T01:00:22+00:00,0.952,clob_prices_history
96773953960313048340895711765817431775606353405814859249629785260485292633238,0x6397f084bcee3390e92b0a4f8d0f1fa23ddabad1668c4a6783f5643564f646d6,1773105321,2026-03-10T01:15:21+00:00,0.952,clob_prices_history
96773953960313048340895711765817431775606353405814859249629785260485292633238,0x6397f084bcee3390e92b0a4f8d0f1fa23ddabad1668c4a6783f5643564f646d6,1773106237,2026-03-10T01:30:37+00:00,0.952,clob_prices_history
96773953960313048340895711765817431775606353405814859249629785260485292633238,0x6397f084bcee3390e92b0a4f8d0f1fa23ddabad1668c4a6783f5643564f646d6,1773107123,2026-03-10T01:45:23+00:00,0.9515,clob_prices_history
96773953960313048340895711765817431775606353405814859249629785260485292633238,0x6397f084bcee3390e92b0a4f8d0f1fa23ddabad1668c4a6783f5643564f646d6,1773108022,2026-03-10T02:00:22+00:00,0.9515,clob_prices_history
96773953960313048340895711765817431775606353405814859249629785260485292633238,0x6397f084bcee3390e92b0a4f8d0f1fa23ddabad1668c4a6783f5643564f646d6,1773108921,2026-03-10T02:15:21+00:00,0.9515,clob_prices_history
96773953960313048340895711765817431775606353405814859249629785260485292633238,0x6397f084bcee3390e92b0a4f8d0f1fa23ddabad1668c4a6783f5643564f646d6,1773109824,2026-03-10T02:30:24+00:00,0.9515,clob_prices_history
96773953960313048340895711765817431775606353405814859249629785260485292633238,0x6397f084bcee3390e92b0a4f8d0f1fa23ddabad1668c4a6783f5643564f646d6,1773110720,2026-03-10T02:45:20+00:00,0.9515,clob_prices_history
96773953960313048340895711765817431775606353405814859249629785260485292633238,0x6397f084bcee3390e92b0a4f8d0f1fa23ddabad1668c4a6783f5643564f646d6,1773111626,2026-03-10T03:00:26+00:00,0.9515,clob_prices_history
96773953960313048340895711765817431775606353405814859249629785260485292633238,0x6397f084bcee3390e92b0a4f8d0f1fa23ddabad1668c4a6783f5643564f646d6,1773112521,2026-03-10T03:15:21+00:00,0.9435,clob_prices_history
96773953960313048340895711765817431775606353405814859249629785260485292633238,0x6397f084bcee3390e92b0a4f8d0f1fa23ddabad1668c4a6783f5643564f646d6,1773113425,2026-03-10T03:30:25+00:00,0.9445,clob_prices_history
96773953960313048340895711765817431775606353405814859249629785260485292633238,0x6397f084bcee3390e92b0a4f8d0f1fa23ddabad1668c4a6783f5643564f646d6,1773114323,2026-03-10T03:45:23+00:00,0.9445,clob_prices_history
96773953960313048340895711765817431775606353405814859249629785260485292633238,0x6397f084bcee3390e92b0a4f8d0f1fa23ddabad1668c4a6783f5643564f646d6,1773115227,2026-03-10T04:00:27+00:00,0.9415,clob_prices_history
96773953960313048340895711765817431775606353405814859249629785260485292633238,0x6397f084bcee3390e92b0a4f8d0f1fa23ddabad1668c4a6783f5643564f646d6,1773116123,2026-03-10T04:15:23+00:00,0.941,clob_prices_history
96773953960313048340895711765817431775606353405814859249629785260485292633238,0x6397f084bcee3390e92b0a4f8d0f1fa23ddabad1668c4a6783f5643564f646d6,1773117022,2026-03-10T04:30:22+00:00,0.942,clob_prices_history
96773953960313048340895711765817431775606353405814859249629785260485292633238,0x6397f084bcee3390e92b0a4f8d0f1fa23ddabad1668c4a6783f5643564f646d6,1773117924,2026-03-10T04:45:24+00:00,0.941,clob_prices_history
96773953960313048340895711765817431775606353405814859249629785260485292633238,0x6397f084bcee3390e92b0a4f8d0f1fa23ddabad1668c4a6783f5643564f646d6,1773118824,2026-03-10T05:00:24+00:00,0.941,clob_prices_history
96773953960313048340895711765817431775606353405814859249629785260485292633238,0x6397f084bcee3390e92b0a4f8d0f1fa23ddabad1668c4a6783f5643564f646d6,1773119722,2026-03-10T05:15:22+00:00,0.941,clob_prices_history
96773953960313048340895711765817431775606353405814859249629785260485292633238,0x6397f084bcee3390e92b0a4f8d0f1fa23ddabad1668c4a6783f5643564f646d6,1773120624,2026-03-10T05:30:24+00:00,0.9405,clob_prices_history
96773953960313048340895711765817431775606353405814859249629785260485292633238,0x6397f084bcee3390e92b0a4f8d0f1fa23ddabad1668c4a6783f5643564f646d6,1773121523,2026-03-10T05:45:23+00:00,0.9405,clob_prices_history
96773953960313048340895711765817431775606353405814859249629785260485292633238,0x6397f084bcee3390e92b0a4f8d0f1fa23ddabad1668c4a6783f5643564f646d6,1773122427,2026-03-10T06:00:27+00:00,0.94,clob_prices_history
96773953960313048340895711765817431775606353405814859249629785260485292633238,0x6397f084bcee3390e92b0a4f8d0f1fa23ddabad1668c4a6783f5643564f646d6,1773123323,2026-03-10T06:15:23+00:00,0.9375,clob_prices_history
96773953960313048340895711765817431775606353405814859249629785260485292633238,0x6397f084bcee3390e92b0a4f8d0f1fa23ddabad1668c4a6783f5643564f646d6,1773124224,2026-03-10T06:30:24+00:00,0.9375,clob_prices_history
96773953960313048340895711765817431775606353405814859249629785260485292633238,0x6397f084bcee3390e92b0a4f8d0f1fa23ddabad1668c4a6783f5643564f646d6,1773125123,2026-03-10T06:45:23+00:00,0.9375,clob_prices_history
96773953960313048340895711765817431775606353405814859249629785260485292633238,0x6397f084bcee3390e92b0a4f8d0f1fa23ddabad1668c4a6783f5643564f646d6,1773126025,2026-03-10T07:00:25+00:00,0.937,clob_prices_history
96773953960313048340895711765817431775606353405814859249629785260485292633238,0x6397f084bcee3390e92b0a4f8d0f1fa23ddabad1668c4a6783f5643564f646d6,1773126921,2026-03-10T07:15:21+00:00,0.937,clob_prices_history
96773953960313048340895711765817431775606353405814859249629785260485292633238,0x6397f084bcee3390e92b0a4f8d0f1fa23ddabad1668c4a6783f5643564f646d6,1773127825,2026-03-10T07:30:25+00:00,0.937,clob_prices_history
96773953960313048340895711765817431775606353405814859249629785260485292633238,0x6397f084bcee3390e92b0a4f8d0f1fa23ddabad1668c4a6783f5643564f646d6,1773128722,2026-03-10T07:45:22+00:00,0.9375,clob_prices_history
96773953960313048340895711765817431775606353405814859249629785260485292633238,0x6397f084bcee3390e92b0a4f8d0f1fa23ddabad1668c4a6783f5643564f646d6,1773129623,2026-03-10T08:00:23+00:00,0.937,clob_prices_history
96773953960313048340895711765817431775606353405814859249629785260485292633238,0x6397f084bcee3390e92b0a4f8d0f1fa23ddabad1668c4a6783f5643564f646d6,1773130522,2026-03-10T08:15:22+00:00,0.9365,clob_prices_history
96773953960313048340895711765817431775606353405814859249629785260485292633238,0x6397f084bcee3390e92b0a4f8d0f1fa23ddabad1668c4a6783f5643564f646d6,1773131424,2026-03-10T08:30:24+00:00,0.9365,clob_prices_history
96773953960313048340895711765817431775606353405814859249629785260485292633238,0x6397f084bcee3390e92b0a4f8d0f1fa23ddabad1668c4a6783f5643564f646d6,1773132324,2026-03-10T08:45:24+00:00,0.9365,clob_prices_history
96773953960313048340895711765817431775606353405814859249629785260485292633238,0x6397f084bcee3390e92b0a4f8d0f1fa23ddabad1668c4a6783f5643564f646d6,1773133233,2026-03-10T09:00:33+00:00,0.937,clob_prices_history
96773953960313048340895711765817431775606353405814859249629785260485292633238,0x6397f084bcee3390e92b0a4f8d0f1fa23ddabad1668c4a6783f5643564f646d6,1773134132,2026-03-10T09:15:32+00:00,0.9365,clob_prices_history
96773953960313048340895711765817431775606353405814859249629785260485292633238,0x6397f084bcee3390e92b0a4f8d0f1fa23ddabad1668c4a6783f5643564f646d6,1773135022,2026-03-10T09:30:22+00:00,0.936,clob_prices_history
96773953960313048340895711765817431775606353405814859249629785260485292633238,0x6397f084bcee3390e92b0a4f8d0f1fa23ddabad1668c4a6783f5643564f646d6,1773135921,2026-03-10T09:45:21+00:00,0.936,clob_prices_history
96773953960313048340895711765817431775606353405814859249629785260485292633238,0x6397f084bcee3390e92b0a4f8d0f1fa23ddabad1668c4a6783f5643564f646d6,1773136833,2026-03-10T10:00:33+00:00,0.936,clob_prices_history
96773953960313048340895711765817431775606353405814859249629785260485292633238,0x6397f084bcee3390e92b0a4f8d0f1fa23ddabad1668c4a6783f5643564f646d6,1773137724,2026-03-10T10:15:24+00:00,0.936,clob_prices_history
96773953960313048340895711765817431775606353405814859249629785260485292633238,0x6397f084bcee3390e92b0a4f8d0f1fa23ddabad1668c4a6783f5643564f646d6,1773138624,2026-03-10T10:30:24+00:00,0.936,clob_prices_history
96773953960313048340895711765817431775606353405814859249629785260485292633238,0x6397f084bcee3390e92b0a4f8d0f1fa23ddabad1668c4a6783f5643564f646d6,1773139524,2026-03-10T10:45:24+00:00,0.936,clob_prices_history
96773953960313048340895711765817431775606353405814859249629785260485292633238,0x6397f084bcee3390e92b0a4f8d0f1fa23ddabad1668c4a6783f5643564f646d6,1773140423,2026-03-10T11:00:23+00:00,0.9365,clob_prices_history
96773953960313048340895711765817431775606353405814859249629785260485292633238,0x6397f084bcee3390e92b0a4f8d0f1fa23ddabad1668c4a6783f5643564f646d6,1773141325,2026-03-10T11:15:25+00:00,0.9365,clob_prices_history
96773953960313048340895711765817431775606353405814859249629785260485292633238,0x6397f084bcee3390e92b0a4f8d0f1fa23ddabad1668c4a6783f5643564f646d6,1773142225,2026-03-10T11:30:25+00:00,0.9415,clob_prices_history
96773953960313048340895711765817431775606353405814859249629785260485292633238,0x6397f084bcee3390e92b0a4f8d0f1fa23ddabad1668c4a6783f5643564f646d6,1773143123,2026-03-10T11:45:23+00:00,0.942,clob_prices_history
96773953960313048340895711765817431775606353405814859249629785260485292633238,0x6397f084bcee3390e92b0a4f8d0f1fa23ddabad1668c4a6783f5643564f646d6,1773144034,2026-03-10T12:00:34+00:00,0.945,clob_prices_history
96773953960313048340895711765817431775606353405814859249629785260485292633238,0x6397f084bcee3390e92b0a4f8d0f1fa23ddabad1668c4a6783f5643564f646d6,1773144926,2026-03-10T12:15:26+00:00,0.946,clob_prices_history
96773953960313048340895711765817431775606353405814859249629785260485292633238,0x6397f084bcee3390e92b0a4f8d0f1fa23ddabad1668c4a6783f5643564f646d6,1773145828,2026-03-10T12:30:28+00:00,0.9435,clob_prices_history
96773953960313048340895711765817431775606353405814859249629785260485292633238,0x6397f084bcee3390e92b0a4f8d0f1fa23ddabad1668c4a6783f5643564f646d6,1773146739,2026-03-10T12:45:39+00:00,0.946,clob_prices_history
96773953960313048340895711765817431775606353405814859249629785260485292633238,0x6397f084bcee3390e92b0a4f8d0f1fa23ddabad1668c4a6783f5643564f646d6,1773147627,2026-03-10T13:00:27+00:00,0.9465,clob_prices_history
96773953960313048340895711765817431775606353405814859249629785260485292633238,0x6397f084bcee3390e92b0a4f8d0f1fa23ddabad1668c4a6783f5643564f646d6,1773148522,2026-03-10T13:15:22+00:00,0.9475,clob_prices_history
96773953960313048340895711765817431775606353405814859249629785260485292633238,0x6397f084bcee3390e92b0a4f8d0f1fa23ddabad1668c4a6783f5643564f646d6,1773149425,2026-03-10T13:30:25+00:00,0.944,clob_prices_history
96773953960313048340895711765817431775606353405814859249629785260485292633238,0x6397f084bcee3390e92b0a4f8d0f1fa23ddabad1668c4a6783f5643564f646d6,1773150323,2026-03-10T13:45:23+00:00,0.9435,clob_prices_history
96773953960313048340895711765817431775606353405814859249629785260485292633238,0x6397f084bcee3390e92b0a4f8d0f1fa23ddabad1668c4a6783f5643564f646d6,1773151227,2026-03-10T14:00:27+00:00,0.945,clob_prices_history
96773953960313048340895711765817431775606353405814859249629785260485292633238,0x6397f084bcee3390e92b0a4f8d0f1fa23ddabad1668c4a6783f5643564f646d6,1773152123,2026-03-10T14:15:23+00:00,0.9455,clob_prices_history
96773953960313048340895711765817431775606353405814859249629785260485292633238,0x6397f084bcee3390e92b0a4f8d0f1fa23ddabad1668c4a6783f5643564f646d6,1773153028,2026-03-10T14:30:28+00:00,0.9455,clob_prices_history
96773953960313048340895711765817431775606353405814859249629785260485292633238,0x6397f084bcee3390e92b0a4f8d0f1fa23ddabad1668c4a6783f5643564f646d6,1773153924,2026-03-10T14:45:24+00:00,0.9455,clob_prices_history
96773953960313048340895711765817431775606353405814859249629785260485292633238,0x6397f084bcee3390e92b0a4f8d0f1fa23ddabad1668c4a6783f5643564f646d6,1773154833,2026-03-10T15:00:33+00:00,0.9455,clob_prices_history
96773953960313048340895711765817431775606353405814859249629785260485292633238,0x6397f084bcee3390e92b0a4f8d0f1fa23ddabad1668c4a6783f5643564f646d6,1773155723,2026-03-10T15:15:23+00:00,0.9455,clob_prices_history
96773953960313048340895711765817431775606353405814859249629785260485292633238,0x6397f084bcee3390e92b0a4f8d0f1fa23ddabad1668c4a6783f5643564f646d6,1773156627,2026-03-10T15:30:27+00:00,0.9455,clob_prices_history
96773953960313048340895711765817431775606353405814859249629785260485292633238,0x6397f084bcee3390e92b0a4f8d0f1fa23ddabad1668c4a6783f5643564f646d6,1773157525,2026-03-10T15:45:25+00:00,0.9455,clob_prices_history
96773953960313048340895711765817431775606353405814859249629785260485292633238,0x6397f084bcee3390e92b0a4f8d0f1fa23ddabad1668c4a6783f5643564f646d6,1773158432,2026-03-10T16:00:32+00:00,0.941,clob_prices_history
96773953960313048340895711765817431775606353405814859249629785260485292633238,0x6397f084bcee3390e92b0a4f8d0f1fa23ddabad1668c4a6783f5643564f646d6,1773159322,2026-03-10T16:15:22+00:00,0.9465,clob_prices_history
96773953960313048340895711765817431775606353405814859249629785260485292633238,0x6397f084bcee3390e92b0a4f8d0f1fa23ddabad1668c4a6783f5643564f646d6,1773160226,2026-03-10T16:30:26+00:00,0.9435,clob_prices_history
96773953960313048340895711765817431775606353405814859249629785260485292633238,0x6397f084bcee3390e92b0a4f8d0f1fa23ddabad1668c4a6783f5643564f646d6,1773161126,2026-03-10T16:45:26+00:00,0.9465,clob_prices_history
96773953960313048340895711765817431775606353405814859249629785260485292633238,0x6397f084bcee3390e92b0a4f8d0f1fa23ddabad1668c4a6783f5643564f646d6,1773162024,2026-03-10T17:00:24+00:00,0.9465,clob_prices_history
96773953960313048340895711765817431775606353405814859249629785260485292633238,0x6397f084bcee3390e92b0a4f8d0f1fa23ddabad1668c4a6783f5643564f646d6,1773162925,2026-03-10T17:15:25+00:00,0.9465,clob_prices_history
96773953960313048340895711765817431775606353405814859249629785260485292633238,0x6397f084bcee3390e92b0a4f8d0f1fa23ddabad1668c4a6783f5643564f646d6,1773163826,2026-03-10T17:30:26+00:00,0.9465,clob_prices_history
96773953960313048340895711765817431775606353405814859249629785260485292633238,0x6397f084bcee3390e92b0a4f8d0f1fa23ddabad1668c4a6783f5643564f646d6,1773164725,2026-03-10T17:45:25+00:00,0.9465,clob_prices_history
96773953960313048340895711765817431775606353405814859249629785260485292633238,0x6397f084bcee3390e92b0a4f8d0f1fa23ddabad1668c4a6783f5643564f646d6,1773165632,2026-03-10T18:00:32+00:00,0.9465,clob_prices_history
96773953960313048340895711765817431775606353405814859249629785260485292633238,0x6397f084bcee3390e92b0a4f8d0f1fa23ddabad1668c4a6783f5643564f646d6,1773166523,2026-03-10T18:15:23+00:00,0.9465,clob_prices_history
96773953960313048340895711765817431775606353405814859249629785260485292633238,0x6397f084bcee3390e92b0a4f8d0f1fa23ddabad1668c4a6783f5643564f646d6,1773167427,2026-03-10T18:30:27+00:00,0.9475,clob_prices_history
96773953960313048340895711765817431775606353405814859249629785260485292633238,0x6397f084bcee3390e92b0a4f8d0f1fa23ddabad1668c4a6783f5643564f646d6,1773168326,2026-03-10T18:45:26+00:00,0.9475,clob_prices_history
96773953960313048340895711765817431775606353405814859249629785260485292633238,0x6397f084bcee3390e92b0a4f8d0f1fa23ddabad1668c4a6783f5643564f646d6,1773169227,2026-03-10T19:00:27+00:00,0.9475,clob_prices_history
96773953960313048340895711765817431775606353405814859249629785260485292633238,0x6397f084bcee3390e92b0a4f8d0f1fa23ddabad1668c4a6783f5643564f646d6,1773170122,2026-03-10T19:15:22+00:00,0.9475,clob_prices_history
96773953960313048340895711765817431775606353405814859249629785260485292633238,0x6397f084bcee3390e92b0a4f8d0f1fa23ddabad1668c4a6783f5643564f646d6,1773171025,2026-03-10T19:30:25+00:00,0.9475,clob_prices_history
96773953960313048340895711765817431775606353405814859249629785260485292633238,0x6397f084bcee3390e92b0a4f8d0f1fa23ddabad1668c4a6783f5643564f646d6,1773171926,2026-03-10T19:45:26+00:00,0.9475,clob_prices_history
96773953960313048340895711765817431775606353405814859249629785260485292633238,0x6397f084bcee3390e92b0a4f8d0f1fa23ddabad1668c4a6783f5643564f646d6,1773172828,2026-03-10T20:00:28+00:00,0.9475,clob_prices_history
96773953960313048340895711765817431775606353405814859249629785260485292633238,0x6397f084bcee3390e92b0a4f8d0f1fa23ddabad1668c4a6783f5643564f646d6,1773173724,2026-03-10T20:15:24+00:00,0.9475,clob_prices_history
96773953960313048340895711765817431775606353405814859249629785260485292633238,0x6397f084bcee3390e92b0a4f8d0f1fa23ddabad1668c4a6783f5643564f646d6,1773174624,2026-03-10T20:30:24+00:00,0.9475,clob_prices_history
96773953960313048340895711765817431775606353405814859249629785260485292633238,0x6397f084bcee3390e92b0a4f8d0f1fa23ddabad1668c4a6783f5643564f646d6,1773175523,2026-03-10T20:45:23+00:00,0.9475,clob_prices_history
96773953960313048340895711765817431775606353405814859249629785260485292633238,0x6397f084bcee3390e92b0a4f8d0f1fa23ddabad1668c4a6783f5643564f646d6,1773176432,2026-03-10T21:00:32+00:00,0.9475,clob_prices_history
96773953960313048340895711765817431775606353405814859249629785260485292633238,0x6397f084bcee3390e92b0a4f8d0f1fa23ddabad1668c4a6783f5643564f646d6,1773177323,2026-03-10T21:15:23+00:00,0.9475,clob_prices_history
96773953960313048340895711765817431775606353405814859249629785260485292633238,0x6397f084bcee3390e92b0a4f8d0f1fa23ddabad1668c4a6783f5643564f646d6,1773178228,2026-03-10T21:30:28+00:00,0.9475,clob_prices_history
96773953960313048340895711765817431775606353405814859249629785260485292633238,0x6397f084bcee3390e92b0a4f8d0f1fa23ddabad1668c4a6783f5643564f646d6,1773179124,2026-03-10T21:45:24+00:00,0.9475,clob_prices_history
96773953960313048340895711765817431775606353405814859249629785260485292633238,0x6397f084bcee3390e92b0a4f8d0f1fa23ddabad1668c4a6783f5643564f646d6,1773180026,2026-03-10T22:00:26+00:00,0.9475,clob_prices_history
96773953960313048340895711765817431775606353405814859249629785260485292633238,0x6397f084bcee3390e92b0a4f8d0f1fa23ddabad1668c4a6783f5643564f646d6,1773180925,2026-03-10T22:15:25+00:00,0.9475,clob_prices_history
96773953960313048340895711765817431775606353405814859249629785260485292633238,0x6397f084bcee3390e92b0a4f8d0f1fa23ddabad1668c4a6783f5643564f646d6,1773181823,2026-03-10T22:30:23+00:00,0.9475,clob_prices_history
96773953960313048340895711765817431775606353405814859249629785260485292633238,0x6397f084bcee3390e92b0a4f8d0f1fa23ddabad1668c4a6783f5643564f646d6,1773182724,2026-03-10T22:45:24+00:00,0.9475,clob_prices_history
96773953960313048340895711765817431775606353405814859249629785260485292633238,0x6397f084bcee3390e92b0a4f8d0f1fa23ddabad1668c4a6783f5643564f646d6,1773183626,2026-03-10T23:00:26+00:00,0.9475,clob_prices_history
96773953960313048340895711765817431775606353405814859249629785260485292633238,0x6397f084bcee3390e92b0a4f8d0f1fa23ddabad1668c4a6783f5643564f646d6,1773184522,2026-03-10T23:15:22+00:00,0.9475,clob_prices_history
96773953960313048340895711765817431775606353405814859249629785260485292633238,0x6397f084bcee3390e92b0a4f8d0f1fa23ddabad1668c4a6783f5643564f646d6,1773185426,2026-03-10T23:30:26+00:00,0.9475,clob_prices_history
96773953960313048340895711765817431775606353405814859249629785260485292633238,0x6397f084bcee3390e92b0a4f8d0f1fa23ddabad1668c4a6783f5643564f646d6,1773186325,2026-03-10T23:45:25+00:00,0.9475,clob_prices_history
96773953960313048340895711765817431775606353405814859249629785260485292633238,0x6397f084bcee3390e92b0a4f8d0f1fa23ddabad1668c4a6783f5643564f646d6,1773187234,2026-03-11T00:00:34+00:00,0.9475,clob_prices_history
96773953960313048340895711765817431775606353405814859249629785260485292633238,0x6397f084bcee3390e92b0a4f8d0f1fa23ddabad1668c4a6783f5643564f646d6,1773188124,2026-03-11T00:15:24+00:00,0.9475,clob_prices_history
96773953960313048340895711765817431775606353405814859249629785260485292633238,0x6397f084bcee3390e92b0a4f8d0f1fa23ddabad1668c4a6783f5643564f646d6,1773189028,2026-03-11T00:30:28+00:00,0.9475,clob_prices_history
96773953960313048340895711765817431775606353405814859249629785260485292633238,0x6397f084bcee3390e92b0a4f8d0f1fa23ddabad1668c4a6783f5643564f646d6,1773189925,2026-03-11T00:45:25+00:00,0.9475,clob_prices_history
96773953960313048340895711765817431775606353405814859249629785260485292633238,0x6397f084bcee3390e92b0a4f8d0f1fa23ddabad1668c4a6783f5643564f646d6,1773190826,2026-03-11T01:00:26+00:00,0.9475,clob_prices_history
96773953960313048340895711765817431775606353405814859249629785260485292633238,0x6397f084bcee3390e92b0a4f8d0f1fa23ddabad1668c4a6783f5643564f646d6,1773191725,2026-03-11T01:15:25+00:00,0.9475,clob_prices_history
96773953960313048340895711765817431775606353405814859249629785260485292633238,0x6397f084bcee3390e92b0a4f8d0f1fa23ddabad1668c4a6783f5643564f646d6,1773192627,2026-03-11T01:30:27+00:00,0.9475,clob_prices_history
96773953960313048340895711765817431775606353405814859249629785260485292633238,0x6397f084bcee3390e92b0a4f8d0f1fa23ddabad1668c4a6783f5643564f646d6,1773193522,2026-03-11T01:45:22+00:00,0.9475,clob_prices_history
96773953960313048340895711765817431775606353405814859249629785260485292633238,0x6397f084bcee3390e92b0a4f8d0f1fa23ddabad1668c4a6783f5643564f646d6,1773194427,2026-03-11T02:00:27+00:00,0.9475,clob_prices_history
96773953960313048340895711765817431775606353405814859249629785260485292633238,0x6397f084bcee3390e92b0a4f8d0f1fa23ddabad1668c4a6783f5643564f646d6,1773195324,2026-03-11T02:15:24+00:00,0.9475,clob_prices_history
96773953960313048340895711765817431775606353405814859249629785260485292633238,0x6397f084bcee3390e92b0a4f8d0f1fa23ddabad1668c4a6783f5643564f646d6,1773196224,2026-03-11T02:30:24+00:00,0.9475,clob_prices_history
96773953960313048340895711765817431775606353405814859249629785260485292633238,0x6397f084bcee3390e92b0a4f8d0f1fa23ddabad1668c4a6783f5643564f646d6,1773197127,2026-03-11T02:45:27+00:00,0.9475,clob_prices_history
96773953960313048340895711765817431775606353405814859249629785260485292633238,0x6397f084bcee3390e92b0a4f8d0f1fa23ddabad1668c4a6783f5643564f646d6,1773198033,2026-03-11T03:00:33+00:00,0.9475,clob_prices_history
96773953960313048340895711765817431775606353405814859249629785260485292633238,0x6397f084bcee3390e92b0a4f8d0f1fa23ddabad1668c4a6783f5643564f646d6,1773198925,2026-03-11T03:15:25+00:00,0.9475,clob_prices_history
96773953960313048340895711765817431775606353405814859249629785260485292633238,0x6397f084bcee3390e92b0a4f8d0f1fa23ddabad1668c4a6783f5643564f646d6,1773199824,2026-03-11T03:30:24+00:00,0.9475,clob_prices_history
96773953960313048340895711765817431775606353405814859249629785260485292633238,0x6397f084bcee3390e92b0a4f8d0f1fa23ddabad1668c4a6783f5643564f646d6,1773200725,2026-03-11T03:45:25+00:00,0.9475,clob_prices_history
96773953960313048340895711765817431775606353405814859249629785260485292633238,0x6397f084bcee3390e92b0a4f8d0f1fa23ddabad1668c4a6783f5643564f646d6,1773201627,2026-03-11T04:00:27+00:00,0.9475,clob_prices_history
96773953960313048340895711765817431775606353405814859249629785260485292633238,0x6397f084bcee3390e92b0a4f8d0f1fa23ddabad1668c4a6783f5643564f646d6,1773202540,2026-03-11T04:15:40+00:00,0.9475,clob_prices_history
96773953960313048340895711765817431775606353405814859249629785260485292633238,0x6397f084bcee3390e92b0a4f8d0f1fa23ddabad1668c4a6783f5643564f646d6,1773203426,2026-03-11T04:30:26+00:00,0.9475,clob_prices_history
96773953960313048340895711765817431775606353405814859249629785260485292633238,0x6397f084bcee3390e92b0a4f8d0f1fa23ddabad1668c4a6783f5643564f646d6,1773204329,2026-03-11T04:45:29+00:00,0.9475,clob_prices_history
96773953960313048340895711765817431775606353405814859249629785260485292633238,0x6397f084bcee3390e92b0a4f8d0f1fa23ddabad1668c4a6783f5643564f646d6,1773205226,2026-03-11T05:00:26+00:00,0.9475,clob_prices_history
96773953960313048340895711765817431775606353405814859249629785260485292633238,0x6397f084bcee3390e92b0a4f8d0f1fa23ddabad1668c4a6783f5643564f646d6,1773206126,2026-03-11T05:15:26+00:00,0.9475,clob_prices_history
96773953960313048340895711765817431775606353405814859249629785260485292633238,0x6397f084bcee3390e92b0a4f8d0f1fa23ddabad1668c4a6783f5643564f646d6,1773207024,2026-03-11T05:30:24+00:00,0.9475,clob_prices_history
96773953960313048340895711765817431775606353405814859249629785260485292633238,0x6397f084bcee3390e92b0a4f8d0f1fa23ddabad1668c4a6783f5643564f646d6,1773207924,2026-03-11T05:45:24+00:00,0.9475,clob_prices_history
96773953960313048340895711765817431775606353405814859249629785260485292633238,0x6397f084bcee3390e92b0a4f8d0f1fa23ddabad1668c4a6783f5643564f646d6,1773208832,2026-03-11T06:00:32+00:00,0.9475,clob_prices_history
96773953960313048340895711765817431775606353405814859249629785260485292633238,0x6397f084bcee3390e92b0a4f8d0f1fa23ddabad1668c4a6783f5643564f646d6,1773209722,2026-03-11T06:15:22+00:00,0.9475,clob_prices_history
96773953960313048340895711765817431775606353405814859249629785260485292633238,0x6397f084bcee3390e92b0a4f8d0f1fa23ddabad1668c4a6783f5643564f646d6,1773210637,2026-03-11T06:30:37+00:00,0.9475,clob_prices_history
96773953960313048340895711765817431775606353405814859249629785260485292633238,0x6397f084bcee3390e92b0a4f8d0f1fa23ddabad1668c4a6783f5643564f646d6,1773211524,2026-03-11T06:45:24+00:00,0.9475,clob_prices_history
96773953960313048340895711765817431775606353405814859249629785260485292633238,0x6397f084bcee3390e92b0a4f8d0f1fa23ddabad1668c4a6783f5643564f646d6,1773212427,2026-03-11T07:00:27+00:00,0.9475,clob_prices_history
96773953960313048340895711765817431775606353405814859249629785260485292633238,0x6397f084bcee3390e92b0a4f8d0f1fa23ddabad1668c4a6783f5643564f646d6,1773213329,2026-03-11T07:15:29+00:00,0.9475,clob_prices_history
96773953960313048340895711765817431775606353405814859249629785260485292633238,0x6397f084bcee3390e92b0a4f8d0f1fa23ddabad1668c4a6783f5643564f646d6,1773214225,2026-03-11T07:30:25+00:00,0.9475,clob_prices_history
96773953960313048340895711765817431775606353405814859249629785260485292633238,0x6397f084bcee3390e92b0a4f8d0f1fa23ddabad1668c4a6783f5643564f646d6,1773215123,2026-03-11T07:45:23+00:00,0.9475,clob_prices_history
96773953960313048340895711765817431775606353405814859249629785260485292633238,0x6397f084bcee3390e92b0a4f8d0f1fa23ddabad1668c4a6783f5643564f646d6,1773216027,2026-03-11T08:00:27+00:00,0.9475,clob_prices_history
96773953960313048340895711765817431775606353405814859249629785260485292633238,0x6397f084bcee3390e92b0a4f8d0f1fa23ddabad1668c4a6783f5643564f646d6,1773216929,2026-03-11T08:15:29+00:00,0.9475,clob_prices_history
96773953960313048340895711765817431775606353405814859249629785260485292633238,0x6397f084bcee3390e92b0a4f8d0f1fa23ddabad1668c4a6783f5643564f646d6,1773217825,2026-03-11T08:30:25+00:00,0.9475,clob_prices_history
96773953960313048340895711765817431775606353405814859249629785260485292633238,0x6397f084bcee3390e92b0a4f8d0f1fa23ddabad1668c4a6783f5643564f646d6,1773218725,2026-03-11T08:45:25+00:00,0.9475,clob_prices_history
96773953960313048340895711765817431775606353405814859249629785260485292633238,0x6397f084bcee3390e92b0a4f8d0f1fa23ddabad1668c4a6783f5643564f646d6,1773219629,2026-03-11T09:00:29+00:00,0.9475,clob_prices_history
96773953960313048340895711765817431775606353405814859249629785260485292633238,0x6397f084bcee3390e92b0a4f8d0f1fa23ddabad1668c4a6783f5643564f646d6,1773220521,2026-03-11T09:15:21+00:00,0.9475,clob_prices_history
96773953960313048340895711765817431775606353405814859249629785260485292633238,0x6397f084bcee3390e92b0a4f8d0f1fa23ddabad1668c4a6783f5643564f646d6,1773221427,2026-03-11T09:30:27+00:00,0.9475,clob_prices_history
96773953960313048340895711765817431775606353405814859249629785260485292633238,0x6397f084bcee3390e92b0a4f8d0f1fa23ddabad1668c4a6783f5643564f646d6,1773222322,2026-03-11T09:45:22+00:00,0.9475,clob_prices_history
96773953960313048340895711765817431775606353405814859249629785260485292633238,0x6397f084bcee3390e92b0a4f8d0f1fa23ddabad1668c4a6783f5643564f646d6,1773223230,2026-03-11T10:00:30+00:00,0.9475,clob_prices_history
96773953960313048340895711765817431775606353405814859249629785260485292633238,0x6397f084bcee3390e92b0a4f8d0f1fa23ddabad1668c4a6783f5643564f646d6,1773224124,2026-03-11T10:15:24+00:00,0.9475,clob_prices_history
96773953960313048340895711765817431775606353405814859249629785260485292633238,0x6397f084bcee3390e92b0a4f8d0f1fa23ddabad1668c4a6783f5643564f646d6,1773225026,2026-03-11T10:30:26+00:00,0.9475,clob_prices_history
96773953960313048340895711765817431775606353405814859249629785260485292633238,0x6397f084bcee3390e92b0a4f8d0f1fa23ddabad1668c4a6783f5643564f646d6,1773225925,2026-03-11T10:45:25+00:00,0.9475,clob_prices_history
96773953960313048340895711765817431775606353405814859249629785260485292633238,0x6397f084bcee3390e92b0a4f8d0f1fa23ddabad1668c4a6783f5643564f646d6,1773226828,2026-03-11T11:00:28+00:00,0.9475,clob_prices_history
96773953960313048340895711765817431775606353405814859249629785260485292633238,0x6397f084bcee3390e92b0a4f8d0f1fa23ddabad1668c4a6783f5643564f646d6,1773227725,2026-03-11T11:15:25+00:00,0.9475,clob_prices_history
96773953960313048340895711765817431775606353405814859249629785260485292633238,0x6397f084bcee3390e92b0a4f8d0f1fa23ddabad1668c4a6783f5643564f646d6,1773228626,2026-03-11T11:30:26+00:00,0.9475,clob_prices_history
96773953960313048340895711765817431775606353405814859249629785260485292633238,0x6397f084bcee3390e92b0a4f8d0f1fa23ddabad1668c4a6783f5643564f646d6,1773229522,2026-03-11T11:45:22+00:00,0.9475,clob_prices_history
96773953960313048340895711765817431775606353405814859249629785260485292633238,0x6397f084bcee3390e92b0a4f8d0f1fa23ddabad1668c4a6783f5643564f646d6,1773230444,2026-03-11T12:00:44+00:00,0.9475,clob_prices_history
96773953960313048340895711765817431775606353405814859249629785260485292633238,0x6397f084bcee3390e92b0a4f8d0f1fa23ddabad1668c4a6783f5643564f646d6,1773231321,2026-03-11T12:15:21+00:00,0.9475,clob_prices_history
96773953960313048340895711765817431775606353405814859249629785260485292633238,0x6397f084bcee3390e92b0a4f8d0f1fa23ddabad1668c4a6783f5643564f646d6,1773232232,2026-03-11T12:30:32+00:00,0.9475,clob_prices_history
96773953960313048340895711765817431775606353405814859249629785260485292633238,0x6397f084bcee3390e92b0a4f8d0f1fa23ddabad1668c4a6783f5643564f646d6,1773233127,2026-03-11T12:45:27+00:00,0.9475,clob_prices_history
96773953960313048340895711765817431775606353405814859249629785260485292633238,0x6397f084bcee3390e92b0a4f8d0f1fa23ddabad1668c4a6783f5643564f646d6,1773234027,2026-03-11T13:00:27+00:00,0.9475,clob_prices_history
96773953960313048340895711765817431775606353405814859249629785260485292633238,0x6397f084bcee3390e92b0a4f8d0f1fa23ddabad1668c4a6783f5643564f646d6,1773234925,2026-03-11T13:15:25+00:00,0.9475,clob_prices_history
96773953960313048340895711765817431775606353405814859249629785260485292633238,0x6397f084bcee3390e92b0a4f8d0f1fa23ddabad1668c4a6783f5643564f646d6,1773235825,2026-03-11T13:30:25+00:00,0.9475,clob_prices_history
96773953960313048340895711765817431775606353405814859249629785260485292633238,0x6397f084bcee3390e92b0a4f8d0f1fa23ddabad1668c4a6783f5643564f646d6,1773236727,2026-03-11T13:45:27+00:00,0.9475,clob_prices_history
96773953960313048340895711765817431775606353405814859249629785260485292633238,0x6397f084bcee3390e92b0a4f8d0f1fa23ddabad1668c4a6783f5643564f646d6,1773237627,2026-03-11T14:00:27+00:00,0.9475,clob_prices_history
96773953960313048340895711765817431775606353405814859249629785260485292633238,0x6397f084bcee3390e92b0a4f8d0f1fa23ddabad1668c4a6783f5643564f646d6,1773238523,2026-03-11T14:15:23+00:00,0.9475,clob_prices_history
96773953960313048340895711765817431775606353405814859249629785260485292633238,0x6397f084bcee3390e92b0a4f8d0f1fa23ddabad1668c4a6783f5643564f646d6,1773239426,2026-03-11T14:30:26+00:00,0.9475,clob_prices_history
96773953960313048340895711765817431775606353405814859249629785260485292633238,0x6397f084bcee3390e92b0a4f8d0f1fa23ddabad1668c4a6783f5643564f646d6,1773240324,2026-03-11T14:45:24+00:00,0.9475,clob_prices_history
96773953960313048340895711765817431775606353405814859249629785260485292633238,0x6397f084bcee3390e92b0a4f8d0f1fa23ddabad1668c4a6783f5643564f646d6,1773241238,2026-03-11T15:00:38+00:00,0.9475,clob_prices_history
96773953960313048340895711765817431775606353405814859249629785260485292633238,0x6397f084bcee3390e92b0a4f8d0f1fa23ddabad1668c4a6783f5643564f646d6,1773242126,2026-03-11T15:15:26+00:00,0.9475,clob_prices_history
96773953960313048340895711765817431775606353405814859249629785260485292633238,0x6397f084bcee3390e92b0a4f8d0f1fa23ddabad1668c4a6783f5643564f646d6,1773243024,2026-03-11T15:30:24+00:00,0.9475,clob_prices_history
96773953960313048340895711765817431775606353405814859249629785260485292633238,0x6397f084bcee3390e92b0a4f8d0f1fa23ddabad1668c4a6783f5643564f646d6,1773243923,2026-03-11T15:45:23+00:00,0.9475,clob_prices_history
96773953960313048340895711765817431775606353405814859249629785260485292633238,0x6397f084bcee3390e92b0a4f8d0f1fa23ddabad1668c4a6783f5643564f646d6,1773244828,2026-03-11T16:00:28+00:00,0.9475,clob_prices_history
96773953960313048340895711765817431775606353405814859249629785260485292633238,0x6397f084bcee3390e92b0a4f8d0f1fa23ddabad1668c4a6783f5643564f646d6,1773245724,2026-03-11T16:15:24+00:00,0.9475,clob_prices_history
96773953960313048340895711765817431775606353405814859249629785260485292633238,0x6397f084bcee3390e92b0a4f8d0f1fa23ddabad1668c4a6783f5643564f646d6,1773246625,2026-03-11T16:30:25+00:00,0.9475,clob_prices_history
96773953960313048340895711765817431775606353405814859249629785260485292633238,0x6397f084bcee3390e92b0a4f8d0f1fa23ddabad1668c4a6783f5643564f646d6,1773247525,2026-03-11T16:45:25+00:00,0.9475,clob_prices_history
96773953960313048340895711765817431775606353405814859249629785260485292633238,0x6397f084bcee3390e92b0a4f8d0f1fa23ddabad1668c4a6783f5643564f646d6,1773248436,2026-03-11T17:00:36+00:00,0.9475,clob_prices_history
96773953960313048340895711765817431775606353405814859249629785260485292633238,0x6397f084bcee3390e92b0a4f8d0f1fa23ddabad1668c4a6783f5643564f646d6,1773249325,2026-03-11T17:15:25+00:00,0.9475,clob_prices_history
96773953960313048340895711765817431775606353405814859249629785260485292633238,0x6397f084bcee3390e92b0a4f8d0f1fa23ddabad1668c4a6783f5643564f646d6,1773250226,2026-03-11T17:30:26+00:00,0.9475,clob_prices_history
96773953960313048340895711765817431775606353405814859249629785260485292633238,0x6397f084bcee3390e92b0a4f8d0f1fa23ddabad1668c4a6783f5643564f646d6,1773251124,2026-03-11T17:45:24+00:00,0.9475,clob_prices_history
96773953960313048340895711765817431775606353405814859249629785260485292633238,0x6397f084bcee3390e92b0a4f8d0f1fa23ddabad1668c4a6783f5643564f646d6,1773252031,2026-03-11T18:00:31+00:00,0.9475,clob_prices_history
96773953960313048340895711765817431775606353405814859249629785260485292633238,0x6397f084bcee3390e92b0a4f8d0f1fa23ddabad1668c4a6783f5643564f646d6,1773252923,2026-03-11T18:15:23+00:00,0.9475,clob_prices_history
96773953960313048340895711765817431775606353405814859249629785260485292633238,0x6397f084bcee3390e92b0a4f8d0f1fa23ddabad1668c4a6783f5643564f646d6,1773253825,2026-03-11T18:30:25+00:00,0.9475,clob_prices_history
96773953960313048340895711765817431775606353405814859249629785260485292633238,0x6397f084bcee3390e92b0a4f8d0f1fa23ddabad1668c4a6783f5643564f646d6,1773254726,2026-03-11T18:45:26+00:00,0.9475,clob_prices_history
96773953960313048340895711765817431775606353405814859249629785260485292633238,0x6397f084bcee3390e92b0a4f8d0f1fa23ddabad1668c4a6783f5643564f646d6,1773255628,2026-03-11T19:00:28+00:00,0.9475,clob_prices_history
96773953960313048340895711765817431775606353405814859249629785260485292633238,0x6397f084bcee3390e92b0a4f8d0f1fa23ddabad1668c4a6783f5643564f646d6,1773256523,2026-03-11T19:15:23+00:00,0.9475,clob_prices_history
96773953960313048340895711765817431775606353405814859249629785260485292633238,0x6397f084bcee3390e92b0a4f8d0f1fa23ddabad1668c4a6783f5643564f646d6,1773257427,2026-03-11T19:30:27+00:00,0.9475,clob_prices_history
96773953960313048340895711765817431775606353405814859249629785260485292633238,0x6397f084bcee3390e92b0a4f8d0f1fa23ddabad1668c4a6783f5643564f646d6,1773258322,2026-03-11T19:45:22+00:00,0.9475,clob_prices_history
96773953960313048340895711765817431775606353405814859249629785260485292633238,0x6397f084bcee3390e92b0a4f8d0f1fa23ddabad1668c4a6783f5643564f646d6,1773259228,2026-03-11T20:00:28+00:00,0.9475,clob_prices_history
96773953960313048340895711765817431775606353405814859249629785260485292633238,0x6397f084bcee3390e92b0a4f8d0f1fa23ddabad1668c4a6783f5643564f646d6,1773260123,2026-03-11T20:15:23+00:00,0.9475,clob_prices_history
96773953960313048340895711765817431775606353405814859249629785260485292633238,0x6397f084bcee3390e92b0a4f8d0f1fa23ddabad1668c4a6783f5643564f646d6,1773261028,2026-03-11T20:30:28+00:00,0.9475,clob_prices_history
96773953960313048340895711765817431775606353405814859249629785260485292633238,0x6397f084bcee3390e92b0a4f8d0f1fa23ddabad1668c4a6783f5643564f646d6,1773261926,2026-03-11T20:45:26+00:00,0.9475,clob_prices_history
96773953960313048340895711765817431775606353405814859249629785260485292633238,0x6397f084bcee3390e92b0a4f8d0f1fa23ddabad1668c4a6783f5643564f646d6,1773262834,2026-03-11T21:00:34+00:00,0.9475,clob_prices_history
96773953960313048340895711765817431775606353405814859249629785260485292633238,0x6397f084bcee3390e92b0a4f8d0f1fa23ddabad1668c4a6783f5643564f646d6,1773263725,2026-03-11T21:15:25+00:00,0.9475,clob_prices_history
96773953960313048340895711765817431775606353405814859249629785260485292633238,0x6397f084bcee3390e92b0a4f8d0f1fa23ddabad1668c4a6783f5643564f646d6,1773264627,2026-03-11T21:30:27+00:00,0.9475,clob_prices_history
96773953960313048340895711765817431775606353405814859249629785260485292633238,0x6397f084bcee3390e92b0a4f8d0f1fa23ddabad1668c4a6783f5643564f646d6,1773265537,2026-03-11T21:45:37+00:00,0.9475,clob_prices_history
96773953960313048340895711765817431775606353405814859249629785260485292633238,0x6397f084bcee3390e92b0a4f8d0f1fa23ddabad1668c4a6783f5643564f646d6,1773266428,2026-03-11T22:00:28+00:00,0.9475,clob_prices_history
96773953960313048340895711765817431775606353405814859249629785260485292633238,0x6397f084bcee3390e92b0a4f8d0f1fa23ddabad1668c4a6783f5643564f646d6,1773267325,2026-03-11T22:15:25+00:00,0.9475,clob_prices_history
96773953960313048340895711765817431775606353405814859249629785260485292633238,0x6397f084bcee3390e92b0a4f8d0f1fa23ddabad1668c4a6783f5643564f646d6,1773268229,2026-03-11T22:30:29+00:00,0.9475,clob_prices_history
96773953960313048340895711765817431775606353405814859249629785260485292633238,0x6397f084bcee3390e92b0a4f8d0f1fa23ddabad1668c4a6783f5643564f646d6,1773269128,2026-03-11T22:45:28+00:00,0.9475,clob_prices_history
96773953960313048340895711765817431775606353405814859249629785260485292633238,0x6397f084bcee3390e92b0a4f8d0f1fa23ddabad1668c4a6783f5643564f646d6,1773270026,2026-03-11T23:00:26+00:00,0.9475,clob_prices_history
96773953960313048340895711765817431775606353405814859249629785260485292633238,0x6397f084bcee3390e92b0a4f8d0f1fa23ddabad1668c4a6783f5643564f646d6,1773270927,2026-03-11T23:15:27+00:00,0.9475,clob_prices_history
96773953960313048340895711765817431775606353405814859249629785260485292633238,0x6397f084bcee3390e92b0a4f8d0f1fa23ddabad1668c4a6783f5643564f646d6,1773271825,2026-03-11T23:30:25+00:00,0.9475,clob_prices_history
96773953960313048340895711765817431775606353405814859249629785260485292633238,0x6397f084bcee3390e92b0a4f8d0f1fa23ddabad1668c4a6783f5643564f646d6,1773272723,2026-03-11T23:45:23+00:00,0.9475,clob_prices_history
96773953960313048340895711765817431775606353405814859249629785260485292633238,0x6397f084bcee3390e92b0a4f8d0f1fa23ddabad1668c4a6783f5643564f646d6,1773273633,2026-03-12T00:00:33+00:00,0.937,clob_prices_history
96773953960313048340895711765817431775606353405814859249629785260485292633238,0x6397f084bcee3390e92b0a4f8d0f1fa23ddabad1668c4a6783f5643564f646d6,1773274525,2026-03-12T00:15:25+00:00,0.9365,clob_prices_history
96773953960313048340895711765817431775606353405814859249629785260485292633238,0x6397f084bcee3390e92b0a4f8d0f1fa23ddabad1668c4a6783f5643564f646d6,1773275428,2026-03-12T00:30:28+00:00,0.937,clob_prices_history
96773953960313048340895711765817431775606353405814859249629785260485292633238,0x6397f084bcee3390e92b0a4f8d0f1fa23ddabad1668c4a6783f5643564f646d6,1773276326,2026-03-12T00:45:26+00:00,0.9385,clob_prices_history
96773953960313048340895711765817431775606353405814859249629785260485292633238,0x6397f084bcee3390e92b0a4f8d0f1fa23ddabad1668c4a6783f5643564f646d6,1773277227,2026-03-12T01:00:27+00:00,0.9385,clob_prices_history
96773953960313048340895711765817431775606353405814859249629785260485292633238,0x6397f084bcee3390e92b0a4f8d0f1fa23ddabad1668c4a6783f5643564f646d6,1773278125,2026-03-12T01:15:25+00:00,0.9405,clob_prices_history
96773953960313048340895711765817431775606353405814859249629785260485292633238,0x6397f084bcee3390e92b0a4f8d0f1fa23ddabad1668c4a6783f5643564f646d6,1773279024,2026-03-12T01:30:24+00:00,0.9395,clob_prices_history
96773953960313048340895711765817431775606353405814859249629785260485292633238,0x6397f084bcee3390e92b0a4f8d0f1fa23ddabad1668c4a6783f5643564f646d6,1773279922,2026-03-12T01:45:22+00:00,0.94,clob_prices_history
96773953960313048340895711765817431775606353405814859249629785260485292633238,0x6397f084bcee3390e92b0a4f8d0f1fa23ddabad1668c4a6783f5643564f646d6,1773280827,2026-03-12T02:00:27+00:00,0.9395,clob_prices_history
96773953960313048340895711765817431775606353405814859249629785260485292633238,0x6397f084bcee3390e92b0a4f8d0f1fa23ddabad1668c4a6783f5643564f646d6,1773281726,2026-03-12T02:15:26+00:00,0.9385,clob_prices_history
96773953960313048340895711765817431775606353405814859249629785260485292633238,0x6397f084bcee3390e92b0a4f8d0f1fa23ddabad1668c4a6783f5643564f646d6,1773282628,2026-03-12T02:30:28+00:00,0.9385,clob_prices_history
96773953960313048340895711765817431775606353405814859249629785260485292633238,0x6397f084bcee3390e92b0a4f8d0f1fa23ddabad1668c4a6783f5643564f646d6,1773283526,2026-03-12T02:45:26+00:00,0.9385,clob_prices_history
96773953960313048340895711765817431775606353405814859249629785260485292633238,0x6397f084bcee3390e92b0a4f8d0f1fa23ddabad1668c4a6783f5643564f646d6,1773284433,2026-03-12T03:00:33+00:00,0.9385,clob_prices_history
96773953960313048340895711765817431775606353405814859249629785260485292633238,0x6397f084bcee3390e92b0a4f8d0f1fa23ddabad1668c4a6783f5643564f646d6,1773285324,2026-03-12T03:15:24+00:00,0.939,clob_prices_history
96773953960313048340895711765817431775606353405814859249629785260485292633238,0x6397f084bcee3390e92b0a4f8d0f1fa23ddabad1668c4a6783f5643564f646d6,1773286229,2026-03-12T03:30:29+00:00,0.939,clob_prices_history
96773953960313048340895711765817431775606353405814859249629785260485292633238,0x6397f084bcee3390e92b0a4f8d0f1fa23ddabad1668c4a6783f5643564f646d6,1773287133,2026-03-12T03:45:33+00:00,0.938,clob_prices_history
96773953960313048340895711765817431775606353405814859249629785260485292633238,0x6397f084bcee3390e92b0a4f8d0f1fa23ddabad1668c4a6783f5643564f646d6,1773288026,2026-03-12T04:00:26+00:00,0.937,clob_prices_history
96773953960313048340895711765817431775606353405814859249629785260485292633238,0x6397f084bcee3390e92b0a4f8d0f1fa23ddabad1668c4a6783f5643564f646d6,1773288924,2026-03-12T04:15:24+00:00,0.9375,clob_prices_history
96773953960313048340895711765817431775606353405814859249629785260485292633238,0x6397f084bcee3390e92b0a4f8d0f1fa23ddabad1668c4a6783f5643564f646d6,1773289826,2026-03-12T04:30:26+00:00,0.938,clob_prices_history
96773953960313048340895711765817431775606353405814859249629785260485292633238,0x6397f084bcee3390e92b0a4f8d0f1fa23ddabad1668c4a6783f5643564f646d6,1773290722,2026-03-12T04:45:22+00:00,0.9385,clob_prices_history
96773953960313048340895711765817431775606353405814859249629785260485292633238,0x6397f084bcee3390e92b0a4f8d0f1fa23ddabad1668c4a6783f5643564f646d6,1773291627,2026-03-12T05:00:27+00:00,0.9385,clob_prices_history
96773953960313048340895711765817431775606353405814859249629785260485292633238,0x6397f084bcee3390e92b0a4f8d0f1fa23ddabad1668c4a6783f5643564f646d6,1773292524,2026-03-12T05:15:24+00:00,0.94,clob_prices_history
96773953960313048340895711765817431775606353405814859249629785260485292633238,0x6397f084bcee3390e92b0a4f8d0f1fa23ddabad1668c4a6783f5643564f646d6,1773293426,2026-03-12T05:30:26+00:00,0.9395,clob_prices_history
96773953960313048340895711765817431775606353405814859249629785260485292633238,0x6397f084bcee3390e92b0a4f8d0f1fa23ddabad1668c4a6783f5643564f646d6,1773294322,2026-03-12T05:45:22+00:00,0.9395,clob_prices_history
96773953960313048340895711765817431775606353405814859249629785260485292633238,0x6397f084bcee3390e92b0a4f8d0f1fa23ddabad1668c4a6783f5643564f646d6,1773295234,2026-03-12T06:00:34+00:00,0.938,clob_prices_history
96773953960313048340895711765817431775606353405814859249629785260485292633238,0x6397f084bcee3390e92b0a4f8d0f1fa23ddabad1668c4a6783f5643564f646d6,1773296123,2026-03-12T06:15:23+00:00,0.939,clob_prices_history
96773953960313048340895711765817431775606353405814859249629785260485292633238,0x6397f084bcee3390e92b0a4f8d0f1fa23ddabad1668c4a6783f5643564f646d6,1773297024,2026-03-12T06:30:24+00:00,0.9395,clob_prices_history
96773953960313048340895711765817431775606353405814859249629785260485292633238,0x6397f084bcee3390e92b0a4f8d0f1fa23ddabad1668c4a6783f5643564f646d6,1773297925,2026-03-12T06:45:25+00:00,0.939,clob_prices_history
96773953960313048340895711765817431775606353405814859249629785260485292633238,0x6397f084bcee3390e92b0a4f8d0f1fa23ddabad1668c4a6783f5643564f646d6,1773298827,2026-03-12T07:00:27+00:00,0.938,clob_prices_history
96773953960313048340895711765817431775606353405814859249629785260485292633238,0x6397f084bcee3390e92b0a4f8d0f1fa23ddabad1668c4a6783f5643564f646d6,1773299726,2026-03-12T07:15:26+00:00,0.9385,clob_prices_history
96773953960313048340895711765817431775606353405814859249629785260485292633238,0x6397f084bcee3390e92b0a4f8d0f1fa23ddabad1668c4a6783f5643564f646d6,1773300626,2026-03-12T07:30:26+00:00,0.9365,clob_prices_history
96773953960313048340895711765817431775606353405814859249629785260485292633238,0x6397f084bcee3390e92b0a4f8d0f1fa23ddabad1668c4a6783f5643564f646d6,1773301523,2026-03-12T07:45:23+00:00,0.9365,clob_prices_history
96773953960313048340895711765817431775606353405814859249629785260485292633238,0x6397f084bcee3390e92b0a4f8d0f1fa23ddabad1668c4a6783f5643564f646d6,1773302429,2026-03-12T08:00:29+00:00,0.936,clob_prices_history
96773953960313048340895711765817431775606353405814859249629785260485292633238,0x6397f084bcee3390e92b0a4f8d0f1fa23ddabad1668c4a6783f5643564f646d6,1773303324,2026-03-12T08:15:24+00:00,0.9365,clob_prices_history
96773953960313048340895711765817431775606353405814859249629785260485292633238,0x6397f084bcee3390e92b0a4f8d0f1fa23ddabad1668c4a6783f5643564f646d6,1773304224,2026-03-12T08:30:24+00:00,0.9365,clob_prices_history
96773953960313048340895711765817431775606353405814859249629785260485292633238,0x6397f084bcee3390e92b0a4f8d0f1fa23ddabad1668c4a6783f5643564f646d6,1773305122,2026-03-12T08:45:22+00:00,0.9365,clob_prices_history
96773953960313048340895711765817431775606353405814859249629785260485292633238,0x6397f084bcee3390e92b0a4f8d0f1fa23ddabad1668c4a6783f5643564f646d6,1773306030,2026-03-12T09:00:30+00:00,0.939,clob_prices_history
96773953960313048340895711765817431775606353405814859249629785260485292633238,0x6397f084bcee3390e92b0a4f8d0f1fa23ddabad1668c4a6783f5643564f646d6,1773306922,2026-03-12T09:15:22+00:00,0.9395,clob_prices_history
96773953960313048340895711765817431775606353405814859249629785260485292633238,0x6397f084bcee3390e92b0a4f8d0f1fa23ddabad1668c4a6783f5643564f646d6,1773307826,2026-03-12T09:30:26+00:00,0.9385,clob_prices_history
96773953960313048340895711765817431775606353405814859249629785260485292633238,0x6397f084bcee3390e92b0a4f8d0f1fa23ddabad1668c4a6783f5643564f646d6,1773308724,2026-03-12T09:45:24+00:00,0.939,clob_prices_history
96773953960313048340895711765817431775606353405814859249629785260485292633238,0x6397f084bcee3390e92b0a4f8d0f1fa23ddabad1668c4a6783f5643564f646d6,1773309646,2026-03-12T10:00:46+00:00,0.939,clob_prices_history
96773953960313048340895711765817431775606353405814859249629785260485292633238,0x6397f084bcee3390e92b0a4f8d0f1fa23ddabad1668c4a6783f5643564f646d6,1773310525,2026-03-12T10:15:25+00:00,0.939,clob_prices_history
96773953960313048340895711765817431775606353405814859249629785260485292633238,0x6397f084bcee3390e92b0a4f8d0f1fa23ddabad1668c4a6783f5643564f646d6,1773311426,2026-03-12T10:30:26+00:00,0.9385,clob_prices_history
96773953960313048340895711765817431775606353405814859249629785260485292633238,0x6397f084bcee3390e92b0a4f8d0f1fa23ddabad1668c4a6783f5643564f646d6,1773312324,2026-03-12T10:45:24+00:00,0.9415,clob_prices_history
96773953960313048340895711765817431775606353405814859249629785260485292633238,0x6397f084bcee3390e92b0a4f8d0f1fa23ddabad1668c4a6783f5643564f646d6,1773313226,2026-03-12T11:00:26+00:00,0.94,clob_prices_history
96773953960313048340895711765817431775606353405814859249629785260485292633238,0x6397f084bcee3390e92b0a4f8d0f1fa23ddabad1668c4a6783f5643564f646d6,1773314121,2026-03-12T11:15:21+00:00,0.941,clob_prices_history
96773953960313048340895711765817431775606353405814859249629785260485292633238,0x6397f084bcee3390e92b0a4f8d0f1fa23ddabad1668c4a6783f5643564f646d6,1773315028,2026-03-12T11:30:28+00:00,0.944,clob_prices_history
96773953960313048340895711765817431775606353405814859249629785260485292633238,0x6397f084bcee3390e92b0a4f8d0f1fa23ddabad1668c4a6783f5643564f646d6,1773315924,2026-03-12T11:45:24+00:00,0.9445,clob_prices_history
96773953960313048340895711765817431775606353405814859249629785260485292633238,0x6397f084bcee3390e92b0a4f8d0f1fa23ddabad1668c4a6783f5643564f646d6,1773316839,2026-03-12T12:00:39+00:00,0.944,clob_prices_history
96773953960313048340895711765817431775606353405814859249629785260485292633238,0x6397f084bcee3390e92b0a4f8d0f1fa23ddabad1668c4a6783f5643564f646d6,1773317725,2026-03-12T12:15:25+00:00,0.944,clob_prices_history
96773953960313048340895711765817431775606353405814859249629785260485292633238,0x6397f084bcee3390e92b0a4f8d0f1fa23ddabad1668c4a6783f5643564f646d6,1773318635,2026-03-12T12:30:35+00:00,0.944,clob_prices_history
96773953960313048340895711765817431775606353405814859249629785260485292633238,0x6397f084bcee3390e92b0a4f8d0f1fa23ddabad1668c4a6783f5643564f646d6,1773319522,2026-03-12T12:45:22+00:00,0.9445,clob_prices_history
96773953960313048340895711765817431775606353405814859249629785260485292633238,0x6397f084bcee3390e92b0a4f8d0f1fa23ddabad1668c4a6783f5643564f646d6,1773320433,2026-03-12T13:00:33+00:00,0.944,clob_prices_history
96773953960313048340895711765817431775606353405814859249629785260485292633238,0x6397f084bcee3390e92b0a4f8d0f1fa23ddabad1668c4a6783f5643564f646d6,1773321325,2026-03-12T13:15:25+00:00,0.944,clob_prices_history
96773953960313048340895711765817431775606353405814859249629785260485292633238,0x6397f084bcee3390e92b0a4f8d0f1fa23ddabad1668c4a6783f5643564f646d6,1773322228,2026-03-12T13:30:28+00:00,0.944,clob_prices_history
96773953960313048340895711765817431775606353405814859249629785260485292633238,0x6397f084bcee3390e92b0a4f8d0f1fa23ddabad1668c4a6783f5643564f646d6,1773323127,2026-03-12T13:45:27+00:00,0.9445,clob_prices_history
96773953960313048340895711765817431775606353405814859249629785260485292633238,0x6397f084bcee3390e92b0a4f8d0f1fa23ddabad1668c4a6783f5643564f646d6,1773324031,2026-03-12T14:00:31+00:00,0.944,clob_prices_history
96773953960313048340895711765817431775606353405814859249629785260485292633238,0x6397f084bcee3390e92b0a4f8d0f1fa23ddabad1668c4a6783f5643564f646d6,1773324925,2026-03-12T14:15:25+00:00,0.9455,clob_prices_history
96773953960313048340895711765817431775606353405814859249629785260485292633238,0x6397f084bcee3390e92b0a4f8d0f1fa23ddabad1668c4a6783f5643564f646d6,1773325827,2026-03-12T14:30:27+00:00,0.9445,clob_prices_history
96773953960313048340895711765817431775606353405814859249629785260485292633238,0x6397f084bcee3390e92b0a4f8d0f1fa23ddabad1668c4a6783f5643564f646d6,1773326727,2026-03-12T14:45:27+00:00,0.9445,clob_prices_history
96773953960313048340895711765817431775606353405814859249629785260485292633238,0x6397f084bcee3390e92b0a4f8d0f1fa23ddabad1668c4a6783f5643564f646d6,1773327633,2026-03-12T15:00:33+00:00,0.944,clob_prices_history
96773953960313048340895711765817431775606353405814859249629785260485292633238,0x6397f084bcee3390e92b0a4f8d0f1fa23ddabad1668c4a6783f5643564f646d6,1773328523,2026-03-12T15:15:23+00:00,0.944,clob_prices_history
96773953960313048340895711765817431775606353405814859249629785260485292633238,0x6397f084bcee3390e92b0a4f8d0f1fa23ddabad1668c4a6783f5643564f646d6,1773329428,2026-03-12T15:30:28+00:00,0.944,clob_prices_history
96773953960313048340895711765817431775606353405814859249629785260485292633238,0x6397f084bcee3390e92b0a4f8d0f1fa23ddabad1668c4a6783f5643564f646d6,1773330325,2026-03-12T15:45:25+00:00,0.944,clob_prices_history
96773953960313048340895711765817431775606353405814859249629785260485292633238,0x6397f084bcee3390e92b0a4f8d0f1fa23ddabad1668c4a6783f5643564f646d6,1773331229,2026-03-12T16:00:29+00:00,0.944,clob_prices_history
96773953960313048340895711765817431775606353405814859249629785260485292633238,0x6397f084bcee3390e92b0a4f8d0f1fa23ddabad1668c4a6783f5643564f646d6,1773332125,2026-03-12T16:15:25+00:00,0.944,clob_prices_history
96773953960313048340895711765817431775606353405814859249629785260485292633238,0x6397f084bcee3390e92b0a4f8d0f1fa23ddabad1668c4a6783f5643564f646d6,1773333024,2026-03-12T16:30:24+00:00,0.9435,clob_prices_history
96773953960313048340895711765817431775606353405814859249629785260485292633238,0x6397f084bcee3390e92b0a4f8d0f1fa23ddabad1668c4a6783f5643564f646d6,1773333925,2026-03-12T16:45:25+00:00,0.944,clob_prices_history
96773953960313048340895711765817431775606353405814859249629785260485292633238,0x6397f084bcee3390e92b0a4f8d0f1fa23ddabad1668c4a6783f5643564f646d6,1773334843,2026-03-12T17:00:43+00:00,0.944,clob_prices_history
96773953960313048340895711765817431775606353405814859249629785260485292633238,0x6397f084bcee3390e92b0a4f8d0f1fa23ddabad1668c4a6783f5643564f646d6,1773335727,2026-03-12T17:15:27+00:00,0.944,clob_prices_history
96773953960313048340895711765817431775606353405814859249629785260485292633238,0x6397f084bcee3390e92b0a4f8d0f1fa23ddabad1668c4a6783f5643564f646d6,1773336632,2026-03-12T17:30:32+00:00,0.943,clob_prices_history
96773953960313048340895711765817431775606353405814859249629785260485292633238,0x6397f084bcee3390e92b0a4f8d0f1fa23ddabad1668c4a6783f5643564f646d6,1773337527,2026-03-12T17:45:27+00:00,0.943,clob_prices_history
96773953960313048340895711765817431775606353405814859249629785260485292633238,0x6397f084bcee3390e92b0a4f8d0f1fa23ddabad1668c4a6783f5643564f646d6,1773338436,2026-03-12T18:00:36+00:00,0.943,clob_prices_history
96773953960313048340895711765817431775606353405814859249629785260485292633238,0x6397f084bcee3390e92b0a4f8d0f1fa23ddabad1668c4a6783f5643564f646d6,1773339328,2026-03-12T18:15:28+00:00,0.9435,clob_prices_history
96773953960313048340895711765817431775606353405814859249629785260485292633238,0x6397f084bcee3390e92b0a4f8d0f1fa23ddabad1668c4a6783f5643564f646d6,1773340225,2026-03-12T18:30:25+00:00,0.9435,clob_prices_history
96773953960313048340895711765817431775606353405814859249629785260485292633238,0x6397f084bcee3390e92b0a4f8d0f1fa23ddabad1668c4a6783f5643564f646d6,1773341126,2026-03-12T18:45:26+00:00,0.9435,clob_prices_history
96773953960313048340895711765817431775606353405814859249629785260485292633238,0x6397f084bcee3390e92b0a4f8d0f1fa23ddabad1668c4a6783f5643564f646d6,1773342025,2026-03-12T19:00:25+00:00,0.9435,clob_prices_history
96773953960313048340895711765817431775606353405814859249629785260485292633238,0x6397f084bcee3390e92b0a4f8d0f1fa23ddabad1668c4a6783f5643564f646d6,1773342927,2026-03-12T19:15:27+00:00,0.9435,clob_prices_history
96773953960313048340895711765817431775606353405814859249629785260485292633238,0x6397f084bcee3390e92b0a4f8d0f1fa23ddabad1668c4a6783f5643564f646d6,1773343827,2026-03-12T19:30:27+00:00,0.9445,clob_prices_history
96773953960313048340895711765817431775606353405814859249629785260485292633238,0x6397f084bcee3390e92b0a4f8d0f1fa23ddabad1668c4a6783f5643564f646d6,1773344727,2026-03-12T19:45:27+00:00,0.944,clob_prices_history
96773953960313048340895711765817431775606353405814859249629785260485292633238,0x6397f084bcee3390e92b0a4f8d0f1fa23ddabad1668c4a6783f5643564f646d6,1773345629,2026-03-12T20:00:29+00:00,0.944,clob_prices_history
96773953960313048340895711765817431775606353405814859249629785260485292633238,0x6397f084bcee3390e92b0a4f8d0f1fa23ddabad1668c4a6783f5643564f646d6,1773346524,2026-03-12T20:15:24+00:00,0.944,clob_prices_history
96773953960313048340895711765817431775606353405814859249629785260485292633238,0x6397f084bcee3390e92b0a4f8d0f1fa23ddabad1668c4a6783f5643564f646d6,1773347427,2026-03-12T20:30:27+00:00,0.944,clob_prices_history
96773953960313048340895711765817431775606353405814859249629785260485292633238,0x6397f084bcee3390e92b0a4f8d0f1fa23ddabad1668c4a6783f5643564f646d6,1773348325,2026-03-12T20:45:25+00:00,0.944,clob_prices_history
96773953960313048340895711765817431775606353405814859249629785260485292633238,0x6397f084bcee3390e92b0a4f8d0f1fa23ddabad1668c4a6783f5643564f646d6,1773349232,2026-03-12T21:00:32+00:00,0.944,clob_prices_history
96773953960313048340895711765817431775606353405814859249629785260485292633238,0x6397f084bcee3390e92b0a4f8d0f1fa23ddabad1668c4a6783f5643564f646d6,1773350127,2026-03-12T21:15:27+00:00,0.944,clob_prices_history
96773953960313048340895711765817431775606353405814859249629785260485292633238,0x6397f084bcee3390e92b0a4f8d0f1fa23ddabad1668c4a6783f5643564f646d6,1773351028,2026-03-12T21:30:28+00:00,0.944,clob_prices_history
96773953960313048340895711765817431775606353405814859249629785260485292633238,0x6397f084bcee3390e92b0a4f8d0f1fa23ddabad1668c4a6783f5643564f646d6,1773351926,2026-03-12T21:45:26+00:00,0.9445,clob_prices_history
96773953960313048340895711765817431775606353405814859249629785260485292633238,0x6397f084bcee3390e92b0a4f8d0f1fa23ddabad1668c4a6783f5643564f646d6,1773352828,2026-03-12T22:00:28+00:00,0.944,clob_prices_history
96773953960313048340895711765817431775606353405814859249629785260485292633238,0x6397f084bcee3390e92b0a4f8d0f1fa23ddabad1668c4a6783f5643564f646d6,1773353727,2026-03-12T22:15:27+00:00,0.944,clob_prices_history
96773953960313048340895711765817431775606353405814859249629785260485292633238,0x6397f084bcee3390e92b0a4f8d0f1fa23ddabad1668c4a6783f5643564f646d6,1773354627,2026-03-12T22:30:27+00:00,0.944,clob_prices_history
96773953960313048340895711765817431775606353405814859249629785260485292633238,0x6397f084bcee3390e92b0a4f8d0f1fa23ddabad1668c4a6783f5643564f646d6,1773355526,2026-03-12T22:45:26+00:00,0.944,clob_prices_history
96773953960313048340895711765817431775606353405814859249629785260485292633238,0x6397f084bcee3390e92b0a4f8d0f1fa23ddabad1668c4a6783f5643564f646d6,1773356428,2026-03-12T23:00:28+00:00,0.944,clob_prices_history
96773953960313048340895711765817431775606353405814859249629785260485292633238,0x6397f084bcee3390e92b0a4f8d0f1fa23ddabad1668c4a6783f5643564f646d6,1773357327,2026-03-12T23:15:27+00:00,0.944,clob_prices_history
96773953960313048340895711765817431775606353405814859249629785260485292633238,0x6397f084bcee3390e92b0a4f8d0f1fa23ddabad1668c4a6783f5643564f646d6,1773358228,2026-03-12T23:30:28+00:00,0.944,clob_prices_history
96773953960313048340895711765817431775606353405814859249629785260485292633238,0x6397f084bcee3390e92b0a4f8d0f1fa23ddabad1668c4a6783f5643564f646d6,1773359124,2026-03-12T23:45:24+00:00,0.944,clob_prices_history
96773953960313048340895711765817431775606353405814859249629785260485292633238,0x6397f084bcee3390e92b0a4f8d0f1fa23ddabad1668c4a6783f5643564f646d6,1773360050,2026-03-13T00:00:50+00:00,0.944,clob_prices_history
96773953960313048340895711765817431775606353405814859249629785260485292633238,0x6397f084bcee3390e92b0a4f8d0f1fa23ddabad1668c4a6783f5643564f646d6,1773360925,2026-03-13T00:15:25+00:00,0.944,clob_prices_history
96773953960313048340895711765817431775606353405814859249629785260485292633238,0x6397f084bcee3390e92b0a4f8d0f1fa23ddabad1668c4a6783f5643564f646d6,1773361829,2026-03-13T00:30:29+00:00,0.944,clob_prices_history
96773953960313048340895711765817431775606353405814859249629785260485292633238,0x6397f084bcee3390e92b0a4f8d0f1fa23ddabad1668c4a6783f5643564f646d6,1773362724,2026-03-13T00:45:24+00:00,0.944,clob_prices_history
96773953960313048340895711765817431775606353405814859249629785260485292633238,0x6397f084bcee3390e92b0a4f8d0f1fa23ddabad1668c4a6783f5643564f646d6,1773363629,2026-03-13T01:00:29+00:00,0.944,clob_prices_history
96773953960313048340895711765817431775606353405814859249629785260485292633238,0x6397f084bcee3390e92b0a4f8d0f1fa23ddabad1668c4a6783f5643564f646d6,1773364527,2026-03-13T01:15:27+00:00,0.944,clob_prices_history
96773953960313048340895711765817431775606353405814859249629785260485292633238,0x6397f084bcee3390e92b0a4f8d0f1fa23ddabad1668c4a6783f5643564f646d6,1773365424,2026-03-13T01:30:24+00:00,0.944,clob_prices_history
96773953960313048340895711765817431775606353405814859249629785260485292633238,0x6397f084bcee3390e92b0a4f8d0f1fa23ddabad1668c4a6783f5643564f646d6,1773366325,2026-03-13T01:45:25+00:00,0.944,clob_prices_history
96773953960313048340895711765817431775606353405814859249629785260485292633238,0x6397f084bcee3390e92b0a4f8d0f1fa23ddabad1668c4a6783f5643564f646d6,1773367229,2026-03-13T02:00:29+00:00,0.944,clob_prices_history
96773953960313048340895711765817431775606353405814859249629785260485292633238,0x6397f084bcee3390e92b0a4f8d0f1fa23ddabad1668c4a6783f5643564f646d6,1773368125,2026-03-13T02:15:25+00:00,0.944,clob_prices_history
96773953960313048340895711765817431775606353405814859249629785260485292633238,0x6397f084bcee3390e92b0a4f8d0f1fa23ddabad1668c4a6783f5643564f646d6,1773369028,2026-03-13T02:30:28+00:00,0.944,clob_prices_history
96773953960313048340895711765817431775606353405814859249629785260485292633238,0x6397f084bcee3390e92b0a4f8d0f1fa23ddabad1668c4a6783f5643564f646d6,1773369926,2026-03-13T02:45:26+00:00,0.944,clob_prices_history
96773953960313048340895711765817431775606353405814859249629785260485292633238,0x6397f084bcee3390e92b0a4f8d0f1fa23ddabad1668c4a6783f5643564f646d6,1773370831,2026-03-13T03:00:31+00:00,0.944,clob_prices_history
96773953960313048340895711765817431775606353405814859249629785260485292633238,0x6397f084bcee3390e92b0a4f8d0f1fa23ddabad1668c4a6783f5643564f646d6,1773371724,2026-03-13T03:15:24+00:00,0.944,clob_prices_history
96773953960313048340895711765817431775606353405814859249629785260485292633238,0x6397f084bcee3390e92b0a4f8d0f1fa23ddabad1668c4a6783f5643564f646d6,1773372627,2026-03-13T03:30:27+00:00,0.9445,clob_prices_history
96773953960313048340895711765817431775606353405814859249629785260485292633238,0x6397f084bcee3390e92b0a4f8d0f1fa23ddabad1668c4a6783f5643564f646d6,1773373526,2026-03-13T03:45:26+00:00,0.9455,clob_prices_history
96773953960313048340895711765817431775606353405814859249629785260485292633238,0x6397f084bcee3390e92b0a4f8d0f1fa23ddabad1668c4a6783f5643564f646d6,1773374428,2026-03-13T04:00:28+00:00,0.9455,clob_prices_history
96773953960313048340895711765817431775606353405814859249629785260485292633238,0x6397f084bcee3390e92b0a4f8d0f1fa23ddabad1668c4a6783f5643564f646d6,1773375323,2026-03-13T04:15:23+00:00,0.944,clob_prices_history
96773953960313048340895711765817431775606353405814859249629785260485292633238,0x6397f084bcee3390e92b0a4f8d0f1fa23ddabad1668c4a6783f5643564f646d6,1773376224,2026-03-13T04:30:24+00:00,0.9445,clob_prices_history
96773953960313048340895711765817431775606353405814859249629785260485292633238,0x6397f084bcee3390e92b0a4f8d0f1fa23ddabad1668c4a6783f5643564f646d6,1773377123,2026-03-13T04:45:23+00:00,0.9445,clob_prices_history
96773953960313048340895711765817431775606353405814859249629785260485292633238,0x6397f084bcee3390e92b0a4f8d0f1fa23ddabad1668c4a6783f5643564f646d6,1773378025,2026-03-13T05:00:25+00:00,0.9445,clob_prices_history
96773953960313048340895711765817431775606353405814859249629785260485292633238,0x6397f084bcee3390e92b0a4f8d0f1fa23ddabad1668c4a6783f5643564f646d6,1773378930,2026-03-13T05:15:30+00:00,0.9445,clob_prices_history
96773953960313048340895711765817431775606353405814859249629785260485292633238,0x6397f084bcee3390e92b0a4f8d0f1fa23ddabad1668c4a6783f5643564f646d6,1773379829,2026-03-13T05:30:29+00:00,0.9445,clob_prices_history
96773953960313048340895711765817431775606353405814859249629785260485292633238,0x6397f084bcee3390e92b0a4f8d0f1fa23ddabad1668c4a6783f5643564f646d6,1773380726,2026-03-13T05:45:26+00:00,0.9445,clob_prices_history
96773953960313048340895711765817431775606353405814859249629785260485292633238,0x6397f084bcee3390e92b0a4f8d0f1fa23ddabad1668c4a6783f5643564f646d6,1773381631,2026-03-13T06:00:31+00:00,0.9445,clob_prices_history
96773953960313048340895711765817431775606353405814859249629785260485292633238,0x6397f084bcee3390e92b0a4f8d0f1fa23ddabad1668c4a6783f5643564f646d6,1773382529,2026-03-13T06:15:29+00:00,0.9445,clob_prices_history
96773953960313048340895711765817431775606353405814859249629785260485292633238,0x6397f084bcee3390e92b0a4f8d0f1fa23ddabad1668c4a6783f5643564f646d6,1773383428,2026-03-13T06:30:28+00:00,0.9445,clob_prices_history
96773953960313048340895711765817431775606353405814859249629785260485292633238,0x6397f084bcee3390e92b0a4f8d0f1fa23ddabad1668c4a6783f5643564f646d6,1773384325,2026-03-13T06:45:25+00:00,0.9445,clob_prices_history
96773953960313048340895711765817431775606353405814859249629785260485292633238,0x6397f084bcee3390e92b0a4f8d0f1fa23ddabad1668c4a6783f5643564f646d6,1773385234,2026-03-13T07:00:34+00:00,0.9445,clob_prices_history
96773953960313048340895711765817431775606353405814859249629785260485292633238,0x6397f084bcee3390e92b0a4f8d0f1fa23ddabad1668c4a6783f5643564f646d6,1773386126,2026-03-13T07:15:26+00:00,0.9445,clob_prices_history
96773953960313048340895711765817431775606353405814859249629785260485292633238,0x6397f084bcee3390e92b0a4f8d0f1fa23ddabad1668c4a6783f5643564f646d6,1773387029,2026-03-13T07:30:29+00:00,0.9445,clob_prices_history
96773953960313048340895711765817431775606353405814859249629785260485292633238,0x6397f084bcee3390e92b0a4f8d0f1fa23ddabad1668c4a6783f5643564f646d6,1773387923,2026-03-13T07:45:23+00:00,0.946,clob_prices_history
96773953960313048340895711765817431775606353405814859249629785260485292633238,0x6397f084bcee3390e92b0a4f8d0f1fa23ddabad1668c4a6783f5643564f646d6,1773388824,2026-03-13T08:00:24+00:00,0.946,clob_prices_history
96773953960313048340895711765817431775606353405814859249629785260485292633238,0x6397f084bcee3390e92b0a4f8d0f1fa23ddabad1668c4a6783f5643564f646d6,1773389725,2026-03-13T08:15:25+00:00,0.9475,clob_prices_history
96773953960313048340895711765817431775606353405814859249629785260485292633238,0x6397f084bcee3390e92b0a4f8d0f1fa23ddabad1668c4a6783f5643564f646d6,1773390626,2026-03-13T08:30:26+00:00,0.9465,clob_prices_history
96773953960313048340895711765817431775606353405814859249629785260485292633238,0x6397f084bcee3390e92b0a4f8d0f1fa23ddabad1668c4a6783f5643564f646d6,1773391525,2026-03-13T08:45:25+00:00,0.9465,clob_prices_history
96773953960313048340895711765817431775606353405814859249629785260485292633238,0x6397f084bcee3390e92b0a4f8d0f1fa23ddabad1668c4a6783f5643564f646d6,1773392432,2026-03-13T09:00:32+00:00,0.947,clob_prices_history
96773953960313048340895711765817431775606353405814859249629785260485292633238,0x6397f084bcee3390e92b0a4f8d0f1fa23ddabad1668c4a6783f5643564f646d6,1773393324,2026-03-13T09:15:24+00:00,0.947,clob_prices_history
96773953960313048340895711765817431775606353405814859249629785260485292633238,0x6397f084bcee3390e92b0a4f8d0f1fa23ddabad1668c4a6783f5643564f646d6,1773394223,2026-03-13T09:30:23+00:00,0.9465,clob_prices_history
96773953960313048340895711765817431775606353405814859249629785260485292633238,0x6397f084bcee3390e92b0a4f8d0f1fa23ddabad1668c4a6783f5643564f646d6,1773395125,2026-03-13T09:45:25+00:00,0.9475,clob_prices_history
96773953960313048340895711765817431775606353405814859249629785260485292633238,0x6397f084bcee3390e92b0a4f8d0f1fa23ddabad1668c4a6783f5643564f646d6,1773396027,2026-03-13T10:00:27+00:00,0.947,clob_prices_history
96773953960313048340895711765817431775606353405814859249629785260485292633238,0x6397f084bcee3390e92b0a4f8d0f1fa23ddabad1668c4a6783f5643564f646d6,1773396927,2026-03-13T10:15:27+00:00,0.947,clob_prices_history
96773953960313048340895711765817431775606353405814859249629785260485292633238,0x6397f084bcee3390e92b0a4f8d0f1fa23ddabad1668c4a6783f5643564f646d6,1773397829,2026-03-13T10:30:29+00:00,0.947,clob_prices_history
96773953960313048340895711765817431775606353405814859249629785260485292633238,0x6397f084bcee3390e92b0a4f8d0f1fa23ddabad1668c4a6783f5643564f646d6,1773398733,2026-03-13T10:45:33+00:00,0.9475,clob_prices_history
96773953960313048340895711765817431775606353405814859249629785260485292633238,0x6397f084bcee3390e92b0a4f8d0f1fa23ddabad1668c4a6783f5643564f646d6,1773399626,2026-03-13T11:00:26+00:00,0.9475,clob_prices_history
96773953960313048340895711765817431775606353405814859249629785260485292633238,0x6397f084bcee3390e92b0a4f8d0f1fa23ddabad1668c4a6783f5643564f646d6,1773400524,2026-03-13T11:15:24+00:00,0.9465,clob_prices_history
96773953960313048340895711765817431775606353405814859249629785260485292633238,0x6397f084bcee3390e92b0a4f8d0f1fa23ddabad1668c4a6783f5643564f646d6,1773401424,2026-03-13T11:30:24+00:00,0.9465,clob_prices_history
96773953960313048340895711765817431775606353405814859249629785260485292633238,0x6397f084bcee3390e92b0a4f8d0f1fa23ddabad1668c4a6783f5643564f646d6,1773402325,2026-03-13T11:45:25+00:00,0.9475,clob_prices_history
96773953960313048340895711765817431775606353405814859249629785260485292633238,0x6397f084bcee3390e92b0a4f8d0f1fa23ddabad1668c4a6783f5643564f646d6,1773403231,2026-03-13T12:00:31+00:00,0.9475,clob_prices_history
96773953960313048340895711765817431775606353405814859249629785260485292633238,0x6397f084bcee3390e92b0a4f8d0f1fa23ddabad1668c4a6783f5643564f646d6,1773404125,2026-03-13T12:15:25+00:00,0.9475,clob_prices_history
96773953960313048340895711765817431775606353405814859249629785260485292633238,0x6397f084bcee3390e92b0a4f8d0f1fa23ddabad1668c4a6783f5643564f646d6,1773405029,2026-03-13T12:30:29+00:00,0.9475,clob_prices_history
96773953960313048340895711765817431775606353405814859249629785260485292633238,0x6397f084bcee3390e92b0a4f8d0f1fa23ddabad1668c4a6783f5643564f646d6,1773405922,2026-03-13T12:45:22+00:00,0.9475,clob_prices_history
96773953960313048340895711765817431775606353405814859249629785260485292633238,0x6397f084bcee3390e92b0a4f8d0f1fa23ddabad1668c4a6783f5643564f646d6,1773406827,2026-03-13T13:00:27+00:00,0.9475,clob_prices_history
96773953960313048340895711765817431775606353405814859249629785260485292633238,0x6397f084bcee3390e92b0a4f8d0f1fa23ddabad1668c4a6783f5643564f646d6,1773407737,2026-03-13T13:15:37+00:00,0.9475,clob_prices_history
96773953960313048340895711765817431775606353405814859249629785260485292633238,0x6397f084bcee3390e92b0a4f8d0f1fa23ddabad1668c4a6783f5643564f646d6,1773408625,2026-03-13T13:30:25+00:00,0.9475,clob_prices_history
96773953960313048340895711765817431775606353405814859249629785260485292633238,0x6397f084bcee3390e92b0a4f8d0f1fa23ddabad1668c4a6783f5643564f646d6,1773409522,2026-03-13T13:45:22+00:00,0.9475,clob_prices_history
96773953960313048340895711765817431775606353405814859249629785260485292633238,0x6397f084bcee3390e92b0a4f8d0f1fa23ddabad1668c4a6783f5643564f646d6,1773410428,2026-03-13T14:00:28+00:00,0.9475,clob_prices_history
96773953960313048340895711765817431775606353405814859249629785260485292633238,0x6397f084bcee3390e92b0a4f8d0f1fa23ddabad1668c4a6783f5643564f646d6,1773411324,2026-03-13T14:15:24+00:00,0.9475,clob_prices_history
96773953960313048340895711765817431775606353405814859249629785260485292633238,0x6397f084bcee3390e92b0a4f8d0f1fa23ddabad1668c4a6783f5643564f646d6,1773412224,2026-03-13T14:30:24+00:00,0.9475,clob_prices_history
96773953960313048340895711765817431775606353405814859249629785260485292633238,0x6397f084bcee3390e92b0a4f8d0f1fa23ddabad1668c4a6783f5643564f646d6,1773413122,2026-03-13T14:45:22+00:00,0.9475,clob_prices_history
96773953960313048340895711765817431775606353405814859249629785260485292633238,0x6397f084bcee3390e92b0a4f8d0f1fa23ddabad1668c4a6783f5643564f646d6,1773414030,2026-03-13T15:00:30+00:00,0.9475,clob_prices_history
96773953960313048340895711765817431775606353405814859249629785260485292633238,0x6397f084bcee3390e92b0a4f8d0f1fa23ddabad1668c4a6783f5643564f646d6,1773414925,2026-03-13T15:15:25+00:00,0.9475,clob_prices_history
96773953960313048340895711765817431775606353405814859249629785260485292633238,0x6397f084bcee3390e92b0a4f8d0f1fa23ddabad1668c4a6783f5643564f646d6,1773415824,2026-03-13T15:30:24+00:00,0.9475,clob_prices_history
96773953960313048340895711765817431775606353405814859249629785260485292633238,0x6397f084bcee3390e92b0a4f8d0f1fa23ddabad1668c4a6783f5643564f646d6,1773416724,2026-03-13T15:45:24+00:00,0.9475,clob_prices_history
96773953960313048340895711765817431775606353405814859249629785260485292633238,0x6397f084bcee3390e92b0a4f8d0f1fa23ddabad1668c4a6783f5643564f646d6,1773417637,2026-03-13T16:00:37+00:00,0.946,clob_prices_history
96773953960313048340895711765817431775606353405814859249629785260485292633238,0x6397f084bcee3390e92b0a4f8d0f1fa23ddabad1668c4a6783f5643564f646d6,1773418523,2026-03-13T16:15:23+00:00,0.946,clob_prices_history
96773953960313048340895711765817431775606353405814859249629785260485292633238,0x6397f084bcee3390e92b0a4f8d0f1fa23ddabad1668c4a6783f5643564f646d6,1773419424,2026-03-13T16:30:24+00:00,0.946,clob_prices_history
96773953960313048340895711765817431775606353405814859249629785260485292633238,0x6397f084bcee3390e92b0a4f8d0f1fa23ddabad1668c4a6783f5643564f646d6,1773420324,2026-03-13T16:45:24+00:00,0.9465,clob_prices_history
96773953960313048340895711765817431775606353405814859249629785260485292633238,0x6397f084bcee3390e92b0a4f8d0f1fa23ddabad1668c4a6783f5643564f646d6,1773421225,2026-03-13T17:00:25+00:00,0.946,clob_prices_history
96773953960313048340895711765817431775606353405814859249629785260485292633238,0x6397f084bcee3390e92b0a4f8d0f1fa23ddabad1668c4a6783f5643564f646d6,1773422126,2026-03-13T17:15:26+00:00,0.946,clob_prices_history
96773953960313048340895711765817431775606353405814859249629785260485292633238,0x6397f084bcee3390e92b0a4f8d0f1fa23ddabad1668c4a6783f5643564f646d6,1773423026,2026-03-13T17:30:26+00:00,0.946,clob_prices_history
96773953960313048340895711765817431775606353405814859249629785260485292633238,0x6397f084bcee3390e92b0a4f8d0f1fa23ddabad1668c4a6783f5643564f646d6,1773423924,2026-03-13T17:45:24+00:00,0.946,clob_prices_history
96773953960313048340895711765817431775606353405814859249629785260485292633238,0x6397f084bcee3390e92b0a4f8d0f1fa23ddabad1668c4a6783f5643564f646d6,1773424829,2026-03-13T18:00:29+00:00,0.946,clob_prices_history
96773953960313048340895711765817431775606353405814859249629785260485292633238,0x6397f084bcee3390e92b0a4f8d0f1fa23ddabad1668c4a6783f5643564f646d6,1773425724,2026-03-13T18:15:24+00:00,0.946,clob_prices_history
96773953960313048340895711765817431775606353405814859249629785260485292633238,0x6397f084bcee3390e92b0a4f8d0f1fa23ddabad1668c4a6783f5643564f646d6,1773426623,2026-03-13T18:30:23+00:00,0.946,clob_prices_history
96773953960313048340895711765817431775606353405814859249629785260485292633238,0x6397f084bcee3390e92b0a4f8d0f1fa23ddabad1668c4a6783f5643564f646d6,1773427525,2026-03-13T18:45:25+00:00,0.946,clob_prices_history
96773953960313048340895711765817431775606353405814859249629785260485292633238,0x6397f084bcee3390e92b0a4f8d0f1fa23ddabad1668c4a6783f5643564f646d6,1773428429,2026-03-13T19:00:29+00:00,0.946,clob_prices_history
96773953960313048340895711765817431775606353405814859249629785260485292633238,0x6397f084bcee3390e92b0a4f8d0f1fa23ddabad1668c4a6783f5643564f646d6,1773429323,2026-03-13T19:15:23+00:00,0.946,clob_prices_history
96773953960313048340895711765817431775606353405814859249629785260485292633238,0x6397f084bcee3390e92b0a4f8d0f1fa23ddabad1668c4a6783f5643564f646d6,1773430230,2026-03-13T19:30:30+00:00,0.946,clob_prices_history
96773953960313048340895711765817431775606353405814859249629785260485292633238,0x6397f084bcee3390e92b0a4f8d0f1fa23ddabad1668c4a6783f5643564f646d6,1773431125,2026-03-13T19:45:25+00:00,0.946,clob_prices_history
96773953960313048340895711765817431775606353405814859249629785260485292633238,0x6397f084bcee3390e92b0a4f8d0f1fa23ddabad1668c4a6783f5643564f646d6,1773432025,2026-03-13T20:00:25+00:00,0.946,clob_prices_history
96773953960313048340895711765817431775606353405814859249629785260485292633238,0x6397f084bcee3390e92b0a4f8d0f1fa23ddabad1668c4a6783f5643564f646d6,1773432938,2026-03-13T20:15:38+00:00,0.946,clob_prices_history
96773953960313048340895711765817431775606353405814859249629785260485292633238,0x6397f084bcee3390e92b0a4f8d0f1fa23ddabad1668c4a6783f5643564f646d6,1773433825,2026-03-13T20:30:25+00:00,0.946,clob_prices_history
96773953960313048340895711765817431775606353405814859249629785260485292633238,0x6397f084bcee3390e92b0a4f8d0f1fa23ddabad1668c4a6783f5643564f646d6,1773434725,2026-03-13T20:45:25+00:00,0.946,clob_prices_history
96773953960313048340895711765817431775606353405814859249629785260485292633238,0x6397f084bcee3390e92b0a4f8d0f1fa23ddabad1668c4a6783f5643564f646d6,1773435637,2026-03-13T21:00:37+00:00,0.946,clob_prices_history
96773953960313048340895711765817431775606353405814859249629785260485292633238,0x6397f084bcee3390e92b0a4f8d0f1fa23ddabad1668c4a6783f5643564f646d6,1773436525,2026-03-13T21:15:25+00:00,0.946,clob_prices_history
96773953960313048340895711765817431775606353405814859249629785260485292633238,0x6397f084bcee3390e92b0a4f8d0f1fa23ddabad1668c4a6783f5643564f646d6,1773437422,2026-03-13T21:30:22+00:00,0.946,clob_prices_history
96773953960313048340895711765817431775606353405814859249629785260485292633238,0x6397f084bcee3390e92b0a4f8d0f1fa23ddabad1668c4a6783f5643564f646d6,1773438325,2026-03-13T21:45:25+00:00,0.946,clob_prices_history
96773953960313048340895711765817431775606353405814859249629785260485292633238,0x6397f084bcee3390e92b0a4f8d0f1fa23ddabad1668c4a6783f5643564f646d6,1773439226,2026-03-13T22:00:26+00:00,0.946,clob_prices_history
96773953960313048340895711765817431775606353405814859249629785260485292633238,0x6397f084bcee3390e92b0a4f8d0f1fa23ddabad1668c4a6783f5643564f646d6,1773440124,2026-03-13T22:15:24+00:00,0.946,clob_prices_history
96773953960313048340895711765817431775606353405814859249629785260485292633238,0x6397f084bcee3390e92b0a4f8d0f1fa23ddabad1668c4a6783f5643564f646d6,1773441023,2026-03-13T22:30:23+00:00,0.946,clob_prices_history
96773953960313048340895711765817431775606353405814859249629785260485292633238,0x6397f084bcee3390e92b0a4f8d0f1fa23ddabad1668c4a6783f5643564f646d6,1773441924,2026-03-13T22:45:24+00:00,0.946,clob_prices_history
96773953960313048340895711765817431775606353405814859249629785260485292633238,0x6397f084bcee3390e92b0a4f8d0f1fa23ddabad1668c4a6783f5643564f646d6,1773442823,2026-03-13T23:00:23+00:00,0.946,clob_prices_history
96773953960313048340895711765817431775606353405814859249629785260485292633238,0x6397f084bcee3390e92b0a4f8d0f1fa23ddabad1668c4a6783f5643564f646d6,1773443723,2026-03-13T23:15:23+00:00,0.946,clob_prices_history
96773953960313048340895711765817431775606353405814859249629785260485292633238,0x6397f084bcee3390e92b0a4f8d0f1fa23ddabad1668c4a6783f5643564f646d6,1773444626,2026-03-13T23:30:26+00:00,0.946,clob_prices_history
96773953960313048340895711765817431775606353405814859249629785260485292633238,0x6397f084bcee3390e92b0a4f8d0f1fa23ddabad1668c4a6783f5643564f646d6,1773445526,2026-03-13T23:45:26+00:00,0.945,clob_prices_history
96773953960313048340895711765817431775606353405814859249629785260485292633238,0x6397f084bcee3390e92b0a4f8d0f1fa23ddabad1668c4a6783f5643564f646d6,1773446430,2026-03-14T00:00:30+00:00,0.9445,clob_prices_history
96773953960313048340895711765817431775606353405814859249629785260485292633238,0x6397f084bcee3390e92b0a4f8d0f1fa23ddabad1668c4a6783f5643564f646d6,1773447324,2026-03-14T00:15:24+00:00,0.945,clob_prices_history
96773953960313048340895711765817431775606353405814859249629785260485292633238,0x6397f084bcee3390e92b0a4f8d0f1fa23ddabad1668c4a6783f5643564f646d6,1773448224,2026-03-14T00:30:24+00:00,0.9455,clob_prices_history
96773953960313048340895711765817431775606353405814859249629785260485292633238,0x6397f084bcee3390e92b0a4f8d0f1fa23ddabad1668c4a6783f5643564f646d6,1773449122,2026-03-14T00:45:22+00:00,0.9455,clob_prices_history
96773953960313048340895711765817431775606353405814859249629785260485292633238,0x6397f084bcee3390e92b0a4f8d0f1fa23ddabad1668c4a6783f5643564f646d6,1773450024,2026-03-14T01:00:24+00:00,0.9445,clob_prices_history
96773953960313048340895711765817431775606353405814859249629785260485292633238,0x6397f084bcee3390e92b0a4f8d0f1fa23ddabad1668c4a6783f5643564f646d6,1773450921,2026-03-14T01:15:21+00:00,0.9455,clob_prices_history
96773953960313048340895711765817431775606353405814859249629785260485292633238,0x6397f084bcee3390e92b0a4f8d0f1fa23ddabad1668c4a6783f5643564f646d6,1773451834,2026-03-14T01:30:34+00:00,0.945,clob_prices_history
96773953960313048340895711765817431775606353405814859249629785260485292633238,0x6397f084bcee3390e92b0a4f8d0f1fa23ddabad1668c4a6783f5643564f646d6,1773452724,2026-03-14T01:45:24+00:00,0.9455,clob_prices_history
96773953960313048340895711765817431775606353405814859249629785260485292633238,0x6397f084bcee3390e92b0a4f8d0f1fa23ddabad1668c4a6783f5643564f646d6,1773453624,2026-03-14T02:00:24+00:00,0.9455,clob_prices_history
96773953960313048340895711765817431775606353405814859249629785260485292633238,0x6397f084bcee3390e92b0a4f8d0f1fa23ddabad1668c4a6783f5643564f646d6,1773454521,2026-03-14T02:15:21+00:00,0.9455,clob_prices_history
96773953960313048340895711765817431775606353405814859249629785260485292633238,0x6397f084bcee3390e92b0a4f8d0f1fa23ddabad1668c4a6783f5643564f646d6,1773455425,2026-03-14T02:30:25+00:00,0.9455,clob_prices_history
96773953960313048340895711765817431775606353405814859249629785260485292633238,0x6397f084bcee3390e92b0a4f8d0f1fa23ddabad1668c4a6783f5643564f646d6,1773456323,2026-03-14T02:45:23+00:00,0.9455,clob_prices_history
96773953960313048340895711765817431775606353405814859249629785260485292633238,0x6397f084bcee3390e92b0a4f8d0f1fa23ddabad1668c4a6783f5643564f646d6,1773457228,2026-03-14T03:00:28+00:00,0.9455,clob_prices_history
96773953960313048340895711765817431775606353405814859249629785260485292633238,0x6397f084bcee3390e92b0a4f8d0f1fa23ddabad1668c4a6783f5643564f646d6,1773458122,2026-03-14T03:15:22+00:00,0.9455,clob_prices_history
96773953960313048340895711765817431775606353405814859249629785260485292633238,0x6397f084bcee3390e92b0a4f8d0f1fa23ddabad1668c4a6783f5643564f646d6,1773459027,2026-03-14T03:30:27+00:00,0.946,clob_prices_history
96773953960313048340895711765817431775606353405814859249629785260485292633238,0x6397f084bcee3390e92b0a4f8d0f1fa23ddabad1668c4a6783f5643564f646d6,1773459922,2026-03-14T03:45:22+00:00,0.9455,clob_prices_history
96773953960313048340895711765817431775606353405814859249629785260485292633238,0x6397f084bcee3390e92b0a4f8d0f1fa23ddabad1668c4a6783f5643564f646d6,1773460823,2026-03-14T04:00:23+00:00,0.9455,clob_prices_history
96773953960313048340895711765817431775606353405814859249629785260485292633238,0x6397f084bcee3390e92b0a4f8d0f1fa23ddabad1668c4a6783f5643564f646d6,1773461723,2026-03-14T04:15:23+00:00,0.9455,clob_prices_history
96773953960313048340895711765817431775606353405814859249629785260485292633238,0x6397f084bcee3390e92b0a4f8d0f1fa23ddabad1668c4a6783f5643564f646d6,1773462627,2026-03-14T04:30:27+00:00,0.946,clob_prices_history
96773953960313048340895711765817431775606353405814859249629785260485292633238,0x6397f084bcee3390e92b0a4f8d0f1fa23ddabad1668c4a6783f5643564f646d6,1773463524,2026-03-14T04:45:24+00:00,0.9455,clob_prices_history
96773953960313048340895711765817431775606353405814859249629785260485292633238,0x6397f084bcee3390e92b0a4f8d0f1fa23ddabad1668c4a6783f5643564f646d6,1773464423,2026-03-14T05:00:23+00:00,0.9455,clob_prices_history
96773953960313048340895711765817431775606353405814859249629785260485292633238,0x6397f084bcee3390e92b0a4f8d0f1fa23ddabad1668c4a6783f5643564f646d6,1773465325,2026-03-14T05:15:25+00:00,0.945,clob_prices_history
96773953960313048340895711765817431775606353405814859249629785260485292633238,0x6397f084bcee3390e92b0a4f8d0f1fa23ddabad1668c4a6783f5643564f646d6,1773466225,2026-03-14T05:30:25+00:00,0.9445,clob_prices_history
96773953960313048340895711765817431775606353405814859249629785260485292633238,0x6397f084bcee3390e92b0a4f8d0f1fa23ddabad1668c4a6783f5643564f646d6,1773467124,2026-03-14T05:45:24+00:00,0.945,clob_prices_history
96773953960313048340895711765817431775606353405814859249629785260485292633238,0x6397f084bcee3390e92b0a4f8d0f1fa23ddabad1668c4a6783f5643564f646d6,1773468029,2026-03-14T06:00:29+00:00,0.945,clob_prices_history
96773953960313048340895711765817431775606353405814859249629785260485292633238,0x6397f084bcee3390e92b0a4f8d0f1fa23ddabad1668c4a6783f5643564f646d6,1773468927,2026-03-14T06:15:27+00:00,0.9455,clob_prices_history
96773953960313048340895711765817431775606353405814859249629785260485292633238,0x6397f084bcee3390e92b0a4f8d0f1fa23ddabad1668c4a6783f5643564f646d6,1773469824,2026-03-14T06:30:24+00:00,0.9455,clob_prices_history
96773953960313048340895711765817431775606353405814859249629785260485292633238,0x6397f084bcee3390e92b0a4f8d0f1fa23ddabad1668c4a6783f5643564f646d6,1773470737,2026-03-14T06:45:37+00:00,0.9455,clob_prices_history
96773953960313048340895711765817431775606353405814859249629785260485292633238,0x6397f084bcee3390e92b0a4f8d0f1fa23ddabad1668c4a6783f5643564f646d6,1773471623,2026-03-14T07:00:23+00:00,0.945,clob_prices_history
96773953960313048340895711765817431775606353405814859249629785260485292633238,0x6397f084bcee3390e92b0a4f8d0f1fa23ddabad1668c4a6783f5643564f646d6,1773472523,2026-03-14T07:15:23+00:00,0.9455,clob_prices_history
96773953960313048340895711765817431775606353405814859249629785260485292633238,0x6397f084bcee3390e92b0a4f8d0f1fa23ddabad1668c4a6783f5643564f646d6,1773473426,2026-03-14T07:30:26+00:00,0.9455,clob_prices_history
96773953960313048340895711765817431775606353405814859249629785260485292633238,0x6397f084bcee3390e92b0a4f8d0f1fa23ddabad1668c4a6783f5643564f646d6,1773474323,2026-03-14T07:45:23+00:00,0.9455,clob_prices_history
96773953960313048340895711765817431775606353405814859249629785260485292633238,0x6397f084bcee3390e92b0a4f8d0f1fa23ddabad1668c4a6783f5643564f646d6,1773475225,2026-03-14T08:00:25+00:00,0.946,clob_prices_history
96773953960313048340895711765817431775606353405814859249629785260485292633238,0x6397f084bcee3390e92b0a4f8d0f1fa23ddabad1668c4a6783f5643564f646d6,1773476123,2026-03-14T08:15:23+00:00,0.9465,clob_prices_history
96773953960313048340895711765817431775606353405814859249629785260485292633238,0x6397f084bcee3390e92b0a4f8d0f1fa23ddabad1668c4a6783f5643564f646d6,1773477022,2026-03-14T08:30:22+00:00,0.9445,clob_prices_history
96773953960313048340895711765817431775606353405814859249629785260485292633238,0x6397f084bcee3390e92b0a4f8d0f1fa23ddabad1668c4a6783f5643564f646d6,1773477937,2026-03-14T08:45:37+00:00,0.945,clob_prices_history
96773953960313048340895711765817431775606353405814859249629785260485292633238,0x6397f084bcee3390e92b0a4f8d0f1fa23ddabad1668c4a6783f5643564f646d6,1773478829,2026-03-14T09:00:29+00:00,0.9455,clob_prices_history
96773953960313048340895711765817431775606353405814859249629785260485292633238,0x6397f084bcee3390e92b0a4f8d0f1fa23ddabad1668c4a6783f5643564f646d6,1773479723,2026-03-14T09:15:23+00:00,0.9455,clob_prices_history
96773953960313048340895711765817431775606353405814859249629785260485292633238,0x6397f084bcee3390e92b0a4f8d0f1fa23ddabad1668c4a6783f5643564f646d6,1773480624,2026-03-14T09:30:24+00:00,0.9455,clob_prices_history
96773953960313048340895711765817431775606353405814859249629785260485292633238,0x6397f084bcee3390e92b0a4f8d0f1fa23ddabad1668c4a6783f5643564f646d6,1773481526,2026-03-14T09:45:26+00:00,0.9455,clob_prices_history
96773953960313048340895711765817431775606353405814859249629785260485292633238,0x6397f084bcee3390e92b0a4f8d0f1fa23ddabad1668c4a6783f5643564f646d6,1773482422,2026-03-14T10:00:22+00:00,0.9455,clob_prices_history
96773953960313048340895711765817431775606353405814859249629785260485292633238,0x6397f084bcee3390e92b0a4f8d0f1fa23ddabad1668c4a6783f5643564f646d6,1773483339,2026-03-14T10:15:39+00:00,0.945,clob_prices_history
96773953960313048340895711765817431775606353405814859249629785260485292633238,0x6397f084bcee3390e92b0a4f8d0f1fa23ddabad1668c4a6783f5643564f646d6,1773484223,2026-03-14T10:30:23+00:00,0.945,clob_prices_history
96773953960313048340895711765817431775606353405814859249629785260485292633238,0x6397f084bcee3390e92b0a4f8d0f1fa23ddabad1668c4a6783f5643564f646d6,1773485125,2026-03-14T10:45:25+00:00,0.945,clob_prices_history
96773953960313048340895711765817431775606353405814859249629785260485292633238,0x6397f084bcee3390e92b0a4f8d0f1fa23ddabad1668c4a6783f5643564f646d6,1773486025,2026-03-14T11:00:25+00:00,0.945,clob_prices_history
96773953960313048340895711765817431775606353405814859249629785260485292633238,0x6397f084bcee3390e92b0a4f8d0f1fa23ddabad1668c4a6783f5643564f646d6,1773486922,2026-03-14T11:15:22+00:00,0.9445,clob_prices_history
96773953960313048340895711765817431775606353405814859249629785260485292633238,0x6397f084bcee3390e92b0a4f8d0f1fa23ddabad1668c4a6783f5643564f646d6,1773487835,2026-03-14T11:30:35+00:00,0.9445,clob_prices_history
96773953960313048340895711765817431775606353405814859249629785260485292633238,0x6397f084bcee3390e92b0a4f8d0f1fa23ddabad1668c4a6783f5643564f646d6,1773488723,2026-03-14T11:45:23+00:00,0.945,clob_prices_history
96773953960313048340895711765817431775606353405814859249629785260485292633238,0x6397f084bcee3390e92b0a4f8d0f1fa23ddabad1668c4a6783f5643564f646d6,1773489633,2026-03-14T12:00:33+00:00,0.945,clob_prices_history
96773953960313048340895711765817431775606353405814859249629785260485292633238,0x6397f084bcee3390e92b0a4f8d0f1fa23ddabad1668c4a6783f5643564f646d6,1773490524,2026-03-14T12:15:24+00:00,0.945,clob_prices_history
96773953960313048340895711765817431775606353405814859249629785260485292633238,0x6397f084bcee3390e92b0a4f8d0f1fa23ddabad1668c4a6783f5643564f646d6,1773491428,2026-03-14T12:30:28+00:00,0.945,clob_prices_history
96773953960313048340895711765817431775606353405814859249629785260485292633238,0x6397f084bcee3390e92b0a4f8d0f1fa23ddabad1668c4a6783f5643564f646d6,1773492334,2026-03-14T12:45:34+00:00,0.9435,clob_prices_history
96773953960313048340895711765817431775606353405814859249629785260485292633238,0x6397f084bcee3390e92b0a4f8d0f1fa23ddabad1668c4a6783f5643564f646d6,1773493229,2026-03-14T13:00:29+00:00,0.9435,clob_prices_history
96773953960313048340895711765817431775606353405814859249629785260485292633238,0x6397f084bcee3390e92b0a4f8d0f1fa23ddabad1668c4a6783f5643564f646d6,1773494126,2026-03-14T13:15:26+00:00,0.943,clob_prices_history
96773953960313048340895711765817431775606353405814859249629785260485292633238,0x6397f084bcee3390e92b0a4f8d0f1fa23ddabad1668c4a6783f5643564f646d6,1773495028,2026-03-14T13:30:28+00:00,0.943,clob_prices_history
96773953960313048340895711765817431775606353405814859249629785260485292633238,0x6397f084bcee3390e92b0a4f8d0f1fa23ddabad1668c4a6783f5643564f646d6,1773495927,2026-03-14T13:45:27+00:00,0.943,clob_prices_history
96773953960313048340895711765817431775606353405814859249629785260485292633238,0x6397f084bcee3390e92b0a4f8d0f1fa23ddabad1668c4a6783f5643564f646d6,1773496827,2026-03-14T14:00:27+00:00,0.9435,clob_prices_history
96773953960313048340895711765817431775606353405814859249629785260485292633238,0x6397f084bcee3390e92b0a4f8d0f1fa23ddabad1668c4a6783f5643564f646d6,1773497725,2026-03-14T14:15:25+00:00,0.9435,clob_prices_history
96773953960313048340895711765817431775606353405814859249629785260485292633238,0x6397f084bcee3390e92b0a4f8d0f1fa23ddabad1668c4a6783f5643564f646d6,1773498624,2026-03-14T14:30:24+00:00,0.9435,clob_prices_history
96773953960313048340895711765817431775606353405814859249629785260485292633238,0x6397f084bcee3390e92b0a4f8d0f1fa23ddabad1668c4a6783f5643564f646d6,1773499526,2026-03-14T14:45:26+00:00,0.943,clob_prices_history
96773953960313048340895711765817431775606353405814859249629785260485292633238,0x6397f084bcee3390e92b0a4f8d0f1fa23ddabad1668c4a6783f5643564f646d6,1773500429,2026-03-14T15:00:29+00:00,0.943,clob_prices_history
96773953960313048340895711765817431775606353405814859249629785260485292633238,0x6397f084bcee3390e92b0a4f8d0f1fa23ddabad1668c4a6783f5643564f646d6,1773501324,2026-03-14T15:15:24+00:00,0.9445,clob_prices_history
96773953960313048340895711765817431775606353405814859249629785260485292633238,0x6397f084bcee3390e92b0a4f8d0f1fa23ddabad1668c4a6783f5643564f646d6,1773502228,2026-03-14T15:30:28+00:00,0.9445,clob_prices_history
96773953960313048340895711765817431775606353405814859249629785260485292633238,0x6397f084bcee3390e92b0a4f8d0f1fa23ddabad1668c4a6783f5643564f646d6,1773503123,2026-03-14T15:45:23+00:00,0.9465,clob_prices_history
96773953960313048340895711765817431775606353405814859249629785260485292633238,0x6397f084bcee3390e92b0a4f8d0f1fa23ddabad1668c4a6783f5643564f646d6,1773504027,2026-03-14T16:00:27+00:00,0.9435,clob_prices_history
96773953960313048340895711765817431775606353405814859249629785260485292633238,0x6397f084bcee3390e92b0a4f8d0f1fa23ddabad1668c4a6783f5643564f646d6,1773504923,2026-03-14T16:15:23+00:00,0.9455,clob_prices_history
96773953960313048340895711765817431775606353405814859249629785260485292633238,0x6397f084bcee3390e92b0a4f8d0f1fa23ddabad1668c4a6783f5643564f646d6,1773505825,2026-03-14T16:30:25+00:00,0.944,clob_prices_history
96773953960313048340895711765817431775606353405814859249629785260485292633238,0x6397f084bcee3390e92b0a4f8d0f1fa23ddabad1668c4a6783f5643564f646d6,1773506726,2026-03-14T16:45:26+00:00,0.9445,clob_prices_history
96773953960313048340895711765817431775606353405814859249629785260485292633238,0x6397f084bcee3390e92b0a4f8d0f1fa23ddabad1668c4a6783f5643564f646d6,1773507632,2026-03-14T17:00:32+00:00,0.9475,clob_prices_history
96773953960313048340895711765817431775606353405814859249629785260485292633238,0x6397f084bcee3390e92b0a4f8d0f1fa23ddabad1668c4a6783f5643564f646d6,1773508525,2026-03-14T17:15:25+00:00,0.9475,clob_prices_history
96773953960313048340895711765817431775606353405814859249629785260485292633238,0x6397f084bcee3390e92b0a4f8d0f1fa23ddabad1668c4a6783f5643564f646d6,1773509426,2026-03-14T17:30:26+00:00,0.9475,clob_prices_history
96773953960313048340895711765817431775606353405814859249629785260485292633238,0x6397f084bcee3390e92b0a4f8d0f1fa23ddabad1668c4a6783f5643564f646d6,1773510322,2026-03-14T17:45:22+00:00,0.9475,clob_prices_history
96773953960313048340895711765817431775606353405814859249629785260485292633238,0x6397f084bcee3390e92b0a4f8d0f1fa23ddabad1668c4a6783f5643564f646d6,1773511228,2026-03-14T18:00:28+00:00,0.9475,clob_prices_history
96773953960313048340895711765817431775606353405814859249629785260485292633238,0x6397f084bcee3390e92b0a4f8d0f1fa23ddabad1668c4a6783f5643564f646d6,1773512124,2026-03-14T18:15:24+00:00,0.9475,clob_prices_history
96773953960313048340895711765817431775606353405814859249629785260485292633238,0x6397f084bcee3390e92b0a4f8d0f1fa23ddabad1668c4a6783f5643564f646d6,1773513025,2026-03-14T18:30:25+00:00,0.9475,clob_prices_history
96773953960313048340895711765817431775606353405814859249629785260485292633238,0x6397f084bcee3390e92b0a4f8d0f1fa23ddabad1668c4a6783f5643564f646d6,1773513922,2026-03-14T18:45:22+00:00,0.9475,clob_prices_history
96773953960313048340895711765817431775606353405814859249629785260485292633238,0x6397f084bcee3390e92b0a4f8d0f1fa23ddabad1668c4a6783f5643564f646d6,1773514824,2026-03-14T19:00:24+00:00,0.9475,clob_prices_history
96773953960313048340895711765817431775606353405814859249629785260485292633238,0x6397f084bcee3390e92b0a4f8d0f1fa23ddabad1668c4a6783f5643564f646d6,1773515735,2026-03-14T19:15:35+00:00,0.9475,clob_prices_history
96773953960313048340895711765817431775606353405814859249629785260485292633238,0x6397f084bcee3390e92b0a4f8d0f1fa23ddabad1668c4a6783f5643564f646d6,1773516622,2026-03-14T19:30:22+00:00,0.9475,clob_prices_history
96773953960313048340895711765817431775606353405814859249629785260485292633238,0x6397f084bcee3390e92b0a4f8d0f1fa23ddabad1668c4a6783f5643564f646d6,1773517523,2026-03-14T19:45:23+00:00,0.9465,clob_prices_history
96773953960313048340895711765817431775606353405814859249629785260485292633238,0x6397f084bcee3390e92b0a4f8d0f1fa23ddabad1668c4a6783f5643564f646d6,1773518423,2026-03-14T20:00:23+00:00,0.9465,clob_prices_history
96773953960313048340895711765817431775606353405814859249629785260485292633238,0x6397f084bcee3390e92b0a4f8d0f1fa23ddabad1668c4a6783f5643564f646d6,1773519322,2026-03-14T20:15:22+00:00,0.9445,clob_prices_history
96773953960313048340895711765817431775606353405814859249629785260485292633238,0x6397f084bcee3390e92b0a4f8d0f1fa23ddabad1668c4a6783f5643564f646d6,1773520235,2026-03-14T20:30:35+00:00,0.9445,clob_prices_history
96773953960313048340895711765817431775606353405814859249629785260485292633238,0x6397f084bcee3390e92b0a4f8d0f1fa23ddabad1668c4a6783f5643564f646d6,1773521122,2026-03-14T20:45:22+00:00,0.9445,clob_prices_history
96773953960313048340895711765817431775606353405814859249629785260485292633238,0x6397f084bcee3390e92b0a4f8d0f1fa23ddabad1668c4a6783f5643564f646d6,1773522029,2026-03-14T21:00:29+00:00,0.9445,clob_prices_history
96773953960313048340895711765817431775606353405814859249629785260485292633238,0x6397f084bcee3390e92b0a4f8d0f1fa23ddabad1668c4a6783f5643564f646d6,1773522926,2026-03-14T21:15:26+00:00,0.944,clob_prices_history
96773953960313048340895711765817431775606353405814859249629785260485292633238,0x6397f084bcee3390e92b0a4f8d0f1fa23ddabad1668c4a6783f5643564f646d6,1773523821,2026-03-14T21:30:21+00:00,0.944,clob_prices_history
96773953960313048340895711765817431775606353405814859249629785260485292633238,0x6397f084bcee3390e92b0a4f8d0f1fa23ddabad1668c4a6783f5643564f646d6,1773524735,2026-03-14T21:45:35+00:00,0.944,clob_prices_history
96773953960313048340895711765817431775606353405814859249629785260485292633238,0x6397f084bcee3390e92b0a4f8d0f1fa23ddabad1668c4a6783f5643564f646d6,1773525626,2026-03-14T22:00:26+00:00,0.944,clob_prices_history
96773953960313048340895711765817431775606353405814859249629785260485292633238,0x6397f084bcee3390e92b0a4f8d0f1fa23ddabad1668c4a6783f5643564f646d6,1773526535,2026-03-14T22:15:35+00:00,0.9445,clob_prices_history
96773953960313048340895711765817431775606353405814859249629785260485292633238,0x6397f084bcee3390e92b0a4f8d0f1fa23ddabad1668c4a6783f5643564f646d6,1773527424,2026-03-14T22:30:24+00:00,0.9445,clob_prices_history
96773953960313048340895711765817431775606353405814859249629785260485292633238,0x6397f084bcee3390e92b0a4f8d0f1fa23ddabad1668c4a6783f5643564f646d6,1773528334,2026-03-14T22:45:34+00:00,0.9445,clob_prices_history
96773953960313048340895711765817431775606353405814859249629785260485292633238,0x6397f084bcee3390e92b0a4f8d0f1fa23ddabad1668c4a6783f5643564f646d6,1773529223,2026-03-14T23:00:23+00:00,0.9445,clob_prices_history
96773953960313048340895711765817431775606353405814859249629785260485292633238,0x6397f084bcee3390e92b0a4f8d0f1fa23ddabad1668c4a6783f5643564f646d6,1773530124,2026-03-14T23:15:24+00:00,0.9445,clob_prices_history
96773953960313048340895711765817431775606353405814859249629785260485292633238,0x6397f084bcee3390e92b0a4f8d0f1fa23ddabad1668c4a6783f5643564f646d6,1773531026,2026-03-14T23:30:26+00:00,0.9445,clob_prices_history
96773953960313048340895711765817431775606353405814859249629785260485292633238,0x6397f084bcee3390e92b0a4f8d0f1fa23ddabad1668c4a6783f5643564f646d6,1773531924,2026-03-14T23:45:24+00:00,0.944,clob_prices_history
96773953960313048340895711765817431775606353405814859249629785260485292633238,0x6397f084bcee3390e92b0a4f8d0f1fa23ddabad1668c4a6783f5643564f646d6,1773532829,2026-03-15T00:00:29+00:00,0.944,clob_prices_history
96773953960313048340895711765817431775606353405814859249629785260485292633238,0x6397f084bcee3390e92b0a4f8d0f1fa23ddabad1668c4a6783f5643564f646d6,1773533725,2026-03-15T00:15:25+00:00,0.944,clob_prices_history
96773953960313048340895711765817431775606353405814859249629785260485292633238,0x6397f084bcee3390e92b0a4f8d0f1fa23ddabad1668c4a6783f5643564f646d6,1773534625,2026-03-15T00:30:25+00:00,0.9435,clob_prices_history
96773953960313048340895711765817431775606353405814859249629785260485292633238,0x6397f084bcee3390e92b0a4f8d0f1fa23ddabad1668c4a6783f5643564f646d6,1773535525,2026-03-15T00:45:25+00:00,0.9435,clob_prices_history
96773953960313048340895711765817431775606353405814859249629785260485292633238,0x6397f084bcee3390e92b0a4f8d0f1fa23ddabad1668c4a6783f5643564f646d6,1773536424,2026-03-15T01:00:24+00:00,0.9435,clob_prices_history
96773953960313048340895711765817431775606353405814859249629785260485292633238,0x6397f084bcee3390e92b0a4f8d0f1fa23ddabad1668c4a6783f5643564f646d6,1773537326,2026-03-15T01:15:26+00:00,0.9435,clob_prices_history
96773953960313048340895711765817431775606353405814859249629785260485292633238,0x6397f084bcee3390e92b0a4f8d0f1fa23ddabad1668c4a6783f5643564f646d6,1773538224,2026-03-15T01:30:24+00:00,0.944,clob_prices_history
96773953960313048340895711765817431775606353405814859249629785260485292633238,0x6397f084bcee3390e92b0a4f8d0f1fa23ddabad1668c4a6783f5643564f646d6,1773539124,2026-03-15T01:45:24+00:00,0.944,clob_prices_history
96773953960313048340895711765817431775606353405814859249629785260485292633238,0x6397f084bcee3390e92b0a4f8d0f1fa23ddabad1668c4a6783f5643564f646d6,1773540025,2026-03-15T02:00:25+00:00,0.944,clob_prices_history
96773953960313048340895711765817431775606353405814859249629785260485292633238,0x6397f084bcee3390e92b0a4f8d0f1fa23ddabad1668c4a6783f5643564f646d6,1773540923,2026-03-15T02:15:23+00:00,0.944,clob_prices_history
96773953960313048340895711765817431775606353405814859249629785260485292633238,0x6397f084bcee3390e92b0a4f8d0f1fa23ddabad1668c4a6783f5643564f646d6,1773541822,2026-03-15T02:30:22+00:00,0.944,clob_prices_history
96773953960313048340895711765817431775606353405814859249629785260485292633238,0x6397f084bcee3390e92b0a4f8d0f1fa23ddabad1668c4a6783f5643564f646d6,1773542721,2026-03-15T02:45:21+00:00,0.944,clob_prices_history
96773953960313048340895711765817431775606353405814859249629785260485292633238,0x6397f084bcee3390e92b0a4f8d0f1fa23ddabad1668c4a6783f5643564f646d6,1773543629,2026-03-15T03:00:29+00:00,0.944,clob_prices_history
96773953960313048340895711765817431775606353405814859249629785260485292633238,0x6397f084bcee3390e92b0a4f8d0f1fa23ddabad1668c4a6783f5643564f646d6,1773544524,2026-03-15T03:15:24+00:00,0.944,clob_prices_history
96773953960313048340895711765817431775606353405814859249629785260485292633238,0x6397f084bcee3390e92b0a4f8d0f1fa23ddabad1668c4a6783f5643564f646d6,1773545423,2026-03-15T03:30:23+00:00,0.944,clob_prices_history
96773953960313048340895711765817431775606353405814859249629785260485292633238,0x6397f084bcee3390e92b0a4f8d0f1fa23ddabad1668c4a6783f5643564f646d6,1773546324,2026-03-15T03:45:24+00:00,0.944,clob_prices_history
96773953960313048340895711765817431775606353405814859249629785260485292633238,0x6397f084bcee3390e92b0a4f8d0f1fa23ddabad1668c4a6783f5643564f646d6,1773547224,2026-03-15T04:00:24+00:00,0.944,clob_prices_history
96773953960313048340895711765817431775606353405814859249629785260485292633238,0x6397f084bcee3390e92b0a4f8d0f1fa23ddabad1668c4a6783f5643564f646d6,1773548123,2026-03-15T04:15:23+00:00,0.944,clob_prices_history
96773953960313048340895711765817431775606353405814859249629785260485292633238,0x6397f084bcee3390e92b0a4f8d0f1fa23ddabad1668c4a6783f5643564f646d6,1773549024,2026-03-15T04:30:24+00:00,0.9435,clob_prices_history
96773953960313048340895711765817431775606353405814859249629785260485292633238,0x6397f084bcee3390e92b0a4f8d0f1fa23ddabad1668c4a6783f5643564f646d6,1773549925,2026-03-15T04:45:25+00:00,0.944,clob_prices_history
96773953960313048340895711765817431775606353405814859249629785260485292633238,0x6397f084bcee3390e92b0a4f8d0f1fa23ddabad1668c4a6783f5643564f646d6,1773550823,2026-03-15T05:00:23+00:00,0.944,clob_prices_history
96773953960313048340895711765817431775606353405814859249629785260485292633238,0x6397f084bcee3390e92b0a4f8d0f1fa23ddabad1668c4a6783f5643564f646d6,1773551721,2026-03-15T05:15:21+00:00,0.9435,clob_prices_history
96773953960313048340895711765817431775606353405814859249629785260485292633238,0x6397f084bcee3390e92b0a4f8d0f1fa23ddabad1668c4a6783f5643564f646d6,1773552626,2026-03-15T05:30:26+00:00,0.944,clob_prices_history
96773953960313048340895711765817431775606353405814859249629785260485292633238,0x6397f084bcee3390e92b0a4f8d0f1fa23ddabad1668c4a6783f5643564f646d6,1773553522,2026-03-15T05:45:22+00:00,0.944,clob_prices_history
96773953960313048340895711765817431775606353405814859249629785260485292633238,0x6397f084bcee3390e92b0a4f8d0f1fa23ddabad1668c4a6783f5643564f646d6,1773554427,2026-03-15T06:00:27+00:00,0.9435,clob_prices_history
96773953960313048340895711765817431775606353405814859249629785260485292633238,0x6397f084bcee3390e92b0a4f8d0f1fa23ddabad1668c4a6783f5643564f646d6,1773555322,2026-03-15T06:15:22+00:00,0.9435,clob_prices_history
96773953960313048340895711765817431775606353405814859249629785260485292633238,0x6397f084bcee3390e92b0a4f8d0f1fa23ddabad1668c4a6783f5643564f646d6,1773556234,2026-03-15T06:30:34+00:00,0.915,clob_prices_history
96773953960313048340895711765817431775606353405814859249629785260485292633238,0x6397f084bcee3390e92b0a4f8d0f1fa23ddabad1668c4a6783f5643564f646d6,1773557123,2026-03-15T06:45:23+00:00,0.9135,clob_prices_history
96773953960313048340895711765817431775606353405814859249629785260485292633238,0x6397f084bcee3390e92b0a4f8d0f1fa23ddabad1668c4a6783f5643564f646d6,1773558023,2026-03-15T07:00:23+00:00,0.9165,clob_prices_history
96773953960313048340895711765817431775606353405814859249629785260485292633238,0x6397f084bcee3390e92b0a4f8d0f1fa23ddabad1668c4a6783f5643564f646d6,1773558922,2026-03-15T07:15:22+00:00,0.9105,clob_prices_history
96773953960313048340895711765817431775606353405814859249629785260485292633238,0x6397f084bcee3390e92b0a4f8d0f1fa23ddabad1668c4a6783f5643564f646d6,1773559823,2026-03-15T07:30:23+00:00,0.9075,clob_prices_history
96773953960313048340895711765817431775606353405814859249629785260485292633238,0x6397f084bcee3390e92b0a4f8d0f1fa23ddabad1668c4a6783f5643564f646d6,1773560722,2026-03-15T07:45:22+00:00,0.9125,clob_prices_history
96773953960313048340895711765817431775606353405814859249629785260485292633238,0x6397f084bcee3390e92b0a4f8d0f1fa23ddabad1668c4a6783f5643564f646d6,1773561625,2026-03-15T08:00:25+00:00,0.908,clob_prices_history
96773953960313048340895711765817431775606353405814859249629785260485292633238,0x6397f084bcee3390e92b0a4f8d0f1fa23ddabad1668c4a6783f5643564f646d6,1773562522,2026-03-15T08:15:22+00:00,0.9115,clob_prices_history
96773953960313048340895711765817431775606353405814859249629785260485292633238,0x6397f084bcee3390e92b0a4f8d0f1fa23ddabad1668c4a6783f5643564f646d6,1773563423,2026-03-15T08:30:23+00:00,0.905,clob_prices_history
96773953960313048340895711765817431775606353405814859249629785260485292633238,0x6397f084bcee3390e92b0a4f8d0f1fa23ddabad1668c4a6783f5643564f646d6,1773564321,2026-03-15T08:45:21+00:00,0.9085,clob_prices_history
96773953960313048340895711765817431775606353405814859249629785260485292633238,0x6397f084bcee3390e92b0a4f8d0f1fa23ddabad1668c4a6783f5643564f646d6,1773565228,2026-03-15T09:00:28+00:00,0.909,clob_prices_history
96773953960313048340895711765817431775606353405814859249629785260485292633238,0x6397f084bcee3390e92b0a4f8d0f1fa23ddabad1668c4a6783f5643564f646d6,1773566122,2026-03-15T09:15:22+00:00,0.9085,clob_prices_history
96773953960313048340895711765817431775606353405814859249629785260485292633238,0x6397f084bcee3390e92b0a4f8d0f1fa23ddabad1668c4a6783f5643564f646d6,1773567022,2026-03-15T09:30:22+00:00,0.9245,clob_prices_history
96773953960313048340895711765817431775606353405814859249629785260485292633238,0x6397f084bcee3390e92b0a4f8d0f1fa23ddabad1668c4a6783f5643564f646d6,1773567920,2026-03-15T09:45:20+00:00,0.927,clob_prices_history
96773953960313048340895711765817431775606353405814859249629785260485292633238,0x6397f084bcee3390e92b0a4f8d0f1fa23ddabad1668c4a6783f5643564f646d6,1773568826,2026-03-15T10:00:26+00:00,0.9275,clob_prices_history
96773953960313048340895711765817431775606353405814859249629785260485292633238,0x6397f084bcee3390e92b0a4f8d0f1fa23ddabad1668c4a6783f5643564f646d6,1773569722,2026-03-15T10:15:22+00:00,0.9275,clob_prices_history
96773953960313048340895711765817431775606353405814859249629785260485292633238,0x6397f084bcee3390e92b0a4f8d0f1fa23ddabad1668c4a6783f5643564f646d6,1773570624,2026-03-15T10:30:24+00:00,0.9275,clob_prices_history
96773953960313048340895711765817431775606353405814859249629785260485292633238,0x6397f084bcee3390e92b0a4f8d0f1fa23ddabad1668c4a6783f5643564f646d6,1773571524,2026-03-15T10:45:24+00:00,0.9275,clob_prices_history
96773953960313048340895711765817431775606353405814859249629785260485292633238,0x6397f084bcee3390e92b0a4f8d0f1fa23ddabad1668c4a6783f5643564f646d6,1773572423,2026-03-15T11:00:23+00:00,0.928,clob_prices_history
96773953960313048340895711765817431775606353405814859249629785260485292633238,0x6397f084bcee3390e92b0a4f8d0f1fa23ddabad1668c4a6783f5643564f646d6,1773573322,2026-03-15T11:15:22+00:00,0.928,clob_prices_history
96773953960313048340895711765817431775606353405814859249629785260485292633238,0x6397f084bcee3390e92b0a4f8d0f1fa23ddabad1668c4a6783f5643564f646d6,1773574223,2026-03-15T11:30:23+00:00,0.9285,clob_prices_history
96773953960313048340895711765817431775606353405814859249629785260485292633238,0x6397f084bcee3390e92b0a4f8d0f1fa23ddabad1668c4a6783f5643564f646d6,1773575122,2026-03-15T11:45:22+00:00,0.9295,clob_prices_history
96773953960313048340895711765817431775606353405814859249629785260485292633238,0x6397f084bcee3390e92b0a4f8d0f1fa23ddabad1668c4a6783f5643564f646d6,1773576029,2026-03-15T12:00:29+00:00,0.8675,clob_prices_history
96773953960313048340895711765817431775606353405814859249629785260485292633238,0x6397f084bcee3390e92b0a4f8d0f1fa23ddabad1668c4a6783f5643564f646d6,1773576921,2026-03-15T12:15:21+00:00,0.8655,clob_prices_history
96773953960313048340895711765817431775606353405814859249629785260485292633238,0x6397f084bcee3390e92b0a4f8d0f1fa23ddabad1668c4a6783f5643564f646d6,1773577828,2026-03-15T12:30:28+00:00,0.8655,clob_prices_history
96773953960313048340895711765817431775606353405814859249629785260485292633238,0x6397f084bcee3390e92b0a4f8d0f1fa23ddabad1668c4a6783f5643564f646d6,1773578740,2026-03-15T12:45:40+00:00,0.8805,clob_prices_history
96773953960313048340895711765817431775606353405814859249629785260485292633238,0x6397f084bcee3390e92b0a4f8d0f1fa23ddabad1668c4a6783f5643564f646d6,1773579624,2026-03-15T13:00:24+00:00,0.885,clob_prices_history
96773953960313048340895711765817431775606353405814859249629785260485292633238,0x6397f084bcee3390e92b0a4f8d0f1fa23ddabad1668c4a6783f5643564f646d6,1773580526,2026-03-15T13:15:26+00:00,0.885,clob_prices_history
96773953960313048340895711765817431775606353405814859249629785260485292633238,0x6397f084bcee3390e92b0a4f8d0f1fa23ddabad1668c4a6783f5643564f646d6,1773581424,2026-03-15T13:30:24+00:00,0.885,clob_prices_history
96773953960313048340895711765817431775606353405814859249629785260485292633238,0x6397f084bcee3390e92b0a4f8d0f1fa23ddabad1668c4a6783f5643564f646d6,1773582323,2026-03-15T13:45:23+00:00,0.885,clob_prices_history
96773953960313048340895711765817431775606353405814859249629785260485292633238,0x6397f084bcee3390e92b0a4f8d0f1fa23ddabad1668c4a6783f5643564f646d6,1773583226,2026-03-15T14:00:26+00:00,0.8845,clob_prices_history
96773953960313048340895711765817431775606353405814859249629785260485292633238,0x6397f084bcee3390e92b0a4f8d0f1fa23ddabad1668c4a6783f5643564f646d6,1773584123,2026-03-15T14:15:23+00:00,0.8845,clob_prices_history
96773953960313048340895711765817431775606353405814859249629785260485292633238,0x6397f084bcee3390e92b0a4f8d0f1fa23ddabad1668c4a6783f5643564f646d6,1773585025,2026-03-15T14:30:25+00:00,0.885,clob_prices_history
96773953960313048340895711765817431775606353405814859249629785260485292633238,0x6397f084bcee3390e92b0a4f8d0f1fa23ddabad1668c4a6783f5643564f646d6,1773585921,2026-03-15T14:45:21+00:00,0.885,clob_prices_history
96773953960313048340895711765817431775606353405814859249629785260485292633238,0x6397f084bcee3390e92b0a4f8d0f1fa23ddabad1668c4a6783f5643564f646d6,1773586829,2026-03-15T15:00:29+00:00,0.886,clob_prices_history
96773953960313048340895711765817431775606353405814859249629785260485292633238,0x6397f084bcee3390e92b0a4f8d0f1fa23ddabad1668c4a6783f5643564f646d6,1773587725,2026-03-15T15:15:25+00:00,0.886,clob_prices_history
96773953960313048340895711765817431775606353405814859249629785260485292633238,0x6397f084bcee3390e92b0a4f8d0f1fa23ddabad1668c4a6783f5643564f646d6,1773588624,2026-03-15T15:30:24+00:00,0.886,clob_prices_history
96773953960313048340895711765817431775606353405814859249629785260485292633238,0x6397f084bcee3390e92b0a4f8d0f1fa23ddabad1668c4a6783f5643564f646d6,1773589523,2026-03-15T15:45:23+00:00,0.886,clob_prices_history
96773953960313048340895711765817431775606353405814859249629785260485292633238,0x6397f084bcee3390e92b0a4f8d0f1fa23ddabad1668c4a6783f5643564f646d6,1773590425,2026-03-15T16:00:25+00:00,0.886,clob_prices_history
96773953960313048340895711765817431775606353405814859249629785260485292633238,0x6397f084bcee3390e92b0a4f8d0f1fa23ddabad1668c4a6783f5643564f646d6,1773591323,2026-03-15T16:15:23+00:00,0.888,clob_prices_history
96773953960313048340895711765817431775606353405814859249629785260485292633238,0x6397f084bcee3390e92b0a4f8d0f1fa23ddabad1668c4a6783f5643564f646d6,1773592225,2026-03-15T16:30:25+00:00,0.888,clob_prices_history
96773953960313048340895711765817431775606353405814859249629785260485292633238,0x6397f084bcee3390e92b0a4f8d0f1fa23ddabad1668c4a6783f5643564f646d6,1773593123,2026-03-15T16:45:23+00:00,0.889,clob_prices_history
96773953960313048340895711765817431775606353405814859249629785260485292633238,0x6397f084bcee3390e92b0a4f8d0f1fa23ddabad1668c4a6783f5643564f646d6,1773594031,2026-03-15T17:00:31+00:00,0.889,clob_prices_history
96773953960313048340895711765817431775606353405814859249629785260485292633238,0x6397f084bcee3390e92b0a4f8d0f1fa23ddabad1668c4a6783f5643564f646d6,1773594926,2026-03-15T17:15:26+00:00,0.889,clob_prices_history
96773953960313048340895711765817431775606353405814859249629785260485292633238,0x6397f084bcee3390e92b0a4f8d0f1fa23ddabad1668c4a6783f5643564f646d6,1773595826,2026-03-15T17:30:26+00:00,0.889,clob_prices_history
96773953960313048340895711765817431775606353405814859249629785260485292633238,0x6397f084bcee3390e92b0a4f8d0f1fa23ddabad1668c4a6783f5643564f646d6,1773596723,2026-03-15T17:45:23+00:00,0.889,clob_prices_history
96773953960313048340895711765817431775606353405814859249629785260485292633238,0x6397f084bcee3390e92b0a4f8d0f1fa23ddabad1668c4a6783f5643564f646d6,1773597630,2026-03-15T18:00:30+00:00,0.889,clob_prices_history
96773953960313048340895711765817431775606353405814859249629785260485292633238,0x6397f084bcee3390e92b0a4f8d0f1fa23ddabad1668c4a6783f5643564f646d6,1773598521,2026-03-15T18:15:21+00:00,0.889,clob_prices_history
96773953960313048340895711765817431775606353405814859249629785260485292633238,0x6397f084bcee3390e92b0a4f8d0f1fa23ddabad1668c4a6783f5643564f646d6,1773599426,2026-03-15T18:30:26+00:00,0.887,clob_prices_history
96773953960313048340895711765817431775606353405814859249629785260485292633238,0x6397f084bcee3390e92b0a4f8d0f1fa23ddabad1668c4a6783f5643564f646d6,1773600324,2026-03-15T18:45:24+00:00,0.8865,clob_prices_history
96773953960313048340895711765817431775606353405814859249629785260485292633238,0x6397f084bcee3390e92b0a4f8d0f1fa23ddabad1668c4a6783f5643564f646d6,1773601225,2026-03-15T19:00:25+00:00,0.8865,clob_prices_history
96773953960313048340895711765817431775606353405814859249629785260485292633238,0x6397f084bcee3390e92b0a4f8d0f1fa23ddabad1668c4a6783f5643564f646d6,1773602122,2026-03-15T19:15:22+00:00,0.8865,clob_prices_history
96773953960313048340895711765817431775606353405814859249629785260485292633238,0x6397f084bcee3390e92b0a4f8d0f1fa23ddabad1668c4a6783f5643564f646d6,1773603024,2026-03-15T19:30:24+00:00,0.8865,clob_prices_history
96773953960313048340895711765817431775606353405814859249629785260485292633238,0x6397f084bcee3390e92b0a4f8d0f1fa23ddabad1668c4a6783f5643564f646d6,1773603923,2026-03-15T19:45:23+00:00,0.887,clob_prices_history
96773953960313048340895711765817431775606353405814859249629785260485292633238,0x6397f084bcee3390e92b0a4f8d0f1fa23ddabad1668c4a6783f5643564f646d6,1773604829,2026-03-15T20:00:29+00:00,0.887,clob_prices_history
96773953960313048340895711765817431775606353405814859249629785260485292633238,0x6397f084bcee3390e92b0a4f8d0f1fa23ddabad1668c4a6783f5643564f646d6,1773605722,2026-03-15T20:15:22+00:00,0.887,clob_prices_history
96773953960313048340895711765817431775606353405814859249629785260485292633238,0x6397f084bcee3390e92b0a4f8d0f1fa23ddabad1668c4a6783f5643564f646d6,1773606626,2026-03-15T20:30:26+00:00,0.887,clob_prices_history
96773953960313048340895711765817431775606353405814859249629785260485292633238,0x6397f084bcee3390e92b0a4f8d0f1fa23ddabad1668c4a6783f5643564f646d6,1773607522,2026-03-15T20:45:22+00:00,0.8875,clob_prices_history
96773953960313048340895711765817431775606353405814859249629785260485292633238,0x6397f084bcee3390e92b0a4f8d0f1fa23ddabad1668c4a6783f5643564f646d6,1773608429,2026-03-15T21:00:29+00:00,0.8875,clob_prices_history
96773953960313048340895711765817431775606353405814859249629785260485292633238,0x6397f084bcee3390e92b0a4f8d0f1fa23ddabad1668c4a6783f5643564f646d6,1773609325,2026-03-15T21:15:25+00:00,0.8875,clob_prices_history
96773953960313048340895711765817431775606353405814859249629785260485292633238,0x6397f084bcee3390e92b0a4f8d0f1fa23ddabad1668c4a6783f5643564f646d6,1773610223,2026-03-15T21:30:23+00:00,0.8875,clob_prices_history
96773953960313048340895711765817431775606353405814859249629785260485292633238,0x6397f084bcee3390e92b0a4f8d0f1fa23ddabad1668c4a6783f5643564f646d6,1773611122,2026-03-15T21:45:22+00:00,0.8875,clob_prices_history
96773953960313048340895711765817431775606353405814859249629785260485292633238,0x6397f084bcee3390e92b0a4f8d0f1fa23ddabad1668c4a6783f5643564f646d6,1773612027,2026-03-15T22:00:27+00:00,0.8875,clob_prices_history
96773953960313048340895711765817431775606353405814859249629785260485292633238,0x6397f084bcee3390e92b0a4f8d0f1fa23ddabad1668c4a6783f5643564f646d6,1773612925,2026-03-15T22:15:25+00:00,0.8875,clob_prices_history
96773953960313048340895711765817431775606353405814859249629785260485292633238,0x6397f084bcee3390e92b0a4f8d0f1fa23ddabad1668c4a6783f5643564f646d6,1773613826,2026-03-15T22:30:26+00:00,0.8875,clob_prices_history
96773953960313048340895711765817431775606353405814859249629785260485292633238,0x6397f084bcee3390e92b0a4f8d0f1fa23ddabad1668c4a6783f5643564f646d6,1773614722,2026-03-15T22:45:22+00:00,0.8875,clob_prices_history
96773953960313048340895711765817431775606353405814859249629785260485292633238,0x6397f084bcee3390e92b0a4f8d0f1fa23ddabad1668c4a6783f5643564f646d6,1773615626,2026-03-15T23:00:26+00:00,0.8875,clob_prices_history
96773953960313048340895711765817431775606353405814859249629785260485292633238,0x6397f084bcee3390e92b0a4f8d0f1fa23ddabad1668c4a6783f5643564f646d6,1773616524,2026-03-15T23:15:24+00:00,0.8875,clob_prices_history
96773953960313048340895711765817431775606353405814859249629785260485292633238,0x6397f084bcee3390e92b0a4f8d0f1fa23ddabad1668c4a6783f5643564f646d6,1773617424,2026-03-15T23:30:24+00:00,0.8875,clob_prices_history
96773953960313048340895711765817431775606353405814859249629785260485292633238,0x6397f084bcee3390e92b0a4f8d0f1fa23ddabad1668c4a6783f5643564f646d6,1773618324,2026-03-15T23:45:24+00:00,0.8875,clob_prices_history
96773953960313048340895711765817431775606353405814859249629785260485292633238,0x6397f084bcee3390e92b0a4f8d0f1fa23ddabad1668c4a6783f5643564f646d6,1773619245,2026-03-16T00:00:45+00:00,0.8875,clob_prices_history
96773953960313048340895711765817431775606353405814859249629785260485292633238,0x6397f084bcee3390e92b0a4f8d0f1fa23ddabad1668c4a6783f5643564f646d6,1773620126,2026-03-16T00:15:26+00:00,0.8875,clob_prices_history
96773953960313048340895711765817431775606353405814859249629785260485292633238,0x6397f084bcee3390e92b0a4f8d0f1fa23ddabad1668c4a6783f5643564f646d6,1773621024,2026-03-16T00:30:24+00:00,0.8875,clob_prices_history
96773953960313048340895711765817431775606353405814859249629785260485292633238,0x6397f084bcee3390e92b0a4f8d0f1fa23ddabad1668c4a6783f5643564f646d6,1773621933,2026-03-16T00:45:33+00:00,0.8875,clob_prices_history
96773953960313048340895711765817431775606353405814859249629785260485292633238,0x6397f084bcee3390e92b0a4f8d0f1fa23ddabad1668c4a6783f5643564f646d6,1773622824,2026-03-16T01:00:24+00:00,0.8875,clob_prices_history
96773953960313048340895711765817431775606353405814859249629785260485292633238,0x6397f084bcee3390e92b0a4f8d0f1fa23ddabad1668c4a6783f5643564f646d6,1773623724,2026-03-16T01:15:24+00:00,0.8875,clob_prices_history
96773953960313048340895711765817431775606353405814859249629785260485292633238,0x6397f084bcee3390e92b0a4f8d0f1fa23ddabad1668c4a6783f5643564f646d6,1773624625,2026-03-16T01:30:25+00:00,0.8875,clob_prices_history
96773953960313048340895711765817431775606353405814859249629785260485292633238,0x6397f084bcee3390e92b0a4f8d0f1fa23ddabad1668c4a6783f5643564f646d6,1773625523,2026-03-16T01:45:23+00:00,0.8875,clob_prices_history
96773953960313048340895711765817431775606353405814859249629785260485292633238,0x6397f084bcee3390e92b0a4f8d0f1fa23ddabad1668c4a6783f5643564f646d6,1773626425,2026-03-16T02:00:25+00:00,0.8875,clob_prices_history
96773953960313048340895711765817431775606353405814859249629785260485292633238,0x6397f084bcee3390e92b0a4f8d0f1fa23ddabad1668c4a6783f5643564f646d6,1773627323,2026-03-16T02:15:23+00:00,0.8875,clob_prices_history
96773953960313048340895711765817431775606353405814859249629785260485292633238,0x6397f084bcee3390e92b0a4f8d0f1fa23ddabad1668c4a6783f5643564f646d6,1773628223,2026-03-16T02:30:23+00:00,0.8875,clob_prices_history
96773953960313048340895711765817431775606353405814859249629785260485292633238,0x6397f084bcee3390e92b0a4f8d0f1fa23ddabad1668c4a6783f5643564f646d6,1773629120,2026-03-16T02:45:20+00:00,0.8895,clob_prices_history
96773953960313048340895711765817431775606353405814859249629785260485292633238,0x6397f084bcee3390e92b0a4f8d0f1fa23ddabad1668c4a6783f5643564f646d6,1773630026,2026-03-16T03:00:26+00:00,0.8895,clob_prices_history
96773953960313048340895711765817431775606353405814859249629785260485292633238,0x6397f084bcee3390e92b0a4f8d0f1fa23ddabad1668c4a6783f5643564f646d6,1773630924,2026-03-16T03:15:24+00:00,0.8895,clob_prices_history
96773953960313048340895711765817431775606353405814859249629785260485292633238,0x6397f084bcee3390e92b0a4f8d0f1fa23ddabad1668c4a6783f5643564f646d6,1773631822,2026-03-16T03:30:22+00:00,0.8895,clob_prices_history
96773953960313048340895711765817431775606353405814859249629785260485292633238,0x6397f084bcee3390e92b0a4f8d0f1fa23ddabad1668c4a6783f5643564f646d6,1773632739,2026-03-16T03:45:39+00:00,0.8895,clob_prices_history
96773953960313048340895711765817431775606353405814859249629785260485292633238,0x6397f084bcee3390e92b0a4f8d0f1fa23ddabad1668c4a6783f5643564f646d6,1773633624,2026-03-16T04:00:24+00:00,0.8895,clob_prices_history
96773953960313048340895711765817431775606353405814859249629785260485292633238,0x6397f084bcee3390e92b0a4f8d0f1fa23ddabad1668c4a6783f5643564f646d6,1773634521,2026-03-16T04:15:21+00:00,0.8985,clob_prices_history
96773953960313048340895711765817431775606353405814859249629785260485292633238,0x6397f084bcee3390e92b0a4f8d0f1fa23ddabad1668c4a6783f5643564f646d6,1773635423,2026-03-16T04:30:23+00:00,0.8985,clob_prices_history
96773953960313048340895711765817431775606353405814859249629785260485292633238,0x6397f084bcee3390e92b0a4f8d0f1fa23ddabad1668c4a6783f5643564f646d6,1773636322,2026-03-16T04:45:22+00:00,0.8995,clob_prices_history
96773953960313048340895711765817431775606353405814859249629785260485292633238,0x6397f084bcee3390e92b0a4f8d0f1fa23ddabad1668c4a6783f5643564f646d6,1773637224,2026-03-16T05:00:24+00:00,0.8995,clob_prices_history
96773953960313048340895711765817431775606353405814859249629785260485292633238,0x6397f084bcee3390e92b0a4f8d0f1fa23ddabad1668c4a6783f5643564f646d6,1773638125,2026-03-16T05:15:25+00:00,0.8995,clob_prices_history
96773953960313048340895711765817431775606353405814859249629785260485292633238,0x6397f084bcee3390e92b0a4f8d0f1fa23ddabad1668c4a6783f5643564f646d6,1773639022,2026-03-16T05:30:22+00:00,0.8995,clob_prices_history
96773953960313048340895711765817431775606353405814859249629785260485292633238,0x6397f084bcee3390e92b0a4f8d0f1fa23ddabad1668c4a6783f5643564f646d6,1773639921,2026-03-16T05:45:21+00:00,0.8995,clob_prices_history
96773953960313048340895711765817431775606353405814859249629785260485292633238,0x6397f084bcee3390e92b0a4f8d0f1fa23ddabad1668c4a6783f5643564f646d6,1773640837,2026-03-16T06:00:37+00:00,0.8935,clob_prices_history
96773953960313048340895711765817431775606353405814859249629785260485292633238,0x6397f084bcee3390e92b0a4f8d0f1fa23ddabad1668c4a6783f5643564f646d6,1773641721,2026-03-16T06:15:21+00:00,0.8955,clob_prices_history
96773953960313048340895711765817431775606353405814859249629785260485292633238,0x6397f084bcee3390e92b0a4f8d0f1fa23ddabad1668c4a6783f5643564f646d6,1773642625,2026-03-16T06:30:25+00:00,0.8985,clob_prices_history
96773953960313048340895711765817431775606353405814859249629785260485292633238,0x6397f084bcee3390e92b0a4f8d0f1fa23ddabad1668c4a6783f5643564f646d6,1773643522,2026-03-16T06:45:22+00:00,0.8995,clob_prices_history
96773953960313048340895711765817431775606353405814859249629785260485292633238,0x6397f084bcee3390e92b0a4f8d0f1fa23ddabad1668c4a6783f5643564f646d6,1773644422,2026-03-16T07:00:22+00:00,0.8995,clob_prices_history
96773953960313048340895711765817431775606353405814859249629785260485292633238,0x6397f084bcee3390e92b0a4f8d0f1fa23ddabad1668c4a6783f5643564f646d6,1773645326,2026-03-16T07:15:26+00:00,0.8995,clob_prices_history
96773953960313048340895711765817431775606353405814859249629785260485292633238,0x6397f084bcee3390e92b0a4f8d0f1fa23ddabad1668c4a6783f5643564f646d6,1773646223,2026-03-16T07:30:23+00:00,0.923,clob_prices_history
96773953960313048340895711765817431775606353405814859249629785260485292633238,0x6397f084bcee3390e92b0a4f8d0f1fa23ddabad1668c4a6783f5643564f646d6,1773647123,2026-03-16T07:45:23+00:00,0.9175,clob_prices_history
96773953960313048340895711765817431775606353405814859249629785260485292633238,0x6397f084bcee3390e92b0a4f8d0f1fa23ddabad1668c4a6783f5643564f646d6,1773648024,2026-03-16T08:00:24+00:00,0.916,clob_prices_history
96773953960313048340895711765817431775606353405814859249629785260485292633238,0x6397f084bcee3390e92b0a4f8d0f1fa23ddabad1668c4a6783f5643564f646d6,1773648923,2026-03-16T08:15:23+00:00,0.9145,clob_prices_history
96773953960313048340895711765817431775606353405814859249629785260485292633238,0x6397f084bcee3390e92b0a4f8d0f1fa23ddabad1668c4a6783f5643564f646d6,1773649822,2026-03-16T08:30:22+00:00,0.9165,clob_prices_history
96773953960313048340895711765817431775606353405814859249629785260485292633238,0x6397f084bcee3390e92b0a4f8d0f1fa23ddabad1668c4a6783f5643564f646d6,1773650723,2026-03-16T08:45:23+00:00,0.917,clob_prices_history
96773953960313048340895711765817431775606353405814859249629785260485292633238,0x6397f084bcee3390e92b0a4f8d0f1fa23ddabad1668c4a6783f5643564f646d6,1773651625,2026-03-16T09:00:25+00:00,0.917,clob_prices_history
96773953960313048340895711765817431775606353405814859249629785260485292633238,0x6397f084bcee3390e92b0a4f8d0f1fa23ddabad1668c4a6783f5643564f646d6,1773652523,2026-03-16T09:15:23+00:00,0.919,clob_prices_history
96773953960313048340895711765817431775606353405814859249629785260485292633238,0x6397f084bcee3390e92b0a4f8d0f1fa23ddabad1668c4a6783f5643564f646d6,1773653420,2026-03-16T09:30:20+00:00,0.9205,clob_prices_history
96773953960313048340895711765817431775606353405814859249629785260485292633238,0x6397f084bcee3390e92b0a4f8d0f1fa23ddabad1668c4a6783f5643564f646d6,1773654321,2026-03-16T09:45:21+00:00,0.921,clob_prices_history
96773953960313048340895711765817431775606353405814859249629785260485292633238,0x6397f084bcee3390e92b0a4f8d0f1fa23ddabad1668c4a6783f5643564f646d6,1773655225,2026-03-16T10:00:25+00:00,0.921,clob_prices_history
96773953960313048340895711765817431775606353405814859249629785260485292633238,0x6397f084bcee3390e92b0a4f8d0f1fa23ddabad1668c4a6783f5643564f646d6,1773656125,2026-03-16T10:15:25+00:00,0.9205,clob_prices_history
96773953960313048340895711765817431775606353405814859249629785260485292633238,0x6397f084bcee3390e92b0a4f8d0f1fa23ddabad1668c4a6783f5643564f646d6,1773657025,2026-03-16T10:30:25+00:00,0.9205,clob_prices_history
96773953960313048340895711765817431775606353405814859249629785260485292633238,0x6397f084bcee3390e92b0a4f8d0f1fa23ddabad1668c4a6783f5643564f646d6,1773657925,2026-03-16T10:45:25+00:00,0.9205,clob_prices_history
96773953960313048340895711765817431775606353405814859249629785260485292633238,0x6397f084bcee3390e92b0a4f8d0f1fa23ddabad1668c4a6783f5643564f646d6,1773658822,2026-03-16T11:00:22+00:00,0.9205,clob_prices_history
96773953960313048340895711765817431775606353405814859249629785260485292633238,0x6397f084bcee3390e92b0a4f8d0f1fa23ddabad1668c4a6783f5643564f646d6,1773659725,2026-03-16T11:15:25+00:00,0.9205,clob_prices_history
96773953960313048340895711765817431775606353405814859249629785260485292633238,0x6397f084bcee3390e92b0a4f8d0f1fa23ddabad1668c4a6783f5643564f646d6,1773660624,2026-03-16T11:30:24+00:00,0.921,clob_prices_history
96773953960313048340895711765817431775606353405814859249629785260485292633238,0x6397f084bcee3390e92b0a4f8d0f1fa23ddabad1668c4a6783f5643564f646d6,1773661525,2026-03-16T11:45:25+00:00,0.921,clob_prices_history
96773953960313048340895711765817431775606353405814859249629785260485292633238,0x6397f084bcee3390e92b0a4f8d0f1fa23ddabad1668c4a6783f5643564f646d6,1773662424,2026-03-16T12:00:24+00:00,0.921,clob_prices_history
96773953960313048340895711765817431775606353405814859249629785260485292633238,0x6397f084bcee3390e92b0a4f8d0f1fa23ddabad1668c4a6783f5643564f646d6,1773663322,2026-03-16T12:15:22+00:00,0.921,clob_prices_history
96773953960313048340895711765817431775606353405814859249629785260485292633238,0x6397f084bcee3390e92b0a4f8d0f1fa23ddabad1668c4a6783f5643564f646d6,1773664226,2026-03-16T12:30:26+00:00,0.9195,clob_prices_history
96773953960313048340895711765817431775606353405814859249629785260485292633238,0x6397f084bcee3390e92b0a4f8d0f1fa23ddabad1668c4a6783f5643564f646d6,1773665122,2026-03-16T12:45:22+00:00,0.9205,clob_prices_history
96773953960313048340895711765817431775606353405814859249629785260485292633238,0x6397f084bcee3390e92b0a4f8d0f1fa23ddabad1668c4a6783f5643564f646d6,1773666028,2026-03-16T13:00:28+00:00,0.9205,clob_prices_history
96773953960313048340895711765817431775606353405814859249629785260485292633238,0x6397f084bcee3390e92b0a4f8d0f1fa23ddabad1668c4a6783f5643564f646d6,1773666923,2026-03-16T13:15:23+00:00,0.9215,clob_prices_history
96773953960313048340895711765817431775606353405814859249629785260485292633238,0x6397f084bcee3390e92b0a4f8d0f1fa23ddabad1668c4a6783f5643564f646d6,1773667826,2026-03-16T13:30:26+00:00,0.9215,clob_prices_history
96773953960313048340895711765817431775606353405814859249629785260485292633238,0x6397f084bcee3390e92b0a4f8d0f1fa23ddabad1668c4a6783f5643564f646d6,1773668724,2026-03-16T13:45:24+00:00,0.9235,clob_prices_history
96773953960313048340895711765817431775606353405814859249629785260485292633238,0x6397f084bcee3390e92b0a4f8d0f1fa23ddabad1668c4a6783f5643564f646d6,1773669625,2026-03-16T14:00:25+00:00,0.9235,clob_prices_history
96773953960313048340895711765817431775606353405814859249629785260485292633238,0x6397f084bcee3390e92b0a4f8d0f1fa23ddabad1668c4a6783f5643564f646d6,1773670524,2026-03-16T14:15:24+00:00,0.9235,clob_prices_history
96773953960313048340895711765817431775606353405814859249629785260485292633238,0x6397f084bcee3390e92b0a4f8d0f1fa23ddabad1668c4a6783f5643564f646d6,1773671424,2026-03-16T14:30:24+00:00,0.9235,clob_prices_history
96773953960313048340895711765817431775606353405814859249629785260485292633238,0x6397f084bcee3390e92b0a4f8d0f1fa23ddabad1668c4a6783f5643564f646d6,1773672326,2026-03-16T14:45:26+00:00,0.9235,clob_prices_history
96773953960313048340895711765817431775606353405814859249629785260485292633238,0x6397f084bcee3390e92b0a4f8d0f1fa23ddabad1668c4a6783f5643564f646d6,1773673225,2026-03-16T15:00:25+00:00,0.9235,clob_prices_history
96773953960313048340895711765817431775606353405814859249629785260485292633238,0x6397f084bcee3390e92b0a4f8d0f1fa23ddabad1668c4a6783f5643564f646d6,1773674125,2026-03-16T15:15:25+00:00,0.9235,clob_prices_history
96773953960313048340895711765817431775606353405814859249629785260485292633238,0x6397f084bcee3390e92b0a4f8d0f1fa23ddabad1668c4a6783f5643564f646d6,1773675025,2026-03-16T15:30:25+00:00,0.9235,clob_prices_history
96773953960313048340895711765817431775606353405814859249629785260485292633238,0x6397f084bcee3390e92b0a4f8d0f1fa23ddabad1668c4a6783f5643564f646d6,1773675923,2026-03-16T15:45:23+00:00,0.9235,clob_prices_history
96773953960313048340895711765817431775606353405814859249629785260485292633238,0x6397f084bcee3390e92b0a4f8d0f1fa23ddabad1668c4a6783f5643564f646d6,1773676826,2026-03-16T16:00:26+00:00,0.9235,clob_prices_history
96773953960313048340895711765817431775606353405814859249629785260485292633238,0x6397f084bcee3390e92b0a4f8d0f1fa23ddabad1668c4a6783f5643564f646d6,1773677728,2026-03-16T16:15:28+00:00,0.924,clob_prices_history
96773953960313048340895711765817431775606353405814859249629785260485292633238,0x6397f084bcee3390e92b0a4f8d0f1fa23ddabad1668c4a6783f5643564f646d6,1773678626,2026-03-16T16:30:26+00:00,0.9245,clob_prices_history
96773953960313048340895711765817431775606353405814859249629785260485292633238,0x6397f084bcee3390e92b0a4f8d0f1fa23ddabad1668c4a6783f5643564f646d6,1773679523,2026-03-16T16:45:23+00:00,0.924,clob_prices_history
96773953960313048340895711765817431775606353405814859249629785260485292633238,0x6397f084bcee3390e92b0a4f8d0f1fa23ddabad1668c4a6783f5643564f646d6,1773680426,2026-03-16T17:00:26+00:00,0.9235,clob_prices_history
96773953960313048340895711765817431775606353405814859249629785260485292633238,0x6397f084bcee3390e92b0a4f8d0f1fa23ddabad1668c4a6783f5643564f646d6,1773681324,2026-03-16T17:15:24+00:00,0.9235,clob_prices_history
96773953960313048340895711765817431775606353405814859249629785260485292633238,0x6397f084bcee3390e92b0a4f8d0f1fa23ddabad1668c4a6783f5643564f646d6,1773682226,2026-03-16T17:30:26+00:00,0.924,clob_prices_history
96773953960313048340895711765817431775606353405814859249629785260485292633238,0x6397f084bcee3390e92b0a4f8d0f1fa23ddabad1668c4a6783f5643564f646d6,1773683125,2026-03-16T17:45:25+00:00,0.9235,clob_prices_history
96773953960313048340895711765817431775606353405814859249629785260485292633238,0x6397f084bcee3390e92b0a4f8d0f1fa23ddabad1668c4a6783f5643564f646d6,1773684026,2026-03-16T18:00:26+00:00,0.9235,clob_prices_history
96773953960313048340895711765817431775606353405814859249629785260485292633238,0x6397f084bcee3390e92b0a4f8d0f1fa23ddabad1668c4a6783f5643564f646d6,1773684925,2026-03-16T18:15:25+00:00,0.924,clob_prices_history
96773953960313048340895711765817431775606353405814859249629785260485292633238,0x6397f084bcee3390e92b0a4f8d0f1fa23ddabad1668c4a6783f5643564f646d6,1773685828,2026-03-16T18:30:28+00:00,0.9245,clob_prices_history
96773953960313048340895711765817431775606353405814859249629785260485292633238,0x6397f084bcee3390e92b0a4f8d0f1fa23ddabad1668c4a6783f5643564f646d6,1773686726,2026-03-16T18:45:26+00:00,0.924,clob_prices_history
96773953960313048340895711765817431775606353405814859249629785260485292633238,0x6397f084bcee3390e92b0a4f8d0f1fa23ddabad1668c4a6783f5643564f646d6,1773687631,2026-03-16T19:00:31+00:00,0.924,clob_prices_history
96773953960313048340895711765817431775606353405814859249629785260485292633238,0x6397f084bcee3390e92b0a4f8d0f1fa23ddabad1668c4a6783f5643564f646d6,1773688526,2026-03-16T19:15:26+00:00,0.9235,clob_prices_history
96773953960313048340895711765817431775606353405814859249629785260485292633238,0x6397f084bcee3390e92b0a4f8d0f1fa23ddabad1668c4a6783f5643564f646d6,1773689438,2026-03-16T19:30:38+00:00,0.9235,clob_prices_history
96773953960313048340895711765817431775606353405814859249629785260485292633238,0x6397f084bcee3390e92b0a4f8d0f1fa23ddabad1668c4a6783f5643564f646d6,1773690324,2026-03-16T19:45:24+00:00,0.9235,clob_prices_history
96773953960313048340895711765817431775606353405814859249629785260485292633238,0x6397f084bcee3390e92b0a4f8d0f1fa23ddabad1668c4a6783f5643564f646d6,1773691226,2026-03-16T20:00:26+00:00,0.9235,clob_prices_history
96773953960313048340895711765817431775606353405814859249629785260485292633238,0x6397f084bcee3390e92b0a4f8d0f1fa23ddabad1668c4a6783f5643564f646d6,1773692126,2026-03-16T20:15:26+00:00,0.9235,clob_prices_history
96773953960313048340895711765817431775606353405814859249629785260485292633238,0x6397f084bcee3390e92b0a4f8d0f1fa23ddabad1668c4a6783f5643564f646d6,1773693039,2026-03-16T20:30:39+00:00,0.924,clob_prices_history
96773953960313048340895711765817431775606353405814859249629785260485292633238,0x6397f084bcee3390e92b0a4f8d0f1fa23ddabad1668c4a6783f5643564f646d6,1773693924,2026-03-16T20:45:24+00:00,0.9245,clob_prices_history
96773953960313048340895711765817431775606353405814859249629785260485292633238,0x6397f084bcee3390e92b0a4f8d0f1fa23ddabad1668c4a6783f5643564f646d6,1773694828,2026-03-16T21:00:28+00:00,0.924,clob_prices_history
96773953960313048340895711765817431775606353405814859249629785260485292633238,0x6397f084bcee3390e92b0a4f8d0f1fa23ddabad1668c4a6783f5643564f646d6,1773695727,2026-03-16T21:15:27+00:00,0.9245,clob_prices_history
96773953960313048340895711765817431775606353405814859249629785260485292633238,0x6397f084bcee3390e92b0a4f8d0f1fa23ddabad1668c4a6783f5643564f646d6,1773696625,2026-03-16T21:30:25+00:00,0.9235,clob_prices_history
96773953960313048340895711765817431775606353405814859249629785260485292633238,0x6397f084bcee3390e92b0a4f8d0f1fa23ddabad1668c4a6783f5643564f646d6,1773697527,2026-03-16T21:45:27+00:00,0.9235,clob_prices_history
96773953960313048340895711765817431775606353405814859249629785260485292633238,0x6397f084bcee3390e92b0a4f8d0f1fa23ddabad1668c4a6783f5643564f646d6,1773698428,2026-03-16T22:00:28+00:00,0.9245,clob_prices_history
96773953960313048340895711765817431775606353405814859249629785260485292633238,0x6397f084bcee3390e92b0a4f8d0f1fa23ddabad1668c4a6783f5643564f646d6,1773699326,2026-03-16T22:15:26+00:00,0.924,clob_prices_history
96773953960313048340895711765817431775606353405814859249629785260485292633238,0x6397f084bcee3390e92b0a4f8d0f1fa23ddabad1668c4a6783f5643564f646d6,1773700226,2026-03-16T22:30:26+00:00,0.924,clob_prices_history
96773953960313048340895711765817431775606353405814859249629785260485292633238,0x6397f084bcee3390e92b0a4f8d0f1fa23ddabad1668c4a6783f5643564f646d6,1773701124,2026-03-16T22:45:24+00:00,0.924,clob_prices_history
96773953960313048340895711765817431775606353405814859249629785260485292633238,0x6397f084bcee3390e92b0a4f8d0f1fa23ddabad1668c4a6783f5643564f646d6,1773702028,2026-03-16T23:00:28+00:00,0.924,clob_prices_history
96773953960313048340895711765817431775606353405814859249629785260485292633238,0x6397f084bcee3390e92b0a4f8d0f1fa23ddabad1668c4a6783f5643564f646d6,1773702926,2026-03-16T23:15:26+00:00,0.924,clob_prices_history
96773953960313048340895711765817431775606353405814859249629785260485292633238,0x6397f084bcee3390e92b0a4f8d0f1fa23ddabad1668c4a6783f5643564f646d6,1773703838,2026-03-16T23:30:38+00:00,0.924,clob_prices_history
96773953960313048340895711765817431775606353405814859249629785260485292633238,0x6397f084bcee3390e92b0a4f8d0f1fa23ddabad1668c4a6783f5643564f646d6,1773704727,2026-03-16T23:45:27+00:00,0.924,clob_prices_history
96773953960313048340895711765817431775606353405814859249629785260485292633238,0x6397f084bcee3390e92b0a4f8d0f1fa23ddabad1668c4a6783f5643564f646d6,1773705630,2026-03-17T00:00:30+00:00,0.924,clob_prices_history
96773953960313048340895711765817431775606353405814859249629785260485292633238,0x6397f084bcee3390e92b0a4f8d0f1fa23ddabad1668c4a6783f5643564f646d6,1773706531,2026-03-17T00:15:31+00:00,0.924,clob_prices_history
96773953960313048340895711765817431775606353405814859249629785260485292633238,0x6397f084bcee3390e92b0a4f8d0f1fa23ddabad1668c4a6783f5643564f646d6,1773707429,2026-03-17T00:30:29+00:00,0.924,clob_prices_history
96773953960313048340895711765817431775606353405814859249629785260485292633238,0x6397f084bcee3390e92b0a4f8d0f1fa23ddabad1668c4a6783f5643564f646d6,1773708328,2026-03-17T00:45:28+00:00,0.9245,clob_prices_history
96773953960313048340895711765817431775606353405814859249629785260485292633238,0x6397f084bcee3390e92b0a4f8d0f1fa23ddabad1668c4a6783f5643564f646d6,1773709227,2026-03-17T01:00:27+00:00,0.9245,clob_prices_history
96773953960313048340895711765817431775606353405814859249629785260485292633238,0x6397f084bcee3390e92b0a4f8d0f1fa23ddabad1668c4a6783f5643564f646d6,1773710128,2026-03-17T01:15:28+00:00,0.9245,clob_prices_history
96773953960313048340895711765817431775606353405814859249629785260485292633238,0x6397f084bcee3390e92b0a4f8d0f1fa23ddabad1668c4a6783f5643564f646d6,1773711030,2026-03-17T01:30:30+00:00,0.9245,clob_prices_history
96773953960313048340895711765817431775606353405814859249629785260485292633238,0x6397f084bcee3390e92b0a4f8d0f1fa23ddabad1668c4a6783f5643564f646d6,1773711925,2026-03-17T01:45:25+00:00,0.9245,clob_prices_history
96773953960313048340895711765817431775606353405814859249629785260485292633238,0x6397f084bcee3390e92b0a4f8d0f1fa23ddabad1668c4a6783f5643564f646d6,1773712829,2026-03-17T02:00:29+00:00,0.9245,clob_prices_history
96773953960313048340895711765817431775606353405814859249629785260485292633238,0x6397f084bcee3390e92b0a4f8d0f1fa23ddabad1668c4a6783f5643564f646d6,1773713726,2026-03-17T02:15:26+00:00,0.925,clob_prices_history
96773953960313048340895711765817431775606353405814859249629785260485292633238,0x6397f084bcee3390e92b0a4f8d0f1fa23ddabad1668c4a6783f5643564f646d6,1773714627,2026-03-17T02:30:27+00:00,0.9255,clob_prices_history
96773953960313048340895711765817431775606353405814859249629785260485292633238,0x6397f084bcee3390e92b0a4f8d0f1fa23ddabad1668c4a6783f5643564f646d6,1773715529,2026-03-17T02:45:29+00:00,0.9255,clob_prices_history
96773953960313048340895711765817431775606353405814859249629785260485292633238,0x6397f084bcee3390e92b0a4f8d0f1fa23ddabad1668c4a6783f5643564f646d6,1773716428,2026-03-17T03:00:28+00:00,0.9255,clob_prices_history
96773953960313048340895711765817431775606353405814859249629785260485292633238,0x6397f084bcee3390e92b0a4f8d0f1fa23ddabad1668c4a6783f5643564f646d6,1773717326,2026-03-17T03:15:26+00:00,0.9255,clob_prices_history
96773953960313048340895711765817431775606353405814859249629785260485292633238,0x6397f084bcee3390e92b0a4f8d0f1fa23ddabad1668c4a6783f5643564f646d6,1773718231,2026-03-17T03:30:31+00:00,0.9255,clob_prices_history
96773953960313048340895711765817431775606353405814859249629785260485292633238,0x6397f084bcee3390e92b0a4f8d0f1fa23ddabad1668c4a6783f5643564f646d6,1773719129,2026-03-17T03:45:29+00:00,0.9255,clob_prices_history
96773953960313048340895711765817431775606353405814859249629785260485292633238,0x6397f084bcee3390e92b0a4f8d0f1fa23ddabad1668c4a6783f5643564f646d6,1773720030,2026-03-17T04:00:30+00:00,0.9255,clob_prices_history
96773953960313048340895711765817431775606353405814859249629785260485292633238,0x6397f084bcee3390e92b0a4f8d0f1fa23ddabad1668c4a6783f5643564f646d6,1773720927,2026-03-17T04:15:27+00:00,0.9255,clob_prices_history
96773953960313048340895711765817431775606353405814859249629785260485292633238,0x6397f084bcee3390e92b0a4f8d0f1fa23ddabad1668c4a6783f5643564f646d6,1773721830,2026-03-17T04:30:30+00:00,0.9255,clob_prices_history
96773953960313048340895711765817431775606353405814859249629785260485292633238,0x6397f084bcee3390e92b0a4f8d0f1fa23ddabad1668c4a6783f5643564f646d6,1773722728,2026-03-17T04:45:28+00:00,0.9255,clob_prices_history
96773953960313048340895711765817431775606353405814859249629785260485292633238,0x6397f084bcee3390e92b0a4f8d0f1fa23ddabad1668c4a6783f5643564f646d6,1773723643,2026-03-17T05:00:43+00:00,0.9255,clob_prices_history
96773953960313048340895711765817431775606353405814859249629785260485292633238,0x6397f084bcee3390e92b0a4f8d0f1fa23ddabad1668c4a6783f5643564f646d6,1773724528,2026-03-17T05:15:28+00:00,0.9255,clob_prices_history
96773953960313048340895711765817431775606353405814859249629785260485292633238,0x6397f084bcee3390e92b0a4f8d0f1fa23ddabad1668c4a6783f5643564f646d6,1773725426,2026-03-17T05:30:26+00:00,0.9255,clob_prices_history
96773953960313048340895711765817431775606353405814859249629785260485292633238,0x6397f084bcee3390e92b0a4f8d0f1fa23ddabad1668c4a6783f5643564f646d6,1773726324,2026-03-17T05:45:24+00:00,0.9245,clob_prices_history
96773953960313048340895711765817431775606353405814859249629785260485292633238,0x6397f084bcee3390e92b0a4f8d0f1fa23ddabad1668c4a6783f5643564f646d6,1773727228,2026-03-17T06:00:28+00:00,0.9245,clob_prices_history
96773953960313048340895711765817431775606353405814859249629785260485292633238,0x6397f084bcee3390e92b0a4f8d0f1fa23ddabad1668c4a6783f5643564f646d6,1773728126,2026-03-17T06:15:26+00:00,0.9245,clob_prices_history
96773953960313048340895711765817431775606353405814859249629785260485292633238,0x6397f084bcee3390e92b0a4f8d0f1fa23ddabad1668c4a6783f5643564f646d6,1773729027,2026-03-17T06:30:27+00:00,0.9245,clob_prices_history
96773953960313048340895711765817431775606353405814859249629785260485292633238,0x6397f084bcee3390e92b0a4f8d0f1fa23ddabad1668c4a6783f5643564f646d6,1773729924,2026-03-17T06:45:24+00:00,0.9245,clob_prices_history
96773953960313048340895711765817431775606353405814859249629785260485292633238,0x6397f084bcee3390e92b0a4f8d0f1fa23ddabad1668c4a6783f5643564f646d6,1773730828,2026-03-17T07:00:28+00:00,0.9245,clob_prices_history
96773953960313048340895711765817431775606353405814859249629785260485292633238,0x6397f084bcee3390e92b0a4f8d0f1fa23ddabad1668c4a6783f5643564f646d6,1773731735,2026-03-17T07:15:35+00:00,0.9245,clob_prices_history
96773953960313048340895711765817431775606353405814859249629785260485292633238,0x6397f084bcee3390e92b0a4f8d0f1fa23ddabad1668c4a6783f5643564f646d6,1773732629,2026-03-17T07:30:29+00:00,0.9245,clob_prices_history
96773953960313048340895711765817431775606353405814859249629785260485292633238,0x6397f084bcee3390e92b0a4f8d0f1fa23ddabad1668c4a6783f5643564f646d6,1773733528,2026-03-17T07:45:28+00:00,0.9245,clob_prices_history
96773953960313048340895711765817431775606353405814859249629785260485292633238,0x6397f084bcee3390e92b0a4f8d0f1fa23ddabad1668c4a6783f5643564f646d6,1773734430,2026-03-17T08:00:30+00:00,0.9245,clob_prices_history
96773953960313048340895711765817431775606353405814859249629785260485292633238,0x6397f084bcee3390e92b0a4f8d0f1fa23ddabad1668c4a6783f5643564f646d6,1773735325,2026-03-17T08:15:25+00:00,0.9255,clob_prices_history
96773953960313048340895711765817431775606353405814859249629785260485292633238,0x6397f084bcee3390e92b0a4f8d0f1fa23ddabad1668c4a6783f5643564f646d6,1773736227,2026-03-17T08:30:27+00:00,0.9255,clob_prices_history
96773953960313048340895711765817431775606353405814859249629785260485292633238,0x6397f084bcee3390e92b0a4f8d0f1fa23ddabad1668c4a6783f5643564f646d6,1773737128,2026-03-17T08:45:28+00:00,0.9255,clob_prices_history
96773953960313048340895711765817431775606353405814859249629785260485292633238,0x6397f084bcee3390e92b0a4f8d0f1fa23ddabad1668c4a6783f5643564f646d6,1773738029,2026-03-17T09:00:29+00:00,0.9255,clob_prices_history
96773953960313048340895711765817431775606353405814859249629785260485292633238,0x6397f084bcee3390e92b0a4f8d0f1fa23ddabad1668c4a6783f5643564f646d6,1773738925,2026-03-17T09:15:25+00:00,0.9255,clob_prices_history
96773953960313048340895711765817431775606353405814859249629785260485292633238,0x6397f084bcee3390e92b0a4f8d0f1fa23ddabad1668c4a6783f5643564f646d6,1773739829,2026-03-17T09:30:29+00:00,0.9255,clob_prices_history
96773953960313048340895711765817431775606353405814859249629785260485292633238,0x6397f084bcee3390e92b0a4f8d0f1fa23ddabad1668c4a6783f5643564f646d6,1773740736,2026-03-17T09:45:36+00:00,0.9255,clob_prices_history
96773953960313048340895711765817431775606353405814859249629785260485292633238,0x6397f084bcee3390e92b0a4f8d0f1fa23ddabad1668c4a6783f5643564f646d6,1773741628,2026-03-17T10:00:28+00:00,0.9255,clob_prices_history
96773953960313048340895711765817431775606353405814859249629785260485292633238,0x6397f084bcee3390e92b0a4f8d0f1fa23ddabad1668c4a6783f5643564f646d6,1773742530,2026-03-17T10:15:30+00:00,0.9255,clob_prices_history
96773953960313048340895711765817431775606353405814859249629785260485292633238,0x6397f084bcee3390e92b0a4f8d0f1fa23ddabad1668c4a6783f5643564f646d6,1773743429,2026-03-17T10:30:29+00:00,0.9265,clob_prices_history
96773953960313048340895711765817431775606353405814859249629785260485292633238,0x6397f084bcee3390e92b0a4f8d0f1fa23ddabad1668c4a6783f5643564f646d6,1773744327,2026-03-17T10:45:27+00:00,0.9265,clob_prices_history
96773953960313048340895711765817431775606353405814859249629785260485292633238,0x6397f084bcee3390e92b0a4f8d0f1fa23ddabad1668c4a6783f5643564f646d6,1773745228,2026-03-17T11:00:28+00:00,0.9265,clob_prices_history
96773953960313048340895711765817431775606353405814859249629785260485292633238,0x6397f084bcee3390e92b0a4f8d0f1fa23ddabad1668c4a6783f5643564f646d6,1773746130,2026-03-17T11:15:30+00:00,0.9265,clob_prices_history
96773953960313048340895711765817431775606353405814859249629785260485292633238,0x6397f084bcee3390e92b0a4f8d0f1fa23ddabad1668c4a6783f5643564f646d6,1773747025,2026-03-17T11:30:25+00:00,0.9255,clob_prices_history
96773953960313048340895711765817431775606353405814859249629785260485292633238,0x6397f084bcee3390e92b0a4f8d0f1fa23ddabad1668c4a6783f5643564f646d6,1773747927,2026-03-17T11:45:27+00:00,0.9255,clob_prices_history
96773953960313048340895711765817431775606353405814859249629785260485292633238,0x6397f084bcee3390e92b0a4f8d0f1fa23ddabad1668c4a6783f5643564f646d6,1773748831,2026-03-17T12:00:31+00:00,0.9255,clob_prices_history
96773953960313048340895711765817431775606353405814859249629785260485292633238,0x6397f084bcee3390e92b0a4f8d0f1fa23ddabad1668c4a6783f5643564f646d6,1773749725,2026-03-17T12:15:25+00:00,0.9255,clob_prices_history
96773953960313048340895711765817431775606353405814859249629785260485292633238,0x6397f084bcee3390e92b0a4f8d0f1fa23ddabad1668c4a6783f5643564f646d6,1773750634,2026-03-17T12:30:34+00:00,0.9255,clob_prices_history
96773953960313048340895711765817431775606353405814859249629785260485292633238,0x6397f084bcee3390e92b0a4f8d0f1fa23ddabad1668c4a6783f5643564f646d6,1773751524,2026-03-17T12:45:24+00:00,0.9255,clob_prices_history
96773953960313048340895711765817431775606353405814859249629785260485292633238,0x6397f084bcee3390e92b0a4f8d0f1fa23ddabad1668c4a6783f5643564f646d6,1773752429,2026-03-17T13:00:29+00:00,0.9255,clob_prices_history
96773953960313048340895711765817431775606353405814859249629785260485292633238,0x6397f084bcee3390e92b0a4f8d0f1fa23ddabad1668c4a6783f5643564f646d6,1773753325,2026-03-17T13:15:25+00:00,0.9255,clob_prices_history
96773953960313048340895711765817431775606353405814859249629785260485292633238,0x6397f084bcee3390e92b0a4f8d0f1fa23ddabad1668c4a6783f5643564f646d6,1773754228,2026-03-17T13:30:28+00:00,0.9255,clob_prices_history
96773953960313048340895711765817431775606353405814859249629785260485292633238,0x6397f084bcee3390e92b0a4f8d0f1fa23ddabad1668c4a6783f5643564f646d6,1773755129,2026-03-17T13:45:29+00:00,0.9255,clob_prices_history
96773953960313048340895711765817431775606353405814859249629785260485292633238,0x6397f084bcee3390e92b0a4f8d0f1fa23ddabad1668c4a6783f5643564f646d6,1773756029,2026-03-17T14:00:29+00:00,0.9255,clob_prices_history
96773953960313048340895711765817431775606353405814859249629785260485292633238,0x6397f084bcee3390e92b0a4f8d0f1fa23ddabad1668c4a6783f5643564f646d6,1773756931,2026-03-17T14:15:31+00:00,0.9255,clob_prices_history
96773953960313048340895711765817431775606353405814859249629785260485292633238,0x6397f084bcee3390e92b0a4f8d0f1fa23ddabad1668c4a6783f5643564f646d6,1773757828,2026-03-17T14:30:28+00:00,0.925,clob_prices_history
96773953960313048340895711765817431775606353405814859249629785260485292633238,0x6397f084bcee3390e92b0a4f8d0f1fa23ddabad1668c4a6783f5643564f646d6,1773758727,2026-03-17T14:45:27+00:00,0.925,clob_prices_history
96773953960313048340895711765817431775606353405814859249629785260485292633238,0x6397f084bcee3390e92b0a4f8d0f1fa23ddabad1668c4a6783f5643564f646d6,1773759632,2026-03-17T15:00:32+00:00,0.925,clob_prices_history
96773953960313048340895711765817431775606353405814859249629785260485292633238,0x6397f084bcee3390e92b0a4f8d0f1fa23ddabad1668c4a6783f5643564f646d6,1773760529,2026-03-17T15:15:29+00:00,0.925,clob_prices_history
96773953960313048340895711765817431775606353405814859249629785260485292633238,0x6397f084bcee3390e92b0a4f8d0f1fa23ddabad1668c4a6783f5643564f646d6,1773761445,2026-03-17T15:30:45+00:00,0.925,clob_prices_history
96773953960313048340895711765817431775606353405814859249629785260485292633238,0x6397f084bcee3390e92b0a4f8d0f1fa23ddabad1668c4a6783f5643564f646d6,1773762327,2026-03-17T15:45:27+00:00,0.925,clob_prices_history
96773953960313048340895711765817431775606353405814859249629785260485292633238,0x6397f084bcee3390e92b0a4f8d0f1fa23ddabad1668c4a6783f5643564f646d6,1773763230,2026-03-17T16:00:30+00:00,0.925,clob_prices_history
96773953960313048340895711765817431775606353405814859249629785260485292633238,0x6397f084bcee3390e92b0a4f8d0f1fa23ddabad1668c4a6783f5643564f646d6,1773764128,2026-03-17T16:15:28+00:00,0.9255,clob_prices_history
96773953960313048340895711765817431775606353405814859249629785260485292633238,0x6397f084bcee3390e92b0a4f8d0f1fa23ddabad1668c4a6783f5643564f646d6,1773765031,2026-03-17T16:30:31+00:00,0.9255,clob_prices_history
96773953960313048340895711765817431775606353405814859249629785260485292633238,0x6397f084bcee3390e92b0a4f8d0f1fa23ddabad1668c4a6783f5643564f646d6,1773765930,2026-03-17T16:45:30+00:00,0.9255,clob_prices_history
96773953960313048340895711765817431775606353405814859249629785260485292633238,0x6397f084bcee3390e92b0a4f8d0f1fa23ddabad1668c4a6783f5643564f646d6,1773766829,2026-03-17T17:00:29+00:00,0.9255,clob_prices_history
96773953960313048340895711765817431775606353405814859249629785260485292633238,0x6397f084bcee3390e92b0a4f8d0f1fa23ddabad1668c4a6783f5643564f646d6,1773767729,2026-03-17T17:15:29+00:00,0.9255,clob_prices_history
96773953960313048340895711765817431775606353405814859249629785260485292633238,0x6397f084bcee3390e92b0a4f8d0f1fa23ddabad1668c4a6783f5643564f646d6,1773768630,2026-03-17T17:30:30+00:00,0.9255,clob_prices_history
96773953960313048340895711765817431775606353405814859249629785260485292633238,0x6397f084bcee3390e92b0a4f8d0f1fa23ddabad1668c4a6783f5643564f646d6,1773769543,2026-03-17T17:45:43+00:00,0.9255,clob_prices_history
96773953960313048340895711765817431775606353405814859249629785260485292633238,0x6397f084bcee3390e92b0a4f8d0f1fa23ddabad1668c4a6783f5643564f646d6,1773770432,2026-03-17T18:00:32+00:00,0.9255,clob_prices_history
96773953960313048340895711765817431775606353405814859249629785260485292633238,0x6397f084bcee3390e92b0a4f8d0f1fa23ddabad1668c4a6783f5643564f646d6,1773771331,2026-03-17T18:15:31+00:00,0.9255,clob_prices_history
96773953960313048340895711765817431775606353405814859249629785260485292633238,0x6397f084bcee3390e92b0a4f8d0f1fa23ddabad1668c4a6783f5643564f646d6,1773772228,2026-03-17T18:30:28+00:00,0.9255,clob_prices_history
96773953960313048340895711765817431775606353405814859249629785260485292633238,0x6397f084bcee3390e92b0a4f8d0f1fa23ddabad1668c4a6783f5643564f646d6,1773773127,2026-03-17T18:45:27+00:00,0.926,clob_prices_history
96773953960313048340895711765817431775606353405814859249629785260485292633238,0x6397f084bcee3390e92b0a4f8d0f1fa23ddabad1668c4a6783f5643564f646d6,1773774031,2026-03-17T19:00:31+00:00,0.926,clob_prices_history
96773953960313048340895711765817431775606353405814859249629785260485292633238,0x6397f084bcee3390e92b0a4f8d0f1fa23ddabad1668c4a6783f5643564f646d6,1773774941,2026-03-17T19:15:41+00:00,0.926,clob_prices_history
96773953960313048340895711765817431775606353405814859249629785260485292633238,0x6397f084bcee3390e92b0a4f8d0f1fa23ddabad1668c4a6783f5643564f646d6,1773775842,2026-03-17T19:30:42+00:00,0.926,clob_prices_history
96773953960313048340895711765817431775606353405814859249629785260485292633238,0x6397f084bcee3390e92b0a4f8d0f1fa23ddabad1668c4a6783f5643564f646d6,1773776732,2026-03-17T19:45:32+00:00,0.9255,clob_prices_history
96773953960313048340895711765817431775606353405814859249629785260485292633238,0x6397f084bcee3390e92b0a4f8d0f1fa23ddabad1668c4a6783f5643564f646d6,1773777633,2026-03-17T20:00:33+00:00,0.9255,clob_prices_history
96773953960313048340895711765817431775606353405814859249629785260485292633238,0x6397f084bcee3390e92b0a4f8d0f1fa23ddabad1668c4a6783f5643564f646d6,1773778529,2026-03-17T20:15:29+00:00,0.926,clob_prices_history
96773953960313048340895711765817431775606353405814859249629785260485292633238,0x6397f084bcee3390e92b0a4f8d0f1fa23ddabad1668c4a6783f5643564f646d6,1773779428,2026-03-17T20:30:28+00:00,0.926,clob_prices_history
96773953960313048340895711765817431775606353405814859249629785260485292633238,0x6397f084bcee3390e92b0a4f8d0f1fa23ddabad1668c4a6783f5643564f646d6,1773780329,2026-03-17T20:45:29+00:00,0.926,clob_prices_history
96773953960313048340895711765817431775606353405814859249629785260485292633238,0x6397f084bcee3390e92b0a4f8d0f1fa23ddabad1668c4a6783f5643564f646d6,1773781231,2026-03-17T21:00:31+00:00,0.926,clob_prices_history
96773953960313048340895711765817431775606353405814859249629785260485292633238,0x6397f084bcee3390e92b0a4f8d0f1fa23ddabad1668c4a6783f5643564f646d6,1773782128,2026-03-17T21:15:28+00:00,0.926,clob_prices_history
96773953960313048340895711765817431775606353405814859249629785260485292633238,0x6397f084bcee3390e92b0a4f8d0f1fa23ddabad1668c4a6783f5643564f646d6,1773783030,2026-03-17T21:30:30+00:00,0.926,clob_prices_history
96773953960313048340895711765817431775606353405814859249629785260485292633238,0x6397f084bcee3390e92b0a4f8d0f1fa23ddabad1668c4a6783f5643564f646d6,1773783929,2026-03-17T21:45:29+00:00,0.926,clob_prices_history
96773953960313048340895711765817431775606353405814859249629785260485292633238,0x6397f084bcee3390e92b0a4f8d0f1fa23ddabad1668c4a6783f5643564f646d6,1773784805,2026-03-17T22:00:05+00:00,0.926,clob_prices_history
96773953960313048340895711765817431775606353405814859249629785260485292633238,0x6397f084bcee3390e92b0a4f8d0f1fa23ddabad1668c4a6783f5643564f646d6,1773784851,2026-03-17T22:00:51+00:00,0.926,clob_prices_history
96773953960313048340895711765817431775606353405814859249629785260485292633238,0x6397f084bcee3390e92b0a4f8d0f1fa23ddabad1668c4a6783f5643564f646d6,1773785730,2026-03-17T22:15:30+00:00,0.926,clob_prices_history
96773953960313048340895711765817431775606353405814859249629785260485292633238,0x6397f084bcee3390e92b0a4f8d0f1fa23ddabad1668c4a6783f5643564f646d6,1773786626,2026-03-17T22:30:26+00:00,0.926,clob_prices_history
96773953960313048340895711765817431775606353405814859249629785260485292633238,0x6397f084bcee3390e92b0a4f8d0f1fa23ddabad1668c4a6783f5643564f646d6,1773787530,2026-03-17T22:45:30+00:00,0.926,clob_prices_history
96773953960313048340895711765817431775606353405814859249629785260485292633238,0x6397f084bcee3390e92b0a4f8d0f1fa23ddabad1668c4a6783f5643564f646d6,1773788427,2026-03-17T23:00:27+00:00,0.926,clob_prices_history
96773953960313048340895711765817431775606353405814859249629785260485292633238,0x6397f084bcee3390e92b0a4f8d0f1fa23ddabad1668c4a6783f5643564f646d6,1773789330,2026-03-17T23:15:30+00:00,0.926,clob_prices_history
96773953960313048340895711765817431775606353405814859249629785260485292633238,0x6397f084bcee3390e92b0a4f8d0f1fa23ddabad1668c4a6783f5643564f646d6,1773790226,2026-03-17T23:30:26+00:00,0.926,clob_prices_history
96773953960313048340895711765817431775606353405814859249629785260485292633238,0x6397f084bcee3390e92b0a4f8d0f1fa23ddabad1668c4a6783f5643564f646d6,1773791125,2026-03-17T23:45:25+00:00,0.926,clob_prices_history
96773953960313048340895711765817431775606353405814859249629785260485292633238,0x6397f084bcee3390e92b0a4f8d0f1fa23ddabad1668c4a6783f5643564f646d6,1773792030,2026-03-18T00:00:30+00:00,0.926,clob_prices_history
96773953960313048340895711765817431775606353405814859249629785260485292633238,0x6397f084bcee3390e92b0a4f8d0f1fa23ddabad1668c4a6783f5643564f646d6,1773792941,2026-03-18T00:15:41+00:00,0.926,clob_prices_history
96773953960313048340895711765817431775606353405814859249629785260485292633238,0x6397f084bcee3390e92b0a4f8d0f1fa23ddabad1668c4a6783f5643564f646d6,1773793829,2026-03-18T00:30:29+00:00,0.926,clob_prices_history
96773953960313048340895711765817431775606353405814859249629785260485292633238,0x6397f084bcee3390e92b0a4f8d0f1fa23ddabad1668c4a6783f5643564f646d6,1773794729,2026-03-18T00:45:29+00:00,0.926,clob_prices_history
96773953960313048340895711765817431775606353405814859249629785260485292633238,0x6397f084bcee3390e92b0a4f8d0f1fa23ddabad1668c4a6783f5643564f646d6,1773795628,2026-03-18T01:00:28+00:00,0.926,clob_prices_history
96773953960313048340895711765817431775606353405814859249629785260485292633238,0x6397f084bcee3390e92b0a4f8d0f1fa23ddabad1668c4a6783f5643564f646d6,1773796526,2026-03-18T01:15:26+00:00,0.926,clob_prices_history
96773953960313048340895711765817431775606353405814859249629785260485292633238,0x6397f084bcee3390e92b0a4f8d0f1fa23ddabad1668c4a6783f5643564f646d6,1773797444,2026-03-18T01:30:44+00:00,0.926,clob_prices_history
96773953960313048340895711765817431775606353405814859249629785260485292633238,0x6397f084bcee3390e92b0a4f8d0f1fa23ddabad1668c4a6783f5643564f646d6,1773798328,2026-03-18T01:45:28+00:00,0.926,clob_prices_history
96773953960313048340895711765817431775606353405814859249629785260485292633238,0x6397f084bcee3390e92b0a4f8d0f1fa23ddabad1668c4a6783f5643564f646d6,1773799228,2026-03-18T02:00:28+00:00,0.926,clob_prices_history
96773953960313048340895711765817431775606353405814859249629785260485292633238,0x6397f084bcee3390e92b0a4f8d0f1fa23ddabad1668c4a6783f5643564f646d6,1773800128,2026-03-18T02:15:28+00:00,0.926,clob_prices_history
96773953960313048340895711765817431775606353405814859249629785260485292633238,0x6397f084bcee3390e92b0a4f8d0f1fa23ddabad1668c4a6783f5643564f646d6,1773801028,2026-03-18T02:30:28+00:00,0.926,clob_prices_history
96773953960313048340895711765817431775606353405814859249629785260485292633238,0x6397f084bcee3390e92b0a4f8d0f1fa23ddabad1668c4a6783f5643564f646d6,1773801928,2026-03-18T02:45:28+00:00,0.926,clob_prices_history
96773953960313048340895711765817431775606353405814859249629785260485292633238,0x6397f084bcee3390e92b0a4f8d0f1fa23ddabad1668c4a6783f5643564f646d6,1773802829,2026-03-18T03:00:29+00:00,0.926,clob_prices_history
96773953960313048340895711765817431775606353405814859249629785260485292633238,0x6397f084bcee3390e92b0a4f8d0f1fa23ddabad1668c4a6783f5643564f646d6,1773803726,2026-03-18T03:15:26+00:00,0.926,clob_prices_history
96773953960313048340895711765817431775606353405814859249629785260485292633238,0x6397f084bcee3390e92b0a4f8d0f1fa23ddabad1668c4a6783f5643564f646d6,1773804626,2026-03-18T03:30:26+00:00,0.9255,clob_prices_history
96773953960313048340895711765817431775606353405814859249629785260485292633238,0x6397f084bcee3390e92b0a4f8d0f1fa23ddabad1668c4a6783f5643564f646d6,1773805525,2026-03-18T03:45:25+00:00,0.9255,clob_prices_history
96773953960313048340895711765817431775606353405814859249629785260485292633238,0x6397f084bcee3390e92b0a4f8d0f1fa23ddabad1668c4a6783f5643564f646d6,1773806426,2026-03-18T04:00:26+00:00,0.9255,clob_prices_history
96773953960313048340895711765817431775606353405814859249629785260485292633238,0x6397f084bcee3390e92b0a4f8d0f1fa23ddabad1668c4a6783f5643564f646d6,1773807328,2026-03-18T04:15:28+00:00,0.9255,clob_prices_history
96773953960313048340895711765817431775606353405814859249629785260485292633238,0x6397f084bcee3390e92b0a4f8d0f1fa23ddabad1668c4a6783f5643564f646d6,1773808230,2026-03-18T04:30:30+00:00,0.9255,clob_prices_history
96773953960313048340895711765817431775606353405814859249629785260485292633238,0x6397f084bcee3390e92b0a4f8d0f1fa23ddabad1668c4a6783f5643564f646d6,1773809126,2026-03-18T04:45:26+00:00,0.926,clob_prices_history
96773953960313048340895711765817431775606353405814859249629785260485292633238,0x6397f084bcee3390e92b0a4f8d0f1fa23ddabad1668c4a6783f5643564f646d6,1773810031,2026-03-18T05:00:31+00:00,0.926,clob_prices_history
96773953960313048340895711765817431775606353405814859249629785260485292633238,0x6397f084bcee3390e92b0a4f8d0f1fa23ddabad1668c4a6783f5643564f646d6,1773810926,2026-03-18T05:15:26+00:00,0.9255,clob_prices_history
96773953960313048340895711765817431775606353405814859249629785260485292633238,0x6397f084bcee3390e92b0a4f8d0f1fa23ddabad1668c4a6783f5643564f646d6,1773811829,2026-03-18T05:30:29+00:00,0.926,clob_prices_history
96773953960313048340895711765817431775606353405814859249629785260485292633238,0x6397f084bcee3390e92b0a4f8d0f1fa23ddabad1668c4a6783f5643564f646d6,1773812728,2026-03-18T05:45:28+00:00,0.9255,clob_prices_history
96773953960313048340895711765817431775606353405814859249629785260485292633238,0x6397f084bcee3390e92b0a4f8d0f1fa23ddabad1668c4a6783f5643564f646d6,1773813631,2026-03-18T06:00:31+00:00,0.9255,clob_prices_history
96773953960313048340895711765817431775606353405814859249629785260485292633238,0x6397f084bcee3390e92b0a4f8d0f1fa23ddabad1668c4a6783f5643564f646d6,1773814529,2026-03-18T06:15:29+00:00,0.9255,clob_prices_history
96773953960313048340895711765817431775606353405814859249629785260485292633238,0x6397f084bcee3390e92b0a4f8d0f1fa23ddabad1668c4a6783f5643564f646d6,1773815428,2026-03-18T06:30:28+00:00,0.9255,clob_prices_history
96773953960313048340895711765817431775606353405814859249629785260485292633238,0x6397f084bcee3390e92b0a4f8d0f1fa23ddabad1668c4a6783f5643564f646d6,1773816328,2026-03-18T06:45:28+00:00,0.9255,clob_prices_history
96773953960313048340895711765817431775606353405814859249629785260485292633238,0x6397f084bcee3390e92b0a4f8d0f1fa23ddabad1668c4a6783f5643564f646d6,1773817230,2026-03-18T07:00:30+00:00,0.9255,clob_prices_history
96773953960313048340895711765817431775606353405814859249629785260485292633238,0x6397f084bcee3390e92b0a4f8d0f1fa23ddabad1668c4a6783f5643564f646d6,1773818128,2026-03-18T07:15:28+00:00,0.9255,clob_prices_history
96773953960313048340895711765817431775606353405814859249629785260485292633238,0x6397f084bcee3390e92b0a4f8d0f1fa23ddabad1668c4a6783f5643564f646d6,1773819028,2026-03-18T07:30:28+00:00,0.9255,clob_prices_history
96773953960313048340895711765817431775606353405814859249629785260485292633238,0x6397f084bcee3390e92b0a4f8d0f1fa23ddabad1668c4a6783f5643564f646d6,1773819928,2026-03-18T07:45:28+00:00,0.9255,clob_prices_history
96773953960313048340895711765817431775606353405814859249629785260485292633238,0x6397f084bcee3390e92b0a4f8d0f1fa23ddabad1668c4a6783f5643564f646d6,1773820826,2026-03-18T08:00:26+00:00,0.9255,clob_prices_history
96773953960313048340895711765817431775606353405814859249629785260485292633238,0x6397f084bcee3390e92b0a4f8d0f1fa23ddabad1668c4a6783f5643564f646d6,1773821727,2026-03-18T08:15:27+00:00,0.9255,clob_prices_history
96773953960313048340895711765817431775606353405814859249629785260485292633238,0x6397f084bcee3390e92b0a4f8d0f1fa23ddabad1668c4a6783f5643564f646d6,1773822629,2026-03-18T08:30:29+00:00,0.9255,clob_prices_history
96773953960313048340895711765817431775606353405814859249629785260485292633238,0x6397f084bcee3390e92b0a4f8d0f1fa23ddabad1668c4a6783f5643564f646d6,1773823524,2026-03-18T08:45:24+00:00,0.9255,clob_prices_history
96773953960313048340895711765817431775606353405814859249629785260485292633238,0x6397f084bcee3390e92b0a4f8d0f1fa23ddabad1668c4a6783f5643564f646d6,1773824437,2026-03-18T09:00:37+00:00,0.9255,clob_prices_history
96773953960313048340895711765817431775606353405814859249629785260485292633238,0x6397f084bcee3390e92b0a4f8d0f1fa23ddabad1668c4a6783f5643564f646d6,1773825338,2026-03-18T09:15:38+00:00,0.9255,clob_prices_history
96773953960313048340895711765817431775606353405814859249629785260485292633238,0x6397f084bcee3390e92b0a4f8d0f1fa23ddabad1668c4a6783f5643564f646d6,1773826227,2026-03-18T09:30:27+00:00,0.9255,clob_prices_history
96773953960313048340895711765817431775606353405814859249629785260485292633238,0x6397f084bcee3390e92b0a4f8d0f1fa23ddabad1668c4a6783f5643564f646d6,1773827127,2026-03-18T09:45:27+00:00,0.9255,clob_prices_history
96773953960313048340895711765817431775606353405814859249629785260485292633238,0x6397f084bcee3390e92b0a4f8d0f1fa23ddabad1668c4a6783f5643564f646d6,1773828029,2026-03-18T10:00:29+00:00,0.9255,clob_prices_history
96773953960313048340895711765817431775606353405814859249629785260485292633238,0x6397f084bcee3390e92b0a4f8d0f1fa23ddabad1668c4a6783f5643564f646d6,1773828930,2026-03-18T10:15:30+00:00,0.9255,clob_prices_history
96773953960313048340895711765817431775606353405814859249629785260485292633238,0x6397f084bcee3390e92b0a4f8d0f1fa23ddabad1668c4a6783f5643564f646d6,1773829826,2026-03-18T10:30:26+00:00,0.9255,clob_prices_history
96773953960313048340895711765817431775606353405814859249629785260485292633238,0x6397f084bcee3390e92b0a4f8d0f1fa23ddabad1668c4a6783f5643564f646d6,1773830731,2026-03-18T10:45:31+00:00,0.9255,clob_prices_history
96773953960313048340895711765817431775606353405814859249629785260485292633238,0x6397f084bcee3390e92b0a4f8d0f1fa23ddabad1668c4a6783f5643564f646d6,1773831628,2026-03-18T11:00:28+00:00,0.9255,clob_prices_history
96773953960313048340895711765817431775606353405814859249629785260485292633238,0x6397f084bcee3390e92b0a4f8d0f1fa23ddabad1668c4a6783f5643564f646d6,1773832526,2026-03-18T11:15:26+00:00,0.926,clob_prices_history
96773953960313048340895711765817431775606353405814859249629785260485292633238,0x6397f084bcee3390e92b0a4f8d0f1fa23ddabad1668c4a6783f5643564f646d6,1773833430,2026-03-18T11:30:30+00:00,0.926,clob_prices_history
96773953960313048340895711765817431775606353405814859249629785260485292633238,0x6397f084bcee3390e92b0a4f8d0f1fa23ddabad1668c4a6783f5643564f646d6,1773834325,2026-03-18T11:45:25+00:00,0.9255,clob_prices_history
96773953960313048340895711765817431775606353405814859249629785260485292633238,0x6397f084bcee3390e92b0a4f8d0f1fa23ddabad1668c4a6783f5643564f646d6,1773835237,2026-03-18T12:00:37+00:00,0.926,clob_prices_history
96773953960313048340895711765817431775606353405814859249629785260485292633238,0x6397f084bcee3390e92b0a4f8d0f1fa23ddabad1668c4a6783f5643564f646d6,1773836128,2026-03-18T12:15:28+00:00,0.926,clob_prices_history
96773953960313048340895711765817431775606353405814859249629785260485292633238,0x6397f084bcee3390e92b0a4f8d0f1fa23ddabad1668c4a6783f5643564f646d6,1773837029,2026-03-18T12:30:29+00:00,0.926,clob_prices_history
96773953960313048340895711765817431775606353405814859249629785260485292633238,0x6397f084bcee3390e92b0a4f8d0f1fa23ddabad1668c4a6783f5643564f646d6,1773837929,2026-03-18T12:45:29+00:00,0.926,clob_prices_history
96773953960313048340895711765817431775606353405814859249629785260485292633238,0x6397f084bcee3390e92b0a4f8d0f1fa23ddabad1668c4a6783f5643564f646d6,1773838827,2026-03-18T13:00:27+00:00,0.926,clob_prices_history
96773953960313048340895711765817431775606353405814859249629785260485292633238,0x6397f084bcee3390e92b0a4f8d0f1fa23ddabad1668c4a6783f5643564f646d6,1773839727,2026-03-18T13:15:27+00:00,0.926,clob_prices_history
96773953960313048340895711765817431775606353405814859249629785260485292633238,0x6397f084bcee3390e92b0a4f8d0f1fa23ddabad1668c4a6783f5643564f646d6,1773840631,2026-03-18T13:30:31+00:00,0.926,clob_prices_history
96773953960313048340895711765817431775606353405814859249629785260485292633238,0x6397f084bcee3390e92b0a4f8d0f1fa23ddabad1668c4a6783f5643564f646d6,1773841527,2026-03-18T13:45:27+00:00,0.926,clob_prices_history
96773953960313048340895711765817431775606353405814859249629785260485292633238,0x6397f084bcee3390e92b0a4f8d0f1fa23ddabad1668c4a6783f5643564f646d6,1773842430,2026-03-18T14:00:30+00:00,0.926,clob_prices_history
96773953960313048340895711765817431775606353405814859249629785260485292633238,0x6397f084bcee3390e92b0a4f8d0f1fa23ddabad1668c4a6783f5643564f646d6,1773843330,2026-03-18T14:15:30+00:00,0.926,clob_prices_history
96773953960313048340895711765817431775606353405814859249629785260485292633238,0x6397f084bcee3390e92b0a4f8d0f1fa23ddabad1668c4a6783f5643564f646d6,1773844229,2026-03-18T14:30:29+00:00,0.926,clob_prices_history
96773953960313048340895711765817431775606353405814859249629785260485292633238,0x6397f084bcee3390e92b0a4f8d0f1fa23ddabad1668c4a6783f5643564f646d6,1773845129,2026-03-18T14:45:29+00:00,0.926,clob_prices_history
96773953960313048340895711765817431775606353405814859249629785260485292633238,0x6397f084bcee3390e92b0a4f8d0f1fa23ddabad1668c4a6783f5643564f646d6,1773846035,2026-03-18T15:00:35+00:00,0.9265,clob_prices_history
96773953960313048340895711765817431775606353405814859249629785260485292633238,0x6397f084bcee3390e92b0a4f8d0f1fa23ddabad1668c4a6783f5643564f646d6,1773846930,2026-03-18T15:15:30+00:00,0.926,clob_prices_history
96773953960313048340895711765817431775606353405814859249629785260485292633238,0x6397f084bcee3390e92b0a4f8d0f1fa23ddabad1668c4a6783f5643564f646d6,1773847828,2026-03-18T15:30:28+00:00,0.926,clob_prices_history
96773953960313048340895711765817431775606353405814859249629785260485292633238,0x6397f084bcee3390e92b0a4f8d0f1fa23ddabad1668c4a6783f5643564f646d6,1773848728,2026-03-18T15:45:28+00:00,0.926,clob_prices_history
96773953960313048340895711765817431775606353405814859249629785260485292633238,0x6397f084bcee3390e92b0a4f8d0f1fa23ddabad1668c4a6783f5643564f646d6,1773849631,2026-03-18T16:00:31+00:00,0.9265,clob_prices_history
96773953960313048340895711765817431775606353405814859249629785260485292633238,0x6397f084bcee3390e92b0a4f8d0f1fa23ddabad1668c4a6783f5643564f646d6,1773850526,2026-03-18T16:15:26+00:00,0.9265,clob_prices_history
96773953960313048340895711765817431775606353405814859249629785260485292633238,0x6397f084bcee3390e92b0a4f8d0f1fa23ddabad1668c4a6783f5643564f646d6,1773851430,2026-03-18T16:30:30+00:00,0.926,clob_prices_history
96773953960313048340895711765817431775606353405814859249629785260485292633238,0x6397f084bcee3390e92b0a4f8d0f1fa23ddabad1668c4a6783f5643564f646d6,1773852325,2026-03-18T16:45:25+00:00,0.926,clob_prices_history
96773953960313048340895711765817431775606353405814859249629785260485292633238,0x6397f084bcee3390e92b0a4f8d0f1fa23ddabad1668c4a6783f5643564f646d6,1773853227,2026-03-18T17:00:27+00:00,0.926,clob_prices_history
96773953960313048340895711765817431775606353405814859249629785260485292633238,0x6397f084bcee3390e92b0a4f8d0f1fa23ddabad1668c4a6783f5643564f646d6,1773854126,2026-03-18T17:15:26+00:00,0.926,clob_prices_history
96773953960313048340895711765817431775606353405814859249629785260485292633238,0x6397f084bcee3390e92b0a4f8d0f1fa23ddabad1668c4a6783f5643564f646d6,1773855028,2026-03-18T17:30:28+00:00,0.926,clob_prices_history
96773953960313048340895711765817431775606353405814859249629785260485292633238,0x6397f084bcee3390e92b0a4f8d0f1fa23ddabad1668c4a6783f5643564f646d6,1773855926,2026-03-18T17:45:26+00:00,0.926,clob_prices_history
96773953960313048340895711765817431775606353405814859249629785260485292633238,0x6397f084bcee3390e92b0a4f8d0f1fa23ddabad1668c4a6783f5643564f646d6,1773856834,2026-03-18T18:00:34+00:00,0.926,clob_prices_history
96773953960313048340895711765817431775606353405814859249629785260485292633238,0x6397f084bcee3390e92b0a4f8d0f1fa23ddabad1668c4a6783f5643564f646d6,1773857729,2026-03-18T18:15:29+00:00,0.926,clob_prices_history
96773953960313048340895711765817431775606353405814859249629785260485292633238,0x6397f084bcee3390e92b0a4f8d0f1fa23ddabad1668c4a6783f5643564f646d6,1773858628,2026-03-18T18:30:28+00:00,0.926,clob_prices_history
96773953960313048340895711765817431775606353405814859249629785260485292633238,0x6397f084bcee3390e92b0a4f8d0f1fa23ddabad1668c4a6783f5643564f646d6,1773859529,2026-03-18T18:45:29+00:00,0.926,clob_prices_history
96773953960313048340895711765817431775606353405814859249629785260485292633238,0x6397f084bcee3390e92b0a4f8d0f1fa23ddabad1668c4a6783f5643564f646d6,1773860432,2026-03-18T19:00:32+00:00,0.926,clob_prices_history
96773953960313048340895711765817431775606353405814859249629785260485292633238,0x6397f084bcee3390e92b0a4f8d0f1fa23ddabad1668c4a6783f5643564f646d6,1773861330,2026-03-18T19:15:30+00:00,0.926,clob_prices_history
96773953960313048340895711765817431775606353405814859249629785260485292633238,0x6397f084bcee3390e92b0a4f8d0f1fa23ddabad1668c4a6783f5643564f646d6,1773862229,2026-03-18T19:30:29+00:00,0.926,clob_prices_history
96773953960313048340895711765817431775606353405814859249629785260485292633238,0x6397f084bcee3390e92b0a4f8d0f1fa23ddabad1668c4a6783f5643564f646d6,1773863130,2026-03-18T19:45:30+00:00,0.926,clob_prices_history
96773953960313048340895711765817431775606353405814859249629785260485292633238,0x6397f084bcee3390e92b0a4f8d0f1fa23ddabad1668c4a6783f5643564f646d6,1773864041,2026-03-18T20:00:41+00:00,0.926,clob_prices_history
96773953960313048340895711765817431775606353405814859249629785260485292633238,0x6397f084bcee3390e92b0a4f8d0f1fa23ddabad1668c4a6783f5643564f646d6,1773864930,2026-03-18T20:15:30+00:00,0.926,clob_prices_history
96773953960313048340895711765817431775606353405814859249629785260485292633238,0x6397f084bcee3390e92b0a4f8d0f1fa23ddabad1668c4a6783f5643564f646d6,1773865826,2026-03-18T20:30:26+00:00,0.926,clob_prices_history
96773953960313048340895711765817431775606353405814859249629785260485292633238,0x6397f084bcee3390e92b0a4f8d0f1fa23ddabad1668c4a6783f5643564f646d6,1773866728,2026-03-18T20:45:28+00:00,0.926,clob_prices_history
96773953960313048340895711765817431775606353405814859249629785260485292633238,0x6397f084bcee3390e92b0a4f8d0f1fa23ddabad1668c4a6783f5643564f646d6,1773867632,2026-03-18T21:00:32+00:00,0.926,clob_prices_history
96773953960313048340895711765817431775606353405814859249629785260485292633238,0x6397f084bcee3390e92b0a4f8d0f1fa23ddabad1668c4a6783f5643564f646d6,1773868524,2026-03-18T21:15:24+00:00,0.926,clob_prices_history
96773953960313048340895711765817431775606353405814859249629785260485292633238,0x6397f084bcee3390e92b0a4f8d0f1fa23ddabad1668c4a6783f5643564f646d6,1773869427,2026-03-18T21:30:27+00:00,0.926,clob_prices_history
96773953960313048340895711765817431775606353405814859249629785260485292633238,0x6397f084bcee3390e92b0a4f8d0f1fa23ddabad1668c4a6783f5643564f646d6,1773870325,2026-03-18T21:45:25+00:00,0.926,clob_prices_history
96773953960313048340895711765817431775606353405814859249629785260485292633238,0x6397f084bcee3390e92b0a4f8d0f1fa23ddabad1668c4a6783f5643564f646d6,1773871230,2026-03-18T22:00:30+00:00,0.9265,clob_prices_history
96773953960313048340895711765817431775606353405814859249629785260485292633238,0x6397f084bcee3390e92b0a4f8d0f1fa23ddabad1668c4a6783f5643564f646d6,1773872124,2026-03-18T22:15:24+00:00,0.9265,clob_prices_history
96773953960313048340895711765817431775606353405814859249629785260485292633238,0x6397f084bcee3390e92b0a4f8d0f1fa23ddabad1668c4a6783f5643564f646d6,1773873025,2026-03-18T22:30:25+00:00,0.9265,clob_prices_history
96773953960313048340895711765817431775606353405814859249629785260485292633238,0x6397f084bcee3390e92b0a4f8d0f1fa23ddabad1668c4a6783f5643564f646d6,1773873925,2026-03-18T22:45:25+00:00,0.9265,clob_prices_history
96773953960313048340895711765817431775606353405814859249629785260485292633238,0x6397f084bcee3390e92b0a4f8d0f1fa23ddabad1668c4a6783f5643564f646d6,1773874825,2026-03-18T23:00:25+00:00,0.926,clob_prices_history
96773953960313048340895711765817431775606353405814859249629785260485292633238,0x6397f084bcee3390e92b0a4f8d0f1fa23ddabad1668c4a6783f5643564f646d6,1773875727,2026-03-18T23:15:27+00:00,0.926,clob_prices_history
96773953960313048340895711765817431775606353405814859249629785260485292633238,0x6397f084bcee3390e92b0a4f8d0f1fa23ddabad1668c4a6783f5643564f646d6,1773876625,2026-03-18T23:30:25+00:00,0.926,clob_prices_history
96773953960313048340895711765817431775606353405814859249629785260485292633238,0x6397f084bcee3390e92b0a4f8d0f1fa23ddabad1668c4a6783f5643564f646d6,1773877524,2026-03-18T23:45:24+00:00,0.926,clob_prices_history
96773953960313048340895711765817431775606353405814859249629785260485292633238,0x6397f084bcee3390e92b0a4f8d0f1fa23ddabad1668c4a6783f5643564f646d6,1773878434,2026-03-19T00:00:34+00:00,0.9255,clob_prices_history
96773953960313048340895711765817431775606353405814859249629785260485292633238,0x6397f084bcee3390e92b0a4f8d0f1fa23ddabad1668c4a6783f5643564f646d6,1773879326,2026-03-19T00:15:26+00:00,0.926,clob_prices_history
96773953960313048340895711765817431775606353405814859249629785260485292633238,0x6397f084bcee3390e92b0a4f8d0f1fa23ddabad1668c4a6783f5643564f646d6,1773880228,2026-03-19T00:30:28+00:00,0.926,clob_prices_history
96773953960313048340895711765817431775606353405814859249629785260485292633238,0x6397f084bcee3390e92b0a4f8d0f1fa23ddabad1668c4a6783f5643564f646d6,1773881126,2026-03-19T00:45:26+00:00,0.926,clob_prices_history
96773953960313048340895711765817431775606353405814859249629785260485292633238,0x6397f084bcee3390e92b0a4f8d0f1fa23ddabad1668c4a6783f5643564f646d6,1773882028,2026-03-19T01:00:28+00:00,0.926,clob_prices_history
96773953960313048340895711765817431775606353405814859249629785260485292633238,0x6397f084bcee3390e92b0a4f8d0f1fa23ddabad1668c4a6783f5643564f646d6,1773882928,2026-03-19T01:15:28+00:00,0.926,clob_prices_history
96773953960313048340895711765817431775606353405814859249629785260485292633238,0x6397f084bcee3390e92b0a4f8d0f1fa23ddabad1668c4a6783f5643564f646d6,1773883828,2026-03-19T01:30:28+00:00,0.926,clob_prices_history
96773953960313048340895711765817431775606353405814859249629785260485292633238,0x6397f084bcee3390e92b0a4f8d0f1fa23ddabad1668c4a6783f5643564f646d6,1773884730,2026-03-19T01:45:30+00:00,0.926,clob_prices_history
96773953960313048340895711765817431775606353405814859249629785260485292633238,0x6397f084bcee3390e92b0a4f8d0f1fa23ddabad1668c4a6783f5643564f646d6,1773885628,2026-03-19T02:00:28+00:00,0.9265,clob_prices_history
96773953960313048340895711765817431775606353405814859249629785260485292633238,0x6397f084bcee3390e92b0a4f8d0f1fa23ddabad1668c4a6783f5643564f646d6,1773886528,2026-03-19T02:15:28+00:00,0.926,clob_prices_history
96773953960313048340895711765817431775606353405814859249629785260485292633238,0x6397f084bcee3390e92b0a4f8d0f1fa23ddabad1668c4a6783f5643564f646d6,1773887428,2026-03-19T02:30:28+00:00,0.926,clob_prices_history
96773953960313048340895711765817431775606353405814859249629785260485292633238,0x6397f084bcee3390e92b0a4f8d0f1fa23ddabad1668c4a6783f5643564f646d6,1773888330,2026-03-19T02:45:30+00:00,0.926,clob_prices_history
96773953960313048340895711765817431775606353405814859249629785260485292633238,0x6397f084bcee3390e92b0a4f8d0f1fa23ddabad1668c4a6783f5643564f646d6,1773889231,2026-03-19T03:00:31+00:00,0.926,clob_prices_history
96773953960313048340895711765817431775606353405814859249629785260485292633238,0x6397f084bcee3390e92b0a4f8d0f1fa23ddabad1668c4a6783f5643564f646d6,1773890127,2026-03-19T03:15:27+00:00,0.926,clob_prices_history
96773953960313048340895711765817431775606353405814859249629785260485292633238,0x6397f084bcee3390e92b0a4f8d0f1fa23ddabad1668c4a6783f5643564f646d6,1773891030,2026-03-19T03:30:30+00:00,0.926,clob_prices_history
96773953960313048340895711765817431775606353405814859249629785260485292633238,0x6397f084bcee3390e92b0a4f8d0f1fa23ddabad1668c4a6783f5643564f646d6,1773891927,2026-03-19T03:45:27+00:00,0.926,clob_prices_history
96773953960313048340895711765817431775606353405814859249629785260485292633238,0x6397f084bcee3390e92b0a4f8d0f1fa23ddabad1668c4a6783f5643564f646d6,1773892830,2026-03-19T04:00:30+00:00,0.926,clob_prices_history
96773953960313048340895711765817431775606353405814859249629785260485292633238,0x6397f084bcee3390e92b0a4f8d0f1fa23ddabad1668c4a6783f5643564f646d6,1773893727,2026-03-19T04:15:27+00:00,0.9255,clob_prices_history
96773953960313048340895711765817431775606353405814859249629785260485292633238,0x6397f084bcee3390e92b0a4f8d0f1fa23ddabad1668c4a6783f5643564f646d6,1773894628,2026-03-19T04:30:28+00:00,0.9255,clob_prices_history
96773953960313048340895711765817431775606353405814859249629785260485292633238,0x6397f084bcee3390e92b0a4f8d0f1fa23ddabad1668c4a6783f5643564f646d6,1773895528,2026-03-19T04:45:28+00:00,0.9255,clob_prices_history
96773953960313048340895711765817431775606353405814859249629785260485292633238,0x6397f084bcee3390e92b0a4f8d0f1fa23ddabad1668c4a6783f5643564f646d6,1773896427,2026-03-19T05:00:27+00:00,0.9255,clob_prices_history
96773953960313048340895711765817431775606353405814859249629785260485292633238,0x6397f084bcee3390e92b0a4f8d0f1fa23ddabad1668c4a6783f5643564f646d6,1773897327,2026-03-19T05:15:27+00:00,0.925,clob_prices_history
96773953960313048340895711765817431775606353405814859249629785260485292633238,0x6397f084bcee3390e92b0a4f8d0f1fa23ddabad1668c4a6783f5643564f646d6,1773898230,2026-03-19T05:30:30+00:00,0.9255,clob_prices_history
96773953960313048340895711765817431775606353405814859249629785260485292633238,0x6397f084bcee3390e92b0a4f8d0f1fa23ddabad1668c4a6783f5643564f646d6,1773899126,2026-03-19T05:45:26+00:00,0.9255,clob_prices_history
96773953960313048340895711765817431775606353405814859249629785260485292633238,0x6397f084bcee3390e92b0a4f8d0f1fa23ddabad1668c4a6783f5643564f646d6,1773900044,2026-03-19T06:00:44+00:00,0.9255,clob_prices_history
96773953960313048340895711765817431775606353405814859249629785260485292633238,0x6397f084bcee3390e92b0a4f8d0f1fa23ddabad1668c4a6783f5643564f646d6,1773900925,2026-03-19T06:15:25+00:00,0.9255,clob_prices_history
96773953960313048340895711765817431775606353405814859249629785260485292633238,0x6397f084bcee3390e92b0a4f8d0f1fa23ddabad1668c4a6783f5643564f646d6,1773901829,2026-03-19T06:30:29+00:00,0.925,clob_prices_history
96773953960313048340895711765817431775606353405814859249629785260485292633238,0x6397f084bcee3390e92b0a4f8d0f1fa23ddabad1668c4a6783f5643564f646d6,1773902727,2026-03-19T06:45:27+00:00,0.925,clob_prices_history
96773953960313048340895711765817431775606353405814859249629785260485292633238,0x6397f084bcee3390e92b0a4f8d0f1fa23ddabad1668c4a6783f5643564f646d6,1773903641,2026-03-19T07:00:41+00:00,0.925,clob_prices_history
96773953960313048340895711765817431775606353405814859249629785260485292633238,0x6397f084bcee3390e92b0a4f8d0f1fa23ddabad1668c4a6783f5643564f646d6,1773904526,2026-03-19T07:15:26+00:00,0.925,clob_prices_history
96773953960313048340895711765817431775606353405814859249629785260485292633238,0x6397f084bcee3390e92b0a4f8d0f1fa23ddabad1668c4a6783f5643564f646d6,1773905427,2026-03-19T07:30:27+00:00,0.925,clob_prices_history
96773953960313048340895711765817431775606353405814859249629785260485292633238,0x6397f084bcee3390e92b0a4f8d0f1fa23ddabad1668c4a6783f5643564f646d6,1773906327,2026-03-19T07:45:27+00:00,0.925,clob_prices_history
96773953960313048340895711765817431775606353405814859249629785260485292633238,0x6397f084bcee3390e92b0a4f8d0f1fa23ddabad1668c4a6783f5643564f646d6,1773907227,2026-03-19T08:00:27+00:00,0.9255,clob_prices_history
96773953960313048340895711765817431775606353405814859249629785260485292633238,0x6397f084bcee3390e92b0a4f8d0f1fa23ddabad1668c4a6783f5643564f646d6,1773908127,2026-03-19T08:15:27+00:00,0.9255,clob_prices_history
96773953960313048340895711765817431775606353405814859249629785260485292633238,0x6397f084bcee3390e92b0a4f8d0f1fa23ddabad1668c4a6783f5643564f646d6,1773909026,2026-03-19T08:30:26+00:00,0.9255,clob_prices_history
96773953960313048340895711765817431775606353405814859249629785260485292633238,0x6397f084bcee3390e92b0a4f8d0f1fa23ddabad1668c4a6783f5643564f646d6,1773909936,2026-03-19T08:45:36+00:00,0.9255,clob_prices_history
96773953960313048340895711765817431775606353405814859249629785260485292633238,0x6397f084bcee3390e92b0a4f8d0f1fa23ddabad1668c4a6783f5643564f646d6,1773910846,2026-03-19T09:00:46+00:00,0.9255,clob_prices_history
96773953960313048340895711765817431775606353405814859249629785260485292633238,0x6397f084bcee3390e92b0a4f8d0f1fa23ddabad1668c4a6783f5643564f646d6,1773911722,2026-03-19T09:15:22+00:00,0.9255,clob_prices_history
96773953960313048340895711765817431775606353405814859249629785260485292633238,0x6397f084bcee3390e92b0a4f8d0f1fa23ddabad1668c4a6783f5643564f646d6,1773912629,2026-03-19T09:30:29+00:00,0.9255,clob_prices_history
96773953960313048340895711765817431775606353405814859249629785260485292633238,0x6397f084bcee3390e92b0a4f8d0f1fa23ddabad1668c4a6783f5643564f646d6,1773913525,2026-03-19T09:45:25+00:00,0.9255,clob_prices_history
96773953960313048340895711765817431775606353405814859249629785260485292633238,0x6397f084bcee3390e92b0a4f8d0f1fa23ddabad1668c4a6783f5643564f646d6,1773914428,2026-03-19T10:00:28+00:00,0.9255,clob_prices_history
96773953960313048340895711765817431775606353405814859249629785260485292633238,0x6397f084bcee3390e92b0a4f8d0f1fa23ddabad1668c4a6783f5643564f646d6,1773915322,2026-03-19T10:15:22+00:00,0.9255,clob_prices_history
96773953960313048340895711765817431775606353405814859249629785260485292633238,0x6397f084bcee3390e92b0a4f8d0f1fa23ddabad1668c4a6783f5643564f646d6,1773916224,2026-03-19T10:30:24+00:00,0.9255,clob_prices_history
96773953960313048340895711765817431775606353405814859249629785260485292633238,0x6397f084bcee3390e92b0a4f8d0f1fa23ddabad1668c4a6783f5643564f646d6,1773917123,2026-03-19T10:45:23+00:00,0.9255,clob_prices_history
96773953960313048340895711765817431775606353405814859249629785260485292633238,0x6397f084bcee3390e92b0a4f8d0f1fa23ddabad1668c4a6783f5643564f646d6,1773918031,2026-03-19T11:00:31+00:00,0.9255,clob_prices_history
96773953960313048340895711765817431775606353405814859249629785260485292633238,0x6397f084bcee3390e92b0a4f8d0f1fa23ddabad1668c4a6783f5643564f646d6,1773918925,2026-03-19T11:15:25+00:00,0.9255,clob_prices_history
96773953960313048340895711765817431775606353405814859249629785260485292633238,0x6397f084bcee3390e92b0a4f8d0f1fa23ddabad1668c4a6783f5643564f646d6,1773919827,2026-03-19T11:30:27+00:00,0.9255,clob_prices_history
96773953960313048340895711765817431775606353405814859249629785260485292633238,0x6397f084bcee3390e92b0a4f8d0f1fa23ddabad1668c4a6783f5643564f646d6,1773920724,2026-03-19T11:45:24+00:00,0.9255,clob_prices_history
96773953960313048340895711765817431775606353405814859249629785260485292633238,0x6397f084bcee3390e92b0a4f8d0f1fa23ddabad1668c4a6783f5643564f646d6,1773921630,2026-03-19T12:00:30+00:00,0.9255,clob_prices_history
96773953960313048340895711765817431775606353405814859249629785260485292633238,0x6397f084bcee3390e92b0a4f8d0f1fa23ddabad1668c4a6783f5643564f646d6,1773922528,2026-03-19T12:15:28+00:00,0.9255,clob_prices_history
96773953960313048340895711765817431775606353405814859249629785260485292633238,0x6397f084bcee3390e92b0a4f8d0f1fa23ddabad1668c4a6783f5643564f646d6,1773923430,2026-03-19T12:30:30+00:00,0.9255,clob_prices_history
96773953960313048340895711765817431775606353405814859249629785260485292633238,0x6397f084bcee3390e92b0a4f8d0f1fa23ddabad1668c4a6783f5643564f646d6,1773924329,2026-03-19T12:45:29+00:00,0.9255,clob_prices_history
96773953960313048340895711765817431775606353405814859249629785260485292633238,0x6397f084bcee3390e92b0a4f8d0f1fa23ddabad1668c4a6783f5643564f646d6,1773925228,2026-03-19T13:00:28+00:00,0.9255,clob_prices_history
96773953960313048340895711765817431775606353405814859249629785260485292633238,0x6397f084bcee3390e92b0a4f8d0f1fa23ddabad1668c4a6783f5643564f646d6,1773926126,2026-03-19T13:15:26+00:00,0.9255,clob_prices_history
96773953960313048340895711765817431775606353405814859249629785260485292633238,0x6397f084bcee3390e92b0a4f8d0f1fa23ddabad1668c4a6783f5643564f646d6,1773927031,2026-03-19T13:30:31+00:00,0.9255,clob_prices_history
96773953960313048340895711765817431775606353405814859249629785260485292633238,0x6397f084bcee3390e92b0a4f8d0f1fa23ddabad1668c4a6783f5643564f646d6,1773927928,2026-03-19T13:45:28+00:00,0.9255,clob_prices_history
96773953960313048340895711765817431775606353405814859249629785260485292633238,0x6397f084bcee3390e92b0a4f8d0f1fa23ddabad1668c4a6783f5643564f646d6,1773928828,2026-03-19T14:00:28+00:00,0.9255,clob_prices_history
96773953960313048340895711765817431775606353405814859249629785260485292633238,0x6397f084bcee3390e92b0a4f8d0f1fa23ddabad1668c4a6783f5643564f646d6,1773929728,2026-03-19T14:15:28+00:00,0.9255,clob_prices_history
96773953960313048340895711765817431775606353405814859249629785260485292633238,0x6397f084bcee3390e92b0a4f8d0f1fa23ddabad1668c4a6783f5643564f646d6,1773930631,2026-03-19T14:30:31+00:00,0.9255,clob_prices_history
96773953960313048340895711765817431775606353405814859249629785260485292633238,0x6397f084bcee3390e92b0a4f8d0f1fa23ddabad1668c4a6783f5643564f646d6,1773931528,2026-03-19T14:45:28+00:00,0.9255,clob_prices_history
96773953960313048340895711765817431775606353405814859249629785260485292633238,0x6397f084bcee3390e92b0a4f8d0f1fa23ddabad1668c4a6783f5643564f646d6,1773932430,2026-03-19T15:00:30+00:00,0.9255,clob_prices_history
96773953960313048340895711765817431775606353405814859249629785260485292633238,0x6397f084bcee3390e92b0a4f8d0f1fa23ddabad1668c4a6783f5643564f646d6,1773933326,2026-03-19T15:15:26+00:00,0.9255,clob_prices_history
96773953960313048340895711765817431775606353405814859249629785260485292633238,0x6397f084bcee3390e92b0a4f8d0f1fa23ddabad1668c4a6783f5643564f646d6,1773934231,2026-03-19T15:30:31+00:00,0.9255,clob_prices_history
96773953960313048340895711765817431775606353405814859249629785260485292633238,0x6397f084bcee3390e92b0a4f8d0f1fa23ddabad1668c4a6783f5643564f646d6,1773935129,2026-03-19T15:45:29+00:00,0.9255,clob_prices_history
96773953960313048340895711765817431775606353405814859249629785260485292633238,0x6397f084bcee3390e92b0a4f8d0f1fa23ddabad1668c4a6783f5643564f646d6,1773936029,2026-03-19T16:00:29+00:00,0.9255,clob_prices_history
96773953960313048340895711765817431775606353405814859249629785260485292633238,0x6397f084bcee3390e92b0a4f8d0f1fa23ddabad1668c4a6783f5643564f646d6,1773936928,2026-03-19T16:15:28+00:00,0.9255,clob_prices_history
96773953960313048340895711765817431775606353405814859249629785260485292633238,0x6397f084bcee3390e92b0a4f8d0f1fa23ddabad1668c4a6783f5643564f646d6,1773937831,2026-03-19T16:30:31+00:00,0.9255,clob_prices_history
96773953960313048340895711765817431775606353405814859249629785260485292633238,0x6397f084bcee3390e92b0a4f8d0f1fa23ddabad1668c4a6783f5643564f646d6,1773938728,2026-03-19T16:45:28+00:00,0.9255,clob_prices_history
96773953960313048340895711765817431775606353405814859249629785260485292633238,0x6397f084bcee3390e92b0a4f8d0f1fa23ddabad1668c4a6783f5643564f646d6,1773939639,2026-03-19T17:00:39+00:00,0.9255,clob_prices_history
96773953960313048340895711765817431775606353405814859249629785260485292633238,0x6397f084bcee3390e92b0a4f8d0f1fa23ddabad1668c4a6783f5643564f646d6,1773940544,2026-03-19T17:15:44+00:00,0.9255,clob_prices_history
96773953960313048340895711765817431775606353405814859249629785260485292633238,0x6397f084bcee3390e92b0a4f8d0f1fa23ddabad1668c4a6783f5643564f646d6,1773941433,2026-03-19T17:30:33+00:00,0.9255,clob_prices_history
96773953960313048340895711765817431775606353405814859249629785260485292633238,0x6397f084bcee3390e92b0a4f8d0f1fa23ddabad1668c4a6783f5643564f646d6,1773942329,2026-03-19T17:45:29+00:00,0.9255,clob_prices_history
96773953960313048340895711765817431775606353405814859249629785260485292633238,0x6397f084bcee3390e92b0a4f8d0f1fa23ddabad1668c4a6783f5643564f646d6,1773943233,2026-03-19T18:00:33+00:00,0.9255,clob_prices_history
96773953960313048340895711765817431775606353405814859249629785260485292633238,0x6397f084bcee3390e92b0a4f8d0f1fa23ddabad1668c4a6783f5643564f646d6,1773944128,2026-03-19T18:15:28+00:00,0.9255,clob_prices_history
96773953960313048340895711765817431775606353405814859249629785260485292633238,0x6397f084bcee3390e92b0a4f8d0f1fa23ddabad1668c4a6783f5643564f646d6,1773945028,2026-03-19T18:30:28+00:00,0.9255,clob_prices_history
96773953960313048340895711765817431775606353405814859249629785260485292633238,0x6397f084bcee3390e92b0a4f8d0f1fa23ddabad1668c4a6783f5643564f646d6,1773945928,2026-03-19T18:45:28+00:00,0.9255,clob_prices_history
96773953960313048340895711765817431775606353405814859249629785260485292633238,0x6397f084bcee3390e92b0a4f8d0f1fa23ddabad1668c4a6783f5643564f646d6,1773946829,2026-03-19T19:00:29+00:00,0.9255,clob_prices_history
96773953960313048340895711765817431775606353405814859249629785260485292633238,0x6397f084bcee3390e92b0a4f8d0f1fa23ddabad1668c4a6783f5643564f646d6,1773947731,2026-03-19T19:15:31+00:00,0.9255,clob_prices_history
96773953960313048340895711765817431775606353405814859249629785260485292633238,0x6397f084bcee3390e92b0a4f8d0f1fa23ddabad1668c4a6783f5643564f646d6,1773948630,2026-03-19T19:30:30+00:00,0.9255,clob_prices_history
96773953960313048340895711765817431775606353405814859249629785260485292633238,0x6397f084bcee3390e92b0a4f8d0f1fa23ddabad1668c4a6783f5643564f646d6,1773949529,2026-03-19T19:45:29+00:00,0.9255,clob_prices_history
96773953960313048340895711765817431775606353405814859249629785260485292633238,0x6397f084bcee3390e92b0a4f8d0f1fa23ddabad1668c4a6783f5643564f646d6,1773950430,2026-03-19T20:00:30+00:00,0.9255,clob_prices_history
96773953960313048340895711765817431775606353405814859249629785260485292633238,0x6397f084bcee3390e92b0a4f8d0f1fa23ddabad1668c4a6783f5643564f646d6,1773951328,2026-03-19T20:15:28+00:00,0.9255,clob_prices_history
96773953960313048340895711765817431775606353405814859249629785260485292633238,0x6397f084bcee3390e92b0a4f8d0f1fa23ddabad1668c4a6783f5643564f646d6,1773952229,2026-03-19T20:30:29+00:00,0.9255,clob_prices_history
96773953960313048340895711765817431775606353405814859249629785260485292633238,0x6397f084bcee3390e92b0a4f8d0f1fa23ddabad1668c4a6783f5643564f646d6,1773953128,2026-03-19T20:45:28+00:00,0.9255,clob_prices_history
96773953960313048340895711765817431775606353405814859249629785260485292633238,0x6397f084bcee3390e92b0a4f8d0f1fa23ddabad1668c4a6783f5643564f646d6,1773954032,2026-03-19T21:00:32+00:00,0.9255,clob_prices_history
96773953960313048340895711765817431775606353405814859249629785260485292633238,0x6397f084bcee3390e92b0a4f8d0f1fa23ddabad1668c4a6783f5643564f646d6,1773954932,2026-03-19T21:15:32+00:00,0.9255,clob_prices_history
96773953960313048340895711765817431775606353405814859249629785260485292633238,0x6397f084bcee3390e92b0a4f8d0f1fa23ddabad1668c4a6783f5643564f646d6,1773955828,2026-03-19T21:30:28+00:00,0.9255,clob_prices_history
96773953960313048340895711765817431775606353405814859249629785260485292633238,0x6397f084bcee3390e92b0a4f8d0f1fa23ddabad1668c4a6783f5643564f646d6,1773956727,2026-03-19T21:45:27+00:00,0.9255,clob_prices_history
96773953960313048340895711765817431775606353405814859249629785260485292633238,0x6397f084bcee3390e92b0a4f8d0f1fa23ddabad1668c4a6783f5643564f646d6,1773957630,2026-03-19T22:00:30+00:00,0.9255,clob_prices_history
96773953960313048340895711765817431775606353405814859249629785260485292633238,0x6397f084bcee3390e92b0a4f8d0f1fa23ddabad1668c4a6783f5643564f646d6,1773958526,2026-03-19T22:15:26+00:00,0.9255,clob_prices_history
96773953960313048340895711765817431775606353405814859249629785260485292633238,0x6397f084bcee3390e92b0a4f8d0f1fa23ddabad1668c4a6783f5643564f646d6,1773959430,2026-03-19T22:30:30+00:00,0.9255,clob_prices_history
96773953960313048340895711765817431775606353405814859249629785260485292633238,0x6397f084bcee3390e92b0a4f8d0f1fa23ddabad1668c4a6783f5643564f646d6,1773960325,2026-03-19T22:45:25+00:00,0.9255,clob_prices_history
96773953960313048340895711765817431775606353405814859249629785260485292633238,0x6397f084bcee3390e92b0a4f8d0f1fa23ddabad1668c4a6783f5643564f646d6,1773961230,2026-03-19T23:00:30+00:00,0.9255,clob_prices_history
96773953960313048340895711765817431775606353405814859249629785260485292633238,0x6397f084bcee3390e92b0a4f8d0f1fa23ddabad1668c4a6783f5643564f646d6,1773962128,2026-03-19T23:15:28+00:00,0.9255,clob_prices_history
96773953960313048340895711765817431775606353405814859249629785260485292633238,0x6397f084bcee3390e92b0a4f8d0f1fa23ddabad1668c4a6783f5643564f646d6,1773963044,2026-03-19T23:30:44+00:00,0.9255,clob_prices_history
96773953960313048340895711765817431775606353405814859249629785260485292633238,0x6397f084bcee3390e92b0a4f8d0f1fa23ddabad1668c4a6783f5643564f646d6,1773963929,2026-03-19T23:45:29+00:00,0.9255,clob_prices_history
96773953960313048340895711765817431775606353405814859249629785260485292633238,0x6397f084bcee3390e92b0a4f8d0f1fa23ddabad1668c4a6783f5643564f646d6,1773964835,2026-03-20T00:00:35+00:00,0.9255,clob_prices_history
96773953960313048340895711765817431775606353405814859249629785260485292633238,0x6397f084bcee3390e92b0a4f8d0f1fa23ddabad1668c4a6783f5643564f646d6,1773965727,2026-03-20T00:15:27+00:00,0.9255,clob_prices_history
96773953960313048340895711765817431775606353405814859249629785260485292633238,0x6397f084bcee3390e92b0a4f8d0f1fa23ddabad1668c4a6783f5643564f646d6,1773966630,2026-03-20T00:30:30+00:00,0.9255,clob_prices_history
96773953960313048340895711765817431775606353405814859249629785260485292633238,0x6397f084bcee3390e92b0a4f8d0f1fa23ddabad1668c4a6783f5643564f646d6,1773967541,2026-03-20T00:45:41+00:00,0.9255,clob_prices_history
96773953960313048340895711765817431775606353405814859249629785260485292633238,0x6397f084bcee3390e92b0a4f8d0f1fa23ddabad1668c4a6783f5643564f646d6,1773968428,2026-03-20T01:00:28+00:00,0.9255,clob_prices_history
96773953960313048340895711765817431775606353405814859249629785260485292633238,0x6397f084bcee3390e92b0a4f8d0f1fa23ddabad1668c4a6783f5643564f646d6,1773969336,2026-03-20T01:15:36+00:00,0.9255,clob_prices_history
96773953960313048340895711765817431775606353405814859249629785260485292633238,0x6397f084bcee3390e92b0a4f8d0f1fa23ddabad1668c4a6783f5643564f646d6,1773970237,2026-03-20T01:30:37+00:00,0.9255,clob_prices_history
96773953960313048340895711765817431775606353405814859249629785260485292633238,0x6397f084bcee3390e92b0a4f8d0f1fa23ddabad1668c4a6783f5643564f646d6,1773971122,2026-03-20T01:45:22+00:00,0.9255,clob_prices_history
96773953960313048340895711765817431775606353405814859249629785260485292633238,0x6397f084bcee3390e92b0a4f8d0f1fa23ddabad1668c4a6783f5643564f646d6,1773971159,2026-03-20T01:45:59+00:00,0.9255,clob_prices_history
96773953960313048340895711765817431775606353405814859249629785260485292633238,0x6397f084bcee3390e92b0a4f8d0f1fa23ddabad1668c4a6783f5643564f646d6,1773972048,2026-03-20T02:00:48+00:00,0.9255,clob_prices_history
96773953960313048340895711765817431775606353405814859249629785260485292633238,0x6397f084bcee3390e92b0a4f8d0f1fa23ddabad1668c4a6783f5643564f646d6,1773972927,2026-03-20T02:15:27+00:00,0.9255,clob_prices_history
96773953960313048340895711765817431775606353405814859249629785260485292633238,0x6397f084bcee3390e92b0a4f8d0f1fa23ddabad1668c4a6783f5643564f646d6,1773974735,2026-03-20T02:45:35+00:00,0.9255,clob_prices_history
96773953960313048340895711765817431775606353405814859249629785260485292633238,0x6397f084bcee3390e92b0a4f8d0f1fa23ddabad1668c4a6783f5643564f646d6,1773975654,2026-03-20T03:00:54+00:00,0.9255,clob_prices_history
96773953960313048340895711765817431775606353405814859249629785260485292633238,0x6397f084bcee3390e92b0a4f8d0f1fa23ddabad1668c4a6783f5643564f646d6,1773976544,2026-03-20T03:15:44+00:00,0.9255,clob_prices_history
96773953960313048340895711765817431775606353405814859249629785260485292633238,0x6397f084bcee3390e92b0a4f8d0f1fa23ddabad1668c4a6783f5643564f646d6,1773977437,2026-03-20T03:30:37+00:00,0.9255,clob_prices_history
96773953960313048340895711765817431775606353405814859249629785260485292633238,0x6397f084bcee3390e92b0a4f8d0f1fa23ddabad1668c4a6783f5643564f646d6,1773978332,2026-03-20T03:45:32+00:00,0.9255,clob_prices_history
96773953960313048340895711765817431775606353405814859249629785260485292633238,0x6397f084bcee3390e92b0a4f8d0f1fa23ddabad1668c4a6783f5643564f646d6,1773979239,2026-03-20T04:00:39+00:00,0.9255,clob_prices_history
96773953960313048340895711765817431775606353405814859249629785260485292633238,0x6397f084bcee3390e92b0a4f8d0f1fa23ddabad1668c4a6783f5643564f646d6,1773980136,2026-03-20T04:15:36+00:00,0.9255,clob_prices_history
96773953960313048340895711765817431775606353405814859249629785260485292633238,0x6397f084bcee3390e92b0a4f8d0f1fa23ddabad1668c4a6783f5643564f646d6,1773981036,2026-03-20T04:30:36+00:00,0.9255,clob_prices_history
96773953960313048340895711765817431775606353405814859249629785260485292633238,0x6397f084bcee3390e92b0a4f8d0f1fa23ddabad1668c4a6783f5643564f646d6,1773981925,2026-03-20T04:45:25+00:00,0.9255,clob_prices_history
96773953960313048340895711765817431775606353405814859249629785260485292633238,0x6397f084bcee3390e92b0a4f8d0f1fa23ddabad1668c4a6783f5643564f646d6,1773982829,2026-03-20T05:00:29+00:00,0.9255,clob_prices_history
96773953960313048340895711765817431775606353405814859249629785260485292633238,0x6397f084bcee3390e92b0a4f8d0f1fa23ddabad1668c4a6783f5643564f646d6,1773983728,2026-03-20T05:15:28+00:00,0.9255,clob_prices_history
96773953960313048340895711765817431775606353405814859249629785260485292633238,0x6397f084bcee3390e92b0a4f8d0f1fa23ddabad1668c4a6783f5643564f646d6,1773984627,2026-03-20T05:30:27+00:00,0.9255,clob_prices_history
96773953960313048340895711765817431775606353405814859249629785260485292633238,0x6397f084bcee3390e92b0a4f8d0f1fa23ddabad1668c4a6783f5643564f646d6,1773985525,2026-03-20T05:45:25+00:00,0.9245,clob_prices_history
96773953960313048340895711765817431775606353405814859249629785260485292633238,0x6397f084bcee3390e92b0a4f8d0f1fa23ddabad1668c4a6783f5643564f646d6,1773986439,2026-03-20T06:00:39+00:00,0.9245,clob_prices_history
96773953960313048340895711765817431775606353405814859249629785260485292633238,0x6397f084bcee3390e92b0a4f8d0f1fa23ddabad1668c4a6783f5643564f646d6,1773987328,2026-03-20T06:15:28+00:00,0.9245,clob_prices_history
96773953960313048340895711765817431775606353405814859249629785260485292633238,0x6397f084bcee3390e92b0a4f8d0f1fa23ddabad1668c4a6783f5643564f646d6,1773988229,2026-03-20T06:30:29+00:00,0.9245,clob_prices_history
96773953960313048340895711765817431775606353405814859249629785260485292633238,0x6397f084bcee3390e92b0a4f8d0f1fa23ddabad1668c4a6783f5643564f646d6,1773989126,2026-03-20T06:45:26+00:00,0.9245,clob_prices_history
96773953960313048340895711765817431775606353405814859249629785260485292633238,0x6397f084bcee3390e92b0a4f8d0f1fa23ddabad1668c4a6783f5643564f646d6,1773990028,2026-03-20T07:00:28+00:00,0.9245,clob_prices_history
96773953960313048340895711765817431775606353405814859249629785260485292633238,0x6397f084bcee3390e92b0a4f8d0f1fa23ddabad1668c4a6783f5643564f646d6,1773990927,2026-03-20T07:15:27+00:00,0.9245,clob_prices_history
96773953960313048340895711765817431775606353405814859249629785260485292633238,0x6397f084bcee3390e92b0a4f8d0f1fa23ddabad1668c4a6783f5643564f646d6,1773991828,2026-03-20T07:30:28+00:00,0.9245,clob_prices_history
96773953960313048340895711765817431775606353405814859249629785260485292633238,0x6397f084bcee3390e92b0a4f8d0f1fa23ddabad1668c4a6783f5643564f646d6,1773992728,2026-03-20T07:45:28+00:00,0.9245,clob_prices_history
96773953960313048340895711765817431775606353405814859249629785260485292633238,0x6397f084bcee3390e92b0a4f8d0f1fa23ddabad1668c4a6783f5643564f646d6,1773993628,2026-03-20T08:00:28+00:00,0.9245,clob_prices_history
96773953960313048340895711765817431775606353405814859249629785260485292633238,0x6397f084bcee3390e92b0a4f8d0f1fa23ddabad1668c4a6783f5643564f646d6,1773994526,2026-03-20T08:15:26+00:00,0.9255,clob_prices_history
96773953960313048340895711765817431775606353405814859249629785260485292633238,0x6397f084bcee3390e92b0a4f8d0f1fa23ddabad1668c4a6783f5643564f646d6,1773995426,2026-03-20T08:30:26+00:00,0.9255,clob_prices_history
96773953960313048340895711765817431775606353405814859249629785260485292633238,0x6397f084bcee3390e92b0a4f8d0f1fa23ddabad1668c4a6783f5643564f646d6,1773996328,2026-03-20T08:45:28+00:00,0.9255,clob_prices_history
96773953960313048340895711765817431775606353405814859249629785260485292633238,0x6397f084bcee3390e92b0a4f8d0f1fa23ddabad1668c4a6783f5643564f646d6,1773997229,2026-03-20T09:00:29+00:00,0.9255,clob_prices_history
96773953960313048340895711765817431775606353405814859249629785260485292633238,0x6397f084bcee3390e92b0a4f8d0f1fa23ddabad1668c4a6783f5643564f646d6,1773998128,2026-03-20T09:15:28+00:00,0.9255,clob_prices_history
96773953960313048340895711765817431775606353405814859249629785260485292633238,0x6397f084bcee3390e92b0a4f8d0f1fa23ddabad1668c4a6783f5643564f646d6,1773999027,2026-03-20T09:30:27+00:00,0.925,clob_prices_history
96773953960313048340895711765817431775606353405814859249629785260485292633238,0x6397f084bcee3390e92b0a4f8d0f1fa23ddabad1668c4a6783f5643564f646d6,1773999924,2026-03-20T09:45:24+00:00,0.9255,clob_prices_history
96773953960313048340895711765817431775606353405814859249629785260485292633238,0x6397f084bcee3390e92b0a4f8d0f1fa23ddabad1668c4a6783f5643564f646d6,1774000835,2026-03-20T10:00:35+00:00,0.9255,clob_prices_history
96773953960313048340895711765817431775606353405814859249629785260485292633238,0x6397f084bcee3390e92b0a4f8d0f1fa23ddabad1668c4a6783f5643564f646d6,1774001728,2026-03-20T10:15:28+00:00,0.9255,clob_prices_history
96773953960313048340895711765817431775606353405814859249629785260485292633238,0x6397f084bcee3390e92b0a4f8d0f1fa23ddabad1668c4a6783f5643564f646d6,1774002631,2026-03-20T10:30:31+00:00,0.9255,clob_prices_history
96773953960313048340895711765817431775606353405814859249629785260485292633238,0x6397f084bcee3390e92b0a4f8d0f1fa23ddabad1668c4a6783f5643564f646d6,1774003536,2026-03-20T10:45:36+00:00,0.9255,clob_prices_history
96773953960313048340895711765817431775606353405814859249629785260485292633238,0x6397f084bcee3390e92b0a4f8d0f1fa23ddabad1668c4a6783f5643564f646d6,1774004425,2026-03-20T11:00:25+00:00,0.9255,clob_prices_history
96773953960313048340895711765817431775606353405814859249629785260485292633238,0x6397f084bcee3390e92b0a4f8d0f1fa23ddabad1668c4a6783f5643564f646d6,1774005326,2026-03-20T11:15:26+00:00,0.9255,clob_prices_history
96773953960313048340895711765817431775606353405814859249629785260485292633238,0x6397f084bcee3390e92b0a4f8d0f1fa23ddabad1668c4a6783f5643564f646d6,1774006229,2026-03-20T11:30:29+00:00,0.9255,clob_prices_history
96773953960313048340895711765817431775606353405814859249629785260485292633238,0x6397f084bcee3390e92b0a4f8d0f1fa23ddabad1668c4a6783f5643564f646d6,1774007138,2026-03-20T11:45:38+00:00,0.9255,clob_prices_history
96773953960313048340895711765817431775606353405814859249629785260485292633238,0x6397f084bcee3390e92b0a4f8d0f1fa23ddabad1668c4a6783f5643564f646d6,1774008029,2026-03-20T12:00:29+00:00,0.928,clob_prices_history
96773953960313048340895711765817431775606353405814859249629785260485292633238,0x6397f084bcee3390e92b0a4f8d0f1fa23ddabad1668c4a6783f5643564f646d6,1774008925,2026-03-20T12:15:25+00:00,0.928,clob_prices_history
96773953960313048340895711765817431775606353405814859249629785260485292633238,0x6397f084bcee3390e92b0a4f8d0f1fa23ddabad1668c4a6783f5643564f646d6,1774009829,2026-03-20T12:30:29+00:00,0.9275,clob_prices_history
96773953960313048340895711765817431775606353405814859249629785260485292633238,0x6397f084bcee3390e92b0a4f8d0f1fa23ddabad1668c4a6783f5643564f646d6,1774010728,2026-03-20T12:45:28+00:00,0.9265,clob_prices_history
96773953960313048340895711765817431775606353405814859249629785260485292633238,0x6397f084bcee3390e92b0a4f8d0f1fa23ddabad1668c4a6783f5643564f646d6,1774011624,2026-03-20T13:00:24+00:00,0.9275,clob_prices_history
96773953960313048340895711765817431775606353405814859249629785260485292633238,0x6397f084bcee3390e92b0a4f8d0f1fa23ddabad1668c4a6783f5643564f646d6,1774012526,2026-03-20T13:15:26+00:00,0.927,clob_prices_history
96773953960313048340895711765817431775606353405814859249629785260485292633238,0x6397f084bcee3390e92b0a4f8d0f1fa23ddabad1668c4a6783f5643564f646d6,1774013425,2026-03-20T13:30:25+00:00,0.927,clob_prices_history
96773953960313048340895711765817431775606353405814859249629785260485292633238,0x6397f084bcee3390e92b0a4f8d0f1fa23ddabad1668c4a6783f5643564f646d6,1774014329,2026-03-20T13:45:29+00:00,0.927,clob_prices_history
96773953960313048340895711765817431775606353405814859249629785260485292633238,0x6397f084bcee3390e92b0a4f8d0f1fa23ddabad1668c4a6783f5643564f646d6,1774015232,2026-03-20T14:00:32+00:00,0.927,clob_prices_history
96773953960313048340895711765817431775606353405814859249629785260485292633238,0x6397f084bcee3390e92b0a4f8d0f1fa23ddabad1668c4a6783f5643564f646d6,1774016127,2026-03-20T14:15:27+00:00,0.9265,clob_prices_history
96773953960313048340895711765817431775606353405814859249629785260485292633238,0x6397f084bcee3390e92b0a4f8d0f1fa23ddabad1668c4a6783f5643564f646d6,1774017026,2026-03-20T14:30:26+00:00,0.9265,clob_prices_history
96773953960313048340895711765817431775606353405814859249629785260485292633238,0x6397f084bcee3390e92b0a4f8d0f1fa23ddabad1668c4a6783f5643564f646d6,1774017926,2026-03-20T14:45:26+00:00,0.9265,clob_prices_history
96773953960313048340895711765817431775606353405814859249629785260485292633238,0x6397f084bcee3390e92b0a4f8d0f1fa23ddabad1668c4a6783f5643564f646d6,1774018832,2026-03-20T15:00:32+00:00,0.9265,clob_prices_history
96773953960313048340895711765817431775606353405814859249629785260485292633238,0x6397f084bcee3390e92b0a4f8d0f1fa23ddabad1668c4a6783f5643564f646d6,1774019730,2026-03-20T15:15:30+00:00,0.9265,clob_prices_history
96773953960313048340895711765817431775606353405814859249629785260485292633238,0x6397f084bcee3390e92b0a4f8d0f1fa23ddabad1668c4a6783f5643564f646d6,1774020628,2026-03-20T15:30:28+00:00,0.927,clob_prices_history
96773953960313048340895711765817431775606353405814859249629785260485292633238,0x6397f084bcee3390e92b0a4f8d0f1fa23ddabad1668c4a6783f5643564f646d6,1774021527,2026-03-20T15:45:27+00:00,0.927,clob_prices_history
96773953960313048340895711765817431775606353405814859249629785260485292633238,0x6397f084bcee3390e92b0a4f8d0f1fa23ddabad1668c4a6783f5643564f646d6,1774022427,2026-03-20T16:00:27+00:00,0.927,clob_prices_history
96773953960313048340895711765817431775606353405814859249629785260485292633238,0x6397f084bcee3390e92b0a4f8d0f1fa23ddabad1668c4a6783f5643564f646d6,1774023326,2026-03-20T16:15:26+00:00,0.9265,clob_prices_history
96773953960313048340895711765817431775606353405814859249629785260485292633238,0x6397f084bcee3390e92b0a4f8d0f1fa23ddabad1668c4a6783f5643564f646d6,1774024229,2026-03-20T16:30:29+00:00,0.9255,clob_prices_history
96773953960313048340895711765817431775606353405814859249629785260485292633238,0x6397f084bcee3390e92b0a4f8d0f1fa23ddabad1668c4a6783f5643564f646d6,1774025135,2026-03-20T16:45:35+00:00,0.9255,clob_prices_history
96773953960313048340895711765817431775606353405814859249629785260485292633238,0x6397f084bcee3390e92b0a4f8d0f1fa23ddabad1668c4a6783f5643564f646d6,1774026027,2026-03-20T17:00:27+00:00,0.9255,clob_prices_history
96773953960313048340895711765817431775606353405814859249629785260485292633238,0x6397f084bcee3390e92b0a4f8d0f1fa23ddabad1668c4a6783f5643564f646d6,1774026939,2026-03-20T17:15:39+00:00,0.9255,clob_prices_history
96773953960313048340895711765817431775606353405814859249629785260485292633238,0x6397f084bcee3390e92b0a4f8d0f1fa23ddabad1668c4a6783f5643564f646d6,1774027825,2026-03-20T17:30:25+00:00,0.9255,clob_prices_history
96773953960313048340895711765817431775606353405814859249629785260485292633238,0x6397f084bcee3390e92b0a4f8d0f1fa23ddabad1668c4a6783f5643564f646d6,1774028724,2026-03-20T17:45:24+00:00,0.9255,clob_prices_history
96773953960313048340895711765817431775606353405814859249629785260485292633238,0x6397f084bcee3390e92b0a4f8d0f1fa23ddabad1668c4a6783f5643564f646d6,1774029635,2026-03-20T18:00:35+00:00,0.9255,clob_prices_history
96773953960313048340895711765817431775606353405814859249629785260485292633238,0x6397f084bcee3390e92b0a4f8d0f1fa23ddabad1668c4a6783f5643564f646d6,1774030524,2026-03-20T18:15:24+00:00,0.9255,clob_prices_history
96773953960313048340895711765817431775606353405814859249629785260485292633238,0x6397f084bcee3390e92b0a4f8d0f1fa23ddabad1668c4a6783f5643564f646d6,1774031426,2026-03-20T18:30:26+00:00,0.9255,clob_prices_history
96773953960313048340895711765817431775606353405814859249629785260485292633238,0x6397f084bcee3390e92b0a4f8d0f1fa23ddabad1668c4a6783f5643564f646d6,1774032325,2026-03-20T18:45:25+00:00,0.9255,clob_prices_history
96773953960313048340895711765817431775606353405814859249629785260485292633238,0x6397f084bcee3390e92b0a4f8d0f1fa23ddabad1668c4a6783f5643564f646d6,1774033229,2026-03-20T19:00:29+00:00,0.9255,clob_prices_history
96773953960313048340895711765817431775606353405814859249629785260485292633238,0x6397f084bcee3390e92b0a4f8d0f1fa23ddabad1668c4a6783f5643564f646d6,1774034130,2026-03-20T19:15:30+00:00,0.9255,clob_prices_history
96773953960313048340895711765817431775606353405814859249629785260485292633238,0x6397f084bcee3390e92b0a4f8d0f1fa23ddabad1668c4a6783f5643564f646d6,1774035025,2026-03-20T19:30:25+00:00,0.9255,clob_prices_history
96773953960313048340895711765817431775606353405814859249629785260485292633238,0x6397f084bcee3390e92b0a4f8d0f1fa23ddabad1668c4a6783f5643564f646d6,1774035909,2026-03-20T19:45:09+00:00,0.9255,clob_prices_history
96773953960313048340895711765817431775606353405814859249629785260485292633238,0x6397f084bcee3390e92b0a4f8d0f1fa23ddabad1668c4a6783f5643564f646d6,1774035955,2026-03-20T19:45:55+00:00,0.9255,clob_prices_history
96773953960313048340895711765817431775606353405814859249629785260485292633238,0x6397f084bcee3390e92b0a4f8d0f1fa23ddabad1668c4a6783f5643564f646d6,1774036829,2026-03-20T20:00:29+00:00,0.9255,clob_prices_history
96773953960313048340895711765817431775606353405814859249629785260485292633238,0x6397f084bcee3390e92b0a4f8d0f1fa23ddabad1668c4a6783f5643564f646d6,1774037727,2026-03-20T20:15:27+00:00,0.9255,clob_prices_history
96773953960313048340895711765817431775606353405814859249629785260485292633238,0x6397f084bcee3390e92b0a4f8d0f1fa23ddabad1668c4a6783f5643564f646d6,1774038630,2026-03-20T20:30:30+00:00,0.9255,clob_prices_history
96773953960313048340895711765817431775606353405814859249629785260485292633238,0x6397f084bcee3390e92b0a4f8d0f1fa23ddabad1668c4a6783f5643564f646d6,1774039526,2026-03-20T20:45:26+00:00,0.9255,clob_prices_history
96773953960313048340895711765817431775606353405814859249629785260485292633238,0x6397f084bcee3390e92b0a4f8d0f1fa23ddabad1668c4a6783f5643564f646d6,1774040435,2026-03-20T21:00:35+00:00,0.9255,clob_prices_history
96773953960313048340895711765817431775606353405814859249629785260485292633238,0x6397f084bcee3390e92b0a4f8d0f1fa23ddabad1668c4a6783f5643564f646d6,1774041331,2026-03-20T21:15:31+00:00,0.9255,clob_prices_history
96773953960313048340895711765817431775606353405814859249629785260485292633238,0x6397f084bcee3390e92b0a4f8d0f1fa23ddabad1668c4a6783f5643564f646d6,1774042232,2026-03-20T21:30:32+00:00,0.9255,clob_prices_history
96773953960313048340895711765817431775606353405814859249629785260485292633238,0x6397f084bcee3390e92b0a4f8d0f1fa23ddabad1668c4a6783f5643564f646d6,1774043128,2026-03-20T21:45:28+00:00,0.9255,clob_prices_history
96773953960313048340895711765817431775606353405814859249629785260485292633238,0x6397f084bcee3390e92b0a4f8d0f1fa23ddabad1668c4a6783f5643564f646d6,1774044035,2026-03-20T22:00:35+00:00,0.9255,clob_prices_history
96773953960313048340895711765817431775606353405814859249629785260485292633238,0x6397f084bcee3390e92b0a4f8d0f1fa23ddabad1668c4a6783f5643564f646d6,1774044927,2026-03-20T22:15:27+00:00,0.9255,clob_prices_history
96773953960313048340895711765817431775606353405814859249629785260485292633238,0x6397f084bcee3390e92b0a4f8d0f1fa23ddabad1668c4a6783f5643564f646d6,1774045843,2026-03-20T22:30:43+00:00,0.9255,clob_prices_history
96773953960313048340895711765817431775606353405814859249629785260485292633238,0x6397f084bcee3390e92b0a4f8d0f1fa23ddabad1668c4a6783f5643564f646d6,1774046726,2026-03-20T22:45:26+00:00,0.9255,clob_prices_history
96773953960313048340895711765817431775606353405814859249629785260485292633238,0x6397f084bcee3390e92b0a4f8d0f1fa23ddabad1668c4a6783f5643564f646d6,1774047629,2026-03-20T23:00:29+00:00,0.9255,clob_prices_history
96773953960313048340895711765817431775606353405814859249629785260485292633238,0x6397f084bcee3390e92b0a4f8d0f1fa23ddabad1668c4a6783f5643564f646d6,1774048529,2026-03-20T23:15:29+00:00,0.9255,clob_prices_history
96773953960313048340895711765817431775606353405814859249629785260485292633238,0x6397f084bcee3390e92b0a4f8d0f1fa23ddabad1668c4a6783f5643564f646d6,1774049430,2026-03-20T23:30:30+00:00,0.9255,clob_prices_history
96773953960313048340895711765817431775606353405814859249629785260485292633238,0x6397f084bcee3390e92b0a4f8d0f1fa23ddabad1668c4a6783f5643564f646d6,1774050327,2026-03-20T23:45:27+00:00,0.9255,clob_prices_history
96773953960313048340895711765817431775606353405814859249629785260485292633238,0x6397f084bcee3390e92b0a4f8d0f1fa23ddabad1668c4a6783f5643564f646d6,1774051233,2026-03-21T00:00:33+00:00,0.9255,clob_prices_history
96773953960313048340895711765817431775606353405814859249629785260485292633238,0x6397f084bcee3390e92b0a4f8d0f1fa23ddabad1668c4a6783f5643564f646d6,1774052127,2026-03-21T00:15:27+00:00,0.9255,clob_prices_history
96773953960313048340895711765817431775606353405814859249629785260485292633238,0x6397f084bcee3390e92b0a4f8d0f1fa23ddabad1668c4a6783f5643564f646d6,1774053029,2026-03-21T00:30:29+00:00,0.9255,clob_prices_history
96773953960313048340895711765817431775606353405814859249629785260485292633238,0x6397f084bcee3390e92b0a4f8d0f1fa23ddabad1668c4a6783f5643564f646d6,1774053927,2026-03-21T00:45:27+00:00,0.9255,clob_prices_history
96773953960313048340895711765817431775606353405814859249629785260485292633238,0x6397f084bcee3390e92b0a4f8d0f1fa23ddabad1668c4a6783f5643564f646d6,1774054832,2026-03-21T01:00:32+00:00,0.9255,clob_prices_history
96773953960313048340895711765817431775606353405814859249629785260485292633238,0x6397f084bcee3390e92b0a4f8d0f1fa23ddabad1668c4a6783f5643564f646d6,1774055728,2026-03-21T01:15:28+00:00,0.9255,clob_prices_history
96773953960313048340895711765817431775606353405814859249629785260485292633238,0x6397f084bcee3390e92b0a4f8d0f1fa23ddabad1668c4a6783f5643564f646d6,1774056628,2026-03-21T01:30:28+00:00,0.9255,clob_prices_history
96773953960313048340895711765817431775606353405814859249629785260485292633238,0x6397f084bcee3390e92b0a4f8d0f1fa23ddabad1668c4a6783f5643564f646d6,1774057528,2026-03-21T01:45:28+00:00,0.9255,clob_prices_history
96773953960313048340895711765817431775606353405814859249629785260485292633238,0x6397f084bcee3390e92b0a4f8d0f1fa23ddabad1668c4a6783f5643564f646d6,1774058444,2026-03-21T02:00:44+00:00,0.9255,clob_prices_history
96773953960313048340895711765817431775606353405814859249629785260485292633238,0x6397f084bcee3390e92b0a4f8d0f1fa23ddabad1668c4a6783f5643564f646d6,1774059326,2026-03-21T02:15:26+00:00,0.9255,clob_prices_history
96773953960313048340895711765817431775606353405814859249629785260485292633238,0x6397f084bcee3390e92b0a4f8d0f1fa23ddabad1668c4a6783f5643564f646d6,1774060226,2026-03-21T02:30:26+00:00,0.9255,clob_prices_history
96773953960313048340895711765817431775606353405814859249629785260485292633238,0x6397f084bcee3390e92b0a4f8d0f1fa23ddabad1668c4a6783f5643564f646d6,1774061128,2026-03-21T02:45:28+00:00,0.9255,clob_prices_history
96773953960313048340895711765817431775606353405814859249629785260485292633238,0x6397f084bcee3390e92b0a4f8d0f1fa23ddabad1668c4a6783f5643564f646d6,1774062026,2026-03-21T03:00:26+00:00,0.9255,clob_prices_history
96773953960313048340895711765817431775606353405814859249629785260485292633238,0x6397f084bcee3390e92b0a4f8d0f1fa23ddabad1668c4a6783f5643564f646d6,1774062927,2026-03-21T03:15:27+00:00,0.9255,clob_prices_history
96773953960313048340895711765817431775606353405814859249629785260485292633238,0x6397f084bcee3390e92b0a4f8d0f1fa23ddabad1668c4a6783f5643564f646d6,1774063838,2026-03-21T03:30:38+00:00,0.9255,clob_prices_history
96773953960313048340895711765817431775606353405814859249629785260485292633238,0x6397f084bcee3390e92b0a4f8d0f1fa23ddabad1668c4a6783f5643564f646d6,1774064724,2026-03-21T03:45:24+00:00,0.9255,clob_prices_history
96773953960313048340895711765817431775606353405814859249629785260485292633238,0x6397f084bcee3390e92b0a4f8d0f1fa23ddabad1668c4a6783f5643564f646d6,1774065629,2026-03-21T04:00:29+00:00,0.9255,clob_prices_history
96773953960313048340895711765817431775606353405814859249629785260485292633238,0x6397f084bcee3390e92b0a4f8d0f1fa23ddabad1668c4a6783f5643564f646d6,1774066527,2026-03-21T04:15:27+00:00,0.9255,clob_prices_history
96773953960313048340895711765817431775606353405814859249629785260485292633238,0x6397f084bcee3390e92b0a4f8d0f1fa23ddabad1668c4a6783f5643564f646d6,1774067427,2026-03-21T04:30:27+00:00,0.9255,clob_prices_history
96773953960313048340895711765817431775606353405814859249629785260485292633238,0x6397f084bcee3390e92b0a4f8d0f1fa23ddabad1668c4a6783f5643564f646d6,1774068324,2026-03-21T04:45:24+00:00,0.9255,clob_prices_history
96773953960313048340895711765817431775606353405814859249629785260485292633238,0x6397f084bcee3390e92b0a4f8d0f1fa23ddabad1668c4a6783f5643564f646d6,1774069228,2026-03-21T05:00:28+00:00,0.9255,clob_prices_history
96773953960313048340895711765817431775606353405814859249629785260485292633238,0x6397f084bcee3390e92b0a4f8d0f1fa23ddabad1668c4a6783f5643564f646d6,1774070128,2026-03-21T05:15:28+00:00,0.926,clob_prices_history
96773953960313048340895711765817431775606353405814859249629785260485292633238,0x6397f084bcee3390e92b0a4f8d0f1fa23ddabad1668c4a6783f5643564f646d6,1774071040,2026-03-21T05:30:40+00:00,0.926,clob_prices_history
96773953960313048340895711765817431775606353405814859249629785260485292633238,0x6397f084bcee3390e92b0a4f8d0f1fa23ddabad1668c4a6783f5643564f646d6,1774071937,2026-03-21T05:45:37+00:00,0.926,clob_prices_history
96773953960313048340895711765817431775606353405814859249629785260485292633238,0x6397f084bcee3390e92b0a4f8d0f1fa23ddabad1668c4a6783f5643564f646d6,1774072828,2026-03-21T06:00:28+00:00,0.926,clob_prices_history
96773953960313048340895711765817431775606353405814859249629785260485292633238,0x6397f084bcee3390e92b0a4f8d0f1fa23ddabad1668c4a6783f5643564f646d6,1774073727,2026-03-21T06:15:27+00:00,0.926,clob_prices_history
96773953960313048340895711765817431775606353405814859249629785260485292633238,0x6397f084bcee3390e92b0a4f8d0f1fa23ddabad1668c4a6783f5643564f646d6,1774074627,2026-03-21T06:30:27+00:00,0.926,clob_prices_history
96773953960313048340895711765817431775606353405814859249629785260485292633238,0x6397f084bcee3390e92b0a4f8d0f1fa23ddabad1668c4a6783f5643564f646d6,1774075526,2026-03-21T06:45:26+00:00,0.926,clob_prices_history
96773953960313048340895711765817431775606353405814859249629785260485292633238,0x6397f084bcee3390e92b0a4f8d0f1fa23ddabad1668c4a6783f5643564f646d6,1774076427,2026-03-21T07:00:27+00:00,0.926,clob_prices_history
96773953960313048340895711765817431775606353405814859249629785260485292633238,0x6397f084bcee3390e92b0a4f8d0f1fa23ddabad1668c4a6783f5643564f646d6,1774077325,2026-03-21T07:15:25+00:00,0.926,clob_prices_history
96773953960313048340895711765817431775606353405814859249629785260485292633238,0x6397f084bcee3390e92b0a4f8d0f1fa23ddabad1668c4a6783f5643564f646d6,1774078230,2026-03-21T07:30:30+00:00,0.926,clob_prices_history
96773953960313048340895711765817431775606353405814859249629785260485292633238,0x6397f084bcee3390e92b0a4f8d0f1fa23ddabad1668c4a6783f5643564f646d6,1774079123,2026-03-21T07:45:23+00:00,0.926,clob_prices_history
96773953960313048340895711765817431775606353405814859249629785260485292633238,0x6397f084bcee3390e92b0a4f8d0f1fa23ddabad1668c4a6783f5643564f646d6,1774080026,2026-03-21T08:00:26+00:00,0.926,clob_prices_history
96773953960313048340895711765817431775606353405814859249629785260485292633238,0x6397f084bcee3390e92b0a4f8d0f1fa23ddabad1668c4a6783f5643564f646d6,1774080927,2026-03-21T08:15:27+00:00,0.926,clob_prices_history
96773953960313048340895711765817431775606353405814859249629785260485292633238,0x6397f084bcee3390e92b0a4f8d0f1fa23ddabad1668c4a6783f5643564f646d6,1774081826,2026-03-21T08:30:26+00:00,0.926,clob_prices_history
96773953960313048340895711765817431775606353405814859249629785260485292633238,0x6397f084bcee3390e92b0a4f8d0f1fa23ddabad1668c4a6783f5643564f646d6,1774082726,2026-03-21T08:45:26+00:00,0.926,clob_prices_history
96773953960313048340895711765817431775606353405814859249629785260485292633238,0x6397f084bcee3390e92b0a4f8d0f1fa23ddabad1668c4a6783f5643564f646d6,1774083625,2026-03-21T09:00:25+00:00,0.926,clob_prices_history
96773953960313048340895711765817431775606353405814859249629785260485292633238,0x6397f084bcee3390e92b0a4f8d0f1fa23ddabad1668c4a6783f5643564f646d6,1774084523,2026-03-21T09:15:23+00:00,0.926,clob_prices_history
96773953960313048340895711765817431775606353405814859249629785260485292633238,0x6397f084bcee3390e92b0a4f8d0f1fa23ddabad1668c4a6783f5643564f646d6,1774085424,2026-03-21T09:30:24+00:00,0.926,clob_prices_history
96773953960313048340895711765817431775606353405814859249629785260485292633238,0x6397f084bcee3390e92b0a4f8d0f1fa23ddabad1668c4a6783f5643564f646d6,1774086325,2026-03-21T09:45:25+00:00,0.926,clob_prices_history
96773953960313048340895711765817431775606353405814859249629785260485292633238,0x6397f084bcee3390e92b0a4f8d0f1fa23ddabad1668c4a6783f5643564f646d6,1774087224,2026-03-21T10:00:24+00:00,0.926,clob_prices_history
96773953960313048340895711765817431775606353405814859249629785260485292633238,0x6397f084bcee3390e92b0a4f8d0f1fa23ddabad1668c4a6783f5643564f646d6,1774088123,2026-03-21T10:15:23+00:00,0.926,clob_prices_history
96773953960313048340895711765817431775606353405814859249629785260485292633238,0x6397f084bcee3390e92b0a4f8d0f1fa23ddabad1668c4a6783f5643564f646d6,1774089029,2026-03-21T10:30:29+00:00,0.926,clob_prices_history
96773953960313048340895711765817431775606353405814859249629785260485292633238,0x6397f084bcee3390e92b0a4f8d0f1fa23ddabad1668c4a6783f5643564f646d6,1774089924,2026-03-21T10:45:24+00:00,0.926,clob_prices_history
96773953960313048340895711765817431775606353405814859249629785260485292633238,0x6397f084bcee3390e92b0a4f8d0f1fa23ddabad1668c4a6783f5643564f646d6,1774090827,2026-03-21T11:00:27+00:00,0.926,clob_prices_history
96773953960313048340895711765817431775606353405814859249629785260485292633238,0x6397f084bcee3390e92b0a4f8d0f1fa23ddabad1668c4a6783f5643564f646d6,1774091725,2026-03-21T11:15:25+00:00,0.926,clob_prices_history
96773953960313048340895711765817431775606353405814859249629785260485292633238,0x6397f084bcee3390e92b0a4f8d0f1fa23ddabad1668c4a6783f5643564f646d6,1774092627,2026-03-21T11:30:27+00:00,0.926,clob_prices_history
96773953960313048340895711765817431775606353405814859249629785260485292633238,0x6397f084bcee3390e92b0a4f8d0f1fa23ddabad1668c4a6783f5643564f646d6,1774093525,2026-03-21T11:45:25+00:00,0.926,clob_prices_history
96773953960313048340895711765817431775606353405814859249629785260485292633238,0x6397f084bcee3390e92b0a4f8d0f1fa23ddabad1668c4a6783f5643564f646d6,1774094426,2026-03-21T12:00:26+00:00,0.926,clob_prices_history
96773953960313048340895711765817431775606353405814859249629785260485292633238,0x6397f084bcee3390e92b0a4f8d0f1fa23ddabad1668c4a6783f5643564f646d6,1774095338,2026-03-21T12:15:38+00:00,0.926,clob_prices_history
96773953960313048340895711765817431775606353405814859249629785260485292633238,0x6397f084bcee3390e92b0a4f8d0f1fa23ddabad1668c4a6783f5643564f646d6,1774096228,2026-03-21T12:30:28+00:00,0.926,clob_prices_history
96773953960313048340895711765817431775606353405814859249629785260485292633238,0x6397f084bcee3390e92b0a4f8d0f1fa23ddabad1668c4a6783f5643564f646d6,1774097127,2026-03-21T12:45:27+00:00,0.926,clob_prices_history
96773953960313048340895711765817431775606353405814859249629785260485292633238,0x6397f084bcee3390e92b0a4f8d0f1fa23ddabad1668c4a6783f5643564f646d6,1774098031,2026-03-21T13:00:31+00:00,0.926,clob_prices_history
96773953960313048340895711765817431775606353405814859249629785260485292633238,0x6397f084bcee3390e92b0a4f8d0f1fa23ddabad1668c4a6783f5643564f646d6,1774098925,2026-03-21T13:15:25+00:00,0.926,clob_prices_history
96773953960313048340895711765817431775606353405814859249629785260485292633238,0x6397f084bcee3390e92b0a4f8d0f1fa23ddabad1668c4a6783f5643564f646d6,1774099830,2026-03-21T13:30:30+00:00,0.926,clob_prices_history
96773953960313048340895711765817431775606353405814859249629785260485292633238,0x6397f084bcee3390e92b0a4f8d0f1fa23ddabad1668c4a6783f5643564f646d6,1774100726,2026-03-21T13:45:26+00:00,0.926,clob_prices_history
96773953960313048340895711765817431775606353405814859249629785260485292633238,0x6397f084bcee3390e92b0a4f8d0f1fa23ddabad1668c4a6783f5643564f646d6,1774101630,2026-03-21T14:00:30+00:00,0.926,clob_prices_history
96773953960313048340895711765817431775606353405814859249629785260485292633238,0x6397f084bcee3390e92b0a4f8d0f1fa23ddabad1668c4a6783f5643564f646d6,1774102527,2026-03-21T14:15:27+00:00,0.926,clob_prices_history
96773953960313048340895711765817431775606353405814859249629785260485292633238,0x6397f084bcee3390e92b0a4f8d0f1fa23ddabad1668c4a6783f5643564f646d6,1774103428,2026-03-21T14:30:28+00:00,0.926,clob_prices_history
96773953960313048340895711765817431775606353405814859249629785260485292633238,0x6397f084bcee3390e92b0a4f8d0f1fa23ddabad1668c4a6783f5643564f646d6,1774104325,2026-03-21T14:45:25+00:00,0.9265,clob_prices_history
96773953960313048340895711765817431775606353405814859249629785260485292633238,0x6397f084bcee3390e92b0a4f8d0f1fa23ddabad1668c4a6783f5643564f646d6,1774105231,2026-03-21T15:00:31+00:00,0.9265,clob_prices_history
96773953960313048340895711765817431775606353405814859249629785260485292633238,0x6397f084bcee3390e92b0a4f8d0f1fa23ddabad1668c4a6783f5643564f646d6,1774106126,2026-03-21T15:15:26+00:00,0.926,clob_prices_history
96773953960313048340895711765817431775606353405814859249629785260485292633238,0x6397f084bcee3390e92b0a4f8d0f1fa23ddabad1668c4a6783f5643564f646d6,1774107027,2026-03-21T15:30:27+00:00,0.926,clob_prices_history
96773953960313048340895711765817431775606353405814859249629785260485292633238,0x6397f084bcee3390e92b0a4f8d0f1fa23ddabad1668c4a6783f5643564f646d6,1774107928,2026-03-21T15:45:28+00:00,0.926,clob_prices_history
96773953960313048340895711765817431775606353405814859249629785260485292633238,0x6397f084bcee3390e92b0a4f8d0f1fa23ddabad1668c4a6783f5643564f646d6,1774108842,2026-03-21T16:00:42+00:00,0.926,clob_prices_history
96773953960313048340895711765817431775606353405814859249629785260485292633238,0x6397f084bcee3390e92b0a4f8d0f1fa23ddabad1668c4a6783f5643564f646d6,1774109725,2026-03-21T16:15:25+00:00,0.926,clob_prices_history
96773953960313048340895711765817431775606353405814859249629785260485292633238,0x6397f084bcee3390e92b0a4f8d0f1fa23ddabad1668c4a6783f5643564f646d6,1774110642,2026-03-21T16:30:42+00:00,0.9255,clob_prices_history
96773953960313048340895711765817431775606353405814859249629785260485292633238,0x6397f084bcee3390e92b0a4f8d0f1fa23ddabad1668c4a6783f5643564f646d6,1774111526,2026-03-21T16:45:26+00:00,0.9255,clob_prices_history
96773953960313048340895711765817431775606353405814859249629785260485292633238,0x6397f084bcee3390e92b0a4f8d0f1fa23ddabad1668c4a6783f5643564f646d6,1774112432,2026-03-21T17:00:32+00:00,0.9255,clob_prices_history
96773953960313048340895711765817431775606353405814859249629785260485292633238,0x6397f084bcee3390e92b0a4f8d0f1fa23ddabad1668c4a6783f5643564f646d6,1774113328,2026-03-21T17:15:28+00:00,0.9255,clob_prices_history
96773953960313048340895711765817431775606353405814859249629785260485292633238,0x6397f084bcee3390e92b0a4f8d0f1fa23ddabad1668c4a6783f5643564f646d6,1774114239,2026-03-21T17:30:39+00:00,0.9255,clob_prices_history
96773953960313048340895711765817431775606353405814859249629785260485292633238,0x6397f084bcee3390e92b0a4f8d0f1fa23ddabad1668c4a6783f5643564f646d6,1774115128,2026-03-21T17:45:28+00:00,0.9255,clob_prices_history
96773953960313048340895711765817431775606353405814859249629785260485292633238,0x6397f084bcee3390e92b0a4f8d0f1fa23ddabad1668c4a6783f5643564f646d6,1774116030,2026-03-21T18:00:30+00:00,0.9255,clob_prices_history
96773953960313048340895711765817431775606353405814859249629785260485292633238,0x6397f084bcee3390e92b0a4f8d0f1fa23ddabad1668c4a6783f5643564f646d6,1774116925,2026-03-21T18:15:25+00:00,0.925,clob_prices_history
96773953960313048340895711765817431775606353405814859249629785260485292633238,0x6397f084bcee3390e92b0a4f8d0f1fa23ddabad1668c4a6783f5643564f646d6,1774117829,2026-03-21T18:30:29+00:00,0.924,clob_prices_history
96773953960313048340895711765817431775606353405814859249629785260485292633238,0x6397f084bcee3390e92b0a4f8d0f1fa23ddabad1668c4a6783f5643564f646d6,1774118727,2026-03-21T18:45:27+00:00,0.924,clob_prices_history
96773953960313048340895711765817431775606353405814859249629785260485292633238,0x6397f084bcee3390e92b0a4f8d0f1fa23ddabad1668c4a6783f5643564f646d6,1774119629,2026-03-21T19:00:29+00:00,0.924,clob_prices_history
96773953960313048340895711765817431775606353405814859249629785260485292633238,0x6397f084bcee3390e92b0a4f8d0f1fa23ddabad1668c4a6783f5643564f646d6,1774120528,2026-03-21T19:15:28+00:00,0.924,clob_prices_history
96773953960313048340895711765817431775606353405814859249629785260485292633238,0x6397f084bcee3390e92b0a4f8d0f1fa23ddabad1668c4a6783f5643564f646d6,1774121427,2026-03-21T19:30:27+00:00,0.924,clob_prices_history
96773953960313048340895711765817431775606353405814859249629785260485292633238,0x6397f084bcee3390e92b0a4f8d0f1fa23ddabad1668c4a6783f5643564f646d6,1774122324,2026-03-21T19:45:24+00:00,0.924,clob_prices_history
96773953960313048340895711765817431775606353405814859249629785260485292633238,0x6397f084bcee3390e92b0a4f8d0f1fa23ddabad1668c4a6783f5643564f646d6,1774123226,2026-03-21T20:00:26+00:00,0.924,clob_prices_history
96773953960313048340895711765817431775606353405814859249629785260485292633238,0x6397f084bcee3390e92b0a4f8d0f1fa23ddabad1668c4a6783f5643564f646d6,1774124127,2026-03-21T20:15:27+00:00,0.924,clob_prices_history
96773953960313048340895711765817431775606353405814859249629785260485292633238,0x6397f084bcee3390e92b0a4f8d0f1fa23ddabad1668c4a6783f5643564f646d6,1774125039,2026-03-21T20:30:39+00:00,0.924,clob_prices_history
96773953960313048340895711765817431775606353405814859249629785260485292633238,0x6397f084bcee3390e92b0a4f8d0f1fa23ddabad1668c4a6783f5643564f646d6,1774125926,2026-03-21T20:45:26+00:00,0.924,clob_prices_history
96773953960313048340895711765817431775606353405814859249629785260485292633238,0x6397f084bcee3390e92b0a4f8d0f1fa23ddabad1668c4a6783f5643564f646d6,1774126828,2026-03-21T21:00:28+00:00,0.924,clob_prices_history
96773953960313048340895711765817431775606353405814859249629785260485292633238,0x6397f084bcee3390e92b0a4f8d0f1fa23ddabad1668c4a6783f5643564f646d6,1774127725,2026-03-21T21:15:25+00:00,0.924,clob_prices_history
96773953960313048340895711765817431775606353405814859249629785260485292633238,0x6397f084bcee3390e92b0a4f8d0f1fa23ddabad1668c4a6783f5643564f646d6,1774128626,2026-03-21T21:30:26+00:00,0.924,clob_prices_history
96773953960313048340895711765817431775606353405814859249629785260485292633238,0x6397f084bcee3390e92b0a4f8d0f1fa23ddabad1668c4a6783f5643564f646d6,1774129526,2026-03-21T21:45:26+00:00,0.925,clob_prices_history
96773953960313048340895711765817431775606353405814859249629785260485292633238,0x6397f084bcee3390e92b0a4f8d0f1fa23ddabad1668c4a6783f5643564f646d6,1774130427,2026-03-21T22:00:27+00:00,0.925,clob_prices_history
96773953960313048340895711765817431775606353405814859249629785260485292633238,0x6397f084bcee3390e92b0a4f8d0f1fa23ddabad1668c4a6783f5643564f646d6,1774131327,2026-03-21T22:15:27+00:00,0.925,clob_prices_history
96773953960313048340895711765817431775606353405814859249629785260485292633238,0x6397f084bcee3390e92b0a4f8d0f1fa23ddabad1668c4a6783f5643564f646d6,1774132226,2026-03-21T22:30:26+00:00,0.925,clob_prices_history
96773953960313048340895711765817431775606353405814859249629785260485292633238,0x6397f084bcee3390e92b0a4f8d0f1fa23ddabad1668c4a6783f5643564f646d6,1774133124,2026-03-21T22:45:24+00:00,0.925,clob_prices_history
96773953960313048340895711765817431775606353405814859249629785260485292633238,0x6397f084bcee3390e92b0a4f8d0f1fa23ddabad1668c4a6783f5643564f646d6,1774134026,2026-03-21T23:00:26+00:00,0.925,clob_prices_history
96773953960313048340895711765817431775606353405814859249629785260485292633238,0x6397f084bcee3390e92b0a4f8d0f1fa23ddabad1668c4a6783f5643564f646d6,1774134936,2026-03-21T23:15:36+00:00,0.925,clob_prices_history
96773953960313048340895711765817431775606353405814859249629785260485292633238,0x6397f084bcee3390e92b0a4f8d0f1fa23ddabad1668c4a6783f5643564f646d6,1774135827,2026-03-21T23:30:27+00:00,0.925,clob_prices_history
96773953960313048340895711765817431775606353405814859249629785260485292633238,0x6397f084bcee3390e92b0a4f8d0f1fa23ddabad1668c4a6783f5643564f646d6,1774136727,2026-03-21T23:45:27+00:00,0.925,clob_prices_history
96773953960313048340895711765817431775606353405814859249629785260485292633238,0x6397f084bcee3390e92b0a4f8d0f1fa23ddabad1668c4a6783f5643564f646d6,1774137631,2026-03-22T00:00:31+00:00,0.925,clob_prices_history
96773953960313048340895711765817431775606353405814859249629785260485292633238,0x6397f084bcee3390e92b0a4f8d0f1fa23ddabad1668c4a6783f5643564f646d6,1774138525,2026-03-22T00:15:25+00:00,0.925,clob_prices_history
96773953960313048340895711765817431775606353405814859249629785260485292633238,0x6397f084bcee3390e92b0a4f8d0f1fa23ddabad1668c4a6783f5643564f646d6,1774139426,2026-03-22T00:30:26+00:00,0.925,clob_prices_history
96773953960313048340895711765817431775606353405814859249629785260485292633238,0x6397f084bcee3390e92b0a4f8d0f1fa23ddabad1668c4a6783f5643564f646d6,1774140326,2026-03-22T00:45:26+00:00,0.925,clob_prices_history
96773953960313048340895711765817431775606353405814859249629785260485292633238,0x6397f084bcee3390e92b0a4f8d0f1fa23ddabad1668c4a6783f5643564f646d6,1774141227,2026-03-22T01:00:27+00:00,0.925,clob_prices_history
96773953960313048340895711765817431775606353405814859249629785260485292633238,0x6397f084bcee3390e92b0a4f8d0f1fa23ddabad1668c4a6783f5643564f646d6,1774142126,2026-03-22T01:15:26+00:00,0.925,clob_prices_history
96773953960313048340895711765817431775606353405814859249629785260485292633238,0x6397f084bcee3390e92b0a4f8d0f1fa23ddabad1668c4a6783f5643564f646d6,1774143028,2026-03-22T01:30:28+00:00,0.925,clob_prices_history
96773953960313048340895711765817431775606353405814859249629785260485292633238,0x6397f084bcee3390e92b0a4f8d0f1fa23ddabad1668c4a6783f5643564f646d6,1774143920,2026-03-22T01:45:20+00:00,0.925,clob_prices_history
96773953960313048340895711765817431775606353405814859249629785260485292633238,0x6397f084bcee3390e92b0a4f8d0f1fa23ddabad1668c4a6783f5643564f646d6,1774144822,2026-03-22T02:00:22+00:00,0.925,clob_prices_history
96773953960313048340895711765817431775606353405814859249629785260485292633238,0x6397f084bcee3390e92b0a4f8d0f1fa23ddabad1668c4a6783f5643564f646d6,1774145721,2026-03-22T02:15:21+00:00,0.925,clob_prices_history
96773953960313048340895711765817431775606353405814859249629785260485292633238,0x6397f084bcee3390e92b0a4f8d0f1fa23ddabad1668c4a6783f5643564f646d6,1774146623,2026-03-22T02:30:23+00:00,0.925,clob_prices_history
96773953960313048340895711765817431775606353405814859249629785260485292633238,0x6397f084bcee3390e92b0a4f8d0f1fa23ddabad1668c4a6783f5643564f646d6,1774147521,2026-03-22T02:45:21+00:00,0.925,clob_prices_history
96773953960313048340895711765817431775606353405814859249629785260485292633238,0x6397f084bcee3390e92b0a4f8d0f1fa23ddabad1668c4a6783f5643564f646d6,1774148422,2026-03-22T03:00:22+00:00,0.925,clob_prices_history
96773953960313048340895711765817431775606353405814859249629785260485292633238,0x6397f084bcee3390e92b0a4f8d0f1fa23ddabad1668c4a6783f5643564f646d6,1774149319,2026-03-22T03:15:19+00:00,0.9245,clob_prices_history
96773953960313048340895711765817431775606353405814859249629785260485292633238,0x6397f084bcee3390e92b0a4f8d0f1fa23ddabad1668c4a6783f5643564f646d6,1774150236,2026-03-22T03:30:36+00:00,0.9245,clob_prices_history
96773953960313048340895711765817431775606353405814859249629785260485292633238,0x6397f084bcee3390e92b0a4f8d0f1fa23ddabad1668c4a6783f5643564f646d6,1774151121,2026-03-22T03:45:21+00:00,0.925,clob_prices_history
96773953960313048340895711765817431775606353405814859249629785260485292633238,0x6397f084bcee3390e92b0a4f8d0f1fa23ddabad1668c4a6783f5643564f646d6,1774152023,2026-03-22T04:00:23+00:00,0.925,clob_prices_history
96773953960313048340895711765817431775606353405814859249629785260485292633238,0x6397f084bcee3390e92b0a4f8d0f1fa23ddabad1668c4a6783f5643564f646d6,1774152921,2026-03-22T04:15:21+00:00,0.925,clob_prices_history
96773953960313048340895711765817431775606353405814859249629785260485292633238,0x6397f084bcee3390e92b0a4f8d0f1fa23ddabad1668c4a6783f5643564f646d6,1774153823,2026-03-22T04:30:23+00:00,0.925,clob_prices_history
96773953960313048340895711765817431775606353405814859249629785260485292633238,0x6397f084bcee3390e92b0a4f8d0f1fa23ddabad1668c4a6783f5643564f646d6,1774154720,2026-03-22T04:45:20+00:00,0.925,clob_prices_history
96773953960313048340895711765817431775606353405814859249629785260485292633238,0x6397f084bcee3390e92b0a4f8d0f1fa23ddabad1668c4a6783f5643564f646d6,1774155624,2026-03-22T05:00:24+00:00,0.925,clob_prices_history
96773953960313048340895711765817431775606353405814859249629785260485292633238,0x6397f084bcee3390e92b0a4f8d0f1fa23ddabad1668c4a6783f5643564f646d6,1774156521,2026-03-22T05:15:21+00:00,0.925,clob_prices_history
96773953960313048340895711765817431775606353405814859249629785260485292633238,0x6397f084bcee3390e92b0a4f8d0f1fa23ddabad1668c4a6783f5643564f646d6,1774157423,2026-03-22T05:30:23+00:00,0.925,clob_prices_history
96773953960313048340895711765817431775606353405814859249629785260485292633238,0x6397f084bcee3390e92b0a4f8d0f1fa23ddabad1668c4a6783f5643564f646d6,1774158335,2026-03-22T05:45:35+00:00,0.925,clob_prices_history
96773953960313048340895711765817431775606353405814859249629785260485292633238,0x6397f084bcee3390e92b0a4f8d0f1fa23ddabad1668c4a6783f5643564f646d6,1774159224,2026-03-22T06:00:24+00:00,0.925,clob_prices_history
96773953960313048340895711765817431775606353405814859249629785260485292633238,0x6397f084bcee3390e92b0a4f8d0f1fa23ddabad1668c4a6783f5643564f646d6,1774160119,2026-03-22T06:15:19+00:00,0.925,clob_prices_history
96773953960313048340895711765817431775606353405814859249629785260485292633238,0x6397f084bcee3390e92b0a4f8d0f1fa23ddabad1668c4a6783f5643564f646d6,1774161021,2026-03-22T06:30:21+00:00,0.925,clob_prices_history
96773953960313048340895711765817431775606353405814859249629785260485292633238,0x6397f084bcee3390e92b0a4f8d0f1fa23ddabad1668c4a6783f5643564f646d6,1774161920,2026-03-22T06:45:20+00:00,0.925,clob_prices_history
96773953960313048340895711765817431775606353405814859249629785260485292633238,0x6397f084bcee3390e92b0a4f8d0f1fa23ddabad1668c4a6783f5643564f646d6,1774162821,2026-03-22T07:00:21+00:00,0.925,clob_prices_history
96773953960313048340895711765817431775606353405814859249629785260485292633238,0x6397f084bcee3390e92b0a4f8d0f1fa23ddabad1668c4a6783f5643564f646d6,1774163720,2026-03-22T07:15:20+00:00,0.925,clob_prices_history
96773953960313048340895711765817431775606353405814859249629785260485292633238,0x6397f084bcee3390e92b0a4f8d0f1fa23ddabad1668c4a6783f5643564f646d6,1774164622,2026-03-22T07:30:22+00:00,0.925,clob_prices_history
96773953960313048340895711765817431775606353405814859249629785260485292633238,0x6397f084bcee3390e92b0a4f8d0f1fa23ddabad1668c4a6783f5643564f646d6,1774165531,2026-03-22T07:45:31+00:00,0.925,clob_prices_history
96773953960313048340895711765817431775606353405814859249629785260485292633238,0x6397f084bcee3390e92b0a4f8d0f1fa23ddabad1668c4a6783f5643564f646d6,1774166424,2026-03-22T08:00:24+00:00,0.925,clob_prices_history
96773953960313048340895711765817431775606353405814859249629785260485292633238,0x6397f084bcee3390e92b0a4f8d0f1fa23ddabad1668c4a6783f5643564f646d6,1774167322,2026-03-22T08:15:22+00:00,0.925,clob_prices_history
96773953960313048340895711765817431775606353405814859249629785260485292633238,0x6397f084bcee3390e92b0a4f8d0f1fa23ddabad1668c4a6783f5643564f646d6,1774168220,2026-03-22T08:30:20+00:00,0.925,clob_prices_history
96773953960313048340895711765817431775606353405814859249629785260485292633238,0x6397f084bcee3390e92b0a4f8d0f1fa23ddabad1668c4a6783f5643564f646d6,1774169119,2026-03-22T08:45:19+00:00,0.925,clob_prices_history
96773953960313048340895711765817431775606353405814859249629785260485292633238,0x6397f084bcee3390e92b0a4f8d0f1fa23ddabad1668c4a6783f5643564f646d6,1774170021,2026-03-22T09:00:21+00:00,0.925,clob_prices_history
96773953960313048340895711765817431775606353405814859249629785260485292633238,0x6397f084bcee3390e92b0a4f8d0f1fa23ddabad1668c4a6783f5643564f646d6,1774170922,2026-03-22T09:15:22+00:00,0.925,clob_prices_history
96773953960313048340895711765817431775606353405814859249629785260485292633238,0x6397f084bcee3390e92b0a4f8d0f1fa23ddabad1668c4a6783f5643564f646d6,1774171836,2026-03-22T09:30:36+00:00,0.925,clob_prices_history
96773953960313048340895711765817431775606353405814859249629785260485292633238,0x6397f084bcee3390e92b0a4f8d0f1fa23ddabad1668c4a6783f5643564f646d6,1774172718,2026-03-22T09:45:18+00:00,0.925,clob_prices_history
96773953960313048340895711765817431775606353405814859249629785260485292633238,0x6397f084bcee3390e92b0a4f8d0f1fa23ddabad1668c4a6783f5643564f646d6,1774173622,2026-03-22T10:00:22+00:00,0.925,clob_prices_history
96773953960313048340895711765817431775606353405814859249629785260485292633238,0x6397f084bcee3390e92b0a4f8d0f1fa23ddabad1668c4a6783f5643564f646d6,1774174521,2026-03-22T10:15:21+00:00,0.925,clob_prices_history
96773953960313048340895711765817431775606353405814859249629785260485292633238,0x6397f084bcee3390e92b0a4f8d0f1fa23ddabad1668c4a6783f5643564f646d6,1774175422,2026-03-22T10:30:22+00:00,0.925,clob_prices_history
96773953960313048340895711765817431775606353405814859249629785260485292633238,0x6397f084bcee3390e92b0a4f8d0f1fa23ddabad1668c4a6783f5643564f646d6,1774176320,2026-03-22T10:45:20+00:00,0.925,clob_prices_history
96773953960313048340895711765817431775606353405814859249629785260485292633238,0x6397f084bcee3390e92b0a4f8d0f1fa23ddabad1668c4a6783f5643564f646d6,1774177221,2026-03-22T11:00:21+00:00,0.925,clob_prices_history
96773953960313048340895711765817431775606353405814859249629785260485292633238,0x6397f084bcee3390e92b0a4f8d0f1fa23ddabad1668c4a6783f5643564f646d6,1774178121,2026-03-22T11:15:21+00:00,0.925,clob_prices_history
96773953960313048340895711765817431775606353405814859249629785260485292633238,0x6397f084bcee3390e92b0a4f8d0f1fa23ddabad1668c4a6783f5643564f646d6,1774179023,2026-03-22T11:30:23+00:00,0.925,clob_prices_history
96773953960313048340895711765817431775606353405814859249629785260485292633238,0x6397f084bcee3390e92b0a4f8d0f1fa23ddabad1668c4a6783f5643564f646d6,1774179936,2026-03-22T11:45:36+00:00,0.925,clob_prices_history
96773953960313048340895711765817431775606353405814859249629785260485292633238,0x6397f084bcee3390e92b0a4f8d0f1fa23ddabad1668c4a6783f5643564f646d6,1774180837,2026-03-22T12:00:37+00:00,0.925,clob_prices_history
96773953960313048340895711765817431775606353405814859249629785260485292633238,0x6397f084bcee3390e92b0a4f8d0f1fa23ddabad1668c4a6783f5643564f646d6,1774181722,2026-03-22T12:15:22+00:00,0.925,clob_prices_history
96773953960313048340895711765817431775606353405814859249629785260485292633238,0x6397f084bcee3390e92b0a4f8d0f1fa23ddabad1668c4a6783f5643564f646d6,1774182620,2026-03-22T12:30:20+00:00,0.925,clob_prices_history
96773953960313048340895711765817431775606353405814859249629785260485292633238,0x6397f084bcee3390e92b0a4f8d0f1fa23ddabad1668c4a6783f5643564f646d6,1774183520,2026-03-22T12:45:20+00:00,0.925,clob_prices_history
96773953960313048340895711765817431775606353405814859249629785260485292633238,0x6397f084bcee3390e92b0a4f8d0f1fa23ddabad1668c4a6783f5643564f646d6,1774184426,2026-03-22T13:00:26+00:00,0.925,clob_prices_history
96773953960313048340895711765817431775606353405814859249629785260485292633238,0x6397f084bcee3390e92b0a4f8d0f1fa23ddabad1668c4a6783f5643564f646d6,1774185321,2026-03-22T13:15:21+00:00,0.925,clob_prices_history
96773953960313048340895711765817431775606353405814859249629785260485292633238,0x6397f084bcee3390e92b0a4f8d0f1fa23ddabad1668c4a6783f5643564f646d6,1774186235,2026-03-22T13:30:35+00:00,0.925,clob_prices_history
96773953960313048340895711765817431775606353405814859249629785260485292633238,0x6397f084bcee3390e92b0a4f8d0f1fa23ddabad1668c4a6783f5643564f646d6,1774187120,2026-03-22T13:45:20+00:00,0.925,clob_prices_history
96773953960313048340895711765817431775606353405814859249629785260485292633238,0x6397f084bcee3390e92b0a4f8d0f1fa23ddabad1668c4a6783f5643564f646d6,1774188022,2026-03-22T14:00:22+00:00,0.925,clob_prices_history
96773953960313048340895711765817431775606353405814859249629785260485292633238,0x6397f084bcee3390e92b0a4f8d0f1fa23ddabad1668c4a6783f5643564f646d6,1774188921,2026-03-22T14:15:21+00:00,0.925,clob_prices_history
96773953960313048340895711765817431775606353405814859249629785260485292633238,0x6397f084bcee3390e92b0a4f8d0f1fa23ddabad1668c4a6783f5643564f646d6,1774189822,2026-03-22T14:30:22+00:00,0.9255,clob_prices_history
96773953960313048340895711765817431775606353405814859249629785260485292633238,0x6397f084bcee3390e92b0a4f8d0f1fa23ddabad1668c4a6783f5643564f646d6,1774190721,2026-03-22T14:45:21+00:00,0.9255,clob_prices_history
96773953960313048340895711765817431775606353405814859249629785260485292633238,0x6397f084bcee3390e92b0a4f8d0f1fa23ddabad1668c4a6783f5643564f646d6,1774191621,2026-03-22T15:00:21+00:00,0.9255,clob_prices_history
96773953960313048340895711765817431775606353405814859249629785260485292633238,0x6397f084bcee3390e92b0a4f8d0f1fa23ddabad1668c4a6783f5643564f646d6,1774192521,2026-03-22T15:15:21+00:00,0.9255,clob_prices_history
96773953960313048340895711765817431775606353405814859249629785260485292633238,0x6397f084bcee3390e92b0a4f8d0f1fa23ddabad1668c4a6783f5643564f646d6,1774193422,2026-03-22T15:30:22+00:00,0.9255,clob_prices_history
96773953960313048340895711765817431775606353405814859249629785260485292633238,0x6397f084bcee3390e92b0a4f8d0f1fa23ddabad1668c4a6783f5643564f646d6,1774194334,2026-03-22T15:45:34+00:00,0.9255,clob_prices_history
96773953960313048340895711765817431775606353405814859249629785260485292633238,0x6397f084bcee3390e92b0a4f8d0f1fa23ddabad1668c4a6783f5643564f646d6,1774195225,2026-03-22T16:00:25+00:00,0.9255,clob_prices_history
96773953960313048340895711765817431775606353405814859249629785260485292633238,0x6397f084bcee3390e92b0a4f8d0f1fa23ddabad1668c4a6783f5643564f646d6,1774196121,2026-03-22T16:15:21+00:00,0.9255,clob_prices_history
96773953960313048340895711765817431775606353405814859249629785260485292633238,0x6397f084bcee3390e92b0a4f8d0f1fa23ddabad1668c4a6783f5643564f646d6,1774197021,2026-03-22T16:30:21+00:00,0.9255,clob_prices_history
96773953960313048340895711765817431775606353405814859249629785260485292633238,0x6397f084bcee3390e92b0a4f8d0f1fa23ddabad1668c4a6783f5643564f646d6,1774197920,2026-03-22T16:45:20+00:00,0.9255,clob_prices_history
96773953960313048340895711765817431775606353405814859249629785260485292633238,0x6397f084bcee3390e92b0a4f8d0f1fa23ddabad1668c4a6783f5643564f646d6,1774198832,2026-03-22T17:00:32+00:00,0.9255,clob_prices_history
96773953960313048340895711765817431775606353405814859249629785260485292633238,0x6397f084bcee3390e92b0a4f8d0f1fa23ddabad1668c4a6783f5643564f646d6,1774199721,2026-03-22T17:15:21+00:00,0.9255,clob_prices_history
96773953960313048340895711765817431775606353405814859249629785260485292633238,0x6397f084bcee3390e92b0a4f8d0f1fa23ddabad1668c4a6783f5643564f646d6,1774200638,2026-03-22T17:30:38+00:00,0.9255,clob_prices_history
96773953960313048340895711765817431775606353405814859249629785260485292633238,0x6397f084bcee3390e92b0a4f8d0f1fa23ddabad1668c4a6783f5643564f646d6,1774201520,2026-03-22T17:45:20+00:00,0.9255,clob_prices_history
96773953960313048340895711765817431775606353405814859249629785260485292633238,0x6397f084bcee3390e92b0a4f8d0f1fa23ddabad1668c4a6783f5643564f646d6,1774202424,2026-03-22T18:00:24+00:00,0.9255,clob_prices_history
96773953960313048340895711765817431775606353405814859249629785260485292633238,0x6397f084bcee3390e92b0a4f8d0f1fa23ddabad1668c4a6783f5643564f646d6,1774203320,2026-03-22T18:15:20+00:00,0.9255,clob_prices_history
96773953960313048340895711765817431775606353405814859249629785260485292633238,0x6397f084bcee3390e92b0a4f8d0f1fa23ddabad1668c4a6783f5643564f646d6,1774204223,2026-03-22T18:30:23+00:00,0.9255,clob_prices_history
96773953960313048340895711765817431775606353405814859249629785260485292633238,0x6397f084bcee3390e92b0a4f8d0f1fa23ddabad1668c4a6783f5643564f646d6,1774205120,2026-03-22T18:45:20+00:00,0.9255,clob_prices_history
96773953960313048340895711765817431775606353405814859249629785260485292633238,0x6397f084bcee3390e92b0a4f8d0f1fa23ddabad1668c4a6783f5643564f646d6,1774206025,2026-03-22T19:00:25+00:00,0.9255,clob_prices_history
96773953960313048340895711765817431775606353405814859249629785260485292633238,0x6397f084bcee3390e92b0a4f8d0f1fa23ddabad1668c4a6783f5643564f646d6,1774206923,2026-03-22T19:15:23+00:00,0.9255,clob_prices_history
96773953960313048340895711765817431775606353405814859249629785260485292633238,0x6397f084bcee3390e92b0a4f8d0f1fa23ddabad1668c4a6783f5643564f646d6,1774207824,2026-03-22T19:30:24+00:00,0.9255,clob_prices_history
96773953960313048340895711765817431775606353405814859249629785260485292633238,0x6397f084bcee3390e92b0a4f8d0f1fa23ddabad1668c4a6783f5643564f646d6,1774208722,2026-03-22T19:45:22+00:00,0.9255,clob_prices_history
96773953960313048340895711765817431775606353405814859249629785260485292633238,0x6397f084bcee3390e92b0a4f8d0f1fa23ddabad1668c4a6783f5643564f646d6,1774209623,2026-03-22T20:00:23+00:00,0.9255,clob_prices_history
96773953960313048340895711765817431775606353405814859249629785260485292633238,0x6397f084bcee3390e92b0a4f8d0f1fa23ddabad1668c4a6783f5643564f646d6,1774210522,2026-03-22T20:15:22+00:00,0.9255,clob_prices_history
96773953960313048340895711765817431775606353405814859249629785260485292633238,0x6397f084bcee3390e92b0a4f8d0f1fa23ddabad1668c4a6783f5643564f646d6,1774211423,2026-03-22T20:30:23+00:00,0.9255,clob_prices_history
96773953960313048340895711765817431775606353405814859249629785260485292633238,0x6397f084bcee3390e92b0a4f8d0f1fa23ddabad1668c4a6783f5643564f646d6,1774212323,2026-03-22T20:45:23+00:00,0.9255,clob_prices_history
96773953960313048340895711765817431775606353405814859249629785260485292633238,0x6397f084bcee3390e92b0a4f8d0f1fa23ddabad1668c4a6783f5643564f646d6,1774213223,2026-03-22T21:00:23+00:00,0.9255,clob_prices_history
96773953960313048340895711765817431775606353405814859249629785260485292633238,0x6397f084bcee3390e92b0a4f8d0f1fa23ddabad1668c4a6783f5643564f646d6,1774214123,2026-03-22T21:15:23+00:00,0.9255,clob_prices_history
96773953960313048340895711765817431775606353405814859249629785260485292633238,0x6397f084bcee3390e92b0a4f8d0f1fa23ddabad1668c4a6783f5643564f646d6,1774215024,2026-03-22T21:30:24+00:00,0.9255,clob_prices_history
96773953960313048340895711765817431775606353405814859249629785260485292633238,0x6397f084bcee3390e92b0a4f8d0f1fa23ddabad1668c4a6783f5643564f646d6,1774215923,2026-03-22T21:45:23+00:00,0.9255,clob_prices_history
96773953960313048340895711765817431775606353405814859249629785260485292633238,0x6397f084bcee3390e92b0a4f8d0f1fa23ddabad1668c4a6783f5643564f646d6,1774216823,2026-03-22T22:00:23+00:00,0.9255,clob_prices_history
96773953960313048340895711765817431775606353405814859249629785260485292633238,0x6397f084bcee3390e92b0a4f8d0f1fa23ddabad1668c4a6783f5643564f646d6,1774217722,2026-03-22T22:15:22+00:00,0.925,clob_prices_history
96773953960313048340895711765817431775606353405814859249629785260485292633238,0x6397f084bcee3390e92b0a4f8d0f1fa23ddabad1668c4a6783f5643564f646d6,1774218625,2026-03-22T22:30:25+00:00,0.925,clob_prices_history
96773953960313048340895711765817431775606353405814859249629785260485292633238,0x6397f084bcee3390e92b0a4f8d0f1fa23ddabad1668c4a6783f5643564f646d6,1774219523,2026-03-22T22:45:23+00:00,0.925,clob_prices_history
96773953960313048340895711765817431775606353405814859249629785260485292633238,0x6397f084bcee3390e92b0a4f8d0f1fa23ddabad1668c4a6783f5643564f646d6,1774220427,2026-03-22T23:00:27+00:00,0.925,clob_prices_history
96773953960313048340895711765817431775606353405814859249629785260485292633238,0x6397f084bcee3390e92b0a4f8d0f1fa23ddabad1668c4a6783f5643564f646d6,1774221325,2026-03-22T23:15:25+00:00,0.925,clob_prices_history
96773953960313048340895711765817431775606353405814859249629785260485292633238,0x6397f084bcee3390e92b0a4f8d0f1fa23ddabad1668c4a6783f5643564f646d6,1774222224,2026-03-22T23:30:24+00:00,0.925,clob_prices_history
96773953960313048340895711765817431775606353405814859249629785260485292633238,0x6397f084bcee3390e92b0a4f8d0f1fa23ddabad1668c4a6783f5643564f646d6,1774223126,2026-03-22T23:45:26+00:00,0.925,clob_prices_history
96773953960313048340895711765817431775606353405814859249629785260485292633238,0x6397f084bcee3390e92b0a4f8d0f1fa23ddabad1668c4a6783f5643564f646d6,1774224025,2026-03-23T00:00:25+00:00,0.925,clob_prices_history
96773953960313048340895711765817431775606353405814859249629785260485292633238,0x6397f084bcee3390e92b0a4f8d0f1fa23ddabad1668c4a6783f5643564f646d6,1774224922,2026-03-23T00:15:22+00:00,0.925,clob_prices_history
96773953960313048340895711765817431775606353405814859249629785260485292633238,0x6397f084bcee3390e92b0a4f8d0f1fa23ddabad1668c4a6783f5643564f646d6,1774225823,2026-03-23T00:30:23+00:00,0.925,clob_prices_history
96773953960313048340895711765817431775606353405814859249629785260485292633238,0x6397f084bcee3390e92b0a4f8d0f1fa23ddabad1668c4a6783f5643564f646d6,1774226722,2026-03-23T00:45:22+00:00,0.925,clob_prices_history
96773953960313048340895711765817431775606353405814859249629785260485292633238,0x6397f084bcee3390e92b0a4f8d0f1fa23ddabad1668c4a6783f5643564f646d6,1774227624,2026-03-23T01:00:24+00:00,0.925,clob_prices_history
96773953960313048340895711765817431775606353405814859249629785260485292633238,0x6397f084bcee3390e92b0a4f8d0f1fa23ddabad1668c4a6783f5643564f646d6,1774228525,2026-03-23T01:15:25+00:00,0.925,clob_prices_history
96773953960313048340895711765817431775606353405814859249629785260485292633238,0x6397f084bcee3390e92b0a4f8d0f1fa23ddabad1668c4a6783f5643564f646d6,1774229424,2026-03-23T01:30:24+00:00,0.925,clob_prices_history
96773953960313048340895711765817431775606353405814859249629785260485292633238,0x6397f084bcee3390e92b0a4f8d0f1fa23ddabad1668c4a6783f5643564f646d6,1774230323,2026-03-23T01:45:23+00:00,0.925,clob_prices_history
96773953960313048340895711765817431775606353405814859249629785260485292633238,0x6397f084bcee3390e92b0a4f8d0f1fa23ddabad1668c4a6783f5643564f646d6,1774231225,2026-03-23T02:00:25+00:00,0.925,clob_prices_history
96773953960313048340895711765817431775606353405814859249629785260485292633238,0x6397f084bcee3390e92b0a4f8d0f1fa23ddabad1668c4a6783f5643564f646d6,1774232123,2026-03-23T02:15:23+00:00,0.925,clob_prices_history
96773953960313048340895711765817431775606353405814859249629785260485292633238,0x6397f084bcee3390e92b0a4f8d0f1fa23ddabad1668c4a6783f5643564f646d6,1774233026,2026-03-23T02:30:26+00:00,0.925,clob_prices_history
96773953960313048340895711765817431775606353405814859249629785260485292633238,0x6397f084bcee3390e92b0a4f8d0f1fa23ddabad1668c4a6783f5643564f646d6,1774233924,2026-03-23T02:45:24+00:00,0.925,clob_prices_history
96773953960313048340895711765817431775606353405814859249629785260485292633238,0x6397f084bcee3390e92b0a4f8d0f1fa23ddabad1668c4a6783f5643564f646d6,1774234827,2026-03-23T03:00:27+00:00,0.9255,clob_prices_history
96773953960313048340895711765817431775606353405814859249629785260485292633238,0x6397f084bcee3390e92b0a4f8d0f1fa23ddabad1668c4a6783f5643564f646d6,1774235723,2026-03-23T03:15:23+00:00,0.925,clob_prices_history
96773953960313048340895711765817431775606353405814859249629785260485292633238,0x6397f084bcee3390e92b0a4f8d0f1fa23ddabad1668c4a6783f5643564f646d6,1774236625,2026-03-23T03:30:25+00:00,0.925,clob_prices_history
96773953960313048340895711765817431775606353405814859249629785260485292633238,0x6397f084bcee3390e92b0a4f8d0f1fa23ddabad1668c4a6783f5643564f646d6,1774237534,2026-03-23T03:45:34+00:00,0.925,clob_prices_history
96773953960313048340895711765817431775606353405814859249629785260485292633238,0x6397f084bcee3390e92b0a4f8d0f1fa23ddabad1668c4a6783f5643564f646d6,1774238421,2026-03-23T04:00:21+00:00,0.925,clob_prices_history
96773953960313048340895711765817431775606353405814859249629785260485292633238,0x6397f084bcee3390e92b0a4f8d0f1fa23ddabad1668c4a6783f5643564f646d6,1774239331,2026-03-23T04:15:31+00:00,0.925,clob_prices_history
96773953960313048340895711765817431775606353405814859249629785260485292633238,0x6397f084bcee3390e92b0a4f8d0f1fa23ddabad1668c4a6783f5643564f646d6,1774240224,2026-03-23T04:30:24+00:00,0.925,clob_prices_history
96773953960313048340895711765817431775606353405814859249629785260485292633238,0x6397f084bcee3390e92b0a4f8d0f1fa23ddabad1668c4a6783f5643564f646d6,1774241123,2026-03-23T04:45:23+00:00,0.9255,clob_prices_history
96773953960313048340895711765817431775606353405814859249629785260485292633238,0x6397f084bcee3390e92b0a4f8d0f1fa23ddabad1668c4a6783f5643564f646d6,1774242028,2026-03-23T05:00:28+00:00,0.925,clob_prices_history
96773953960313048340895711765817431775606353405814859249629785260485292633238,0x6397f084bcee3390e92b0a4f8d0f1fa23ddabad1668c4a6783f5643564f646d6,1774242922,2026-03-23T05:15:22+00:00,0.925,clob_prices_history
96773953960313048340895711765817431775606353405814859249629785260485292633238,0x6397f084bcee3390e92b0a4f8d0f1fa23ddabad1668c4a6783f5643564f646d6,1774243823,2026-03-23T05:30:23+00:00,0.925,clob_prices_history
96773953960313048340895711765817431775606353405814859249629785260485292633238,0x6397f084bcee3390e92b0a4f8d0f1fa23ddabad1668c4a6783f5643564f646d6,1774244721,2026-03-23T05:45:21+00:00,0.925,clob_prices_history
96773953960313048340895711765817431775606353405814859249629785260485292633238,0x6397f084bcee3390e92b0a4f8d0f1fa23ddabad1668c4a6783f5643564f646d6,1774245627,2026-03-23T06:00:27+00:00,0.925,clob_prices_history
96773953960313048340895711765817431775606353405814859249629785260485292633238,0x6397f084bcee3390e92b0a4f8d0f1fa23ddabad1668c4a6783f5643564f646d6,1774246524,2026-03-23T06:15:24+00:00,0.925,clob_prices_history
96773953960313048340895711765817431775606353405814859249629785260485292633238,0x6397f084bcee3390e92b0a4f8d0f1fa23ddabad1668c4a6783f5643564f646d6,1774247423,2026-03-23T06:30:23+00:00,0.925,clob_prices_history
96773953960313048340895711765817431775606353405814859249629785260485292633238,0x6397f084bcee3390e92b0a4f8d0f1fa23ddabad1668c4a6783f5643564f646d6,1774248337,2026-03-23T06:45:37+00:00,0.9255,clob_prices_history
96773953960313048340895711765817431775606353405814859249629785260485292633238,0x6397f084bcee3390e92b0a4f8d0f1fa23ddabad1668c4a6783f5643564f646d6,1774249226,2026-03-23T07:00:26+00:00,0.925,clob_prices_history
96773953960313048340895711765817431775606353405814859249629785260485292633238,0x6397f084bcee3390e92b0a4f8d0f1fa23ddabad1668c4a6783f5643564f646d6,1774250122,2026-03-23T07:15:22+00:00,0.925,clob_prices_history
96773953960313048340895711765817431775606353405814859249629785260485292633238,0x6397f084bcee3390e92b0a4f8d0f1fa23ddabad1668c4a6783f5643564f646d6,1774251025,2026-03-23T07:30:25+00:00,0.925,clob_prices_history
96773953960313048340895711765817431775606353405814859249629785260485292633238,0x6397f084bcee3390e92b0a4f8d0f1fa23ddabad1668c4a6783f5643564f646d6,1774251921,2026-03-23T07:45:21+00:00,0.925,clob_prices_history
96773953960313048340895711765817431775606353405814859249629785260485292633238,0x6397f084bcee3390e92b0a4f8d0f1fa23ddabad1668c4a6783f5643564f646d6,1774252826,2026-03-23T08:00:26+00:00,0.925,clob_prices_history
96773953960313048340895711765817431775606353405814859249629785260485292633238,0x6397f084bcee3390e92b0a4f8d0f1fa23ddabad1668c4a6783f5643564f646d6,1774253725,2026-03-23T08:15:25+00:00,0.925,clob_prices_history
96773953960313048340895711765817431775606353405814859249629785260485292633238,0x6397f084bcee3390e92b0a4f8d0f1fa23ddabad1668c4a6783f5643564f646d6,1774254624,2026-03-23T08:30:24+00:00,0.925,clob_prices_history
96773953960313048340895711765817431775606353405814859249629785260485292633238,0x6397f084bcee3390e92b0a4f8d0f1fa23ddabad1668c4a6783f5643564f646d6,1774255522,2026-03-23T08:45:22+00:00,0.925,clob_prices_history
96773953960313048340895711765817431775606353405814859249629785260485292633238,0x6397f084bcee3390e92b0a4f8d0f1fa23ddabad1668c4a6783f5643564f646d6,1774256437,2026-03-23T09:00:37+00:00,0.9245,clob_prices_history
96773953960313048340895711765817431775606353405814859249629785260485292633238,0x6397f084bcee3390e92b0a4f8d0f1fa23ddabad1668c4a6783f5643564f646d6,1774257320,2026-03-23T09:15:20+00:00,0.9245,clob_prices_history
96773953960313048340895711765817431775606353405814859249629785260485292633238,0x6397f084bcee3390e92b0a4f8d0f1fa23ddabad1668c4a6783f5643564f646d6,1774258222,2026-03-23T09:30:22+00:00,0.9245,clob_prices_history
96773953960313048340895711765817431775606353405814859249629785260485292633238,0x6397f084bcee3390e92b0a4f8d0f1fa23ddabad1668c4a6783f5643564f646d6,1774259122,2026-03-23T09:45:22+00:00,0.9245,clob_prices_history
96773953960313048340895711765817431775606353405814859249629785260485292633238,0x6397f084bcee3390e92b0a4f8d0f1fa23ddabad1668c4a6783f5643564f646d6,1774260022,2026-03-23T10:00:22+00:00,0.9245,clob_prices_history
96773953960313048340895711765817431775606353405814859249629785260485292633238,0x6397f084bcee3390e92b0a4f8d0f1fa23ddabad1668c4a6783f5643564f646d6,1774260919,2026-03-23T10:15:19+00:00,0.9245,clob_prices_history
96773953960313048340895711765817431775606353405814859249629785260485292633238,0x6397f084bcee3390e92b0a4f8d0f1fa23ddabad1668c4a6783f5643564f646d6,1774261821,2026-03-23T10:30:21+00:00,0.9245,clob_prices_history
96773953960313048340895711765817431775606353405814859249629785260485292633238,0x6397f084bcee3390e92b0a4f8d0f1fa23ddabad1668c4a6783f5643564f646d6,1774262723,2026-03-23T10:45:23+00:00,0.9245,clob_prices_history
96773953960313048340895711765817431775606353405814859249629785260485292633238,0x6397f084bcee3390e92b0a4f8d0f1fa23ddabad1668c4a6783f5643564f646d6,1774263622,2026-03-23T11:00:22+00:00,0.9245,clob_prices_history
96773953960313048340895711765817431775606353405814859249629785260485292633238,0x6397f084bcee3390e92b0a4f8d0f1fa23ddabad1668c4a6783f5643564f646d6,1774264538,2026-03-23T11:15:38+00:00,0.9245,clob_prices_history
96773953960313048340895711765817431775606353405814859249629785260485292633238,0x6397f084bcee3390e92b0a4f8d0f1fa23ddabad1668c4a6783f5643564f646d6,1774265436,2026-03-23T11:30:36+00:00,0.9245,clob_prices_history
96773953960313048340895711765817431775606353405814859249629785260485292633238,0x6397f084bcee3390e92b0a4f8d0f1fa23ddabad1668c4a6783f5643564f646d6,1774266320,2026-03-23T11:45:20+00:00,0.9255,clob_prices_history
96773953960313048340895711765817431775606353405814859249629785260485292633238,0x6397f084bcee3390e92b0a4f8d0f1fa23ddabad1668c4a6783f5643564f646d6,1774267224,2026-03-23T12:00:24+00:00,0.9255,clob_prices_history
96773953960313048340895711765817431775606353405814859249629785260485292633238,0x6397f084bcee3390e92b0a4f8d0f1fa23ddabad1668c4a6783f5643564f646d6,1774268122,2026-03-23T12:15:22+00:00,0.9255,clob_prices_history
96773953960313048340895711765817431775606353405814859249629785260485292633238,0x6397f084bcee3390e92b0a4f8d0f1fa23ddabad1668c4a6783f5643564f646d6,1774269024,2026-03-23T12:30:24+00:00,0.9255,clob_prices_history
96773953960313048340895711765817431775606353405814859249629785260485292633238,0x6397f084bcee3390e92b0a4f8d0f1fa23ddabad1668c4a6783f5643564f646d6,1774269922,2026-03-23T12:45:22+00:00,0.9255,clob_prices_history
96773953960313048340895711765817431775606353405814859249629785260485292633238,0x6397f084bcee3390e92b0a4f8d0f1fa23ddabad1668c4a6783f5643564f646d6,1774270825,2026-03-23T13:00:25+00:00,0.9255,clob_prices_history
96773953960313048340895711765817431775606353405814859249629785260485292633238,0x6397f084bcee3390e92b0a4f8d0f1fa23ddabad1668c4a6783f5643564f646d6,1774271724,2026-03-23T13:15:24+00:00,0.925,clob_prices_history
96773953960313048340895711765817431775606353405814859249629785260485292633238,0x6397f084bcee3390e92b0a4f8d0f1fa23ddabad1668c4a6783f5643564f646d6,1774272625,2026-03-23T13:30:25+00:00,0.925,clob_prices_history
96773953960313048340895711765817431775606353405814859249629785260485292633238,0x6397f084bcee3390e92b0a4f8d0f1fa23ddabad1668c4a6783f5643564f646d6,1774273523,2026-03-23T13:45:23+00:00,0.925,clob_prices_history
96773953960313048340895711765817431775606353405814859249629785260485292633238,0x6397f084bcee3390e92b0a4f8d0f1fa23ddabad1668c4a6783f5643564f646d6,1774274423,2026-03-23T14:00:23+00:00,0.925,clob_prices_history
96773953960313048340895711765817431775606353405814859249629785260485292633238,0x6397f084bcee3390e92b0a4f8d0f1fa23ddabad1668c4a6783f5643564f646d6,1774275326,2026-03-23T14:15:26+00:00,0.925,clob_prices_history
96773953960313048340895711765817431775606353405814859249629785260485292633238,0x6397f084bcee3390e92b0a4f8d0f1fa23ddabad1668c4a6783f5643564f646d6,1774276219,2026-03-23T14:30:19+00:00,0.925,clob_prices_history
96773953960313048340895711765817431775606353405814859249629785260485292633238,0x6397f084bcee3390e92b0a4f8d0f1fa23ddabad1668c4a6783f5643564f646d6,1774277119,2026-03-23T14:45:19+00:00,0.925,clob_prices_history
96773953960313048340895711765817431775606353405814859249629785260485292633238,0x6397f084bcee3390e92b0a4f8d0f1fa23ddabad1668c4a6783f5643564f646d6,1774278020,2026-03-23T15:00:20+00:00,0.925,clob_prices_history
96773953960313048340895711765817431775606353405814859249629785260485292633238,0x6397f084bcee3390e92b0a4f8d0f1fa23ddabad1668c4a6783f5643564f646d6,1774278919,2026-03-23T15:15:19+00:00,0.925,clob_prices_history
96773953960313048340895711765817431775606353405814859249629785260485292633238,0x6397f084bcee3390e92b0a4f8d0f1fa23ddabad1668c4a6783f5643564f646d6,1774279821,2026-03-23T15:30:21+00:00,0.925,clob_prices_history
96773953960313048340895711765817431775606353405814859249629785260485292633238,0x6397f084bcee3390e92b0a4f8d0f1fa23ddabad1668c4a6783f5643564f646d6,1774280719,2026-03-23T15:45:19+00:00,0.925,clob_prices_history
96773953960313048340895711765817431775606353405814859249629785260485292633238,0x6397f084bcee3390e92b0a4f8d0f1fa23ddabad1668c4a6783f5643564f646d6,1774281621,2026-03-23T16:00:21+00:00,0.925,clob_prices_history
96773953960313048340895711765817431775606353405814859249629785260485292633238,0x6397f084bcee3390e92b0a4f8d0f1fa23ddabad1668c4a6783f5643564f646d6,1774282519,2026-03-23T16:15:19+00:00,0.925,clob_prices_history
96773953960313048340895711765817431775606353405814859249629785260485292633238,0x6397f084bcee3390e92b0a4f8d0f1fa23ddabad1668c4a6783f5643564f646d6,1774283432,2026-03-23T16:30:32+00:00,0.925,clob_prices_history
96773953960313048340895711765817431775606353405814859249629785260485292633238,0x6397f084bcee3390e92b0a4f8d0f1fa23ddabad1668c4a6783f5643564f646d6,1774284320,2026-03-23T16:45:20+00:00,0.925,clob_prices_history
96773953960313048340895711765817431775606353405814859249629785260485292633238,0x6397f084bcee3390e92b0a4f8d0f1fa23ddabad1668c4a6783f5643564f646d6,1774285225,2026-03-23T17:00:25+00:00,0.925,clob_prices_history
96773953960313048340895711765817431775606353405814859249629785260485292633238,0x6397f084bcee3390e92b0a4f8d0f1fa23ddabad1668c4a6783f5643564f646d6,1774286121,2026-03-23T17:15:21+00:00,0.925,clob_prices_history
96773953960313048340895711765817431775606353405814859249629785260485292633238,0x6397f084bcee3390e92b0a4f8d0f1fa23ddabad1668c4a6783f5643564f646d6,1774287021,2026-03-23T17:30:21+00:00,0.9295,clob_prices_history
96773953960313048340895711765817431775606353405814859249629785260485292633238,0x6397f084bcee3390e92b0a4f8d0f1fa23ddabad1668c4a6783f5643564f646d6,1774287920,2026-03-23T17:45:20+00:00,0.9295,clob_prices_history
96773953960313048340895711765817431775606353405814859249629785260485292633238,0x6397f084bcee3390e92b0a4f8d0f1fa23ddabad1668c4a6783f5643564f646d6,1774288821,2026-03-23T18:00:21+00:00,0.9295,clob_prices_history
96773953960313048340895711765817431775606353405814859249629785260485292633238,0x6397f084bcee3390e92b0a4f8d0f1fa23ddabad1668c4a6783f5643564f646d6,1774289722,2026-03-23T18:15:22+00:00,0.9295,clob_prices_history
96773953960313048340895711765817431775606353405814859249629785260485292633238,0x6397f084bcee3390e92b0a4f8d0f1fa23ddabad1668c4a6783f5643564f646d6,1774290621,2026-03-23T18:30:21+00:00,0.9295,clob_prices_history
96773953960313048340895711765817431775606353405814859249629785260485292633238,0x6397f084bcee3390e92b0a4f8d0f1fa23ddabad1668c4a6783f5643564f646d6,1774291522,2026-03-23T18:45:22+00:00,0.9295,clob_prices_history
96773953960313048340895711765817431775606353405814859249629785260485292633238,0x6397f084bcee3390e92b0a4f8d0f1fa23ddabad1668c4a6783f5643564f646d6,1774292437,2026-03-23T19:00:37+00:00,0.9295,clob_prices_history
96773953960313048340895711765817431775606353405814859249629785260485292633238,0x6397f084bcee3390e92b0a4f8d0f1fa23ddabad1668c4a6783f5643564f646d6,1774293324,2026-03-23T19:15:24+00:00,0.9295,clob_prices_history
96773953960313048340895711765817431775606353405814859249629785260485292633238,0x6397f084bcee3390e92b0a4f8d0f1fa23ddabad1668c4a6783f5643564f646d6,1774294221,2026-03-23T19:30:21+00:00,0.9275,clob_prices_history
96773953960313048340895711765817431775606353405814859249629785260485292633238,0x6397f084bcee3390e92b0a4f8d0f1fa23ddabad1668c4a6783f5643564f646d6,1774295122,2026-03-23T19:45:22+00:00,0.928,clob_prices_history
96773953960313048340895711765817431775606353405814859249629785260485292633238,0x6397f084bcee3390e92b0a4f8d0f1fa23ddabad1668c4a6783f5643564f646d6,1774296022,2026-03-23T20:00:22+00:00,0.928,clob_prices_history
96773953960313048340895711765817431775606353405814859249629785260485292633238,0x6397f084bcee3390e92b0a4f8d0f1fa23ddabad1668c4a6783f5643564f646d6,1774296920,2026-03-23T20:15:20+00:00,0.928,clob_prices_history
96773953960313048340895711765817431775606353405814859249629785260485292633238,0x6397f084bcee3390e92b0a4f8d0f1fa23ddabad1668c4a6783f5643564f646d6,1774297822,2026-03-23T20:30:22+00:00,0.928,clob_prices_history
96773953960313048340895711765817431775606353405814859249629785260485292633238,0x6397f084bcee3390e92b0a4f8d0f1fa23ddabad1668c4a6783f5643564f646d6,1774298721,2026-03-23T20:45:21+00:00,0.9275,clob_prices_history
96773953960313048340895711765817431775606353405814859249629785260485292633238,0x6397f084bcee3390e92b0a4f8d0f1fa23ddabad1668c4a6783f5643564f646d6,1774299622,2026-03-23T21:00:22+00:00,0.9275,clob_prices_history
96773953960313048340895711765817431775606353405814859249629785260485292633238,0x6397f084bcee3390e92b0a4f8d0f1fa23ddabad1668c4a6783f5643564f646d6,1774300535,2026-03-23T21:15:35+00:00,0.9275,clob_prices_history
96773953960313048340895711765817431775606353405814859249629785260485292633238,0x6397f084bcee3390e92b0a4f8d0f1fa23ddabad1668c4a6783f5643564f646d6,1774301424,2026-03-23T21:30:24+00:00,0.927,clob_prices_history
96773953960313048340895711765817431775606353405814859249629785260485292633238,0x6397f084bcee3390e92b0a4f8d0f1fa23ddabad1668c4a6783f5643564f646d6,1774302322,2026-03-23T21:45:22+00:00,0.9275,clob_prices_history
96773953960313048340895711765817431775606353405814859249629785260485292633238,0x6397f084bcee3390e92b0a4f8d0f1fa23ddabad1668c4a6783f5643564f646d6,1774303224,2026-03-23T22:00:24+00:00,0.928,clob_prices_history
96773953960313048340895711765817431775606353405814859249629785260485292633238,0x6397f084bcee3390e92b0a4f8d0f1fa23ddabad1668c4a6783f5643564f646d6,1774304125,2026-03-23T22:15:25+00:00,0.928,clob_prices_history
96773953960313048340895711765817431775606353405814859249629785260485292633238,0x6397f084bcee3390e92b0a4f8d0f1fa23ddabad1668c4a6783f5643564f646d6,1774305023,2026-03-23T22:30:23+00:00,0.928,clob_prices_history
96773953960313048340895711765817431775606353405814859249629785260485292633238,0x6397f084bcee3390e92b0a4f8d0f1fa23ddabad1668c4a6783f5643564f646d6,1774305923,2026-03-23T22:45:23+00:00,0.9275,clob_prices_history
96773953960313048340895711765817431775606353405814859249629785260485292633238,0x6397f084bcee3390e92b0a4f8d0f1fa23ddabad1668c4a6783f5643564f646d6,1774306822,2026-03-23T23:00:22+00:00,0.9275,clob_prices_history
96773953960313048340895711765817431775606353405814859249629785260485292633238,0x6397f084bcee3390e92b0a4f8d0f1fa23ddabad1668c4a6783f5643564f646d6,1774307721,2026-03-23T23:15:21+00:00,0.9275,clob_prices_history
96773953960313048340895711765817431775606353405814859249629785260485292633238,0x6397f084bcee3390e92b0a4f8d0f1fa23ddabad1668c4a6783f5643564f646d6,1774308625,2026-03-23T23:30:25+00:00,0.9305,clob_prices_history
96773953960313048340895711765817431775606353405814859249629785260485292633238,0x6397f084bcee3390e92b0a4f8d0f1fa23ddabad1668c4a6783f5643564f646d6,1774309525,2026-03-23T23:45:25+00:00,0.9315,clob_prices_history
96773953960313048340895711765817431775606353405814859249629785260485292633238,0x6397f084bcee3390e92b0a4f8d0f1fa23ddabad1668c4a6783f5643564f646d6,1774310423,2026-03-24T00:00:23+00:00,0.9325,clob_prices_history
96773953960313048340895711765817431775606353405814859249629785260485292633238,0x6397f084bcee3390e92b0a4f8d0f1fa23ddabad1668c4a6783f5643564f646d6,1774311322,2026-03-24T00:15:22+00:00,0.931,clob_prices_history
96773953960313048340895711765817431775606353405814859249629785260485292633238,0x6397f084bcee3390e92b0a4f8d0f1fa23ddabad1668c4a6783f5643564f646d6,1774312220,2026-03-24T00:30:20+00:00,0.931,clob_prices_history
96773953960313048340895711765817431775606353405814859249629785260485292633238,0x6397f084bcee3390e92b0a4f8d0f1fa23ddabad1668c4a6783f5643564f646d6,1774313120,2026-03-24T00:45:20+00:00,0.931,clob_prices_history
96773953960313048340895711765817431775606353405814859249629785260485292633238,0x6397f084bcee3390e92b0a4f8d0f1fa23ddabad1668c4a6783f5643564f646d6,1774314022,2026-03-24T01:00:22+00:00,0.931,clob_prices_history
96773953960313048340895711765817431775606353405814859249629785260485292633238,0x6397f084bcee3390e92b0a4f8d0f1fa23ddabad1668c4a6783f5643564f646d6,1774314921,2026-03-24T01:15:21+00:00,0.931,clob_prices_history
96773953960313048340895711765817431775606353405814859249629785260485292633238,0x6397f084bcee3390e92b0a4f8d0f1fa23ddabad1668c4a6783f5643564f646d6,1774315821,2026-03-24T01:30:21+00:00,0.931,clob_prices_history
96773953960313048340895711765817431775606353405814859249629785260485292633238,0x6397f084bcee3390e92b0a4f8d0f1fa23ddabad1668c4a6783f5643564f646d6,1774316721,2026-03-24T01:45:21+00:00,0.931,clob_prices_history
96773953960313048340895711765817431775606353405814859249629785260485292633238,0x6397f084bcee3390e92b0a4f8d0f1fa23ddabad1668c4a6783f5643564f646d6,1774317624,2026-03-24T02:00:24+00:00,0.9315,clob_prices_history
96773953960313048340895711765817431775606353405814859249629785260485292633238,0x6397f084bcee3390e92b0a4f8d0f1fa23ddabad1668c4a6783f5643564f646d6,1774318521,2026-03-24T02:15:21+00:00,0.931,clob_prices_history
96773953960313048340895711765817431775606353405814859249629785260485292633238,0x6397f084bcee3390e92b0a4f8d0f1fa23ddabad1668c4a6783f5643564f646d6,1774319421,2026-03-24T02:30:21+00:00,0.9325,clob_prices_history
96773953960313048340895711765817431775606353405814859249629785260485292633238,0x6397f084bcee3390e92b0a4f8d0f1fa23ddabad1668c4a6783f5643564f646d6,1774320321,2026-03-24T02:45:21+00:00,0.9325,clob_prices_history
96773953960313048340895711765817431775606353405814859249629785260485292633238,0x6397f084bcee3390e92b0a4f8d0f1fa23ddabad1668c4a6783f5643564f646d6,1774321222,2026-03-24T03:00:22+00:00,0.9335,clob_prices_history
96773953960313048340895711765817431775606353405814859249629785260485292633238,0x6397f084bcee3390e92b0a4f8d0f1fa23ddabad1668c4a6783f5643564f646d6,1774322125,2026-03-24T03:15:25+00:00,0.9375,clob_prices_history
96773953960313048340895711765817431775606353405814859249629785260485292633238,0x6397f084bcee3390e92b0a4f8d0f1fa23ddabad1668c4a6783f5643564f646d6,1774323021,2026-03-24T03:30:21+00:00,0.936,clob_prices_history
96773953960313048340895711765817431775606353405814859249629785260485292633238,0x6397f084bcee3390e92b0a4f8d0f1fa23ddabad1668c4a6783f5643564f646d6,1774323921,2026-03-24T03:45:21+00:00,0.9375,clob_prices_history
96773953960313048340895711765817431775606353405814859249629785260485292633238,0x6397f084bcee3390e92b0a4f8d0f1fa23ddabad1668c4a6783f5643564f646d6,1774324825,2026-03-24T04:00:25+00:00,0.9375,clob_prices_history
96773953960313048340895711765817431775606353405814859249629785260485292633238,0x6397f084bcee3390e92b0a4f8d0f1fa23ddabad1668c4a6783f5643564f646d6,1774325721,2026-03-24T04:15:21+00:00,0.94,clob_prices_history
96773953960313048340895711765817431775606353405814859249629785260485292633238,0x6397f084bcee3390e92b0a4f8d0f1fa23ddabad1668c4a6783f5643564f646d6,1774326622,2026-03-24T04:30:22+00:00,0.94,clob_prices_history
96773953960313048340895711765817431775606353405814859249629785260485292633238,0x6397f084bcee3390e92b0a4f8d0f1fa23ddabad1668c4a6783f5643564f646d6,1774327521,2026-03-24T04:45:21+00:00,0.941,clob_prices_history
96773953960313048340895711765817431775606353405814859249629785260485292633238,0x6397f084bcee3390e92b0a4f8d0f1fa23ddabad1668c4a6783f5643564f646d6,1774328425,2026-03-24T05:00:25+00:00,0.9405,clob_prices_history
96773953960313048340895711765817431775606353405814859249629785260485292633238,0x6397f084bcee3390e92b0a4f8d0f1fa23ddabad1668c4a6783f5643564f646d6,1774329321,2026-03-24T05:15:21+00:00,0.94,clob_prices_history
96773953960313048340895711765817431775606353405814859249629785260485292633238,0x6397f084bcee3390e92b0a4f8d0f1fa23ddabad1668c4a6783f5643564f646d6,1774330224,2026-03-24T05:30:24+00:00,0.9395,clob_prices_history
96773953960313048340895711765817431775606353405814859249629785260485292633238,0x6397f084bcee3390e92b0a4f8d0f1fa23ddabad1668c4a6783f5643564f646d6,1774331124,2026-03-24T05:45:24+00:00,0.9395,clob_prices_history
96773953960313048340895711765817431775606353405814859249629785260485292633238,0x6397f084bcee3390e92b0a4f8d0f1fa23ddabad1668c4a6783f5643564f646d6,1774332023,2026-03-24T06:00:23+00:00,0.9395,clob_prices_history
96773953960313048340895711765817431775606353405814859249629785260485292633238,0x6397f084bcee3390e92b0a4f8d0f1fa23ddabad1668c4a6783f5643564f646d6,1774332921,2026-03-24T06:15:21+00:00,0.9395,clob_prices_history
96773953960313048340895711765817431775606353405814859249629785260485292633238,0x6397f084bcee3390e92b0a4f8d0f1fa23ddabad1668c4a6783f5643564f646d6,1774333822,2026-03-24T06:30:22+00:00,0.9395,clob_prices_history
96773953960313048340895711765817431775606353405814859249629785260485292633238,0x6397f084bcee3390e92b0a4f8d0f1fa23ddabad1668c4a6783f5643564f646d6,1774334725,2026-03-24T06:45:25+00:00,0.9395,clob_prices_history
96773953960313048340895711765817431775606353405814859249629785260485292633238,0x6397f084bcee3390e92b0a4f8d0f1fa23ddabad1668c4a6783f5643564f646d6,1774335622,2026-03-24T07:00:22+00:00,0.9395,clob_prices_history
96773953960313048340895711765817431775606353405814859249629785260485292633238,0x6397f084bcee3390e92b0a4f8d0f1fa23ddabad1668c4a6783f5643564f646d6,1774336535,2026-03-24T07:15:35+00:00,0.9395,clob_prices_history
96773953960313048340895711765817431775606353405814859249629785260485292633238,0x6397f084bcee3390e92b0a4f8d0f1fa23ddabad1668c4a6783f5643564f646d6,1774337422,2026-03-24T07:30:22+00:00,0.9395,clob_prices_history
96773953960313048340895711765817431775606353405814859249629785260485292633238,0x6397f084bcee3390e92b0a4f8d0f1fa23ddabad1668c4a6783f5643564f646d6,1774338324,2026-03-24T07:45:24+00:00,0.9395,clob_prices_history
96773953960313048340895711765817431775606353405814859249629785260485292633238,0x6397f084bcee3390e92b0a4f8d0f1fa23ddabad1668c4a6783f5643564f646d6,1774339221,2026-03-24T08:00:21+00:00,0.94,clob_prices_history
96773953960313048340895711765817431775606353405814859249629785260485292633238,0x6397f084bcee3390e92b0a4f8d0f1fa23ddabad1668c4a6783f5643564f646d6,1774340124,2026-03-24T08:15:24+00:00,0.9395,clob_prices_history
96773953960313048340895711765817431775606353405814859249629785260485292633238,0x6397f084bcee3390e92b0a4f8d0f1fa23ddabad1668c4a6783f5643564f646d6,1774341025,2026-03-24T08:30:25+00:00,0.9405,clob_prices_history
96773953960313048340895711765817431775606353405814859249629785260485292633238,0x6397f084bcee3390e92b0a4f8d0f1fa23ddabad1668c4a6783f5643564f646d6,1774341924,2026-03-24T08:45:24+00:00,0.9405,clob_prices_history
96773953960313048340895711765817431775606353405814859249629785260485292633238,0x6397f084bcee3390e92b0a4f8d0f1fa23ddabad1668c4a6783f5643564f646d6,1774342823,2026-03-24T09:00:23+00:00,0.942,clob_prices_history
96773953960313048340895711765817431775606353405814859249629785260485292633238,0x6397f084bcee3390e92b0a4f8d0f1fa23ddabad1668c4a6783f5643564f646d6,1774343721,2026-03-24T09:15:21+00:00,0.942,clob_prices_history
96773953960313048340895711765817431775606353405814859249629785260485292633238,0x6397f084bcee3390e92b0a4f8d0f1fa23ddabad1668c4a6783f5643564f646d6,1774344621,2026-03-24T09:30:21+00:00,0.942,clob_prices_history
96773953960313048340895711765817431775606353405814859249629785260485292633238,0x6397f084bcee3390e92b0a4f8d0f1fa23ddabad1668c4a6783f5643564f646d6,1774345524,2026-03-24T09:45:24+00:00,0.942,clob_prices_history
96773953960313048340895711765817431775606353405814859249629785260485292633238,0x6397f084bcee3390e92b0a4f8d0f1fa23ddabad1668c4a6783f5643564f646d6,1774346421,2026-03-24T10:00:21+00:00,0.942,clob_prices_history
96773953960313048340895711765817431775606353405814859249629785260485292633238,0x6397f084bcee3390e92b0a4f8d0f1fa23ddabad1668c4a6783f5643564f646d6,1774347324,2026-03-24T10:15:24+00:00,0.9415,clob_prices_history
96773953960313048340895711765817431775606353405814859249629785260485292633238,0x6397f084bcee3390e92b0a4f8d0f1fa23ddabad1668c4a6783f5643564f646d6,1774348221,2026-03-24T10:30:21+00:00,0.9425,clob_prices_history
96773953960313048340895711765817431775606353405814859249629785260485292633238,0x6397f084bcee3390e92b0a4f8d0f1fa23ddabad1668c4a6783f5643564f646d6,1774349124,2026-03-24T10:45:24+00:00,0.9425,clob_prices_history
96773953960313048340895711765817431775606353405814859249629785260485292633238,0x6397f084bcee3390e92b0a4f8d0f1fa23ddabad1668c4a6783f5643564f646d6,1774350041,2026-03-24T11:00:41+00:00,0.9425,clob_prices_history
96773953960313048340895711765817431775606353405814859249629785260485292633238,0x6397f084bcee3390e92b0a4f8d0f1fa23ddabad1668c4a6783f5643564f646d6,1774350925,2026-03-24T11:15:25+00:00,0.9425,clob_prices_history
96773953960313048340895711765817431775606353405814859249629785260485292633238,0x6397f084bcee3390e92b0a4f8d0f1fa23ddabad1668c4a6783f5643564f646d6,1774351823,2026-03-24T11:30:23+00:00,0.9425,clob_prices_history
96773953960313048340895711765817431775606353405814859249629785260485292633238,0x6397f084bcee3390e92b0a4f8d0f1fa23ddabad1668c4a6783f5643564f646d6,1774352725,2026-03-24T11:45:25+00:00,0.9425,clob_prices_history
96773953960313048340895711765817431775606353405814859249629785260485292633238,0x6397f084bcee3390e92b0a4f8d0f1fa23ddabad1668c4a6783f5643564f646d6,1774353628,2026-03-24T12:00:28+00:00,0.9425,clob_prices_history
96773953960313048340895711765817431775606353405814859249629785260485292633238,0x6397f084bcee3390e92b0a4f8d0f1fa23ddabad1668c4a6783f5643564f646d6,1774354526,2026-03-24T12:15:26+00:00,0.9425,clob_prices_history
96773953960313048340895711765817431775606353405814859249629785260485292633238,0x6397f084bcee3390e92b0a4f8d0f1fa23ddabad1668c4a6783f5643564f646d6,1774355429,2026-03-24T12:30:29+00:00,0.9425,clob_prices_history
96773953960313048340895711765817431775606353405814859249629785260485292633238,0x6397f084bcee3390e92b0a4f8d0f1fa23ddabad1668c4a6783f5643564f646d6,1774356330,2026-03-24T12:45:30+00:00,0.942,clob_prices_history
96773953960313048340895711765817431775606353405814859249629785260485292633238,0x6397f084bcee3390e92b0a4f8d0f1fa23ddabad1668c4a6783f5643564f646d6,1774357242,2026-03-24T13:00:42+00:00,0.9425,clob_prices_history
96773953960313048340895711765817431775606353405814859249629785260485292633238,0x6397f084bcee3390e92b0a4f8d0f1fa23ddabad1668c4a6783f5643564f646d6,1774358130,2026-03-24T13:15:30+00:00,0.9425,clob_prices_history
96773953960313048340895711765817431775606353405814859249629785260485292633238,0x6397f084bcee3390e92b0a4f8d0f1fa23ddabad1668c4a6783f5643564f646d6,1774359030,2026-03-24T13:30:30+00:00,0.9425,clob_prices_history
96773953960313048340895711765817431775606353405814859249629785260485292633238,0x6397f084bcee3390e92b0a4f8d0f1fa23ddabad1668c4a6783f5643564f646d6,1774359931,2026-03-24T13:45:31+00:00,0.9425,clob_prices_history
96773953960313048340895711765817431775606353405814859249629785260485292633238,0x6397f084bcee3390e92b0a4f8d0f1fa23ddabad1668c4a6783f5643564f646d6,1774360831,2026-03-24T14:00:31+00:00,0.9425,clob_prices_history
96773953960313048340895711765817431775606353405814859249629785260485292633238,0x6397f084bcee3390e92b0a4f8d0f1fa23ddabad1668c4a6783f5643564f646d6,1774361729,2026-03-24T14:15:29+00:00,0.9425,clob_prices_history
96773953960313048340895711765817431775606353405814859249629785260485292633238,0x6397f084bcee3390e92b0a4f8d0f1fa23ddabad1668c4a6783f5643564f646d6,1774362635,2026-03-24T14:30:35+00:00,0.9425,clob_prices_history
96773953960313048340895711765817431775606353405814859249629785260485292633238,0x6397f084bcee3390e92b0a4f8d0f1fa23ddabad1668c4a6783f5643564f646d6,1774363527,2026-03-24T14:45:27+00:00,0.9425,clob_prices_history
96773953960313048340895711765817431775606353405814859249629785260485292633238,0x6397f084bcee3390e92b0a4f8d0f1fa23ddabad1668c4a6783f5643564f646d6,1774364435,2026-03-24T15:00:35+00:00,0.9425,clob_prices_history
96773953960313048340895711765817431775606353405814859249629785260485292633238,0x6397f084bcee3390e92b0a4f8d0f1fa23ddabad1668c4a6783f5643564f646d6,1774365332,2026-03-24T15:15:32+00:00,0.9425,clob_prices_history
96773953960313048340895711765817431775606353405814859249629785260485292633238,0x6397f084bcee3390e92b0a4f8d0f1fa23ddabad1668c4a6783f5643564f646d6,1774366235,2026-03-24T15:30:35+00:00,0.9425,clob_prices_history
96773953960313048340895711765817431775606353405814859249629785260485292633238,0x6397f084bcee3390e92b0a4f8d0f1fa23ddabad1668c4a6783f5643564f646d6,1774367133,2026-03-24T15:45:33+00:00,0.9425,clob_prices_history
96773953960313048340895711765817431775606353405814859249629785260485292633238,0x6397f084bcee3390e92b0a4f8d0f1fa23ddabad1668c4a6783f5643564f646d6,1774368030,2026-03-24T16:00:30+00:00,0.9425,clob_prices_history
96773953960313048340895711765817431775606353405814859249629785260485292633238,0x6397f084bcee3390e92b0a4f8d0f1fa23ddabad1668c4a6783f5643564f646d6,1774368931,2026-03-24T16:15:31+00:00,0.9425,clob_prices_history
96773953960313048340895711765817431775606353405814859249629785260485292633238,0x6397f084bcee3390e92b0a4f8d0f1fa23ddabad1668c4a6783f5643564f646d6,1774369830,2026-03-24T16:30:30+00:00,0.9425,clob_prices_history
96773953960313048340895711765817431775606353405814859249629785260485292633238,0x6397f084bcee3390e92b0a4f8d0f1fa23ddabad1668c4a6783f5643564f646d6,1774370734,2026-03-24T16:45:34+00:00,0.9425,clob_prices_history
96773953960313048340895711765817431775606353405814859249629785260485292633238,0x6397f084bcee3390e92b0a4f8d0f1fa23ddabad1668c4a6783f5643564f646d6,1774371632,2026-03-24T17:00:32+00:00,0.9425,clob_prices_history
96773953960313048340895711765817431775606353405814859249629785260485292633238,0x6397f084bcee3390e92b0a4f8d0f1fa23ddabad1668c4a6783f5643564f646d6,1774372530,2026-03-24T17:15:30+00:00,0.9425,clob_prices_history
96773953960313048340895711765817431775606353405814859249629785260485292633238,0x6397f084bcee3390e92b0a4f8d0f1fa23ddabad1668c4a6783f5643564f646d6,1774373438,2026-03-24T17:30:38+00:00,0.9425,clob_prices_history
96773953960313048340895711765817431775606353405814859249629785260485292633238,0x6397f084bcee3390e92b0a4f8d0f1fa23ddabad1668c4a6783f5643564f646d6,1774374328,2026-03-24T17:45:28+00:00,0.9425,clob_prices_history
96773953960313048340895711765817431775606353405814859249629785260485292633238,0x6397f084bcee3390e92b0a4f8d0f1fa23ddabad1668c4a6783f5643564f646d6,1774375239,2026-03-24T18:00:39+00:00,0.9425,clob_prices_history
96773953960313048340895711765817431775606353405814859249629785260485292633238,0x6397f084bcee3390e92b0a4f8d0f1fa23ddabad1668c4a6783f5643564f646d6,1774376128,2026-03-24T18:15:28+00:00,0.9425,clob_prices_history
96773953960313048340895711765817431775606353405814859249629785260485292633238,0x6397f084bcee3390e92b0a4f8d0f1fa23ddabad1668c4a6783f5643564f646d6,1774377031,2026-03-24T18:30:31+00:00,0.9415,clob_prices_history
96773953960313048340895711765817431775606353405814859249629785260485292633238,0x6397f084bcee3390e92b0a4f8d0f1fa23ddabad1668c4a6783f5643564f646d6,1774377931,2026-03-24T18:45:31+00:00,0.9415,clob_prices_history
96773953960313048340895711765817431775606353405814859249629785260485292633238,0x6397f084bcee3390e92b0a4f8d0f1fa23ddabad1668c4a6783f5643564f646d6,1774378832,2026-03-24T19:00:32+00:00,0.9415,clob_prices_history
96773953960313048340895711765817431775606353405814859249629785260485292633238,0x6397f084bcee3390e92b0a4f8d0f1fa23ddabad1668c4a6783f5643564f646d6,1774379729,2026-03-24T19:15:29+00:00,0.9425,clob_prices_history
96773953960313048340895711765817431775606353405814859249629785260485292633238,0x6397f084bcee3390e92b0a4f8d0f1fa23ddabad1668c4a6783f5643564f646d6,1774380633,2026-03-24T19:30:33+00:00,0.9425,clob_prices_history
96773953960313048340895711765817431775606353405814859249629785260485292633238,0x6397f084bcee3390e92b0a4f8d0f1fa23ddabad1668c4a6783f5643564f646d6,1774381533,2026-03-24T19:45:33+00:00,0.9425,clob_prices_history
96773953960313048340895711765817431775606353405814859249629785260485292633238,0x6397f084bcee3390e92b0a4f8d0f1fa23ddabad1668c4a6783f5643564f646d6,1774382434,2026-03-24T20:00:34+00:00,0.946,clob_prices_history
96773953960313048340895711765817431775606353405814859249629785260485292633238,0x6397f084bcee3390e92b0a4f8d0f1fa23ddabad1668c4a6783f5643564f646d6,1774383332,2026-03-24T20:15:32+00:00,0.946,clob_prices_history
96773953960313048340895711765817431775606353405814859249629785260485292633238,0x6397f084bcee3390e92b0a4f8d0f1fa23ddabad1668c4a6783f5643564f646d6,1774384233,2026-03-24T20:30:33+00:00,0.946,clob_prices_history
96773953960313048340895711765817431775606353405814859249629785260485292633238,0x6397f084bcee3390e92b0a4f8d0f1fa23ddabad1668c4a6783f5643564f646d6,1774385129,2026-03-24T20:45:29+00:00,0.946,clob_prices_history
96773953960313048340895711765817431775606353405814859249629785260485292633238,0x6397f084bcee3390e92b0a4f8d0f1fa23ddabad1668c4a6783f5643564f646d6,1774386044,2026-03-24T21:00:44+00:00,0.946,clob_prices_history
96773953960313048340895711765817431775606353405814859249629785260485292633238,0x6397f084bcee3390e92b0a4f8d0f1fa23ddabad1668c4a6783f5643564f646d6,1774386926,2026-03-24T21:15:26+00:00,0.946,clob_prices_history
96773953960313048340895711765817431775606353405814859249629785260485292633238,0x6397f084bcee3390e92b0a4f8d0f1fa23ddabad1668c4a6783f5643564f646d6,1774387831,2026-03-24T21:30:31+00:00,0.946,clob_prices_history
96773953960313048340895711765817431775606353405814859249629785260485292633238,0x6397f084bcee3390e92b0a4f8d0f1fa23ddabad1668c4a6783f5643564f646d6,1774388726,2026-03-24T21:45:26+00:00,0.946,clob_prices_history
96773953960313048340895711765817431775606353405814859249629785260485292633238,0x6397f084bcee3390e92b0a4f8d0f1fa23ddabad1668c4a6783f5643564f646d6,1774389629,2026-03-24T22:00:29+00:00,0.946,clob_prices_history
96773953960313048340895711765817431775606353405814859249629785260485292633238,0x6397f084bcee3390e92b0a4f8d0f1fa23ddabad1668c4a6783f5643564f646d6,1774390528,2026-03-24T22:15:28+00:00,0.946,clob_prices_history
96773953960313048340895711765817431775606353405814859249629785260485292633238,0x6397f084bcee3390e92b0a4f8d0f1fa23ddabad1668c4a6783f5643564f646d6,1774391434,2026-03-24T22:30:34+00:00,0.9465,clob_prices_history
96773953960313048340895711765817431775606353405814859249629785260485292633238,0x6397f084bcee3390e92b0a4f8d0f1fa23ddabad1668c4a6783f5643564f646d6,1774392328,2026-03-24T22:45:28+00:00,0.9465,clob_prices_history
96773953960313048340895711765817431775606353405814859249629785260485292633238,0x6397f084bcee3390e92b0a4f8d0f1fa23ddabad1668c4a6783f5643564f646d6,1774393233,2026-03-24T23:00:33+00:00,0.947,clob_prices_history
96773953960313048340895711765817431775606353405814859249629785260485292633238,0x6397f084bcee3390e92b0a4f8d0f1fa23ddabad1668c4a6783f5643564f646d6,1774394130,2026-03-24T23:15:30+00:00,0.947,clob_prices_history
96773953960313048340895711765817431775606353405814859249629785260485292633238,0x6397f084bcee3390e92b0a4f8d0f1fa23ddabad1668c4a6783f5643564f646d6,1774395035,2026-03-24T23:30:35+00:00,0.945,clob_prices_history
96773953960313048340895711765817431775606353405814859249629785260485292633238,0x6397f084bcee3390e92b0a4f8d0f1fa23ddabad1668c4a6783f5643564f646d6,1774395930,2026-03-24T23:45:30+00:00,0.946,clob_prices_history
96773953960313048340895711765817431775606353405814859249629785260485292633238,0x6397f084bcee3390e92b0a4f8d0f1fa23ddabad1668c4a6783f5643564f646d6,1774396840,2026-03-25T00:00:40+00:00,0.9455,clob_prices_history
96773953960313048340895711765817431775606353405814859249629785260485292633238,0x6397f084bcee3390e92b0a4f8d0f1fa23ddabad1668c4a6783f5643564f646d6,1774397729,2026-03-25T00:15:29+00:00,0.9465,clob_prices_history
96773953960313048340895711765817431775606353405814859249629785260485292633238,0x6397f084bcee3390e92b0a4f8d0f1fa23ddabad1668c4a6783f5643564f646d6,1774398631,2026-03-25T00:30:31+00:00,0.9465,clob_prices_history
96773953960313048340895711765817431775606353405814859249629785260485292633238,0x6397f084bcee3390e92b0a4f8d0f1fa23ddabad1668c4a6783f5643564f646d6,1774399530,2026-03-25T00:45:30+00:00,0.9465,clob_prices_history
96773953960313048340895711765817431775606353405814859249629785260485292633238,0x6397f084bcee3390e92b0a4f8d0f1fa23ddabad1668c4a6783f5643564f646d6,1774400431,2026-03-25T01:00:31+00:00,0.9465,clob_prices_history
96773953960313048340895711765817431775606353405814859249629785260485292633238,0x6397f084bcee3390e92b0a4f8d0f1fa23ddabad1668c4a6783f5643564f646d6,1774401330,2026-03-25T01:15:30+00:00,0.9465,clob_prices_history
96773953960313048340895711765817431775606353405814859249629785260485292633238,0x6397f084bcee3390e92b0a4f8d0f1fa23ddabad1668c4a6783f5643564f646d6,1774402230,2026-03-25T01:30:30+00:00,0.9465,clob_prices_history
96773953960313048340895711765817431775606353405814859249629785260485292633238,0x6397f084bcee3390e92b0a4f8d0f1fa23ddabad1668c4a6783f5643564f646d6,1774403130,2026-03-25T01:45:30+00:00,0.9465,clob_prices_history
96773953960313048340895711765817431775606353405814859249629785260485292633238,0x6397f084bcee3390e92b0a4f8d0f1fa23ddabad1668c4a6783f5643564f646d6,1774404032,2026-03-25T02:00:32+00:00,0.9465,clob_prices_history
96773953960313048340895711765817431775606353405814859249629785260485292633238,0x6397f084bcee3390e92b0a4f8d0f1fa23ddabad1668c4a6783f5643564f646d6,1774404929,2026-03-25T02:15:29+00:00,0.9465,clob_prices_history
96773953960313048340895711765817431775606353405814859249629785260485292633238,0x6397f084bcee3390e92b0a4f8d0f1fa23ddabad1668c4a6783f5643564f646d6,1774405833,2026-03-25T02:30:33+00:00,0.9465,clob_prices_history
96773953960313048340895711765817431775606353405814859249629785260485292633238,0x6397f084bcee3390e92b0a4f8d0f1fa23ddabad1668c4a6783f5643564f646d6,1774406729,2026-03-25T02:45:29+00:00,0.9465,clob_prices_history
96773953960313048340895711765817431775606353405814859249629785260485292633238,0x6397f084bcee3390e92b0a4f8d0f1fa23ddabad1668c4a6783f5643564f646d6,1774407634,2026-03-25T03:00:34+00:00,0.9465,clob_prices_history
96773953960313048340895711765817431775606353405814859249629785260485292633238,0x6397f084bcee3390e92b0a4f8d0f1fa23ddabad1668c4a6783f5643564f646d6,1774408531,2026-03-25T03:15:31+00:00,0.9465,clob_prices_history
96773953960313048340895711765817431775606353405814859249629785260485292633238,0x6397f084bcee3390e92b0a4f8d0f1fa23ddabad1668c4a6783f5643564f646d6,1774409432,2026-03-25T03:30:32+00:00,0.9465,clob_prices_history
96773953960313048340895711765817431775606353405814859249629785260485292633238,0x6397f084bcee3390e92b0a4f8d0f1fa23ddabad1668c4a6783f5643564f646d6,1774410328,2026-03-25T03:45:28+00:00,0.9465,clob_prices_history
96773953960313048340895711765817431775606353405814859249629785260485292633238,0x6397f084bcee3390e92b0a4f8d0f1fa23ddabad1668c4a6783f5643564f646d6,1774411234,2026-03-25T04:00:34+00:00,0.9465,clob_prices_history
96773953960313048340895711765817431775606353405814859249629785260485292633238,0x6397f084bcee3390e92b0a4f8d0f1fa23ddabad1668c4a6783f5643564f646d6,1774412130,2026-03-25T04:15:30+00:00,0.9465,clob_prices_history
96773953960313048340895711765817431775606353405814859249629785260485292633238,0x6397f084bcee3390e92b0a4f8d0f1fa23ddabad1668c4a6783f5643564f646d6,1774413042,2026-03-25T04:30:42+00:00,0.9465,clob_prices_history
96773953960313048340895711765817431775606353405814859249629785260485292633238,0x6397f084bcee3390e92b0a4f8d0f1fa23ddabad1668c4a6783f5643564f646d6,1774413930,2026-03-25T04:45:30+00:00,0.9465,clob_prices_history
96773953960313048340895711765817431775606353405814859249629785260485292633238,0x6397f084bcee3390e92b0a4f8d0f1fa23ddabad1668c4a6783f5643564f646d6,1774414834,2026-03-25T05:00:34+00:00,0.9475,clob_prices_history
96773953960313048340895711765817431775606353405814859249629785260485292633238,0x6397f084bcee3390e92b0a4f8d0f1fa23ddabad1668c4a6783f5643564f646d6,1774415739,2026-03-25T05:15:39+00:00,0.948,clob_prices_history
96773953960313048340895711765817431775606353405814859249629785260485292633238,0x6397f084bcee3390e92b0a4f8d0f1fa23ddabad1668c4a6783f5643564f646d6,1774416634,2026-03-25T05:30:34+00:00,0.948,clob_prices_history
96773953960313048340895711765817431775606353405814859249629785260485292633238,0x6397f084bcee3390e92b0a4f8d0f1fa23ddabad1668c4a6783f5643564f646d6,1774417529,2026-03-25T05:45:29+00:00,0.948,clob_prices_history
96773953960313048340895711765817431775606353405814859249629785260485292633238,0x6397f084bcee3390e92b0a4f8d0f1fa23ddabad1668c4a6783f5643564f646d6,1774418438,2026-03-25T06:00:38+00:00,0.948,clob_prices_history
96773953960313048340895711765817431775606353405814859249629785260485292633238,0x6397f084bcee3390e92b0a4f8d0f1fa23ddabad1668c4a6783f5643564f646d6,1774419328,2026-03-25T06:15:28+00:00,0.948,clob_prices_history
96773953960313048340895711765817431775606353405814859249629785260485292633238,0x6397f084bcee3390e92b0a4f8d0f1fa23ddabad1668c4a6783f5643564f646d6,1774420235,2026-03-25T06:30:35+00:00,0.948,clob_prices_history
96773953960313048340895711765817431775606353405814859249629785260485292633238,0x6397f084bcee3390e92b0a4f8d0f1fa23ddabad1668c4a6783f5643564f646d6,1774421132,2026-03-25T06:45:32+00:00,0.948,clob_prices_history
96773953960313048340895711765817431775606353405814859249629785260485292633238,0x6397f084bcee3390e92b0a4f8d0f1fa23ddabad1668c4a6783f5643564f646d6,1774422031,2026-03-25T07:00:31+00:00,0.948,clob_prices_history
96773953960313048340895711765817431775606353405814859249629785260485292633238,0x6397f084bcee3390e92b0a4f8d0f1fa23ddabad1668c4a6783f5643564f646d6,1774422932,2026-03-25T07:15:32+00:00,0.948,clob_prices_history
96773953960313048340895711765817431775606353405814859249629785260485292633238,0x6397f084bcee3390e92b0a4f8d0f1fa23ddabad1668c4a6783f5643564f646d6,1774423832,2026-03-25T07:30:32+00:00,0.948,clob_prices_history
96773953960313048340895711765817431775606353405814859249629785260485292633238,0x6397f084bcee3390e92b0a4f8d0f1fa23ddabad1668c4a6783f5643564f646d6,1774424731,2026-03-25T07:45:31+00:00,0.948,clob_prices_history
96773953960313048340895711765817431775606353405814859249629785260485292633238,0x6397f084bcee3390e92b0a4f8d0f1fa23ddabad1668c4a6783f5643564f646d6,1774425630,2026-03-25T08:00:30+00:00,0.948,clob_prices_history
96773953960313048340895711765817431775606353405814859249629785260485292633238,0x6397f084bcee3390e92b0a4f8d0f1fa23ddabad1668c4a6783f5643564f646d6,1774426530,2026-03-25T08:15:30+00:00,0.948,clob_prices_history
96773953960313048340895711765817431775606353405814859249629785260485292633238,0x6397f084bcee3390e92b0a4f8d0f1fa23ddabad1668c4a6783f5643564f646d6,1774427430,2026-03-25T08:30:30+00:00,0.948,clob_prices_history
96773953960313048340895711765817431775606353405814859249629785260485292633238,0x6397f084bcee3390e92b0a4f8d0f1fa23ddabad1668c4a6783f5643564f646d6,1774428331,2026-03-25T08:45:31+00:00,0.948,clob_prices_history
96773953960313048340895711765817431775606353405814859249629785260485292633238,0x6397f084bcee3390e92b0a4f8d0f1fa23ddabad1668c4a6783f5643564f646d6,1774429237,2026-03-25T09:00:37+00:00,0.948,clob_prices_history
96773953960313048340895711765817431775606353405814859249629785260485292633238,0x6397f084bcee3390e92b0a4f8d0f1fa23ddabad1668c4a6783f5643564f646d6,1774430131,2026-03-25T09:15:31+00:00,0.948,clob_prices_history
96773953960313048340895711765817431775606353405814859249629785260485292633238,0x6397f084bcee3390e92b0a4f8d0f1fa23ddabad1668c4a6783f5643564f646d6,1774431035,2026-03-25T09:30:35+00:00,0.949,clob_prices_history
96773953960313048340895711765817431775606353405814859249629785260485292633238,0x6397f084bcee3390e92b0a4f8d0f1fa23ddabad1668c4a6783f5643564f646d6,1774431931,2026-03-25T09:45:31+00:00,0.949,clob_prices_history
96773953960313048340895711765817431775606353405814859249629785260485292633238,0x6397f084bcee3390e92b0a4f8d0f1fa23ddabad1668c4a6783f5643564f646d6,1774432835,2026-03-25T10:00:35+00:00,0.9495,clob_prices_history
96773953960313048340895711765817431775606353405814859249629785260485292633238,0x6397f084bcee3390e92b0a4f8d0f1fa23ddabad1668c4a6783f5643564f646d6,1774433729,2026-03-25T10:15:29+00:00,0.9495,clob_prices_history
96773953960313048340895711765817431775606353405814859249629785260485292633238,0x6397f084bcee3390e92b0a4f8d0f1fa23ddabad1668c4a6783f5643564f646d6,1774434633,2026-03-25T10:30:33+00:00,0.9495,clob_prices_history
96773953960313048340895711765817431775606353405814859249629785260485292633238,0x6397f084bcee3390e92b0a4f8d0f1fa23ddabad1668c4a6783f5643564f646d6,1774435530,2026-03-25T10:45:30+00:00,0.9495,clob_prices_history
96773953960313048340895711765817431775606353405814859249629785260485292633238,0x6397f084bcee3390e92b0a4f8d0f1fa23ddabad1668c4a6783f5643564f646d6,1774436436,2026-03-25T11:00:36+00:00,0.9495,clob_prices_history
96773953960313048340895711765817431775606353405814859249629785260485292633238,0x6397f084bcee3390e92b0a4f8d0f1fa23ddabad1668c4a6783f5643564f646d6,1774437328,2026-03-25T11:15:28+00:00,0.9495,clob_prices_history
96773953960313048340895711765817431775606353405814859249629785260485292633238,0x6397f084bcee3390e92b0a4f8d0f1fa23ddabad1668c4a6783f5643564f646d6,1774438232,2026-03-25T11:30:32+00:00,0.9495,clob_prices_history
96773953960313048340895711765817431775606353405814859249629785260485292633238,0x6397f084bcee3390e92b0a4f8d0f1fa23ddabad1668c4a6783f5643564f646d6,1774439130,2026-03-25T11:45:30+00:00,0.9495,clob_prices_history
96773953960313048340895711765817431775606353405814859249629785260485292633238,0x6397f084bcee3390e92b0a4f8d0f1fa23ddabad1668c4a6783f5643564f646d6,1774440042,2026-03-25T12:00:42+00:00,0.9495,clob_prices_history
96773953960313048340895711765817431775606353405814859249629785260485292633238,0x6397f084bcee3390e92b0a4f8d0f1fa23ddabad1668c4a6783f5643564f646d6,1774440932,2026-03-25T12:15:32+00:00,0.9495,clob_prices_history
96773953960313048340895711765817431775606353405814859249629785260485292633238,0x6397f084bcee3390e92b0a4f8d0f1fa23ddabad1668c4a6783f5643564f646d6,1774441837,2026-03-25T12:30:37+00:00,0.9495,clob_prices_history
96773953960313048340895711765817431775606353405814859249629785260485292633238,0x6397f084bcee3390e92b0a4f8d0f1fa23ddabad1668c4a6783f5643564f646d6,1774442729,2026-03-25T12:45:29+00:00,0.9495,clob_prices_history
96773953960313048340895711765817431775606353405814859249629785260485292633238,0x6397f084bcee3390e92b0a4f8d0f1fa23ddabad1668c4a6783f5643564f646d6,1774443635,2026-03-25T13:00:35+00:00,0.9495,clob_prices_history
96773953960313048340895711765817431775606353405814859249629785260485292633238,0x6397f084bcee3390e92b0a4f8d0f1fa23ddabad1668c4a6783f5643564f646d6,1774444530,2026-03-25T13:15:30+00:00,0.9495,clob_prices_history
96773953960313048340895711765817431775606353405814859249629785260485292633238,0x6397f084bcee3390e92b0a4f8d0f1fa23ddabad1668c4a6783f5643564f646d6,1774445438,2026-03-25T13:30:38+00:00,0.9495,clob_prices_history
96773953960313048340895711765817431775606353405814859249629785260485292633238,0x6397f084bcee3390e92b0a4f8d0f1fa23ddabad1668c4a6783f5643564f646d6,1774446331,2026-03-25T13:45:31+00:00,0.9495,clob_prices_history
96773953960313048340895711765817431775606353405814859249629785260485292633238,0x6397f084bcee3390e92b0a4f8d0f1fa23ddabad1668c4a6783f5643564f646d6,1774447245,2026-03-25T14:00:45+00:00,0.9495,clob_prices_history
96773953960313048340895711765817431775606353405814859249629785260485292633238,0x6397f084bcee3390e92b0a4f8d0f1fa23ddabad1668c4a6783f5643564f646d6,1774448135,2026-03-25T14:15:35+00:00,0.9495,clob_prices_history
96773953960313048340895711765817431775606353405814859249629785260485292633238,0x6397f084bcee3390e92b0a4f8d0f1fa23ddabad1668c4a6783f5643564f646d6,1774449038,2026-03-25T14:30:38+00:00,0.9495,clob_prices_history
96773953960313048340895711765817431775606353405814859249629785260485292633238,0x6397f084bcee3390e92b0a4f8d0f1fa23ddabad1668c4a6783f5643564f646d6,1774449931,2026-03-25T14:45:31+00:00,0.9495,clob_prices_history
96773953960313048340895711765817431775606353405814859249629785260485292633238,0x6397f084bcee3390e92b0a4f8d0f1fa23ddabad1668c4a6783f5643564f646d6,1774450840,2026-03-25T15:00:40+00:00,0.9495,clob_prices_history
96773953960313048340895711765817431775606353405814859249629785260485292633238,0x6397f084bcee3390e92b0a4f8d0f1fa23ddabad1668c4a6783f5643564f646d6,1774451731,2026-03-25T15:15:31+00:00,0.9495,clob_prices_history
96773953960313048340895711765817431775606353405814859249629785260485292633238,0x6397f084bcee3390e92b0a4f8d0f1fa23ddabad1668c4a6783f5643564f646d6,1774452635,2026-03-25T15:30:35+00:00,0.9495,clob_prices_history
96773953960313048340895711765817431775606353405814859249629785260485292633238,0x6397f084bcee3390e92b0a4f8d0f1fa23ddabad1668c4a6783f5643564f646d6,1774453531,2026-03-25T15:45:31+00:00,0.9495,clob_prices_history
96773953960313048340895711765817431775606353405814859249629785260485292633238,0x6397f084bcee3390e92b0a4f8d0f1fa23ddabad1668c4a6783f5643564f646d6,1774454435,2026-03-25T16:00:35+00:00,0.9495,clob_prices_history
96773953960313048340895711765817431775606353405814859249629785260485292633238,0x6397f084bcee3390e92b0a4f8d0f1fa23ddabad1668c4a6783f5643564f646d6,1774455347,2026-03-25T16:15:47+00:00,0.9495,clob_prices_history
96773953960313048340895711765817431775606353405814859249629785260485292633238,0x6397f084bcee3390e92b0a4f8d0f1fa23ddabad1668c4a6783f5643564f646d6,1774456232,2026-03-25T16:30:32+00:00,0.9495,clob_prices_history
96773953960313048340895711765817431775606353405814859249629785260485292633238,0x6397f084bcee3390e92b0a4f8d0f1fa23ddabad1668c4a6783f5643564f646d6,1774457130,2026-03-25T16:45:30+00:00,0.9515,clob_prices_history
96773953960313048340895711765817431775606353405814859249629785260485292633238,0x6397f084bcee3390e92b0a4f8d0f1fa23ddabad1668c4a6783f5643564f646d6,1774458033,2026-03-25T17:00:33+00:00,0.9515,clob_prices_history
96773953960313048340895711765817431775606353405814859249629785260485292633238,0x6397f084bcee3390e92b0a4f8d0f1fa23ddabad1668c4a6783f5643564f646d6,1774458930,2026-03-25T17:15:30+00:00,0.9515,clob_prices_history
96773953960313048340895711765817431775606353405814859249629785260485292633238,0x6397f084bcee3390e92b0a4f8d0f1fa23ddabad1668c4a6783f5643564f646d6,1774459833,2026-03-25T17:30:33+00:00,0.9515,clob_prices_history
96773953960313048340895711765817431775606353405814859249629785260485292633238,0x6397f084bcee3390e92b0a4f8d0f1fa23ddabad1668c4a6783f5643564f646d6,1774460731,2026-03-25T17:45:31+00:00,0.9515,clob_prices_history
96773953960313048340895711765817431775606353405814859249629785260485292633238,0x6397f084bcee3390e92b0a4f8d0f1fa23ddabad1668c4a6783f5643564f646d6,1774461640,2026-03-25T18:00:40+00:00,0.9515,clob_prices_history
96773953960313048340895711765817431775606353405814859249629785260485292633238,0x6397f084bcee3390e92b0a4f8d0f1fa23ddabad1668c4a6783f5643564f646d6,1774462531,2026-03-25T18:15:31+00:00,0.9515,clob_prices_history
96773953960313048340895711765817431775606353405814859249629785260485292633238,0x6397f084bcee3390e92b0a4f8d0f1fa23ddabad1668c4a6783f5643564f646d6,1774463444,2026-03-25T18:30:44+00:00,0.9515,clob_prices_history
96773953960313048340895711765817431775606353405814859249629785260485292633238,0x6397f084bcee3390e92b0a4f8d0f1fa23ddabad1668c4a6783f5643564f646d6,1774464339,2026-03-25T18:45:39+00:00,0.9515,clob_prices_history
96773953960313048340895711765817431775606353405814859249629785260485292633238,0x6397f084bcee3390e92b0a4f8d0f1fa23ddabad1668c4a6783f5643564f646d6,1774465235,2026-03-25T19:00:35+00:00,0.9515,clob_prices_history
96773953960313048340895711765817431775606353405814859249629785260485292633238,0x6397f084bcee3390e92b0a4f8d0f1fa23ddabad1668c4a6783f5643564f646d6,1774466131,2026-03-25T19:15:31+00:00,0.9515,clob_prices_history
96773953960313048340895711765817431775606353405814859249629785260485292633238,0x6397f084bcee3390e92b0a4f8d0f1fa23ddabad1668c4a6783f5643564f646d6,1774467034,2026-03-25T19:30:34+00:00,0.9515,clob_prices_history
96773953960313048340895711765817431775606353405814859249629785260485292633238,0x6397f084bcee3390e92b0a4f8d0f1fa23ddabad1668c4a6783f5643564f646d6,1774467934,2026-03-25T19:45:34+00:00,0.9515,clob_prices_history
96773953960313048340895711765817431775606353405814859249629785260485292633238,0x6397f084bcee3390e92b0a4f8d0f1fa23ddabad1668c4a6783f5643564f646d6,1774468835,2026-03-25T20:00:35+00:00,0.9515,clob_prices_history
96773953960313048340895711765817431775606353405814859249629785260485292633238,0x6397f084bcee3390e92b0a4f8d0f1fa23ddabad1668c4a6783f5643564f646d6,1774469730,2026-03-25T20:15:30+00:00,0.9515,clob_prices_history
96773953960313048340895711765817431775606353405814859249629785260485292633238,0x6397f084bcee3390e92b0a4f8d0f1fa23ddabad1668c4a6783f5643564f646d6,1774470636,2026-03-25T20:30:36+00:00,0.9515,clob_prices_history
96773953960313048340895711765817431775606353405814859249629785260485292633238,0x6397f084bcee3390e92b0a4f8d0f1fa23ddabad1668c4a6783f5643564f646d6,1774471528,2026-03-25T20:45:28+00:00,0.9515,clob_prices_history
96773953960313048340895711765817431775606353405814859249629785260485292633238,0x6397f084bcee3390e92b0a4f8d0f1fa23ddabad1668c4a6783f5643564f646d6,1774472436,2026-03-25T21:00:36+00:00,0.9515,clob_prices_history
96773953960313048340895711765817431775606353405814859249629785260485292633238,0x6397f084bcee3390e92b0a4f8d0f1fa23ddabad1668c4a6783f5643564f646d6,1774473327,2026-03-25T21:15:27+00:00,0.9515,clob_prices_history
96773953960313048340895711765817431775606353405814859249629785260485292633238,0x6397f084bcee3390e92b0a4f8d0f1fa23ddabad1668c4a6783f5643564f646d6,1774474230,2026-03-25T21:30:30+00:00,0.9515,clob_prices_history
96773953960313048340895711765817431775606353405814859249629785260485292633238,0x6397f084bcee3390e92b0a4f8d0f1fa23ddabad1668c4a6783f5643564f646d6,1774475128,2026-03-25T21:45:28+00:00,0.9515,clob_prices_history
96773953960313048340895711765817431775606353405814859249629785260485292633238,0x6397f084bcee3390e92b0a4f8d0f1fa23ddabad1668c4a6783f5643564f646d6,1774476032,2026-03-25T22:00:32+00:00,0.9525,clob_prices_history
96773953960313048340895711765817431775606353405814859249629785260485292633238,0x6397f084bcee3390e92b0a4f8d0f1fa23ddabad1668c4a6783f5643564f646d6,1774476931,2026-03-25T22:15:31+00:00,0.9525,clob_prices_history
96773953960313048340895711765817431775606353405814859249629785260485292633238,0x6397f084bcee3390e92b0a4f8d0f1fa23ddabad1668c4a6783f5643564f646d6,1774477843,2026-03-25T22:30:43+00:00,0.9525,clob_prices_history
96773953960313048340895711765817431775606353405814859249629785260485292633238,0x6397f084bcee3390e92b0a4f8d0f1fa23ddabad1668c4a6783f5643564f646d6,1774478731,2026-03-25T22:45:31+00:00,0.9525,clob_prices_history
96773953960313048340895711765817431775606353405814859249629785260485292633238,0x6397f084bcee3390e92b0a4f8d0f1fa23ddabad1668c4a6783f5643564f646d6,1774479632,2026-03-25T23:00:32+00:00,0.9525,clob_prices_history
96773953960313048340895711765817431775606353405814859249629785260485292633238,0x6397f084bcee3390e92b0a4f8d0f1fa23ddabad1668c4a6783f5643564f646d6,1774480530,2026-03-25T23:15:30+00:00,0.9525,clob_prices_history
96773953960313048340895711765817431775606353405814859249629785260485292633238,0x6397f084bcee3390e92b0a4f8d0f1fa23ddabad1668c4a6783f5643564f646d6,1774481447,2026-03-25T23:30:47+00:00,0.9525,clob_prices_history
96773953960313048340895711765817431775606353405814859249629785260485292633238,0x6397f084bcee3390e92b0a4f8d0f1fa23ddabad1668c4a6783f5643564f646d6,1774482330,2026-03-25T23:45:30+00:00,0.9525,clob_prices_history
96773953960313048340895711765817431775606353405814859249629785260485292633238,0x6397f084bcee3390e92b0a4f8d0f1fa23ddabad1668c4a6783f5643564f646d6,1774483244,2026-03-26T00:00:44+00:00,0.9525,clob_prices_history
96773953960313048340895711765817431775606353405814859249629785260485292633238,0x6397f084bcee3390e92b0a4f8d0f1fa23ddabad1668c4a6783f5643564f646d6,1774484132,2026-03-26T00:15:32+00:00,0.9525,clob_prices_history
96773953960313048340895711765817431775606353405814859249629785260485292633238,0x6397f084bcee3390e92b0a4f8d0f1fa23ddabad1668c4a6783f5643564f646d6,1774485031,2026-03-26T00:30:31+00:00,0.956,clob_prices_history
96773953960313048340895711765817431775606353405814859249629785260485292633238,0x6397f084bcee3390e92b0a4f8d0f1fa23ddabad1668c4a6783f5643564f646d6,1774485929,2026-03-26T00:45:29+00:00,0.956,clob_prices_history
96773953960313048340895711765817431775606353405814859249629785260485292633238,0x6397f084bcee3390e92b0a4f8d0f1fa23ddabad1668c4a6783f5643564f646d6,1774486836,2026-03-26T01:00:36+00:00,0.9565,clob_prices_history
96773953960313048340895711765817431775606353405814859249629785260485292633238,0x6397f084bcee3390e92b0a4f8d0f1fa23ddabad1668c4a6783f5643564f646d6,1774487731,2026-03-26T01:15:31+00:00,0.9565,clob_prices_history
96773953960313048340895711765817431775606353405814859249629785260485292633238,0x6397f084bcee3390e92b0a4f8d0f1fa23ddabad1668c4a6783f5643564f646d6,1774488639,2026-03-26T01:30:39+00:00,0.9565,clob_prices_history
96773953960313048340895711765817431775606353405814859249629785260485292633238,0x6397f084bcee3390e92b0a4f8d0f1fa23ddabad1668c4a6783f5643564f646d6,1774489543,2026-03-26T01:45:43+00:00,0.956,clob_prices_history
96773953960313048340895711765817431775606353405814859249629785260485292633238,0x6397f084bcee3390e92b0a4f8d0f1fa23ddabad1668c4a6783f5643564f646d6,1774490434,2026-03-26T02:00:34+00:00,0.9565,clob_prices_history
96773953960313048340895711765817431775606353405814859249629785260485292633238,0x6397f084bcee3390e92b0a4f8d0f1fa23ddabad1668c4a6783f5643564f646d6,1774491327,2026-03-26T02:15:27+00:00,0.956,clob_prices_history
96773953960313048340895711765817431775606353405814859249629785260485292633238,0x6397f084bcee3390e92b0a4f8d0f1fa23ddabad1668c4a6783f5643564f646d6,1774492235,2026-03-26T02:30:35+00:00,0.9565,clob_prices_history
96773953960313048340895711765817431775606353405814859249629785260485292633238,0x6397f084bcee3390e92b0a4f8d0f1fa23ddabad1668c4a6783f5643564f646d6,1774493130,2026-03-26T02:45:30+00:00,0.9555,clob_prices_history
96773953960313048340895711765817431775606353405814859249629785260485292633238,0x6397f084bcee3390e92b0a4f8d0f1fa23ddabad1668c4a6783f5643564f646d6,1774494040,2026-03-26T03:00:40+00:00,0.9555,clob_prices_history
96773953960313048340895711765817431775606353405814859249629785260485292633238,0x6397f084bcee3390e92b0a4f8d0f1fa23ddabad1668c4a6783f5643564f646d6,1774494929,2026-03-26T03:15:29+00:00,0.955,clob_prices_history
96773953960313048340895711765817431775606353405814859249629785260485292633238,0x6397f084bcee3390e92b0a4f8d0f1fa23ddabad1668c4a6783f5643564f646d6,1774495835,2026-03-26T03:30:35+00:00,0.9555,clob_prices_history
96773953960313048340895711765817431775606353405814859249629785260485292633238,0x6397f084bcee3390e92b0a4f8d0f1fa23ddabad1668c4a6783f5643564f646d6,1774496730,2026-03-26T03:45:30+00:00,0.9555,clob_prices_history
96773953960313048340895711765817431775606353405814859249629785260485292633238,0x6397f084bcee3390e92b0a4f8d0f1fa23ddabad1668c4a6783f5643564f646d6,1774497636,2026-03-26T04:00:36+00:00,0.9555,clob_prices_history
96773953960313048340895711765817431775606353405814859249629785260485292633238,0x6397f084bcee3390e92b0a4f8d0f1fa23ddabad1668c4a6783f5643564f646d6,1774498528,2026-03-26T04:15:28+00:00,0.9555,clob_prices_history
96773953960313048340895711765817431775606353405814859249629785260485292633238,0x6397f084bcee3390e92b0a4f8d0f1fa23ddabad1668c4a6783f5643564f646d6,1774499436,2026-03-26T04:30:36+00:00,0.9545,clob_prices_history
96773953960313048340895711765817431775606353405814859249629785260485292633238,0x6397f084bcee3390e92b0a4f8d0f1fa23ddabad1668c4a6783f5643564f646d6,1774500336,2026-03-26T04:45:36+00:00,0.9525,clob_prices_history
96773953960313048340895711765817431775606353405814859249629785260485292633238,0x6397f084bcee3390e92b0a4f8d0f1fa23ddabad1668c4a6783f5643564f646d6,1774501232,2026-03-26T05:00:32+00:00,0.965,clob_prices_history
96773953960313048340895711765817431775606353405814859249629785260485292633238,0x6397f084bcee3390e92b0a4f8d0f1fa23ddabad1668c4a6783f5643564f646d6,1774502132,2026-03-26T05:15:32+00:00,0.96,clob_prices_history
96773953960313048340895711765817431775606353405814859249629785260485292633238,0x6397f084bcee3390e92b0a4f8d0f1fa23ddabad1668c4a6783f5643564f646d6,1774503036,2026-03-26T05:30:36+00:00,0.963,clob_prices_history
96773953960313048340895711765817431775606353405814859249629785260485292633238,0x6397f084bcee3390e92b0a4f8d0f1fa23ddabad1668c4a6783f5643564f646d6,1774503932,2026-03-26T05:45:32+00:00,0.9615,clob_prices_history
96773953960313048340895711765817431775606353405814859249629785260485292633238,0x6397f084bcee3390e92b0a4f8d0f1fa23ddabad1668c4a6783f5643564f646d6,1774504842,2026-03-26T06:00:42+00:00,0.961,clob_prices_history
96773953960313048340895711765817431775606353405814859249629785260485292633238,0x6397f084bcee3390e92b0a4f8d0f1fa23ddabad1668c4a6783f5643564f646d6,1774505730,2026-03-26T06:15:30+00:00,0.9625,clob_prices_history
96773953960313048340895711765817431775606353405814859249629785260485292633238,0x6397f084bcee3390e92b0a4f8d0f1fa23ddabad1668c4a6783f5643564f646d6,1774506636,2026-03-26T06:30:36+00:00,0.962,clob_prices_history
96773953960313048340895711765817431775606353405814859249629785260485292633238,0x6397f084bcee3390e92b0a4f8d0f1fa23ddabad1668c4a6783f5643564f646d6,1774507526,2026-03-26T06:45:26+00:00,0.9655,clob_prices_history
96773953960313048340895711765817431775606353405814859249629785260485292633238,0x6397f084bcee3390e92b0a4f8d0f1fa23ddabad1668c4a6783f5643564f646d6,1774508446,2026-03-26T07:00:46+00:00,0.964,clob_prices_history
96773953960313048340895711765817431775606353405814859249629785260485292633238,0x6397f084bcee3390e92b0a4f8d0f1fa23ddabad1668c4a6783f5643564f646d6,1774509327,2026-03-26T07:15:27+00:00,0.9635,clob_prices_history
96773953960313048340895711765817431775606353405814859249629785260485292633238,0x6397f084bcee3390e92b0a4f8d0f1fa23ddabad1668c4a6783f5643564f646d6,1774510235,2026-03-26T07:30:35+00:00,0.96,clob_prices_history
96773953960313048340895711765817431775606353405814859249629785260485292633238,0x6397f084bcee3390e92b0a4f8d0f1fa23ddabad1668c4a6783f5643564f646d6,1774511127,2026-03-26T07:45:27+00:00,0.9635,clob_prices_history
96773953960313048340895711765817431775606353405814859249629785260485292633238,0x6397f084bcee3390e92b0a4f8d0f1fa23ddabad1668c4a6783f5643564f646d6,1774512036,2026-03-26T08:00:36+00:00,0.964,clob_prices_history
96773953960313048340895711765817431775606353405814859249629785260485292633238,0x6397f084bcee3390e92b0a4f8d0f1fa23ddabad1668c4a6783f5643564f646d6,1774512930,2026-03-26T08:15:30+00:00,0.964,clob_prices_history
96773953960313048340895711765817431775606353405814859249629785260485292633238,0x6397f084bcee3390e92b0a4f8d0f1fa23ddabad1668c4a6783f5643564f646d6,1774513831,2026-03-26T08:30:31+00:00,0.964,clob_prices_history
96773953960313048340895711765817431775606353405814859249629785260485292633238,0x6397f084bcee3390e92b0a4f8d0f1fa23ddabad1668c4a6783f5643564f646d6,1774514729,2026-03-26T08:45:29+00:00,0.969,clob_prices_history
96773953960313048340895711765817431775606353405814859249629785260485292633238,0x6397f084bcee3390e92b0a4f8d0f1fa23ddabad1668c4a6783f5643564f646d6,1774515635,2026-03-26T09:00:35+00:00,0.9665,clob_prices_history
96773953960313048340895711765817431775606353405814859249629785260485292633238,0x6397f084bcee3390e92b0a4f8d0f1fa23ddabad1668c4a6783f5643564f646d6,1774516530,2026-03-26T09:15:30+00:00,0.9665,clob_prices_history
96773953960313048340895711765817431775606353405814859249629785260485292633238,0x6397f084bcee3390e92b0a4f8d0f1fa23ddabad1668c4a6783f5643564f646d6,1774517430,2026-03-26T09:30:30+00:00,0.9645,clob_prices_history
96773953960313048340895711765817431775606353405814859249629785260485292633238,0x6397f084bcee3390e92b0a4f8d0f1fa23ddabad1668c4a6783f5643564f646d6,1774518331,2026-03-26T09:45:31+00:00,0.9685,clob_prices_history
96773953960313048340895711765817431775606353405814859249629785260485292633238,0x6397f084bcee3390e92b0a4f8d0f1fa23ddabad1668c4a6783f5643564f646d6,1774519238,2026-03-26T10:00:38+00:00,0.9665,clob_prices_history
96773953960313048340895711765817431775606353405814859249629785260485292633238,0x6397f084bcee3390e92b0a4f8d0f1fa23ddabad1668c4a6783f5643564f646d6,1774520130,2026-03-26T10:15:30+00:00,0.9685,clob_prices_history
96773953960313048340895711765817431775606353405814859249629785260485292633238,0x6397f084bcee3390e92b0a4f8d0f1fa23ddabad1668c4a6783f5643564f646d6,1774521033,2026-03-26T10:30:33+00:00,0.9695,clob_prices_history
96773953960313048340895711765817431775606353405814859249629785260485292633238,0x6397f084bcee3390e92b0a4f8d0f1fa23ddabad1668c4a6783f5643564f646d6,1774521931,2026-03-26T10:45:31+00:00,0.971,clob_prices_history
96773953960313048340895711765817431775606353405814859249629785260485292633238,0x6397f084bcee3390e92b0a4f8d0f1fa23ddabad1668c4a6783f5643564f646d6,1774522830,2026-03-26T11:00:30+00:00,0.971,clob_prices_history
96773953960313048340895711765817431775606353405814859249629785260485292633238,0x6397f084bcee3390e92b0a4f8d0f1fa23ddabad1668c4a6783f5643564f646d6,1774523728,2026-03-26T11:15:28+00:00,0.971,clob_prices_history
96773953960313048340895711765817431775606353405814859249629785260485292633238,0x6397f084bcee3390e92b0a4f8d0f1fa23ddabad1668c4a6783f5643564f646d6,1774524632,2026-03-26T11:30:32+00:00,0.971,clob_prices_history
96773953960313048340895711765817431775606353405814859249629785260485292633238,0x6397f084bcee3390e92b0a4f8d0f1fa23ddabad1668c4a6783f5643564f646d6,1774525530,2026-03-26T11:45:30+00:00,0.971,clob_prices_history
96773953960313048340895711765817431775606353405814859249629785260485292633238,0x6397f084bcee3390e92b0a4f8d0f1fa23ddabad1668c4a6783f5643564f646d6,1774526454,2026-03-26T12:00:54+00:00,0.971,clob_prices_history
96773953960313048340895711765817431775606353405814859249629785260485292633238,0x6397f084bcee3390e92b0a4f8d0f1fa23ddabad1668c4a6783f5643564f646d6,1774527329,2026-03-26T12:15:29+00:00,0.971,clob_prices_history
96773953960313048340895711765817431775606353405814859249629785260485292633238,0x6397f084bcee3390e92b0a4f8d0f1fa23ddabad1668c4a6783f5643564f646d6,1774528247,2026-03-26T12:30:47+00:00,0.971,clob_prices_history
96773953960313048340895711765817431775606353405814859249629785260485292633238,0x6397f084bcee3390e92b0a4f8d0f1fa23ddabad1668c4a6783f5643564f646d6,1774529129,2026-03-26T12:45:29+00:00,0.971,clob_prices_history
96773953960313048340895711765817431775606353405814859249629785260485292633238,0x6397f084bcee3390e92b0a4f8d0f1fa23ddabad1668c4a6783f5643564f646d6,1774530046,2026-03-26T13:00:46+00:00,0.971,clob_prices_history
96773953960313048340895711765817431775606353405814859249629785260485292633238,0x6397f084bcee3390e92b0a4f8d0f1fa23ddabad1668c4a6783f5643564f646d6,1774530930,2026-03-26T13:15:30+00:00,0.971,clob_prices_history
96773953960313048340895711765817431775606353405814859249629785260485292633238,0x6397f084bcee3390e92b0a4f8d0f1fa23ddabad1668c4a6783f5643564f646d6,1774531836,2026-03-26T13:30:36+00:00,0.971,clob_prices_history
96773953960313048340895711765817431775606353405814859249629785260485292633238,0x6397f084bcee3390e92b0a4f8d0f1fa23ddabad1668c4a6783f5643564f646d6,1774532730,2026-03-26T13:45:30+00:00,0.971,clob_prices_history
96773953960313048340895711765817431775606353405814859249629785260485292633238,0x6397f084bcee3390e92b0a4f8d0f1fa23ddabad1668c4a6783f5643564f646d6,1774533636,2026-03-26T14:00:36+00:00,0.971,clob_prices_history
96773953960313048340895711765817431775606353405814859249629785260485292633238,0x6397f084bcee3390e92b0a4f8d0f1fa23ddabad1668c4a6783f5643564f646d6,1774534530,2026-03-26T14:15:30+00:00,0.971,clob_prices_history
96773953960313048340895711765817431775606353405814859249629785260485292633238,0x6397f084bcee3390e92b0a4f8d0f1fa23ddabad1668c4a6783f5643564f646d6,1774535432,2026-03-26T14:30:32+00:00,0.9715,clob_prices_history
96773953960313048340895711765817431775606353405814859249629785260485292633238,0x6397f084bcee3390e92b0a4f8d0f1fa23ddabad1668c4a6783f5643564f646d6,1774536329,2026-03-26T14:45:29+00:00,0.9725,clob_prices_history
96773953960313048340895711765817431775606353405814859249629785260485292633238,0x6397f084bcee3390e92b0a4f8d0f1fa23ddabad1668c4a6783f5643564f646d6,1774537240,2026-03-26T15:00:40+00:00,0.972,clob_prices_history
96773953960313048340895711765817431775606353405814859249629785260485292633238,0x6397f084bcee3390e92b0a4f8d0f1fa23ddabad1668c4a6783f5643564f646d6,1774538129,2026-03-26T15:15:29+00:00,0.972,clob_prices_history
96773953960313048340895711765817431775606353405814859249629785260485292633238,0x6397f084bcee3390e92b0a4f8d0f1fa23ddabad1668c4a6783f5643564f646d6,1774539032,2026-03-26T15:30:32+00:00,0.972,clob_prices_history
96773953960313048340895711765817431775606353405814859249629785260485292633238,0x6397f084bcee3390e92b0a4f8d0f1fa23ddabad1668c4a6783f5643564f646d6,1774539929,2026-03-26T15:45:29+00:00,0.9735,clob_prices_history
96773953960313048340895711765817431775606353405814859249629785260485292633238,0x6397f084bcee3390e92b0a4f8d0f1fa23ddabad1668c4a6783f5643564f646d6,1774540838,2026-03-26T16:00:38+00:00,0.974,clob_prices_history
96773953960313048340895711765817431775606353405814859249629785260485292633238,0x6397f084bcee3390e92b0a4f8d0f1fa23ddabad1668c4a6783f5643564f646d6,1774541727,2026-03-26T16:15:27+00:00,0.974,clob_prices_history
96773953960313048340895711765817431775606353405814859249629785260485292633238,0x6397f084bcee3390e92b0a4f8d0f1fa23ddabad1668c4a6783f5643564f646d6,1774542632,2026-03-26T16:30:32+00:00,0.974,clob_prices_history
96773953960313048340895711765817431775606353405814859249629785260485292633238,0x6397f084bcee3390e92b0a4f8d0f1fa23ddabad1668c4a6783f5643564f646d6,1774543531,2026-03-26T16:45:31+00:00,0.974,clob_prices_history
96773953960313048340895711765817431775606353405814859249629785260485292633238,0x6397f084bcee3390e92b0a4f8d0f1fa23ddabad1668c4a6783f5643564f646d6,1774545331,2026-03-26T17:15:31+00:00,0.974,clob_prices_history
96773953960313048340895711765817431775606353405814859249629785260485292633238,0x6397f084bcee3390e92b0a4f8d0f1fa23ddabad1668c4a6783f5643564f646d6,1774546253,2026-03-26T17:30:53+00:00,0.974,clob_prices_history
96773953960313048340895711765817431775606353405814859249629785260485292633238,0x6397f084bcee3390e92b0a4f8d0f1fa23ddabad1668c4a6783f5643564f646d6,1774547130,2026-03-26T17:45:30+00:00,0.974,clob_prices_history
96773953960313048340895711765817431775606353405814859249629785260485292633238,0x6397f084bcee3390e92b0a4f8d0f1fa23ddabad1668c4a6783f5643564f646d6,1774548038,2026-03-26T18:00:38+00:00,0.974,clob_prices_history
96773953960313048340895711765817431775606353405814859249629785260485292633238,0x6397f084bcee3390e92b0a4f8d0f1fa23ddabad1668c4a6783f5643564f646d6,1774548938,2026-03-26T18:15:38+00:00,0.974,clob_prices_history
96773953960313048340895711765817431775606353405814859249629785260485292633238,0x6397f084bcee3390e92b0a4f8d0f1fa23ddabad1668c4a6783f5643564f646d6,1774549840,2026-03-26T18:30:40+00:00,0.974,clob_prices_history
96773953960313048340895711765817431775606353405814859249629785260485292633238,0x6397f084bcee3390e92b0a4f8d0f1fa23ddabad1668c4a6783f5643564f646d6,1774550734,2026-03-26T18:45:34+00:00,0.974,clob_prices_history
96773953960313048340895711765817431775606353405814859249629785260485292633238,0x6397f084bcee3390e92b0a4f8d0f1fa23ddabad1668c4a6783f5643564f646d6,1774551644,2026-03-26T19:00:44+00:00,0.974,clob_prices_history
96773953960313048340895711765817431775606353405814859249629785260485292633238,0x6397f084bcee3390e92b0a4f8d0f1fa23ddabad1668c4a6783f5643564f646d6,1774552537,2026-03-26T19:15:37+00:00,0.974,clob_prices_history
96773953960313048340895711765817431775606353405814859249629785260485292633238,0x6397f084bcee3390e92b0a4f8d0f1fa23ddabad1668c4a6783f5643564f646d6,1774553441,2026-03-26T19:30:41+00:00,0.9735,clob_prices_history
96773953960313048340895711765817431775606353405814859249629785260485292633238,0x6397f084bcee3390e92b0a4f8d0f1fa23ddabad1668c4a6783f5643564f646d6,1774554333,2026-03-26T19:45:33+00:00,0.9735,clob_prices_history
96773953960313048340895711765817431775606353405814859249629785260485292633238,0x6397f084bcee3390e92b0a4f8d0f1fa23ddabad1668c4a6783f5643564f646d6,1774555239,2026-03-26T20:00:39+00:00,0.9735,clob_prices_history
96773953960313048340895711765817431775606353405814859249629785260485292633238,0x6397f084bcee3390e92b0a4f8d0f1fa23ddabad1668c4a6783f5643564f646d6,1774556132,2026-03-26T20:15:32+00:00,0.9735,clob_prices_history
96773953960313048340895711765817431775606353405814859249629785260485292633238,0x6397f084bcee3390e92b0a4f8d0f1fa23ddabad1668c4a6783f5643564f646d6,1774557038,2026-03-26T20:30:38+00:00,0.973,clob_prices_history
96773953960313048340895711765817431775606353405814859249629785260485292633238,0x6397f084bcee3390e92b0a4f8d0f1fa23ddabad1668c4a6783f5643564f646d6,1774557929,2026-03-26T20:45:29+00:00,0.973,clob_prices_history
96773953960313048340895711765817431775606353405814859249629785260485292633238,0x6397f084bcee3390e92b0a4f8d0f1fa23ddabad1668c4a6783f5643564f646d6,1774558844,2026-03-26T21:00:44+00:00,0.973,clob_prices_history
96773953960313048340895711765817431775606353405814859249629785260485292633238,0x6397f084bcee3390e92b0a4f8d0f1fa23ddabad1668c4a6783f5643564f646d6,1774559730,2026-03-26T21:15:30+00:00,0.973,clob_prices_history
96773953960313048340895711765817431775606353405814859249629785260485292633238,0x6397f084bcee3390e92b0a4f8d0f1fa23ddabad1668c4a6783f5643564f646d6,1774560637,2026-03-26T21:30:37+00:00,0.973,clob_prices_history
96773953960313048340895711765817431775606353405814859249629785260485292633238,0x6397f084bcee3390e92b0a4f8d0f1fa23ddabad1668c4a6783f5643564f646d6,1774561533,2026-03-26T21:45:33+00:00,0.973,clob_prices_history
96773953960313048340895711765817431775606353405814859249629785260485292633238,0x6397f084bcee3390e92b0a4f8d0f1fa23ddabad1668c4a6783f5643564f646d6,1774562439,2026-03-26T22:00:39+00:00,0.973,clob_prices_history
96773953960313048340895711765817431775606353405814859249629785260485292633238,0x6397f084bcee3390e92b0a4f8d0f1fa23ddabad1668c4a6783f5643564f646d6,1774563336,2026-03-26T22:15:36+00:00,0.973,clob_prices_history
96773953960313048340895711765817431775606353405814859249629785260485292633238,0x6397f084bcee3390e92b0a4f8d0f1fa23ddabad1668c4a6783f5643564f646d6,1774564238,2026-03-26T22:30:38+00:00,0.973,clob_prices_history
96773953960313048340895711765817431775606353405814859249629785260485292633238,0x6397f084bcee3390e92b0a4f8d0f1fa23ddabad1668c4a6783f5643564f646d6,1774565130,2026-03-26T22:45:30+00:00,0.973,clob_prices_history
96773953960313048340895711765817431775606353405814859249629785260485292633238,0x6397f084bcee3390e92b0a4f8d0f1fa23ddabad1668c4a6783f5643564f646d6,1774566036,2026-03-26T23:00:36+00:00,0.973,clob_prices_history
96773953960313048340895711765817431775606353405814859249629785260485292633238,0x6397f084bcee3390e92b0a4f8d0f1fa23ddabad1668c4a6783f5643564f646d6,1774566931,2026-03-26T23:15:31+00:00,0.973,clob_prices_history
96773953960313048340895711765817431775606353405814859249629785260485292633238,0x6397f084bcee3390e92b0a4f8d0f1fa23ddabad1668c4a6783f5643564f646d6,1774567838,2026-03-26T23:30:38+00:00,0.973,clob_prices_history
96773953960313048340895711765817431775606353405814859249629785260485292633238,0x6397f084bcee3390e92b0a4f8d0f1fa23ddabad1668c4a6783f5643564f646d6,1774568734,2026-03-26T23:45:34+00:00,0.973,clob_prices_history
96773953960313048340895711765817431775606353405814859249629785260485292633238,0x6397f084bcee3390e92b0a4f8d0f1fa23ddabad1668c4a6783f5643564f646d6,1774569651,2026-03-27T00:00:51+00:00,0.973,clob_prices_history
96773953960313048340895711765817431775606353405814859249629785260485292633238,0x6397f084bcee3390e92b0a4f8d0f1fa23ddabad1668c4a6783f5643564f646d6,1774570546,2026-03-27T00:15:46+00:00,0.973,clob_prices_history
96773953960313048340895711765817431775606353405814859249629785260485292633238,0x6397f084bcee3390e92b0a4f8d0f1fa23ddabad1668c4a6783f5643564f646d6,1774571438,2026-03-27T00:30:38+00:00,0.973,clob_prices_history
96773953960313048340895711765817431775606353405814859249629785260485292633238,0x6397f084bcee3390e92b0a4f8d0f1fa23ddabad1668c4a6783f5643564f646d6,1774572345,2026-03-27T00:45:45+00:00,0.973,clob_prices_history
96773953960313048340895711765817431775606353405814859249629785260485292633238,0x6397f084bcee3390e92b0a4f8d0f1fa23ddabad1668c4a6783f5643564f646d6,1774573244,2026-03-27T01:00:44+00:00,0.973,clob_prices_history
96773953960313048340895711765817431775606353405814859249629785260485292633238,0x6397f084bcee3390e92b0a4f8d0f1fa23ddabad1668c4a6783f5643564f646d6,1774574131,2026-03-27T01:15:31+00:00,0.973,clob_prices_history
96773953960313048340895711765817431775606353405814859249629785260485292633238,0x6397f084bcee3390e92b0a4f8d0f1fa23ddabad1668c4a6783f5643564f646d6,1774575042,2026-03-27T01:30:42+00:00,0.973,clob_prices_history
96773953960313048340895711765817431775606353405814859249629785260485292633238,0x6397f084bcee3390e92b0a4f8d0f1fa23ddabad1668c4a6783f5643564f646d6,1774575935,2026-03-27T01:45:35+00:00,0.973,clob_prices_history
96773953960313048340895711765817431775606353405814859249629785260485292633238,0x6397f084bcee3390e92b0a4f8d0f1fa23ddabad1668c4a6783f5643564f646d6,1774576845,2026-03-27T02:00:45+00:00,0.973,clob_prices_history
96773953960313048340895711765817431775606353405814859249629785260485292633238,0x6397f084bcee3390e92b0a4f8d0f1fa23ddabad1668c4a6783f5643564f646d6,1774577732,2026-03-27T02:15:32+00:00,0.973,clob_prices_history
96773953960313048340895711765817431775606353405814859249629785260485292633238,0x6397f084bcee3390e92b0a4f8d0f1fa23ddabad1668c4a6783f5643564f646d6,1774578636,2026-03-27T02:30:36+00:00,0.973,clob_prices_history
96773953960313048340895711765817431775606353405814859249629785260485292633238,0x6397f084bcee3390e92b0a4f8d0f1fa23ddabad1668c4a6783f5643564f646d6,1774579550,2026-03-27T02:45:50+00:00,0.973,clob_prices_history
96773953960313048340895711765817431775606353405814859249629785260485292633238,0x6397f084bcee3390e92b0a4f8d0f1fa23ddabad1668c4a6783f5643564f646d6,1774580449,2026-03-27T03:00:49+00:00,0.973,clob_prices_history
96773953960313048340895711765817431775606353405814859249629785260485292633238,0x6397f084bcee3390e92b0a4f8d0f1fa23ddabad1668c4a6783f5643564f646d6,1774581334,2026-03-27T03:15:34+00:00,0.973,clob_prices_history
96773953960313048340895711765817431775606353405814859249629785260485292633238,0x6397f084bcee3390e92b0a4f8d0f1fa23ddabad1668c4a6783f5643564f646d6,1774582238,2026-03-27T03:30:38+00:00,0.973,clob_prices_history
96773953960313048340895711765817431775606353405814859249629785260485292633238,0x6397f084bcee3390e92b0a4f8d0f1fa23ddabad1668c4a6783f5643564f646d6,1774583135,2026-03-27T03:45:35+00:00,0.973,clob_prices_history
96773953960313048340895711765817431775606353405814859249629785260485292633238,0x6397f084bcee3390e92b0a4f8d0f1fa23ddabad1668c4a6783f5643564f646d6,1774584040,2026-03-27T04:00:40+00:00,0.973,clob_prices_history
96773953960313048340895711765817431775606353405814859249629785260485292633238,0x6397f084bcee3390e92b0a4f8d0f1fa23ddabad1668c4a6783f5643564f646d6,1774584936,2026-03-27T04:15:36+00:00,0.9625,clob_prices_history
96773953960313048340895711765817431775606353405814859249629785260485292633238,0x6397f084bcee3390e92b0a4f8d0f1fa23ddabad1668c4a6783f5643564f646d6,1774585839,2026-03-27T04:30:39+00:00,0.9615,clob_prices_history
96773953960313048340895711765817431775606353405814859249629785260485292633238,0x6397f084bcee3390e92b0a4f8d0f1fa23ddabad1668c4a6783f5643564f646d6,1774586731,2026-03-27T04:45:31+00:00,0.9615,clob_prices_history
96773953960313048340895711765817431775606353405814859249629785260485292633238,0x6397f084bcee3390e92b0a4f8d0f1fa23ddabad1668c4a6783f5643564f646d6,1774587642,2026-03-27T05:00:42+00:00,0.9615,clob_prices_history
96773953960313048340895711765817431775606353405814859249629785260485292633238,0x6397f084bcee3390e92b0a4f8d0f1fa23ddabad1668c4a6783f5643564f646d6,1774588535,2026-03-27T05:15:35+00:00,0.9605,clob_prices_history
96773953960313048340895711765817431775606353405814859249629785260485292633238,0x6397f084bcee3390e92b0a4f8d0f1fa23ddabad1668c4a6783f5643564f646d6,1774589451,2026-03-27T05:30:51+00:00,0.9605,clob_prices_history
96773953960313048340895711765817431775606353405814859249629785260485292633238,0x6397f084bcee3390e92b0a4f8d0f1fa23ddabad1668c4a6783f5643564f646d6,1774590338,2026-03-27T05:45:38+00:00,0.958,clob_prices_history
96773953960313048340895711765817431775606353405814859249629785260485292633238,0x6397f084bcee3390e92b0a4f8d0f1fa23ddabad1668c4a6783f5643564f646d6,1774591248,2026-03-27T06:00:48+00:00,0.956,clob_prices_history
96773953960313048340895711765817431775606353405814859249629785260485292633238,0x6397f084bcee3390e92b0a4f8d0f1fa23ddabad1668c4a6783f5643564f646d6,1774592131,2026-03-27T06:15:31+00:00,0.956,clob_prices_history
96773953960313048340895711765817431775606353405814859249629785260485292633238,0x6397f084bcee3390e92b0a4f8d0f1fa23ddabad1668c4a6783f5643564f646d6,1774593039,2026-03-27T06:30:39+00:00,0.956,clob_prices_history
96773953960313048340895711765817431775606353405814859249629785260485292633238,0x6397f084bcee3390e92b0a4f8d0f1fa23ddabad1668c4a6783f5643564f646d6,1774593933,2026-03-27T06:45:33+00:00,0.961,clob_prices_history
96773953960313048340895711765817431775606353405814859249629785260485292633238,0x6397f084bcee3390e92b0a4f8d0f1fa23ddabad1668c4a6783f5643564f646d6,1774594839,2026-03-27T07:00:39+00:00,0.961,clob_prices_history
96773953960313048340895711765817431775606353405814859249629785260485292633238,0x6397f084bcee3390e92b0a4f8d0f1fa23ddabad1668c4a6783f5643564f646d6,1774595730,2026-03-27T07:15:30+00:00,0.961,clob_prices_history
96773953960313048340895711765817431775606353405814859249629785260485292633238,0x6397f084bcee3390e92b0a4f8d0f1fa23ddabad1668c4a6783f5643564f646d6,1774596640,2026-03-27T07:30:40+00:00,0.963,clob_prices_history
96773953960313048340895711765817431775606353405814859249629785260485292633238,0x6397f084bcee3390e92b0a4f8d0f1fa23ddabad1668c4a6783f5643564f646d6,1774597530,2026-03-27T07:45:30+00:00,0.963,clob_prices_history
96773953960313048340895711765817431775606353405814859249629785260485292633238,0x6397f084bcee3390e92b0a4f8d0f1fa23ddabad1668c4a6783f5643564f646d6,1774598436,2026-03-27T08:00:36+00:00,0.963,clob_prices_history
96773953960313048340895711765817431775606353405814859249629785260485292633238,0x6397f084bcee3390e92b0a4f8d0f1fa23ddabad1668c4a6783f5643564f646d6,1774599337,2026-03-27T08:15:37+00:00,0.963,clob_prices_history
96773953960313048340895711765817431775606353405814859249629785260485292633238,0x6397f084bcee3390e92b0a4f8d0f1fa23ddabad1668c4a6783f5643564f646d6,1774600241,2026-03-27T08:30:41+00:00,0.973,clob_prices_history
96773953960313048340895711765817431775606353405814859249629785260485292633238,0x6397f084bcee3390e92b0a4f8d0f1fa23ddabad1668c4a6783f5643564f646d6,1774601145,2026-03-27T08:45:45+00:00,0.9725,clob_prices_history
96773953960313048340895711765817431775606353405814859249629785260485292633238,0x6397f084bcee3390e92b0a4f8d0f1fa23ddabad1668c4a6783f5643564f646d6,1774602044,2026-03-27T09:00:44+00:00,0.973,clob_prices_history
96773953960313048340895711765817431775606353405814859249629785260485292633238,0x6397f084bcee3390e92b0a4f8d0f1fa23ddabad1668c4a6783f5643564f646d6,1774602933,2026-03-27T09:15:33+00:00,0.9655,clob_prices_history
96773953960313048340895711765817431775606353405814859249629785260485292633238,0x6397f084bcee3390e92b0a4f8d0f1fa23ddabad1668c4a6783f5643564f646d6,1774603839,2026-03-27T09:30:39+00:00,0.9655,clob_prices_history
96773953960313048340895711765817431775606353405814859249629785260485292633238,0x6397f084bcee3390e92b0a4f8d0f1fa23ddabad1668c4a6783f5643564f646d6,1774604734,2026-03-27T09:45:34+00:00,0.9655,clob_prices_history
96773953960313048340895711765817431775606353405814859249629785260485292633238,0x6397f084bcee3390e92b0a4f8d0f1fa23ddabad1668c4a6783f5643564f646d6,1774605637,2026-03-27T10:00:37+00:00,0.968,clob_prices_history
96773953960313048340895711765817431775606353405814859249629785260485292633238,0x6397f084bcee3390e92b0a4f8d0f1fa23ddabad1668c4a6783f5643564f646d6,1774606531,2026-03-27T10:15:31+00:00,0.966,clob_prices_history
96773953960313048340895711765817431775606353405814859249629785260485292633238,0x6397f084bcee3390e92b0a4f8d0f1fa23ddabad1668c4a6783f5643564f646d6,1774607436,2026-03-27T10:30:36+00:00,0.966,clob_prices_history
96773953960313048340895711765817431775606353405814859249629785260485292633238,0x6397f084bcee3390e92b0a4f8d0f1fa23ddabad1668c4a6783f5643564f646d6,1774608334,2026-03-27T10:45:34+00:00,0.966,clob_prices_history
96773953960313048340895711765817431775606353405814859249629785260485292633238,0x6397f084bcee3390e92b0a4f8d0f1fa23ddabad1668c4a6783f5643564f646d6,1774609240,2026-03-27T11:00:40+00:00,0.966,clob_prices_history
96773953960313048340895711765817431775606353405814859249629785260485292633238,0x6397f084bcee3390e92b0a4f8d0f1fa23ddabad1668c4a6783f5643564f646d6,1774610146,2026-03-27T11:15:46+00:00,0.966,clob_prices_history
96773953960313048340895711765817431775606353405814859249629785260485292633238,0x6397f084bcee3390e92b0a4f8d0f1fa23ddabad1668c4a6783f5643564f646d6,1774611041,2026-03-27T11:30:41+00:00,0.968,clob_prices_history
96773953960313048340895711765817431775606353405814859249629785260485292633238,0x6397f084bcee3390e92b0a4f8d0f1fa23ddabad1668c4a6783f5643564f646d6,1774611934,2026-03-27T11:45:34+00:00,0.968,clob_prices_history
96773953960313048340895711765817431775606353405814859249629785260485292633238,0x6397f084bcee3390e92b0a4f8d0f1fa23ddabad1668c4a6783f5643564f646d6,1774612850,2026-03-27T12:00:50+00:00,0.9675,clob_prices_history
96773953960313048340895711765817431775606353405814859249629785260485292633238,0x6397f084bcee3390e92b0a4f8d0f1fa23ddabad1668c4a6783f5643564f646d6,1774613732,2026-03-27T12:15:32+00:00,0.9675,clob_prices_history
96773953960313048340895711765817431775606353405814859249629785260485292633238,0x6397f084bcee3390e92b0a4f8d0f1fa23ddabad1668c4a6783f5643564f646d6,1774614639,2026-03-27T12:30:39+00:00,0.9675,clob_prices_history
96773953960313048340895711765817431775606353405814859249629785260485292633238,0x6397f084bcee3390e92b0a4f8d0f1fa23ddabad1668c4a6783f5643564f646d6,1774615540,2026-03-27T12:45:40+00:00,0.9675,clob_prices_history
96773953960313048340895711765817431775606353405814859249629785260485292633238,0x6397f084bcee3390e92b0a4f8d0f1fa23ddabad1668c4a6783f5643564f646d6,1774616448,2026-03-27T13:00:48+00:00,0.9685,clob_prices_history
96773953960313048340895711765817431775606353405814859249629785260485292633238,0x6397f084bcee3390e92b0a4f8d0f1fa23ddabad1668c4a6783f5643564f646d6,1774617335,2026-03-27T13:15:35+00:00,0.9715,clob_prices_history
96773953960313048340895711765817431775606353405814859249629785260485292633238,0x6397f084bcee3390e92b0a4f8d0f1fa23ddabad1668c4a6783f5643564f646d6,1774618241,2026-03-27T13:30:41+00:00,0.974,clob_prices_history
96773953960313048340895711765817431775606353405814859249629785260485292633238,0x6397f084bcee3390e92b0a4f8d0f1fa23ddabad1668c4a6783f5643564f646d6,1774619138,2026-03-27T13:45:38+00:00,0.974,clob_prices_history
96773953960313048340895711765817431775606353405814859249629785260485292633238,0x6397f084bcee3390e92b0a4f8d0f1fa23ddabad1668c4a6783f5643564f646d6,1774620042,2026-03-27T14:00:42+00:00,0.974,clob_prices_history
96773953960313048340895711765817431775606353405814859249629785260485292633238,0x6397f084bcee3390e92b0a4f8d0f1fa23ddabad1668c4a6783f5643564f646d6,1774620938,2026-03-27T14:15:38+00:00,0.974,clob_prices_history
96773953960313048340895711765817431775606353405814859249629785260485292633238,0x6397f084bcee3390e92b0a4f8d0f1fa23ddabad1668c4a6783f5643564f646d6,1774621838,2026-03-27T14:30:38+00:00,0.974,clob_prices_history
96773953960313048340895711765817431775606353405814859249629785260485292633238,0x6397f084bcee3390e92b0a4f8d0f1fa23ddabad1668c4a6783f5643564f646d6,1774622736,2026-03-27T14:45:36+00:00,0.974,clob_prices_history
96773953960313048340895711765817431775606353405814859249629785260485292633238,0x6397f084bcee3390e92b0a4f8d0f1fa23ddabad1668c4a6783f5643564f646d6,1774623646,2026-03-27T15:00:46+00:00,0.9745,clob_prices_history
96773953960313048340895711765817431775606353405814859249629785260485292633238,0x6397f084bcee3390e92b0a4f8d0f1fa23ddabad1668c4a6783f5643564f646d6,1774624534,2026-03-27T15:15:34+00:00,0.9745,clob_prices_history
96773953960313048340895711765817431775606353405814859249629785260485292633238,0x6397f084bcee3390e92b0a4f8d0f1fa23ddabad1668c4a6783f5643564f646d6,1774625438,2026-03-27T15:30:38+00:00,0.9745,clob_prices_history
96773953960313048340895711765817431775606353405814859249629785260485292633238,0x6397f084bcee3390e92b0a4f8d0f1fa23ddabad1668c4a6783f5643564f646d6,1774626336,2026-03-27T15:45:36+00:00,0.9745,clob_prices_history
96773953960313048340895711765817431775606353405814859249629785260485292633238,0x6397f084bcee3390e92b0a4f8d0f1fa23ddabad1668c4a6783f5643564f646d6,1774627241,2026-03-27T16:00:41+00:00,0.9745,clob_prices_history
96773953960313048340895711765817431775606353405814859249629785260485292633238,0x6397f084bcee3390e92b0a4f8d0f1fa23ddabad1668c4a6783f5643564f646d6,1774628132,2026-03-27T16:15:32+00:00,0.974,clob_prices_history
96773953960313048340895711765817431775606353405814859249629785260485292633238,0x6397f084bcee3390e92b0a4f8d0f1fa23ddabad1668c4a6783f5643564f646d6,1774629040,2026-03-27T16:30:40+00:00,0.974,clob_prices_history
96773953960313048340895711765817431775606353405814859249629785260485292633238,0x6397f084bcee3390e92b0a4f8d0f1fa23ddabad1668c4a6783f5643564f646d6,1774629939,2026-03-27T16:45:39+00:00,0.9735,clob_prices_history
96773953960313048340895711765817431775606353405814859249629785260485292633238,0x6397f084bcee3390e92b0a4f8d0f1fa23ddabad1668c4a6783f5643564f646d6,1774630858,2026-03-27T17:00:58+00:00,0.973,clob_prices_history
96773953960313048340895711765817431775606353405814859249629785260485292633238,0x6397f084bcee3390e92b0a4f8d0f1fa23ddabad1668c4a6783f5643564f646d6,1774631734,2026-03-27T17:15:34+00:00,0.9635,clob_prices_history
96773953960313048340895711765817431775606353405814859249629785260485292633238,0x6397f084bcee3390e92b0a4f8d0f1fa23ddabad1668c4a6783f5643564f646d6,1774632650,2026-03-27T17:30:50+00:00,0.9635,clob_prices_history
96773953960313048340895711765817431775606353405814859249629785260485292633238,0x6397f084bcee3390e92b0a4f8d0f1fa23ddabad1668c4a6783f5643564f646d6,1774633536,2026-03-27T17:45:36+00:00,0.9635,clob_prices_history
96773953960313048340895711765817431775606353405814859249629785260485292633238,0x6397f084bcee3390e92b0a4f8d0f1fa23ddabad1668c4a6783f5643564f646d6,1774634454,2026-03-27T18:00:54+00:00,0.9635,clob_prices_history
96773953960313048340895711765817431775606353405814859249629785260485292633238,0x6397f084bcee3390e92b0a4f8d0f1fa23ddabad1668c4a6783f5643564f646d6,1774635336,2026-03-27T18:15:36+00:00,0.9635,clob_prices_history
96773953960313048340895711765817431775606353405814859249629785260485292633238,0x6397f084bcee3390e92b0a4f8d0f1fa23ddabad1668c4a6783f5643564f646d6,1774636239,2026-03-27T18:30:39+00:00,0.9635,clob_prices_history
96773953960313048340895711765817431775606353405814859249629785260485292633238,0x6397f084bcee3390e92b0a4f8d0f1fa23ddabad1668c4a6783f5643564f646d6,1774637132,2026-03-27T18:45:32+00:00,0.9635,clob_prices_history
96773953960313048340895711765817431775606353405814859249629785260485292633238,0x6397f084bcee3390e92b0a4f8d0f1fa23ddabad1668c4a6783f5643564f646d6,1774638042,2026-03-27T19:00:42+00:00,0.9635,clob_prices_history
96773953960313048340895711765817431775606353405814859249629785260485292633238,0x6397f084bcee3390e92b0a4f8d0f1fa23ddabad1668c4a6783f5643564f646d6,1774638937,2026-03-27T19:15:37+00:00,0.9635,clob_prices_history
96773953960313048340895711765817431775606353405814859249629785260485292633238,0x6397f084bcee3390e92b0a4f8d0f1fa23ddabad1668c4a6783f5643564f646d6,1774639857,2026-03-27T19:30:57+00:00,0.9635,clob_prices_history
96773953960313048340895711765817431775606353405814859249629785260485292633238,0x6397f084bcee3390e92b0a4f8d0f1fa23ddabad1668c4a6783f5643564f646d6,1774640735,2026-03-27T19:45:35+00:00,0.9635,clob_prices_history
96773953960313048340895711765817431775606353405814859249629785260485292633238,0x6397f084bcee3390e92b0a4f8d0f1fa23ddabad1668c4a6783f5643564f646d6,1774641653,2026-03-27T20:00:53+00:00,0.9635,clob_prices_history
96773953960313048340895711765817431775606353405814859249629785260485292633238,0x6397f084bcee3390e92b0a4f8d0f1fa23ddabad1668c4a6783f5643564f646d6,1774642539,2026-03-27T20:15:39+00:00,0.9635,clob_prices_history
96773953960313048340895711765817431775606353405814859249629785260485292633238,0x6397f084bcee3390e92b0a4f8d0f1fa23ddabad1668c4a6783f5643564f646d6,1774643443,2026-03-27T20:30:43+00:00,0.9635,clob_prices_history
96773953960313048340895711765817431775606353405814859249629785260485292633238,0x6397f084bcee3390e92b0a4f8d0f1fa23ddabad1668c4a6783f5643564f646d6,1774644337,2026-03-27T20:45:37+00:00,0.9645,clob_prices_history
96773953960313048340895711765817431775606353405814859249629785260485292633238,0x6397f084bcee3390e92b0a4f8d0f1fa23ddabad1668c4a6783f5643564f646d6,1774645252,2026-03-27T21:00:52+00:00,0.9635,clob_prices_history
96773953960313048340895711765817431775606353405814859249629785260485292633238,0x6397f084bcee3390e92b0a4f8d0f1fa23ddabad1668c4a6783f5643564f646d6,1774646134,2026-03-27T21:15:34+00:00,0.9635,clob_prices_history
96773953960313048340895711765817431775606353405814859249629785260485292633238,0x6397f084bcee3390e92b0a4f8d0f1fa23ddabad1668c4a6783f5643564f646d6,1774647041,2026-03-27T21:30:41+00:00,0.969,clob_prices_history
96773953960313048340895711765817431775606353405814859249629785260485292633238,0x6397f084bcee3390e92b0a4f8d0f1fa23ddabad1668c4a6783f5643564f646d6,1774647938,2026-03-27T21:45:38+00:00,0.9645,clob_prices_history
96773953960313048340895711765817431775606353405814859249629785260485292633238,0x6397f084bcee3390e92b0a4f8d0f1fa23ddabad1668c4a6783f5643564f646d6,1774648842,2026-03-27T22:00:42+00:00,0.969,clob_prices_history
96773953960313048340895711765817431775606353405814859249629785260485292633238,0x6397f084bcee3390e92b0a4f8d0f1fa23ddabad1668c4a6783f5643564f646d6,1774649734,2026-03-27T22:15:34+00:00,0.971,clob_prices_history
96773953960313048340895711765817431775606353405814859249629785260485292633238,0x6397f084bcee3390e92b0a4f8d0f1fa23ddabad1668c4a6783f5643564f646d6,1774650643,2026-03-27T22:30:43+00:00,0.9695,clob_prices_history
96773953960313048340895711765817431775606353405814859249629785260485292633238,0x6397f084bcee3390e92b0a4f8d0f1fa23ddabad1668c4a6783f5643564f646d6,1774651535,2026-03-27T22:45:35+00:00,0.9635,clob_prices_history
96773953960313048340895711765817431775606353405814859249629785260485292633238,0x6397f084bcee3390e92b0a4f8d0f1fa23ddabad1668c4a6783f5643564f646d6,1774652456,2026-03-27T23:00:56+00:00,0.963,clob_prices_history
96773953960313048340895711765817431775606353405814859249629785260485292633238,0x6397f084bcee3390e92b0a4f8d0f1fa23ddabad1668c4a6783f5643564f646d6,1774653353,2026-03-27T23:15:53+00:00,0.965,clob_prices_history
96773953960313048340895711765817431775606353405814859249629785260485292633238,0x6397f084bcee3390e92b0a4f8d0f1fa23ddabad1668c4a6783f5643564f646d6,1774654238,2026-03-27T23:30:38+00:00,0.964,clob_prices_history
96773953960313048340895711765817431775606353405814859249629785260485292633238,0x6397f084bcee3390e92b0a4f8d0f1fa23ddabad1668c4a6783f5643564f646d6,1774655137,2026-03-27T23:45:37+00:00,0.966,clob_prices_history
96773953960313048340895711765817431775606353405814859249629785260485292633238,0x6397f084bcee3390e92b0a4f8d0f1fa23ddabad1668c4a6783f5643564f646d6,1774656055,2026-03-28T00:00:55+00:00,0.9715,clob_prices_history
96773953960313048340895711765817431775606353405814859249629785260485292633238,0x6397f084bcee3390e92b0a4f8d0f1fa23ddabad1668c4a6783f5643564f646d6,1774656937,2026-03-28T00:15:37+00:00,0.9715,clob_prices_history
96773953960313048340895711765817431775606353405814859249629785260485292633238,0x6397f084bcee3390e92b0a4f8d0f1fa23ddabad1668c4a6783f5643564f646d6,1774657839,2026-03-28T00:30:39+00:00,0.9625,clob_prices_history
96773953960313048340895711765817431775606353405814859249629785260485292633238,0x6397f084bcee3390e92b0a4f8d0f1fa23ddabad1668c4a6783f5643564f646d6,1774658739,2026-03-28T00:45:39+00:00,0.9605,clob_prices_history
96773953960313048340895711765817431775606353405814859249629785260485292633238,0x6397f084bcee3390e92b0a4f8d0f1fa23ddabad1668c4a6783f5643564f646d6,1774659643,2026-03-28T01:00:43+00:00,0.959,clob_prices_history
96773953960313048340895711765817431775606353405814859249629785260485292633238,0x6397f084bcee3390e92b0a4f8d0f1fa23ddabad1668c4a6783f5643564f646d6,1774660539,2026-03-28T01:15:39+00:00,0.961,clob_prices_history
96773953960313048340895711765817431775606353405814859249629785260485292633238,0x6397f084bcee3390e92b0a4f8d0f1fa23ddabad1668c4a6783f5643564f646d6,1774661443,2026-03-28T01:30:43+00:00,0.959,clob_prices_history
96773953960313048340895711765817431775606353405814859249629785260485292633238,0x6397f084bcee3390e92b0a4f8d0f1fa23ddabad1668c4a6783f5643564f646d6,1774662335,2026-03-28T01:45:35+00:00,0.958,clob_prices_history
96773953960313048340895711765817431775606353405814859249629785260485292633238,0x6397f084bcee3390e92b0a4f8d0f1fa23ddabad1668c4a6783f5643564f646d6,1774663242,2026-03-28T02:00:42+00:00,0.9555,clob_prices_history
96773953960313048340895711765817431775606353405814859249629785260485292633238,0x6397f084bcee3390e92b0a4f8d0f1fa23ddabad1668c4a6783f5643564f646d6,1774664134,2026-03-28T02:15:34+00:00,0.96,clob_prices_history
96773953960313048340895711765817431775606353405814859249629785260485292633238,0x6397f084bcee3390e92b0a4f8d0f1fa23ddabad1668c4a6783f5643564f646d6,1774665042,2026-03-28T02:30:42+00:00,0.9585,clob_prices_history
96773953960313048340895711765817431775606353405814859249629785260485292633238,0x6397f084bcee3390e92b0a4f8d0f1fa23ddabad1668c4a6783f5643564f646d6,1774665932,2026-03-28T02:45:32+00:00,0.956,clob_prices_history
96773953960313048340895711765817431775606353405814859249629785260485292633238,0x6397f084bcee3390e92b0a4f8d0f1fa23ddabad1668c4a6783f5643564f646d6,1774666849,2026-03-28T03:00:49+00:00,0.956,clob_prices_history
96773953960313048340895711765817431775606353405814859249629785260485292633238,0x6397f084bcee3390e92b0a4f8d0f1fa23ddabad1668c4a6783f5643564f646d6,1774667736,2026-03-28T03:15:36+00:00,0.957,clob_prices_history
96773953960313048340895711765817431775606353405814859249629785260485292633238,0x6397f084bcee3390e92b0a4f8d0f1fa23ddabad1668c4a6783f5643564f646d6,1774668640,2026-03-28T03:30:40+00:00,0.9595,clob_prices_history
96773953960313048340895711765817431775606353405814859249629785260485292633238,0x6397f084bcee3390e92b0a4f8d0f1fa23ddabad1668c4a6783f5643564f646d6,1774669534,2026-03-28T03:45:34+00:00,0.96,clob_prices_history
96773953960313048340895711765817431775606353405814859249629785260485292633238,0x6397f084bcee3390e92b0a4f8d0f1fa23ddabad1668c4a6783f5643564f646d6,1774670442,2026-03-28T04:00:42+00:00,0.96,clob_prices_history
96773953960313048340895711765817431775606353405814859249629785260485292633238,0x6397f084bcee3390e92b0a4f8d0f1fa23ddabad1668c4a6783f5643564f646d6,1774671346,2026-03-28T04:15:46+00:00,0.96,clob_prices_history
96773953960313048340895711765817431775606353405814859249629785260485292633238,0x6397f084bcee3390e92b0a4f8d0f1fa23ddabad1668c4a6783f5643564f646d6,1774672242,2026-03-28T04:30:42+00:00,0.9605,clob_prices_history
96773953960313048340895711765817431775606353405814859249629785260485292633238,0x6397f084bcee3390e92b0a4f8d0f1fa23ddabad1668c4a6783f5643564f646d6,1774673134,2026-03-28T04:45:34+00:00,0.963,clob_prices_history
96773953960313048340895711765817431775606353405814859249629785260485292633238,0x6397f084bcee3390e92b0a4f8d0f1fa23ddabad1668c4a6783f5643564f646d6,1774674039,2026-03-28T05:00:39+00:00,0.9625,clob_prices_history
96773953960313048340895711765817431775606353405814859249629785260485292633238,0x6397f084bcee3390e92b0a4f8d0f1fa23ddabad1668c4a6783f5643564f646d6,1774674938,2026-03-28T05:15:38+00:00,0.9545,clob_prices_history
96773953960313048340895711765817431775606353405814859249629785260485292633238,0x6397f084bcee3390e92b0a4f8d0f1fa23ddabad1668c4a6783f5643564f646d6,1774675850,2026-03-28T05:30:50+00:00,0.9545,clob_prices_history
96773953960313048340895711765817431775606353405814859249629785260485292633238,0x6397f084bcee3390e92b0a4f8d0f1fa23ddabad1668c4a6783f5643564f646d6,1774676735,2026-03-28T05:45:35+00:00,0.9545,clob_prices_history
96773953960313048340895711765817431775606353405814859249629785260485292633238,0x6397f084bcee3390e92b0a4f8d0f1fa23ddabad1668c4a6783f5643564f646d6,1774677654,2026-03-28T06:00:54+00:00,0.9475,clob_prices_history
96773953960313048340895711765817431775606353405814859249629785260485292633238,0x6397f084bcee3390e92b0a4f8d0f1fa23ddabad1668c4a6783f5643564f646d6,1774678536,2026-03-28T06:15:36+00:00,0.946,clob_prices_history
96773953960313048340895711765817431775606353405814859249629785260485292633238,0x6397f084bcee3390e92b0a4f8d0f1fa23ddabad1668c4a6783f5643564f646d6,1774679444,2026-03-28T06:30:44+00:00,0.9475,clob_prices_history
96773953960313048340895711765817431775606353405814859249629785260485292633238,0x6397f084bcee3390e92b0a4f8d0f1fa23ddabad1668c4a6783f5643564f646d6,1774680336,2026-03-28T06:45:36+00:00,0.948,clob_prices_history
96773953960313048340895711765817431775606353405814859249629785260485292633238,0x6397f084bcee3390e92b0a4f8d0f1fa23ddabad1668c4a6783f5643564f646d6,1774681242,2026-03-28T07:00:42+00:00,0.9435,clob_prices_history
96773953960313048340895711765817431775606353405814859249629785260485292633238,0x6397f084bcee3390e92b0a4f8d0f1fa23ddabad1668c4a6783f5643564f646d6,1774682135,2026-03-28T07:15:35+00:00,0.944,clob_prices_history
96773953960313048340895711765817431775606353405814859249629785260485292633238,0x6397f084bcee3390e92b0a4f8d0f1fa23ddabad1668c4a6783f5643564f646d6,1774683042,2026-03-28T07:30:42+00:00,0.9435,clob_prices_history
96773953960313048340895711765817431775606353405814859249629785260485292633238,0x6397f084bcee3390e92b0a4f8d0f1fa23ddabad1668c4a6783f5643564f646d6,1774683951,2026-03-28T07:45:51+00:00,0.942,clob_prices_history
96773953960313048340895711765817431775606353405814859249629785260485292633238,0x6397f084bcee3390e92b0a4f8d0f1fa23ddabad1668c4a6783f5643564f646d6,1774684845,2026-03-28T08:00:45+00:00,0.9435,clob_prices_history
96773953960313048340895711765817431775606353405814859249629785260485292633238,0x6397f084bcee3390e92b0a4f8d0f1fa23ddabad1668c4a6783f5643564f646d6,1774685740,2026-03-28T08:15:40+00:00,0.947,clob_prices_history
96773953960313048340895711765817431775606353405814859249629785260485292633238,0x6397f084bcee3390e92b0a4f8d0f1fa23ddabad1668c4a6783f5643564f646d6,1774686657,2026-03-28T08:30:57+00:00,0.9455,clob_prices_history
96773953960313048340895711765817431775606353405814859249629785260485292633238,0x6397f084bcee3390e92b0a4f8d0f1fa23ddabad1668c4a6783f5643564f646d6,1774687533,2026-03-28T08:45:33+00:00,0.9425,clob_prices_history
96773953960313048340895711765817431775606353405814859249629785260485292633238,0x6397f084bcee3390e92b0a4f8d0f1fa23ddabad1668c4a6783f5643564f646d6,1774688454,2026-03-28T09:00:54+00:00,0.943,clob_prices_history
96773953960313048340895711765817431775606353405814859249629785260485292633238,0x6397f084bcee3390e92b0a4f8d0f1fa23ddabad1668c4a6783f5643564f646d6,1774689337,2026-03-28T09:15:37+00:00,0.9445,clob_prices_history
96773953960313048340895711765817431775606353405814859249629785260485292633238,0x6397f084bcee3390e92b0a4f8d0f1fa23ddabad1668c4a6783f5643564f646d6,1774690242,2026-03-28T09:30:42+00:00,0.9445,clob_prices_history
96773953960313048340895711765817431775606353405814859249629785260485292633238,0x6397f084bcee3390e92b0a4f8d0f1fa23ddabad1668c4a6783f5643564f646d6,1774691137,2026-03-28T09:45:37+00:00,0.944,clob_prices_history
96773953960313048340895711765817431775606353405814859249629785260485292633238,0x6397f084bcee3390e92b0a4f8d0f1fa23ddabad1668c4a6783f5643564f646d6,1774692052,2026-03-28T10:00:52+00:00,0.944,clob_prices_history
96773953960313048340895711765817431775606353405814859249629785260485292633238,0x6397f084bcee3390e92b0a4f8d0f1fa23ddabad1668c4a6783f5643564f646d6,1774692938,2026-03-28T10:15:38+00:00,0.95,clob_prices_history
96773953960313048340895711765817431775606353405814859249629785260485292633238,0x6397f084bcee3390e92b0a4f8d0f1fa23ddabad1668c4a6783f5643564f646d6,1774693841,2026-03-28T10:30:41+00:00,0.9435,clob_prices_history
96773953960313048340895711765817431775606353405814859249629785260485292633238,0x6397f084bcee3390e92b0a4f8d0f1fa23ddabad1668c4a6783f5643564f646d6,1774694738,2026-03-28T10:45:38+00:00,0.945,clob_prices_history
96773953960313048340895711765817431775606353405814859249629785260485292633238,0x6397f084bcee3390e92b0a4f8d0f1fa23ddabad1668c4a6783f5643564f646d6,1774695653,2026-03-28T11:00:53+00:00,0.9465,clob_prices_history
96773953960313048340895711765817431775606353405814859249629785260485292633238,0x6397f084bcee3390e92b0a4f8d0f1fa23ddabad1668c4a6783f5643564f646d6,1774696536,2026-03-28T11:15:36+00:00,0.944,clob_prices_history
96773953960313048340895711765817431775606353405814859249629785260485292633238,0x6397f084bcee3390e92b0a4f8d0f1fa23ddabad1668c4a6783f5643564f646d6,1774697448,2026-03-28T11:30:48+00:00,0.9425,clob_prices_history
96773953960313048340895711765817431775606353405814859249629785260485292633238,0x6397f084bcee3390e92b0a4f8d0f1fa23ddabad1668c4a6783f5643564f646d6,1774698335,2026-03-28T11:45:35+00:00,0.942,clob_prices_history
96773953960313048340895711765817431775606353405814859249629785260485292633238,0x6397f084bcee3390e92b0a4f8d0f1fa23ddabad1668c4a6783f5643564f646d6,1774699256,2026-03-28T12:00:56+00:00,0.942,clob_prices_history
96773953960313048340895711765817431775606353405814859249629785260485292633238,0x6397f084bcee3390e92b0a4f8d0f1fa23ddabad1668c4a6783f5643564f646d6,1774700137,2026-03-28T12:15:37+00:00,0.942,clob_prices_history
96773953960313048340895711765817431775606353405814859249629785260485292633238,0x6397f084bcee3390e92b0a4f8d0f1fa23ddabad1668c4a6783f5643564f646d6,1774701043,2026-03-28T12:30:43+00:00,0.9415,clob_prices_history
96773953960313048340895711765817431775606353405814859249629785260485292633238,0x6397f084bcee3390e92b0a4f8d0f1fa23ddabad1668c4a6783f5643564f646d6,1774701939,2026-03-28T12:45:39+00:00,0.9415,clob_prices_history
96773953960313048340895711765817431775606353405814859249629785260485292633238,0x6397f084bcee3390e92b0a4f8d0f1fa23ddabad1668c4a6783f5643564f646d6,1774703739,2026-03-28T13:15:39+00:00,0.9415,clob_prices_history
96773953960313048340895711765817431775606353405814859249629785260485292633238,0x6397f084bcee3390e92b0a4f8d0f1fa23ddabad1668c4a6783f5643564f646d6,1774704646,2026-03-28T13:30:46+00:00,0.9415,clob_prices_history
96773953960313048340895711765817431775606353405814859249629785260485292633238,0x6397f084bcee3390e92b0a4f8d0f1fa23ddabad1668c4a6783f5643564f646d6,1774705543,2026-03-28T13:45:43+00:00,0.9415,clob_prices_history
96773953960313048340895711765817431775606353405814859249629785260485292633238,0x6397f084bcee3390e92b0a4f8d0f1fa23ddabad1668c4a6783f5643564f646d6,1774706457,2026-03-28T14:00:57+00:00,0.9415,clob_prices_history
96773953960313048340895711765817431775606353405814859249629785260485292633238,0x6397f084bcee3390e92b0a4f8d0f1fa23ddabad1668c4a6783f5643564f646d6,1774707337,2026-03-28T14:15:37+00:00,0.9415,clob_prices_history
96773953960313048340895711765817431775606353405814859249629785260485292633238,0x6397f084bcee3390e92b0a4f8d0f1fa23ddabad1668c4a6783f5643564f646d6,1774708246,2026-03-28T14:30:46+00:00,0.9415,clob_prices_history
96773953960313048340895711765817431775606353405814859249629785260485292633238,0x6397f084bcee3390e92b0a4f8d0f1fa23ddabad1668c4a6783f5643564f646d6,1774709138,2026-03-28T14:45:38+00:00,0.9415,clob_prices_history
96773953960313048340895711765817431775606353405814859249629785260485292633238,0x6397f084bcee3390e92b0a4f8d0f1fa23ddabad1668c4a6783f5643564f646d6,1774710948,2026-03-28T15:15:48+00:00,0.943,clob_prices_history
96773953960313048340895711765817431775606353405814859249629785260485292633238,0x6397f084bcee3390e92b0a4f8d0f1fa23ddabad1668c4a6783f5643564f646d6,1774711844,2026-03-28T15:30:44+00:00,0.943,clob_prices_history
96773953960313048340895711765817431775606353405814859249629785260485292633238,0x6397f084bcee3390e92b0a4f8d0f1fa23ddabad1668c4a6783f5643564f646d6,1774712738,2026-03-28T15:45:38+00:00,0.9455,clob_prices_history
96773953960313048340895711765817431775606353405814859249629785260485292633238,0x6397f084bcee3390e92b0a4f8d0f1fa23ddabad1668c4a6783f5643564f646d6,1774713646,2026-03-28T16:00:46+00:00,0.945,clob_prices_history
96773953960313048340895711765817431775606353405814859249629785260485292633238,0x6397f084bcee3390e92b0a4f8d0f1fa23ddabad1668c4a6783f5643564f646d6,1774714537,2026-03-28T16:15:37+00:00,0.9445,clob_prices_history
96773953960313048340895711765817431775606353405814859249629785260485292633238,0x6397f084bcee3390e92b0a4f8d0f1fa23ddabad1668c4a6783f5643564f646d6,1774715447,2026-03-28T16:30:47+00:00,0.9445,clob_prices_history
96773953960313048340895711765817431775606353405814859249629785260485292633238,0x6397f084bcee3390e92b0a4f8d0f1fa23ddabad1668c4a6783f5643564f646d6,1774716342,2026-03-28T16:45:42+00:00,0.942,clob_prices_history
96773953960313048340895711765817431775606353405814859249629785260485292633238,0x6397f084bcee3390e92b0a4f8d0f1fa23ddabad1668c4a6783f5643564f646d6,1774718139,2026-03-28T17:15:39+00:00,0.942,clob_prices_history
96773953960313048340895711765817431775606353405814859249629785260485292633238,0x6397f084bcee3390e92b0a4f8d0f1fa23ddabad1668c4a6783f5643564f646d6,1774719050,2026-03-28T17:30:50+00:00,0.9425,clob_prices_history
96773953960313048340895711765817431775606353405814859249629785260485292633238,0x6397f084bcee3390e92b0a4f8d0f1fa23ddabad1668c4a6783f5643564f646d6,1774719940,2026-03-28T17:45:40+00:00,0.9425,clob_prices_history
96773953960313048340895711765817431775606353405814859249629785260485292633238,0x6397f084bcee3390e92b0a4f8d0f1fa23ddabad1668c4a6783f5643564f646d6,1774721741,2026-03-28T18:15:41+00:00,0.9425,clob_prices_history
96773953960313048340895711765817431775606353405814859249629785260485292633238,0x6397f084bcee3390e92b0a4f8d0f1fa23ddabad1668c4a6783f5643564f646d6,1774722649,2026-03-28T18:30:49+00:00,0.942,clob_prices_history
96773953960313048340895711765817431775606353405814859249629785260485292633238,0x6397f084bcee3390e92b0a4f8d0f1fa23ddabad1668c4a6783f5643564f646d6,1774723537,2026-03-28T18:45:37+00:00,0.9425,clob_prices_history
96773953960313048340895711765817431775606353405814859249629785260485292633238,0x6397f084bcee3390e92b0a4f8d0f1fa23ddabad1668c4a6783f5643564f646d6,1774724446,2026-03-28T19:00:46+00:00,0.9425,clob_prices_history
96773953960313048340895711765817431775606353405814859249629785260485292633238,0x6397f084bcee3390e92b0a4f8d0f1fa23ddabad1668c4a6783f5643564f646d6,1774725339,2026-03-28T19:15:39+00:00,0.9425,clob_prices_history
96773953960313048340895711765817431775606353405814859249629785260485292633238,0x6397f084bcee3390e92b0a4f8d0f1fa23ddabad1668c4a6783f5643564f646d6,1774726257,2026-03-28T19:30:57+00:00,0.9425,clob_prices_history
96773953960313048340895711765817431775606353405814859249629785260485292633238,0x6397f084bcee3390e92b0a4f8d0f1fa23ddabad1668c4a6783f5643564f646d6,1774727157,2026-03-28T19:45:57+00:00,0.9425,clob_prices_history
96773953960313048340895711765817431775606353405814859249629785260485292633238,0x6397f084bcee3390e92b0a4f8d0f1fa23ddabad1668c4a6783f5643564f646d6,1774728046,2026-03-28T20:00:46+00:00,0.942,clob_prices_history
96773953960313048340895711765817431775606353405814859249629785260485292633238,0x6397f084bcee3390e92b0a4f8d0f1fa23ddabad1668c4a6783f5643564f646d6,1774728944,2026-03-28T20:15:44+00:00,0.942,clob_prices_history
96773953960313048340895711765817431775606353405814859249629785260485292633238,0x6397f084bcee3390e92b0a4f8d0f1fa23ddabad1668c4a6783f5643564f646d6,1774729844,2026-03-28T20:30:44+00:00,0.9425,clob_prices_history
96773953960313048340895711765817431775606353405814859249629785260485292633238,0x6397f084bcee3390e92b0a4f8d0f1fa23ddabad1668c4a6783f5643564f646d6,1774730743,2026-03-28T20:45:43+00:00,0.942,clob_prices_history
96773953960313048340895711765817431775606353405814859249629785260485292633238,0x6397f084bcee3390e92b0a4f8d0f1fa23ddabad1668c4a6783f5643564f646d6,1774731655,2026-03-28T21:00:55+00:00,0.9425,clob_prices_history
96773953960313048340895711765817431775606353405814859249629785260485292633238,0x6397f084bcee3390e92b0a4f8d0f1fa23ddabad1668c4a6783f5643564f646d6,1774732539,2026-03-28T21:15:39+00:00,0.9425,clob_prices_history
96773953960313048340895711765817431775606353405814859249629785260485292633238,0x6397f084bcee3390e92b0a4f8d0f1fa23ddabad1668c4a6783f5643564f646d6,1774733443,2026-03-28T21:30:43+00:00,0.9425,clob_prices_history
96773953960313048340895711765817431775606353405814859249629785260485292633238,0x6397f084bcee3390e92b0a4f8d0f1fa23ddabad1668c4a6783f5643564f646d6,1774734352,2026-03-28T21:45:52+00:00,0.9425,clob_prices_history
96773953960313048340895711765817431775606353405814859249629785260485292633238,0x6397f084bcee3390e92b0a4f8d0f1fa23ddabad1668c4a6783f5643564f646d6,1774735252,2026-03-28T22:00:52+00:00,0.942,clob_prices_history
96773953960313048340895711765817431775606353405814859249629785260485292633238,0x6397f084bcee3390e92b0a4f8d0f1fa23ddabad1668c4a6783f5643564f646d6,1774736140,2026-03-28T22:15:40+00:00,0.9425,clob_prices_history
96773953960313048340895711765817431775606353405814859249629785260485292633238,0x6397f084bcee3390e92b0a4f8d0f1fa23ddabad1668c4a6783f5643564f646d6,1774737045,2026-03-28T22:30:45+00:00,0.9425,clob_prices_history
96773953960313048340895711765817431775606353405814859249629785260485292633238,0x6397f084bcee3390e92b0a4f8d0f1fa23ddabad1668c4a6783f5643564f646d6,1774737939,2026-03-28T22:45:39+00:00,0.942,clob_prices_history
96773953960313048340895711765817431775606353405814859249629785260485292633238,0x6397f084bcee3390e92b0a4f8d0f1fa23ddabad1668c4a6783f5643564f646d6,1774738851,2026-03-28T23:00:51+00:00,0.9425,clob_prices_history
96773953960313048340895711765817431775606353405814859249629785260485292633238,0x6397f084bcee3390e92b0a4f8d0f1fa23ddabad1668c4a6783f5643564f646d6,1774739740,2026-03-28T23:15:40+00:00,0.942,clob_prices_history
96773953960313048340895711765817431775606353405814859249629785260485292633238,0x6397f084bcee3390e92b0a4f8d0f1fa23ddabad1668c4a6783f5643564f646d6,1774740655,2026-03-28T23:30:55+00:00,0.942,clob_prices_history
96773953960313048340895711765817431775606353405814859249629785260485292633238,0x6397f084bcee3390e92b0a4f8d0f1fa23ddabad1668c4a6783f5643564f646d6,1774741539,2026-03-28T23:45:39+00:00,0.942,clob_prices_history
96773953960313048340895711765817431775606353405814859249629785260485292633238,0x6397f084bcee3390e92b0a4f8d0f1fa23ddabad1668c4a6783f5643564f646d6,1774744254,2026-03-29T00:30:54+00:00,0.942,clob_prices_history
96773953960313048340895711765817431775606353405814859249629785260485292633238,0x6397f084bcee3390e92b0a4f8d0f1fa23ddabad1668c4a6783f5643564f646d6,1774745140,2026-03-29T00:45:40+00:00,0.942,clob_prices_history
96773953960313048340895711765817431775606353405814859249629785260485292633238,0x6397f084bcee3390e92b0a4f8d0f1fa23ddabad1668c4a6783f5643564f646d6,1774746055,2026-03-29T01:00:55+00:00,0.942,clob_prices_history
96773953960313048340895711765817431775606353405814859249629785260485292633238,0x6397f084bcee3390e92b0a4f8d0f1fa23ddabad1668c4a6783f5643564f646d6,1774746943,2026-03-29T01:15:43+00:00,0.942,clob_prices_history
96773953960313048340895711765817431775606353405814859249629785260485292633238,0x6397f084bcee3390e92b0a4f8d0f1fa23ddabad1668c4a6783f5643564f646d6,1774747842,2026-03-29T01:30:42+00:00,0.942,clob_prices_history
96773953960313048340895711765817431775606353405814859249629785260485292633238,0x6397f084bcee3390e92b0a4f8d0f1fa23ddabad1668c4a6783f5643564f646d6,1774748743,2026-03-29T01:45:43+00:00,0.942,clob_prices_history
96773953960313048340895711765817431775606353405814859249629785260485292633238,0x6397f084bcee3390e92b0a4f8d0f1fa23ddabad1668c4a6783f5643564f646d6,1774749656,2026-03-29T02:00:56+00:00,0.942,clob_prices_history
96773953960313048340895711765817431775606353405814859249629785260485292633238,0x6397f084bcee3390e92b0a4f8d0f1fa23ddabad1668c4a6783f5643564f646d6,1774750539,2026-03-29T02:15:39+00:00,0.942,clob_prices_history
96773953960313048340895711765817431775606353405814859249629785260485292633238,0x6397f084bcee3390e92b0a4f8d0f1fa23ddabad1668c4a6783f5643564f646d6,1774752339,2026-03-29T02:45:39+00:00,0.942,clob_prices_history
96773953960313048340895711765817431775606353405814859249629785260485292633238,0x6397f084bcee3390e92b0a4f8d0f1fa23ddabad1668c4a6783f5643564f646d6,1774753257,2026-03-29T03:00:57+00:00,0.942,clob_prices_history
96773953960313048340895711765817431775606353405814859249629785260485292633238,0x6397f084bcee3390e92b0a4f8d0f1fa23ddabad1668c4a6783f5643564f646d6,1774754154,2026-03-29T03:15:54+00:00,0.942,clob_prices_history
96773953960313048340895711765817431775606353405814859249629785260485292633238,0x6397f084bcee3390e92b0a4f8d0f1fa23ddabad1668c4a6783f5643564f646d6,1774755939,2026-03-29T03:45:39+00:00,0.942,clob_prices_history
96773953960313048340895711765817431775606353405814859249629785260485292633238,0x6397f084bcee3390e92b0a4f8d0f1fa23ddabad1668c4a6783f5643564f646d6,1774756848,2026-03-29T04:00:48+00:00,0.942,clob_prices_history
96773953960313048340895711765817431775606353405814859249629785260485292633238,0x6397f084bcee3390e92b0a4f8d0f1fa23ddabad1668c4a6783f5643564f646d6,1774757744,2026-03-29T04:15:44+00:00,0.942,clob_prices_history
96773953960313048340895711765817431775606353405814859249629785260485292633238,0x6397f084bcee3390e92b0a4f8d0f1fa23ddabad1668c4a6783f5643564f646d6,1774758647,2026-03-29T04:30:47+00:00,0.942,clob_prices_history
96773953960313048340895711765817431775606353405814859249629785260485292633238,0x6397f084bcee3390e92b0a4f8d0f1fa23ddabad1668c4a6783f5643564f646d6,1774759542,2026-03-29T04:45:42+00:00,0.942,clob_prices_history
96773953960313048340895711765817431775606353405814859249629785260485292633238,0x6397f084bcee3390e92b0a4f8d0f1fa23ddabad1668c4a6783f5643564f646d6,1774760456,2026-03-29T05:00:56+00:00,0.942,clob_prices_history
96773953960313048340895711765817431775606353405814859249629785260485292633238,0x6397f084bcee3390e92b0a4f8d0f1fa23ddabad1668c4a6783f5643564f646d6,1774761340,2026-03-29T05:15:40+00:00,0.942,clob_prices_history
96773953960313048340895711765817431775606353405814859249629785260485292633238,0x6397f084bcee3390e92b0a4f8d0f1fa23ddabad1668c4a6783f5643564f646d6,1774763138,2026-03-29T05:45:38+00:00,0.9425,clob_prices_history
96773953960313048340895711765817431775606353405814859249629785260485292633238,0x6397f084bcee3390e92b0a4f8d0f1fa23ddabad1668c4a6783f5643564f646d6,1774764944,2026-03-29T06:15:44+00:00,0.9425,clob_prices_history
96773953960313048340895711765817431775606353405814859249629785260485292633238,0x6397f084bcee3390e92b0a4f8d0f1fa23ddabad1668c4a6783f5643564f646d6,1774766741,2026-03-29T06:45:41+00:00,0.942,clob_prices_history
96773953960313048340895711765817431775606353405814859249629785260485292633238,0x6397f084bcee3390e92b0a4f8d0f1fa23ddabad1668c4a6783f5643564f646d6,1774767653,2026-03-29T07:00:53+00:00,0.942,clob_prices_history
96773953960313048340895711765817431775606353405814859249629785260485292633238,0x6397f084bcee3390e92b0a4f8d0f1fa23ddabad1668c4a6783f5643564f646d6,1774768539,2026-03-29T07:15:39+00:00,0.942,clob_prices_history
96773953960313048340895711765817431775606353405814859249629785260485292633238,0x6397f084bcee3390e92b0a4f8d0f1fa23ddabad1668c4a6783f5643564f646d6,1774769456,2026-03-29T07:30:56+00:00,0.942,clob_prices_history
96773953960313048340895711765817431775606353405814859249629785260485292633238,0x6397f084bcee3390e92b0a4f8d0f1fa23ddabad1668c4a6783f5643564f646d6,1774770343,2026-03-29T07:45:43+00:00,0.942,clob_prices_history
96773953960313048340895711765817431775606353405814859249629785260485292633238,0x6397f084bcee3390e92b0a4f8d0f1fa23ddabad1668c4a6783f5643564f646d6,1774771251,2026-03-29T08:00:51+00:00,0.942,clob_prices_history
96773953960313048340895711765817431775606353405814859249629785260485292633238,0x6397f084bcee3390e92b0a4f8d0f1fa23ddabad1668c4a6783f5643564f646d6,1774772102,2026-03-29T08:15:02+00:00,0.9555,clob_prices_history
96773953960313048340895711765817431775606353405814859249629785260485292633238,0x6397f084bcee3390e92b0a4f8d0f1fa23ddabad1668c4a6783f5643564f646d6,1774772158,2026-03-29T08:15:58+00:00,0.954,clob_prices_history
96773953960313048340895711765817431775606353405814859249629785260485292633238,0x6397f084bcee3390e92b0a4f8d0f1fa23ddabad1668c4a6783f5643564f646d6,1774773052,2026-03-29T08:30:52+00:00,0.95,clob_prices_history
96773953960313048340895711765817431775606353405814859249629785260485292633238,0x6397f084bcee3390e92b0a4f8d0f1fa23ddabad1668c4a6783f5643564f646d6,1774773943,2026-03-29T08:45:43+00:00,0.957,clob_prices_history
96773953960313048340895711765817431775606353405814859249629785260485292633238,0x6397f084bcee3390e92b0a4f8d0f1fa23ddabad1668c4a6783f5643564f646d6,1774775741,2026-03-29T09:15:41+00:00,0.958,clob_prices_history
96773953960313048340895711765817431775606353405814859249629785260485292633238,0x6397f084bcee3390e92b0a4f8d0f1fa23ddabad1668c4a6783f5643564f646d6,1774776643,2026-03-29T09:30:43+00:00,0.96,clob_prices_history
96773953960313048340895711765817431775606353405814859249629785260485292633238,0x6397f084bcee3390e92b0a4f8d0f1fa23ddabad1668c4a6783f5643564f646d6,1774777545,2026-03-29T09:45:45+00:00,0.9595,clob_prices_history
96773953960313048340895711765817431775606353405814859249629785260485292633238,0x6397f084bcee3390e92b0a4f8d0f1fa23ddabad1668c4a6783f5643564f646d6,1774778458,2026-03-29T10:00:58+00:00,0.9605,clob_prices_history
96773953960313048340895711765817431775606353405814859249629785260485292633238,0x6397f084bcee3390e92b0a4f8d0f1fa23ddabad1668c4a6783f5643564f646d6,1774779339,2026-03-29T10:15:39+00:00,0.961,clob_prices_history
96773953960313048340895711765817431775606353405814859249629785260485292633238,0x6397f084bcee3390e92b0a4f8d0f1fa23ddabad1668c4a6783f5643564f646d6,1774780249,2026-03-29T10:30:49+00:00,0.961,clob_prices_history
96773953960313048340895711765817431775606353405814859249629785260485292633238,0x6397f084bcee3390e92b0a4f8d0f1fa23ddabad1668c4a6783f5643564f646d6,1774781142,2026-03-29T10:45:42+00:00,0.961,clob_prices_history
96773953960313048340895711765817431775606353405814859249629785260485292633238,0x6397f084bcee3390e92b0a4f8d0f1fa23ddabad1668c4a6783f5643564f646d6,1774782056,2026-03-29T11:00:56+00:00,0.9615,clob_prices_history
96773953960313048340895711765817431775606353405814859249629785260485292633238,0x6397f084bcee3390e92b0a4f8d0f1fa23ddabad1668c4a6783f5643564f646d6,1774782944,2026-03-29T11:15:44+00:00,0.962,clob_prices_history
96773953960313048340895711765817431775606353405814859249629785260485292633238,0x6397f084bcee3390e92b0a4f8d0f1fa23ddabad1668c4a6783f5643564f646d6,1774784739,2026-03-29T11:45:39+00:00,0.962,clob_prices_history
96773953960313048340895711765817431775606353405814859249629785260485292633238,0x6397f084bcee3390e92b0a4f8d0f1fa23ddabad1668c4a6783f5643564f646d6,1774786553,2026-03-29T12:15:53+00:00,0.962,clob_prices_history
96773953960313048340895711765817431775606353405814859249629785260485292633238,0x6397f084bcee3390e92b0a4f8d0f1fa23ddabad1668c4a6783f5643564f646d6,1774787455,2026-03-29T12:30:55+00:00,0.962,clob_prices_history
96773953960313048340895711765817431775606353405814859249629785260485292633238,0x6397f084bcee3390e92b0a4f8d0f1fa23ddabad1668c4a6783f5643564f646d6,1774788342,2026-03-29T12:45:42+00:00,0.962,clob_prices_history
96773953960313048340895711765817431775606353405814859249629785260485292633238,0x6397f084bcee3390e92b0a4f8d0f1fa23ddabad1668c4a6783f5643564f646d6,1774790140,2026-03-29T13:15:40+00:00,0.962,clob_prices_history
96773953960313048340895711765817431775606353405814859249629785260485292633238,0x6397f084bcee3390e92b0a4f8d0f1fa23ddabad1668c4a6783f5643564f646d6,1774791943,2026-03-29T13:45:43+00:00,0.962,clob_prices_history
96773953960313048340895711765817431775606353405814859249629785260485292633238,0x6397f084bcee3390e92b0a4f8d0f1fa23ddabad1668c4a6783f5643564f646d6,1774792855,2026-03-29T14:00:55+00:00,0.962,clob_prices_history
96773953960313048340895711765817431775606353405814859249629785260485292633238,0x6397f084bcee3390e92b0a4f8d0f1fa23ddabad1668c4a6783f5643564f646d6,1774793741,2026-03-29T14:15:41+00:00,0.962,clob_prices_history
96773953960313048340895711765817431775606353405814859249629785260485292633238,0x6397f084bcee3390e92b0a4f8d0f1fa23ddabad1668c4a6783f5643564f646d6,1774794650,2026-03-29T14:30:50+00:00,0.962,clob_prices_history
96773953960313048340895711765817431775606353405814859249629785260485292633238,0x6397f084bcee3390e92b0a4f8d0f1fa23ddabad1668c4a6783f5643564f646d6,1774795550,2026-03-29T14:45:50+00:00,0.962,clob_prices_history
96773953960313048340895711765817431775606353405814859249629785260485292633238,0x6397f084bcee3390e92b0a4f8d0f1fa23ddabad1668c4a6783f5643564f646d6,1774797344,2026-03-29T15:15:44+00:00,0.962,clob_prices_history
96773953960313048340895711765817431775606353405814859249629785260485292633238,0x6397f084bcee3390e92b0a4f8d0f1fa23ddabad1668c4a6783f5643564f646d6,1774798249,2026-03-29T15:30:49+00:00,0.962,clob_prices_history
96773953960313048340895711765817431775606353405814859249629785260485292633238,0x6397f084bcee3390e92b0a4f8d0f1fa23ddabad1668c4a6783f5643564f646d6,1774799143,2026-03-29T15:45:43+00:00,0.962,clob_prices_history
96773953960313048340895711765817431775606353405814859249629785260485292633238,0x6397f084bcee3390e92b0a4f8d0f1fa23ddabad1668c4a6783f5643564f646d6,1774800051,2026-03-29T16:00:51+00:00,0.962,clob_prices_history
96773953960313048340895711765817431775606353405814859249629785260485292633238,0x6397f084bcee3390e92b0a4f8d0f1fa23ddabad1668c4a6783f5643564f646d6,1774800947,2026-03-29T16:15:47+00:00,0.962,clob_prices_history
96773953960313048340895711765817431775606353405814859249629785260485292633238,0x6397f084bcee3390e92b0a4f8d0f1fa23ddabad1668c4a6783f5643564f646d6,1774801857,2026-03-29T16:30:57+00:00,0.962,clob_prices_history
96773953960313048340895711765817431775606353405814859249629785260485292633238,0x6397f084bcee3390e92b0a4f8d0f1fa23ddabad1668c4a6783f5643564f646d6,1774802742,2026-03-29T16:45:42+00:00,0.962,clob_prices_history
96773953960313048340895711765817431775606353405814859249629785260485292633238,0x6397f084bcee3390e92b0a4f8d0f1fa23ddabad1668c4a6783f5643564f646d6,1774804545,2026-03-29T17:15:45+00:00,0.962,clob_prices_history
96773953960313048340895711765817431775606353405814859249629785260485292633238,0x6397f084bcee3390e92b0a4f8d0f1fa23ddabad1668c4a6783f5643564f646d6,1774806342,2026-03-29T17:45:42+00:00,0.9625,clob_prices_history
96773953960313048340895711765817431775606353405814859249629785260485292633238,0x6397f084bcee3390e92b0a4f8d0f1fa23ddabad1668c4a6783f5643564f646d6,1774808143,2026-03-29T18:15:43+00:00,0.962,clob_prices_history
96773953960313048340895711765817431775606353405814859249629785260485292633238,0x6397f084bcee3390e92b0a4f8d0f1fa23ddabad1668c4a6783f5643564f646d6,1774809059,2026-03-29T18:30:59+00:00,0.962,clob_prices_history
96773953960313048340895711765817431775606353405814859249629785260485292633238,0x6397f084bcee3390e92b0a4f8d0f1fa23ddabad1668c4a6783f5643564f646d6,1774809945,2026-03-29T18:45:45+00:00,0.962,clob_prices_history
96773953960313048340895711765817431775606353405814859249629785260485292633238,0x6397f084bcee3390e92b0a4f8d0f1fa23ddabad1668c4a6783f5643564f646d6,1774810850,2026-03-29T19:00:50+00:00,0.962,clob_prices_history
96773953960313048340895711765817431775606353405814859249629785260485292633238,0x6397f084bcee3390e92b0a4f8d0f1fa23ddabad1668c4a6783f5643564f646d6,1774811742,2026-03-29T19:15:42+00:00,0.962,clob_prices_history
96773953960313048340895711765817431775606353405814859249629785260485292633238,0x6397f084bcee3390e92b0a4f8d0f1fa23ddabad1668c4a6783f5643564f646d6,1774813549,2026-03-29T19:45:49+00:00,0.962,clob_prices_history
96773953960313048340895711765817431775606353405814859249629785260485292633238,0x6397f084bcee3390e92b0a4f8d0f1fa23ddabad1668c4a6783f5643564f646d6,1774814453,2026-03-29T20:00:53+00:00,0.962,clob_prices_history
96773953960313048340895711765817431775606353405814859249629785260485292633238,0x6397f084bcee3390e92b0a4f8d0f1fa23ddabad1668c4a6783f5643564f646d6,1774815348,2026-03-29T20:15:48+00:00,0.962,clob_prices_history
96773953960313048340895711765817431775606353405814859249629785260485292633238,0x6397f084bcee3390e92b0a4f8d0f1fa23ddabad1668c4a6783f5643564f646d6,1774817151,2026-03-29T20:45:51+00:00,0.9615,clob_prices_history
96773953960313048340895711765817431775606353405814859249629785260485292633238,0x6397f084bcee3390e92b0a4f8d0f1fa23ddabad1668c4a6783f5643564f646d6,1774818952,2026-03-29T21:15:52+00:00,0.9625,clob_prices_history
96773953960313048340895711765817431775606353405814859249629785260485292633238,0x6397f084bcee3390e92b0a4f8d0f1fa23ddabad1668c4a6783f5643564f646d6,1774819859,2026-03-29T21:30:59+00:00,0.9625,clob_prices_history
96773953960313048340895711765817431775606353405814859249629785260485292633238,0x6397f084bcee3390e92b0a4f8d0f1fa23ddabad1668c4a6783f5643564f646d6,1774820751,2026-03-29T21:45:51+00:00,0.9625,clob_prices_history
96773953960313048340895711765817431775606353405814859249629785260485292633238,0x6397f084bcee3390e92b0a4f8d0f1fa23ddabad1668c4a6783f5643564f646d6,1774822552,2026-03-29T22:15:52+00:00,0.9625,clob_prices_history
96773953960313048340895711765817431775606353405814859249629785260485292633238,0x6397f084bcee3390e92b0a4f8d0f1fa23ddabad1668c4a6783f5643564f646d6,1774824352,2026-03-29T22:45:52+00:00,0.9625,clob_prices_history
96773953960313048340895711765817431775606353405814859249629785260485292633238,0x6397f084bcee3390e92b0a4f8d0f1fa23ddabad1668c4a6783f5643564f646d6,1774826146,2026-03-29T23:15:46+00:00,0.9635,clob_prices_history
96773953960313048340895711765817431775606353405814859249629785260485292633238,0x6397f084bcee3390e92b0a4f8d0f1fa23ddabad1668c4a6783f5643564f646d6,1774827951,2026-03-29T23:45:51+00:00,0.9635,clob_prices_history
96773953960313048340895711765817431775606353405814859249629785260485292633238,0x6397f084bcee3390e92b0a4f8d0f1fa23ddabad1668c4a6783f5643564f646d6,1774829745,2026-03-30T00:15:45+00:00,0.964,clob_prices_history
96773953960313048340895711765817431775606353405814859249629785260485292633238,0x6397f084bcee3390e92b0a4f8d0f1fa23ddabad1668c4a6783f5643564f646d6,1774831556,2026-03-30T00:45:56+00:00,0.9635,clob_prices_history
96773953960313048340895711765817431775606353405814859249629785260485292633238,0x6397f084bcee3390e92b0a4f8d0f1fa23ddabad1668c4a6783f5643564f646d6,1774832455,2026-03-30T01:00:55+00:00,0.963,clob_prices_history
96773953960313048340895711765817431775606353405814859249629785260485292633238,0x6397f084bcee3390e92b0a4f8d0f1fa23ddabad1668c4a6783f5643564f646d6,1774833345,2026-03-30T01:15:45+00:00,0.963,clob_prices_history
96773953960313048340895711765817431775606353405814859249629785260485292633238,0x6397f084bcee3390e92b0a4f8d0f1fa23ddabad1668c4a6783f5643564f646d6,1774835144,2026-03-30T01:45:44+00:00,0.963,clob_prices_history
96773953960313048340895711765817431775606353405814859249629785260485292633238,0x6397f084bcee3390e92b0a4f8d0f1fa23ddabad1668c4a6783f5643564f646d6,1774836056,2026-03-30T02:00:56+00:00,0.963,clob_prices_history
96773953960313048340895711765817431775606353405814859249629785260485292633238,0x6397f084bcee3390e92b0a4f8d0f1fa23ddabad1668c4a6783f5643564f646d6,1774836946,2026-03-30T02:15:46+00:00,0.963,clob_prices_history
96773953960313048340895711765817431775606353405814859249629785260485292633238,0x6397f084bcee3390e92b0a4f8d0f1fa23ddabad1668c4a6783f5643564f646d6,1774838743,2026-03-30T02:45:43+00:00,0.963,clob_prices_history
96773953960313048340895711765817431775606353405814859249629785260485292633238,0x6397f084bcee3390e92b0a4f8d0f1fa23ddabad1668c4a6783f5643564f646d6,1774840543,2026-03-30T03:15:43+00:00,0.963,clob_prices_history
96773953960313048340895711765817431775606353405814859249629785260485292633238,0x6397f084bcee3390e92b0a4f8d0f1fa23ddabad1668c4a6783f5643564f646d6,1774841454,2026-03-30T03:30:54+00:00,0.963,clob_prices_history
96773953960313048340895711765817431775606353405814859249629785260485292633238,0x6397f084bcee3390e92b0a4f8d0f1fa23ddabad1668c4a6783f5643564f646d6,1774842345,2026-03-30T03:45:45+00:00,0.963,clob_prices_history
96773953960313048340895711765817431775606353405814859249629785260485292633238,0x6397f084bcee3390e92b0a4f8d0f1fa23ddabad1668c4a6783f5643564f646d6,1774844144,2026-03-30T04:15:44+00:00,0.963,clob_prices_history
96773953960313048340895711765817431775606353405814859249629785260485292633238,0x6397f084bcee3390e92b0a4f8d0f1fa23ddabad1668c4a6783f5643564f646d6,1774845948,2026-03-30T04:45:48+00:00,0.963,clob_prices_history
96773953960313048340895711765817431775606353405814859249629785260485292633238,0x6397f084bcee3390e92b0a4f8d0f1fa23ddabad1668c4a6783f5643564f646d6,1774847745,2026-03-30T05:15:45+00:00,0.963,clob_prices_history
96773953960313048340895711765817431775606353405814859249629785260485292633238,0x6397f084bcee3390e92b0a4f8d0f1fa23ddabad1668c4a6783f5643564f646d6,1774848657,2026-03-30T05:30:57+00:00,0.963,clob_prices_history
96773953960313048340895711765817431775606353405814859249629785260485292633238,0x6397f084bcee3390e92b0a4f8d0f1fa23ddabad1668c4a6783f5643564f646d6,1774849546,2026-03-30T05:45:46+00:00,0.963,clob_prices_history
96773953960313048340895711765817431775606353405814859249629785260485292633238,0x6397f084bcee3390e92b0a4f8d0f1fa23ddabad1668c4a6783f5643564f646d6,1774851344,2026-03-30T06:15:44+00:00,0.9635,clob_prices_history
96773953960313048340895711765817431775606353405814859249629785260485292633238,0x6397f084bcee3390e92b0a4f8d0f1fa23ddabad1668c4a6783f5643564f646d6,1774853146,2026-03-30T06:45:46+00:00,0.9635,clob_prices_history
96773953960313048340895711765817431775606353405814859249629785260485292633238,0x6397f084bcee3390e92b0a4f8d0f1fa23ddabad1668c4a6783f5643564f646d6,1774854944,2026-03-30T07:15:44+00:00,0.9635,clob_prices_history
96773953960313048340895711765817431775606353405814859249629785260485292633238,0x6397f084bcee3390e92b0a4f8d0f1fa23ddabad1668c4a6783f5643564f646d6,1774856745,2026-03-30T07:45:45+00:00,0.9635,clob_prices_history
96773953960313048340895711765817431775606353405814859249629785260485292633238,0x6397f084bcee3390e92b0a4f8d0f1fa23ddabad1668c4a6783f5643564f646d6,1774857656,2026-03-30T08:00:56+00:00,0.9635,clob_prices_history
96773953960313048340895711765817431775606353405814859249629785260485292633238,0x6397f084bcee3390e92b0a4f8d0f1fa23ddabad1668c4a6783f5643564f646d6,1774858546,2026-03-30T08:15:46+00:00,0.9635,clob_prices_history
96773953960313048340895711765817431775606353405814859249629785260485292633238,0x6397f084bcee3390e92b0a4f8d0f1fa23ddabad1668c4a6783f5643564f646d6,1774859451,2026-03-30T08:30:51+00:00,0.9635,clob_prices_history
96773953960313048340895711765817431775606353405814859249629785260485292633238,0x6397f084bcee3390e92b0a4f8d0f1fa23ddabad1668c4a6783f5643564f646d6,1774860346,2026-03-30T08:45:46+00:00,0.9635,clob_prices_history
96773953960313048340895711765817431775606353405814859249629785260485292633238,0x6397f084bcee3390e92b0a4f8d0f1fa23ddabad1668c4a6783f5643564f646d6,1774862144,2026-03-30T09:15:44+00:00,0.9635,clob_prices_history
96773953960313048340895711765817431775606353405814859249629785260485292633238,0x6397f084bcee3390e92b0a4f8d0f1fa23ddabad1668c4a6783f5643564f646d6,1774863057,2026-03-30T09:30:57+00:00,0.9635,clob_prices_history
96773953960313048340895711765817431775606353405814859249629785260485292633238,0x6397f084bcee3390e92b0a4f8d0f1fa23ddabad1668c4a6783f5643564f646d6,1774863944,2026-03-30T09:45:44+00:00,0.9635,clob_prices_history
96773953960313048340895711765817431775606353405814859249629785260485292633238,0x6397f084bcee3390e92b0a4f8d0f1fa23ddabad1668c4a6783f5643564f646d6,1774864851,2026-03-30T10:00:51+00:00,0.9635,clob_prices_history
96773953960313048340895711765817431775606353405814859249629785260485292633238,0x6397f084bcee3390e92b0a4f8d0f1fa23ddabad1668c4a6783f5643564f646d6,1774865743,2026-03-30T10:15:43+00:00,0.9635,clob_prices_history
96773953960313048340895711765817431775606353405814859249629785260485292633238,0x6397f084bcee3390e92b0a4f8d0f1fa23ddabad1668c4a6783f5643564f646d6,1774867544,2026-03-30T10:45:44+00:00,0.9635,clob_prices_history
96773953960313048340895711765817431775606353405814859249629785260485292633238,0x6397f084bcee3390e92b0a4f8d0f1fa23ddabad1668c4a6783f5643564f646d6,1774868459,2026-03-30T11:00:59+00:00,0.9635,clob_prices_history
96773953960313048340895711765817431775606353405814859249629785260485292633238,0x6397f084bcee3390e92b0a4f8d0f1fa23ddabad1668c4a6783f5643564f646d6,1774869347,2026-03-30T11:15:47+00:00,0.9635,clob_prices_history
96773953960313048340895711765817431775606353405814859249629785260485292633238,0x6397f084bcee3390e92b0a4f8d0f1fa23ddabad1668c4a6783f5643564f646d6,1774870258,2026-03-30T11:30:58+00:00,0.9635,clob_prices_history
96773953960313048340895711765817431775606353405814859249629785260485292633238,0x6397f084bcee3390e92b0a4f8d0f1fa23ddabad1668c4a6783f5643564f646d6,1774871150,2026-03-30T11:45:50+00:00,0.9635,clob_prices_history
96773953960313048340895711765817431775606353405814859249629785260485292633238,0x6397f084bcee3390e92b0a4f8d0f1fa23ddabad1668c4a6783f5643564f646d6,1774872944,2026-03-30T12:15:44+00:00,0.9635,clob_prices_history
96773953960313048340895711765817431775606353405814859249629785260485292633238,0x6397f084bcee3390e92b0a4f8d0f1fa23ddabad1668c4a6783f5643564f646d6,1774874749,2026-03-30T12:45:49+00:00,0.9635,clob_prices_history
96773953960313048340895711765817431775606353405814859249629785260485292633238,0x6397f084bcee3390e92b0a4f8d0f1fa23ddabad1668c4a6783f5643564f646d6,1774876550,2026-03-30T13:15:50+00:00,0.9635,clob_prices_history
96773953960313048340895711765817431775606353405814859249629785260485292633238,0x6397f084bcee3390e92b0a4f8d0f1fa23ddabad1668c4a6783f5643564f646d6,1774878356,2026-03-30T13:45:56+00:00,0.9635,clob_prices_history
96773953960313048340895711765817431775606353405814859249629785260485292633238,0x6397f084bcee3390e92b0a4f8d0f1fa23ddabad1668c4a6783f5643564f646d6,1774880154,2026-03-30T14:15:54+00:00,0.9635,clob_prices_history
96773953960313048340895711765817431775606353405814859249629785260485292633238,0x6397f084bcee3390e92b0a4f8d0f1fa23ddabad1668c4a6783f5643564f646d6,1774881950,2026-03-30T14:45:50+00:00,0.9635,clob_prices_history
96773953960313048340895711765817431775606353405814859249629785260485292633238,0x6397f084bcee3390e92b0a4f8d0f1fa23ddabad1668c4a6783f5643564f646d6,1774883745,2026-03-30T15:15:45+00:00,0.964,clob_prices_history
96773953960313048340895711765817431775606353405814859249629785260485292633238,0x6397f084bcee3390e92b0a4f8d0f1fa23ddabad1668c4a6783f5643564f646d6,1774884658,2026-03-30T15:30:58+00:00,0.964,clob_prices_history
96773953960313048340895711765817431775606353405814859249629785260485292633238,0x6397f084bcee3390e92b0a4f8d0f1fa23ddabad1668c4a6783f5643564f646d6,1774885554,2026-03-30T15:45:54+00:00,0.964,clob_prices_history
96773953960313048340895711765817431775606353405814859249629785260485292633238,0x6397f084bcee3390e92b0a4f8d0f1fa23ddabad1668c4a6783f5643564f646d6,1774886457,2026-03-30T16:00:57+00:00,0.964,clob_prices_history
96773953960313048340895711765817431775606353405814859249629785260485292633238,0x6397f084bcee3390e92b0a4f8d0f1fa23ddabad1668c4a6783f5643564f646d6,1774887351,2026-03-30T16:15:51+00:00,0.964,clob_prices_history
96773953960313048340895711765817431775606353405814859249629785260485292633238,0x6397f084bcee3390e92b0a4f8d0f1fa23ddabad1668c4a6783f5643564f646d6,1774889155,2026-03-30T16:45:55+00:00,0.964,clob_prices_history
96773953960313048340895711765817431775606353405814859249629785260485292633238,0x6397f084bcee3390e92b0a4f8d0f1fa23ddabad1668c4a6783f5643564f646d6,1774890954,2026-03-30T17:15:54+00:00,0.964,clob_prices_history
96773953960313048340895711765817431775606353405814859249629785260485292633238,0x6397f084bcee3390e92b0a4f8d0f1fa23ddabad1668c4a6783f5643564f646d6,1774892753,2026-03-30T17:45:53+00:00,0.964,clob_prices_history
96773953960313048340895711765817431775606353405814859249629785260485292633238,0x6397f084bcee3390e92b0a4f8d0f1fa23ddabad1668c4a6783f5643564f646d6,1774894505,2026-03-30T18:15:05+00:00,0.964,clob_prices_history
96773953960313048340895711765817431775606353405814859249629785260485292633238,0x6397f084bcee3390e92b0a4f8d0f1fa23ddabad1668c4a6783f5643564f646d6,1774896358,2026-03-30T18:45:58+00:00,0.964,clob_prices_history
96773953960313048340895711765817431775606353405814859249629785260485292633238,0x6397f084bcee3390e92b0a4f8d0f1fa23ddabad1668c4a6783f5643564f646d6,1774898147,2026-03-30T19:15:47+00:00,0.964,clob_prices_history
96773953960313048340895711765817431775606353405814859249629785260485292633238,0x6397f084bcee3390e92b0a4f8d0f1fa23ddabad1668c4a6783f5643564f646d6,1774899948,2026-03-30T19:45:48+00:00,0.964,clob_prices_history
96773953960313048340895711765817431775606353405814859249629785260485292633238,0x6397f084bcee3390e92b0a4f8d0f1fa23ddabad1668c4a6783f5643564f646d6,1774901758,2026-03-30T20:15:58+00:00,0.964,clob_prices_history
96773953960313048340895711765817431775606353405814859249629785260485292633238,0x6397f084bcee3390e92b0a4f8d0f1fa23ddabad1668c4a6783f5643564f646d6,1774903547,2026-03-30T20:45:47+00:00,0.964,clob_prices_history
96773953960313048340895711765817431775606353405814859249629785260485292633238,0x6397f084bcee3390e92b0a4f8d0f1fa23ddabad1668c4a6783f5643564f646d6,1774905348,2026-03-30T21:15:48+00:00,0.964,clob_prices_history
96773953960313048340895711765817431775606353405814859249629785260485292633238,0x6397f084bcee3390e92b0a4f8d0f1fa23ddabad1668c4a6783f5643564f646d6,1774906258,2026-03-30T21:30:58+00:00,0.964,clob_prices_history
96773953960313048340895711765817431775606353405814859249629785260485292633238,0x6397f084bcee3390e92b0a4f8d0f1fa23ddabad1668c4a6783f5643564f646d6,1774907155,2026-03-30T21:45:55+00:00,0.964,clob_prices_history
96773953960313048340895711765817431775606353405814859249629785260485292633238,0x6397f084bcee3390e92b0a4f8d0f1fa23ddabad1668c4a6783f5643564f646d6,1774908054,2026-03-30T22:00:54+00:00,0.964,clob_prices_history
96773953960313048340895711765817431775606353405814859249629785260485292633238,0x6397f084bcee3390e92b0a4f8d0f1fa23ddabad1668c4a6783f5643564f646d6,1774908946,2026-03-30T22:15:46+00:00,0.964,clob_prices_history
96773953960313048340895711765817431775606353405814859249629785260485292633238,0x6397f084bcee3390e92b0a4f8d0f1fa23ddabad1668c4a6783f5643564f646d6,1774910746,2026-03-30T22:45:46+00:00,0.964,clob_prices_history
96773953960313048340895711765817431775606353405814859249629785260485292633238,0x6397f084bcee3390e92b0a4f8d0f1fa23ddabad1668c4a6783f5643564f646d6,1774911656,2026-03-30T23:00:56+00:00,0.964,clob_prices_history
96773953960313048340895711765817431775606353405814859249629785260485292633238,0x6397f084bcee3390e92b0a4f8d0f1fa23ddabad1668c4a6783f5643564f646d6,1774912546,2026-03-30T23:15:46+00:00,0.964,clob_prices_history
96773953960313048340895711765817431775606353405814859249629785260485292633238,0x6397f084bcee3390e92b0a4f8d0f1fa23ddabad1668c4a6783f5643564f646d6,1774914346,2026-03-30T23:45:46+00:00,0.964,clob_prices_history
96773953960313048340895711765817431775606353405814859249629785260485292633238,0x6397f084bcee3390e92b0a4f8d0f1fa23ddabad1668c4a6783f5643564f646d6,1774916149,2026-03-31T00:15:49+00:00,0.9645,clob_prices_history
96773953960313048340895711765817431775606353405814859249629785260485292633238,0x6397f084bcee3390e92b0a4f8d0f1fa23ddabad1668c4a6783f5643564f646d6,1774917953,2026-03-31T00:45:53+00:00,0.9685,clob_prices_history
96773953960313048340895711765817431775606353405814859249629785260485292633238,0x6397f084bcee3390e92b0a4f8d0f1fa23ddabad1668c4a6783f5643564f646d6,1774918858,2026-03-31T01:00:58+00:00,0.9685,clob_prices_history
96773953960313048340895711765817431775606353405814859249629785260485292633238,0x6397f084bcee3390e92b0a4f8d0f1fa23ddabad1668c4a6783f5643564f646d6,1774919752,2026-03-31T01:15:52+00:00,0.9695,clob_prices_history
96773953960313048340895711765817431775606353405814859249629785260485292633238,0x6397f084bcee3390e92b0a4f8d0f1fa23ddabad1668c4a6783f5643564f646d6,1774920656,2026-03-31T01:30:56+00:00,0.9695,clob_prices_history
96773953960313048340895711765817431775606353405814859249629785260485292633238,0x6397f084bcee3390e92b0a4f8d0f1fa23ddabad1668c4a6783f5643564f646d6,1774921554,2026-03-31T01:45:54+00:00,0.9695,clob_prices_history
96773953960313048340895711765817431775606353405814859249629785260485292633238,0x6397f084bcee3390e92b0a4f8d0f1fa23ddabad1668c4a6783f5643564f646d6,1774923348,2026-03-31T02:15:48+00:00,0.9725,clob_prices_history
96773953960313048340895711765817431775606353405814859249629785260485292633238,0x6397f084bcee3390e92b0a4f8d0f1fa23ddabad1668c4a6783f5643564f646d6,1774925146,2026-03-31T02:45:46+00:00,0.9725,clob_prices_history
96773953960313048340895711765817431775606353405814859249629785260485292633238,0x6397f084bcee3390e92b0a4f8d0f1fa23ddabad1668c4a6783f5643564f646d6,1774926946,2026-03-31T03:15:46+00:00,0.9725,clob_prices_history
96773953960313048340895711765817431775606353405814859249629785260485292633238,0x6397f084bcee3390e92b0a4f8d0f1fa23ddabad1668c4a6783f5643564f646d6,1774928749,2026-03-31T03:45:49+00:00,0.9725,clob_prices_history
96773953960313048340895711765817431775606353405814859249629785260485292633238,0x6397f084bcee3390e92b0a4f8d0f1fa23ddabad1668c4a6783f5643564f646d6,1774929656,2026-03-31T04:00:56+00:00,0.9725,clob_prices_history
96773953960313048340895711765817431775606353405814859249629785260485292633238,0x6397f084bcee3390e92b0a4f8d0f1fa23ddabad1668c4a6783f5643564f646d6,1774930550,2026-03-31T04:15:50+00:00,0.9725,clob_prices_history
96773953960313048340895711765817431775606353405814859249629785260485292633238,0x6397f084bcee3390e92b0a4f8d0f1fa23ddabad1668c4a6783f5643564f646d6,1774931441,2026-03-31T04:30:41+00:00,0.9725,clob_prices_history
96773953960313048340895711765817431775606353405814859249629785260485292633238,0x6397f084bcee3390e92b0a4f8d0f1fa23ddabad1668c4a6783f5643564f646d6,1774932318,2026-03-31T04:45:18+00:00,0.9725,clob_prices_history
96773953960313048340895711765817431775606353405814859249629785260485292633238,0x6397f084bcee3390e92b0a4f8d0f1fa23ddabad1668c4a6783f5643564f646d6,1774933255,2026-03-31T05:00:55+00:00,0.9725,clob_prices_history
96773953960313048340895711765817431775606353405814859249629785260485292633238,0x6397f084bcee3390e92b0a4f8d0f1fa23ddabad1668c4a6783f5643564f646d6,1774934150,2026-03-31T05:15:50+00:00,0.9725,clob_prices_history
96773953960313048340895711765817431775606353405814859249629785260485292633238,0x6397f084bcee3390e92b0a4f8d0f1fa23ddabad1668c4a6783f5643564f646d6,1774935059,2026-03-31T05:30:59+00:00,0.9725,clob_prices_history
96773953960313048340895711765817431775606353405814859249629785260485292633238,0x6397f084bcee3390e92b0a4f8d0f1fa23ddabad1668c4a6783f5643564f646d6,1774935953,2026-03-31T05:45:53+00:00,0.9725,clob_prices_history
96773953960313048340895711765817431775606353405814859249629785260485292633238,0x6397f084bcee3390e92b0a4f8d0f1fa23ddabad1668c4a6783f5643564f646d6,1774937749,2026-03-31T06:15:49+00:00,0.9725,clob_prices_history
96773953960313048340895711765817431775606353405814859249629785260485292633238,0x6397f084bcee3390e92b0a4f8d0f1fa23ddabad1668c4a6783f5643564f646d6,1774939555,2026-03-31T06:45:55+00:00,0.9725,clob_prices_history
96773953960313048340895711765817431775606353405814859249629785260485292633238,0x6397f084bcee3390e92b0a4f8d0f1fa23ddabad1668c4a6783f5643564f646d6,1774943152,2026-03-31T07:45:52+00:00,0.9725,clob_prices_history
96773953960313048340895711765817431775606353405814859249629785260485292633238,0x6397f084bcee3390e92b0a4f8d0f1fa23ddabad1668c4a6783f5643564f646d6,1774944950,2026-03-31T08:15:50+00:00,0.9725,clob_prices_history
96773953960313048340895711765817431775606353405814859249629785260485292633238,0x6397f084bcee3390e92b0a4f8d0f1fa23ddabad1668c4a6783f5643564f646d6,1774945803,2026-03-31T08:30:03+00:00,0.9725,clob_prices_history
96773953960313048340895711765817431775606353405814859249629785260485292633238,0x6397f084bcee3390e92b0a4f8d0f1fa23ddabad1668c4a6783f5643564f646d6,1774946751,2026-03-31T08:45:51+00:00,0.9725,clob_prices_history
96773953960313048340895711765817431775606353405814859249629785260485292633238,0x6397f084bcee3390e92b0a4f8d0f1fa23ddabad1668c4a6783f5643564f646d6,1774948554,2026-03-31T09:15:54+00:00,0.9725,clob_prices_history
96773953960313048340895711765817431775606353405814859249629785260485292633238,0x6397f084bcee3390e92b0a4f8d0f1fa23ddabad1668c4a6783f5643564f646d6,1774950349,2026-03-31T09:45:49+00:00,0.9725,clob_prices_history
96773953960313048340895711765817431775606353405814859249629785260485292633238,0x6397f084bcee3390e92b0a4f8d0f1fa23ddabad1668c4a6783f5643564f646d6,1774952151,2026-03-31T10:15:51+00:00,0.9725,clob_prices_history
96773953960313048340895711765817431775606353405814859249629785260485292633238,0x6397f084bcee3390e92b0a4f8d0f1fa23ddabad1668c4a6783f5643564f646d6,1774953947,2026-03-31T10:45:47+00:00,0.9725,clob_prices_history
96773953960313048340895711765817431775606353405814859249629785260485292633238,0x6397f084bcee3390e92b0a4f8d0f1fa23ddabad1668c4a6783f5643564f646d6,1774955755,2026-03-31T11:15:55+00:00,0.9725,clob_prices_history
96773953960313048340895711765817431775606353405814859249629785260485292633238,0x6397f084bcee3390e92b0a4f8d0f1fa23ddabad1668c4a6783f5643564f646d6,1774957553,2026-03-31T11:45:53+00:00,0.9725,clob_prices_history
96773953960313048340895711765817431775606353405814859249629785260485292633238,0x6397f084bcee3390e92b0a4f8d0f1fa23ddabad1668c4a6783f5643564f646d6,1774959356,2026-03-31T12:15:56+00:00,0.9725,clob_prices_history
96773953960313048340895711765817431775606353405814859249629785260485292633238,0x6397f084bcee3390e92b0a4f8d0f1fa23ddabad1668c4a6783f5643564f646d6,1774961102,2026-03-31T12:45:02+00:00,0.9725,clob_prices_history
96773953960313048340895711765817431775606353405814859249629785260485292633238,0x6397f084bcee3390e92b0a4f8d0f1fa23ddabad1668c4a6783f5643564f646d6,1774962949,2026-03-31T13:15:49+00:00,0.9725,clob_prices_history
96773953960313048340895711765817431775606353405814859249629785260485292633238,0x6397f084bcee3390e92b0a4f8d0f1fa23ddabad1668c4a6783f5643564f646d6,1774964758,2026-03-31T13:45:58+00:00,0.9725,clob_prices_history
96773953960313048340895711765817431775606353405814859249629785260485292633238,0x6397f084bcee3390e92b0a4f8d0f1fa23ddabad1668c4a6783f5643564f646d6,1774967426,2026-03-31T14:30:26+00:00,0.9725,clob_prices_history
96773953960313048340895711765817431775606353405814859249629785260485292633238,0x6397f084bcee3390e92b0a4f8d0f1fa23ddabad1668c4a6783f5643564f646d6,1774968302,2026-03-31T14:45:02+00:00,0.9725,clob_prices_history
96773953960313048340895711765817431775606353405814859249629785260485292633238,0x6397f084bcee3390e92b0a4f8d0f1fa23ddabad1668c4a6783f5643564f646d6,1774969259,2026-03-31T15:00:59+00:00,0.9725,clob_prices_history
96773953960313048340895711765817431775606353405814859249629785260485292633238,0x6397f084bcee3390e92b0a4f8d0f1fa23ddabad1668c4a6783f5643564f646d6,1774970151,2026-03-31T15:15:51+00:00,0.9725,clob_prices_history
96773953960313048340895711765817431775606353405814859249629785260485292633238,0x6397f084bcee3390e92b0a4f8d0f1fa23ddabad1668c4a6783f5643564f646d6,1774971957,2026-03-31T15:45:57+00:00,0.9725,clob_prices_history
96773953960313048340895711765817431775606353405814859249629785260485292633238,0x6397f084bcee3390e92b0a4f8d0f1fa23ddabad1668c4a6783f5643564f646d6,1774973751,2026-03-31T16:15:51+00:00,0.9725,clob_prices_history
96773953960313048340895711765817431775606353405814859249629785260485292633238,0x6397f084bcee3390e92b0a4f8d0f1fa23ddabad1668c4a6783f5643564f646d6,1774974603,2026-03-31T16:30:03+00:00,0.9725,clob_prices_history
96773953960313048340895711765817431775606353405814859249629785260485292633238,0x6397f084bcee3390e92b0a4f8d0f1fa23ddabad1668c4a6783f5643564f646d6,1774976432,2026-03-31T17:00:32+00:00,0.9725,clob_prices_history
96773953960313048340895711765817431775606353405814859249629785260485292633238,0x6397f084bcee3390e92b0a4f8d0f1fa23ddabad1668c4a6783f5643564f646d6,1774977307,2026-03-31T17:15:07+00:00,0.9725,clob_prices_history
96773953960313048340895711765817431775606353405814859249629785260485292633238,0x6397f084bcee3390e92b0a4f8d0f1fa23ddabad1668c4a6783f5643564f646d6,1774978246,2026-03-31T17:30:46+00:00,0.966,clob_prices_history
96773953960313048340895711765817431775606353405814859249629785260485292633238,0x6397f084bcee3390e92b0a4f8d0f1fa23ddabad1668c4a6783f5643564f646d6,1774979108,2026-03-31T17:45:08+00:00,0.9665,clob_prices_history
96773953960313048340895711765817431775606353405814859249629785260485292633238,0x6397f084bcee3390e92b0a4f8d0f1fa23ddabad1668c4a6783f5643564f646d6,1774980958,2026-03-31T18:15:58+00:00,0.966,clob_prices_history
96773953960313048340895711765817431775606353405814859249629785260485292633238,0x6397f084bcee3390e92b0a4f8d0f1fa23ddabad1668c4a6783f5643564f646d6,1774982757,2026-03-31T18:45:57+00:00,0.966,clob_prices_history
96773953960313048340895711765817431775606353405814859249629785260485292633238,0x6397f084bcee3390e92b0a4f8d0f1fa23ddabad1668c4a6783f5643564f646d6,1774984503,2026-03-31T19:15:03+00:00,0.966,clob_prices_history
96773953960313048340895711765817431775606353405814859249629785260485292633238,0x6397f084bcee3390e92b0a4f8d0f1fa23ddabad1668c4a6783f5643564f646d6,1774985421,2026-03-31T19:30:21+00:00,0.966,clob_prices_history
96773953960313048340895711765817431775606353405814859249629785260485292633238,0x6397f084bcee3390e92b0a4f8d0f1fa23ddabad1668c4a6783f5643564f646d6,1774986342,2026-03-31T19:45:42+00:00,0.966,clob_prices_history
96773953960313048340895711765817431775606353405814859249629785260485292633238,0x6397f084bcee3390e92b0a4f8d0f1fa23ddabad1668c4a6783f5643564f646d6,1774988155,2026-03-31T20:15:55+00:00,0.966,clob_prices_history
96773953960313048340895711765817431775606353405814859249629785260485292633238,0x6397f084bcee3390e92b0a4f8d0f1fa23ddabad1668c4a6783f5643564f646d6,1774989900,2026-03-31T20:45:00+00:00,0.966,clob_prices_history
96773953960313048340895711765817431775606353405814859249629785260485292633238,0x6397f084bcee3390e92b0a4f8d0f1fa23ddabad1668c4a6783f5643564f646d6,1774991755,2026-03-31T21:15:55+00:00,0.966,clob_prices_history
96773953960313048340895711765817431775606353405814859249629785260485292633238,0x6397f084bcee3390e92b0a4f8d0f1fa23ddabad1668c4a6783f5643564f646d6,1774995349,2026-03-31T22:15:49+00:00,0.968,clob_prices_history
96773953960313048340895711765817431775606353405814859249629785260485292633238,0x6397f084bcee3390e92b0a4f8d0f1fa23ddabad1668c4a6783f5643564f646d6,1774997105,2026-03-31T22:45:05+00:00,0.968,clob_prices_history
96773953960313048340895711765817431775606353405814859249629785260485292633238,0x6397f084bcee3390e92b0a4f8d0f1fa23ddabad1668c4a6783f5643564f646d6,1774998951,2026-03-31T23:15:51+00:00,0.9665,clob_prices_history
96773953960313048340895711765817431775606353405814859249629785260485292633238,0x6397f084bcee3390e92b0a4f8d0f1fa23ddabad1668c4a6783f5643564f646d6,1774999854,2026-03-31T23:30:54+00:00,0.9665,clob_prices_history
96773953960313048340895711765817431775606353405814859249629785260485292633238,0x6397f084bcee3390e92b0a4f8d0f1fa23ddabad1668c4a6783f5643564f646d6,1775000751,2026-03-31T23:45:51+00:00,0.9665,clob_prices_history
