asset,conditionId,timestamp,timestamp_utc,price,source
65252813896336788230617856248125123600178384752591631993072313635672275758489,0xb3d00f908d0bb0320cfb28cfb64904d9d10fb4d3d174baf8a2c9583b6eb66cfb,1772658945,2026-03-04T21:15:45+00:00,0.95,clob_prices_history
65252813896336788230617856248125123600178384752591631993072313635672275758489,0xb3d00f908d0bb0320cfb28cfb64904d9d10fb4d3d174baf8a2c9583b6eb66cfb,1772659839,2026-03-04T21:30:39+00:00,0.9795,clob_prices_history
65252813896336788230617856248125123600178384752591631993072313635672275758489,0xb3d00f908d0bb0320cfb28cfb64904d9d10fb4d3d174baf8a2c9583b6eb66cfb,1772660736,2026-03-04T21:45:36+00:00,0.975,clob_prices_history
65252813896336788230617856248125123600178384752591631993072313635672275758489,0xb3d00f908d0bb0320cfb28cfb64904d9d10fb4d3d174baf8a2c9583b6eb66cfb,1772661638,2026-03-04T22:00:38+00:00,0.981,clob_prices_history
65252813896336788230617856248125123600178384752591631993072313635672275758489,0xb3d00f908d0bb0320cfb28cfb64904d9d10fb4d3d174baf8a2c9583b6eb66cfb,1772662534,2026-03-04T22:15:34+00:00,0.985,clob_prices_history
65252813896336788230617856248125123600178384752591631993072313635672275758489,0xb3d00f908d0bb0320cfb28cfb64904d9d10fb4d3d174baf8a2c9583b6eb66cfb,1772663439,2026-03-04T22:30:39+00:00,0.9875,clob_prices_history
65252813896336788230617856248125123600178384752591631993072313635672275758489,0xb3d00f908d0bb0320cfb28cfb64904d9d10fb4d3d174baf8a2c9583b6eb66cfb,1772664343,2026-03-04T22:45:43+00:00,0.9885,clob_prices_history
65252813896336788230617856248125123600178384752591631993072313635672275758489,0xb3d00f908d0bb0320cfb28cfb64904d9d10fb4d3d174baf8a2c9583b6eb66cfb,1772665237,2026-03-04T23:00:37+00:00,0.9885,clob_prices_history
65252813896336788230617856248125123600178384752591631993072313635672275758489,0xb3d00f908d0bb0320cfb28cfb64904d9d10fb4d3d174baf8a2c9583b6eb66cfb,1772666135,2026-03-04T23:15:35+00:00,0.989,clob_prices_history
65252813896336788230617856248125123600178384752591631993072313635672275758489,0xb3d00f908d0bb0320cfb28cfb64904d9d10fb4d3d174baf8a2c9583b6eb66cfb,1772667037,2026-03-04T23:30:37+00:00,0.989,clob_prices_history
65252813896336788230617856248125123600178384752591631993072313635672275758489,0xb3d00f908d0bb0320cfb28cfb64904d9d10fb4d3d174baf8a2c9583b6eb66cfb,1772667934,2026-03-04T23:45:34+00:00,0.989,clob_prices_history
65252813896336788230617856248125123600178384752591631993072313635672275758489,0xb3d00f908d0bb0320cfb28cfb64904d9d10fb4d3d174baf8a2c9583b6eb66cfb,1772668854,2026-03-05T00:00:54+00:00,0.9895,clob_prices_history
65252813896336788230617856248125123600178384752591631993072313635672275758489,0xb3d00f908d0bb0320cfb28cfb64904d9d10fb4d3d174baf8a2c9583b6eb66cfb,1772669734,2026-03-05T00:15:34+00:00,0.9895,clob_prices_history
65252813896336788230617856248125123600178384752591631993072313635672275758489,0xb3d00f908d0bb0320cfb28cfb64904d9d10fb4d3d174baf8a2c9583b6eb66cfb,1772670639,2026-03-05T00:30:39+00:00,0.995,clob_prices_history
65252813896336788230617856248125123600178384752591631993072313635672275758489,0xb3d00f908d0bb0320cfb28cfb64904d9d10fb4d3d174baf8a2c9583b6eb66cfb,1772671535,2026-03-05T00:45:35+00:00,0.996,clob_prices_history
65252813896336788230617856248125123600178384752591631993072313635672275758489,0xb3d00f908d0bb0320cfb28cfb64904d9d10fb4d3d174baf8a2c9583b6eb66cfb,1772672443,2026-03-05T01:00:43+00:00,0.996,clob_prices_history
65252813896336788230617856248125123600178384752591631993072313635672275758489,0xb3d00f908d0bb0320cfb28cfb64904d9d10fb4d3d174baf8a2c9583b6eb66cfb,1772673333,2026-03-05T01:15:33+00:00,0.996,clob_prices_history
65252813896336788230617856248125123600178384752591631993072313635672275758489,0xb3d00f908d0bb0320cfb28cfb64904d9d10fb4d3d174baf8a2c9583b6eb66cfb,1772674243,2026-03-05T01:30:43+00:00,0.996,clob_prices_history
65252813896336788230617856248125123600178384752591631993072313635672275758489,0xb3d00f908d0bb0320cfb28cfb64904d9d10fb4d3d174baf8a2c9583b6eb66cfb,1772675132,2026-03-05T01:45:32+00:00,0.996,clob_prices_history
65252813896336788230617856248125123600178384752591631993072313635672275758489,0xb3d00f908d0bb0320cfb28cfb64904d9d10fb4d3d174baf8a2c9583b6eb66cfb,1772676038,2026-03-05T02:00:38+00:00,0.996,clob_prices_history
65252813896336788230617856248125123600178384752591631993072313635672275758489,0xb3d00f908d0bb0320cfb28cfb64904d9d10fb4d3d174baf8a2c9583b6eb66cfb,1772676932,2026-03-05T02:15:32+00:00,0.996,clob_prices_history
65252813896336788230617856248125123600178384752591631993072313635672275758489,0xb3d00f908d0bb0320cfb28cfb64904d9d10fb4d3d174baf8a2c9583b6eb66cfb,1772677836,2026-03-05T02:30:36+00:00,0.996,clob_prices_history
65252813896336788230617856248125123600178384752591631993072313635672275758489,0xb3d00f908d0bb0320cfb28cfb64904d9d10fb4d3d174baf8a2c9583b6eb66cfb,1772678729,2026-03-05T02:45:29+00:00,0.996,clob_prices_history
65252813896336788230617856248125123600178384752591631993072313635672275758489,0xb3d00f908d0bb0320cfb28cfb64904d9d10fb4d3d174baf8a2c9583b6eb66cfb,1772679639,2026-03-05T03:00:39+00:00,0.996,clob_prices_history
65252813896336788230617856248125123600178384752591631993072313635672275758489,0xb3d00f908d0bb0320cfb28cfb64904d9d10fb4d3d174baf8a2c9583b6eb66cfb,1772680527,2026-03-05T03:15:27+00:00,0.996,clob_prices_history
65252813896336788230617856248125123600178384752591631993072313635672275758489,0xb3d00f908d0bb0320cfb28cfb64904d9d10fb4d3d174baf8a2c9583b6eb66cfb,1772681431,2026-03-05T03:30:31+00:00,0.997,clob_prices_history
65252813896336788230617856248125123600178384752591631993072313635672275758489,0xb3d00f908d0bb0320cfb28cfb64904d9d10fb4d3d174baf8a2c9583b6eb66cfb,1772682339,2026-03-05T03:45:39+00:00,0.997,clob_prices_history
65252813896336788230617856248125123600178384752591631993072313635672275758489,0xb3d00f908d0bb0320cfb28cfb64904d9d10fb4d3d174baf8a2c9583b6eb66cfb,1772683233,2026-03-05T04:00:33+00:00,0.997,clob_prices_history
65252813896336788230617856248125123600178384752591631993072313635672275758489,0xb3d00f908d0bb0320cfb28cfb64904d9d10fb4d3d174baf8a2c9583b6eb66cfb,1772684130,2026-03-05T04:15:30+00:00,0.998,clob_prices_history
65252813896336788230617856248125123600178384752591631993072313635672275758489,0xb3d00f908d0bb0320cfb28cfb64904d9d10fb4d3d174baf8a2c9583b6eb66cfb,1772685033,2026-03-05T04:30:33+00:00,0.9985,clob_prices_history
65252813896336788230617856248125123600178384752591631993072313635672275758489,0xb3d00f908d0bb0320cfb28cfb64904d9d10fb4d3d174baf8a2c9583b6eb66cfb,1772685927,2026-03-05T04:45:27+00:00,0.9985,clob_prices_history
65252813896336788230617856248125123600178384752591631993072313635672275758489,0xb3d00f908d0bb0320cfb28cfb64904d9d10fb4d3d174baf8a2c9583b6eb66cfb,1772686838,2026-03-05T05:00:38+00:00,0.9985,clob_prices_history
65252813896336788230617856248125123600178384752591631993072313635672275758489,0xb3d00f908d0bb0320cfb28cfb64904d9d10fb4d3d174baf8a2c9583b6eb66cfb,1772687727,2026-03-05T05:15:27+00:00,0.9985,clob_prices_history
65252813896336788230617856248125123600178384752591631993072313635672275758489,0xb3d00f908d0bb0320cfb28cfb64904d9d10fb4d3d174baf8a2c9583b6eb66cfb,1772688644,2026-03-05T05:30:44+00:00,0.9985,clob_prices_history
65252813896336788230617856248125123600178384752591631993072313635672275758489,0xb3d00f908d0bb0320cfb28cfb64904d9d10fb4d3d174baf8a2c9583b6eb66cfb,1772689527,2026-03-05T05:45:27+00:00,0.9985,clob_prices_history
65252813896336788230617856248125123600178384752591631993072313635672275758489,0xb3d00f908d0bb0320cfb28cfb64904d9d10fb4d3d174baf8a2c9583b6eb66cfb,1772690439,2026-03-05T06:00:39+00:00,0.9985,clob_prices_history
65252813896336788230617856248125123600178384752591631993072313635672275758489,0xb3d00f908d0bb0320cfb28cfb64904d9d10fb4d3d174baf8a2c9583b6eb66cfb,1772691342,2026-03-05T06:15:42+00:00,0.9985,clob_prices_history
65252813896336788230617856248125123600178384752591631993072313635672275758489,0xb3d00f908d0bb0320cfb28cfb64904d9d10fb4d3d174baf8a2c9583b6eb66cfb,1772692232,2026-03-05T06:30:32+00:00,0.9985,clob_prices_history
65252813896336788230617856248125123600178384752591631993072313635672275758489,0xb3d00f908d0bb0320cfb28cfb64904d9d10fb4d3d174baf8a2c9583b6eb66cfb,1772693128,2026-03-05T06:45:28+00:00,0.9985,clob_prices_history
65252813896336788230617856248125123600178384752591631993072313635672275758489,0xb3d00f908d0bb0320cfb28cfb64904d9d10fb4d3d174baf8a2c9583b6eb66cfb,1772694035,2026-03-05T07:00:35+00:00,0.9985,clob_prices_history
65252813896336788230617856248125123600178384752591631993072313635672275758489,0xb3d00f908d0bb0320cfb28cfb64904d9d10fb4d3d174baf8a2c9583b6eb66cfb,1772694929,2026-03-05T07:15:29+00:00,0.9985,clob_prices_history
65252813896336788230617856248125123600178384752591631993072313635672275758489,0xb3d00f908d0bb0320cfb28cfb64904d9d10fb4d3d174baf8a2c9583b6eb66cfb,1772695834,2026-03-05T07:30:34+00:00,0.9985,clob_prices_history
65252813896336788230617856248125123600178384752591631993072313635672275758489,0xb3d00f908d0bb0320cfb28cfb64904d9d10fb4d3d174baf8a2c9583b6eb66cfb,1772696728,2026-03-05T07:45:28+00:00,0.9985,clob_prices_history
65252813896336788230617856248125123600178384752591631993072313635672275758489,0xb3d00f908d0bb0320cfb28cfb64904d9d10fb4d3d174baf8a2c9583b6eb66cfb,1772697646,2026-03-05T08:00:46+00:00,0.9985,clob_prices_history
65252813896336788230617856248125123600178384752591631993072313635672275758489,0xb3d00f908d0bb0320cfb28cfb64904d9d10fb4d3d174baf8a2c9583b6eb66cfb,1772698532,2026-03-05T08:15:32+00:00,0.9985,clob_prices_history
65252813896336788230617856248125123600178384752591631993072313635672275758489,0xb3d00f908d0bb0320cfb28cfb64904d9d10fb4d3d174baf8a2c9583b6eb66cfb,1772699433,2026-03-05T08:30:33+00:00,0.9985,clob_prices_history
65252813896336788230617856248125123600178384752591631993072313635672275758489,0xb3d00f908d0bb0320cfb28cfb64904d9d10fb4d3d174baf8a2c9583b6eb66cfb,1772700330,2026-03-05T08:45:30+00:00,0.9985,clob_prices_history
65252813896336788230617856248125123600178384752591631993072313635672275758489,0xb3d00f908d0bb0320cfb28cfb64904d9d10fb4d3d174baf8a2c9583b6eb66cfb,1772701237,2026-03-05T09:00:37+00:00,0.9985,clob_prices_history
65252813896336788230617856248125123600178384752591631993072313635672275758489,0xb3d00f908d0bb0320cfb28cfb64904d9d10fb4d3d174baf8a2c9583b6eb66cfb,1772702132,2026-03-05T09:15:32+00:00,0.9985,clob_prices_history
65252813896336788230617856248125123600178384752591631993072313635672275758489,0xb3d00f908d0bb0320cfb28cfb64904d9d10fb4d3d174baf8a2c9583b6eb66cfb,1772703035,2026-03-05T09:30:35+00:00,0.9985,clob_prices_history
65252813896336788230617856248125123600178384752591631993072313635672275758489,0xb3d00f908d0bb0320cfb28cfb64904d9d10fb4d3d174baf8a2c9583b6eb66cfb,1772703931,2026-03-05T09:45:31+00:00,0.9985,clob_prices_history
65252813896336788230617856248125123600178384752591631993072313635672275758489,0xb3d00f908d0bb0320cfb28cfb64904d9d10fb4d3d174baf8a2c9583b6eb66cfb,1772704852,2026-03-05T10:00:52+00:00,0.9985,clob_prices_history
65252813896336788230617856248125123600178384752591631993072313635672275758489,0xb3d00f908d0bb0320cfb28cfb64904d9d10fb4d3d174baf8a2c9583b6eb66cfb,1772705742,2026-03-05T10:15:42+00:00,0.9985,clob_prices_history
65252813896336788230617856248125123600178384752591631993072313635672275758489,0xb3d00f908d0bb0320cfb28cfb64904d9d10fb4d3d174baf8a2c9583b6eb66cfb,1772706635,2026-03-05T10:30:35+00:00,0.9985,clob_prices_history
65252813896336788230617856248125123600178384752591631993072313635672275758489,0xb3d00f908d0bb0320cfb28cfb64904d9d10fb4d3d174baf8a2c9583b6eb66cfb,1772707532,2026-03-05T10:45:32+00:00,0.9985,clob_prices_history
65252813896336788230617856248125123600178384752591631993072313635672275758489,0xb3d00f908d0bb0320cfb28cfb64904d9d10fb4d3d174baf8a2c9583b6eb66cfb,1772708444,2026-03-05T11:00:44+00:00,0.9985,clob_prices_history
65252813896336788230617856248125123600178384752591631993072313635672275758489,0xb3d00f908d0bb0320cfb28cfb64904d9d10fb4d3d174baf8a2c9583b6eb66cfb,1772709344,2026-03-05T11:15:44+00:00,0.9985,clob_prices_history
65252813896336788230617856248125123600178384752591631993072313635672275758489,0xb3d00f908d0bb0320cfb28cfb64904d9d10fb4d3d174baf8a2c9583b6eb66cfb,1772710236,2026-03-05T11:30:36+00:00,0.9985,clob_prices_history
65252813896336788230617856248125123600178384752591631993072313635672275758489,0xb3d00f908d0bb0320cfb28cfb64904d9d10fb4d3d174baf8a2c9583b6eb66cfb,1772711129,2026-03-05T11:45:29+00:00,0.9985,clob_prices_history
65252813896336788230617856248125123600178384752591631993072313635672275758489,0xb3d00f908d0bb0320cfb28cfb64904d9d10fb4d3d174baf8a2c9583b6eb66cfb,1772712929,2026-03-05T12:15:29+00:00,0.9985,clob_prices_history
65252813896336788230617856248125123600178384752591631993072313635672275758489,0xb3d00f908d0bb0320cfb28cfb64904d9d10fb4d3d174baf8a2c9583b6eb66cfb,1772713849,2026-03-05T12:30:49+00:00,0.9985,clob_prices_history
65252813896336788230617856248125123600178384752591631993072313635672275758489,0xb3d00f908d0bb0320cfb28cfb64904d9d10fb4d3d174baf8a2c9583b6eb66cfb,1772714731,2026-03-05T12:45:31+00:00,0.9985,clob_prices_history
65252813896336788230617856248125123600178384752591631993072313635672275758489,0xb3d00f908d0bb0320cfb28cfb64904d9d10fb4d3d174baf8a2c9583b6eb66cfb,1772715637,2026-03-05T13:00:37+00:00,0.9985,clob_prices_history
65252813896336788230617856248125123600178384752591631993072313635672275758489,0xb3d00f908d0bb0320cfb28cfb64904d9d10fb4d3d174baf8a2c9583b6eb66cfb,1772716529,2026-03-05T13:15:29+00:00,0.9985,clob_prices_history
65252813896336788230617856248125123600178384752591631993072313635672275758489,0xb3d00f908d0bb0320cfb28cfb64904d9d10fb4d3d174baf8a2c9583b6eb66cfb,1772717446,2026-03-05T13:30:46+00:00,0.9985,clob_prices_history
65252813896336788230617856248125123600178384752591631993072313635672275758489,0xb3d00f908d0bb0320cfb28cfb64904d9d10fb4d3d174baf8a2c9583b6eb66cfb,1772718334,2026-03-05T13:45:34+00:00,0.9985,clob_prices_history
65252813896336788230617856248125123600178384752591631993072313635672275758489,0xb3d00f908d0bb0320cfb28cfb64904d9d10fb4d3d174baf8a2c9583b6eb66cfb,1772719241,2026-03-05T14:00:41+00:00,0.997,clob_prices_history
65252813896336788230617856248125123600178384752591631993072313635672275758489,0xb3d00f908d0bb0320cfb28cfb64904d9d10fb4d3d174baf8a2c9583b6eb66cfb,1772720129,2026-03-05T14:15:29+00:00,0.997,clob_prices_history
65252813896336788230617856248125123600178384752591631993072313635672275758489,0xb3d00f908d0bb0320cfb28cfb64904d9d10fb4d3d174baf8a2c9583b6eb66cfb,1772721037,2026-03-05T14:30:37+00:00,0.997,clob_prices_history
65252813896336788230617856248125123600178384752591631993072313635672275758489,0xb3d00f908d0bb0320cfb28cfb64904d9d10fb4d3d174baf8a2c9583b6eb66cfb,1772721927,2026-03-05T14:45:27+00:00,0.997,clob_prices_history
65252813896336788230617856248125123600178384752591631993072313635672275758489,0xb3d00f908d0bb0320cfb28cfb64904d9d10fb4d3d174baf8a2c9583b6eb66cfb,1772722849,2026-03-05T15:00:49+00:00,0.997,clob_prices_history
65252813896336788230617856248125123600178384752591631993072313635672275758489,0xb3d00f908d0bb0320cfb28cfb64904d9d10fb4d3d174baf8a2c9583b6eb66cfb,1772723728,2026-03-05T15:15:28+00:00,0.997,clob_prices_history
65252813896336788230617856248125123600178384752591631993072313635672275758489,0xb3d00f908d0bb0320cfb28cfb64904d9d10fb4d3d174baf8a2c9583b6eb66cfb,1772724634,2026-03-05T15:30:34+00:00,0.997,clob_prices_history
65252813896336788230617856248125123600178384752591631993072313635672275758489,0xb3d00f908d0bb0320cfb28cfb64904d9d10fb4d3d174baf8a2c9583b6eb66cfb,1772725528,2026-03-05T15:45:28+00:00,0.997,clob_prices_history
65252813896336788230617856248125123600178384752591631993072313635672275758489,0xb3d00f908d0bb0320cfb28cfb64904d9d10fb4d3d174baf8a2c9583b6eb66cfb,1772726434,2026-03-05T16:00:34+00:00,0.997,clob_prices_history
65252813896336788230617856248125123600178384752591631993072313635672275758489,0xb3d00f908d0bb0320cfb28cfb64904d9d10fb4d3d174baf8a2c9583b6eb66cfb,1772727345,2026-03-05T16:15:45+00:00,0.997,clob_prices_history
65252813896336788230617856248125123600178384752591631993072313635672275758489,0xb3d00f908d0bb0320cfb28cfb64904d9d10fb4d3d174baf8a2c9583b6eb66cfb,1772728235,2026-03-05T16:30:35+00:00,0.997,clob_prices_history
65252813896336788230617856248125123600178384752591631993072313635672275758489,0xb3d00f908d0bb0320cfb28cfb64904d9d10fb4d3d174baf8a2c9583b6eb66cfb,1772729128,2026-03-05T16:45:28+00:00,0.997,clob_prices_history
65252813896336788230617856248125123600178384752591631993072313635672275758489,0xb3d00f908d0bb0320cfb28cfb64904d9d10fb4d3d174baf8a2c9583b6eb66cfb,1772730928,2026-03-05T17:15:28+00:00,0.995,clob_prices_history
65252813896336788230617856248125123600178384752591631993072313635672275758489,0xb3d00f908d0bb0320cfb28cfb64904d9d10fb4d3d174baf8a2c9583b6eb66cfb,1772731840,2026-03-05T17:30:40+00:00,0.995,clob_prices_history
65252813896336788230617856248125123600178384752591631993072313635672275758489,0xb3d00f908d0bb0320cfb28cfb64904d9d10fb4d3d174baf8a2c9583b6eb66cfb,1772732730,2026-03-05T17:45:30+00:00,0.997,clob_prices_history
65252813896336788230617856248125123600178384752591631993072313635672275758489,0xb3d00f908d0bb0320cfb28cfb64904d9d10fb4d3d174baf8a2c9583b6eb66cfb,1772733647,2026-03-05T18:00:47+00:00,0.997,clob_prices_history
65252813896336788230617856248125123600178384752591631993072313635672275758489,0xb3d00f908d0bb0320cfb28cfb64904d9d10fb4d3d174baf8a2c9583b6eb66cfb,1772734528,2026-03-05T18:15:28+00:00,0.997,clob_prices_history
65252813896336788230617856248125123600178384752591631993072313635672275758489,0xb3d00f908d0bb0320cfb28cfb64904d9d10fb4d3d174baf8a2c9583b6eb66cfb,1772735434,2026-03-05T18:30:34+00:00,0.997,clob_prices_history
65252813896336788230617856248125123600178384752591631993072313635672275758489,0xb3d00f908d0bb0320cfb28cfb64904d9d10fb4d3d174baf8a2c9583b6eb66cfb,1772736331,2026-03-05T18:45:31+00:00,0.997,clob_prices_history
65252813896336788230617856248125123600178384752591631993072313635672275758489,0xb3d00f908d0bb0320cfb28cfb64904d9d10fb4d3d174baf8a2c9583b6eb66cfb,1772737233,2026-03-05T19:00:33+00:00,0.997,clob_prices_history
65252813896336788230617856248125123600178384752591631993072313635672275758489,0xb3d00f908d0bb0320cfb28cfb64904d9d10fb4d3d174baf8a2c9583b6eb66cfb,1772738129,2026-03-05T19:15:29+00:00,0.997,clob_prices_history
65252813896336788230617856248125123600178384752591631993072313635672275758489,0xb3d00f908d0bb0320cfb28cfb64904d9d10fb4d3d174baf8a2c9583b6eb66cfb,1772739034,2026-03-05T19:30:34+00:00,0.997,clob_prices_history
65252813896336788230617856248125123600178384752591631993072313635672275758489,0xb3d00f908d0bb0320cfb28cfb64904d9d10fb4d3d174baf8a2c9583b6eb66cfb,1772739929,2026-03-05T19:45:29+00:00,0.997,clob_prices_history
65252813896336788230617856248125123600178384752591631993072313635672275758489,0xb3d00f908d0bb0320cfb28cfb64904d9d10fb4d3d174baf8a2c9583b6eb66cfb,1772741728,2026-03-05T20:15:28+00:00,0.9965,clob_prices_history
65252813896336788230617856248125123600178384752591631993072313635672275758489,0xb3d00f908d0bb0320cfb28cfb64904d9d10fb4d3d174baf8a2c9583b6eb66cfb,1772742642,2026-03-05T20:30:42+00:00,0.9965,clob_prices_history
65252813896336788230617856248125123600178384752591631993072313635672275758489,0xb3d00f908d0bb0320cfb28cfb64904d9d10fb4d3d174baf8a2c9583b6eb66cfb,1772743531,2026-03-05T20:45:31+00:00,0.996,clob_prices_history
65252813896336788230617856248125123600178384752591631993072313635672275758489,0xb3d00f908d0bb0320cfb28cfb64904d9d10fb4d3d174baf8a2c9583b6eb66cfb,1772744439,2026-03-05T21:00:39+00:00,0.9955,clob_prices_history
65252813896336788230617856248125123600178384752591631993072313635672275758489,0xb3d00f908d0bb0320cfb28cfb64904d9d10fb4d3d174baf8a2c9583b6eb66cfb,1772745330,2026-03-05T21:15:30+00:00,0.9955,clob_prices_history
65252813896336788230617856248125123600178384752591631993072313635672275758489,0xb3d00f908d0bb0320cfb28cfb64904d9d10fb4d3d174baf8a2c9583b6eb66cfb,1772746233,2026-03-05T21:30:33+00:00,0.9955,clob_prices_history
65252813896336788230617856248125123600178384752591631993072313635672275758489,0xb3d00f908d0bb0320cfb28cfb64904d9d10fb4d3d174baf8a2c9583b6eb66cfb,1772747128,2026-03-05T21:45:28+00:00,0.996,clob_prices_history
65252813896336788230617856248125123600178384752591631993072313635672275758489,0xb3d00f908d0bb0320cfb28cfb64904d9d10fb4d3d174baf8a2c9583b6eb66cfb,1772748034,2026-03-05T22:00:34+00:00,0.996,clob_prices_history
65252813896336788230617856248125123600178384752591631993072313635672275758489,0xb3d00f908d0bb0320cfb28cfb64904d9d10fb4d3d174baf8a2c9583b6eb66cfb,1772748930,2026-03-05T22:15:30+00:00,0.996,clob_prices_history
65252813896336788230617856248125123600178384752591631993072313635672275758489,0xb3d00f908d0bb0320cfb28cfb64904d9d10fb4d3d174baf8a2c9583b6eb66cfb,1772749840,2026-03-05T22:30:40+00:00,0.996,clob_prices_history
65252813896336788230617856248125123600178384752591631993072313635672275758489,0xb3d00f908d0bb0320cfb28cfb64904d9d10fb4d3d174baf8a2c9583b6eb66cfb,1772750730,2026-03-05T22:45:30+00:00,0.996,clob_prices_history
65252813896336788230617856248125123600178384752591631993072313635672275758489,0xb3d00f908d0bb0320cfb28cfb64904d9d10fb4d3d174baf8a2c9583b6eb66cfb,1772751649,2026-03-05T23:00:49+00:00,0.996,clob_prices_history
65252813896336788230617856248125123600178384752591631993072313635672275758489,0xb3d00f908d0bb0320cfb28cfb64904d9d10fb4d3d174baf8a2c9583b6eb66cfb,1772752531,2026-03-05T23:15:31+00:00,0.996,clob_prices_history
65252813896336788230617856248125123600178384752591631993072313635672275758489,0xb3d00f908d0bb0320cfb28cfb64904d9d10fb4d3d174baf8a2c9583b6eb66cfb,1772753436,2026-03-05T23:30:36+00:00,0.996,clob_prices_history
65252813896336788230617856248125123600178384752591631993072313635672275758489,0xb3d00f908d0bb0320cfb28cfb64904d9d10fb4d3d174baf8a2c9583b6eb66cfb,1772754343,2026-03-05T23:45:43+00:00,0.996,clob_prices_history
65252813896336788230617856248125123600178384752591631993072313635672275758489,0xb3d00f908d0bb0320cfb28cfb64904d9d10fb4d3d174baf8a2c9583b6eb66cfb,1772755253,2026-03-06T00:00:53+00:00,0.996,clob_prices_history
65252813896336788230617856248125123600178384752591631993072313635672275758489,0xb3d00f908d0bb0320cfb28cfb64904d9d10fb4d3d174baf8a2c9583b6eb66cfb,1772756130,2026-03-06T00:15:30+00:00,0.9955,clob_prices_history
65252813896336788230617856248125123600178384752591631993072313635672275758489,0xb3d00f908d0bb0320cfb28cfb64904d9d10fb4d3d174baf8a2c9583b6eb66cfb,1772757035,2026-03-06T00:30:35+00:00,0.996,clob_prices_history
65252813896336788230617856248125123600178384752591631993072313635672275758489,0xb3d00f908d0bb0320cfb28cfb64904d9d10fb4d3d174baf8a2c9583b6eb66cfb,1772757930,2026-03-06T00:45:30+00:00,0.9955,clob_prices_history
65252813896336788230617856248125123600178384752591631993072313635672275758489,0xb3d00f908d0bb0320cfb28cfb64904d9d10fb4d3d174baf8a2c9583b6eb66cfb,1772758842,2026-03-06T01:00:42+00:00,0.996,clob_prices_history
65252813896336788230617856248125123600178384752591631993072313635672275758489,0xb3d00f908d0bb0320cfb28cfb64904d9d10fb4d3d174baf8a2c9583b6eb66cfb,1772759732,2026-03-06T01:15:32+00:00,0.9965,clob_prices_history
65252813896336788230617856248125123600178384752591631993072313635672275758489,0xb3d00f908d0bb0320cfb28cfb64904d9d10fb4d3d174baf8a2c9583b6eb66cfb,1772760640,2026-03-06T01:30:40+00:00,0.9965,clob_prices_history
65252813896336788230617856248125123600178384752591631993072313635672275758489,0xb3d00f908d0bb0320cfb28cfb64904d9d10fb4d3d174baf8a2c9583b6eb66cfb,1772761532,2026-03-06T01:45:32+00:00,0.9965,clob_prices_history
65252813896336788230617856248125123600178384752591631993072313635672275758489,0xb3d00f908d0bb0320cfb28cfb64904d9d10fb4d3d174baf8a2c9583b6eb66cfb,1772762436,2026-03-06T02:00:36+00:00,0.9965,clob_prices_history
65252813896336788230617856248125123600178384752591631993072313635672275758489,0xb3d00f908d0bb0320cfb28cfb64904d9d10fb4d3d174baf8a2c9583b6eb66cfb,1772763330,2026-03-06T02:15:30+00:00,0.9955,clob_prices_history
65252813896336788230617856248125123600178384752591631993072313635672275758489,0xb3d00f908d0bb0320cfb28cfb64904d9d10fb4d3d174baf8a2c9583b6eb66cfb,1772764238,2026-03-06T02:30:38+00:00,0.996,clob_prices_history
65252813896336788230617856248125123600178384752591631993072313635672275758489,0xb3d00f908d0bb0320cfb28cfb64904d9d10fb4d3d174baf8a2c9583b6eb66cfb,1772765132,2026-03-06T02:45:32+00:00,0.996,clob_prices_history
65252813896336788230617856248125123600178384752591631993072313635672275758489,0xb3d00f908d0bb0320cfb28cfb64904d9d10fb4d3d174baf8a2c9583b6eb66cfb,1772766040,2026-03-06T03:00:40+00:00,0.9965,clob_prices_history
65252813896336788230617856248125123600178384752591631993072313635672275758489,0xb3d00f908d0bb0320cfb28cfb64904d9d10fb4d3d174baf8a2c9583b6eb66cfb,1772766941,2026-03-06T03:15:41+00:00,0.9965,clob_prices_history
65252813896336788230617856248125123600178384752591631993072313635672275758489,0xb3d00f908d0bb0320cfb28cfb64904d9d10fb4d3d174baf8a2c9583b6eb66cfb,1772767840,2026-03-06T03:30:40+00:00,0.9965,clob_prices_history
65252813896336788230617856248125123600178384752591631993072313635672275758489,0xb3d00f908d0bb0320cfb28cfb64904d9d10fb4d3d174baf8a2c9583b6eb66cfb,1772768727,2026-03-06T03:45:27+00:00,0.9965,clob_prices_history
65252813896336788230617856248125123600178384752591631993072313635672275758489,0xb3d00f908d0bb0320cfb28cfb64904d9d10fb4d3d174baf8a2c9583b6eb66cfb,1772769636,2026-03-06T04:00:36+00:00,0.9965,clob_prices_history
65252813896336788230617856248125123600178384752591631993072313635672275758489,0xb3d00f908d0bb0320cfb28cfb64904d9d10fb4d3d174baf8a2c9583b6eb66cfb,1772770527,2026-03-06T04:15:27+00:00,0.9965,clob_prices_history
65252813896336788230617856248125123600178384752591631993072313635672275758489,0xb3d00f908d0bb0320cfb28cfb64904d9d10fb4d3d174baf8a2c9583b6eb66cfb,1772771435,2026-03-06T04:30:35+00:00,0.9965,clob_prices_history
65252813896336788230617856248125123600178384752591631993072313635672275758489,0xb3d00f908d0bb0320cfb28cfb64904d9d10fb4d3d174baf8a2c9583b6eb66cfb,1772772327,2026-03-06T04:45:27+00:00,0.9965,clob_prices_history
65252813896336788230617856248125123600178384752591631993072313635672275758489,0xb3d00f908d0bb0320cfb28cfb64904d9d10fb4d3d174baf8a2c9583b6eb66cfb,1772773246,2026-03-06T05:00:46+00:00,0.9965,clob_prices_history
65252813896336788230617856248125123600178384752591631993072313635672275758489,0xb3d00f908d0bb0320cfb28cfb64904d9d10fb4d3d174baf8a2c9583b6eb66cfb,1772774129,2026-03-06T05:15:29+00:00,0.9965,clob_prices_history
65252813896336788230617856248125123600178384752591631993072313635672275758489,0xb3d00f908d0bb0320cfb28cfb64904d9d10fb4d3d174baf8a2c9583b6eb66cfb,1772775033,2026-03-06T05:30:33+00:00,0.9965,clob_prices_history
65252813896336788230617856248125123600178384752591631993072313635672275758489,0xb3d00f908d0bb0320cfb28cfb64904d9d10fb4d3d174baf8a2c9583b6eb66cfb,1772775928,2026-03-06T05:45:28+00:00,0.9965,clob_prices_history
65252813896336788230617856248125123600178384752591631993072313635672275758489,0xb3d00f908d0bb0320cfb28cfb64904d9d10fb4d3d174baf8a2c9583b6eb66cfb,1772776841,2026-03-06T06:00:41+00:00,0.9965,clob_prices_history
65252813896336788230617856248125123600178384752591631993072313635672275758489,0xb3d00f908d0bb0320cfb28cfb64904d9d10fb4d3d174baf8a2c9583b6eb66cfb,1772777728,2026-03-06T06:15:28+00:00,0.9965,clob_prices_history
65252813896336788230617856248125123600178384752591631993072313635672275758489,0xb3d00f908d0bb0320cfb28cfb64904d9d10fb4d3d174baf8a2c9583b6eb66cfb,1772778634,2026-03-06T06:30:34+00:00,0.9965,clob_prices_history
65252813896336788230617856248125123600178384752591631993072313635672275758489,0xb3d00f908d0bb0320cfb28cfb64904d9d10fb4d3d174baf8a2c9583b6eb66cfb,1772779542,2026-03-06T06:45:42+00:00,0.9965,clob_prices_history
65252813896336788230617856248125123600178384752591631993072313635672275758489,0xb3d00f908d0bb0320cfb28cfb64904d9d10fb4d3d174baf8a2c9583b6eb66cfb,1772780437,2026-03-06T07:00:37+00:00,0.9965,clob_prices_history
65252813896336788230617856248125123600178384752591631993072313635672275758489,0xb3d00f908d0bb0320cfb28cfb64904d9d10fb4d3d174baf8a2c9583b6eb66cfb,1772781327,2026-03-06T07:15:27+00:00,0.9965,clob_prices_history
65252813896336788230617856248125123600178384752591631993072313635672275758489,0xb3d00f908d0bb0320cfb28cfb64904d9d10fb4d3d174baf8a2c9583b6eb66cfb,1772782231,2026-03-06T07:30:31+00:00,0.996,clob_prices_history
65252813896336788230617856248125123600178384752591631993072313635672275758489,0xb3d00f908d0bb0320cfb28cfb64904d9d10fb4d3d174baf8a2c9583b6eb66cfb,1772783127,2026-03-06T07:45:27+00:00,0.9965,clob_prices_history
65252813896336788230617856248125123600178384752591631993072313635672275758489,0xb3d00f908d0bb0320cfb28cfb64904d9d10fb4d3d174baf8a2c9583b6eb66cfb,1772784035,2026-03-06T08:00:35+00:00,0.9965,clob_prices_history
65252813896336788230617856248125123600178384752591631993072313635672275758489,0xb3d00f908d0bb0320cfb28cfb64904d9d10fb4d3d174baf8a2c9583b6eb66cfb,1772784928,2026-03-06T08:15:28+00:00,0.9965,clob_prices_history
65252813896336788230617856248125123600178384752591631993072313635672275758489,0xb3d00f908d0bb0320cfb28cfb64904d9d10fb4d3d174baf8a2c9583b6eb66cfb,1772785832,2026-03-06T08:30:32+00:00,0.997,clob_prices_history
65252813896336788230617856248125123600178384752591631993072313635672275758489,0xb3d00f908d0bb0320cfb28cfb64904d9d10fb4d3d174baf8a2c9583b6eb66cfb,1772786729,2026-03-06T08:45:29+00:00,0.997,clob_prices_history
65252813896336788230617856248125123600178384752591631993072313635672275758489,0xb3d00f908d0bb0320cfb28cfb64904d9d10fb4d3d174baf8a2c9583b6eb66cfb,1772787638,2026-03-06T09:00:38+00:00,0.997,clob_prices_history
65252813896336788230617856248125123600178384752591631993072313635672275758489,0xb3d00f908d0bb0320cfb28cfb64904d9d10fb4d3d174baf8a2c9583b6eb66cfb,1772788526,2026-03-06T09:15:26+00:00,0.997,clob_prices_history
65252813896336788230617856248125123600178384752591631993072313635672275758489,0xb3d00f908d0bb0320cfb28cfb64904d9d10fb4d3d174baf8a2c9583b6eb66cfb,1772789435,2026-03-06T09:30:35+00:00,0.997,clob_prices_history
65252813896336788230617856248125123600178384752591631993072313635672275758489,0xb3d00f908d0bb0320cfb28cfb64904d9d10fb4d3d174baf8a2c9583b6eb66cfb,1772790327,2026-03-06T09:45:27+00:00,0.997,clob_prices_history
65252813896336788230617856248125123600178384752591631993072313635672275758489,0xb3d00f908d0bb0320cfb28cfb64904d9d10fb4d3d174baf8a2c9583b6eb66cfb,1772791237,2026-03-06T10:00:37+00:00,0.997,clob_prices_history
65252813896336788230617856248125123600178384752591631993072313635672275758489,0xb3d00f908d0bb0320cfb28cfb64904d9d10fb4d3d174baf8a2c9583b6eb66cfb,1772792128,2026-03-06T10:15:28+00:00,0.997,clob_prices_history
65252813896336788230617856248125123600178384752591631993072313635672275758489,0xb3d00f908d0bb0320cfb28cfb64904d9d10fb4d3d174baf8a2c9583b6eb66cfb,1772793035,2026-03-06T10:30:35+00:00,0.997,clob_prices_history
65252813896336788230617856248125123600178384752591631993072313635672275758489,0xb3d00f908d0bb0320cfb28cfb64904d9d10fb4d3d174baf8a2c9583b6eb66cfb,1772793939,2026-03-06T10:45:39+00:00,0.997,clob_prices_history
65252813896336788230617856248125123600178384752591631993072313635672275758489,0xb3d00f908d0bb0320cfb28cfb64904d9d10fb4d3d174baf8a2c9583b6eb66cfb,1772794833,2026-03-06T11:00:33+00:00,0.997,clob_prices_history
65252813896336788230617856248125123600178384752591631993072313635672275758489,0xb3d00f908d0bb0320cfb28cfb64904d9d10fb4d3d174baf8a2c9583b6eb66cfb,1772795731,2026-03-06T11:15:31+00:00,0.997,clob_prices_history
65252813896336788230617856248125123600178384752591631993072313635672275758489,0xb3d00f908d0bb0320cfb28cfb64904d9d10fb4d3d174baf8a2c9583b6eb66cfb,1772796638,2026-03-06T11:30:38+00:00,0.997,clob_prices_history
65252813896336788230617856248125123600178384752591631993072313635672275758489,0xb3d00f908d0bb0320cfb28cfb64904d9d10fb4d3d174baf8a2c9583b6eb66cfb,1772797531,2026-03-06T11:45:31+00:00,0.997,clob_prices_history
65252813896336788230617856248125123600178384752591631993072313635672275758489,0xb3d00f908d0bb0320cfb28cfb64904d9d10fb4d3d174baf8a2c9583b6eb66cfb,1772798454,2026-03-06T12:00:54+00:00,0.997,clob_prices_history
65252813896336788230617856248125123600178384752591631993072313635672275758489,0xb3d00f908d0bb0320cfb28cfb64904d9d10fb4d3d174baf8a2c9583b6eb66cfb,1772799329,2026-03-06T12:15:29+00:00,0.997,clob_prices_history
65252813896336788230617856248125123600178384752591631993072313635672275758489,0xb3d00f908d0bb0320cfb28cfb64904d9d10fb4d3d174baf8a2c9583b6eb66cfb,1772800253,2026-03-06T12:30:53+00:00,0.997,clob_prices_history
65252813896336788230617856248125123600178384752591631993072313635672275758489,0xb3d00f908d0bb0320cfb28cfb64904d9d10fb4d3d174baf8a2c9583b6eb66cfb,1772801132,2026-03-06T12:45:32+00:00,0.997,clob_prices_history
65252813896336788230617856248125123600178384752591631993072313635672275758489,0xb3d00f908d0bb0320cfb28cfb64904d9d10fb4d3d174baf8a2c9583b6eb66cfb,1772802930,2026-03-06T13:15:30+00:00,0.997,clob_prices_history
65252813896336788230617856248125123600178384752591631993072313635672275758489,0xb3d00f908d0bb0320cfb28cfb64904d9d10fb4d3d174baf8a2c9583b6eb66cfb,1772803855,2026-03-06T13:30:55+00:00,0.997,clob_prices_history
65252813896336788230617856248125123600178384752591631993072313635672275758489,0xb3d00f908d0bb0320cfb28cfb64904d9d10fb4d3d174baf8a2c9583b6eb66cfb,1772804732,2026-03-06T13:45:32+00:00,0.997,clob_prices_history
65252813896336788230617856248125123600178384752591631993072313635672275758489,0xb3d00f908d0bb0320cfb28cfb64904d9d10fb4d3d174baf8a2c9583b6eb66cfb,1772805638,2026-03-06T14:00:38+00:00,0.997,clob_prices_history
65252813896336788230617856248125123600178384752591631993072313635672275758489,0xb3d00f908d0bb0320cfb28cfb64904d9d10fb4d3d174baf8a2c9583b6eb66cfb,1772806531,2026-03-06T14:15:31+00:00,0.997,clob_prices_history
65252813896336788230617856248125123600178384752591631993072313635672275758489,0xb3d00f908d0bb0320cfb28cfb64904d9d10fb4d3d174baf8a2c9583b6eb66cfb,1772807440,2026-03-06T14:30:40+00:00,0.997,clob_prices_history
65252813896336788230617856248125123600178384752591631993072313635672275758489,0xb3d00f908d0bb0320cfb28cfb64904d9d10fb4d3d174baf8a2c9583b6eb66cfb,1772808333,2026-03-06T14:45:33+00:00,0.997,clob_prices_history
65252813896336788230617856248125123600178384752591631993072313635672275758489,0xb3d00f908d0bb0320cfb28cfb64904d9d10fb4d3d174baf8a2c9583b6eb66cfb,1772810132,2026-03-06T15:15:32+00:00,0.997,clob_prices_history
65252813896336788230617856248125123600178384752591631993072313635672275758489,0xb3d00f908d0bb0320cfb28cfb64904d9d10fb4d3d174baf8a2c9583b6eb66cfb,1772811045,2026-03-06T15:30:45+00:00,0.997,clob_prices_history
65252813896336788230617856248125123600178384752591631993072313635672275758489,0xb3d00f908d0bb0320cfb28cfb64904d9d10fb4d3d174baf8a2c9583b6eb66cfb,1772811932,2026-03-06T15:45:32+00:00,0.997,clob_prices_history
65252813896336788230617856248125123600178384752591631993072313635672275758489,0xb3d00f908d0bb0320cfb28cfb64904d9d10fb4d3d174baf8a2c9583b6eb66cfb,1772812838,2026-03-06T16:00:38+00:00,0.997,clob_prices_history
65252813896336788230617856248125123600178384752591631993072313635672275758489,0xb3d00f908d0bb0320cfb28cfb64904d9d10fb4d3d174baf8a2c9583b6eb66cfb,1772813734,2026-03-06T16:15:34+00:00,0.997,clob_prices_history
65252813896336788230617856248125123600178384752591631993072313635672275758489,0xb3d00f908d0bb0320cfb28cfb64904d9d10fb4d3d174baf8a2c9583b6eb66cfb,1772814637,2026-03-06T16:30:37+00:00,0.997,clob_prices_history
65252813896336788230617856248125123600178384752591631993072313635672275758489,0xb3d00f908d0bb0320cfb28cfb64904d9d10fb4d3d174baf8a2c9583b6eb66cfb,1772815534,2026-03-06T16:45:34+00:00,0.997,clob_prices_history
65252813896336788230617856248125123600178384752591631993072313635672275758489,0xb3d00f908d0bb0320cfb28cfb64904d9d10fb4d3d174baf8a2c9583b6eb66cfb,1772816437,2026-03-06T17:00:37+00:00,0.997,clob_prices_history
65252813896336788230617856248125123600178384752591631993072313635672275758489,0xb3d00f908d0bb0320cfb28cfb64904d9d10fb4d3d174baf8a2c9583b6eb66cfb,1772817328,2026-03-06T17:15:28+00:00,0.997,clob_prices_history
65252813896336788230617856248125123600178384752591631993072313635672275758489,0xb3d00f908d0bb0320cfb28cfb64904d9d10fb4d3d174baf8a2c9583b6eb66cfb,1772818251,2026-03-06T17:30:51+00:00,0.997,clob_prices_history
65252813896336788230617856248125123600178384752591631993072313635672275758489,0xb3d00f908d0bb0320cfb28cfb64904d9d10fb4d3d174baf8a2c9583b6eb66cfb,1772819131,2026-03-06T17:45:31+00:00,0.997,clob_prices_history
65252813896336788230617856248125123600178384752591631993072313635672275758489,0xb3d00f908d0bb0320cfb28cfb64904d9d10fb4d3d174baf8a2c9583b6eb66cfb,1772820042,2026-03-06T18:00:42+00:00,0.997,clob_prices_history
65252813896336788230617856248125123600178384752591631993072313635672275758489,0xb3d00f908d0bb0320cfb28cfb64904d9d10fb4d3d174baf8a2c9583b6eb66cfb,1772820930,2026-03-06T18:15:30+00:00,0.997,clob_prices_history
65252813896336788230617856248125123600178384752591631993072313635672275758489,0xb3d00f908d0bb0320cfb28cfb64904d9d10fb4d3d174baf8a2c9583b6eb66cfb,1772821834,2026-03-06T18:30:34+00:00,0.997,clob_prices_history
65252813896336788230617856248125123600178384752591631993072313635672275758489,0xb3d00f908d0bb0320cfb28cfb64904d9d10fb4d3d174baf8a2c9583b6eb66cfb,1772822736,2026-03-06T18:45:36+00:00,0.997,clob_prices_history
65252813896336788230617856248125123600178384752591631993072313635672275758489,0xb3d00f908d0bb0320cfb28cfb64904d9d10fb4d3d174baf8a2c9583b6eb66cfb,1772823637,2026-03-06T19:00:37+00:00,0.997,clob_prices_history
65252813896336788230617856248125123600178384752591631993072313635672275758489,0xb3d00f908d0bb0320cfb28cfb64904d9d10fb4d3d174baf8a2c9583b6eb66cfb,1772824535,2026-03-06T19:15:35+00:00,0.997,clob_prices_history
65252813896336788230617856248125123600178384752591631993072313635672275758489,0xb3d00f908d0bb0320cfb28cfb64904d9d10fb4d3d174baf8a2c9583b6eb66cfb,1772826328,2026-03-06T19:45:28+00:00,0.997,clob_prices_history
65252813896336788230617856248125123600178384752591631993072313635672275758489,0xb3d00f908d0bb0320cfb28cfb64904d9d10fb4d3d174baf8a2c9583b6eb66cfb,1772827243,2026-03-06T20:00:43+00:00,0.997,clob_prices_history
65252813896336788230617856248125123600178384752591631993072313635672275758489,0xb3d00f908d0bb0320cfb28cfb64904d9d10fb4d3d174baf8a2c9583b6eb66cfb,1772828128,2026-03-06T20:15:28+00:00,0.997,clob_prices_history
65252813896336788230617856248125123600178384752591631993072313635672275758489,0xb3d00f908d0bb0320cfb28cfb64904d9d10fb4d3d174baf8a2c9583b6eb66cfb,1772829036,2026-03-06T20:30:36+00:00,0.997,clob_prices_history
65252813896336788230617856248125123600178384752591631993072313635672275758489,0xb3d00f908d0bb0320cfb28cfb64904d9d10fb4d3d174baf8a2c9583b6eb66cfb,1772829928,2026-03-06T20:45:28+00:00,0.9975,clob_prices_history
65252813896336788230617856248125123600178384752591631993072313635672275758489,0xb3d00f908d0bb0320cfb28cfb64904d9d10fb4d3d174baf8a2c9583b6eb66cfb,1772830841,2026-03-06T21:00:41+00:00,0.9975,clob_prices_history
65252813896336788230617856248125123600178384752591631993072313635672275758489,0xb3d00f908d0bb0320cfb28cfb64904d9d10fb4d3d174baf8a2c9583b6eb66cfb,1772831727,2026-03-06T21:15:27+00:00,0.9975,clob_prices_history
65252813896336788230617856248125123600178384752591631993072313635672275758489,0xb3d00f908d0bb0320cfb28cfb64904d9d10fb4d3d174baf8a2c9583b6eb66cfb,1772832647,2026-03-06T21:30:47+00:00,0.9975,clob_prices_history
65252813896336788230617856248125123600178384752591631993072313635672275758489,0xb3d00f908d0bb0320cfb28cfb64904d9d10fb4d3d174baf8a2c9583b6eb66cfb,1772833530,2026-03-06T21:45:30+00:00,0.9975,clob_prices_history
65252813896336788230617856248125123600178384752591631993072313635672275758489,0xb3d00f908d0bb0320cfb28cfb64904d9d10fb4d3d174baf8a2c9583b6eb66cfb,1772834435,2026-03-06T22:00:35+00:00,0.9975,clob_prices_history
65252813896336788230617856248125123600178384752591631993072313635672275758489,0xb3d00f908d0bb0320cfb28cfb64904d9d10fb4d3d174baf8a2c9583b6eb66cfb,1772835329,2026-03-06T22:15:29+00:00,0.9975,clob_prices_history
65252813896336788230617856248125123600178384752591631993072313635672275758489,0xb3d00f908d0bb0320cfb28cfb64904d9d10fb4d3d174baf8a2c9583b6eb66cfb,1772836236,2026-03-06T22:30:36+00:00,0.9975,clob_prices_history
65252813896336788230617856248125123600178384752591631993072313635672275758489,0xb3d00f908d0bb0320cfb28cfb64904d9d10fb4d3d174baf8a2c9583b6eb66cfb,1772837128,2026-03-06T22:45:28+00:00,0.9975,clob_prices_history
65252813896336788230617856248125123600178384752591631993072313635672275758489,0xb3d00f908d0bb0320cfb28cfb64904d9d10fb4d3d174baf8a2c9583b6eb66cfb,1772838035,2026-03-06T23:00:35+00:00,0.997,clob_prices_history
65252813896336788230617856248125123600178384752591631993072313635672275758489,0xb3d00f908d0bb0320cfb28cfb64904d9d10fb4d3d174baf8a2c9583b6eb66cfb,1772838927,2026-03-06T23:15:27+00:00,0.997,clob_prices_history
65252813896336788230617856248125123600178384752591631993072313635672275758489,0xb3d00f908d0bb0320cfb28cfb64904d9d10fb4d3d174baf8a2c9583b6eb66cfb,1772839833,2026-03-06T23:30:33+00:00,0.997,clob_prices_history
65252813896336788230617856248125123600178384752591631993072313635672275758489,0xb3d00f908d0bb0320cfb28cfb64904d9d10fb4d3d174baf8a2c9583b6eb66cfb,1772840733,2026-03-06T23:45:33+00:00,0.997,clob_prices_history
65252813896336788230617856248125123600178384752591631993072313635672275758489,0xb3d00f908d0bb0320cfb28cfb64904d9d10fb4d3d174baf8a2c9583b6eb66cfb,1772841657,2026-03-07T00:00:57+00:00,0.997,clob_prices_history
65252813896336788230617856248125123600178384752591631993072313635672275758489,0xb3d00f908d0bb0320cfb28cfb64904d9d10fb4d3d174baf8a2c9583b6eb66cfb,1772842533,2026-03-07T00:15:33+00:00,0.997,clob_prices_history
65252813896336788230617856248125123600178384752591631993072313635672275758489,0xb3d00f908d0bb0320cfb28cfb64904d9d10fb4d3d174baf8a2c9583b6eb66cfb,1772843433,2026-03-07T00:30:33+00:00,0.997,clob_prices_history
65252813896336788230617856248125123600178384752591631993072313635672275758489,0xb3d00f908d0bb0320cfb28cfb64904d9d10fb4d3d174baf8a2c9583b6eb66cfb,1772844328,2026-03-07T00:45:28+00:00,0.997,clob_prices_history
65252813896336788230617856248125123600178384752591631993072313635672275758489,0xb3d00f908d0bb0320cfb28cfb64904d9d10fb4d3d174baf8a2c9583b6eb66cfb,1772845236,2026-03-07T01:00:36+00:00,0.997,clob_prices_history
65252813896336788230617856248125123600178384752591631993072313635672275758489,0xb3d00f908d0bb0320cfb28cfb64904d9d10fb4d3d174baf8a2c9583b6eb66cfb,1772846129,2026-03-07T01:15:29+00:00,0.997,clob_prices_history
65252813896336788230617856248125123600178384752591631993072313635672275758489,0xb3d00f908d0bb0320cfb28cfb64904d9d10fb4d3d174baf8a2c9583b6eb66cfb,1772847034,2026-03-07T01:30:34+00:00,0.997,clob_prices_history
65252813896336788230617856248125123600178384752591631993072313635672275758489,0xb3d00f908d0bb0320cfb28cfb64904d9d10fb4d3d174baf8a2c9583b6eb66cfb,1772847929,2026-03-07T01:45:29+00:00,0.997,clob_prices_history
65252813896336788230617856248125123600178384752591631993072313635672275758489,0xb3d00f908d0bb0320cfb28cfb64904d9d10fb4d3d174baf8a2c9583b6eb66cfb,1772848833,2026-03-07T02:00:33+00:00,0.997,clob_prices_history
65252813896336788230617856248125123600178384752591631993072313635672275758489,0xb3d00f908d0bb0320cfb28cfb64904d9d10fb4d3d174baf8a2c9583b6eb66cfb,1772849729,2026-03-07T02:15:29+00:00,0.997,clob_prices_history
65252813896336788230617856248125123600178384752591631993072313635672275758489,0xb3d00f908d0bb0320cfb28cfb64904d9d10fb4d3d174baf8a2c9583b6eb66cfb,1772850634,2026-03-07T02:30:34+00:00,0.997,clob_prices_history
65252813896336788230617856248125123600178384752591631993072313635672275758489,0xb3d00f908d0bb0320cfb28cfb64904d9d10fb4d3d174baf8a2c9583b6eb66cfb,1772851528,2026-03-07T02:45:28+00:00,0.997,clob_prices_history
65252813896336788230617856248125123600178384752591631993072313635672275758489,0xb3d00f908d0bb0320cfb28cfb64904d9d10fb4d3d174baf8a2c9583b6eb66cfb,1772852444,2026-03-07T03:00:44+00:00,0.997,clob_prices_history
65252813896336788230617856248125123600178384752591631993072313635672275758489,0xb3d00f908d0bb0320cfb28cfb64904d9d10fb4d3d174baf8a2c9583b6eb66cfb,1772853329,2026-03-07T03:15:29+00:00,0.997,clob_prices_history
65252813896336788230617856248125123600178384752591631993072313635672275758489,0xb3d00f908d0bb0320cfb28cfb64904d9d10fb4d3d174baf8a2c9583b6eb66cfb,1772854233,2026-03-07T03:30:33+00:00,0.997,clob_prices_history
65252813896336788230617856248125123600178384752591631993072313635672275758489,0xb3d00f908d0bb0320cfb28cfb64904d9d10fb4d3d174baf8a2c9583b6eb66cfb,1772855128,2026-03-07T03:45:28+00:00,0.997,clob_prices_history
65252813896336788230617856248125123600178384752591631993072313635672275758489,0xb3d00f908d0bb0320cfb28cfb64904d9d10fb4d3d174baf8a2c9583b6eb66cfb,1772856033,2026-03-07T04:00:33+00:00,0.997,clob_prices_history
65252813896336788230617856248125123600178384752591631993072313635672275758489,0xb3d00f908d0bb0320cfb28cfb64904d9d10fb4d3d174baf8a2c9583b6eb66cfb,1772856928,2026-03-07T04:15:28+00:00,0.997,clob_prices_history
65252813896336788230617856248125123600178384752591631993072313635672275758489,0xb3d00f908d0bb0320cfb28cfb64904d9d10fb4d3d174baf8a2c9583b6eb66cfb,1772857844,2026-03-07T04:30:44+00:00,0.997,clob_prices_history
65252813896336788230617856248125123600178384752591631993072313635672275758489,0xb3d00f908d0bb0320cfb28cfb64904d9d10fb4d3d174baf8a2c9583b6eb66cfb,1772858728,2026-03-07T04:45:28+00:00,0.997,clob_prices_history
65252813896336788230617856248125123600178384752591631993072313635672275758489,0xb3d00f908d0bb0320cfb28cfb64904d9d10fb4d3d174baf8a2c9583b6eb66cfb,1772859638,2026-03-07T05:00:38+00:00,0.9975,clob_prices_history
65252813896336788230617856248125123600178384752591631993072313635672275758489,0xb3d00f908d0bb0320cfb28cfb64904d9d10fb4d3d174baf8a2c9583b6eb66cfb,1772860528,2026-03-07T05:15:28+00:00,0.9975,clob_prices_history
65252813896336788230617856248125123600178384752591631993072313635672275758489,0xb3d00f908d0bb0320cfb28cfb64904d9d10fb4d3d174baf8a2c9583b6eb66cfb,1772861432,2026-03-07T05:30:32+00:00,0.9975,clob_prices_history
65252813896336788230617856248125123600178384752591631993072313635672275758489,0xb3d00f908d0bb0320cfb28cfb64904d9d10fb4d3d174baf8a2c9583b6eb66cfb,1772862327,2026-03-07T05:45:27+00:00,0.9975,clob_prices_history
65252813896336788230617856248125123600178384752591631993072313635672275758489,0xb3d00f908d0bb0320cfb28cfb64904d9d10fb4d3d174baf8a2c9583b6eb66cfb,1772863253,2026-03-07T06:00:53+00:00,0.9975,clob_prices_history
65252813896336788230617856248125123600178384752591631993072313635672275758489,0xb3d00f908d0bb0320cfb28cfb64904d9d10fb4d3d174baf8a2c9583b6eb66cfb,1772864128,2026-03-07T06:15:28+00:00,0.9975,clob_prices_history
65252813896336788230617856248125123600178384752591631993072313635672275758489,0xb3d00f908d0bb0320cfb28cfb64904d9d10fb4d3d174baf8a2c9583b6eb66cfb,1772865033,2026-03-07T06:30:33+00:00,0.9975,clob_prices_history
65252813896336788230617856248125123600178384752591631993072313635672275758489,0xb3d00f908d0bb0320cfb28cfb64904d9d10fb4d3d174baf8a2c9583b6eb66cfb,1772865928,2026-03-07T06:45:28+00:00,0.9975,clob_prices_history
65252813896336788230617856248125123600178384752591631993072313635672275758489,0xb3d00f908d0bb0320cfb28cfb64904d9d10fb4d3d174baf8a2c9583b6eb66cfb,1772866834,2026-03-07T07:00:34+00:00,0.9975,clob_prices_history
65252813896336788230617856248125123600178384752591631993072313635672275758489,0xb3d00f908d0bb0320cfb28cfb64904d9d10fb4d3d174baf8a2c9583b6eb66cfb,1772867727,2026-03-07T07:15:27+00:00,0.9975,clob_prices_history
65252813896336788230617856248125123600178384752591631993072313635672275758489,0xb3d00f908d0bb0320cfb28cfb64904d9d10fb4d3d174baf8a2c9583b6eb66cfb,1772868632,2026-03-07T07:30:32+00:00,0.9975,clob_prices_history
65252813896336788230617856248125123600178384752591631993072313635672275758489,0xb3d00f908d0bb0320cfb28cfb64904d9d10fb4d3d174baf8a2c9583b6eb66cfb,1772869529,2026-03-07T07:45:29+00:00,0.9975,clob_prices_history
65252813896336788230617856248125123600178384752591631993072313635672275758489,0xb3d00f908d0bb0320cfb28cfb64904d9d10fb4d3d174baf8a2c9583b6eb66cfb,1772870458,2026-03-07T08:00:58+00:00,0.9975,clob_prices_history
65252813896336788230617856248125123600178384752591631993072313635672275758489,0xb3d00f908d0bb0320cfb28cfb64904d9d10fb4d3d174baf8a2c9583b6eb66cfb,1772871329,2026-03-07T08:15:29+00:00,0.9975,clob_prices_history
65252813896336788230617856248125123600178384752591631993072313635672275758489,0xb3d00f908d0bb0320cfb28cfb64904d9d10fb4d3d174baf8a2c9583b6eb66cfb,1772872240,2026-03-07T08:30:40+00:00,0.9975,clob_prices_history
65252813896336788230617856248125123600178384752591631993072313635672275758489,0xb3d00f908d0bb0320cfb28cfb64904d9d10fb4d3d174baf8a2c9583b6eb66cfb,1772873128,2026-03-07T08:45:28+00:00,0.9975,clob_prices_history
65252813896336788230617856248125123600178384752591631993072313635672275758489,0xb3d00f908d0bb0320cfb28cfb64904d9d10fb4d3d174baf8a2c9583b6eb66cfb,1772874047,2026-03-07T09:00:47+00:00,0.9975,clob_prices_history
65252813896336788230617856248125123600178384752591631993072313635672275758489,0xb3d00f908d0bb0320cfb28cfb64904d9d10fb4d3d174baf8a2c9583b6eb66cfb,1772874930,2026-03-07T09:15:30+00:00,0.9975,clob_prices_history
65252813896336788230617856248125123600178384752591631993072313635672275758489,0xb3d00f908d0bb0320cfb28cfb64904d9d10fb4d3d174baf8a2c9583b6eb66cfb,1772875833,2026-03-07T09:30:33+00:00,0.9975,clob_prices_history
65252813896336788230617856248125123600178384752591631993072313635672275758489,0xb3d00f908d0bb0320cfb28cfb64904d9d10fb4d3d174baf8a2c9583b6eb66cfb,1772876727,2026-03-07T09:45:27+00:00,0.9975,clob_prices_history
65252813896336788230617856248125123600178384752591631993072313635672275758489,0xb3d00f908d0bb0320cfb28cfb64904d9d10fb4d3d174baf8a2c9583b6eb66cfb,1772877635,2026-03-07T10:00:35+00:00,0.9975,clob_prices_history
65252813896336788230617856248125123600178384752591631993072313635672275758489,0xb3d00f908d0bb0320cfb28cfb64904d9d10fb4d3d174baf8a2c9583b6eb66cfb,1772878528,2026-03-07T10:15:28+00:00,0.9975,clob_prices_history
65252813896336788230617856248125123600178384752591631993072313635672275758489,0xb3d00f908d0bb0320cfb28cfb64904d9d10fb4d3d174baf8a2c9583b6eb66cfb,1772879437,2026-03-07T10:30:37+00:00,0.9975,clob_prices_history
65252813896336788230617856248125123600178384752591631993072313635672275758489,0xb3d00f908d0bb0320cfb28cfb64904d9d10fb4d3d174baf8a2c9583b6eb66cfb,1772880342,2026-03-07T10:45:42+00:00,0.9975,clob_prices_history
65252813896336788230617856248125123600178384752591631993072313635672275758489,0xb3d00f908d0bb0320cfb28cfb64904d9d10fb4d3d174baf8a2c9583b6eb66cfb,1772881246,2026-03-07T11:00:46+00:00,0.9975,clob_prices_history
65252813896336788230617856248125123600178384752591631993072313635672275758489,0xb3d00f908d0bb0320cfb28cfb64904d9d10fb4d3d174baf8a2c9583b6eb66cfb,1772882129,2026-03-07T11:15:29+00:00,0.9975,clob_prices_history
65252813896336788230617856248125123600178384752591631993072313635672275758489,0xb3d00f908d0bb0320cfb28cfb64904d9d10fb4d3d174baf8a2c9583b6eb66cfb,1772883036,2026-03-07T11:30:36+00:00,0.9975,clob_prices_history
65252813896336788230617856248125123600178384752591631993072313635672275758489,0xb3d00f908d0bb0320cfb28cfb64904d9d10fb4d3d174baf8a2c9583b6eb66cfb,1772883928,2026-03-07T11:45:28+00:00,0.9975,clob_prices_history
65252813896336788230617856248125123600178384752591631993072313635672275758489,0xb3d00f908d0bb0320cfb28cfb64904d9d10fb4d3d174baf8a2c9583b6eb66cfb,1772884859,2026-03-07T12:00:59+00:00,0.9975,clob_prices_history
65252813896336788230617856248125123600178384752591631993072313635672275758489,0xb3d00f908d0bb0320cfb28cfb64904d9d10fb4d3d174baf8a2c9583b6eb66cfb,1772885731,2026-03-07T12:15:31+00:00,0.9975,clob_prices_history
65252813896336788230617856248125123600178384752591631993072313635672275758489,0xb3d00f908d0bb0320cfb28cfb64904d9d10fb4d3d174baf8a2c9583b6eb66cfb,1772886638,2026-03-07T12:30:38+00:00,0.9975,clob_prices_history
65252813896336788230617856248125123600178384752591631993072313635672275758489,0xb3d00f908d0bb0320cfb28cfb64904d9d10fb4d3d174baf8a2c9583b6eb66cfb,1772887528,2026-03-07T12:45:28+00:00,0.9975,clob_prices_history
65252813896336788230617856248125123600178384752591631993072313635672275758489,0xb3d00f908d0bb0320cfb28cfb64904d9d10fb4d3d174baf8a2c9583b6eb66cfb,1772888437,2026-03-07T13:00:37+00:00,0.9975,clob_prices_history
65252813896336788230617856248125123600178384752591631993072313635672275758489,0xb3d00f908d0bb0320cfb28cfb64904d9d10fb4d3d174baf8a2c9583b6eb66cfb,1772889328,2026-03-07T13:15:28+00:00,0.9975,clob_prices_history
65252813896336788230617856248125123600178384752591631993072313635672275758489,0xb3d00f908d0bb0320cfb28cfb64904d9d10fb4d3d174baf8a2c9583b6eb66cfb,1772890234,2026-03-07T13:30:34+00:00,0.9975,clob_prices_history
65252813896336788230617856248125123600178384752591631993072313635672275758489,0xb3d00f908d0bb0320cfb28cfb64904d9d10fb4d3d174baf8a2c9583b6eb66cfb,1772891133,2026-03-07T13:45:33+00:00,0.9975,clob_prices_history
65252813896336788230617856248125123600178384752591631993072313635672275758489,0xb3d00f908d0bb0320cfb28cfb64904d9d10fb4d3d174baf8a2c9583b6eb66cfb,1772892035,2026-03-07T14:00:35+00:00,0.9975,clob_prices_history
65252813896336788230617856248125123600178384752591631993072313635672275758489,0xb3d00f908d0bb0320cfb28cfb64904d9d10fb4d3d174baf8a2c9583b6eb66cfb,1772892928,2026-03-07T14:15:28+00:00,0.9975,clob_prices_history
65252813896336788230617856248125123600178384752591631993072313635672275758489,0xb3d00f908d0bb0320cfb28cfb64904d9d10fb4d3d174baf8a2c9583b6eb66cfb,1772893836,2026-03-07T14:30:36+00:00,0.9975,clob_prices_history
65252813896336788230617856248125123600178384752591631993072313635672275758489,0xb3d00f908d0bb0320cfb28cfb64904d9d10fb4d3d174baf8a2c9583b6eb66cfb,1772894728,2026-03-07T14:45:28+00:00,0.9975,clob_prices_history
65252813896336788230617856248125123600178384752591631993072313635672275758489,0xb3d00f908d0bb0320cfb28cfb64904d9d10fb4d3d174baf8a2c9583b6eb66cfb,1772895646,2026-03-07T15:00:46+00:00,0.9975,clob_prices_history
65252813896336788230617856248125123600178384752591631993072313635672275758489,0xb3d00f908d0bb0320cfb28cfb64904d9d10fb4d3d174baf8a2c9583b6eb66cfb,1772896529,2026-03-07T15:15:29+00:00,0.9975,clob_prices_history
65252813896336788230617856248125123600178384752591631993072313635672275758489,0xb3d00f908d0bb0320cfb28cfb64904d9d10fb4d3d174baf8a2c9583b6eb66cfb,1772897434,2026-03-07T15:30:34+00:00,0.9975,clob_prices_history
65252813896336788230617856248125123600178384752591631993072313635672275758489,0xb3d00f908d0bb0320cfb28cfb64904d9d10fb4d3d174baf8a2c9583b6eb66cfb,1772898330,2026-03-07T15:45:30+00:00,0.9975,clob_prices_history
65252813896336788230617856248125123600178384752591631993072313635672275758489,0xb3d00f908d0bb0320cfb28cfb64904d9d10fb4d3d174baf8a2c9583b6eb66cfb,1772899245,2026-03-07T16:00:45+00:00,0.9975,clob_prices_history
65252813896336788230617856248125123600178384752591631993072313635672275758489,0xb3d00f908d0bb0320cfb28cfb64904d9d10fb4d3d174baf8a2c9583b6eb66cfb,1772900128,2026-03-07T16:15:28+00:00,0.9975,clob_prices_history
65252813896336788230617856248125123600178384752591631993072313635672275758489,0xb3d00f908d0bb0320cfb28cfb64904d9d10fb4d3d174baf8a2c9583b6eb66cfb,1772901037,2026-03-07T16:30:37+00:00,0.9975,clob_prices_history
65252813896336788230617856248125123600178384752591631993072313635672275758489,0xb3d00f908d0bb0320cfb28cfb64904d9d10fb4d3d174baf8a2c9583b6eb66cfb,1772901929,2026-03-07T16:45:29+00:00,0.9975,clob_prices_history
65252813896336788230617856248125123600178384752591631993072313635672275758489,0xb3d00f908d0bb0320cfb28cfb64904d9d10fb4d3d174baf8a2c9583b6eb66cfb,1772902859,2026-03-07T17:00:59+00:00,0.9975,clob_prices_history
65252813896336788230617856248125123600178384752591631993072313635672275758489,0xb3d00f908d0bb0320cfb28cfb64904d9d10fb4d3d174baf8a2c9583b6eb66cfb,1772903728,2026-03-07T17:15:28+00:00,0.9975,clob_prices_history
65252813896336788230617856248125123600178384752591631993072313635672275758489,0xb3d00f908d0bb0320cfb28cfb64904d9d10fb4d3d174baf8a2c9583b6eb66cfb,1772904633,2026-03-07T17:30:33+00:00,0.9975,clob_prices_history
65252813896336788230617856248125123600178384752591631993072313635672275758489,0xb3d00f908d0bb0320cfb28cfb64904d9d10fb4d3d174baf8a2c9583b6eb66cfb,1772905530,2026-03-07T17:45:30+00:00,0.9975,clob_prices_history
65252813896336788230617856248125123600178384752591631993072313635672275758489,0xb3d00f908d0bb0320cfb28cfb64904d9d10fb4d3d174baf8a2c9583b6eb66cfb,1772906449,2026-03-07T18:00:49+00:00,0.9975,clob_prices_history
65252813896336788230617856248125123600178384752591631993072313635672275758489,0xb3d00f908d0bb0320cfb28cfb64904d9d10fb4d3d174baf8a2c9583b6eb66cfb,1772907328,2026-03-07T18:15:28+00:00,0.9975,clob_prices_history
65252813896336788230617856248125123600178384752591631993072313635672275758489,0xb3d00f908d0bb0320cfb28cfb64904d9d10fb4d3d174baf8a2c9583b6eb66cfb,1772908235,2026-03-07T18:30:35+00:00,0.9975,clob_prices_history
65252813896336788230617856248125123600178384752591631993072313635672275758489,0xb3d00f908d0bb0320cfb28cfb64904d9d10fb4d3d174baf8a2c9583b6eb66cfb,1772909129,2026-03-07T18:45:29+00:00,0.9975,clob_prices_history
65252813896336788230617856248125123600178384752591631993072313635672275758489,0xb3d00f908d0bb0320cfb28cfb64904d9d10fb4d3d174baf8a2c9583b6eb66cfb,1772910035,2026-03-07T19:00:35+00:00,0.9975,clob_prices_history
65252813896336788230617856248125123600178384752591631993072313635672275758489,0xb3d00f908d0bb0320cfb28cfb64904d9d10fb4d3d174baf8a2c9583b6eb66cfb,1772910931,2026-03-07T19:15:31+00:00,0.9975,clob_prices_history
65252813896336788230617856248125123600178384752591631993072313635672275758489,0xb3d00f908d0bb0320cfb28cfb64904d9d10fb4d3d174baf8a2c9583b6eb66cfb,1772911833,2026-03-07T19:30:33+00:00,0.9975,clob_prices_history
65252813896336788230617856248125123600178384752591631993072313635672275758489,0xb3d00f908d0bb0320cfb28cfb64904d9d10fb4d3d174baf8a2c9583b6eb66cfb,1772912727,2026-03-07T19:45:27+00:00,0.9975,clob_prices_history
65252813896336788230617856248125123600178384752591631993072313635672275758489,0xb3d00f908d0bb0320cfb28cfb64904d9d10fb4d3d174baf8a2c9583b6eb66cfb,1772913637,2026-03-07T20:00:37+00:00,0.9975,clob_prices_history
65252813896336788230617856248125123600178384752591631993072313635672275758489,0xb3d00f908d0bb0320cfb28cfb64904d9d10fb4d3d174baf8a2c9583b6eb66cfb,1772914529,2026-03-07T20:15:29+00:00,0.9975,clob_prices_history
65252813896336788230617856248125123600178384752591631993072313635672275758489,0xb3d00f908d0bb0320cfb28cfb64904d9d10fb4d3d174baf8a2c9583b6eb66cfb,1772915434,2026-03-07T20:30:34+00:00,0.9975,clob_prices_history
65252813896336788230617856248125123600178384752591631993072313635672275758489,0xb3d00f908d0bb0320cfb28cfb64904d9d10fb4d3d174baf8a2c9583b6eb66cfb,1772916341,2026-03-07T20:45:41+00:00,0.9975,clob_prices_history
65252813896336788230617856248125123600178384752591631993072313635672275758489,0xb3d00f908d0bb0320cfb28cfb64904d9d10fb4d3d174baf8a2c9583b6eb66cfb,1772917246,2026-03-07T21:00:46+00:00,0.9975,clob_prices_history
65252813896336788230617856248125123600178384752591631993072313635672275758489,0xb3d00f908d0bb0320cfb28cfb64904d9d10fb4d3d174baf8a2c9583b6eb66cfb,1772918129,2026-03-07T21:15:29+00:00,0.9975,clob_prices_history
65252813896336788230617856248125123600178384752591631993072313635672275758489,0xb3d00f908d0bb0320cfb28cfb64904d9d10fb4d3d174baf8a2c9583b6eb66cfb,1772919034,2026-03-07T21:30:34+00:00,0.9975,clob_prices_history
65252813896336788230617856248125123600178384752591631993072313635672275758489,0xb3d00f908d0bb0320cfb28cfb64904d9d10fb4d3d174baf8a2c9583b6eb66cfb,1772919928,2026-03-07T21:45:28+00:00,0.9975,clob_prices_history
65252813896336788230617856248125123600178384752591631993072313635672275758489,0xb3d00f908d0bb0320cfb28cfb64904d9d10fb4d3d174baf8a2c9583b6eb66cfb,1772920834,2026-03-07T22:00:34+00:00,0.9975,clob_prices_history
65252813896336788230617856248125123600178384752591631993072313635672275758489,0xb3d00f908d0bb0320cfb28cfb64904d9d10fb4d3d174baf8a2c9583b6eb66cfb,1772921732,2026-03-07T22:15:32+00:00,0.9975,clob_prices_history
65252813896336788230617856248125123600178384752591631993072313635672275758489,0xb3d00f908d0bb0320cfb28cfb64904d9d10fb4d3d174baf8a2c9583b6eb66cfb,1772922633,2026-03-07T22:30:33+00:00,0.9975,clob_prices_history
65252813896336788230617856248125123600178384752591631993072313635672275758489,0xb3d00f908d0bb0320cfb28cfb64904d9d10fb4d3d174baf8a2c9583b6eb66cfb,1772923532,2026-03-07T22:45:32+00:00,0.9975,clob_prices_history
65252813896336788230617856248125123600178384752591631993072313635672275758489,0xb3d00f908d0bb0320cfb28cfb64904d9d10fb4d3d174baf8a2c9583b6eb66cfb,1772924433,2026-03-07T23:00:33+00:00,0.9975,clob_prices_history
65252813896336788230617856248125123600178384752591631993072313635672275758489,0xb3d00f908d0bb0320cfb28cfb64904d9d10fb4d3d174baf8a2c9583b6eb66cfb,1772925328,2026-03-07T23:15:28+00:00,0.9975,clob_prices_history
65252813896336788230617856248125123600178384752591631993072313635672275758489,0xb3d00f908d0bb0320cfb28cfb64904d9d10fb4d3d174baf8a2c9583b6eb66cfb,1772926234,2026-03-07T23:30:34+00:00,0.9975,clob_prices_history
65252813896336788230617856248125123600178384752591631993072313635672275758489,0xb3d00f908d0bb0320cfb28cfb64904d9d10fb4d3d174baf8a2c9583b6eb66cfb,1772927129,2026-03-07T23:45:29+00:00,0.9975,clob_prices_history
65252813896336788230617856248125123600178384752591631993072313635672275758489,0xb3d00f908d0bb0320cfb28cfb64904d9d10fb4d3d174baf8a2c9583b6eb66cfb,1772928046,2026-03-08T00:00:46+00:00,0.9975,clob_prices_history
65252813896336788230617856248125123600178384752591631993072313635672275758489,0xb3d00f908d0bb0320cfb28cfb64904d9d10fb4d3d174baf8a2c9583b6eb66cfb,1772928930,2026-03-08T00:15:30+00:00,0.9975,clob_prices_history
65252813896336788230617856248125123600178384752591631993072313635672275758489,0xb3d00f908d0bb0320cfb28cfb64904d9d10fb4d3d174baf8a2c9583b6eb66cfb,1772929831,2026-03-08T00:30:31+00:00,0.9975,clob_prices_history
65252813896336788230617856248125123600178384752591631993072313635672275758489,0xb3d00f908d0bb0320cfb28cfb64904d9d10fb4d3d174baf8a2c9583b6eb66cfb,1772930727,2026-03-08T00:45:27+00:00,0.9975,clob_prices_history
65252813896336788230617856248125123600178384752591631993072313635672275758489,0xb3d00f908d0bb0320cfb28cfb64904d9d10fb4d3d174baf8a2c9583b6eb66cfb,1772931630,2026-03-08T01:00:30+00:00,0.9975,clob_prices_history
65252813896336788230617856248125123600178384752591631993072313635672275758489,0xb3d00f908d0bb0320cfb28cfb64904d9d10fb4d3d174baf8a2c9583b6eb66cfb,1772932527,2026-03-08T01:15:27+00:00,0.9975,clob_prices_history
65252813896336788230617856248125123600178384752591631993072313635672275758489,0xb3d00f908d0bb0320cfb28cfb64904d9d10fb4d3d174baf8a2c9583b6eb66cfb,1772933429,2026-03-08T01:30:29+00:00,0.9975,clob_prices_history
65252813896336788230617856248125123600178384752591631993072313635672275758489,0xb3d00f908d0bb0320cfb28cfb64904d9d10fb4d3d174baf8a2c9583b6eb66cfb,1772934328,2026-03-08T01:45:28+00:00,0.9975,clob_prices_history
65252813896336788230617856248125123600178384752591631993072313635672275758489,0xb3d00f908d0bb0320cfb28cfb64904d9d10fb4d3d174baf8a2c9583b6eb66cfb,1772935231,2026-03-08T02:00:31+00:00,0.9975,clob_prices_history
65252813896336788230617856248125123600178384752591631993072313635672275758489,0xb3d00f908d0bb0320cfb28cfb64904d9d10fb4d3d174baf8a2c9583b6eb66cfb,1772936128,2026-03-08T02:15:28+00:00,0.9975,clob_prices_history
65252813896336788230617856248125123600178384752591631993072313635672275758489,0xb3d00f908d0bb0320cfb28cfb64904d9d10fb4d3d174baf8a2c9583b6eb66cfb,1772937029,2026-03-08T02:30:29+00:00,0.9975,clob_prices_history
65252813896336788230617856248125123600178384752591631993072313635672275758489,0xb3d00f908d0bb0320cfb28cfb64904d9d10fb4d3d174baf8a2c9583b6eb66cfb,1772937927,2026-03-08T02:45:27+00:00,0.9975,clob_prices_history
65252813896336788230617856248125123600178384752591631993072313635672275758489,0xb3d00f908d0bb0320cfb28cfb64904d9d10fb4d3d174baf8a2c9583b6eb66cfb,1772938855,2026-03-08T03:00:55+00:00,0.9975,clob_prices_history
65252813896336788230617856248125123600178384752591631993072313635672275758489,0xb3d00f908d0bb0320cfb28cfb64904d9d10fb4d3d174baf8a2c9583b6eb66cfb,1772939728,2026-03-08T03:15:28+00:00,0.9975,clob_prices_history
65252813896336788230617856248125123600178384752591631993072313635672275758489,0xb3d00f908d0bb0320cfb28cfb64904d9d10fb4d3d174baf8a2c9583b6eb66cfb,1772940630,2026-03-08T03:30:30+00:00,0.9975,clob_prices_history
65252813896336788230617856248125123600178384752591631993072313635672275758489,0xb3d00f908d0bb0320cfb28cfb64904d9d10fb4d3d174baf8a2c9583b6eb66cfb,1772941527,2026-03-08T03:45:27+00:00,0.9975,clob_prices_history
65252813896336788230617856248125123600178384752591631993072313635672275758489,0xb3d00f908d0bb0320cfb28cfb64904d9d10fb4d3d174baf8a2c9583b6eb66cfb,1772942434,2026-03-08T04:00:34+00:00,0.9975,clob_prices_history
65252813896336788230617856248125123600178384752591631993072313635672275758489,0xb3d00f908d0bb0320cfb28cfb64904d9d10fb4d3d174baf8a2c9583b6eb66cfb,1772943327,2026-03-08T04:15:27+00:00,0.9975,clob_prices_history
65252813896336788230617856248125123600178384752591631993072313635672275758489,0xb3d00f908d0bb0320cfb28cfb64904d9d10fb4d3d174baf8a2c9583b6eb66cfb,1772944229,2026-03-08T04:30:29+00:00,0.9975,clob_prices_history
65252813896336788230617856248125123600178384752591631993072313635672275758489,0xb3d00f908d0bb0320cfb28cfb64904d9d10fb4d3d174baf8a2c9583b6eb66cfb,1772945127,2026-03-08T04:45:27+00:00,0.9975,clob_prices_history
65252813896336788230617856248125123600178384752591631993072313635672275758489,0xb3d00f908d0bb0320cfb28cfb64904d9d10fb4d3d174baf8a2c9583b6eb66cfb,1772946030,2026-03-08T05:00:30+00:00,0.9975,clob_prices_history
65252813896336788230617856248125123600178384752591631993072313635672275758489,0xb3d00f908d0bb0320cfb28cfb64904d9d10fb4d3d174baf8a2c9583b6eb66cfb,1772946929,2026-03-08T05:15:29+00:00,0.9975,clob_prices_history
65252813896336788230617856248125123600178384752591631993072313635672275758489,0xb3d00f908d0bb0320cfb28cfb64904d9d10fb4d3d174baf8a2c9583b6eb66cfb,1772947829,2026-03-08T05:30:29+00:00,0.9975,clob_prices_history
65252813896336788230617856248125123600178384752591631993072313635672275758489,0xb3d00f908d0bb0320cfb28cfb64904d9d10fb4d3d174baf8a2c9583b6eb66cfb,1772948726,2026-03-08T05:45:26+00:00,0.9975,clob_prices_history
65252813896336788230617856248125123600178384752591631993072313635672275758489,0xb3d00f908d0bb0320cfb28cfb64904d9d10fb4d3d174baf8a2c9583b6eb66cfb,1772949644,2026-03-08T06:00:44+00:00,0.9975,clob_prices_history
65252813896336788230617856248125123600178384752591631993072313635672275758489,0xb3d00f908d0bb0320cfb28cfb64904d9d10fb4d3d174baf8a2c9583b6eb66cfb,1772950541,2026-03-08T06:15:41+00:00,0.9975,clob_prices_history
65252813896336788230617856248125123600178384752591631993072313635672275758489,0xb3d00f908d0bb0320cfb28cfb64904d9d10fb4d3d174baf8a2c9583b6eb66cfb,1772951431,2026-03-08T06:30:31+00:00,0.9975,clob_prices_history
65252813896336788230617856248125123600178384752591631993072313635672275758489,0xb3d00f908d0bb0320cfb28cfb64904d9d10fb4d3d174baf8a2c9583b6eb66cfb,1772952327,2026-03-08T06:45:27+00:00,0.9975,clob_prices_history
65252813896336788230617856248125123600178384752591631993072313635672275758489,0xb3d00f908d0bb0320cfb28cfb64904d9d10fb4d3d174baf8a2c9583b6eb66cfb,1772953243,2026-03-08T07:00:43+00:00,0.9975,clob_prices_history
65252813896336788230617856248125123600178384752591631993072313635672275758489,0xb3d00f908d0bb0320cfb28cfb64904d9d10fb4d3d174baf8a2c9583b6eb66cfb,1772954127,2026-03-08T07:15:27+00:00,0.9975,clob_prices_history
65252813896336788230617856248125123600178384752591631993072313635672275758489,0xb3d00f908d0bb0320cfb28cfb64904d9d10fb4d3d174baf8a2c9583b6eb66cfb,1772955047,2026-03-08T07:30:47+00:00,0.9975,clob_prices_history
65252813896336788230617856248125123600178384752591631993072313635672275758489,0xb3d00f908d0bb0320cfb28cfb64904d9d10fb4d3d174baf8a2c9583b6eb66cfb,1772955927,2026-03-08T07:45:27+00:00,0.9975,clob_prices_history
65252813896336788230617856248125123600178384752591631993072313635672275758489,0xb3d00f908d0bb0320cfb28cfb64904d9d10fb4d3d174baf8a2c9583b6eb66cfb,1772956830,2026-03-08T08:00:30+00:00,0.9975,clob_prices_history
65252813896336788230617856248125123600178384752591631993072313635672275758489,0xb3d00f908d0bb0320cfb28cfb64904d9d10fb4d3d174baf8a2c9583b6eb66cfb,1772957727,2026-03-08T08:15:27+00:00,0.9975,clob_prices_history
65252813896336788230617856248125123600178384752591631993072313635672275758489,0xb3d00f908d0bb0320cfb28cfb64904d9d10fb4d3d174baf8a2c9583b6eb66cfb,1772958632,2026-03-08T08:30:32+00:00,0.9975,clob_prices_history
65252813896336788230617856248125123600178384752591631993072313635672275758489,0xb3d00f908d0bb0320cfb28cfb64904d9d10fb4d3d174baf8a2c9583b6eb66cfb,1772959529,2026-03-08T08:45:29+00:00,0.9975,clob_prices_history
65252813896336788230617856248125123600178384752591631993072313635672275758489,0xb3d00f908d0bb0320cfb28cfb64904d9d10fb4d3d174baf8a2c9583b6eb66cfb,1772960443,2026-03-08T09:00:43+00:00,0.9975,clob_prices_history
65252813896336788230617856248125123600178384752591631993072313635672275758489,0xb3d00f908d0bb0320cfb28cfb64904d9d10fb4d3d174baf8a2c9583b6eb66cfb,1772961331,2026-03-08T09:15:31+00:00,0.9975,clob_prices_history
65252813896336788230617856248125123600178384752591631993072313635672275758489,0xb3d00f908d0bb0320cfb28cfb64904d9d10fb4d3d174baf8a2c9583b6eb66cfb,1772962230,2026-03-08T09:30:30+00:00,0.9975,clob_prices_history
65252813896336788230617856248125123600178384752591631993072313635672275758489,0xb3d00f908d0bb0320cfb28cfb64904d9d10fb4d3d174baf8a2c9583b6eb66cfb,1772963127,2026-03-08T09:45:27+00:00,0.997,clob_prices_history
65252813896336788230617856248125123600178384752591631993072313635672275758489,0xb3d00f908d0bb0320cfb28cfb64904d9d10fb4d3d174baf8a2c9583b6eb66cfb,1772964032,2026-03-08T10:00:32+00:00,0.997,clob_prices_history
65252813896336788230617856248125123600178384752591631993072313635672275758489,0xb3d00f908d0bb0320cfb28cfb64904d9d10fb4d3d174baf8a2c9583b6eb66cfb,1772964943,2026-03-08T10:15:43+00:00,0.997,clob_prices_history
65252813896336788230617856248125123600178384752591631993072313635672275758489,0xb3d00f908d0bb0320cfb28cfb64904d9d10fb4d3d174baf8a2c9583b6eb66cfb,1772965840,2026-03-08T10:30:40+00:00,0.997,clob_prices_history
65252813896336788230617856248125123600178384752591631993072313635672275758489,0xb3d00f908d0bb0320cfb28cfb64904d9d10fb4d3d174baf8a2c9583b6eb66cfb,1772966727,2026-03-08T10:45:27+00:00,0.997,clob_prices_history
65252813896336788230617856248125123600178384752591631993072313635672275758489,0xb3d00f908d0bb0320cfb28cfb64904d9d10fb4d3d174baf8a2c9583b6eb66cfb,1772967634,2026-03-08T11:00:34+00:00,0.997,clob_prices_history
65252813896336788230617856248125123600178384752591631993072313635672275758489,0xb3d00f908d0bb0320cfb28cfb64904d9d10fb4d3d174baf8a2c9583b6eb66cfb,1772968538,2026-03-08T11:15:38+00:00,0.997,clob_prices_history
65252813896336788230617856248125123600178384752591631993072313635672275758489,0xb3d00f908d0bb0320cfb28cfb64904d9d10fb4d3d174baf8a2c9583b6eb66cfb,1772969429,2026-03-08T11:30:29+00:00,0.997,clob_prices_history
65252813896336788230617856248125123600178384752591631993072313635672275758489,0xb3d00f908d0bb0320cfb28cfb64904d9d10fb4d3d174baf8a2c9583b6eb66cfb,1772970331,2026-03-08T11:45:31+00:00,0.997,clob_prices_history
65252813896336788230617856248125123600178384752591631993072313635672275758489,0xb3d00f908d0bb0320cfb28cfb64904d9d10fb4d3d174baf8a2c9583b6eb66cfb,1772971245,2026-03-08T12:00:45+00:00,0.997,clob_prices_history
65252813896336788230617856248125123600178384752591631993072313635672275758489,0xb3d00f908d0bb0320cfb28cfb64904d9d10fb4d3d174baf8a2c9583b6eb66cfb,1772972127,2026-03-08T12:15:27+00:00,0.997,clob_prices_history
65252813896336788230617856248125123600178384752591631993072313635672275758489,0xb3d00f908d0bb0320cfb28cfb64904d9d10fb4d3d174baf8a2c9583b6eb66cfb,1772973034,2026-03-08T12:30:34+00:00,0.997,clob_prices_history
65252813896336788230617856248125123600178384752591631993072313635672275758489,0xb3d00f908d0bb0320cfb28cfb64904d9d10fb4d3d174baf8a2c9583b6eb66cfb,1772973926,2026-03-08T12:45:26+00:00,0.997,clob_prices_history
65252813896336788230617856248125123600178384752591631993072313635672275758489,0xb3d00f908d0bb0320cfb28cfb64904d9d10fb4d3d174baf8a2c9583b6eb66cfb,1772974830,2026-03-08T13:00:30+00:00,0.997,clob_prices_history
65252813896336788230617856248125123600178384752591631993072313635672275758489,0xb3d00f908d0bb0320cfb28cfb64904d9d10fb4d3d174baf8a2c9583b6eb66cfb,1772975727,2026-03-08T13:15:27+00:00,0.997,clob_prices_history
65252813896336788230617856248125123600178384752591631993072313635672275758489,0xb3d00f908d0bb0320cfb28cfb64904d9d10fb4d3d174baf8a2c9583b6eb66cfb,1772976630,2026-03-08T13:30:30+00:00,0.997,clob_prices_history
65252813896336788230617856248125123600178384752591631993072313635672275758489,0xb3d00f908d0bb0320cfb28cfb64904d9d10fb4d3d174baf8a2c9583b6eb66cfb,1772977530,2026-03-08T13:45:30+00:00,0.997,clob_prices_history
65252813896336788230617856248125123600178384752591631993072313635672275758489,0xb3d00f908d0bb0320cfb28cfb64904d9d10fb4d3d174baf8a2c9583b6eb66cfb,1772978440,2026-03-08T14:00:40+00:00,0.997,clob_prices_history
65252813896336788230617856248125123600178384752591631993072313635672275758489,0xb3d00f908d0bb0320cfb28cfb64904d9d10fb4d3d174baf8a2c9583b6eb66cfb,1772979326,2026-03-08T14:15:26+00:00,0.997,clob_prices_history
65252813896336788230617856248125123600178384752591631993072313635672275758489,0xb3d00f908d0bb0320cfb28cfb64904d9d10fb4d3d174baf8a2c9583b6eb66cfb,1772980231,2026-03-08T14:30:31+00:00,0.997,clob_prices_history
65252813896336788230617856248125123600178384752591631993072313635672275758489,0xb3d00f908d0bb0320cfb28cfb64904d9d10fb4d3d174baf8a2c9583b6eb66cfb,1772981128,2026-03-08T14:45:28+00:00,0.997,clob_prices_history
65252813896336788230617856248125123600178384752591631993072313635672275758489,0xb3d00f908d0bb0320cfb28cfb64904d9d10fb4d3d174baf8a2c9583b6eb66cfb,1772982043,2026-03-08T15:00:43+00:00,0.997,clob_prices_history
65252813896336788230617856248125123600178384752591631993072313635672275758489,0xb3d00f908d0bb0320cfb28cfb64904d9d10fb4d3d174baf8a2c9583b6eb66cfb,1772982926,2026-03-08T15:15:26+00:00,0.997,clob_prices_history
65252813896336788230617856248125123600178384752591631993072313635672275758489,0xb3d00f908d0bb0320cfb28cfb64904d9d10fb4d3d174baf8a2c9583b6eb66cfb,1772983829,2026-03-08T15:30:29+00:00,0.997,clob_prices_history
65252813896336788230617856248125123600178384752591631993072313635672275758489,0xb3d00f908d0bb0320cfb28cfb64904d9d10fb4d3d174baf8a2c9583b6eb66cfb,1772984726,2026-03-08T15:45:26+00:00,0.997,clob_prices_history
65252813896336788230617856248125123600178384752591631993072313635672275758489,0xb3d00f908d0bb0320cfb28cfb64904d9d10fb4d3d174baf8a2c9583b6eb66cfb,1772985629,2026-03-08T16:00:29+00:00,0.997,clob_prices_history
65252813896336788230617856248125123600178384752591631993072313635672275758489,0xb3d00f908d0bb0320cfb28cfb64904d9d10fb4d3d174baf8a2c9583b6eb66cfb,1772986527,2026-03-08T16:15:27+00:00,0.997,clob_prices_history
65252813896336788230617856248125123600178384752591631993072313635672275758489,0xb3d00f908d0bb0320cfb28cfb64904d9d10fb4d3d174baf8a2c9583b6eb66cfb,1772987430,2026-03-08T16:30:30+00:00,0.997,clob_prices_history
65252813896336788230617856248125123600178384752591631993072313635672275758489,0xb3d00f908d0bb0320cfb28cfb64904d9d10fb4d3d174baf8a2c9583b6eb66cfb,1772988335,2026-03-08T16:45:35+00:00,0.997,clob_prices_history
65252813896336788230617856248125123600178384752591631993072313635672275758489,0xb3d00f908d0bb0320cfb28cfb64904d9d10fb4d3d174baf8a2c9583b6eb66cfb,1772990128,2026-03-08T17:15:28+00:00,0.997,clob_prices_history
65252813896336788230617856248125123600178384752591631993072313635672275758489,0xb3d00f908d0bb0320cfb28cfb64904d9d10fb4d3d174baf8a2c9583b6eb66cfb,1772991029,2026-03-08T17:30:29+00:00,0.9975,clob_prices_history
65252813896336788230617856248125123600178384752591631993072313635672275758489,0xb3d00f908d0bb0320cfb28cfb64904d9d10fb4d3d174baf8a2c9583b6eb66cfb,1772991926,2026-03-08T17:45:26+00:00,0.9975,clob_prices_history
65252813896336788230617856248125123600178384752591631993072313635672275758489,0xb3d00f908d0bb0320cfb28cfb64904d9d10fb4d3d174baf8a2c9583b6eb66cfb,1772992842,2026-03-08T18:00:42+00:00,0.9975,clob_prices_history
65252813896336788230617856248125123600178384752591631993072313635672275758489,0xb3d00f908d0bb0320cfb28cfb64904d9d10fb4d3d174baf8a2c9583b6eb66cfb,1772993743,2026-03-08T18:15:43+00:00,0.9975,clob_prices_history
65252813896336788230617856248125123600178384752591631993072313635672275758489,0xb3d00f908d0bb0320cfb28cfb64904d9d10fb4d3d174baf8a2c9583b6eb66cfb,1772994633,2026-03-08T18:30:33+00:00,0.9975,clob_prices_history
65252813896336788230617856248125123600178384752591631993072313635672275758489,0xb3d00f908d0bb0320cfb28cfb64904d9d10fb4d3d174baf8a2c9583b6eb66cfb,1772995527,2026-03-08T18:45:27+00:00,0.9975,clob_prices_history
65252813896336788230617856248125123600178384752591631993072313635672275758489,0xb3d00f908d0bb0320cfb28cfb64904d9d10fb4d3d174baf8a2c9583b6eb66cfb,1772996430,2026-03-08T19:00:30+00:00,0.9975,clob_prices_history
65252813896336788230617856248125123600178384752591631993072313635672275758489,0xb3d00f908d0bb0320cfb28cfb64904d9d10fb4d3d174baf8a2c9583b6eb66cfb,1772997337,2026-03-08T19:15:37+00:00,0.9975,clob_prices_history
65252813896336788230617856248125123600178384752591631993072313635672275758489,0xb3d00f908d0bb0320cfb28cfb64904d9d10fb4d3d174baf8a2c9583b6eb66cfb,1772998230,2026-03-08T19:30:30+00:00,0.9975,clob_prices_history
65252813896336788230617856248125123600178384752591631993072313635672275758489,0xb3d00f908d0bb0320cfb28cfb64904d9d10fb4d3d174baf8a2c9583b6eb66cfb,1772999129,2026-03-08T19:45:29+00:00,0.9975,clob_prices_history
65252813896336788230617856248125123600178384752591631993072313635672275758489,0xb3d00f908d0bb0320cfb28cfb64904d9d10fb4d3d174baf8a2c9583b6eb66cfb,1773000032,2026-03-08T20:00:32+00:00,0.9975,clob_prices_history
65252813896336788230617856248125123600178384752591631993072313635672275758489,0xb3d00f908d0bb0320cfb28cfb64904d9d10fb4d3d174baf8a2c9583b6eb66cfb,1773000927,2026-03-08T20:15:27+00:00,0.9975,clob_prices_history
65252813896336788230617856248125123600178384752591631993072313635672275758489,0xb3d00f908d0bb0320cfb28cfb64904d9d10fb4d3d174baf8a2c9583b6eb66cfb,1773001842,2026-03-08T20:30:42+00:00,0.9975,clob_prices_history
65252813896336788230617856248125123600178384752591631993072313635672275758489,0xb3d00f908d0bb0320cfb28cfb64904d9d10fb4d3d174baf8a2c9583b6eb66cfb,1773002727,2026-03-08T20:45:27+00:00,0.9975,clob_prices_history
65252813896336788230617856248125123600178384752591631993072313635672275758489,0xb3d00f908d0bb0320cfb28cfb64904d9d10fb4d3d174baf8a2c9583b6eb66cfb,1773003656,2026-03-08T21:00:56+00:00,0.9975,clob_prices_history
65252813896336788230617856248125123600178384752591631993072313635672275758489,0xb3d00f908d0bb0320cfb28cfb64904d9d10fb4d3d174baf8a2c9583b6eb66cfb,1773004541,2026-03-08T21:15:41+00:00,0.9975,clob_prices_history
65252813896336788230617856248125123600178384752591631993072313635672275758489,0xb3d00f908d0bb0320cfb28cfb64904d9d10fb4d3d174baf8a2c9583b6eb66cfb,1773005429,2026-03-08T21:30:29+00:00,0.9975,clob_prices_history
65252813896336788230617856248125123600178384752591631993072313635672275758489,0xb3d00f908d0bb0320cfb28cfb64904d9d10fb4d3d174baf8a2c9583b6eb66cfb,1773006329,2026-03-08T21:45:29+00:00,0.9975,clob_prices_history
65252813896336788230617856248125123600178384752591631993072313635672275758489,0xb3d00f908d0bb0320cfb28cfb64904d9d10fb4d3d174baf8a2c9583b6eb66cfb,1773007228,2026-03-08T22:00:28+00:00,0.9975,clob_prices_history
65252813896336788230617856248125123600178384752591631993072313635672275758489,0xb3d00f908d0bb0320cfb28cfb64904d9d10fb4d3d174baf8a2c9583b6eb66cfb,1773008126,2026-03-08T22:15:26+00:00,0.9975,clob_prices_history
65252813896336788230617856248125123600178384752591631993072313635672275758489,0xb3d00f908d0bb0320cfb28cfb64904d9d10fb4d3d174baf8a2c9583b6eb66cfb,1773009029,2026-03-08T22:30:29+00:00,0.9975,clob_prices_history
65252813896336788230617856248125123600178384752591631993072313635672275758489,0xb3d00f908d0bb0320cfb28cfb64904d9d10fb4d3d174baf8a2c9583b6eb66cfb,1773009927,2026-03-08T22:45:27+00:00,0.9975,clob_prices_history
65252813896336788230617856248125123600178384752591631993072313635672275758489,0xb3d00f908d0bb0320cfb28cfb64904d9d10fb4d3d174baf8a2c9583b6eb66cfb,1773010831,2026-03-08T23:00:31+00:00,0.9975,clob_prices_history
65252813896336788230617856248125123600178384752591631993072313635672275758489,0xb3d00f908d0bb0320cfb28cfb64904d9d10fb4d3d174baf8a2c9583b6eb66cfb,1773011727,2026-03-08T23:15:27+00:00,0.9975,clob_prices_history
65252813896336788230617856248125123600178384752591631993072313635672275758489,0xb3d00f908d0bb0320cfb28cfb64904d9d10fb4d3d174baf8a2c9583b6eb66cfb,1773012629,2026-03-08T23:30:29+00:00,0.9975,clob_prices_history
65252813896336788230617856248125123600178384752591631993072313635672275758489,0xb3d00f908d0bb0320cfb28cfb64904d9d10fb4d3d174baf8a2c9583b6eb66cfb,1773013525,2026-03-08T23:45:25+00:00,0.9975,clob_prices_history
65252813896336788230617856248125123600178384752591631993072313635672275758489,0xb3d00f908d0bb0320cfb28cfb64904d9d10fb4d3d174baf8a2c9583b6eb66cfb,1773014443,2026-03-09T00:00:43+00:00,0.9975,clob_prices_history
65252813896336788230617856248125123600178384752591631993072313635672275758489,0xb3d00f908d0bb0320cfb28cfb64904d9d10fb4d3d174baf8a2c9583b6eb66cfb,1773015337,2026-03-09T00:15:37+00:00,0.9975,clob_prices_history
65252813896336788230617856248125123600178384752591631993072313635672275758489,0xb3d00f908d0bb0320cfb28cfb64904d9d10fb4d3d174baf8a2c9583b6eb66cfb,1773016230,2026-03-09T00:30:30+00:00,0.9975,clob_prices_history
65252813896336788230617856248125123600178384752591631993072313635672275758489,0xb3d00f908d0bb0320cfb28cfb64904d9d10fb4d3d174baf8a2c9583b6eb66cfb,1773017125,2026-03-09T00:45:25+00:00,0.997,clob_prices_history
65252813896336788230617856248125123600178384752591631993072313635672275758489,0xb3d00f908d0bb0320cfb28cfb64904d9d10fb4d3d174baf8a2c9583b6eb66cfb,1773018036,2026-03-09T01:00:36+00:00,0.997,clob_prices_history
65252813896336788230617856248125123600178384752591631993072313635672275758489,0xb3d00f908d0bb0320cfb28cfb64904d9d10fb4d3d174baf8a2c9583b6eb66cfb,1773018925,2026-03-09T01:15:25+00:00,0.997,clob_prices_history
65252813896336788230617856248125123600178384752591631993072313635672275758489,0xb3d00f908d0bb0320cfb28cfb64904d9d10fb4d3d174baf8a2c9583b6eb66cfb,1773019831,2026-03-09T01:30:31+00:00,0.997,clob_prices_history
65252813896336788230617856248125123600178384752591631993072313635672275758489,0xb3d00f908d0bb0320cfb28cfb64904d9d10fb4d3d174baf8a2c9583b6eb66cfb,1773020726,2026-03-09T01:45:26+00:00,0.997,clob_prices_history
65252813896336788230617856248125123600178384752591631993072313635672275758489,0xb3d00f908d0bb0320cfb28cfb64904d9d10fb4d3d174baf8a2c9583b6eb66cfb,1773021629,2026-03-09T02:00:29+00:00,0.9975,clob_prices_history
65252813896336788230617856248125123600178384752591631993072313635672275758489,0xb3d00f908d0bb0320cfb28cfb64904d9d10fb4d3d174baf8a2c9583b6eb66cfb,1773022525,2026-03-09T02:15:25+00:00,0.9975,clob_prices_history
65252813896336788230617856248125123600178384752591631993072313635672275758489,0xb3d00f908d0bb0320cfb28cfb64904d9d10fb4d3d174baf8a2c9583b6eb66cfb,1773023428,2026-03-09T02:30:28+00:00,0.9975,clob_prices_history
65252813896336788230617856248125123600178384752591631993072313635672275758489,0xb3d00f908d0bb0320cfb28cfb64904d9d10fb4d3d174baf8a2c9583b6eb66cfb,1773024324,2026-03-09T02:45:24+00:00,0.9975,clob_prices_history
65252813896336788230617856248125123600178384752591631993072313635672275758489,0xb3d00f908d0bb0320cfb28cfb64904d9d10fb4d3d174baf8a2c9583b6eb66cfb,1773025241,2026-03-09T03:00:41+00:00,0.9975,clob_prices_history
65252813896336788230617856248125123600178384752591631993072313635672275758489,0xb3d00f908d0bb0320cfb28cfb64904d9d10fb4d3d174baf8a2c9583b6eb66cfb,1773026125,2026-03-09T03:15:25+00:00,0.9975,clob_prices_history
65252813896336788230617856248125123600178384752591631993072313635672275758489,0xb3d00f908d0bb0320cfb28cfb64904d9d10fb4d3d174baf8a2c9583b6eb66cfb,1773027029,2026-03-09T03:30:29+00:00,0.9975,clob_prices_history
65252813896336788230617856248125123600178384752591631993072313635672275758489,0xb3d00f908d0bb0320cfb28cfb64904d9d10fb4d3d174baf8a2c9583b6eb66cfb,1773027924,2026-03-09T03:45:24+00:00,0.9975,clob_prices_history
65252813896336788230617856248125123600178384752591631993072313635672275758489,0xb3d00f908d0bb0320cfb28cfb64904d9d10fb4d3d174baf8a2c9583b6eb66cfb,1773028829,2026-03-09T04:00:29+00:00,0.9975,clob_prices_history
65252813896336788230617856248125123600178384752591631993072313635672275758489,0xb3d00f908d0bb0320cfb28cfb64904d9d10fb4d3d174baf8a2c9583b6eb66cfb,1773029724,2026-03-09T04:15:24+00:00,0.9975,clob_prices_history
65252813896336788230617856248125123600178384752591631993072313635672275758489,0xb3d00f908d0bb0320cfb28cfb64904d9d10fb4d3d174baf8a2c9583b6eb66cfb,1773030630,2026-03-09T04:30:30+00:00,0.9975,clob_prices_history
65252813896336788230617856248125123600178384752591631993072313635672275758489,0xb3d00f908d0bb0320cfb28cfb64904d9d10fb4d3d174baf8a2c9583b6eb66cfb,1773031523,2026-03-09T04:45:23+00:00,0.9975,clob_prices_history
65252813896336788230617856248125123600178384752591631993072313635672275758489,0xb3d00f908d0bb0320cfb28cfb64904d9d10fb4d3d174baf8a2c9583b6eb66cfb,1773032429,2026-03-09T05:00:29+00:00,0.9975,clob_prices_history
65252813896336788230617856248125123600178384752591631993072313635672275758489,0xb3d00f908d0bb0320cfb28cfb64904d9d10fb4d3d174baf8a2c9583b6eb66cfb,1773033326,2026-03-09T05:15:26+00:00,0.9975,clob_prices_history
65252813896336788230617856248125123600178384752591631993072313635672275758489,0xb3d00f908d0bb0320cfb28cfb64904d9d10fb4d3d174baf8a2c9583b6eb66cfb,1773034227,2026-03-09T05:30:27+00:00,0.9975,clob_prices_history
65252813896336788230617856248125123600178384752591631993072313635672275758489,0xb3d00f908d0bb0320cfb28cfb64904d9d10fb4d3d174baf8a2c9583b6eb66cfb,1773035124,2026-03-09T05:45:24+00:00,0.9975,clob_prices_history
65252813896336788230617856248125123600178384752591631993072313635672275758489,0xb3d00f908d0bb0320cfb28cfb64904d9d10fb4d3d174baf8a2c9583b6eb66cfb,1773036050,2026-03-09T06:00:50+00:00,0.9975,clob_prices_history
65252813896336788230617856248125123600178384752591631993072313635672275758489,0xb3d00f908d0bb0320cfb28cfb64904d9d10fb4d3d174baf8a2c9583b6eb66cfb,1773036924,2026-03-09T06:15:24+00:00,0.9975,clob_prices_history
65252813896336788230617856248125123600178384752591631993072313635672275758489,0xb3d00f908d0bb0320cfb28cfb64904d9d10fb4d3d174baf8a2c9583b6eb66cfb,1773037830,2026-03-09T06:30:30+00:00,0.9975,clob_prices_history
65252813896336788230617856248125123600178384752591631993072313635672275758489,0xb3d00f908d0bb0320cfb28cfb64904d9d10fb4d3d174baf8a2c9583b6eb66cfb,1773038724,2026-03-09T06:45:24+00:00,0.9975,clob_prices_history
65252813896336788230617856248125123600178384752591631993072313635672275758489,0xb3d00f908d0bb0320cfb28cfb64904d9d10fb4d3d174baf8a2c9583b6eb66cfb,1773039632,2026-03-09T07:00:32+00:00,0.9975,clob_prices_history
65252813896336788230617856248125123600178384752591631993072313635672275758489,0xb3d00f908d0bb0320cfb28cfb64904d9d10fb4d3d174baf8a2c9583b6eb66cfb,1773040524,2026-03-09T07:15:24+00:00,0.9975,clob_prices_history
65252813896336788230617856248125123600178384752591631993072313635672275758489,0xb3d00f908d0bb0320cfb28cfb64904d9d10fb4d3d174baf8a2c9583b6eb66cfb,1773041429,2026-03-09T07:30:29+00:00,0.9975,clob_prices_history
65252813896336788230617856248125123600178384752591631993072313635672275758489,0xb3d00f908d0bb0320cfb28cfb64904d9d10fb4d3d174baf8a2c9583b6eb66cfb,1773042325,2026-03-09T07:45:25+00:00,0.9975,clob_prices_history
65252813896336788230617856248125123600178384752591631993072313635672275758489,0xb3d00f908d0bb0320cfb28cfb64904d9d10fb4d3d174baf8a2c9583b6eb66cfb,1773043228,2026-03-09T08:00:28+00:00,0.9975,clob_prices_history
65252813896336788230617856248125123600178384752591631993072313635672275758489,0xb3d00f908d0bb0320cfb28cfb64904d9d10fb4d3d174baf8a2c9583b6eb66cfb,1773044126,2026-03-09T08:15:26+00:00,0.997,clob_prices_history
65252813896336788230617856248125123600178384752591631993072313635672275758489,0xb3d00f908d0bb0320cfb28cfb64904d9d10fb4d3d174baf8a2c9583b6eb66cfb,1773045029,2026-03-09T08:30:29+00:00,0.997,clob_prices_history
65252813896336788230617856248125123600178384752591631993072313635672275758489,0xb3d00f908d0bb0320cfb28cfb64904d9d10fb4d3d174baf8a2c9583b6eb66cfb,1773045924,2026-03-09T08:45:24+00:00,0.997,clob_prices_history
65252813896336788230617856248125123600178384752591631993072313635672275758489,0xb3d00f908d0bb0320cfb28cfb64904d9d10fb4d3d174baf8a2c9583b6eb66cfb,1773046841,2026-03-09T09:00:41+00:00,0.997,clob_prices_history
65252813896336788230617856248125123600178384752591631993072313635672275758489,0xb3d00f908d0bb0320cfb28cfb64904d9d10fb4d3d174baf8a2c9583b6eb66cfb,1773047724,2026-03-09T09:15:24+00:00,0.997,clob_prices_history
65252813896336788230617856248125123600178384752591631993072313635672275758489,0xb3d00f908d0bb0320cfb28cfb64904d9d10fb4d3d174baf8a2c9583b6eb66cfb,1773048626,2026-03-09T09:30:26+00:00,0.997,clob_prices_history
65252813896336788230617856248125123600178384752591631993072313635672275758489,0xb3d00f908d0bb0320cfb28cfb64904d9d10fb4d3d174baf8a2c9583b6eb66cfb,1773049522,2026-03-09T09:45:22+00:00,0.997,clob_prices_history
65252813896336788230617856248125123600178384752591631993072313635672275758489,0xb3d00f908d0bb0320cfb28cfb64904d9d10fb4d3d174baf8a2c9583b6eb66cfb,1773050431,2026-03-09T10:00:31+00:00,0.997,clob_prices_history
65252813896336788230617856248125123600178384752591631993072313635672275758489,0xb3d00f908d0bb0320cfb28cfb64904d9d10fb4d3d174baf8a2c9583b6eb66cfb,1773051323,2026-03-09T10:15:23+00:00,0.997,clob_prices_history
65252813896336788230617856248125123600178384752591631993072313635672275758489,0xb3d00f908d0bb0320cfb28cfb64904d9d10fb4d3d174baf8a2c9583b6eb66cfb,1773052226,2026-03-09T10:30:26+00:00,0.997,clob_prices_history
65252813896336788230617856248125123600178384752591631993072313635672275758489,0xb3d00f908d0bb0320cfb28cfb64904d9d10fb4d3d174baf8a2c9583b6eb66cfb,1773053123,2026-03-09T10:45:23+00:00,0.997,clob_prices_history
65252813896336788230617856248125123600178384752591631993072313635672275758489,0xb3d00f908d0bb0320cfb28cfb64904d9d10fb4d3d174baf8a2c9583b6eb66cfb,1773054027,2026-03-09T11:00:27+00:00,0.997,clob_prices_history
65252813896336788230617856248125123600178384752591631993072313635672275758489,0xb3d00f908d0bb0320cfb28cfb64904d9d10fb4d3d174baf8a2c9583b6eb66cfb,1773054923,2026-03-09T11:15:23+00:00,0.997,clob_prices_history
65252813896336788230617856248125123600178384752591631993072313635672275758489,0xb3d00f908d0bb0320cfb28cfb64904d9d10fb4d3d174baf8a2c9583b6eb66cfb,1773055826,2026-03-09T11:30:26+00:00,0.997,clob_prices_history
65252813896336788230617856248125123600178384752591631993072313635672275758489,0xb3d00f908d0bb0320cfb28cfb64904d9d10fb4d3d174baf8a2c9583b6eb66cfb,1773056726,2026-03-09T11:45:26+00:00,0.997,clob_prices_history
65252813896336788230617856248125123600178384752591631993072313635672275758489,0xb3d00f908d0bb0320cfb28cfb64904d9d10fb4d3d174baf8a2c9583b6eb66cfb,1773057641,2026-03-09T12:00:41+00:00,0.997,clob_prices_history
65252813896336788230617856248125123600178384752591631993072313635672275758489,0xb3d00f908d0bb0320cfb28cfb64904d9d10fb4d3d174baf8a2c9583b6eb66cfb,1773058523,2026-03-09T12:15:23+00:00,0.997,clob_prices_history
65252813896336788230617856248125123600178384752591631993072313635672275758489,0xb3d00f908d0bb0320cfb28cfb64904d9d10fb4d3d174baf8a2c9583b6eb66cfb,1773059429,2026-03-09T12:30:29+00:00,0.997,clob_prices_history
65252813896336788230617856248125123600178384752591631993072313635672275758489,0xb3d00f908d0bb0320cfb28cfb64904d9d10fb4d3d174baf8a2c9583b6eb66cfb,1773060324,2026-03-09T12:45:24+00:00,0.997,clob_prices_history
65252813896336788230617856248125123600178384752591631993072313635672275758489,0xb3d00f908d0bb0320cfb28cfb64904d9d10fb4d3d174baf8a2c9583b6eb66cfb,1773061227,2026-03-09T13:00:27+00:00,0.997,clob_prices_history
65252813896336788230617856248125123600178384752591631993072313635672275758489,0xb3d00f908d0bb0320cfb28cfb64904d9d10fb4d3d174baf8a2c9583b6eb66cfb,1773062125,2026-03-09T13:15:25+00:00,0.997,clob_prices_history
65252813896336788230617856248125123600178384752591631993072313635672275758489,0xb3d00f908d0bb0320cfb28cfb64904d9d10fb4d3d174baf8a2c9583b6eb66cfb,1773063028,2026-03-09T13:30:28+00:00,0.997,clob_prices_history
65252813896336788230617856248125123600178384752591631993072313635672275758489,0xb3d00f908d0bb0320cfb28cfb64904d9d10fb4d3d174baf8a2c9583b6eb66cfb,1773063927,2026-03-09T13:45:27+00:00,0.997,clob_prices_history
65252813896336788230617856248125123600178384752591631993072313635672275758489,0xb3d00f908d0bb0320cfb28cfb64904d9d10fb4d3d174baf8a2c9583b6eb66cfb,1773064829,2026-03-09T14:00:29+00:00,0.997,clob_prices_history
65252813896336788230617856248125123600178384752591631993072313635672275758489,0xb3d00f908d0bb0320cfb28cfb64904d9d10fb4d3d174baf8a2c9583b6eb66cfb,1773065724,2026-03-09T14:15:24+00:00,0.997,clob_prices_history
65252813896336788230617856248125123600178384752591631993072313635672275758489,0xb3d00f908d0bb0320cfb28cfb64904d9d10fb4d3d174baf8a2c9583b6eb66cfb,1773066628,2026-03-09T14:30:28+00:00,0.997,clob_prices_history
65252813896336788230617856248125123600178384752591631993072313635672275758489,0xb3d00f908d0bb0320cfb28cfb64904d9d10fb4d3d174baf8a2c9583b6eb66cfb,1773067536,2026-03-09T14:45:36+00:00,0.997,clob_prices_history
65252813896336788230617856248125123600178384752591631993072313635672275758489,0xb3d00f908d0bb0320cfb28cfb64904d9d10fb4d3d174baf8a2c9583b6eb66cfb,1773068440,2026-03-09T15:00:40+00:00,0.9975,clob_prices_history
65252813896336788230617856248125123600178384752591631993072313635672275758489,0xb3d00f908d0bb0320cfb28cfb64904d9d10fb4d3d174baf8a2c9583b6eb66cfb,1773069335,2026-03-09T15:15:35+00:00,0.9975,clob_prices_history
65252813896336788230617856248125123600178384752591631993072313635672275758489,0xb3d00f908d0bb0320cfb28cfb64904d9d10fb4d3d174baf8a2c9583b6eb66cfb,1773070230,2026-03-09T15:30:30+00:00,0.9975,clob_prices_history
65252813896336788230617856248125123600178384752591631993072313635672275758489,0xb3d00f908d0bb0320cfb28cfb64904d9d10fb4d3d174baf8a2c9583b6eb66cfb,1773071124,2026-03-09T15:45:24+00:00,0.9975,clob_prices_history
65252813896336788230617856248125123600178384752591631993072313635672275758489,0xb3d00f908d0bb0320cfb28cfb64904d9d10fb4d3d174baf8a2c9583b6eb66cfb,1773072026,2026-03-09T16:00:26+00:00,0.9975,clob_prices_history
65252813896336788230617856248125123600178384752591631993072313635672275758489,0xb3d00f908d0bb0320cfb28cfb64904d9d10fb4d3d174baf8a2c9583b6eb66cfb,1773072927,2026-03-09T16:15:27+00:00,0.9975,clob_prices_history
65252813896336788230617856248125123600178384752591631993072313635672275758489,0xb3d00f908d0bb0320cfb28cfb64904d9d10fb4d3d174baf8a2c9583b6eb66cfb,1773073828,2026-03-09T16:30:28+00:00,0.9975,clob_prices_history
65252813896336788230617856248125123600178384752591631993072313635672275758489,0xb3d00f908d0bb0320cfb28cfb64904d9d10fb4d3d174baf8a2c9583b6eb66cfb,1773074726,2026-03-09T16:45:26+00:00,0.9975,clob_prices_history
65252813896336788230617856248125123600178384752591631993072313635672275758489,0xb3d00f908d0bb0320cfb28cfb64904d9d10fb4d3d174baf8a2c9583b6eb66cfb,1773075649,2026-03-09T17:00:49+00:00,0.9975,clob_prices_history
65252813896336788230617856248125123600178384752591631993072313635672275758489,0xb3d00f908d0bb0320cfb28cfb64904d9d10fb4d3d174baf8a2c9583b6eb66cfb,1773076525,2026-03-09T17:15:25+00:00,0.9975,clob_prices_history
65252813896336788230617856248125123600178384752591631993072313635672275758489,0xb3d00f908d0bb0320cfb28cfb64904d9d10fb4d3d174baf8a2c9583b6eb66cfb,1773077430,2026-03-09T17:30:30+00:00,0.9975,clob_prices_history
65252813896336788230617856248125123600178384752591631993072313635672275758489,0xb3d00f908d0bb0320cfb28cfb64904d9d10fb4d3d174baf8a2c9583b6eb66cfb,1773078332,2026-03-09T17:45:32+00:00,0.9975,clob_prices_history
65252813896336788230617856248125123600178384752591631993072313635672275758489,0xb3d00f908d0bb0320cfb28cfb64904d9d10fb4d3d174baf8a2c9583b6eb66cfb,1773079243,2026-03-09T18:00:43+00:00,0.9975,clob_prices_history
65252813896336788230617856248125123600178384752591631993072313635672275758489,0xb3d00f908d0bb0320cfb28cfb64904d9d10fb4d3d174baf8a2c9583b6eb66cfb,1773080126,2026-03-09T18:15:26+00:00,0.9975,clob_prices_history
65252813896336788230617856248125123600178384752591631993072313635672275758489,0xb3d00f908d0bb0320cfb28cfb64904d9d10fb4d3d174baf8a2c9583b6eb66cfb,1773081031,2026-03-09T18:30:31+00:00,0.9975,clob_prices_history
65252813896336788230617856248125123600178384752591631993072313635672275758489,0xb3d00f908d0bb0320cfb28cfb64904d9d10fb4d3d174baf8a2c9583b6eb66cfb,1773081928,2026-03-09T18:45:28+00:00,0.9975,clob_prices_history
65252813896336788230617856248125123600178384752591631993072313635672275758489,0xb3d00f908d0bb0320cfb28cfb64904d9d10fb4d3d174baf8a2c9583b6eb66cfb,1773082833,2026-03-09T19:00:33+00:00,0.9975,clob_prices_history
65252813896336788230617856248125123600178384752591631993072313635672275758489,0xb3d00f908d0bb0320cfb28cfb64904d9d10fb4d3d174baf8a2c9583b6eb66cfb,1773083727,2026-03-09T19:15:27+00:00,0.9975,clob_prices_history
65252813896336788230617856248125123600178384752591631993072313635672275758489,0xb3d00f908d0bb0320cfb28cfb64904d9d10fb4d3d174baf8a2c9583b6eb66cfb,1773084630,2026-03-09T19:30:30+00:00,0.9975,clob_prices_history
65252813896336788230617856248125123600178384752591631993072313635672275758489,0xb3d00f908d0bb0320cfb28cfb64904d9d10fb4d3d174baf8a2c9583b6eb66cfb,1773085526,2026-03-09T19:45:26+00:00,0.9975,clob_prices_history
65252813896336788230617856248125123600178384752591631993072313635672275758489,0xb3d00f908d0bb0320cfb28cfb64904d9d10fb4d3d174baf8a2c9583b6eb66cfb,1773086433,2026-03-09T20:00:33+00:00,0.9975,clob_prices_history
65252813896336788230617856248125123600178384752591631993072313635672275758489,0xb3d00f908d0bb0320cfb28cfb64904d9d10fb4d3d174baf8a2c9583b6eb66cfb,1773087328,2026-03-09T20:15:28+00:00,0.9975,clob_prices_history
65252813896336788230617856248125123600178384752591631993072313635672275758489,0xb3d00f908d0bb0320cfb28cfb64904d9d10fb4d3d174baf8a2c9583b6eb66cfb,1773088231,2026-03-09T20:30:31+00:00,0.9975,clob_prices_history
65252813896336788230617856248125123600178384752591631993072313635672275758489,0xb3d00f908d0bb0320cfb28cfb64904d9d10fb4d3d174baf8a2c9583b6eb66cfb,1773089126,2026-03-09T20:45:26+00:00,0.9975,clob_prices_history
65252813896336788230617856248125123600178384752591631993072313635672275758489,0xb3d00f908d0bb0320cfb28cfb64904d9d10fb4d3d174baf8a2c9583b6eb66cfb,1773090045,2026-03-09T21:00:45+00:00,0.9975,clob_prices_history
65252813896336788230617856248125123600178384752591631993072313635672275758489,0xb3d00f908d0bb0320cfb28cfb64904d9d10fb4d3d174baf8a2c9583b6eb66cfb,1773090940,2026-03-09T21:15:40+00:00,0.9975,clob_prices_history
65252813896336788230617856248125123600178384752591631993072313635672275758489,0xb3d00f908d0bb0320cfb28cfb64904d9d10fb4d3d174baf8a2c9583b6eb66cfb,1773091834,2026-03-09T21:30:34+00:00,0.9975,clob_prices_history
65252813896336788230617856248125123600178384752591631993072313635672275758489,0xb3d00f908d0bb0320cfb28cfb64904d9d10fb4d3d174baf8a2c9583b6eb66cfb,1773092730,2026-03-09T21:45:30+00:00,0.9975,clob_prices_history
65252813896336788230617856248125123600178384752591631993072313635672275758489,0xb3d00f908d0bb0320cfb28cfb64904d9d10fb4d3d174baf8a2c9583b6eb66cfb,1773093632,2026-03-09T22:00:32+00:00,0.9975,clob_prices_history
65252813896336788230617856248125123600178384752591631993072313635672275758489,0xb3d00f908d0bb0320cfb28cfb64904d9d10fb4d3d174baf8a2c9583b6eb66cfb,1773094532,2026-03-09T22:15:32+00:00,0.9975,clob_prices_history
65252813896336788230617856248125123600178384752591631993072313635672275758489,0xb3d00f908d0bb0320cfb28cfb64904d9d10fb4d3d174baf8a2c9583b6eb66cfb,1773095434,2026-03-09T22:30:34+00:00,0.9975,clob_prices_history
65252813896336788230617856248125123600178384752591631993072313635672275758489,0xb3d00f908d0bb0320cfb28cfb64904d9d10fb4d3d174baf8a2c9583b6eb66cfb,1773096331,2026-03-09T22:45:31+00:00,0.9975,clob_prices_history
65252813896336788230617856248125123600178384752591631993072313635672275758489,0xb3d00f908d0bb0320cfb28cfb64904d9d10fb4d3d174baf8a2c9583b6eb66cfb,1773097233,2026-03-09T23:00:33+00:00,0.9975,clob_prices_history
65252813896336788230617856248125123600178384752591631993072313635672275758489,0xb3d00f908d0bb0320cfb28cfb64904d9d10fb4d3d174baf8a2c9583b6eb66cfb,1773098143,2026-03-09T23:15:43+00:00,0.9975,clob_prices_history
65252813896336788230617856248125123600178384752591631993072313635672275758489,0xb3d00f908d0bb0320cfb28cfb64904d9d10fb4d3d174baf8a2c9583b6eb66cfb,1773099032,2026-03-09T23:30:32+00:00,0.9975,clob_prices_history
65252813896336788230617856248125123600178384752591631993072313635672275758489,0xb3d00f908d0bb0320cfb28cfb64904d9d10fb4d3d174baf8a2c9583b6eb66cfb,1773099938,2026-03-09T23:45:38+00:00,0.9975,clob_prices_history
65252813896336788230617856248125123600178384752591631993072313635672275758489,0xb3d00f908d0bb0320cfb28cfb64904d9d10fb4d3d174baf8a2c9583b6eb66cfb,1773100852,2026-03-10T00:00:52+00:00,0.9975,clob_prices_history
65252813896336788230617856248125123600178384752591631993072313635672275758489,0xb3d00f908d0bb0320cfb28cfb64904d9d10fb4d3d174baf8a2c9583b6eb66cfb,1773101727,2026-03-10T00:15:27+00:00,0.9975,clob_prices_history
65252813896336788230617856248125123600178384752591631993072313635672275758489,0xb3d00f908d0bb0320cfb28cfb64904d9d10fb4d3d174baf8a2c9583b6eb66cfb,1773102631,2026-03-10T00:30:31+00:00,0.9975,clob_prices_history
65252813896336788230617856248125123600178384752591631993072313635672275758489,0xb3d00f908d0bb0320cfb28cfb64904d9d10fb4d3d174baf8a2c9583b6eb66cfb,1773103529,2026-03-10T00:45:29+00:00,0.9975,clob_prices_history
65252813896336788230617856248125123600178384752591631993072313635672275758489,0xb3d00f908d0bb0320cfb28cfb64904d9d10fb4d3d174baf8a2c9583b6eb66cfb,1773104431,2026-03-10T01:00:31+00:00,0.9975,clob_prices_history
65252813896336788230617856248125123600178384752591631993072313635672275758489,0xb3d00f908d0bb0320cfb28cfb64904d9d10fb4d3d174baf8a2c9583b6eb66cfb,1773105328,2026-03-10T01:15:28+00:00,0.9975,clob_prices_history
65252813896336788230617856248125123600178384752591631993072313635672275758489,0xb3d00f908d0bb0320cfb28cfb64904d9d10fb4d3d174baf8a2c9583b6eb66cfb,1773106251,2026-03-10T01:30:51+00:00,0.9975,clob_prices_history
65252813896336788230617856248125123600178384752591631993072313635672275758489,0xb3d00f908d0bb0320cfb28cfb64904d9d10fb4d3d174baf8a2c9583b6eb66cfb,1773107129,2026-03-10T01:45:29+00:00,0.9975,clob_prices_history
65252813896336788230617856248125123600178384752591631993072313635672275758489,0xb3d00f908d0bb0320cfb28cfb64904d9d10fb4d3d174baf8a2c9583b6eb66cfb,1773108032,2026-03-10T02:00:32+00:00,0.9975,clob_prices_history
65252813896336788230617856248125123600178384752591631993072313635672275758489,0xb3d00f908d0bb0320cfb28cfb64904d9d10fb4d3d174baf8a2c9583b6eb66cfb,1773108928,2026-03-10T02:15:28+00:00,0.9975,clob_prices_history
65252813896336788230617856248125123600178384752591631993072313635672275758489,0xb3d00f908d0bb0320cfb28cfb64904d9d10fb4d3d174baf8a2c9583b6eb66cfb,1773109839,2026-03-10T02:30:39+00:00,0.9975,clob_prices_history
65252813896336788230617856248125123600178384752591631993072313635672275758489,0xb3d00f908d0bb0320cfb28cfb64904d9d10fb4d3d174baf8a2c9583b6eb66cfb,1773110727,2026-03-10T02:45:27+00:00,0.9975,clob_prices_history
65252813896336788230617856248125123600178384752591631993072313635672275758489,0xb3d00f908d0bb0320cfb28cfb64904d9d10fb4d3d174baf8a2c9583b6eb66cfb,1773111639,2026-03-10T03:00:39+00:00,0.9975,clob_prices_history
65252813896336788230617856248125123600178384752591631993072313635672275758489,0xb3d00f908d0bb0320cfb28cfb64904d9d10fb4d3d174baf8a2c9583b6eb66cfb,1773112528,2026-03-10T03:15:28+00:00,0.9975,clob_prices_history
65252813896336788230617856248125123600178384752591631993072313635672275758489,0xb3d00f908d0bb0320cfb28cfb64904d9d10fb4d3d174baf8a2c9583b6eb66cfb,1773113434,2026-03-10T03:30:34+00:00,0.9975,clob_prices_history
65252813896336788230617856248125123600178384752591631993072313635672275758489,0xb3d00f908d0bb0320cfb28cfb64904d9d10fb4d3d174baf8a2c9583b6eb66cfb,1773114329,2026-03-10T03:45:29+00:00,0.9975,clob_prices_history
65252813896336788230617856248125123600178384752591631993072313635672275758489,0xb3d00f908d0bb0320cfb28cfb64904d9d10fb4d3d174baf8a2c9583b6eb66cfb,1773115237,2026-03-10T04:00:37+00:00,0.9975,clob_prices_history
65252813896336788230617856248125123600178384752591631993072313635672275758489,0xb3d00f908d0bb0320cfb28cfb64904d9d10fb4d3d174baf8a2c9583b6eb66cfb,1773116130,2026-03-10T04:15:30+00:00,0.9975,clob_prices_history
65252813896336788230617856248125123600178384752591631993072313635672275758489,0xb3d00f908d0bb0320cfb28cfb64904d9d10fb4d3d174baf8a2c9583b6eb66cfb,1773117033,2026-03-10T04:30:33+00:00,0.9975,clob_prices_history
65252813896336788230617856248125123600178384752591631993072313635672275758489,0xb3d00f908d0bb0320cfb28cfb64904d9d10fb4d3d174baf8a2c9583b6eb66cfb,1773117931,2026-03-10T04:45:31+00:00,0.9975,clob_prices_history
65252813896336788230617856248125123600178384752591631993072313635672275758489,0xb3d00f908d0bb0320cfb28cfb64904d9d10fb4d3d174baf8a2c9583b6eb66cfb,1773118834,2026-03-10T05:00:34+00:00,0.9975,clob_prices_history
65252813896336788230617856248125123600178384752591631993072313635672275758489,0xb3d00f908d0bb0320cfb28cfb64904d9d10fb4d3d174baf8a2c9583b6eb66cfb,1773119730,2026-03-10T05:15:30+00:00,0.9975,clob_prices_history
65252813896336788230617856248125123600178384752591631993072313635672275758489,0xb3d00f908d0bb0320cfb28cfb64904d9d10fb4d3d174baf8a2c9583b6eb66cfb,1773120634,2026-03-10T05:30:34+00:00,0.9975,clob_prices_history
65252813896336788230617856248125123600178384752591631993072313635672275758489,0xb3d00f908d0bb0320cfb28cfb64904d9d10fb4d3d174baf8a2c9583b6eb66cfb,1773121530,2026-03-10T05:45:30+00:00,0.9975,clob_prices_history
65252813896336788230617856248125123600178384752591631993072313635672275758489,0xb3d00f908d0bb0320cfb28cfb64904d9d10fb4d3d174baf8a2c9583b6eb66cfb,1773122444,2026-03-10T06:00:44+00:00,0.9975,clob_prices_history
65252813896336788230617856248125123600178384752591631993072313635672275758489,0xb3d00f908d0bb0320cfb28cfb64904d9d10fb4d3d174baf8a2c9583b6eb66cfb,1773123330,2026-03-10T06:15:30+00:00,0.9975,clob_prices_history
65252813896336788230617856248125123600178384752591631993072313635672275758489,0xb3d00f908d0bb0320cfb28cfb64904d9d10fb4d3d174baf8a2c9583b6eb66cfb,1773124234,2026-03-10T06:30:34+00:00,0.9975,clob_prices_history
65252813896336788230617856248125123600178384752591631993072313635672275758489,0xb3d00f908d0bb0320cfb28cfb64904d9d10fb4d3d174baf8a2c9583b6eb66cfb,1773125130,2026-03-10T06:45:30+00:00,0.9975,clob_prices_history
65252813896336788230617856248125123600178384752591631993072313635672275758489,0xb3d00f908d0bb0320cfb28cfb64904d9d10fb4d3d174baf8a2c9583b6eb66cfb,1773126037,2026-03-10T07:00:37+00:00,0.9975,clob_prices_history
65252813896336788230617856248125123600178384752591631993072313635672275758489,0xb3d00f908d0bb0320cfb28cfb64904d9d10fb4d3d174baf8a2c9583b6eb66cfb,1773126928,2026-03-10T07:15:28+00:00,0.9975,clob_prices_history
65252813896336788230617856248125123600178384752591631993072313635672275758489,0xb3d00f908d0bb0320cfb28cfb64904d9d10fb4d3d174baf8a2c9583b6eb66cfb,1773127835,2026-03-10T07:30:35+00:00,0.9975,clob_prices_history
65252813896336788230617856248125123600178384752591631993072313635672275758489,0xb3d00f908d0bb0320cfb28cfb64904d9d10fb4d3d174baf8a2c9583b6eb66cfb,1773128729,2026-03-10T07:45:29+00:00,0.9975,clob_prices_history
65252813896336788230617856248125123600178384752591631993072313635672275758489,0xb3d00f908d0bb0320cfb28cfb64904d9d10fb4d3d174baf8a2c9583b6eb66cfb,1773129633,2026-03-10T08:00:33+00:00,0.9975,clob_prices_history
65252813896336788230617856248125123600178384752591631993072313635672275758489,0xb3d00f908d0bb0320cfb28cfb64904d9d10fb4d3d174baf8a2c9583b6eb66cfb,1773130530,2026-03-10T08:15:30+00:00,0.9975,clob_prices_history
65252813896336788230617856248125123600178384752591631993072313635672275758489,0xb3d00f908d0bb0320cfb28cfb64904d9d10fb4d3d174baf8a2c9583b6eb66cfb,1773131434,2026-03-10T08:30:34+00:00,0.9975,clob_prices_history
65252813896336788230617856248125123600178384752591631993072313635672275758489,0xb3d00f908d0bb0320cfb28cfb64904d9d10fb4d3d174baf8a2c9583b6eb66cfb,1773132332,2026-03-10T08:45:32+00:00,0.9975,clob_prices_history
65252813896336788230617856248125123600178384752591631993072313635672275758489,0xb3d00f908d0bb0320cfb28cfb64904d9d10fb4d3d174baf8a2c9583b6eb66cfb,1773134139,2026-03-10T09:15:39+00:00,0.9975,clob_prices_history
65252813896336788230617856248125123600178384752591631993072313635672275758489,0xb3d00f908d0bb0320cfb28cfb64904d9d10fb4d3d174baf8a2c9583b6eb66cfb,1773135032,2026-03-10T09:30:32+00:00,0.9975,clob_prices_history
65252813896336788230617856248125123600178384752591631993072313635672275758489,0xb3d00f908d0bb0320cfb28cfb64904d9d10fb4d3d174baf8a2c9583b6eb66cfb,1773135928,2026-03-10T09:45:28+00:00,0.9975,clob_prices_history
65252813896336788230617856248125123600178384752591631993072313635672275758489,0xb3d00f908d0bb0320cfb28cfb64904d9d10fb4d3d174baf8a2c9583b6eb66cfb,1773136852,2026-03-10T10:00:52+00:00,0.9975,clob_prices_history
65252813896336788230617856248125123600178384752591631993072313635672275758489,0xb3d00f908d0bb0320cfb28cfb64904d9d10fb4d3d174baf8a2c9583b6eb66cfb,1773137730,2026-03-10T10:15:30+00:00,0.9975,clob_prices_history
65252813896336788230617856248125123600178384752591631993072313635672275758489,0xb3d00f908d0bb0320cfb28cfb64904d9d10fb4d3d174baf8a2c9583b6eb66cfb,1773138636,2026-03-10T10:30:36+00:00,0.9975,clob_prices_history
65252813896336788230617856248125123600178384752591631993072313635672275758489,0xb3d00f908d0bb0320cfb28cfb64904d9d10fb4d3d174baf8a2c9583b6eb66cfb,1773139531,2026-03-10T10:45:31+00:00,0.997,clob_prices_history
65252813896336788230617856248125123600178384752591631993072313635672275758489,0xb3d00f908d0bb0320cfb28cfb64904d9d10fb4d3d174baf8a2c9583b6eb66cfb,1773140433,2026-03-10T11:00:33+00:00,0.997,clob_prices_history
65252813896336788230617856248125123600178384752591631993072313635672275758489,0xb3d00f908d0bb0320cfb28cfb64904d9d10fb4d3d174baf8a2c9583b6eb66cfb,1773141340,2026-03-10T11:15:40+00:00,0.997,clob_prices_history
65252813896336788230617856248125123600178384752591631993072313635672275758489,0xb3d00f908d0bb0320cfb28cfb64904d9d10fb4d3d174baf8a2c9583b6eb66cfb,1773142235,2026-03-10T11:30:35+00:00,0.997,clob_prices_history
65252813896336788230617856248125123600178384752591631993072313635672275758489,0xb3d00f908d0bb0320cfb28cfb64904d9d10fb4d3d174baf8a2c9583b6eb66cfb,1773143131,2026-03-10T11:45:31+00:00,0.997,clob_prices_history
65252813896336788230617856248125123600178384752591631993072313635672275758489,0xb3d00f908d0bb0320cfb28cfb64904d9d10fb4d3d174baf8a2c9583b6eb66cfb,1773144055,2026-03-10T12:00:55+00:00,0.997,clob_prices_history
65252813896336788230617856248125123600178384752591631993072313635672275758489,0xb3d00f908d0bb0320cfb28cfb64904d9d10fb4d3d174baf8a2c9583b6eb66cfb,1773144933,2026-03-10T12:15:33+00:00,0.997,clob_prices_history
65252813896336788230617856248125123600178384752591631993072313635672275758489,0xb3d00f908d0bb0320cfb28cfb64904d9d10fb4d3d174baf8a2c9583b6eb66cfb,1773145841,2026-03-10T12:30:41+00:00,0.997,clob_prices_history
65252813896336788230617856248125123600178384752591631993072313635672275758489,0xb3d00f908d0bb0320cfb28cfb64904d9d10fb4d3d174baf8a2c9583b6eb66cfb,1773146747,2026-03-10T12:45:47+00:00,0.997,clob_prices_history
65252813896336788230617856248125123600178384752591631993072313635672275758489,0xb3d00f908d0bb0320cfb28cfb64904d9d10fb4d3d174baf8a2c9583b6eb66cfb,1773147640,2026-03-10T13:00:40+00:00,0.997,clob_prices_history
65252813896336788230617856248125123600178384752591631993072313635672275758489,0xb3d00f908d0bb0320cfb28cfb64904d9d10fb4d3d174baf8a2c9583b6eb66cfb,1773148530,2026-03-10T13:15:30+00:00,0.9965,clob_prices_history
65252813896336788230617856248125123600178384752591631993072313635672275758489,0xb3d00f908d0bb0320cfb28cfb64904d9d10fb4d3d174baf8a2c9583b6eb66cfb,1773149444,2026-03-10T13:30:44+00:00,0.9965,clob_prices_history
65252813896336788230617856248125123600178384752591631993072313635672275758489,0xb3d00f908d0bb0320cfb28cfb64904d9d10fb4d3d174baf8a2c9583b6eb66cfb,1773150330,2026-03-10T13:45:30+00:00,0.9965,clob_prices_history
65252813896336788230617856248125123600178384752591631993072313635672275758489,0xb3d00f908d0bb0320cfb28cfb64904d9d10fb4d3d174baf8a2c9583b6eb66cfb,1773151238,2026-03-10T14:00:38+00:00,0.9965,clob_prices_history
65252813896336788230617856248125123600178384752591631993072313635672275758489,0xb3d00f908d0bb0320cfb28cfb64904d9d10fb4d3d174baf8a2c9583b6eb66cfb,1773152130,2026-03-10T14:15:30+00:00,0.9965,clob_prices_history
65252813896336788230617856248125123600178384752591631993072313635672275758489,0xb3d00f908d0bb0320cfb28cfb64904d9d10fb4d3d174baf8a2c9583b6eb66cfb,1773153040,2026-03-10T14:30:40+00:00,0.9965,clob_prices_history
65252813896336788230617856248125123600178384752591631993072313635672275758489,0xb3d00f908d0bb0320cfb28cfb64904d9d10fb4d3d174baf8a2c9583b6eb66cfb,1773153932,2026-03-10T14:45:32+00:00,0.9965,clob_prices_history
65252813896336788230617856248125123600178384752591631993072313635672275758489,0xb3d00f908d0bb0320cfb28cfb64904d9d10fb4d3d174baf8a2c9583b6eb66cfb,1773154857,2026-03-10T15:00:57+00:00,0.9965,clob_prices_history
65252813896336788230617856248125123600178384752591631993072313635672275758489,0xb3d00f908d0bb0320cfb28cfb64904d9d10fb4d3d174baf8a2c9583b6eb66cfb,1773155730,2026-03-10T15:15:30+00:00,0.9965,clob_prices_history
65252813896336788230617856248125123600178384752591631993072313635672275758489,0xb3d00f908d0bb0320cfb28cfb64904d9d10fb4d3d174baf8a2c9583b6eb66cfb,1773156637,2026-03-10T15:30:37+00:00,0.9965,clob_prices_history
65252813896336788230617856248125123600178384752591631993072313635672275758489,0xb3d00f908d0bb0320cfb28cfb64904d9d10fb4d3d174baf8a2c9583b6eb66cfb,1773157533,2026-03-10T15:45:33+00:00,0.9965,clob_prices_history
65252813896336788230617856248125123600178384752591631993072313635672275758489,0xb3d00f908d0bb0320cfb28cfb64904d9d10fb4d3d174baf8a2c9583b6eb66cfb,1773158442,2026-03-10T16:00:42+00:00,0.9965,clob_prices_history
65252813896336788230617856248125123600178384752591631993072313635672275758489,0xb3d00f908d0bb0320cfb28cfb64904d9d10fb4d3d174baf8a2c9583b6eb66cfb,1773159330,2026-03-10T16:15:30+00:00,0.9965,clob_prices_history
65252813896336788230617856248125123600178384752591631993072313635672275758489,0xb3d00f908d0bb0320cfb28cfb64904d9d10fb4d3d174baf8a2c9583b6eb66cfb,1773160236,2026-03-10T16:30:36+00:00,0.9965,clob_prices_history
65252813896336788230617856248125123600178384752591631993072313635672275758489,0xb3d00f908d0bb0320cfb28cfb64904d9d10fb4d3d174baf8a2c9583b6eb66cfb,1773161143,2026-03-10T16:45:43+00:00,0.9965,clob_prices_history
65252813896336788230617856248125123600178384752591631993072313635672275758489,0xb3d00f908d0bb0320cfb28cfb64904d9d10fb4d3d174baf8a2c9583b6eb66cfb,1773162034,2026-03-10T17:00:34+00:00,0.9965,clob_prices_history
65252813896336788230617856248125123600178384752591631993072313635672275758489,0xb3d00f908d0bb0320cfb28cfb64904d9d10fb4d3d174baf8a2c9583b6eb66cfb,1773162934,2026-03-10T17:15:34+00:00,0.9965,clob_prices_history
65252813896336788230617856248125123600178384752591631993072313635672275758489,0xb3d00f908d0bb0320cfb28cfb64904d9d10fb4d3d174baf8a2c9583b6eb66cfb,1773163836,2026-03-10T17:30:36+00:00,0.9965,clob_prices_history
65252813896336788230617856248125123600178384752591631993072313635672275758489,0xb3d00f908d0bb0320cfb28cfb64904d9d10fb4d3d174baf8a2c9583b6eb66cfb,1773164732,2026-03-10T17:45:32+00:00,0.9965,clob_prices_history
65252813896336788230617856248125123600178384752591631993072313635672275758489,0xb3d00f908d0bb0320cfb28cfb64904d9d10fb4d3d174baf8a2c9583b6eb66cfb,1773165651,2026-03-10T18:00:51+00:00,0.9965,clob_prices_history
65252813896336788230617856248125123600178384752591631993072313635672275758489,0xb3d00f908d0bb0320cfb28cfb64904d9d10fb4d3d174baf8a2c9583b6eb66cfb,1773166530,2026-03-10T18:15:30+00:00,0.9965,clob_prices_history
65252813896336788230617856248125123600178384752591631993072313635672275758489,0xb3d00f908d0bb0320cfb28cfb64904d9d10fb4d3d174baf8a2c9583b6eb66cfb,1773167441,2026-03-10T18:30:41+00:00,0.9965,clob_prices_history
65252813896336788230617856248125123600178384752591631993072313635672275758489,0xb3d00f908d0bb0320cfb28cfb64904d9d10fb4d3d174baf8a2c9583b6eb66cfb,1773168340,2026-03-10T18:45:40+00:00,0.9965,clob_prices_history
65252813896336788230617856248125123600178384752591631993072313635672275758489,0xb3d00f908d0bb0320cfb28cfb64904d9d10fb4d3d174baf8a2c9583b6eb66cfb,1773169237,2026-03-10T19:00:37+00:00,0.9965,clob_prices_history
65252813896336788230617856248125123600178384752591631993072313635672275758489,0xb3d00f908d0bb0320cfb28cfb64904d9d10fb4d3d174baf8a2c9583b6eb66cfb,1773170130,2026-03-10T19:15:30+00:00,0.9965,clob_prices_history
65252813896336788230617856248125123600178384752591631993072313635672275758489,0xb3d00f908d0bb0320cfb28cfb64904d9d10fb4d3d174baf8a2c9583b6eb66cfb,1773171036,2026-03-10T19:30:36+00:00,0.9965,clob_prices_history
65252813896336788230617856248125123600178384752591631993072313635672275758489,0xb3d00f908d0bb0320cfb28cfb64904d9d10fb4d3d174baf8a2c9583b6eb66cfb,1773171934,2026-03-10T19:45:34+00:00,0.9965,clob_prices_history
65252813896336788230617856248125123600178384752591631993072313635672275758489,0xb3d00f908d0bb0320cfb28cfb64904d9d10fb4d3d174baf8a2c9583b6eb66cfb,1773172838,2026-03-10T20:00:38+00:00,0.9965,clob_prices_history
65252813896336788230617856248125123600178384752591631993072313635672275758489,0xb3d00f908d0bb0320cfb28cfb64904d9d10fb4d3d174baf8a2c9583b6eb66cfb,1773173733,2026-03-10T20:15:33+00:00,0.9965,clob_prices_history
65252813896336788230617856248125123600178384752591631993072313635672275758489,0xb3d00f908d0bb0320cfb28cfb64904d9d10fb4d3d174baf8a2c9583b6eb66cfb,1773174634,2026-03-10T20:30:34+00:00,0.9965,clob_prices_history
65252813896336788230617856248125123600178384752591631993072313635672275758489,0xb3d00f908d0bb0320cfb28cfb64904d9d10fb4d3d174baf8a2c9583b6eb66cfb,1773175530,2026-03-10T20:45:30+00:00,0.9965,clob_prices_history
65252813896336788230617856248125123600178384752591631993072313635672275758489,0xb3d00f908d0bb0320cfb28cfb64904d9d10fb4d3d174baf8a2c9583b6eb66cfb,1773176452,2026-03-10T21:00:52+00:00,0.9965,clob_prices_history
65252813896336788230617856248125123600178384752591631993072313635672275758489,0xb3d00f908d0bb0320cfb28cfb64904d9d10fb4d3d174baf8a2c9583b6eb66cfb,1773177331,2026-03-10T21:15:31+00:00,0.9965,clob_prices_history
65252813896336788230617856248125123600178384752591631993072313635672275758489,0xb3d00f908d0bb0320cfb28cfb64904d9d10fb4d3d174baf8a2c9583b6eb66cfb,1773178238,2026-03-10T21:30:38+00:00,0.9965,clob_prices_history
65252813896336788230617856248125123600178384752591631993072313635672275758489,0xb3d00f908d0bb0320cfb28cfb64904d9d10fb4d3d174baf8a2c9583b6eb66cfb,1773179134,2026-03-10T21:45:34+00:00,0.9965,clob_prices_history
65252813896336788230617856248125123600178384752591631993072313635672275758489,0xb3d00f908d0bb0320cfb28cfb64904d9d10fb4d3d174baf8a2c9583b6eb66cfb,1773180037,2026-03-10T22:00:37+00:00,0.9965,clob_prices_history
65252813896336788230617856248125123600178384752591631993072313635672275758489,0xb3d00f908d0bb0320cfb28cfb64904d9d10fb4d3d174baf8a2c9583b6eb66cfb,1773180933,2026-03-10T22:15:33+00:00,0.9965,clob_prices_history
65252813896336788230617856248125123600178384752591631993072313635672275758489,0xb3d00f908d0bb0320cfb28cfb64904d9d10fb4d3d174baf8a2c9583b6eb66cfb,1773181834,2026-03-10T22:30:34+00:00,0.9965,clob_prices_history
65252813896336788230617856248125123600178384752591631993072313635672275758489,0xb3d00f908d0bb0320cfb28cfb64904d9d10fb4d3d174baf8a2c9583b6eb66cfb,1773182731,2026-03-10T22:45:31+00:00,0.9965,clob_prices_history
65252813896336788230617856248125123600178384752591631993072313635672275758489,0xb3d00f908d0bb0320cfb28cfb64904d9d10fb4d3d174baf8a2c9583b6eb66cfb,1773183637,2026-03-10T23:00:37+00:00,0.9965,clob_prices_history
65252813896336788230617856248125123600178384752591631993072313635672275758489,0xb3d00f908d0bb0320cfb28cfb64904d9d10fb4d3d174baf8a2c9583b6eb66cfb,1773184532,2026-03-10T23:15:32+00:00,0.9965,clob_prices_history
65252813896336788230617856248125123600178384752591631993072313635672275758489,0xb3d00f908d0bb0320cfb28cfb64904d9d10fb4d3d174baf8a2c9583b6eb66cfb,1773185441,2026-03-10T23:30:41+00:00,0.9965,clob_prices_history
65252813896336788230617856248125123600178384752591631993072313635672275758489,0xb3d00f908d0bb0320cfb28cfb64904d9d10fb4d3d174baf8a2c9583b6eb66cfb,1773186333,2026-03-10T23:45:33+00:00,0.9965,clob_prices_history
65252813896336788230617856248125123600178384752591631993072313635672275758489,0xb3d00f908d0bb0320cfb28cfb64904d9d10fb4d3d174baf8a2c9583b6eb66cfb,1773187255,2026-03-11T00:00:55+00:00,0.9965,clob_prices_history
65252813896336788230617856248125123600178384752591631993072313635672275758489,0xb3d00f908d0bb0320cfb28cfb64904d9d10fb4d3d174baf8a2c9583b6eb66cfb,1773188132,2026-03-11T00:15:32+00:00,0.9965,clob_prices_history
65252813896336788230617856248125123600178384752591631993072313635672275758489,0xb3d00f908d0bb0320cfb28cfb64904d9d10fb4d3d174baf8a2c9583b6eb66cfb,1773189039,2026-03-11T00:30:39+00:00,0.9965,clob_prices_history
65252813896336788230617856248125123600178384752591631993072313635672275758489,0xb3d00f908d0bb0320cfb28cfb64904d9d10fb4d3d174baf8a2c9583b6eb66cfb,1773189932,2026-03-11T00:45:32+00:00,0.9965,clob_prices_history
65252813896336788230617856248125123600178384752591631993072313635672275758489,0xb3d00f908d0bb0320cfb28cfb64904d9d10fb4d3d174baf8a2c9583b6eb66cfb,1773190839,2026-03-11T01:00:39+00:00,0.9965,clob_prices_history
65252813896336788230617856248125123600178384752591631993072313635672275758489,0xb3d00f908d0bb0320cfb28cfb64904d9d10fb4d3d174baf8a2c9583b6eb66cfb,1773191732,2026-03-11T01:15:32+00:00,0.9965,clob_prices_history
65252813896336788230617856248125123600178384752591631993072313635672275758489,0xb3d00f908d0bb0320cfb28cfb64904d9d10fb4d3d174baf8a2c9583b6eb66cfb,1773192638,2026-03-11T01:30:38+00:00,0.9965,clob_prices_history
65252813896336788230617856248125123600178384752591631993072313635672275758489,0xb3d00f908d0bb0320cfb28cfb64904d9d10fb4d3d174baf8a2c9583b6eb66cfb,1773193530,2026-03-11T01:45:30+00:00,0.9965,clob_prices_history
65252813896336788230617856248125123600178384752591631993072313635672275758489,0xb3d00f908d0bb0320cfb28cfb64904d9d10fb4d3d174baf8a2c9583b6eb66cfb,1773194437,2026-03-11T02:00:37+00:00,0.9965,clob_prices_history
65252813896336788230617856248125123600178384752591631993072313635672275758489,0xb3d00f908d0bb0320cfb28cfb64904d9d10fb4d3d174baf8a2c9583b6eb66cfb,1773195331,2026-03-11T02:15:31+00:00,0.9965,clob_prices_history
65252813896336788230617856248125123600178384752591631993072313635672275758489,0xb3d00f908d0bb0320cfb28cfb64904d9d10fb4d3d174baf8a2c9583b6eb66cfb,1773196234,2026-03-11T02:30:34+00:00,0.9965,clob_prices_history
65252813896336788230617856248125123600178384752591631993072313635672275758489,0xb3d00f908d0bb0320cfb28cfb64904d9d10fb4d3d174baf8a2c9583b6eb66cfb,1773197144,2026-03-11T02:45:44+00:00,0.9965,clob_prices_history
65252813896336788230617856248125123600178384752591631993072313635672275758489,0xb3d00f908d0bb0320cfb28cfb64904d9d10fb4d3d174baf8a2c9583b6eb66cfb,1773198053,2026-03-11T03:00:53+00:00,0.9965,clob_prices_history
65252813896336788230617856248125123600178384752591631993072313635672275758489,0xb3d00f908d0bb0320cfb28cfb64904d9d10fb4d3d174baf8a2c9583b6eb66cfb,1773198932,2026-03-11T03:15:32+00:00,0.9965,clob_prices_history
65252813896336788230617856248125123600178384752591631993072313635672275758489,0xb3d00f908d0bb0320cfb28cfb64904d9d10fb4d3d174baf8a2c9583b6eb66cfb,1773199836,2026-03-11T03:30:36+00:00,0.9965,clob_prices_history
65252813896336788230617856248125123600178384752591631993072313635672275758489,0xb3d00f908d0bb0320cfb28cfb64904d9d10fb4d3d174baf8a2c9583b6eb66cfb,1773200732,2026-03-11T03:45:32+00:00,0.9965,clob_prices_history
65252813896336788230617856248125123600178384752591631993072313635672275758489,0xb3d00f908d0bb0320cfb28cfb64904d9d10fb4d3d174baf8a2c9583b6eb66cfb,1773201638,2026-03-11T04:00:38+00:00,0.9965,clob_prices_history
65252813896336788230617856248125123600178384752591631993072313635672275758489,0xb3d00f908d0bb0320cfb28cfb64904d9d10fb4d3d174baf8a2c9583b6eb66cfb,1773202548,2026-03-11T04:15:48+00:00,0.9965,clob_prices_history
65252813896336788230617856248125123600178384752591631993072313635672275758489,0xb3d00f908d0bb0320cfb28cfb64904d9d10fb4d3d174baf8a2c9583b6eb66cfb,1773203437,2026-03-11T04:30:37+00:00,0.9965,clob_prices_history
65252813896336788230617856248125123600178384752591631993072313635672275758489,0xb3d00f908d0bb0320cfb28cfb64904d9d10fb4d3d174baf8a2c9583b6eb66cfb,1773204346,2026-03-11T04:45:46+00:00,0.9965,clob_prices_history
65252813896336788230617856248125123600178384752591631993072313635672275758489,0xb3d00f908d0bb0320cfb28cfb64904d9d10fb4d3d174baf8a2c9583b6eb66cfb,1773205237,2026-03-11T05:00:37+00:00,0.9965,clob_prices_history
65252813896336788230617856248125123600178384752591631993072313635672275758489,0xb3d00f908d0bb0320cfb28cfb64904d9d10fb4d3d174baf8a2c9583b6eb66cfb,1773206136,2026-03-11T05:15:36+00:00,0.9965,clob_prices_history
65252813896336788230617856248125123600178384752591631993072313635672275758489,0xb3d00f908d0bb0320cfb28cfb64904d9d10fb4d3d174baf8a2c9583b6eb66cfb,1773207034,2026-03-11T05:30:34+00:00,0.9965,clob_prices_history
65252813896336788230617856248125123600178384752591631993072313635672275758489,0xb3d00f908d0bb0320cfb28cfb64904d9d10fb4d3d174baf8a2c9583b6eb66cfb,1773207931,2026-03-11T05:45:31+00:00,0.9965,clob_prices_history
65252813896336788230617856248125123600178384752591631993072313635672275758489,0xb3d00f908d0bb0320cfb28cfb64904d9d10fb4d3d174baf8a2c9583b6eb66cfb,1773208852,2026-03-11T06:00:52+00:00,0.9965,clob_prices_history
65252813896336788230617856248125123600178384752591631993072313635672275758489,0xb3d00f908d0bb0320cfb28cfb64904d9d10fb4d3d174baf8a2c9583b6eb66cfb,1773209729,2026-03-11T06:15:29+00:00,0.9965,clob_prices_history
65252813896336788230617856248125123600178384752591631993072313635672275758489,0xb3d00f908d0bb0320cfb28cfb64904d9d10fb4d3d174baf8a2c9583b6eb66cfb,1773210648,2026-03-11T06:30:48+00:00,0.9965,clob_prices_history
65252813896336788230617856248125123600178384752591631993072313635672275758489,0xb3d00f908d0bb0320cfb28cfb64904d9d10fb4d3d174baf8a2c9583b6eb66cfb,1773211531,2026-03-11T06:45:31+00:00,0.9965,clob_prices_history
65252813896336788230617856248125123600178384752591631993072313635672275758489,0xb3d00f908d0bb0320cfb28cfb64904d9d10fb4d3d174baf8a2c9583b6eb66cfb,1773212439,2026-03-11T07:00:39+00:00,0.9965,clob_prices_history
65252813896336788230617856248125123600178384752591631993072313635672275758489,0xb3d00f908d0bb0320cfb28cfb64904d9d10fb4d3d174baf8a2c9583b6eb66cfb,1773213346,2026-03-11T07:15:46+00:00,0.9965,clob_prices_history
65252813896336788230617856248125123600178384752591631993072313635672275758489,0xb3d00f908d0bb0320cfb28cfb64904d9d10fb4d3d174baf8a2c9583b6eb66cfb,1773214238,2026-03-11T07:30:38+00:00,0.9965,clob_prices_history
65252813896336788230617856248125123600178384752591631993072313635672275758489,0xb3d00f908d0bb0320cfb28cfb64904d9d10fb4d3d174baf8a2c9583b6eb66cfb,1773215130,2026-03-11T07:45:30+00:00,0.9965,clob_prices_history
65252813896336788230617856248125123600178384752591631993072313635672275758489,0xb3d00f908d0bb0320cfb28cfb64904d9d10fb4d3d174baf8a2c9583b6eb66cfb,1773216038,2026-03-11T08:00:38+00:00,0.9965,clob_prices_history
65252813896336788230617856248125123600178384752591631993072313635672275758489,0xb3d00f908d0bb0320cfb28cfb64904d9d10fb4d3d174baf8a2c9583b6eb66cfb,1773216940,2026-03-11T08:15:40+00:00,0.9965,clob_prices_history
65252813896336788230617856248125123600178384752591631993072313635672275758489,0xb3d00f908d0bb0320cfb28cfb64904d9d10fb4d3d174baf8a2c9583b6eb66cfb,1773217835,2026-03-11T08:30:35+00:00,0.9965,clob_prices_history
65252813896336788230617856248125123600178384752591631993072313635672275758489,0xb3d00f908d0bb0320cfb28cfb64904d9d10fb4d3d174baf8a2c9583b6eb66cfb,1773218733,2026-03-11T08:45:33+00:00,0.9965,clob_prices_history
65252813896336788230617856248125123600178384752591631993072313635672275758489,0xb3d00f908d0bb0320cfb28cfb64904d9d10fb4d3d174baf8a2c9583b6eb66cfb,1773219648,2026-03-11T09:00:48+00:00,0.9965,clob_prices_history
65252813896336788230617856248125123600178384752591631993072313635672275758489,0xb3d00f908d0bb0320cfb28cfb64904d9d10fb4d3d174baf8a2c9583b6eb66cfb,1773220529,2026-03-11T09:15:29+00:00,0.9965,clob_prices_history
65252813896336788230617856248125123600178384752591631993072313635672275758489,0xb3d00f908d0bb0320cfb28cfb64904d9d10fb4d3d174baf8a2c9583b6eb66cfb,1773221438,2026-03-11T09:30:38+00:00,0.9965,clob_prices_history
65252813896336788230617856248125123600178384752591631993072313635672275758489,0xb3d00f908d0bb0320cfb28cfb64904d9d10fb4d3d174baf8a2c9583b6eb66cfb,1773222329,2026-03-11T09:45:29+00:00,0.9975,clob_prices_history
65252813896336788230617856248125123600178384752591631993072313635672275758489,0xb3d00f908d0bb0320cfb28cfb64904d9d10fb4d3d174baf8a2c9583b6eb66cfb,1773223245,2026-03-11T10:00:45+00:00,0.9975,clob_prices_history
65252813896336788230617856248125123600178384752591631993072313635672275758489,0xb3d00f908d0bb0320cfb28cfb64904d9d10fb4d3d174baf8a2c9583b6eb66cfb,1773224131,2026-03-11T10:15:31+00:00,0.9975,clob_prices_history
65252813896336788230617856248125123600178384752591631993072313635672275758489,0xb3d00f908d0bb0320cfb28cfb64904d9d10fb4d3d174baf8a2c9583b6eb66cfb,1773225036,2026-03-11T10:30:36+00:00,0.9975,clob_prices_history
65252813896336788230617856248125123600178384752591631993072313635672275758489,0xb3d00f908d0bb0320cfb28cfb64904d9d10fb4d3d174baf8a2c9583b6eb66cfb,1773225932,2026-03-11T10:45:32+00:00,0.9975,clob_prices_history
65252813896336788230617856248125123600178384752591631993072313635672275758489,0xb3d00f908d0bb0320cfb28cfb64904d9d10fb4d3d174baf8a2c9583b6eb66cfb,1773226839,2026-03-11T11:00:39+00:00,0.9975,clob_prices_history
65252813896336788230617856248125123600178384752591631993072313635672275758489,0xb3d00f908d0bb0320cfb28cfb64904d9d10fb4d3d174baf8a2c9583b6eb66cfb,1773227732,2026-03-11T11:15:32+00:00,0.9975,clob_prices_history
65252813896336788230617856248125123600178384752591631993072313635672275758489,0xb3d00f908d0bb0320cfb28cfb64904d9d10fb4d3d174baf8a2c9583b6eb66cfb,1773228637,2026-03-11T11:30:37+00:00,0.9975,clob_prices_history
65252813896336788230617856248125123600178384752591631993072313635672275758489,0xb3d00f908d0bb0320cfb28cfb64904d9d10fb4d3d174baf8a2c9583b6eb66cfb,1773229530,2026-03-11T11:45:30+00:00,0.9975,clob_prices_history
65252813896336788230617856248125123600178384752591631993072313635672275758489,0xb3d00f908d0bb0320cfb28cfb64904d9d10fb4d3d174baf8a2c9583b6eb66cfb,1773231329,2026-03-11T12:15:29+00:00,0.9965,clob_prices_history
65252813896336788230617856248125123600178384752591631993072313635672275758489,0xb3d00f908d0bb0320cfb28cfb64904d9d10fb4d3d174baf8a2c9583b6eb66cfb,1773232256,2026-03-11T12:30:56+00:00,0.9965,clob_prices_history
65252813896336788230617856248125123600178384752591631993072313635672275758489,0xb3d00f908d0bb0320cfb28cfb64904d9d10fb4d3d174baf8a2c9583b6eb66cfb,1773233142,2026-03-11T12:45:42+00:00,0.9965,clob_prices_history
65252813896336788230617856248125123600178384752591631993072313635672275758489,0xb3d00f908d0bb0320cfb28cfb64904d9d10fb4d3d174baf8a2c9583b6eb66cfb,1773234037,2026-03-11T13:00:37+00:00,0.9965,clob_prices_history
65252813896336788230617856248125123600178384752591631993072313635672275758489,0xb3d00f908d0bb0320cfb28cfb64904d9d10fb4d3d174baf8a2c9583b6eb66cfb,1773234934,2026-03-11T13:15:34+00:00,0.9965,clob_prices_history
65252813896336788230617856248125123600178384752591631993072313635672275758489,0xb3d00f908d0bb0320cfb28cfb64904d9d10fb4d3d174baf8a2c9583b6eb66cfb,1773235835,2026-03-11T13:30:35+00:00,0.9965,clob_prices_history
65252813896336788230617856248125123600178384752591631993072313635672275758489,0xb3d00f908d0bb0320cfb28cfb64904d9d10fb4d3d174baf8a2c9583b6eb66cfb,1773236738,2026-03-11T13:45:38+00:00,0.9965,clob_prices_history
65252813896336788230617856248125123600178384752591631993072313635672275758489,0xb3d00f908d0bb0320cfb28cfb64904d9d10fb4d3d174baf8a2c9583b6eb66cfb,1773237638,2026-03-11T14:00:38+00:00,0.9965,clob_prices_history
65252813896336788230617856248125123600178384752591631993072313635672275758489,0xb3d00f908d0bb0320cfb28cfb64904d9d10fb4d3d174baf8a2c9583b6eb66cfb,1773238530,2026-03-11T14:15:30+00:00,0.9965,clob_prices_history
65252813896336788230617856248125123600178384752591631993072313635672275758489,0xb3d00f908d0bb0320cfb28cfb64904d9d10fb4d3d174baf8a2c9583b6eb66cfb,1773239437,2026-03-11T14:30:37+00:00,0.997,clob_prices_history
65252813896336788230617856248125123600178384752591631993072313635672275758489,0xb3d00f908d0bb0320cfb28cfb64904d9d10fb4d3d174baf8a2c9583b6eb66cfb,1773240331,2026-03-11T14:45:31+00:00,0.997,clob_prices_history
65252813896336788230617856248125123600178384752591631993072313635672275758489,0xb3d00f908d0bb0320cfb28cfb64904d9d10fb4d3d174baf8a2c9583b6eb66cfb,1773242134,2026-03-11T15:15:34+00:00,0.9965,clob_prices_history
65252813896336788230617856248125123600178384752591631993072313635672275758489,0xb3d00f908d0bb0320cfb28cfb64904d9d10fb4d3d174baf8a2c9583b6eb66cfb,1773243040,2026-03-11T15:30:40+00:00,0.9965,clob_prices_history
65252813896336788230617856248125123600178384752591631993072313635672275758489,0xb3d00f908d0bb0320cfb28cfb64904d9d10fb4d3d174baf8a2c9583b6eb66cfb,1773243932,2026-03-11T15:45:32+00:00,0.9965,clob_prices_history
65252813896336788230617856248125123600178384752591631993072313635672275758489,0xb3d00f908d0bb0320cfb28cfb64904d9d10fb4d3d174baf8a2c9583b6eb66cfb,1773244839,2026-03-11T16:00:39+00:00,0.9965,clob_prices_history
65252813896336788230617856248125123600178384752591631993072313635672275758489,0xb3d00f908d0bb0320cfb28cfb64904d9d10fb4d3d174baf8a2c9583b6eb66cfb,1773245732,2026-03-11T16:15:32+00:00,0.9965,clob_prices_history
65252813896336788230617856248125123600178384752591631993072313635672275758489,0xb3d00f908d0bb0320cfb28cfb64904d9d10fb4d3d174baf8a2c9583b6eb66cfb,1773246635,2026-03-11T16:30:35+00:00,0.9965,clob_prices_history
65252813896336788230617856248125123600178384752591631993072313635672275758489,0xb3d00f908d0bb0320cfb28cfb64904d9d10fb4d3d174baf8a2c9583b6eb66cfb,1773247533,2026-03-11T16:45:33+00:00,0.9965,clob_prices_history
65252813896336788230617856248125123600178384752591631993072313635672275758489,0xb3d00f908d0bb0320cfb28cfb64904d9d10fb4d3d174baf8a2c9583b6eb66cfb,1773249334,2026-03-11T17:15:34+00:00,0.997,clob_prices_history
65252813896336788230617856248125123600178384752591631993072313635672275758489,0xb3d00f908d0bb0320cfb28cfb64904d9d10fb4d3d174baf8a2c9583b6eb66cfb,1773250243,2026-03-11T17:30:43+00:00,0.997,clob_prices_history
65252813896336788230617856248125123600178384752591631993072313635672275758489,0xb3d00f908d0bb0320cfb28cfb64904d9d10fb4d3d174baf8a2c9583b6eb66cfb,1773251133,2026-03-11T17:45:33+00:00,0.9975,clob_prices_history
65252813896336788230617856248125123600178384752591631993072313635672275758489,0xb3d00f908d0bb0320cfb28cfb64904d9d10fb4d3d174baf8a2c9583b6eb66cfb,1773252052,2026-03-11T18:00:52+00:00,0.9975,clob_prices_history
65252813896336788230617856248125123600178384752591631993072313635672275758489,0xb3d00f908d0bb0320cfb28cfb64904d9d10fb4d3d174baf8a2c9583b6eb66cfb,1773252931,2026-03-11T18:15:31+00:00,0.9975,clob_prices_history
65252813896336788230617856248125123600178384752591631993072313635672275758489,0xb3d00f908d0bb0320cfb28cfb64904d9d10fb4d3d174baf8a2c9583b6eb66cfb,1773253836,2026-03-11T18:30:36+00:00,0.9975,clob_prices_history
65252813896336788230617856248125123600178384752591631993072313635672275758489,0xb3d00f908d0bb0320cfb28cfb64904d9d10fb4d3d174baf8a2c9583b6eb66cfb,1773254733,2026-03-11T18:45:33+00:00,0.9975,clob_prices_history
65252813896336788230617856248125123600178384752591631993072313635672275758489,0xb3d00f908d0bb0320cfb28cfb64904d9d10fb4d3d174baf8a2c9583b6eb66cfb,1773255639,2026-03-11T19:00:39+00:00,0.9975,clob_prices_history
65252813896336788230617856248125123600178384752591631993072313635672275758489,0xb3d00f908d0bb0320cfb28cfb64904d9d10fb4d3d174baf8a2c9583b6eb66cfb,1773256533,2026-03-11T19:15:33+00:00,0.9975,clob_prices_history
65252813896336788230617856248125123600178384752591631993072313635672275758489,0xb3d00f908d0bb0320cfb28cfb64904d9d10fb4d3d174baf8a2c9583b6eb66cfb,1773257439,2026-03-11T19:30:39+00:00,0.9975,clob_prices_history
65252813896336788230617856248125123600178384752591631993072313635672275758489,0xb3d00f908d0bb0320cfb28cfb64904d9d10fb4d3d174baf8a2c9583b6eb66cfb,1773258329,2026-03-11T19:45:29+00:00,0.9975,clob_prices_history
65252813896336788230617856248125123600178384752591631993072313635672275758489,0xb3d00f908d0bb0320cfb28cfb64904d9d10fb4d3d174baf8a2c9583b6eb66cfb,1773259243,2026-03-11T20:00:43+00:00,0.9975,clob_prices_history
65252813896336788230617856248125123600178384752591631993072313635672275758489,0xb3d00f908d0bb0320cfb28cfb64904d9d10fb4d3d174baf8a2c9583b6eb66cfb,1773260130,2026-03-11T20:15:30+00:00,0.9975,clob_prices_history
65252813896336788230617856248125123600178384752591631993072313635672275758489,0xb3d00f908d0bb0320cfb28cfb64904d9d10fb4d3d174baf8a2c9583b6eb66cfb,1773261039,2026-03-11T20:30:39+00:00,0.9975,clob_prices_history
65252813896336788230617856248125123600178384752591631993072313635672275758489,0xb3d00f908d0bb0320cfb28cfb64904d9d10fb4d3d174baf8a2c9583b6eb66cfb,1773261933,2026-03-11T20:45:33+00:00,0.9975,clob_prices_history
65252813896336788230617856248125123600178384752591631993072313635672275758489,0xb3d00f908d0bb0320cfb28cfb64904d9d10fb4d3d174baf8a2c9583b6eb66cfb,1773262857,2026-03-11T21:00:57+00:00,0.9975,clob_prices_history
65252813896336788230617856248125123600178384752591631993072313635672275758489,0xb3d00f908d0bb0320cfb28cfb64904d9d10fb4d3d174baf8a2c9583b6eb66cfb,1773263732,2026-03-11T21:15:32+00:00,0.9975,clob_prices_history
65252813896336788230617856248125123600178384752591631993072313635672275758489,0xb3d00f908d0bb0320cfb28cfb64904d9d10fb4d3d174baf8a2c9583b6eb66cfb,1773264638,2026-03-11T21:30:38+00:00,0.9975,clob_prices_history
65252813896336788230617856248125123600178384752591631993072313635672275758489,0xb3d00f908d0bb0320cfb28cfb64904d9d10fb4d3d174baf8a2c9583b6eb66cfb,1773265544,2026-03-11T21:45:44+00:00,0.9975,clob_prices_history
65252813896336788230617856248125123600178384752591631993072313635672275758489,0xb3d00f908d0bb0320cfb28cfb64904d9d10fb4d3d174baf8a2c9583b6eb66cfb,1773266444,2026-03-11T22:00:44+00:00,0.9975,clob_prices_history
65252813896336788230617856248125123600178384752591631993072313635672275758489,0xb3d00f908d0bb0320cfb28cfb64904d9d10fb4d3d174baf8a2c9583b6eb66cfb,1773267332,2026-03-11T22:15:32+00:00,0.9975,clob_prices_history
65252813896336788230617856248125123600178384752591631993072313635672275758489,0xb3d00f908d0bb0320cfb28cfb64904d9d10fb4d3d174baf8a2c9583b6eb66cfb,1773268240,2026-03-11T22:30:40+00:00,0.9975,clob_prices_history
65252813896336788230617856248125123600178384752591631993072313635672275758489,0xb3d00f908d0bb0320cfb28cfb64904d9d10fb4d3d174baf8a2c9583b6eb66cfb,1773269144,2026-03-11T22:45:44+00:00,0.9975,clob_prices_history
65252813896336788230617856248125123600178384752591631993072313635672275758489,0xb3d00f908d0bb0320cfb28cfb64904d9d10fb4d3d174baf8a2c9583b6eb66cfb,1773270037,2026-03-11T23:00:37+00:00,0.9975,clob_prices_history
65252813896336788230617856248125123600178384752591631993072313635672275758489,0xb3d00f908d0bb0320cfb28cfb64904d9d10fb4d3d174baf8a2c9583b6eb66cfb,1773270936,2026-03-11T23:15:36+00:00,0.9975,clob_prices_history
65252813896336788230617856248125123600178384752591631993072313635672275758489,0xb3d00f908d0bb0320cfb28cfb64904d9d10fb4d3d174baf8a2c9583b6eb66cfb,1773271836,2026-03-11T23:30:36+00:00,0.9975,clob_prices_history
65252813896336788230617856248125123600178384752591631993072313635672275758489,0xb3d00f908d0bb0320cfb28cfb64904d9d10fb4d3d174baf8a2c9583b6eb66cfb,1773272731,2026-03-11T23:45:31+00:00,0.9975,clob_prices_history
65252813896336788230617856248125123600178384752591631993072313635672275758489,0xb3d00f908d0bb0320cfb28cfb64904d9d10fb4d3d174baf8a2c9583b6eb66cfb,1773273657,2026-03-12T00:00:57+00:00,0.9975,clob_prices_history
65252813896336788230617856248125123600178384752591631993072313635672275758489,0xb3d00f908d0bb0320cfb28cfb64904d9d10fb4d3d174baf8a2c9583b6eb66cfb,1773274532,2026-03-12T00:15:32+00:00,0.9975,clob_prices_history
65252813896336788230617856248125123600178384752591631993072313635672275758489,0xb3d00f908d0bb0320cfb28cfb64904d9d10fb4d3d174baf8a2c9583b6eb66cfb,1773275438,2026-03-12T00:30:38+00:00,0.9975,clob_prices_history
65252813896336788230617856248125123600178384752591631993072313635672275758489,0xb3d00f908d0bb0320cfb28cfb64904d9d10fb4d3d174baf8a2c9583b6eb66cfb,1773276332,2026-03-12T00:45:32+00:00,0.9975,clob_prices_history
65252813896336788230617856248125123600178384752591631993072313635672275758489,0xb3d00f908d0bb0320cfb28cfb64904d9d10fb4d3d174baf8a2c9583b6eb66cfb,1773277237,2026-03-12T01:00:37+00:00,0.9975,clob_prices_history
65252813896336788230617856248125123600178384752591631993072313635672275758489,0xb3d00f908d0bb0320cfb28cfb64904d9d10fb4d3d174baf8a2c9583b6eb66cfb,1773278131,2026-03-12T01:15:31+00:00,0.9975,clob_prices_history
65252813896336788230617856248125123600178384752591631993072313635672275758489,0xb3d00f908d0bb0320cfb28cfb64904d9d10fb4d3d174baf8a2c9583b6eb66cfb,1773279034,2026-03-12T01:30:34+00:00,0.9975,clob_prices_history
65252813896336788230617856248125123600178384752591631993072313635672275758489,0xb3d00f908d0bb0320cfb28cfb64904d9d10fb4d3d174baf8a2c9583b6eb66cfb,1773279929,2026-03-12T01:45:29+00:00,0.9975,clob_prices_history
65252813896336788230617856248125123600178384752591631993072313635672275758489,0xb3d00f908d0bb0320cfb28cfb64904d9d10fb4d3d174baf8a2c9583b6eb66cfb,1773280837,2026-03-12T02:00:37+00:00,0.9975,clob_prices_history
65252813896336788230617856248125123600178384752591631993072313635672275758489,0xb3d00f908d0bb0320cfb28cfb64904d9d10fb4d3d174baf8a2c9583b6eb66cfb,1773281733,2026-03-12T02:15:33+00:00,0.9975,clob_prices_history
65252813896336788230617856248125123600178384752591631993072313635672275758489,0xb3d00f908d0bb0320cfb28cfb64904d9d10fb4d3d174baf8a2c9583b6eb66cfb,1773282638,2026-03-12T02:30:38+00:00,0.9975,clob_prices_history
65252813896336788230617856248125123600178384752591631993072313635672275758489,0xb3d00f908d0bb0320cfb28cfb64904d9d10fb4d3d174baf8a2c9583b6eb66cfb,1773283533,2026-03-12T02:45:33+00:00,0.9975,clob_prices_history
65252813896336788230617856248125123600178384752591631993072313635672275758489,0xb3d00f908d0bb0320cfb28cfb64904d9d10fb4d3d174baf8a2c9583b6eb66cfb,1773284453,2026-03-12T03:00:53+00:00,0.9975,clob_prices_history
65252813896336788230617856248125123600178384752591631993072313635672275758489,0xb3d00f908d0bb0320cfb28cfb64904d9d10fb4d3d174baf8a2c9583b6eb66cfb,1773285330,2026-03-12T03:15:30+00:00,0.9975,clob_prices_history
65252813896336788230617856248125123600178384752591631993072313635672275758489,0xb3d00f908d0bb0320cfb28cfb64904d9d10fb4d3d174baf8a2c9583b6eb66cfb,1773286247,2026-03-12T03:30:47+00:00,0.9975,clob_prices_history
65252813896336788230617856248125123600178384752591631993072313635672275758489,0xb3d00f908d0bb0320cfb28cfb64904d9d10fb4d3d174baf8a2c9583b6eb66cfb,1773287140,2026-03-12T03:45:40+00:00,0.9975,clob_prices_history
65252813896336788230617856248125123600178384752591631993072313635672275758489,0xb3d00f908d0bb0320cfb28cfb64904d9d10fb4d3d174baf8a2c9583b6eb66cfb,1773288038,2026-03-12T04:00:38+00:00,0.9975,clob_prices_history
65252813896336788230617856248125123600178384752591631993072313635672275758489,0xb3d00f908d0bb0320cfb28cfb64904d9d10fb4d3d174baf8a2c9583b6eb66cfb,1773288931,2026-03-12T04:15:31+00:00,0.9975,clob_prices_history
65252813896336788230617856248125123600178384752591631993072313635672275758489,0xb3d00f908d0bb0320cfb28cfb64904d9d10fb4d3d174baf8a2c9583b6eb66cfb,1773289836,2026-03-12T04:30:36+00:00,0.9975,clob_prices_history
65252813896336788230617856248125123600178384752591631993072313635672275758489,0xb3d00f908d0bb0320cfb28cfb64904d9d10fb4d3d174baf8a2c9583b6eb66cfb,1773290729,2026-03-12T04:45:29+00:00,0.9975,clob_prices_history
65252813896336788230617856248125123600178384752591631993072313635672275758489,0xb3d00f908d0bb0320cfb28cfb64904d9d10fb4d3d174baf8a2c9583b6eb66cfb,1773291644,2026-03-12T05:00:44+00:00,0.9975,clob_prices_history
65252813896336788230617856248125123600178384752591631993072313635672275758489,0xb3d00f908d0bb0320cfb28cfb64904d9d10fb4d3d174baf8a2c9583b6eb66cfb,1773292531,2026-03-12T05:15:31+00:00,0.9975,clob_prices_history
65252813896336788230617856248125123600178384752591631993072313635672275758489,0xb3d00f908d0bb0320cfb28cfb64904d9d10fb4d3d174baf8a2c9583b6eb66cfb,1773293437,2026-03-12T05:30:37+00:00,0.9975,clob_prices_history
65252813896336788230617856248125123600178384752591631993072313635672275758489,0xb3d00f908d0bb0320cfb28cfb64904d9d10fb4d3d174baf8a2c9583b6eb66cfb,1773294329,2026-03-12T05:45:29+00:00,0.9975,clob_prices_history
65252813896336788230617856248125123600178384752591631993072313635672275758489,0xb3d00f908d0bb0320cfb28cfb64904d9d10fb4d3d174baf8a2c9583b6eb66cfb,1773295254,2026-03-12T06:00:54+00:00,0.9975,clob_prices_history
65252813896336788230617856248125123600178384752591631993072313635672275758489,0xb3d00f908d0bb0320cfb28cfb64904d9d10fb4d3d174baf8a2c9583b6eb66cfb,1773296131,2026-03-12T06:15:31+00:00,0.9975,clob_prices_history
65252813896336788230617856248125123600178384752591631993072313635672275758489,0xb3d00f908d0bb0320cfb28cfb64904d9d10fb4d3d174baf8a2c9583b6eb66cfb,1773297036,2026-03-12T06:30:36+00:00,0.9975,clob_prices_history
65252813896336788230617856248125123600178384752591631993072313635672275758489,0xb3d00f908d0bb0320cfb28cfb64904d9d10fb4d3d174baf8a2c9583b6eb66cfb,1773297932,2026-03-12T06:45:32+00:00,0.9975,clob_prices_history
65252813896336788230617856248125123600178384752591631993072313635672275758489,0xb3d00f908d0bb0320cfb28cfb64904d9d10fb4d3d174baf8a2c9583b6eb66cfb,1773298841,2026-03-12T07:00:41+00:00,0.9975,clob_prices_history
65252813896336788230617856248125123600178384752591631993072313635672275758489,0xb3d00f908d0bb0320cfb28cfb64904d9d10fb4d3d174baf8a2c9583b6eb66cfb,1773299733,2026-03-12T07:15:33+00:00,0.9975,clob_prices_history
65252813896336788230617856248125123600178384752591631993072313635672275758489,0xb3d00f908d0bb0320cfb28cfb64904d9d10fb4d3d174baf8a2c9583b6eb66cfb,1773300636,2026-03-12T07:30:36+00:00,0.9975,clob_prices_history
65252813896336788230617856248125123600178384752591631993072313635672275758489,0xb3d00f908d0bb0320cfb28cfb64904d9d10fb4d3d174baf8a2c9583b6eb66cfb,1773301530,2026-03-12T07:45:30+00:00,0.9975,clob_prices_history
65252813896336788230617856248125123600178384752591631993072313635672275758489,0xb3d00f908d0bb0320cfb28cfb64904d9d10fb4d3d174baf8a2c9583b6eb66cfb,1773302441,2026-03-12T08:00:41+00:00,0.9975,clob_prices_history
65252813896336788230617856248125123600178384752591631993072313635672275758489,0xb3d00f908d0bb0320cfb28cfb64904d9d10fb4d3d174baf8a2c9583b6eb66cfb,1773303331,2026-03-12T08:15:31+00:00,0.9975,clob_prices_history
65252813896336788230617856248125123600178384752591631993072313635672275758489,0xb3d00f908d0bb0320cfb28cfb64904d9d10fb4d3d174baf8a2c9583b6eb66cfb,1773304235,2026-03-12T08:30:35+00:00,0.9975,clob_prices_history
65252813896336788230617856248125123600178384752591631993072313635672275758489,0xb3d00f908d0bb0320cfb28cfb64904d9d10fb4d3d174baf8a2c9583b6eb66cfb,1773305129,2026-03-12T08:45:29+00:00,0.9975,clob_prices_history
65252813896336788230617856248125123600178384752591631993072313635672275758489,0xb3d00f908d0bb0320cfb28cfb64904d9d10fb4d3d174baf8a2c9583b6eb66cfb,1773306050,2026-03-12T09:00:50+00:00,0.9975,clob_prices_history
65252813896336788230617856248125123600178384752591631993072313635672275758489,0xb3d00f908d0bb0320cfb28cfb64904d9d10fb4d3d174baf8a2c9583b6eb66cfb,1773306928,2026-03-12T09:15:28+00:00,0.9975,clob_prices_history
65252813896336788230617856248125123600178384752591631993072313635672275758489,0xb3d00f908d0bb0320cfb28cfb64904d9d10fb4d3d174baf8a2c9583b6eb66cfb,1773307838,2026-03-12T09:30:38+00:00,0.996,clob_prices_history
65252813896336788230617856248125123600178384752591631993072313635672275758489,0xb3d00f908d0bb0320cfb28cfb64904d9d10fb4d3d174baf8a2c9583b6eb66cfb,1773308731,2026-03-12T09:45:31+00:00,0.996,clob_prices_history
65252813896336788230617856248125123600178384752591631993072313635672275758489,0xb3d00f908d0bb0320cfb28cfb64904d9d10fb4d3d174baf8a2c9583b6eb66cfb,1773310532,2026-03-12T10:15:32+00:00,0.997,clob_prices_history
65252813896336788230617856248125123600178384752591631993072313635672275758489,0xb3d00f908d0bb0320cfb28cfb64904d9d10fb4d3d174baf8a2c9583b6eb66cfb,1773311443,2026-03-12T10:30:43+00:00,0.997,clob_prices_history
65252813896336788230617856248125123600178384752591631993072313635672275758489,0xb3d00f908d0bb0320cfb28cfb64904d9d10fb4d3d174baf8a2c9583b6eb66cfb,1773312331,2026-03-12T10:45:31+00:00,0.997,clob_prices_history
65252813896336788230617856248125123600178384752591631993072313635672275758489,0xb3d00f908d0bb0320cfb28cfb64904d9d10fb4d3d174baf8a2c9583b6eb66cfb,1773313237,2026-03-12T11:00:37+00:00,0.997,clob_prices_history
65252813896336788230617856248125123600178384752591631993072313635672275758489,0xb3d00f908d0bb0320cfb28cfb64904d9d10fb4d3d174baf8a2c9583b6eb66cfb,1773314128,2026-03-12T11:15:28+00:00,0.9965,clob_prices_history
65252813896336788230617856248125123600178384752591631993072313635672275758489,0xb3d00f908d0bb0320cfb28cfb64904d9d10fb4d3d174baf8a2c9583b6eb66cfb,1773315038,2026-03-12T11:30:38+00:00,0.9965,clob_prices_history
65252813896336788230617856248125123600178384752591631993072313635672275758489,0xb3d00f908d0bb0320cfb28cfb64904d9d10fb4d3d174baf8a2c9583b6eb66cfb,1773315931,2026-03-12T11:45:31+00:00,0.9965,clob_prices_history
65252813896336788230617856248125123600178384752591631993072313635672275758489,0xb3d00f908d0bb0320cfb28cfb64904d9d10fb4d3d174baf8a2c9583b6eb66cfb,1773317732,2026-03-12T12:15:32+00:00,0.9975,clob_prices_history
65252813896336788230617856248125123600178384752591631993072313635672275758489,0xb3d00f908d0bb0320cfb28cfb64904d9d10fb4d3d174baf8a2c9583b6eb66cfb,1773319529,2026-03-12T12:45:29+00:00,0.9975,clob_prices_history
65252813896336788230617856248125123600178384752591631993072313635672275758489,0xb3d00f908d0bb0320cfb28cfb64904d9d10fb4d3d174baf8a2c9583b6eb66cfb,1773321332,2026-03-12T13:15:32+00:00,0.9975,clob_prices_history
65252813896336788230617856248125123600178384752591631993072313635672275758489,0xb3d00f908d0bb0320cfb28cfb64904d9d10fb4d3d174baf8a2c9583b6eb66cfb,1773322240,2026-03-12T13:30:40+00:00,0.9975,clob_prices_history
65252813896336788230617856248125123600178384752591631993072313635672275758489,0xb3d00f908d0bb0320cfb28cfb64904d9d10fb4d3d174baf8a2c9583b6eb66cfb,1773323139,2026-03-12T13:45:39+00:00,0.9975,clob_prices_history
65252813896336788230617856248125123600178384752591631993072313635672275758489,0xb3d00f908d0bb0320cfb28cfb64904d9d10fb4d3d174baf8a2c9583b6eb66cfb,1773324042,2026-03-12T14:00:42+00:00,0.9975,clob_prices_history
65252813896336788230617856248125123600178384752591631993072313635672275758489,0xb3d00f908d0bb0320cfb28cfb64904d9d10fb4d3d174baf8a2c9583b6eb66cfb,1773324932,2026-03-12T14:15:32+00:00,0.9975,clob_prices_history
65252813896336788230617856248125123600178384752591631993072313635672275758489,0xb3d00f908d0bb0320cfb28cfb64904d9d10fb4d3d174baf8a2c9583b6eb66cfb,1773325837,2026-03-12T14:30:37+00:00,0.9975,clob_prices_history
65252813896336788230617856248125123600178384752591631993072313635672275758489,0xb3d00f908d0bb0320cfb28cfb64904d9d10fb4d3d174baf8a2c9583b6eb66cfb,1773326734,2026-03-12T14:45:34+00:00,0.9975,clob_prices_history
65252813896336788230617856248125123600178384752591631993072313635672275758489,0xb3d00f908d0bb0320cfb28cfb64904d9d10fb4d3d174baf8a2c9583b6eb66cfb,1773327656,2026-03-12T15:00:56+00:00,0.9975,clob_prices_history
65252813896336788230617856248125123600178384752591631993072313635672275758489,0xb3d00f908d0bb0320cfb28cfb64904d9d10fb4d3d174baf8a2c9583b6eb66cfb,1773328531,2026-03-12T15:15:31+00:00,0.9975,clob_prices_history
65252813896336788230617856248125123600178384752591631993072313635672275758489,0xb3d00f908d0bb0320cfb28cfb64904d9d10fb4d3d174baf8a2c9583b6eb66cfb,1773329438,2026-03-12T15:30:38+00:00,0.9975,clob_prices_history
65252813896336788230617856248125123600178384752591631993072313635672275758489,0xb3d00f908d0bb0320cfb28cfb64904d9d10fb4d3d174baf8a2c9583b6eb66cfb,1773330332,2026-03-12T15:45:32+00:00,0.9975,clob_prices_history
65252813896336788230617856248125123600178384752591631993072313635672275758489,0xb3d00f908d0bb0320cfb28cfb64904d9d10fb4d3d174baf8a2c9583b6eb66cfb,1773331240,2026-03-12T16:00:40+00:00,0.9975,clob_prices_history
65252813896336788230617856248125123600178384752591631993072313635672275758489,0xb3d00f908d0bb0320cfb28cfb64904d9d10fb4d3d174baf8a2c9583b6eb66cfb,1773332134,2026-03-12T16:15:34+00:00,0.9975,clob_prices_history
65252813896336788230617856248125123600178384752591631993072313635672275758489,0xb3d00f908d0bb0320cfb28cfb64904d9d10fb4d3d174baf8a2c9583b6eb66cfb,1773333035,2026-03-12T16:30:35+00:00,0.9975,clob_prices_history
65252813896336788230617856248125123600178384752591631993072313635672275758489,0xb3d00f908d0bb0320cfb28cfb64904d9d10fb4d3d174baf8a2c9583b6eb66cfb,1773333933,2026-03-12T16:45:33+00:00,0.9975,clob_prices_history
65252813896336788230617856248125123600178384752591631993072313635672275758489,0xb3d00f908d0bb0320cfb28cfb64904d9d10fb4d3d174baf8a2c9583b6eb66cfb,1773335734,2026-03-12T17:15:34+00:00,0.9975,clob_prices_history
65252813896336788230617856248125123600178384752591631993072313635672275758489,0xb3d00f908d0bb0320cfb28cfb64904d9d10fb4d3d174baf8a2c9583b6eb66cfb,1773336658,2026-03-12T17:30:58+00:00,0.9975,clob_prices_history
65252813896336788230617856248125123600178384752591631993072313635672275758489,0xb3d00f908d0bb0320cfb28cfb64904d9d10fb4d3d174baf8a2c9583b6eb66cfb,1773337535,2026-03-12T17:45:35+00:00,0.9975,clob_prices_history
65252813896336788230617856248125123600178384752591631993072313635672275758489,0xb3d00f908d0bb0320cfb28cfb64904d9d10fb4d3d174baf8a2c9583b6eb66cfb,1773339334,2026-03-12T18:15:34+00:00,0.9975,clob_prices_history
65252813896336788230617856248125123600178384752591631993072313635672275758489,0xb3d00f908d0bb0320cfb28cfb64904d9d10fb4d3d174baf8a2c9583b6eb66cfb,1773340238,2026-03-12T18:30:38+00:00,0.9975,clob_prices_history
65252813896336788230617856248125123600178384752591631993072313635672275758489,0xb3d00f908d0bb0320cfb28cfb64904d9d10fb4d3d174baf8a2c9583b6eb66cfb,1773341134,2026-03-12T18:45:34+00:00,0.9975,clob_prices_history
65252813896336788230617856248125123600178384752591631993072313635672275758489,0xb3d00f908d0bb0320cfb28cfb64904d9d10fb4d3d174baf8a2c9583b6eb66cfb,1773342036,2026-03-12T19:00:36+00:00,0.9975,clob_prices_history
65252813896336788230617856248125123600178384752591631993072313635672275758489,0xb3d00f908d0bb0320cfb28cfb64904d9d10fb4d3d174baf8a2c9583b6eb66cfb,1773342934,2026-03-12T19:15:34+00:00,0.9975,clob_prices_history
65252813896336788230617856248125123600178384752591631993072313635672275758489,0xb3d00f908d0bb0320cfb28cfb64904d9d10fb4d3d174baf8a2c9583b6eb66cfb,1773343842,2026-03-12T19:30:42+00:00,0.9975,clob_prices_history
65252813896336788230617856248125123600178384752591631993072313635672275758489,0xb3d00f908d0bb0320cfb28cfb64904d9d10fb4d3d174baf8a2c9583b6eb66cfb,1773344734,2026-03-12T19:45:34+00:00,0.9975,clob_prices_history
65252813896336788230617856248125123600178384752591631993072313635672275758489,0xb3d00f908d0bb0320cfb28cfb64904d9d10fb4d3d174baf8a2c9583b6eb66cfb,1773345644,2026-03-12T20:00:44+00:00,0.9975,clob_prices_history
65252813896336788230617856248125123600178384752591631993072313635672275758489,0xb3d00f908d0bb0320cfb28cfb64904d9d10fb4d3d174baf8a2c9583b6eb66cfb,1773346533,2026-03-12T20:15:33+00:00,0.9975,clob_prices_history
65252813896336788230617856248125123600178384752591631993072313635672275758489,0xb3d00f908d0bb0320cfb28cfb64904d9d10fb4d3d174baf8a2c9583b6eb66cfb,1773347438,2026-03-12T20:30:38+00:00,0.9975,clob_prices_history
65252813896336788230617856248125123600178384752591631993072313635672275758489,0xb3d00f908d0bb0320cfb28cfb64904d9d10fb4d3d174baf8a2c9583b6eb66cfb,1773348332,2026-03-12T20:45:32+00:00,0.9975,clob_prices_history
65252813896336788230617856248125123600178384752591631993072313635672275758489,0xb3d00f908d0bb0320cfb28cfb64904d9d10fb4d3d174baf8a2c9583b6eb66cfb,1773349256,2026-03-12T21:00:56+00:00,0.9975,clob_prices_history
65252813896336788230617856248125123600178384752591631993072313635672275758489,0xb3d00f908d0bb0320cfb28cfb64904d9d10fb4d3d174baf8a2c9583b6eb66cfb,1773350134,2026-03-12T21:15:34+00:00,0.9975,clob_prices_history
65252813896336788230617856248125123600178384752591631993072313635672275758489,0xb3d00f908d0bb0320cfb28cfb64904d9d10fb4d3d174baf8a2c9583b6eb66cfb,1773351039,2026-03-12T21:30:39+00:00,0.9975,clob_prices_history
65252813896336788230617856248125123600178384752591631993072313635672275758489,0xb3d00f908d0bb0320cfb28cfb64904d9d10fb4d3d174baf8a2c9583b6eb66cfb,1773351933,2026-03-12T21:45:33+00:00,0.9975,clob_prices_history
65252813896336788230617856248125123600178384752591631993072313635672275758489,0xb3d00f908d0bb0320cfb28cfb64904d9d10fb4d3d174baf8a2c9583b6eb66cfb,1773352839,2026-03-12T22:00:39+00:00,0.9975,clob_prices_history
65252813896336788230617856248125123600178384752591631993072313635672275758489,0xb3d00f908d0bb0320cfb28cfb64904d9d10fb4d3d174baf8a2c9583b6eb66cfb,1773353735,2026-03-12T22:15:35+00:00,0.9975,clob_prices_history
65252813896336788230617856248125123600178384752591631993072313635672275758489,0xb3d00f908d0bb0320cfb28cfb64904d9d10fb4d3d174baf8a2c9583b6eb66cfb,1773354643,2026-03-12T22:30:43+00:00,0.9975,clob_prices_history
65252813896336788230617856248125123600178384752591631993072313635672275758489,0xb3d00f908d0bb0320cfb28cfb64904d9d10fb4d3d174baf8a2c9583b6eb66cfb,1773355533,2026-03-12T22:45:33+00:00,0.9975,clob_prices_history
65252813896336788230617856248125123600178384752591631993072313635672275758489,0xb3d00f908d0bb0320cfb28cfb64904d9d10fb4d3d174baf8a2c9583b6eb66cfb,1773356447,2026-03-12T23:00:47+00:00,0.9975,clob_prices_history
65252813896336788230617856248125123600178384752591631993072313635672275758489,0xb3d00f908d0bb0320cfb28cfb64904d9d10fb4d3d174baf8a2c9583b6eb66cfb,1773357334,2026-03-12T23:15:34+00:00,0.9975,clob_prices_history
65252813896336788230617856248125123600178384752591631993072313635672275758489,0xb3d00f908d0bb0320cfb28cfb64904d9d10fb4d3d174baf8a2c9583b6eb66cfb,1773358240,2026-03-12T23:30:40+00:00,0.9975,clob_prices_history
65252813896336788230617856248125123600178384752591631993072313635672275758489,0xb3d00f908d0bb0320cfb28cfb64904d9d10fb4d3d174baf8a2c9583b6eb66cfb,1773359131,2026-03-12T23:45:31+00:00,0.9975,clob_prices_history
65252813896336788230617856248125123600178384752591631993072313635672275758489,0xb3d00f908d0bb0320cfb28cfb64904d9d10fb4d3d174baf8a2c9583b6eb66cfb,1773360933,2026-03-13T00:15:33+00:00,0.9975,clob_prices_history
65252813896336788230617856248125123600178384752591631993072313635672275758489,0xb3d00f908d0bb0320cfb28cfb64904d9d10fb4d3d174baf8a2c9583b6eb66cfb,1773361840,2026-03-13T00:30:40+00:00,0.9975,clob_prices_history
65252813896336788230617856248125123600178384752591631993072313635672275758489,0xb3d00f908d0bb0320cfb28cfb64904d9d10fb4d3d174baf8a2c9583b6eb66cfb,1773362731,2026-03-13T00:45:31+00:00,0.9975,clob_prices_history
65252813896336788230617856248125123600178384752591631993072313635672275758489,0xb3d00f908d0bb0320cfb28cfb64904d9d10fb4d3d174baf8a2c9583b6eb66cfb,1773363641,2026-03-13T01:00:41+00:00,0.9975,clob_prices_history
65252813896336788230617856248125123600178384752591631993072313635672275758489,0xb3d00f908d0bb0320cfb28cfb64904d9d10fb4d3d174baf8a2c9583b6eb66cfb,1773364534,2026-03-13T01:15:34+00:00,0.9975,clob_prices_history
65252813896336788230617856248125123600178384752591631993072313635672275758489,0xb3d00f908d0bb0320cfb28cfb64904d9d10fb4d3d174baf8a2c9583b6eb66cfb,1773365435,2026-03-13T01:30:35+00:00,0.9975,clob_prices_history
65252813896336788230617856248125123600178384752591631993072313635672275758489,0xb3d00f908d0bb0320cfb28cfb64904d9d10fb4d3d174baf8a2c9583b6eb66cfb,1773366333,2026-03-13T01:45:33+00:00,0.9975,clob_prices_history
65252813896336788230617856248125123600178384752591631993072313635672275758489,0xb3d00f908d0bb0320cfb28cfb64904d9d10fb4d3d174baf8a2c9583b6eb66cfb,1773367240,2026-03-13T02:00:40+00:00,0.9975,clob_prices_history
65252813896336788230617856248125123600178384752591631993072313635672275758489,0xb3d00f908d0bb0320cfb28cfb64904d9d10fb4d3d174baf8a2c9583b6eb66cfb,1773368132,2026-03-13T02:15:32+00:00,0.9975,clob_prices_history
65252813896336788230617856248125123600178384752591631993072313635672275758489,0xb3d00f908d0bb0320cfb28cfb64904d9d10fb4d3d174baf8a2c9583b6eb66cfb,1773369041,2026-03-13T02:30:41+00:00,0.9975,clob_prices_history
65252813896336788230617856248125123600178384752591631993072313635672275758489,0xb3d00f908d0bb0320cfb28cfb64904d9d10fb4d3d174baf8a2c9583b6eb66cfb,1773369933,2026-03-13T02:45:33+00:00,0.9975,clob_prices_history
65252813896336788230617856248125123600178384752591631993072313635672275758489,0xb3d00f908d0bb0320cfb28cfb64904d9d10fb4d3d174baf8a2c9583b6eb66cfb,1773370854,2026-03-13T03:00:54+00:00,0.9975,clob_prices_history
65252813896336788230617856248125123600178384752591631993072313635672275758489,0xb3d00f908d0bb0320cfb28cfb64904d9d10fb4d3d174baf8a2c9583b6eb66cfb,1773371731,2026-03-13T03:15:31+00:00,0.9975,clob_prices_history
65252813896336788230617856248125123600178384752591631993072313635672275758489,0xb3d00f908d0bb0320cfb28cfb64904d9d10fb4d3d174baf8a2c9583b6eb66cfb,1773372638,2026-03-13T03:30:38+00:00,0.9975,clob_prices_history
65252813896336788230617856248125123600178384752591631993072313635672275758489,0xb3d00f908d0bb0320cfb28cfb64904d9d10fb4d3d174baf8a2c9583b6eb66cfb,1773373534,2026-03-13T03:45:34+00:00,0.9975,clob_prices_history
65252813896336788230617856248125123600178384752591631993072313635672275758489,0xb3d00f908d0bb0320cfb28cfb64904d9d10fb4d3d174baf8a2c9583b6eb66cfb,1773374441,2026-03-13T04:00:41+00:00,0.9975,clob_prices_history
65252813896336788230617856248125123600178384752591631993072313635672275758489,0xb3d00f908d0bb0320cfb28cfb64904d9d10fb4d3d174baf8a2c9583b6eb66cfb,1773375330,2026-03-13T04:15:30+00:00,0.9975,clob_prices_history
65252813896336788230617856248125123600178384752591631993072313635672275758489,0xb3d00f908d0bb0320cfb28cfb64904d9d10fb4d3d174baf8a2c9583b6eb66cfb,1773376234,2026-03-13T04:30:34+00:00,0.9975,clob_prices_history
65252813896336788230617856248125123600178384752591631993072313635672275758489,0xb3d00f908d0bb0320cfb28cfb64904d9d10fb4d3d174baf8a2c9583b6eb66cfb,1773377130,2026-03-13T04:45:30+00:00,0.9975,clob_prices_history
65252813896336788230617856248125123600178384752591631993072313635672275758489,0xb3d00f908d0bb0320cfb28cfb64904d9d10fb4d3d174baf8a2c9583b6eb66cfb,1773378036,2026-03-13T05:00:36+00:00,0.9975,clob_prices_history
65252813896336788230617856248125123600178384752591631993072313635672275758489,0xb3d00f908d0bb0320cfb28cfb64904d9d10fb4d3d174baf8a2c9583b6eb66cfb,1773378946,2026-03-13T05:15:46+00:00,0.9975,clob_prices_history
65252813896336788230617856248125123600178384752591631993072313635672275758489,0xb3d00f908d0bb0320cfb28cfb64904d9d10fb4d3d174baf8a2c9583b6eb66cfb,1773379846,2026-03-13T05:30:46+00:00,0.9975,clob_prices_history
65252813896336788230617856248125123600178384752591631993072313635672275758489,0xb3d00f908d0bb0320cfb28cfb64904d9d10fb4d3d174baf8a2c9583b6eb66cfb,1773380735,2026-03-13T05:45:35+00:00,0.9975,clob_prices_history
65252813896336788230617856248125123600178384752591631993072313635672275758489,0xb3d00f908d0bb0320cfb28cfb64904d9d10fb4d3d174baf8a2c9583b6eb66cfb,1773381658,2026-03-13T06:00:58+00:00,0.9975,clob_prices_history
65252813896336788230617856248125123600178384752591631993072313635672275758489,0xb3d00f908d0bb0320cfb28cfb64904d9d10fb4d3d174baf8a2c9583b6eb66cfb,1773382545,2026-03-13T06:15:45+00:00,0.9975,clob_prices_history
65252813896336788230617856248125123600178384752591631993072313635672275758489,0xb3d00f908d0bb0320cfb28cfb64904d9d10fb4d3d174baf8a2c9583b6eb66cfb,1773383439,2026-03-13T06:30:39+00:00,0.9975,clob_prices_history
65252813896336788230617856248125123600178384752591631993072313635672275758489,0xb3d00f908d0bb0320cfb28cfb64904d9d10fb4d3d174baf8a2c9583b6eb66cfb,1773384332,2026-03-13T06:45:32+00:00,0.9975,clob_prices_history
65252813896336788230617856248125123600178384752591631993072313635672275758489,0xb3d00f908d0bb0320cfb28cfb64904d9d10fb4d3d174baf8a2c9583b6eb66cfb,1773385247,2026-03-13T07:00:47+00:00,0.9975,clob_prices_history
65252813896336788230617856248125123600178384752591631993072313635672275758489,0xb3d00f908d0bb0320cfb28cfb64904d9d10fb4d3d174baf8a2c9583b6eb66cfb,1773386135,2026-03-13T07:15:35+00:00,0.9975,clob_prices_history
65252813896336788230617856248125123600178384752591631993072313635672275758489,0xb3d00f908d0bb0320cfb28cfb64904d9d10fb4d3d174baf8a2c9583b6eb66cfb,1773387039,2026-03-13T07:30:39+00:00,0.9975,clob_prices_history
65252813896336788230617856248125123600178384752591631993072313635672275758489,0xb3d00f908d0bb0320cfb28cfb64904d9d10fb4d3d174baf8a2c9583b6eb66cfb,1773387930,2026-03-13T07:45:30+00:00,0.9975,clob_prices_history
65252813896336788230617856248125123600178384752591631993072313635672275758489,0xb3d00f908d0bb0320cfb28cfb64904d9d10fb4d3d174baf8a2c9583b6eb66cfb,1773388837,2026-03-13T08:00:37+00:00,0.9975,clob_prices_history
65252813896336788230617856248125123600178384752591631993072313635672275758489,0xb3d00f908d0bb0320cfb28cfb64904d9d10fb4d3d174baf8a2c9583b6eb66cfb,1773389732,2026-03-13T08:15:32+00:00,0.9975,clob_prices_history
65252813896336788230617856248125123600178384752591631993072313635672275758489,0xb3d00f908d0bb0320cfb28cfb64904d9d10fb4d3d174baf8a2c9583b6eb66cfb,1773390637,2026-03-13T08:30:37+00:00,0.9975,clob_prices_history
65252813896336788230617856248125123600178384752591631993072313635672275758489,0xb3d00f908d0bb0320cfb28cfb64904d9d10fb4d3d174baf8a2c9583b6eb66cfb,1773391532,2026-03-13T08:45:32+00:00,0.9975,clob_prices_history
65252813896336788230617856248125123600178384752591631993072313635672275758489,0xb3d00f908d0bb0320cfb28cfb64904d9d10fb4d3d174baf8a2c9583b6eb66cfb,1773392456,2026-03-13T09:00:56+00:00,0.9975,clob_prices_history
65252813896336788230617856248125123600178384752591631993072313635672275758489,0xb3d00f908d0bb0320cfb28cfb64904d9d10fb4d3d174baf8a2c9583b6eb66cfb,1773393333,2026-03-13T09:15:33+00:00,0.9975,clob_prices_history
65252813896336788230617856248125123600178384752591631993072313635672275758489,0xb3d00f908d0bb0320cfb28cfb64904d9d10fb4d3d174baf8a2c9583b6eb66cfb,1773394235,2026-03-13T09:30:35+00:00,0.9975,clob_prices_history
65252813896336788230617856248125123600178384752591631993072313635672275758489,0xb3d00f908d0bb0320cfb28cfb64904d9d10fb4d3d174baf8a2c9583b6eb66cfb,1773395132,2026-03-13T09:45:32+00:00,0.9975,clob_prices_history
65252813896336788230617856248125123600178384752591631993072313635672275758489,0xb3d00f908d0bb0320cfb28cfb64904d9d10fb4d3d174baf8a2c9583b6eb66cfb,1773396038,2026-03-13T10:00:38+00:00,0.9975,clob_prices_history
65252813896336788230617856248125123600178384752591631993072313635672275758489,0xb3d00f908d0bb0320cfb28cfb64904d9d10fb4d3d174baf8a2c9583b6eb66cfb,1773396934,2026-03-13T10:15:34+00:00,0.9975,clob_prices_history
65252813896336788230617856248125123600178384752591631993072313635672275758489,0xb3d00f908d0bb0320cfb28cfb64904d9d10fb4d3d174baf8a2c9583b6eb66cfb,1773397845,2026-03-13T10:30:45+00:00,0.9975,clob_prices_history
65252813896336788230617856248125123600178384752591631993072313635672275758489,0xb3d00f908d0bb0320cfb28cfb64904d9d10fb4d3d174baf8a2c9583b6eb66cfb,1773398737,2026-03-13T10:45:37+00:00,0.9975,clob_prices_history
65252813896336788230617856248125123600178384752591631993072313635672275758489,0xb3d00f908d0bb0320cfb28cfb64904d9d10fb4d3d174baf8a2c9583b6eb66cfb,1773399636,2026-03-13T11:00:36+00:00,0.9975,clob_prices_history
65252813896336788230617856248125123600178384752591631993072313635672275758489,0xb3d00f908d0bb0320cfb28cfb64904d9d10fb4d3d174baf8a2c9583b6eb66cfb,1773400528,2026-03-13T11:15:28+00:00,0.9975,clob_prices_history
65252813896336788230617856248125123600178384752591631993072313635672275758489,0xb3d00f908d0bb0320cfb28cfb64904d9d10fb4d3d174baf8a2c9583b6eb66cfb,1773401429,2026-03-13T11:30:29+00:00,0.9975,clob_prices_history
65252813896336788230617856248125123600178384752591631993072313635672275758489,0xb3d00f908d0bb0320cfb28cfb64904d9d10fb4d3d174baf8a2c9583b6eb66cfb,1773402329,2026-03-13T11:45:29+00:00,0.9975,clob_prices_history
65252813896336788230617856248125123600178384752591631993072313635672275758489,0xb3d00f908d0bb0320cfb28cfb64904d9d10fb4d3d174baf8a2c9583b6eb66cfb,1773403246,2026-03-13T12:00:46+00:00,0.9975,clob_prices_history
65252813896336788230617856248125123600178384752591631993072313635672275758489,0xb3d00f908d0bb0320cfb28cfb64904d9d10fb4d3d174baf8a2c9583b6eb66cfb,1773404130,2026-03-13T12:15:30+00:00,0.9975,clob_prices_history
65252813896336788230617856248125123600178384752591631993072313635672275758489,0xb3d00f908d0bb0320cfb28cfb64904d9d10fb4d3d174baf8a2c9583b6eb66cfb,1773405048,2026-03-13T12:30:48+00:00,0.9975,clob_prices_history
65252813896336788230617856248125123600178384752591631993072313635672275758489,0xb3d00f908d0bb0320cfb28cfb64904d9d10fb4d3d174baf8a2c9583b6eb66cfb,1773405929,2026-03-13T12:45:29+00:00,0.9975,clob_prices_history
65252813896336788230617856248125123600178384752591631993072313635672275758489,0xb3d00f908d0bb0320cfb28cfb64904d9d10fb4d3d174baf8a2c9583b6eb66cfb,1773406833,2026-03-13T13:00:33+00:00,0.9975,clob_prices_history
65252813896336788230617856248125123600178384752591631993072313635672275758489,0xb3d00f908d0bb0320cfb28cfb64904d9d10fb4d3d174baf8a2c9583b6eb66cfb,1773407741,2026-03-13T13:15:41+00:00,0.9975,clob_prices_history
65252813896336788230617856248125123600178384752591631993072313635672275758489,0xb3d00f908d0bb0320cfb28cfb64904d9d10fb4d3d174baf8a2c9583b6eb66cfb,1773408631,2026-03-13T13:30:31+00:00,0.9975,clob_prices_history
65252813896336788230617856248125123600178384752591631993072313635672275758489,0xb3d00f908d0bb0320cfb28cfb64904d9d10fb4d3d174baf8a2c9583b6eb66cfb,1773409526,2026-03-13T13:45:26+00:00,0.9975,clob_prices_history
65252813896336788230617856248125123600178384752591631993072313635672275758489,0xb3d00f908d0bb0320cfb28cfb64904d9d10fb4d3d174baf8a2c9583b6eb66cfb,1773410438,2026-03-13T14:00:38+00:00,0.9975,clob_prices_history
65252813896336788230617856248125123600178384752591631993072313635672275758489,0xb3d00f908d0bb0320cfb28cfb64904d9d10fb4d3d174baf8a2c9583b6eb66cfb,1773411328,2026-03-13T14:15:28+00:00,0.9975,clob_prices_history
65252813896336788230617856248125123600178384752591631993072313635672275758489,0xb3d00f908d0bb0320cfb28cfb64904d9d10fb4d3d174baf8a2c9583b6eb66cfb,1773412231,2026-03-13T14:30:31+00:00,0.9975,clob_prices_history
65252813896336788230617856248125123600178384752591631993072313635672275758489,0xb3d00f908d0bb0320cfb28cfb64904d9d10fb4d3d174baf8a2c9583b6eb66cfb,1773413126,2026-03-13T14:45:26+00:00,0.9975,clob_prices_history
65252813896336788230617856248125123600178384752591631993072313635672275758489,0xb3d00f908d0bb0320cfb28cfb64904d9d10fb4d3d174baf8a2c9583b6eb66cfb,1773414048,2026-03-13T15:00:48+00:00,0.9975,clob_prices_history
65252813896336788230617856248125123600178384752591631993072313635672275758489,0xb3d00f908d0bb0320cfb28cfb64904d9d10fb4d3d174baf8a2c9583b6eb66cfb,1773414928,2026-03-13T15:15:28+00:00,0.9975,clob_prices_history
65252813896336788230617856248125123600178384752591631993072313635672275758489,0xb3d00f908d0bb0320cfb28cfb64904d9d10fb4d3d174baf8a2c9583b6eb66cfb,1773415830,2026-03-13T15:30:30+00:00,0.9975,clob_prices_history
65252813896336788230617856248125123600178384752591631993072313635672275758489,0xb3d00f908d0bb0320cfb28cfb64904d9d10fb4d3d174baf8a2c9583b6eb66cfb,1773416727,2026-03-13T15:45:27+00:00,0.9975,clob_prices_history
65252813896336788230617856248125123600178384752591631993072313635672275758489,0xb3d00f908d0bb0320cfb28cfb64904d9d10fb4d3d174baf8a2c9583b6eb66cfb,1773417643,2026-03-13T16:00:43+00:00,0.9975,clob_prices_history
65252813896336788230617856248125123600178384752591631993072313635672275758489,0xb3d00f908d0bb0320cfb28cfb64904d9d10fb4d3d174baf8a2c9583b6eb66cfb,1773418527,2026-03-13T16:15:27+00:00,0.9975,clob_prices_history
65252813896336788230617856248125123600178384752591631993072313635672275758489,0xb3d00f908d0bb0320cfb28cfb64904d9d10fb4d3d174baf8a2c9583b6eb66cfb,1773419430,2026-03-13T16:30:30+00:00,0.9975,clob_prices_history
65252813896336788230617856248125123600178384752591631993072313635672275758489,0xb3d00f908d0bb0320cfb28cfb64904d9d10fb4d3d174baf8a2c9583b6eb66cfb,1773420328,2026-03-13T16:45:28+00:00,0.9975,clob_prices_history
65252813896336788230617856248125123600178384752591631993072313635672275758489,0xb3d00f908d0bb0320cfb28cfb64904d9d10fb4d3d174baf8a2c9583b6eb66cfb,1773421231,2026-03-13T17:00:31+00:00,0.9975,clob_prices_history
65252813896336788230617856248125123600178384752591631993072313635672275758489,0xb3d00f908d0bb0320cfb28cfb64904d9d10fb4d3d174baf8a2c9583b6eb66cfb,1773422134,2026-03-13T17:15:34+00:00,0.9975,clob_prices_history
65252813896336788230617856248125123600178384752591631993072313635672275758489,0xb3d00f908d0bb0320cfb28cfb64904d9d10fb4d3d174baf8a2c9583b6eb66cfb,1773423032,2026-03-13T17:30:32+00:00,0.9975,clob_prices_history
65252813896336788230617856248125123600178384752591631993072313635672275758489,0xb3d00f908d0bb0320cfb28cfb64904d9d10fb4d3d174baf8a2c9583b6eb66cfb,1773423929,2026-03-13T17:45:29+00:00,0.9975,clob_prices_history
65252813896336788230617856248125123600178384752591631993072313635672275758489,0xb3d00f908d0bb0320cfb28cfb64904d9d10fb4d3d174baf8a2c9583b6eb66cfb,1773424844,2026-03-13T18:00:44+00:00,0.9975,clob_prices_history
65252813896336788230617856248125123600178384752591631993072313635672275758489,0xb3d00f908d0bb0320cfb28cfb64904d9d10fb4d3d174baf8a2c9583b6eb66cfb,1773425728,2026-03-13T18:15:28+00:00,0.9975,clob_prices_history
65252813896336788230617856248125123600178384752591631993072313635672275758489,0xb3d00f908d0bb0320cfb28cfb64904d9d10fb4d3d174baf8a2c9583b6eb66cfb,1773426628,2026-03-13T18:30:28+00:00,0.9975,clob_prices_history
65252813896336788230617856248125123600178384752591631993072313635672275758489,0xb3d00f908d0bb0320cfb28cfb64904d9d10fb4d3d174baf8a2c9583b6eb66cfb,1773427528,2026-03-13T18:45:28+00:00,0.9975,clob_prices_history
65252813896336788230617856248125123600178384752591631993072313635672275758489,0xb3d00f908d0bb0320cfb28cfb64904d9d10fb4d3d174baf8a2c9583b6eb66cfb,1773428439,2026-03-13T19:00:39+00:00,0.9975,clob_prices_history
65252813896336788230617856248125123600178384752591631993072313635672275758489,0xb3d00f908d0bb0320cfb28cfb64904d9d10fb4d3d174baf8a2c9583b6eb66cfb,1773429327,2026-03-13T19:15:27+00:00,0.9975,clob_prices_history
65252813896336788230617856248125123600178384752591631993072313635672275758489,0xb3d00f908d0bb0320cfb28cfb64904d9d10fb4d3d174baf8a2c9583b6eb66cfb,1773430235,2026-03-13T19:30:35+00:00,0.9975,clob_prices_history
65252813896336788230617856248125123600178384752591631993072313635672275758489,0xb3d00f908d0bb0320cfb28cfb64904d9d10fb4d3d174baf8a2c9583b6eb66cfb,1773431129,2026-03-13T19:45:29+00:00,0.9975,clob_prices_history
65252813896336788230617856248125123600178384752591631993072313635672275758489,0xb3d00f908d0bb0320cfb28cfb64904d9d10fb4d3d174baf8a2c9583b6eb66cfb,1773432031,2026-03-13T20:00:31+00:00,0.9975,clob_prices_history
65252813896336788230617856248125123600178384752591631993072313635672275758489,0xb3d00f908d0bb0320cfb28cfb64904d9d10fb4d3d174baf8a2c9583b6eb66cfb,1773432943,2026-03-13T20:15:43+00:00,0.9975,clob_prices_history
65252813896336788230617856248125123600178384752591631993072313635672275758489,0xb3d00f908d0bb0320cfb28cfb64904d9d10fb4d3d174baf8a2c9583b6eb66cfb,1773433833,2026-03-13T20:30:33+00:00,0.9975,clob_prices_history
65252813896336788230617856248125123600178384752591631993072313635672275758489,0xb3d00f908d0bb0320cfb28cfb64904d9d10fb4d3d174baf8a2c9583b6eb66cfb,1773434729,2026-03-13T20:45:29+00:00,0.9975,clob_prices_history
65252813896336788230617856248125123600178384752591631993072313635672275758489,0xb3d00f908d0bb0320cfb28cfb64904d9d10fb4d3d174baf8a2c9583b6eb66cfb,1773435652,2026-03-13T21:00:52+00:00,0.9975,clob_prices_history
65252813896336788230617856248125123600178384752591631993072313635672275758489,0xb3d00f908d0bb0320cfb28cfb64904d9d10fb4d3d174baf8a2c9583b6eb66cfb,1773436529,2026-03-13T21:15:29+00:00,0.9975,clob_prices_history
65252813896336788230617856248125123600178384752591631993072313635672275758489,0xb3d00f908d0bb0320cfb28cfb64904d9d10fb4d3d174baf8a2c9583b6eb66cfb,1773437428,2026-03-13T21:30:28+00:00,0.9975,clob_prices_history
65252813896336788230617856248125123600178384752591631993072313635672275758489,0xb3d00f908d0bb0320cfb28cfb64904d9d10fb4d3d174baf8a2c9583b6eb66cfb,1773438328,2026-03-13T21:45:28+00:00,0.9975,clob_prices_history
65252813896336788230617856248125123600178384752591631993072313635672275758489,0xb3d00f908d0bb0320cfb28cfb64904d9d10fb4d3d174baf8a2c9583b6eb66cfb,1773439236,2026-03-13T22:00:36+00:00,0.9975,clob_prices_history
65252813896336788230617856248125123600178384752591631993072313635672275758489,0xb3d00f908d0bb0320cfb28cfb64904d9d10fb4d3d174baf8a2c9583b6eb66cfb,1773440135,2026-03-13T22:15:35+00:00,0.9975,clob_prices_history
65252813896336788230617856248125123600178384752591631993072313635672275758489,0xb3d00f908d0bb0320cfb28cfb64904d9d10fb4d3d174baf8a2c9583b6eb66cfb,1773441030,2026-03-13T22:30:30+00:00,0.9975,clob_prices_history
65252813896336788230617856248125123600178384752591631993072313635672275758489,0xb3d00f908d0bb0320cfb28cfb64904d9d10fb4d3d174baf8a2c9583b6eb66cfb,1773441927,2026-03-13T22:45:27+00:00,0.9975,clob_prices_history
65252813896336788230617856248125123600178384752591631993072313635672275758489,0xb3d00f908d0bb0320cfb28cfb64904d9d10fb4d3d174baf8a2c9583b6eb66cfb,1773442828,2026-03-13T23:00:28+00:00,0.9975,clob_prices_history
65252813896336788230617856248125123600178384752591631993072313635672275758489,0xb3d00f908d0bb0320cfb28cfb64904d9d10fb4d3d174baf8a2c9583b6eb66cfb,1773443727,2026-03-13T23:15:27+00:00,0.9975,clob_prices_history
65252813896336788230617856248125123600178384752591631993072313635672275758489,0xb3d00f908d0bb0320cfb28cfb64904d9d10fb4d3d174baf8a2c9583b6eb66cfb,1773444632,2026-03-13T23:30:32+00:00,0.9975,clob_prices_history
65252813896336788230617856248125123600178384752591631993072313635672275758489,0xb3d00f908d0bb0320cfb28cfb64904d9d10fb4d3d174baf8a2c9583b6eb66cfb,1773445530,2026-03-13T23:45:30+00:00,0.9975,clob_prices_history
65252813896336788230617856248125123600178384752591631993072313635672275758489,0xb3d00f908d0bb0320cfb28cfb64904d9d10fb4d3d174baf8a2c9583b6eb66cfb,1773446446,2026-03-14T00:00:46+00:00,0.9975,clob_prices_history
65252813896336788230617856248125123600178384752591631993072313635672275758489,0xb3d00f908d0bb0320cfb28cfb64904d9d10fb4d3d174baf8a2c9583b6eb66cfb,1773447327,2026-03-14T00:15:27+00:00,0.9975,clob_prices_history
65252813896336788230617856248125123600178384752591631993072313635672275758489,0xb3d00f908d0bb0320cfb28cfb64904d9d10fb4d3d174baf8a2c9583b6eb66cfb,1773448230,2026-03-14T00:30:30+00:00,0.9975,clob_prices_history
65252813896336788230617856248125123600178384752591631993072313635672275758489,0xb3d00f908d0bb0320cfb28cfb64904d9d10fb4d3d174baf8a2c9583b6eb66cfb,1773449126,2026-03-14T00:45:26+00:00,0.9975,clob_prices_history
65252813896336788230617856248125123600178384752591631993072313635672275758489,0xb3d00f908d0bb0320cfb28cfb64904d9d10fb4d3d174baf8a2c9583b6eb66cfb,1773450030,2026-03-14T01:00:30+00:00,0.9975,clob_prices_history
65252813896336788230617856248125123600178384752591631993072313635672275758489,0xb3d00f908d0bb0320cfb28cfb64904d9d10fb4d3d174baf8a2c9583b6eb66cfb,1773450925,2026-03-14T01:15:25+00:00,0.9975,clob_prices_history
65252813896336788230617856248125123600178384752591631993072313635672275758489,0xb3d00f908d0bb0320cfb28cfb64904d9d10fb4d3d174baf8a2c9583b6eb66cfb,1773451840,2026-03-14T01:30:40+00:00,0.9975,clob_prices_history
65252813896336788230617856248125123600178384752591631993072313635672275758489,0xb3d00f908d0bb0320cfb28cfb64904d9d10fb4d3d174baf8a2c9583b6eb66cfb,1773452727,2026-03-14T01:45:27+00:00,0.9975,clob_prices_history
65252813896336788230617856248125123600178384752591631993072313635672275758489,0xb3d00f908d0bb0320cfb28cfb64904d9d10fb4d3d174baf8a2c9583b6eb66cfb,1773453629,2026-03-14T02:00:29+00:00,0.9975,clob_prices_history
65252813896336788230617856248125123600178384752591631993072313635672275758489,0xb3d00f908d0bb0320cfb28cfb64904d9d10fb4d3d174baf8a2c9583b6eb66cfb,1773454525,2026-03-14T02:15:25+00:00,0.9975,clob_prices_history
65252813896336788230617856248125123600178384752591631993072313635672275758489,0xb3d00f908d0bb0320cfb28cfb64904d9d10fb4d3d174baf8a2c9583b6eb66cfb,1773455433,2026-03-14T02:30:33+00:00,0.9975,clob_prices_history
65252813896336788230617856248125123600178384752591631993072313635672275758489,0xb3d00f908d0bb0320cfb28cfb64904d9d10fb4d3d174baf8a2c9583b6eb66cfb,1773456326,2026-03-14T02:45:26+00:00,0.9975,clob_prices_history
65252813896336788230617856248125123600178384752591631993072313635672275758489,0xb3d00f908d0bb0320cfb28cfb64904d9d10fb4d3d174baf8a2c9583b6eb66cfb,1773457246,2026-03-14T03:00:46+00:00,0.9975,clob_prices_history
65252813896336788230617856248125123600178384752591631993072313635672275758489,0xb3d00f908d0bb0320cfb28cfb64904d9d10fb4d3d174baf8a2c9583b6eb66cfb,1773458126,2026-03-14T03:15:26+00:00,0.9975,clob_prices_history
65252813896336788230617856248125123600178384752591631993072313635672275758489,0xb3d00f908d0bb0320cfb28cfb64904d9d10fb4d3d174baf8a2c9583b6eb66cfb,1773459033,2026-03-14T03:30:33+00:00,0.9975,clob_prices_history
65252813896336788230617856248125123600178384752591631993072313635672275758489,0xb3d00f908d0bb0320cfb28cfb64904d9d10fb4d3d174baf8a2c9583b6eb66cfb,1773459926,2026-03-14T03:45:26+00:00,0.9975,clob_prices_history
65252813896336788230617856248125123600178384752591631993072313635672275758489,0xb3d00f908d0bb0320cfb28cfb64904d9d10fb4d3d174baf8a2c9583b6eb66cfb,1773460828,2026-03-14T04:00:28+00:00,0.9975,clob_prices_history
65252813896336788230617856248125123600178384752591631993072313635672275758489,0xb3d00f908d0bb0320cfb28cfb64904d9d10fb4d3d174baf8a2c9583b6eb66cfb,1773461727,2026-03-14T04:15:27+00:00,0.9975,clob_prices_history
65252813896336788230617856248125123600178384752591631993072313635672275758489,0xb3d00f908d0bb0320cfb28cfb64904d9d10fb4d3d174baf8a2c9583b6eb66cfb,1773462632,2026-03-14T04:30:32+00:00,0.9975,clob_prices_history
65252813896336788230617856248125123600178384752591631993072313635672275758489,0xb3d00f908d0bb0320cfb28cfb64904d9d10fb4d3d174baf8a2c9583b6eb66cfb,1773463528,2026-03-14T04:45:28+00:00,0.9975,clob_prices_history
65252813896336788230617856248125123600178384752591631993072313635672275758489,0xb3d00f908d0bb0320cfb28cfb64904d9d10fb4d3d174baf8a2c9583b6eb66cfb,1773464429,2026-03-14T05:00:29+00:00,0.9975,clob_prices_history
65252813896336788230617856248125123600178384752591631993072313635672275758489,0xb3d00f908d0bb0320cfb28cfb64904d9d10fb4d3d174baf8a2c9583b6eb66cfb,1773465330,2026-03-14T05:15:30+00:00,0.9975,clob_prices_history
65252813896336788230617856248125123600178384752591631993072313635672275758489,0xb3d00f908d0bb0320cfb28cfb64904d9d10fb4d3d174baf8a2c9583b6eb66cfb,1773466231,2026-03-14T05:30:31+00:00,0.9975,clob_prices_history
65252813896336788230617856248125123600178384752591631993072313635672275758489,0xb3d00f908d0bb0320cfb28cfb64904d9d10fb4d3d174baf8a2c9583b6eb66cfb,1773467128,2026-03-14T05:45:28+00:00,0.9975,clob_prices_history
65252813896336788230617856248125123600178384752591631993072313635672275758489,0xb3d00f908d0bb0320cfb28cfb64904d9d10fb4d3d174baf8a2c9583b6eb66cfb,1773468044,2026-03-14T06:00:44+00:00,0.9975,clob_prices_history
65252813896336788230617856248125123600178384752591631993072313635672275758489,0xb3d00f908d0bb0320cfb28cfb64904d9d10fb4d3d174baf8a2c9583b6eb66cfb,1773468931,2026-03-14T06:15:31+00:00,0.9975,clob_prices_history
65252813896336788230617856248125123600178384752591631993072313635672275758489,0xb3d00f908d0bb0320cfb28cfb64904d9d10fb4d3d174baf8a2c9583b6eb66cfb,1773469830,2026-03-14T06:30:30+00:00,0.9975,clob_prices_history
65252813896336788230617856248125123600178384752591631993072313635672275758489,0xb3d00f908d0bb0320cfb28cfb64904d9d10fb4d3d174baf8a2c9583b6eb66cfb,1773470741,2026-03-14T06:45:41+00:00,0.9975,clob_prices_history
65252813896336788230617856248125123600178384752591631993072313635672275758489,0xb3d00f908d0bb0320cfb28cfb64904d9d10fb4d3d174baf8a2c9583b6eb66cfb,1773471629,2026-03-14T07:00:29+00:00,0.9975,clob_prices_history
65252813896336788230617856248125123600178384752591631993072313635672275758489,0xb3d00f908d0bb0320cfb28cfb64904d9d10fb4d3d174baf8a2c9583b6eb66cfb,1773472527,2026-03-14T07:15:27+00:00,0.9975,clob_prices_history
65252813896336788230617856248125123600178384752591631993072313635672275758489,0xb3d00f908d0bb0320cfb28cfb64904d9d10fb4d3d174baf8a2c9583b6eb66cfb,1773473432,2026-03-14T07:30:32+00:00,0.9975,clob_prices_history
65252813896336788230617856248125123600178384752591631993072313635672275758489,0xb3d00f908d0bb0320cfb28cfb64904d9d10fb4d3d174baf8a2c9583b6eb66cfb,1773474331,2026-03-14T07:45:31+00:00,0.9975,clob_prices_history
65252813896336788230617856248125123600178384752591631993072313635672275758489,0xb3d00f908d0bb0320cfb28cfb64904d9d10fb4d3d174baf8a2c9583b6eb66cfb,1773475231,2026-03-14T08:00:31+00:00,0.9975,clob_prices_history
65252813896336788230617856248125123600178384752591631993072313635672275758489,0xb3d00f908d0bb0320cfb28cfb64904d9d10fb4d3d174baf8a2c9583b6eb66cfb,1773476127,2026-03-14T08:15:27+00:00,0.9975,clob_prices_history
65252813896336788230617856248125123600178384752591631993072313635672275758489,0xb3d00f908d0bb0320cfb28cfb64904d9d10fb4d3d174baf8a2c9583b6eb66cfb,1773477027,2026-03-14T08:30:27+00:00,0.9975,clob_prices_history
65252813896336788230617856248125123600178384752591631993072313635672275758489,0xb3d00f908d0bb0320cfb28cfb64904d9d10fb4d3d174baf8a2c9583b6eb66cfb,1773477940,2026-03-14T08:45:40+00:00,0.9975,clob_prices_history
65252813896336788230617856248125123600178384752591631993072313635672275758489,0xb3d00f908d0bb0320cfb28cfb64904d9d10fb4d3d174baf8a2c9583b6eb66cfb,1773478843,2026-03-14T09:00:43+00:00,0.9975,clob_prices_history
65252813896336788230617856248125123600178384752591631993072313635672275758489,0xb3d00f908d0bb0320cfb28cfb64904d9d10fb4d3d174baf8a2c9583b6eb66cfb,1773479727,2026-03-14T09:15:27+00:00,0.9975,clob_prices_history
65252813896336788230617856248125123600178384752591631993072313635672275758489,0xb3d00f908d0bb0320cfb28cfb64904d9d10fb4d3d174baf8a2c9583b6eb66cfb,1773480630,2026-03-14T09:30:30+00:00,0.9975,clob_prices_history
65252813896336788230617856248125123600178384752591631993072313635672275758489,0xb3d00f908d0bb0320cfb28cfb64904d9d10fb4d3d174baf8a2c9583b6eb66cfb,1773481530,2026-03-14T09:45:30+00:00,0.9975,clob_prices_history
65252813896336788230617856248125123600178384752591631993072313635672275758489,0xb3d00f908d0bb0320cfb28cfb64904d9d10fb4d3d174baf8a2c9583b6eb66cfb,1773482428,2026-03-14T10:00:28+00:00,0.9975,clob_prices_history
65252813896336788230617856248125123600178384752591631993072313635672275758489,0xb3d00f908d0bb0320cfb28cfb64904d9d10fb4d3d174baf8a2c9583b6eb66cfb,1773483342,2026-03-14T10:15:42+00:00,0.9975,clob_prices_history
65252813896336788230617856248125123600178384752591631993072313635672275758489,0xb3d00f908d0bb0320cfb28cfb64904d9d10fb4d3d174baf8a2c9583b6eb66cfb,1773484229,2026-03-14T10:30:29+00:00,0.9975,clob_prices_history
65252813896336788230617856248125123600178384752591631993072313635672275758489,0xb3d00f908d0bb0320cfb28cfb64904d9d10fb4d3d174baf8a2c9583b6eb66cfb,1773485128,2026-03-14T10:45:28+00:00,0.9975,clob_prices_history
65252813896336788230617856248125123600178384752591631993072313635672275758489,0xb3d00f908d0bb0320cfb28cfb64904d9d10fb4d3d174baf8a2c9583b6eb66cfb,1773486031,2026-03-14T11:00:31+00:00,0.9975,clob_prices_history
65252813896336788230617856248125123600178384752591631993072313635672275758489,0xb3d00f908d0bb0320cfb28cfb64904d9d10fb4d3d174baf8a2c9583b6eb66cfb,1773486925,2026-03-14T11:15:25+00:00,0.9975,clob_prices_history
65252813896336788230617856248125123600178384752591631993072313635672275758489,0xb3d00f908d0bb0320cfb28cfb64904d9d10fb4d3d174baf8a2c9583b6eb66cfb,1773487841,2026-03-14T11:30:41+00:00,0.9975,clob_prices_history
65252813896336788230617856248125123600178384752591631993072313635672275758489,0xb3d00f908d0bb0320cfb28cfb64904d9d10fb4d3d174baf8a2c9583b6eb66cfb,1773488727,2026-03-14T11:45:27+00:00,0.9975,clob_prices_history
65252813896336788230617856248125123600178384752591631993072313635672275758489,0xb3d00f908d0bb0320cfb28cfb64904d9d10fb4d3d174baf8a2c9583b6eb66cfb,1773489649,2026-03-14T12:00:49+00:00,0.9975,clob_prices_history
65252813896336788230617856248125123600178384752591631993072313635672275758489,0xb3d00f908d0bb0320cfb28cfb64904d9d10fb4d3d174baf8a2c9583b6eb66cfb,1773490528,2026-03-14T12:15:28+00:00,0.9975,clob_prices_history
65252813896336788230617856248125123600178384752591631993072313635672275758489,0xb3d00f908d0bb0320cfb28cfb64904d9d10fb4d3d174baf8a2c9583b6eb66cfb,1773491445,2026-03-14T12:30:45+00:00,0.9975,clob_prices_history
65252813896336788230617856248125123600178384752591631993072313635672275758489,0xb3d00f908d0bb0320cfb28cfb64904d9d10fb4d3d174baf8a2c9583b6eb66cfb,1773492338,2026-03-14T12:45:38+00:00,0.9975,clob_prices_history
65252813896336788230617856248125123600178384752591631993072313635672275758489,0xb3d00f908d0bb0320cfb28cfb64904d9d10fb4d3d174baf8a2c9583b6eb66cfb,1773493247,2026-03-14T13:00:47+00:00,0.9975,clob_prices_history
65252813896336788230617856248125123600178384752591631993072313635672275758489,0xb3d00f908d0bb0320cfb28cfb64904d9d10fb4d3d174baf8a2c9583b6eb66cfb,1773494129,2026-03-14T13:15:29+00:00,0.9975,clob_prices_history
65252813896336788230617856248125123600178384752591631993072313635672275758489,0xb3d00f908d0bb0320cfb28cfb64904d9d10fb4d3d174baf8a2c9583b6eb66cfb,1773495034,2026-03-14T13:30:34+00:00,0.9975,clob_prices_history
65252813896336788230617856248125123600178384752591631993072313635672275758489,0xb3d00f908d0bb0320cfb28cfb64904d9d10fb4d3d174baf8a2c9583b6eb66cfb,1773495936,2026-03-14T13:45:36+00:00,0.9975,clob_prices_history
65252813896336788230617856248125123600178384752591631993072313635672275758489,0xb3d00f908d0bb0320cfb28cfb64904d9d10fb4d3d174baf8a2c9583b6eb66cfb,1773496833,2026-03-14T14:00:33+00:00,0.9975,clob_prices_history
65252813896336788230617856248125123600178384752591631993072313635672275758489,0xb3d00f908d0bb0320cfb28cfb64904d9d10fb4d3d174baf8a2c9583b6eb66cfb,1773497729,2026-03-14T14:15:29+00:00,0.9975,clob_prices_history
65252813896336788230617856248125123600178384752591631993072313635672275758489,0xb3d00f908d0bb0320cfb28cfb64904d9d10fb4d3d174baf8a2c9583b6eb66cfb,1773498629,2026-03-14T14:30:29+00:00,0.9975,clob_prices_history
65252813896336788230617856248125123600178384752591631993072313635672275758489,0xb3d00f908d0bb0320cfb28cfb64904d9d10fb4d3d174baf8a2c9583b6eb66cfb,1773499529,2026-03-14T14:45:29+00:00,0.9975,clob_prices_history
65252813896336788230617856248125123600178384752591631993072313635672275758489,0xb3d00f908d0bb0320cfb28cfb64904d9d10fb4d3d174baf8a2c9583b6eb66cfb,1773500445,2026-03-14T15:00:45+00:00,0.9975,clob_prices_history
65252813896336788230617856248125123600178384752591631993072313635672275758489,0xb3d00f908d0bb0320cfb28cfb64904d9d10fb4d3d174baf8a2c9583b6eb66cfb,1773501327,2026-03-14T15:15:27+00:00,0.9975,clob_prices_history
65252813896336788230617856248125123600178384752591631993072313635672275758489,0xb3d00f908d0bb0320cfb28cfb64904d9d10fb4d3d174baf8a2c9583b6eb66cfb,1773502237,2026-03-14T15:30:37+00:00,0.9975,clob_prices_history
65252813896336788230617856248125123600178384752591631993072313635672275758489,0xb3d00f908d0bb0320cfb28cfb64904d9d10fb4d3d174baf8a2c9583b6eb66cfb,1773503126,2026-03-14T15:45:26+00:00,0.9975,clob_prices_history
65252813896336788230617856248125123600178384752591631993072313635672275758489,0xb3d00f908d0bb0320cfb28cfb64904d9d10fb4d3d174baf8a2c9583b6eb66cfb,1773504033,2026-03-14T16:00:33+00:00,0.9975,clob_prices_history
65252813896336788230617856248125123600178384752591631993072313635672275758489,0xb3d00f908d0bb0320cfb28cfb64904d9d10fb4d3d174baf8a2c9583b6eb66cfb,1773504926,2026-03-14T16:15:26+00:00,0.9975,clob_prices_history
65252813896336788230617856248125123600178384752591631993072313635672275758489,0xb3d00f908d0bb0320cfb28cfb64904d9d10fb4d3d174baf8a2c9583b6eb66cfb,1773505830,2026-03-14T16:30:30+00:00,0.9975,clob_prices_history
65252813896336788230617856248125123600178384752591631993072313635672275758489,0xb3d00f908d0bb0320cfb28cfb64904d9d10fb4d3d174baf8a2c9583b6eb66cfb,1773506730,2026-03-14T16:45:30+00:00,0.9975,clob_prices_history
65252813896336788230617856248125123600178384752591631993072313635672275758489,0xb3d00f908d0bb0320cfb28cfb64904d9d10fb4d3d174baf8a2c9583b6eb66cfb,1773507655,2026-03-14T17:00:55+00:00,0.9975,clob_prices_history
65252813896336788230617856248125123600178384752591631993072313635672275758489,0xb3d00f908d0bb0320cfb28cfb64904d9d10fb4d3d174baf8a2c9583b6eb66cfb,1773508529,2026-03-14T17:15:29+00:00,0.9975,clob_prices_history
65252813896336788230617856248125123600178384752591631993072313635672275758489,0xb3d00f908d0bb0320cfb28cfb64904d9d10fb4d3d174baf8a2c9583b6eb66cfb,1773509431,2026-03-14T17:30:31+00:00,0.9975,clob_prices_history
65252813896336788230617856248125123600178384752591631993072313635672275758489,0xb3d00f908d0bb0320cfb28cfb64904d9d10fb4d3d174baf8a2c9583b6eb66cfb,1773510326,2026-03-14T17:45:26+00:00,0.9975,clob_prices_history
65252813896336788230617856248125123600178384752591631993072313635672275758489,0xb3d00f908d0bb0320cfb28cfb64904d9d10fb4d3d174baf8a2c9583b6eb66cfb,1773511243,2026-03-14T18:00:43+00:00,0.9975,clob_prices_history
65252813896336788230617856248125123600178384752591631993072313635672275758489,0xb3d00f908d0bb0320cfb28cfb64904d9d10fb4d3d174baf8a2c9583b6eb66cfb,1773512128,2026-03-14T18:15:28+00:00,0.9975,clob_prices_history
65252813896336788230617856248125123600178384752591631993072313635672275758489,0xb3d00f908d0bb0320cfb28cfb64904d9d10fb4d3d174baf8a2c9583b6eb66cfb,1773513031,2026-03-14T18:30:31+00:00,0.9975,clob_prices_history
65252813896336788230617856248125123600178384752591631993072313635672275758489,0xb3d00f908d0bb0320cfb28cfb64904d9d10fb4d3d174baf8a2c9583b6eb66cfb,1773513925,2026-03-14T18:45:25+00:00,0.9975,clob_prices_history
65252813896336788230617856248125123600178384752591631993072313635672275758489,0xb3d00f908d0bb0320cfb28cfb64904d9d10fb4d3d174baf8a2c9583b6eb66cfb,1773514833,2026-03-14T19:00:33+00:00,0.9975,clob_prices_history
65252813896336788230617856248125123600178384752591631993072313635672275758489,0xb3d00f908d0bb0320cfb28cfb64904d9d10fb4d3d174baf8a2c9583b6eb66cfb,1773515739,2026-03-14T19:15:39+00:00,0.9975,clob_prices_history
65252813896336788230617856248125123600178384752591631993072313635672275758489,0xb3d00f908d0bb0320cfb28cfb64904d9d10fb4d3d174baf8a2c9583b6eb66cfb,1773516628,2026-03-14T19:30:28+00:00,0.9975,clob_prices_history
65252813896336788230617856248125123600178384752591631993072313635672275758489,0xb3d00f908d0bb0320cfb28cfb64904d9d10fb4d3d174baf8a2c9583b6eb66cfb,1773517527,2026-03-14T19:45:27+00:00,0.9985,clob_prices_history
65252813896336788230617856248125123600178384752591631993072313635672275758489,0xb3d00f908d0bb0320cfb28cfb64904d9d10fb4d3d174baf8a2c9583b6eb66cfb,1773518429,2026-03-14T20:00:29+00:00,0.9985,clob_prices_history
65252813896336788230617856248125123600178384752591631993072313635672275758489,0xb3d00f908d0bb0320cfb28cfb64904d9d10fb4d3d174baf8a2c9583b6eb66cfb,1773519326,2026-03-14T20:15:26+00:00,0.9985,clob_prices_history
65252813896336788230617856248125123600178384752591631993072313635672275758489,0xb3d00f908d0bb0320cfb28cfb64904d9d10fb4d3d174baf8a2c9583b6eb66cfb,1773520240,2026-03-14T20:30:40+00:00,0.9985,clob_prices_history
65252813896336788230617856248125123600178384752591631993072313635672275758489,0xb3d00f908d0bb0320cfb28cfb64904d9d10fb4d3d174baf8a2c9583b6eb66cfb,1773521126,2026-03-14T20:45:26+00:00,0.9985,clob_prices_history
65252813896336788230617856248125123600178384752591631993072313635672275758489,0xb3d00f908d0bb0320cfb28cfb64904d9d10fb4d3d174baf8a2c9583b6eb66cfb,1773522044,2026-03-14T21:00:44+00:00,0.9985,clob_prices_history
65252813896336788230617856248125123600178384752591631993072313635672275758489,0xb3d00f908d0bb0320cfb28cfb64904d9d10fb4d3d174baf8a2c9583b6eb66cfb,1773522934,2026-03-14T21:15:34+00:00,0.9985,clob_prices_history
65252813896336788230617856248125123600178384752591631993072313635672275758489,0xb3d00f908d0bb0320cfb28cfb64904d9d10fb4d3d174baf8a2c9583b6eb66cfb,1773523827,2026-03-14T21:30:27+00:00,0.9985,clob_prices_history
65252813896336788230617856248125123600178384752591631993072313635672275758489,0xb3d00f908d0bb0320cfb28cfb64904d9d10fb4d3d174baf8a2c9583b6eb66cfb,1773524743,2026-03-14T21:45:43+00:00,0.9985,clob_prices_history
65252813896336788230617856248125123600178384752591631993072313635672275758489,0xb3d00f908d0bb0320cfb28cfb64904d9d10fb4d3d174baf8a2c9583b6eb66cfb,1773525637,2026-03-14T22:00:37+00:00,0.9985,clob_prices_history
65252813896336788230617856248125123600178384752591631993072313635672275758489,0xb3d00f908d0bb0320cfb28cfb64904d9d10fb4d3d174baf8a2c9583b6eb66cfb,1773526540,2026-03-14T22:15:40+00:00,0.9985,clob_prices_history
65252813896336788230617856248125123600178384752591631993072313635672275758489,0xb3d00f908d0bb0320cfb28cfb64904d9d10fb4d3d174baf8a2c9583b6eb66cfb,1773527430,2026-03-14T22:30:30+00:00,0.9985,clob_prices_history
65252813896336788230617856248125123600178384752591631993072313635672275758489,0xb3d00f908d0bb0320cfb28cfb64904d9d10fb4d3d174baf8a2c9583b6eb66cfb,1773528339,2026-03-14T22:45:39+00:00,0.9985,clob_prices_history
65252813896336788230617856248125123600178384752591631993072313635672275758489,0xb3d00f908d0bb0320cfb28cfb64904d9d10fb4d3d174baf8a2c9583b6eb66cfb,1773529228,2026-03-14T23:00:28+00:00,0.9985,clob_prices_history
65252813896336788230617856248125123600178384752591631993072313635672275758489,0xb3d00f908d0bb0320cfb28cfb64904d9d10fb4d3d174baf8a2c9583b6eb66cfb,1773530128,2026-03-14T23:15:28+00:00,0.9985,clob_prices_history
65252813896336788230617856248125123600178384752591631993072313635672275758489,0xb3d00f908d0bb0320cfb28cfb64904d9d10fb4d3d174baf8a2c9583b6eb66cfb,1773531032,2026-03-14T23:30:32+00:00,0.9985,clob_prices_history
65252813896336788230617856248125123600178384752591631993072313635672275758489,0xb3d00f908d0bb0320cfb28cfb64904d9d10fb4d3d174baf8a2c9583b6eb66cfb,1773531927,2026-03-14T23:45:27+00:00,0.9985,clob_prices_history
65252813896336788230617856248125123600178384752591631993072313635672275758489,0xb3d00f908d0bb0320cfb28cfb64904d9d10fb4d3d174baf8a2c9583b6eb66cfb,1773532849,2026-03-15T00:00:49+00:00,0.9985,clob_prices_history
65252813896336788230617856248125123600178384752591631993072313635672275758489,0xb3d00f908d0bb0320cfb28cfb64904d9d10fb4d3d174baf8a2c9583b6eb66cfb,1773533729,2026-03-15T00:15:29+00:00,0.9985,clob_prices_history
65252813896336788230617856248125123600178384752591631993072313635672275758489,0xb3d00f908d0bb0320cfb28cfb64904d9d10fb4d3d174baf8a2c9583b6eb66cfb,1773534631,2026-03-15T00:30:31+00:00,0.9985,clob_prices_history
65252813896336788230617856248125123600178384752591631993072313635672275758489,0xb3d00f908d0bb0320cfb28cfb64904d9d10fb4d3d174baf8a2c9583b6eb66cfb,1773535529,2026-03-15T00:45:29+00:00,0.9985,clob_prices_history
65252813896336788230617856248125123600178384752591631993072313635672275758489,0xb3d00f908d0bb0320cfb28cfb64904d9d10fb4d3d174baf8a2c9583b6eb66cfb,1773536429,2026-03-15T01:00:29+00:00,0.9985,clob_prices_history
65252813896336788230617856248125123600178384752591631993072313635672275758489,0xb3d00f908d0bb0320cfb28cfb64904d9d10fb4d3d174baf8a2c9583b6eb66cfb,1773537330,2026-03-15T01:15:30+00:00,0.9985,clob_prices_history
65252813896336788230617856248125123600178384752591631993072313635672275758489,0xb3d00f908d0bb0320cfb28cfb64904d9d10fb4d3d174baf8a2c9583b6eb66cfb,1773538230,2026-03-15T01:30:30+00:00,0.9985,clob_prices_history
65252813896336788230617856248125123600178384752591631993072313635672275758489,0xb3d00f908d0bb0320cfb28cfb64904d9d10fb4d3d174baf8a2c9583b6eb66cfb,1773539128,2026-03-15T01:45:28+00:00,0.9985,clob_prices_history
65252813896336788230617856248125123600178384752591631993072313635672275758489,0xb3d00f908d0bb0320cfb28cfb64904d9d10fb4d3d174baf8a2c9583b6eb66cfb,1773540031,2026-03-15T02:00:31+00:00,0.9985,clob_prices_history
65252813896336788230617856248125123600178384752591631993072313635672275758489,0xb3d00f908d0bb0320cfb28cfb64904d9d10fb4d3d174baf8a2c9583b6eb66cfb,1773540927,2026-03-15T02:15:27+00:00,0.9985,clob_prices_history
65252813896336788230617856248125123600178384752591631993072313635672275758489,0xb3d00f908d0bb0320cfb28cfb64904d9d10fb4d3d174baf8a2c9583b6eb66cfb,1773541828,2026-03-15T02:30:28+00:00,0.9985,clob_prices_history
65252813896336788230617856248125123600178384752591631993072313635672275758489,0xb3d00f908d0bb0320cfb28cfb64904d9d10fb4d3d174baf8a2c9583b6eb66cfb,1773542725,2026-03-15T02:45:25+00:00,0.9985,clob_prices_history
65252813896336788230617856248125123600178384752591631993072313635672275758489,0xb3d00f908d0bb0320cfb28cfb64904d9d10fb4d3d174baf8a2c9583b6eb66cfb,1773543645,2026-03-15T03:00:45+00:00,0.9985,clob_prices_history
65252813896336788230617856248125123600178384752591631993072313635672275758489,0xb3d00f908d0bb0320cfb28cfb64904d9d10fb4d3d174baf8a2c9583b6eb66cfb,1773544528,2026-03-15T03:15:28+00:00,0.9985,clob_prices_history
65252813896336788230617856248125123600178384752591631993072313635672275758489,0xb3d00f908d0bb0320cfb28cfb64904d9d10fb4d3d174baf8a2c9583b6eb66cfb,1773545429,2026-03-15T03:30:29+00:00,0.9985,clob_prices_history
65252813896336788230617856248125123600178384752591631993072313635672275758489,0xb3d00f908d0bb0320cfb28cfb64904d9d10fb4d3d174baf8a2c9583b6eb66cfb,1773546327,2026-03-15T03:45:27+00:00,0.9985,clob_prices_history
65252813896336788230617856248125123600178384752591631993072313635672275758489,0xb3d00f908d0bb0320cfb28cfb64904d9d10fb4d3d174baf8a2c9583b6eb66cfb,1773547229,2026-03-15T04:00:29+00:00,0.9985,clob_prices_history
65252813896336788230617856248125123600178384752591631993072313635672275758489,0xb3d00f908d0bb0320cfb28cfb64904d9d10fb4d3d174baf8a2c9583b6eb66cfb,1773548126,2026-03-15T04:15:26+00:00,0.9985,clob_prices_history
65252813896336788230617856248125123600178384752591631993072313635672275758489,0xb3d00f908d0bb0320cfb28cfb64904d9d10fb4d3d174baf8a2c9583b6eb66cfb,1773549030,2026-03-15T04:30:30+00:00,0.9985,clob_prices_history
65252813896336788230617856248125123600178384752591631993072313635672275758489,0xb3d00f908d0bb0320cfb28cfb64904d9d10fb4d3d174baf8a2c9583b6eb66cfb,1773549928,2026-03-15T04:45:28+00:00,0.9985,clob_prices_history
65252813896336788230617856248125123600178384752591631993072313635672275758489,0xb3d00f908d0bb0320cfb28cfb64904d9d10fb4d3d174baf8a2c9583b6eb66cfb,1773550829,2026-03-15T05:00:29+00:00,0.9985,clob_prices_history
65252813896336788230617856248125123600178384752591631993072313635672275758489,0xb3d00f908d0bb0320cfb28cfb64904d9d10fb4d3d174baf8a2c9583b6eb66cfb,1773551725,2026-03-15T05:15:25+00:00,0.9985,clob_prices_history
65252813896336788230617856248125123600178384752591631993072313635672275758489,0xb3d00f908d0bb0320cfb28cfb64904d9d10fb4d3d174baf8a2c9583b6eb66cfb,1773552632,2026-03-15T05:30:32+00:00,0.9985,clob_prices_history
65252813896336788230617856248125123600178384752591631993072313635672275758489,0xb3d00f908d0bb0320cfb28cfb64904d9d10fb4d3d174baf8a2c9583b6eb66cfb,1773553526,2026-03-15T05:45:26+00:00,0.9985,clob_prices_history
65252813896336788230617856248125123600178384752591631993072313635672275758489,0xb3d00f908d0bb0320cfb28cfb64904d9d10fb4d3d174baf8a2c9583b6eb66cfb,1773554441,2026-03-15T06:00:41+00:00,0.9985,clob_prices_history
65252813896336788230617856248125123600178384752591631993072313635672275758489,0xb3d00f908d0bb0320cfb28cfb64904d9d10fb4d3d174baf8a2c9583b6eb66cfb,1773555326,2026-03-15T06:15:26+00:00,0.9985,clob_prices_history
65252813896336788230617856248125123600178384752591631993072313635672275758489,0xb3d00f908d0bb0320cfb28cfb64904d9d10fb4d3d174baf8a2c9583b6eb66cfb,1773556239,2026-03-15T06:30:39+00:00,0.9985,clob_prices_history
65252813896336788230617856248125123600178384752591631993072313635672275758489,0xb3d00f908d0bb0320cfb28cfb64904d9d10fb4d3d174baf8a2c9583b6eb66cfb,1773557127,2026-03-15T06:45:27+00:00,0.9985,clob_prices_history
65252813896336788230617856248125123600178384752591631993072313635672275758489,0xb3d00f908d0bb0320cfb28cfb64904d9d10fb4d3d174baf8a2c9583b6eb66cfb,1773558029,2026-03-15T07:00:29+00:00,0.9985,clob_prices_history
65252813896336788230617856248125123600178384752591631993072313635672275758489,0xb3d00f908d0bb0320cfb28cfb64904d9d10fb4d3d174baf8a2c9583b6eb66cfb,1773558926,2026-03-15T07:15:26+00:00,0.9985,clob_prices_history
65252813896336788230617856248125123600178384752591631993072313635672275758489,0xb3d00f908d0bb0320cfb28cfb64904d9d10fb4d3d174baf8a2c9583b6eb66cfb,1773559830,2026-03-15T07:30:30+00:00,0.9985,clob_prices_history
65252813896336788230617856248125123600178384752591631993072313635672275758489,0xb3d00f908d0bb0320cfb28cfb64904d9d10fb4d3d174baf8a2c9583b6eb66cfb,1773560725,2026-03-15T07:45:25+00:00,0.9985,clob_prices_history
65252813896336788230617856248125123600178384752591631993072313635672275758489,0xb3d00f908d0bb0320cfb28cfb64904d9d10fb4d3d174baf8a2c9583b6eb66cfb,1773561632,2026-03-15T08:00:32+00:00,0.9985,clob_prices_history
65252813896336788230617856248125123600178384752591631993072313635672275758489,0xb3d00f908d0bb0320cfb28cfb64904d9d10fb4d3d174baf8a2c9583b6eb66cfb,1773562525,2026-03-15T08:15:25+00:00,0.9985,clob_prices_history
65252813896336788230617856248125123600178384752591631993072313635672275758489,0xb3d00f908d0bb0320cfb28cfb64904d9d10fb4d3d174baf8a2c9583b6eb66cfb,1773563429,2026-03-15T08:30:29+00:00,0.9985,clob_prices_history
65252813896336788230617856248125123600178384752591631993072313635672275758489,0xb3d00f908d0bb0320cfb28cfb64904d9d10fb4d3d174baf8a2c9583b6eb66cfb,1773564324,2026-03-15T08:45:24+00:00,0.9985,clob_prices_history
65252813896336788230617856248125123600178384752591631993072313635672275758489,0xb3d00f908d0bb0320cfb28cfb64904d9d10fb4d3d174baf8a2c9583b6eb66cfb,1773565243,2026-03-15T09:00:43+00:00,0.9985,clob_prices_history
65252813896336788230617856248125123600178384752591631993072313635672275758489,0xb3d00f908d0bb0320cfb28cfb64904d9d10fb4d3d174baf8a2c9583b6eb66cfb,1773566127,2026-03-15T09:15:27+00:00,0.9985,clob_prices_history
65252813896336788230617856248125123600178384752591631993072313635672275758489,0xb3d00f908d0bb0320cfb28cfb64904d9d10fb4d3d174baf8a2c9583b6eb66cfb,1773567028,2026-03-15T09:30:28+00:00,0.9985,clob_prices_history
65252813896336788230617856248125123600178384752591631993072313635672275758489,0xb3d00f908d0bb0320cfb28cfb64904d9d10fb4d3d174baf8a2c9583b6eb66cfb,1773567924,2026-03-15T09:45:24+00:00,0.9985,clob_prices_history
65252813896336788230617856248125123600178384752591631993072313635672275758489,0xb3d00f908d0bb0320cfb28cfb64904d9d10fb4d3d174baf8a2c9583b6eb66cfb,1773568841,2026-03-15T10:00:41+00:00,0.9985,clob_prices_history
65252813896336788230617856248125123600178384752591631993072313635672275758489,0xb3d00f908d0bb0320cfb28cfb64904d9d10fb4d3d174baf8a2c9583b6eb66cfb,1773569727,2026-03-15T10:15:27+00:00,0.9985,clob_prices_history
65252813896336788230617856248125123600178384752591631993072313635672275758489,0xb3d00f908d0bb0320cfb28cfb64904d9d10fb4d3d174baf8a2c9583b6eb66cfb,1773570630,2026-03-15T10:30:30+00:00,0.9985,clob_prices_history
65252813896336788230617856248125123600178384752591631993072313635672275758489,0xb3d00f908d0bb0320cfb28cfb64904d9d10fb4d3d174baf8a2c9583b6eb66cfb,1773571531,2026-03-15T10:45:31+00:00,0.9985,clob_prices_history
65252813896336788230617856248125123600178384752591631993072313635672275758489,0xb3d00f908d0bb0320cfb28cfb64904d9d10fb4d3d174baf8a2c9583b6eb66cfb,1773572429,2026-03-15T11:00:29+00:00,0.9985,clob_prices_history
65252813896336788230617856248125123600178384752591631993072313635672275758489,0xb3d00f908d0bb0320cfb28cfb64904d9d10fb4d3d174baf8a2c9583b6eb66cfb,1773573327,2026-03-15T11:15:27+00:00,0.9985,clob_prices_history
65252813896336788230617856248125123600178384752591631993072313635672275758489,0xb3d00f908d0bb0320cfb28cfb64904d9d10fb4d3d174baf8a2c9583b6eb66cfb,1773574229,2026-03-15T11:30:29+00:00,0.9985,clob_prices_history
65252813896336788230617856248125123600178384752591631993072313635672275758489,0xb3d00f908d0bb0320cfb28cfb64904d9d10fb4d3d174baf8a2c9583b6eb66cfb,1773575126,2026-03-15T11:45:26+00:00,0.9985,clob_prices_history
65252813896336788230617856248125123600178384752591631993072313635672275758489,0xb3d00f908d0bb0320cfb28cfb64904d9d10fb4d3d174baf8a2c9583b6eb66cfb,1773576044,2026-03-15T12:00:44+00:00,0.9985,clob_prices_history
65252813896336788230617856248125123600178384752591631993072313635672275758489,0xb3d00f908d0bb0320cfb28cfb64904d9d10fb4d3d174baf8a2c9583b6eb66cfb,1773576925,2026-03-15T12:15:25+00:00,0.9985,clob_prices_history
65252813896336788230617856248125123600178384752591631993072313635672275758489,0xb3d00f908d0bb0320cfb28cfb64904d9d10fb4d3d174baf8a2c9583b6eb66cfb,1773577851,2026-03-15T12:30:51+00:00,0.9985,clob_prices_history
65252813896336788230617856248125123600178384752591631993072313635672275758489,0xb3d00f908d0bb0320cfb28cfb64904d9d10fb4d3d174baf8a2c9583b6eb66cfb,1773578744,2026-03-15T12:45:44+00:00,0.9985,clob_prices_history
65252813896336788230617856248125123600178384752591631993072313635672275758489,0xb3d00f908d0bb0320cfb28cfb64904d9d10fb4d3d174baf8a2c9583b6eb66cfb,1773579631,2026-03-15T13:00:31+00:00,0.9985,clob_prices_history
65252813896336788230617856248125123600178384752591631993072313635672275758489,0xb3d00f908d0bb0320cfb28cfb64904d9d10fb4d3d174baf8a2c9583b6eb66cfb,1773580529,2026-03-15T13:15:29+00:00,0.9985,clob_prices_history
65252813896336788230617856248125123600178384752591631993072313635672275758489,0xb3d00f908d0bb0320cfb28cfb64904d9d10fb4d3d174baf8a2c9583b6eb66cfb,1773581429,2026-03-15T13:30:29+00:00,0.9985,clob_prices_history
65252813896336788230617856248125123600178384752591631993072313635672275758489,0xb3d00f908d0bb0320cfb28cfb64904d9d10fb4d3d174baf8a2c9583b6eb66cfb,1773582327,2026-03-15T13:45:27+00:00,0.9985,clob_prices_history
65252813896336788230617856248125123600178384752591631993072313635672275758489,0xb3d00f908d0bb0320cfb28cfb64904d9d10fb4d3d174baf8a2c9583b6eb66cfb,1773583237,2026-03-15T14:00:37+00:00,0.9985,clob_prices_history
65252813896336788230617856248125123600178384752591631993072313635672275758489,0xb3d00f908d0bb0320cfb28cfb64904d9d10fb4d3d174baf8a2c9583b6eb66cfb,1773584127,2026-03-15T14:15:27+00:00,0.9985,clob_prices_history
65252813896336788230617856248125123600178384752591631993072313635672275758489,0xb3d00f908d0bb0320cfb28cfb64904d9d10fb4d3d174baf8a2c9583b6eb66cfb,1773585031,2026-03-15T14:30:31+00:00,0.9985,clob_prices_history
65252813896336788230617856248125123600178384752591631993072313635672275758489,0xb3d00f908d0bb0320cfb28cfb64904d9d10fb4d3d174baf8a2c9583b6eb66cfb,1773585924,2026-03-15T14:45:24+00:00,0.9985,clob_prices_history
65252813896336788230617856248125123600178384752591631993072313635672275758489,0xb3d00f908d0bb0320cfb28cfb64904d9d10fb4d3d174baf8a2c9583b6eb66cfb,1773586851,2026-03-15T15:00:51+00:00,0.9985,clob_prices_history
65252813896336788230617856248125123600178384752591631993072313635672275758489,0xb3d00f908d0bb0320cfb28cfb64904d9d10fb4d3d174baf8a2c9583b6eb66cfb,1773587729,2026-03-15T15:15:29+00:00,0.9985,clob_prices_history
65252813896336788230617856248125123600178384752591631993072313635672275758489,0xb3d00f908d0bb0320cfb28cfb64904d9d10fb4d3d174baf8a2c9583b6eb66cfb,1773588629,2026-03-15T15:30:29+00:00,0.9985,clob_prices_history
65252813896336788230617856248125123600178384752591631993072313635672275758489,0xb3d00f908d0bb0320cfb28cfb64904d9d10fb4d3d174baf8a2c9583b6eb66cfb,1773589527,2026-03-15T15:45:27+00:00,0.9985,clob_prices_history
65252813896336788230617856248125123600178384752591631993072313635672275758489,0xb3d00f908d0bb0320cfb28cfb64904d9d10fb4d3d174baf8a2c9583b6eb66cfb,1773590431,2026-03-15T16:00:31+00:00,0.9985,clob_prices_history
65252813896336788230617856248125123600178384752591631993072313635672275758489,0xb3d00f908d0bb0320cfb28cfb64904d9d10fb4d3d174baf8a2c9583b6eb66cfb,1773591328,2026-03-15T16:15:28+00:00,0.9985,clob_prices_history
65252813896336788230617856248125123600178384752591631993072313635672275758489,0xb3d00f908d0bb0320cfb28cfb64904d9d10fb4d3d174baf8a2c9583b6eb66cfb,1773592231,2026-03-15T16:30:31+00:00,0.9985,clob_prices_history
65252813896336788230617856248125123600178384752591631993072313635672275758489,0xb3d00f908d0bb0320cfb28cfb64904d9d10fb4d3d174baf8a2c9583b6eb66cfb,1773593127,2026-03-15T16:45:27+00:00,0.9985,clob_prices_history
65252813896336788230617856248125123600178384752591631993072313635672275758489,0xb3d00f908d0bb0320cfb28cfb64904d9d10fb4d3d174baf8a2c9583b6eb66cfb,1773594047,2026-03-15T17:00:47+00:00,0.9985,clob_prices_history
65252813896336788230617856248125123600178384752591631993072313635672275758489,0xb3d00f908d0bb0320cfb28cfb64904d9d10fb4d3d174baf8a2c9583b6eb66cfb,1773594930,2026-03-15T17:15:30+00:00,0.9985,clob_prices_history
65252813896336788230617856248125123600178384752591631993072313635672275758489,0xb3d00f908d0bb0320cfb28cfb64904d9d10fb4d3d174baf8a2c9583b6eb66cfb,1773595832,2026-03-15T17:30:32+00:00,0.9985,clob_prices_history
65252813896336788230617856248125123600178384752591631993072313635672275758489,0xb3d00f908d0bb0320cfb28cfb64904d9d10fb4d3d174baf8a2c9583b6eb66cfb,1773596726,2026-03-15T17:45:26+00:00,0.9985,clob_prices_history
65252813896336788230617856248125123600178384752591631993072313635672275758489,0xb3d00f908d0bb0320cfb28cfb64904d9d10fb4d3d174baf8a2c9583b6eb66cfb,1773597646,2026-03-15T18:00:46+00:00,0.9985,clob_prices_history
65252813896336788230617856248125123600178384752591631993072313635672275758489,0xb3d00f908d0bb0320cfb28cfb64904d9d10fb4d3d174baf8a2c9583b6eb66cfb,1773598525,2026-03-15T18:15:25+00:00,0.9985,clob_prices_history
65252813896336788230617856248125123600178384752591631993072313635672275758489,0xb3d00f908d0bb0320cfb28cfb64904d9d10fb4d3d174baf8a2c9583b6eb66cfb,1773599431,2026-03-15T18:30:31+00:00,0.9985,clob_prices_history
65252813896336788230617856248125123600178384752591631993072313635672275758489,0xb3d00f908d0bb0320cfb28cfb64904d9d10fb4d3d174baf8a2c9583b6eb66cfb,1773600328,2026-03-15T18:45:28+00:00,0.9985,clob_prices_history
65252813896336788230617856248125123600178384752591631993072313635672275758489,0xb3d00f908d0bb0320cfb28cfb64904d9d10fb4d3d174baf8a2c9583b6eb66cfb,1773601235,2026-03-15T19:00:35+00:00,0.9985,clob_prices_history
65252813896336788230617856248125123600178384752591631993072313635672275758489,0xb3d00f908d0bb0320cfb28cfb64904d9d10fb4d3d174baf8a2c9583b6eb66cfb,1773602127,2026-03-15T19:15:27+00:00,0.9985,clob_prices_history
65252813896336788230617856248125123600178384752591631993072313635672275758489,0xb3d00f908d0bb0320cfb28cfb64904d9d10fb4d3d174baf8a2c9583b6eb66cfb,1773603029,2026-03-15T19:30:29+00:00,0.9985,clob_prices_history
65252813896336788230617856248125123600178384752591631993072313635672275758489,0xb3d00f908d0bb0320cfb28cfb64904d9d10fb4d3d174baf8a2c9583b6eb66cfb,1773603927,2026-03-15T19:45:27+00:00,0.9985,clob_prices_history
65252813896336788230617856248125123600178384752591631993072313635672275758489,0xb3d00f908d0bb0320cfb28cfb64904d9d10fb4d3d174baf8a2c9583b6eb66cfb,1773604835,2026-03-15T20:00:35+00:00,0.9985,clob_prices_history
65252813896336788230617856248125123600178384752591631993072313635672275758489,0xb3d00f908d0bb0320cfb28cfb64904d9d10fb4d3d174baf8a2c9583b6eb66cfb,1773605726,2026-03-15T20:15:26+00:00,0.9985,clob_prices_history
65252813896336788230617856248125123600178384752591631993072313635672275758489,0xb3d00f908d0bb0320cfb28cfb64904d9d10fb4d3d174baf8a2c9583b6eb66cfb,1773606632,2026-03-15T20:30:32+00:00,0.9985,clob_prices_history
65252813896336788230617856248125123600178384752591631993072313635672275758489,0xb3d00f908d0bb0320cfb28cfb64904d9d10fb4d3d174baf8a2c9583b6eb66cfb,1773607526,2026-03-15T20:45:26+00:00,0.9985,clob_prices_history
65252813896336788230617856248125123600178384752591631993072313635672275758489,0xb3d00f908d0bb0320cfb28cfb64904d9d10fb4d3d174baf8a2c9583b6eb66cfb,1773608444,2026-03-15T21:00:44+00:00,0.9985,clob_prices_history
65252813896336788230617856248125123600178384752591631993072313635672275758489,0xb3d00f908d0bb0320cfb28cfb64904d9d10fb4d3d174baf8a2c9583b6eb66cfb,1773609328,2026-03-15T21:15:28+00:00,0.9985,clob_prices_history
65252813896336788230617856248125123600178384752591631993072313635672275758489,0xb3d00f908d0bb0320cfb28cfb64904d9d10fb4d3d174baf8a2c9583b6eb66cfb,1773610230,2026-03-15T21:30:30+00:00,0.9985,clob_prices_history
65252813896336788230617856248125123600178384752591631993072313635672275758489,0xb3d00f908d0bb0320cfb28cfb64904d9d10fb4d3d174baf8a2c9583b6eb66cfb,1773611126,2026-03-15T21:45:26+00:00,0.9985,clob_prices_history
65252813896336788230617856248125123600178384752591631993072313635672275758489,0xb3d00f908d0bb0320cfb28cfb64904d9d10fb4d3d174baf8a2c9583b6eb66cfb,1773612037,2026-03-15T22:00:37+00:00,0.9985,clob_prices_history
65252813896336788230617856248125123600178384752591631993072313635672275758489,0xb3d00f908d0bb0320cfb28cfb64904d9d10fb4d3d174baf8a2c9583b6eb66cfb,1773612928,2026-03-15T22:15:28+00:00,0.9985,clob_prices_history
65252813896336788230617856248125123600178384752591631993072313635672275758489,0xb3d00f908d0bb0320cfb28cfb64904d9d10fb4d3d174baf8a2c9583b6eb66cfb,1773613833,2026-03-15T22:30:33+00:00,0.9985,clob_prices_history
65252813896336788230617856248125123600178384752591631993072313635672275758489,0xb3d00f908d0bb0320cfb28cfb64904d9d10fb4d3d174baf8a2c9583b6eb66cfb,1773614725,2026-03-15T22:45:25+00:00,0.9985,clob_prices_history
65252813896336788230617856248125123600178384752591631993072313635672275758489,0xb3d00f908d0bb0320cfb28cfb64904d9d10fb4d3d174baf8a2c9583b6eb66cfb,1773615633,2026-03-15T23:00:33+00:00,0.9985,clob_prices_history
65252813896336788230617856248125123600178384752591631993072313635672275758489,0xb3d00f908d0bb0320cfb28cfb64904d9d10fb4d3d174baf8a2c9583b6eb66cfb,1773616528,2026-03-15T23:15:28+00:00,0.9985,clob_prices_history
65252813896336788230617856248125123600178384752591631993072313635672275758489,0xb3d00f908d0bb0320cfb28cfb64904d9d10fb4d3d174baf8a2c9583b6eb66cfb,1773617430,2026-03-15T23:30:30+00:00,0.9985,clob_prices_history
65252813896336788230617856248125123600178384752591631993072313635672275758489,0xb3d00f908d0bb0320cfb28cfb64904d9d10fb4d3d174baf8a2c9583b6eb66cfb,1773618327,2026-03-15T23:45:27+00:00,0.9985,clob_prices_history
65252813896336788230617856248125123600178384752591631993072313635672275758489,0xb3d00f908d0bb0320cfb28cfb64904d9d10fb4d3d174baf8a2c9583b6eb66cfb,1773619258,2026-03-16T00:00:58+00:00,0.9985,clob_prices_history
65252813896336788230617856248125123600178384752591631993072313635672275758489,0xb3d00f908d0bb0320cfb28cfb64904d9d10fb4d3d174baf8a2c9583b6eb66cfb,1773620129,2026-03-16T00:15:29+00:00,0.9985,clob_prices_history
65252813896336788230617856248125123600178384752591631993072313635672275758489,0xb3d00f908d0bb0320cfb28cfb64904d9d10fb4d3d174baf8a2c9583b6eb66cfb,1773621028,2026-03-16T00:30:28+00:00,0.9985,clob_prices_history
65252813896336788230617856248125123600178384752591631993072313635672275758489,0xb3d00f908d0bb0320cfb28cfb64904d9d10fb4d3d174baf8a2c9583b6eb66cfb,1773621937,2026-03-16T00:45:37+00:00,0.9985,clob_prices_history
65252813896336788230617856248125123600178384752591631993072313635672275758489,0xb3d00f908d0bb0320cfb28cfb64904d9d10fb4d3d174baf8a2c9583b6eb66cfb,1773622828,2026-03-16T01:00:28+00:00,0.9985,clob_prices_history
65252813896336788230617856248125123600178384752591631993072313635672275758489,0xb3d00f908d0bb0320cfb28cfb64904d9d10fb4d3d174baf8a2c9583b6eb66cfb,1773623727,2026-03-16T01:15:27+00:00,0.9985,clob_prices_history
65252813896336788230617856248125123600178384752591631993072313635672275758489,0xb3d00f908d0bb0320cfb28cfb64904d9d10fb4d3d174baf8a2c9583b6eb66cfb,1773624629,2026-03-16T01:30:29+00:00,0.9985,clob_prices_history
65252813896336788230617856248125123600178384752591631993072313635672275758489,0xb3d00f908d0bb0320cfb28cfb64904d9d10fb4d3d174baf8a2c9583b6eb66cfb,1773625529,2026-03-16T01:45:29+00:00,0.9985,clob_prices_history
65252813896336788230617856248125123600178384752591631993072313635672275758489,0xb3d00f908d0bb0320cfb28cfb64904d9d10fb4d3d174baf8a2c9583b6eb66cfb,1773626429,2026-03-16T02:00:29+00:00,0.9985,clob_prices_history
65252813896336788230617856248125123600178384752591631993072313635672275758489,0xb3d00f908d0bb0320cfb28cfb64904d9d10fb4d3d174baf8a2c9583b6eb66cfb,1773627326,2026-03-16T02:15:26+00:00,0.9985,clob_prices_history
65252813896336788230617856248125123600178384752591631993072313635672275758489,0xb3d00f908d0bb0320cfb28cfb64904d9d10fb4d3d174baf8a2c9583b6eb66cfb,1773628228,2026-03-16T02:30:28+00:00,0.9985,clob_prices_history
65252813896336788230617856248125123600178384752591631993072313635672275758489,0xb3d00f908d0bb0320cfb28cfb64904d9d10fb4d3d174baf8a2c9583b6eb66cfb,1773629124,2026-03-16T02:45:24+00:00,0.9985,clob_prices_history
65252813896336788230617856248125123600178384752591631993072313635672275758489,0xb3d00f908d0bb0320cfb28cfb64904d9d10fb4d3d174baf8a2c9583b6eb66cfb,1773630038,2026-03-16T03:00:38+00:00,0.9985,clob_prices_history
65252813896336788230617856248125123600178384752591631993072313635672275758489,0xb3d00f908d0bb0320cfb28cfb64904d9d10fb4d3d174baf8a2c9583b6eb66cfb,1773630927,2026-03-16T03:15:27+00:00,0.9985,clob_prices_history
65252813896336788230617856248125123600178384752591631993072313635672275758489,0xb3d00f908d0bb0320cfb28cfb64904d9d10fb4d3d174baf8a2c9583b6eb66cfb,1773631827,2026-03-16T03:30:27+00:00,0.9985,clob_prices_history
65252813896336788230617856248125123600178384752591631993072313635672275758489,0xb3d00f908d0bb0320cfb28cfb64904d9d10fb4d3d174baf8a2c9583b6eb66cfb,1773632743,2026-03-16T03:45:43+00:00,0.9985,clob_prices_history
65252813896336788230617856248125123600178384752591631993072313635672275758489,0xb3d00f908d0bb0320cfb28cfb64904d9d10fb4d3d174baf8a2c9583b6eb66cfb,1773633632,2026-03-16T04:00:32+00:00,0.9985,clob_prices_history
65252813896336788230617856248125123600178384752591631993072313635672275758489,0xb3d00f908d0bb0320cfb28cfb64904d9d10fb4d3d174baf8a2c9583b6eb66cfb,1773634525,2026-03-16T04:15:25+00:00,0.9985,clob_prices_history
65252813896336788230617856248125123600178384752591631993072313635672275758489,0xb3d00f908d0bb0320cfb28cfb64904d9d10fb4d3d174baf8a2c9583b6eb66cfb,1773635428,2026-03-16T04:30:28+00:00,0.9985,clob_prices_history
65252813896336788230617856248125123600178384752591631993072313635672275758489,0xb3d00f908d0bb0320cfb28cfb64904d9d10fb4d3d174baf8a2c9583b6eb66cfb,1773636325,2026-03-16T04:45:25+00:00,0.9985,clob_prices_history
65252813896336788230617856248125123600178384752591631993072313635672275758489,0xb3d00f908d0bb0320cfb28cfb64904d9d10fb4d3d174baf8a2c9583b6eb66cfb,1773637228,2026-03-16T05:00:28+00:00,0.9985,clob_prices_history
65252813896336788230617856248125123600178384752591631993072313635672275758489,0xb3d00f908d0bb0320cfb28cfb64904d9d10fb4d3d174baf8a2c9583b6eb66cfb,1773638129,2026-03-16T05:15:29+00:00,0.9985,clob_prices_history
65252813896336788230617856248125123600178384752591631993072313635672275758489,0xb3d00f908d0bb0320cfb28cfb64904d9d10fb4d3d174baf8a2c9583b6eb66cfb,1773639027,2026-03-16T05:30:27+00:00,0.9985,clob_prices_history
65252813896336788230617856248125123600178384752591631993072313635672275758489,0xb3d00f908d0bb0320cfb28cfb64904d9d10fb4d3d174baf8a2c9583b6eb66cfb,1773639925,2026-03-16T05:45:25+00:00,0.9985,clob_prices_history
65252813896336788230617856248125123600178384752591631993072313635672275758489,0xb3d00f908d0bb0320cfb28cfb64904d9d10fb4d3d174baf8a2c9583b6eb66cfb,1773640851,2026-03-16T06:00:51+00:00,0.9985,clob_prices_history
65252813896336788230617856248125123600178384752591631993072313635672275758489,0xb3d00f908d0bb0320cfb28cfb64904d9d10fb4d3d174baf8a2c9583b6eb66cfb,1773641724,2026-03-16T06:15:24+00:00,0.9985,clob_prices_history
65252813896336788230617856248125123600178384752591631993072313635672275758489,0xb3d00f908d0bb0320cfb28cfb64904d9d10fb4d3d174baf8a2c9583b6eb66cfb,1773642630,2026-03-16T06:30:30+00:00,0.9985,clob_prices_history
65252813896336788230617856248125123600178384752591631993072313635672275758489,0xb3d00f908d0bb0320cfb28cfb64904d9d10fb4d3d174baf8a2c9583b6eb66cfb,1773643526,2026-03-16T06:45:26+00:00,0.9985,clob_prices_history
65252813896336788230617856248125123600178384752591631993072313635672275758489,0xb3d00f908d0bb0320cfb28cfb64904d9d10fb4d3d174baf8a2c9583b6eb66cfb,1773644426,2026-03-16T07:00:26+00:00,0.9985,clob_prices_history
65252813896336788230617856248125123600178384752591631993072313635672275758489,0xb3d00f908d0bb0320cfb28cfb64904d9d10fb4d3d174baf8a2c9583b6eb66cfb,1773645329,2026-03-16T07:15:29+00:00,0.9985,clob_prices_history
65252813896336788230617856248125123600178384752591631993072313635672275758489,0xb3d00f908d0bb0320cfb28cfb64904d9d10fb4d3d174baf8a2c9583b6eb66cfb,1773646228,2026-03-16T07:30:28+00:00,0.9985,clob_prices_history
65252813896336788230617856248125123600178384752591631993072313635672275758489,0xb3d00f908d0bb0320cfb28cfb64904d9d10fb4d3d174baf8a2c9583b6eb66cfb,1773647127,2026-03-16T07:45:27+00:00,0.9985,clob_prices_history
65252813896336788230617856248125123600178384752591631993072313635672275758489,0xb3d00f908d0bb0320cfb28cfb64904d9d10fb4d3d174baf8a2c9583b6eb66cfb,1773648029,2026-03-16T08:00:29+00:00,0.9985,clob_prices_history
65252813896336788230617856248125123600178384752591631993072313635672275758489,0xb3d00f908d0bb0320cfb28cfb64904d9d10fb4d3d174baf8a2c9583b6eb66cfb,1773648926,2026-03-16T08:15:26+00:00,0.9985,clob_prices_history
65252813896336788230617856248125123600178384752591631993072313635672275758489,0xb3d00f908d0bb0320cfb28cfb64904d9d10fb4d3d174baf8a2c9583b6eb66cfb,1773649827,2026-03-16T08:30:27+00:00,0.9985,clob_prices_history
65252813896336788230617856248125123600178384752591631993072313635672275758489,0xb3d00f908d0bb0320cfb28cfb64904d9d10fb4d3d174baf8a2c9583b6eb66cfb,1773650728,2026-03-16T08:45:28+00:00,0.9985,clob_prices_history
65252813896336788230617856248125123600178384752591631993072313635672275758489,0xb3d00f908d0bb0320cfb28cfb64904d9d10fb4d3d174baf8a2c9583b6eb66cfb,1773651632,2026-03-16T09:00:32+00:00,0.9985,clob_prices_history
65252813896336788230617856248125123600178384752591631993072313635672275758489,0xb3d00f908d0bb0320cfb28cfb64904d9d10fb4d3d174baf8a2c9583b6eb66cfb,1773652526,2026-03-16T09:15:26+00:00,0.9985,clob_prices_history
65252813896336788230617856248125123600178384752591631993072313635672275758489,0xb3d00f908d0bb0320cfb28cfb64904d9d10fb4d3d174baf8a2c9583b6eb66cfb,1773653425,2026-03-16T09:30:25+00:00,0.9985,clob_prices_history
65252813896336788230617856248125123600178384752591631993072313635672275758489,0xb3d00f908d0bb0320cfb28cfb64904d9d10fb4d3d174baf8a2c9583b6eb66cfb,1773654324,2026-03-16T09:45:24+00:00,0.9985,clob_prices_history
65252813896336788230617856248125123600178384752591631993072313635672275758489,0xb3d00f908d0bb0320cfb28cfb64904d9d10fb4d3d174baf8a2c9583b6eb66cfb,1773655230,2026-03-16T10:00:30+00:00,0.9985,clob_prices_history
65252813896336788230617856248125123600178384752591631993072313635672275758489,0xb3d00f908d0bb0320cfb28cfb64904d9d10fb4d3d174baf8a2c9583b6eb66cfb,1773656128,2026-03-16T10:15:28+00:00,0.9985,clob_prices_history
65252813896336788230617856248125123600178384752591631993072313635672275758489,0xb3d00f908d0bb0320cfb28cfb64904d9d10fb4d3d174baf8a2c9583b6eb66cfb,1773657034,2026-03-16T10:30:34+00:00,0.9985,clob_prices_history
65252813896336788230617856248125123600178384752591631993072313635672275758489,0xb3d00f908d0bb0320cfb28cfb64904d9d10fb4d3d174baf8a2c9583b6eb66cfb,1773657928,2026-03-16T10:45:28+00:00,0.998,clob_prices_history
65252813896336788230617856248125123600178384752591631993072313635672275758489,0xb3d00f908d0bb0320cfb28cfb64904d9d10fb4d3d174baf8a2c9583b6eb66cfb,1773658827,2026-03-16T11:00:27+00:00,0.997,clob_prices_history
65252813896336788230617856248125123600178384752591631993072313635672275758489,0xb3d00f908d0bb0320cfb28cfb64904d9d10fb4d3d174baf8a2c9583b6eb66cfb,1773659729,2026-03-16T11:15:29+00:00,0.9965,clob_prices_history
65252813896336788230617856248125123600178384752591631993072313635672275758489,0xb3d00f908d0bb0320cfb28cfb64904d9d10fb4d3d174baf8a2c9583b6eb66cfb,1773660629,2026-03-16T11:30:29+00:00,0.9955,clob_prices_history
65252813896336788230617856248125123600178384752591631993072313635672275758489,0xb3d00f908d0bb0320cfb28cfb64904d9d10fb4d3d174baf8a2c9583b6eb66cfb,1773661530,2026-03-16T11:45:30+00:00,0.9955,clob_prices_history
65252813896336788230617856248125123600178384752591631993072313635672275758489,0xb3d00f908d0bb0320cfb28cfb64904d9d10fb4d3d174baf8a2c9583b6eb66cfb,1773662432,2026-03-16T12:00:32+00:00,0.996,clob_prices_history
65252813896336788230617856248125123600178384752591631993072313635672275758489,0xb3d00f908d0bb0320cfb28cfb64904d9d10fb4d3d174baf8a2c9583b6eb66cfb,1773663325,2026-03-16T12:15:25+00:00,0.996,clob_prices_history
65252813896336788230617856248125123600178384752591631993072313635672275758489,0xb3d00f908d0bb0320cfb28cfb64904d9d10fb4d3d174baf8a2c9583b6eb66cfb,1773664231,2026-03-16T12:30:31+00:00,0.996,clob_prices_history
65252813896336788230617856248125123600178384752591631993072313635672275758489,0xb3d00f908d0bb0320cfb28cfb64904d9d10fb4d3d174baf8a2c9583b6eb66cfb,1773665127,2026-03-16T12:45:27+00:00,0.997,clob_prices_history
65252813896336788230617856248125123600178384752591631993072313635672275758489,0xb3d00f908d0bb0320cfb28cfb64904d9d10fb4d3d174baf8a2c9583b6eb66cfb,1773666032,2026-03-16T13:00:32+00:00,0.997,clob_prices_history
65252813896336788230617856248125123600178384752591631993072313635672275758489,0xb3d00f908d0bb0320cfb28cfb64904d9d10fb4d3d174baf8a2c9583b6eb66cfb,1773666927,2026-03-16T13:15:27+00:00,0.997,clob_prices_history
65252813896336788230617856248125123600178384752591631993072313635672275758489,0xb3d00f908d0bb0320cfb28cfb64904d9d10fb4d3d174baf8a2c9583b6eb66cfb,1773667830,2026-03-16T13:30:30+00:00,0.997,clob_prices_history
65252813896336788230617856248125123600178384752591631993072313635672275758489,0xb3d00f908d0bb0320cfb28cfb64904d9d10fb4d3d174baf8a2c9583b6eb66cfb,1773668727,2026-03-16T13:45:27+00:00,0.9975,clob_prices_history
65252813896336788230617856248125123600178384752591631993072313635672275758489,0xb3d00f908d0bb0320cfb28cfb64904d9d10fb4d3d174baf8a2c9583b6eb66cfb,1773669635,2026-03-16T14:00:35+00:00,0.9975,clob_prices_history
65252813896336788230617856248125123600178384752591631993072313635672275758489,0xb3d00f908d0bb0320cfb28cfb64904d9d10fb4d3d174baf8a2c9583b6eb66cfb,1773670528,2026-03-16T14:15:28+00:00,0.9975,clob_prices_history
65252813896336788230617856248125123600178384752591631993072313635672275758489,0xb3d00f908d0bb0320cfb28cfb64904d9d10fb4d3d174baf8a2c9583b6eb66cfb,1773671428,2026-03-16T14:30:28+00:00,0.9975,clob_prices_history
65252813896336788230617856248125123600178384752591631993072313635672275758489,0xb3d00f908d0bb0320cfb28cfb64904d9d10fb4d3d174baf8a2c9583b6eb66cfb,1773672334,2026-03-16T14:45:34+00:00,0.9975,clob_prices_history
65252813896336788230617856248125123600178384752591631993072313635672275758489,0xb3d00f908d0bb0320cfb28cfb64904d9d10fb4d3d174baf8a2c9583b6eb66cfb,1773673233,2026-03-16T15:00:33+00:00,0.9975,clob_prices_history
65252813896336788230617856248125123600178384752591631993072313635672275758489,0xb3d00f908d0bb0320cfb28cfb64904d9d10fb4d3d174baf8a2c9583b6eb66cfb,1773674129,2026-03-16T15:15:29+00:00,0.9975,clob_prices_history
65252813896336788230617856248125123600178384752591631993072313635672275758489,0xb3d00f908d0bb0320cfb28cfb64904d9d10fb4d3d174baf8a2c9583b6eb66cfb,1773675030,2026-03-16T15:30:30+00:00,0.9975,clob_prices_history
65252813896336788230617856248125123600178384752591631993072313635672275758489,0xb3d00f908d0bb0320cfb28cfb64904d9d10fb4d3d174baf8a2c9583b6eb66cfb,1773675927,2026-03-16T15:45:27+00:00,0.9975,clob_prices_history
65252813896336788230617856248125123600178384752591631993072313635672275758489,0xb3d00f908d0bb0320cfb28cfb64904d9d10fb4d3d174baf8a2c9583b6eb66cfb,1773676831,2026-03-16T16:00:31+00:00,0.9975,clob_prices_history
65252813896336788230617856248125123600178384752591631993072313635672275758489,0xb3d00f908d0bb0320cfb28cfb64904d9d10fb4d3d174baf8a2c9583b6eb66cfb,1773677736,2026-03-16T16:15:36+00:00,0.9975,clob_prices_history
65252813896336788230617856248125123600178384752591631993072313635672275758489,0xb3d00f908d0bb0320cfb28cfb64904d9d10fb4d3d174baf8a2c9583b6eb66cfb,1773678630,2026-03-16T16:30:30+00:00,0.9975,clob_prices_history
65252813896336788230617856248125123600178384752591631993072313635672275758489,0xb3d00f908d0bb0320cfb28cfb64904d9d10fb4d3d174baf8a2c9583b6eb66cfb,1773679529,2026-03-16T16:45:29+00:00,0.9975,clob_prices_history
65252813896336788230617856248125123600178384752591631993072313635672275758489,0xb3d00f908d0bb0320cfb28cfb64904d9d10fb4d3d174baf8a2c9583b6eb66cfb,1773680431,2026-03-16T17:00:31+00:00,0.9975,clob_prices_history
65252813896336788230617856248125123600178384752591631993072313635672275758489,0xb3d00f908d0bb0320cfb28cfb64904d9d10fb4d3d174baf8a2c9583b6eb66cfb,1773681329,2026-03-16T17:15:29+00:00,0.9975,clob_prices_history
65252813896336788230617856248125123600178384752591631993072313635672275758489,0xb3d00f908d0bb0320cfb28cfb64904d9d10fb4d3d174baf8a2c9583b6eb66cfb,1773682231,2026-03-16T17:30:31+00:00,0.9975,clob_prices_history
65252813896336788230617856248125123600178384752591631993072313635672275758489,0xb3d00f908d0bb0320cfb28cfb64904d9d10fb4d3d174baf8a2c9583b6eb66cfb,1773683129,2026-03-16T17:45:29+00:00,0.9975,clob_prices_history
65252813896336788230617856248125123600178384752591631993072313635672275758489,0xb3d00f908d0bb0320cfb28cfb64904d9d10fb4d3d174baf8a2c9583b6eb66cfb,1773684033,2026-03-16T18:00:33+00:00,0.9975,clob_prices_history
65252813896336788230617856248125123600178384752591631993072313635672275758489,0xb3d00f908d0bb0320cfb28cfb64904d9d10fb4d3d174baf8a2c9583b6eb66cfb,1773684930,2026-03-16T18:15:30+00:00,0.9975,clob_prices_history
65252813896336788230617856248125123600178384752591631993072313635672275758489,0xb3d00f908d0bb0320cfb28cfb64904d9d10fb4d3d174baf8a2c9583b6eb66cfb,1773685833,2026-03-16T18:30:33+00:00,0.9975,clob_prices_history
65252813896336788230617856248125123600178384752591631993072313635672275758489,0xb3d00f908d0bb0320cfb28cfb64904d9d10fb4d3d174baf8a2c9583b6eb66cfb,1773686729,2026-03-16T18:45:29+00:00,0.9975,clob_prices_history
65252813896336788230617856248125123600178384752591631993072313635672275758489,0xb3d00f908d0bb0320cfb28cfb64904d9d10fb4d3d174baf8a2c9583b6eb66cfb,1773687636,2026-03-16T19:00:36+00:00,0.9975,clob_prices_history
65252813896336788230617856248125123600178384752591631993072313635672275758489,0xb3d00f908d0bb0320cfb28cfb64904d9d10fb4d3d174baf8a2c9583b6eb66cfb,1773688530,2026-03-16T19:15:30+00:00,0.9975,clob_prices_history
65252813896336788230617856248125123600178384752591631993072313635672275758489,0xb3d00f908d0bb0320cfb28cfb64904d9d10fb4d3d174baf8a2c9583b6eb66cfb,1773689443,2026-03-16T19:30:43+00:00,0.9975,clob_prices_history
65252813896336788230617856248125123600178384752591631993072313635672275758489,0xb3d00f908d0bb0320cfb28cfb64904d9d10fb4d3d174baf8a2c9583b6eb66cfb,1773690329,2026-03-16T19:45:29+00:00,0.9975,clob_prices_history
65252813896336788230617856248125123600178384752591631993072313635672275758489,0xb3d00f908d0bb0320cfb28cfb64904d9d10fb4d3d174baf8a2c9583b6eb66cfb,1773691231,2026-03-16T20:00:31+00:00,0.9975,clob_prices_history
65252813896336788230617856248125123600178384752591631993072313635672275758489,0xb3d00f908d0bb0320cfb28cfb64904d9d10fb4d3d174baf8a2c9583b6eb66cfb,1773692130,2026-03-16T20:15:30+00:00,0.9975,clob_prices_history
65252813896336788230617856248125123600178384752591631993072313635672275758489,0xb3d00f908d0bb0320cfb28cfb64904d9d10fb4d3d174baf8a2c9583b6eb66cfb,1773693044,2026-03-16T20:30:44+00:00,0.9975,clob_prices_history
65252813896336788230617856248125123600178384752591631993072313635672275758489,0xb3d00f908d0bb0320cfb28cfb64904d9d10fb4d3d174baf8a2c9583b6eb66cfb,1773693928,2026-03-16T20:45:28+00:00,0.9975,clob_prices_history
65252813896336788230617856248125123600178384752591631993072313635672275758489,0xb3d00f908d0bb0320cfb28cfb64904d9d10fb4d3d174baf8a2c9583b6eb66cfb,1773694840,2026-03-16T21:00:40+00:00,0.9975,clob_prices_history
65252813896336788230617856248125123600178384752591631993072313635672275758489,0xb3d00f908d0bb0320cfb28cfb64904d9d10fb4d3d174baf8a2c9583b6eb66cfb,1773695731,2026-03-16T21:15:31+00:00,0.9975,clob_prices_history
65252813896336788230617856248125123600178384752591631993072313635672275758489,0xb3d00f908d0bb0320cfb28cfb64904d9d10fb4d3d174baf8a2c9583b6eb66cfb,1773696630,2026-03-16T21:30:30+00:00,0.9975,clob_prices_history
65252813896336788230617856248125123600178384752591631993072313635672275758489,0xb3d00f908d0bb0320cfb28cfb64904d9d10fb4d3d174baf8a2c9583b6eb66cfb,1773697531,2026-03-16T21:45:31+00:00,0.9975,clob_prices_history
65252813896336788230617856248125123600178384752591631993072313635672275758489,0xb3d00f908d0bb0320cfb28cfb64904d9d10fb4d3d174baf8a2c9583b6eb66cfb,1773698433,2026-03-16T22:00:33+00:00,0.9975,clob_prices_history
65252813896336788230617856248125123600178384752591631993072313635672275758489,0xb3d00f908d0bb0320cfb28cfb64904d9d10fb4d3d174baf8a2c9583b6eb66cfb,1773699329,2026-03-16T22:15:29+00:00,0.9975,clob_prices_history
65252813896336788230617856248125123600178384752591631993072313635672275758489,0xb3d00f908d0bb0320cfb28cfb64904d9d10fb4d3d174baf8a2c9583b6eb66cfb,1773700231,2026-03-16T22:30:31+00:00,0.9975,clob_prices_history
65252813896336788230617856248125123600178384752591631993072313635672275758489,0xb3d00f908d0bb0320cfb28cfb64904d9d10fb4d3d174baf8a2c9583b6eb66cfb,1773701128,2026-03-16T22:45:28+00:00,0.9975,clob_prices_history
65252813896336788230617856248125123600178384752591631993072313635672275758489,0xb3d00f908d0bb0320cfb28cfb64904d9d10fb4d3d174baf8a2c9583b6eb66cfb,1773702034,2026-03-16T23:00:34+00:00,0.9975,clob_prices_history
65252813896336788230617856248125123600178384752591631993072313635672275758489,0xb3d00f908d0bb0320cfb28cfb64904d9d10fb4d3d174baf8a2c9583b6eb66cfb,1773702931,2026-03-16T23:15:31+00:00,0.9975,clob_prices_history
65252813896336788230617856248125123600178384752591631993072313635672275758489,0xb3d00f908d0bb0320cfb28cfb64904d9d10fb4d3d174baf8a2c9583b6eb66cfb,1773703843,2026-03-16T23:30:43+00:00,0.996,clob_prices_history
65252813896336788230617856248125123600178384752591631993072313635672275758489,0xb3d00f908d0bb0320cfb28cfb64904d9d10fb4d3d174baf8a2c9583b6eb66cfb,1773704731,2026-03-16T23:45:31+00:00,0.995,clob_prices_history
65252813896336788230617856248125123600178384752591631993072313635672275758489,0xb3d00f908d0bb0320cfb28cfb64904d9d10fb4d3d174baf8a2c9583b6eb66cfb,1773705638,2026-03-17T00:00:38+00:00,0.996,clob_prices_history
65252813896336788230617856248125123600178384752591631993072313635672275758489,0xb3d00f908d0bb0320cfb28cfb64904d9d10fb4d3d174baf8a2c9583b6eb66cfb,1773706537,2026-03-17T00:15:37+00:00,0.996,clob_prices_history
65252813896336788230617856248125123600178384752591631993072313635672275758489,0xb3d00f908d0bb0320cfb28cfb64904d9d10fb4d3d174baf8a2c9583b6eb66cfb,1773707434,2026-03-17T00:30:34+00:00,0.996,clob_prices_history
65252813896336788230617856248125123600178384752591631993072313635672275758489,0xb3d00f908d0bb0320cfb28cfb64904d9d10fb4d3d174baf8a2c9583b6eb66cfb,1773708333,2026-03-17T00:45:33+00:00,0.996,clob_prices_history
65252813896336788230617856248125123600178384752591631993072313635672275758489,0xb3d00f908d0bb0320cfb28cfb64904d9d10fb4d3d174baf8a2c9583b6eb66cfb,1773709233,2026-03-17T01:00:33+00:00,0.996,clob_prices_history
65252813896336788230617856248125123600178384752591631993072313635672275758489,0xb3d00f908d0bb0320cfb28cfb64904d9d10fb4d3d174baf8a2c9583b6eb66cfb,1773710132,2026-03-17T01:15:32+00:00,0.996,clob_prices_history
65252813896336788230617856248125123600178384752591631993072313635672275758489,0xb3d00f908d0bb0320cfb28cfb64904d9d10fb4d3d174baf8a2c9583b6eb66cfb,1773711035,2026-03-17T01:30:35+00:00,0.996,clob_prices_history
65252813896336788230617856248125123600178384752591631993072313635672275758489,0xb3d00f908d0bb0320cfb28cfb64904d9d10fb4d3d174baf8a2c9583b6eb66cfb,1773711929,2026-03-17T01:45:29+00:00,0.996,clob_prices_history
65252813896336788230617856248125123600178384752591631993072313635672275758489,0xb3d00f908d0bb0320cfb28cfb64904d9d10fb4d3d174baf8a2c9583b6eb66cfb,1773712834,2026-03-17T02:00:34+00:00,0.9955,clob_prices_history
65252813896336788230617856248125123600178384752591631993072313635672275758489,0xb3d00f908d0bb0320cfb28cfb64904d9d10fb4d3d174baf8a2c9583b6eb66cfb,1773713731,2026-03-17T02:15:31+00:00,0.996,clob_prices_history
65252813896336788230617856248125123600178384752591631993072313635672275758489,0xb3d00f908d0bb0320cfb28cfb64904d9d10fb4d3d174baf8a2c9583b6eb66cfb,1773714632,2026-03-17T02:30:32+00:00,0.996,clob_prices_history
65252813896336788230617856248125123600178384752591631993072313635672275758489,0xb3d00f908d0bb0320cfb28cfb64904d9d10fb4d3d174baf8a2c9583b6eb66cfb,1773715538,2026-03-17T02:45:38+00:00,0.996,clob_prices_history
65252813896336788230617856248125123600178384752591631993072313635672275758489,0xb3d00f908d0bb0320cfb28cfb64904d9d10fb4d3d174baf8a2c9583b6eb66cfb,1773716436,2026-03-17T03:00:36+00:00,0.996,clob_prices_history
65252813896336788230617856248125123600178384752591631993072313635672275758489,0xb3d00f908d0bb0320cfb28cfb64904d9d10fb4d3d174baf8a2c9583b6eb66cfb,1773717330,2026-03-17T03:15:30+00:00,0.996,clob_prices_history
65252813896336788230617856248125123600178384752591631993072313635672275758489,0xb3d00f908d0bb0320cfb28cfb64904d9d10fb4d3d174baf8a2c9583b6eb66cfb,1773718241,2026-03-17T03:30:41+00:00,0.996,clob_prices_history
65252813896336788230617856248125123600178384752591631993072313635672275758489,0xb3d00f908d0bb0320cfb28cfb64904d9d10fb4d3d174baf8a2c9583b6eb66cfb,1773719133,2026-03-17T03:45:33+00:00,0.996,clob_prices_history
65252813896336788230617856248125123600178384752591631993072313635672275758489,0xb3d00f908d0bb0320cfb28cfb64904d9d10fb4d3d174baf8a2c9583b6eb66cfb,1773720037,2026-03-17T04:00:37+00:00,0.9925,clob_prices_history
65252813896336788230617856248125123600178384752591631993072313635672275758489,0xb3d00f908d0bb0320cfb28cfb64904d9d10fb4d3d174baf8a2c9583b6eb66cfb,1773720931,2026-03-17T04:15:31+00:00,0.992,clob_prices_history
65252813896336788230617856248125123600178384752591631993072313635672275758489,0xb3d00f908d0bb0320cfb28cfb64904d9d10fb4d3d174baf8a2c9583b6eb66cfb,1773721836,2026-03-17T04:30:36+00:00,0.992,clob_prices_history
65252813896336788230617856248125123600178384752591631993072313635672275758489,0xb3d00f908d0bb0320cfb28cfb64904d9d10fb4d3d174baf8a2c9583b6eb66cfb,1773722732,2026-03-17T04:45:32+00:00,0.992,clob_prices_history
65252813896336788230617856248125123600178384752591631993072313635672275758489,0xb3d00f908d0bb0320cfb28cfb64904d9d10fb4d3d174baf8a2c9583b6eb66cfb,1773723648,2026-03-17T05:00:48+00:00,0.9915,clob_prices_history
65252813896336788230617856248125123600178384752591631993072313635672275758489,0xb3d00f908d0bb0320cfb28cfb64904d9d10fb4d3d174baf8a2c9583b6eb66cfb,1773724532,2026-03-17T05:15:32+00:00,0.9915,clob_prices_history
65252813896336788230617856248125123600178384752591631993072313635672275758489,0xb3d00f908d0bb0320cfb28cfb64904d9d10fb4d3d174baf8a2c9583b6eb66cfb,1773725433,2026-03-17T05:30:33+00:00,0.992,clob_prices_history
65252813896336788230617856248125123600178384752591631993072313635672275758489,0xb3d00f908d0bb0320cfb28cfb64904d9d10fb4d3d174baf8a2c9583b6eb66cfb,1773726329,2026-03-17T05:45:29+00:00,0.9925,clob_prices_history
65252813896336788230617856248125123600178384752591631993072313635672275758489,0xb3d00f908d0bb0320cfb28cfb64904d9d10fb4d3d174baf8a2c9583b6eb66cfb,1773727236,2026-03-17T06:00:36+00:00,0.9925,clob_prices_history
65252813896336788230617856248125123600178384752591631993072313635672275758489,0xb3d00f908d0bb0320cfb28cfb64904d9d10fb4d3d174baf8a2c9583b6eb66cfb,1773728130,2026-03-17T06:15:30+00:00,0.9935,clob_prices_history
65252813896336788230617856248125123600178384752591631993072313635672275758489,0xb3d00f908d0bb0320cfb28cfb64904d9d10fb4d3d174baf8a2c9583b6eb66cfb,1773729033,2026-03-17T06:30:33+00:00,0.994,clob_prices_history
65252813896336788230617856248125123600178384752591631993072313635672275758489,0xb3d00f908d0bb0320cfb28cfb64904d9d10fb4d3d174baf8a2c9583b6eb66cfb,1773729928,2026-03-17T06:45:28+00:00,0.9935,clob_prices_history
65252813896336788230617856248125123600178384752591631993072313635672275758489,0xb3d00f908d0bb0320cfb28cfb64904d9d10fb4d3d174baf8a2c9583b6eb66cfb,1773730838,2026-03-17T07:00:38+00:00,0.9935,clob_prices_history
65252813896336788230617856248125123600178384752591631993072313635672275758489,0xb3d00f908d0bb0320cfb28cfb64904d9d10fb4d3d174baf8a2c9583b6eb66cfb,1773731739,2026-03-17T07:15:39+00:00,0.9935,clob_prices_history
65252813896336788230617856248125123600178384752591631993072313635672275758489,0xb3d00f908d0bb0320cfb28cfb64904d9d10fb4d3d174baf8a2c9583b6eb66cfb,1773732634,2026-03-17T07:30:34+00:00,0.994,clob_prices_history
65252813896336788230617856248125123600178384752591631993072313635672275758489,0xb3d00f908d0bb0320cfb28cfb64904d9d10fb4d3d174baf8a2c9583b6eb66cfb,1773733532,2026-03-17T07:45:32+00:00,0.994,clob_prices_history
65252813896336788230617856248125123600178384752591631993072313635672275758489,0xb3d00f908d0bb0320cfb28cfb64904d9d10fb4d3d174baf8a2c9583b6eb66cfb,1773734436,2026-03-17T08:00:36+00:00,0.994,clob_prices_history
65252813896336788230617856248125123600178384752591631993072313635672275758489,0xb3d00f908d0bb0320cfb28cfb64904d9d10fb4d3d174baf8a2c9583b6eb66cfb,1773735329,2026-03-17T08:15:29+00:00,0.9935,clob_prices_history
65252813896336788230617856248125123600178384752591631993072313635672275758489,0xb3d00f908d0bb0320cfb28cfb64904d9d10fb4d3d174baf8a2c9583b6eb66cfb,1773736232,2026-03-17T08:30:32+00:00,0.9935,clob_prices_history
65252813896336788230617856248125123600178384752591631993072313635672275758489,0xb3d00f908d0bb0320cfb28cfb64904d9d10fb4d3d174baf8a2c9583b6eb66cfb,1773737132,2026-03-17T08:45:32+00:00,0.9935,clob_prices_history
65252813896336788230617856248125123600178384752591631993072313635672275758489,0xb3d00f908d0bb0320cfb28cfb64904d9d10fb4d3d174baf8a2c9583b6eb66cfb,1773738038,2026-03-17T09:00:38+00:00,0.9935,clob_prices_history
65252813896336788230617856248125123600178384752591631993072313635672275758489,0xb3d00f908d0bb0320cfb28cfb64904d9d10fb4d3d174baf8a2c9583b6eb66cfb,1773738929,2026-03-17T09:15:29+00:00,0.9935,clob_prices_history
65252813896336788230617856248125123600178384752591631993072313635672275758489,0xb3d00f908d0bb0320cfb28cfb64904d9d10fb4d3d174baf8a2c9583b6eb66cfb,1773739836,2026-03-17T09:30:36+00:00,0.9935,clob_prices_history
65252813896336788230617856248125123600178384752591631993072313635672275758489,0xb3d00f908d0bb0320cfb28cfb64904d9d10fb4d3d174baf8a2c9583b6eb66cfb,1773740740,2026-03-17T09:45:40+00:00,0.995,clob_prices_history
65252813896336788230617856248125123600178384752591631993072313635672275758489,0xb3d00f908d0bb0320cfb28cfb64904d9d10fb4d3d174baf8a2c9583b6eb66cfb,1773741639,2026-03-17T10:00:39+00:00,0.995,clob_prices_history
65252813896336788230617856248125123600178384752591631993072313635672275758489,0xb3d00f908d0bb0320cfb28cfb64904d9d10fb4d3d174baf8a2c9583b6eb66cfb,1773742534,2026-03-17T10:15:34+00:00,0.995,clob_prices_history
65252813896336788230617856248125123600178384752591631993072313635672275758489,0xb3d00f908d0bb0320cfb28cfb64904d9d10fb4d3d174baf8a2c9583b6eb66cfb,1773743435,2026-03-17T10:30:35+00:00,0.995,clob_prices_history
65252813896336788230617856248125123600178384752591631993072313635672275758489,0xb3d00f908d0bb0320cfb28cfb64904d9d10fb4d3d174baf8a2c9583b6eb66cfb,1773744331,2026-03-17T10:45:31+00:00,0.995,clob_prices_history
65252813896336788230617856248125123600178384752591631993072313635672275758489,0xb3d00f908d0bb0320cfb28cfb64904d9d10fb4d3d174baf8a2c9583b6eb66cfb,1773745233,2026-03-17T11:00:33+00:00,0.995,clob_prices_history
65252813896336788230617856248125123600178384752591631993072313635672275758489,0xb3d00f908d0bb0320cfb28cfb64904d9d10fb4d3d174baf8a2c9583b6eb66cfb,1773746134,2026-03-17T11:15:34+00:00,0.996,clob_prices_history
65252813896336788230617856248125123600178384752591631993072313635672275758489,0xb3d00f908d0bb0320cfb28cfb64904d9d10fb4d3d174baf8a2c9583b6eb66cfb,1773747031,2026-03-17T11:30:31+00:00,0.996,clob_prices_history
65252813896336788230617856248125123600178384752591631993072313635672275758489,0xb3d00f908d0bb0320cfb28cfb64904d9d10fb4d3d174baf8a2c9583b6eb66cfb,1773747931,2026-03-17T11:45:31+00:00,0.995,clob_prices_history
65252813896336788230617856248125123600178384752591631993072313635672275758489,0xb3d00f908d0bb0320cfb28cfb64904d9d10fb4d3d174baf8a2c9583b6eb66cfb,1773748841,2026-03-17T12:00:41+00:00,0.995,clob_prices_history
65252813896336788230617856248125123600178384752591631993072313635672275758489,0xb3d00f908d0bb0320cfb28cfb64904d9d10fb4d3d174baf8a2c9583b6eb66cfb,1773749730,2026-03-17T12:15:30+00:00,0.995,clob_prices_history
65252813896336788230617856248125123600178384752591631993072313635672275758489,0xb3d00f908d0bb0320cfb28cfb64904d9d10fb4d3d174baf8a2c9583b6eb66cfb,1773750645,2026-03-17T12:30:45+00:00,0.995,clob_prices_history
65252813896336788230617856248125123600178384752591631993072313635672275758489,0xb3d00f908d0bb0320cfb28cfb64904d9d10fb4d3d174baf8a2c9583b6eb66cfb,1773751528,2026-03-17T12:45:28+00:00,0.9955,clob_prices_history
65252813896336788230617856248125123600178384752591631993072313635672275758489,0xb3d00f908d0bb0320cfb28cfb64904d9d10fb4d3d174baf8a2c9583b6eb66cfb,1773752434,2026-03-17T13:00:34+00:00,0.9955,clob_prices_history
65252813896336788230617856248125123600178384752591631993072313635672275758489,0xb3d00f908d0bb0320cfb28cfb64904d9d10fb4d3d174baf8a2c9583b6eb66cfb,1773753329,2026-03-17T13:15:29+00:00,0.9955,clob_prices_history
65252813896336788230617856248125123600178384752591631993072313635672275758489,0xb3d00f908d0bb0320cfb28cfb64904d9d10fb4d3d174baf8a2c9583b6eb66cfb,1773754238,2026-03-17T13:30:38+00:00,0.996,clob_prices_history
65252813896336788230617856248125123600178384752591631993072313635672275758489,0xb3d00f908d0bb0320cfb28cfb64904d9d10fb4d3d174baf8a2c9583b6eb66cfb,1773755134,2026-03-17T13:45:34+00:00,0.997,clob_prices_history
65252813896336788230617856248125123600178384752591631993072313635672275758489,0xb3d00f908d0bb0320cfb28cfb64904d9d10fb4d3d174baf8a2c9583b6eb66cfb,1773756036,2026-03-17T14:00:36+00:00,0.997,clob_prices_history
65252813896336788230617856248125123600178384752591631993072313635672275758489,0xb3d00f908d0bb0320cfb28cfb64904d9d10fb4d3d174baf8a2c9583b6eb66cfb,1773756935,2026-03-17T14:15:35+00:00,0.997,clob_prices_history
65252813896336788230617856248125123600178384752591631993072313635672275758489,0xb3d00f908d0bb0320cfb28cfb64904d9d10fb4d3d174baf8a2c9583b6eb66cfb,1773757834,2026-03-17T14:30:34+00:00,0.997,clob_prices_history
65252813896336788230617856248125123600178384752591631993072313635672275758489,0xb3d00f908d0bb0320cfb28cfb64904d9d10fb4d3d174baf8a2c9583b6eb66cfb,1773758731,2026-03-17T14:45:31+00:00,0.997,clob_prices_history
65252813896336788230617856248125123600178384752591631993072313635672275758489,0xb3d00f908d0bb0320cfb28cfb64904d9d10fb4d3d174baf8a2c9583b6eb66cfb,1773759642,2026-03-17T15:00:42+00:00,0.9955,clob_prices_history
65252813896336788230617856248125123600178384752591631993072313635672275758489,0xb3d00f908d0bb0320cfb28cfb64904d9d10fb4d3d174baf8a2c9583b6eb66cfb,1773760533,2026-03-17T15:15:33+00:00,0.9955,clob_prices_history
65252813896336788230617856248125123600178384752591631993072313635672275758489,0xb3d00f908d0bb0320cfb28cfb64904d9d10fb4d3d174baf8a2c9583b6eb66cfb,1773761451,2026-03-17T15:30:51+00:00,0.9955,clob_prices_history
65252813896336788230617856248125123600178384752591631993072313635672275758489,0xb3d00f908d0bb0320cfb28cfb64904d9d10fb4d3d174baf8a2c9583b6eb66cfb,1773762331,2026-03-17T15:45:31+00:00,0.9955,clob_prices_history
65252813896336788230617856248125123600178384752591631993072313635672275758489,0xb3d00f908d0bb0320cfb28cfb64904d9d10fb4d3d174baf8a2c9583b6eb66cfb,1773763236,2026-03-17T16:00:36+00:00,0.9955,clob_prices_history
65252813896336788230617856248125123600178384752591631993072313635672275758489,0xb3d00f908d0bb0320cfb28cfb64904d9d10fb4d3d174baf8a2c9583b6eb66cfb,1773764134,2026-03-17T16:15:34+00:00,0.9955,clob_prices_history
65252813896336788230617856248125123600178384752591631993072313635672275758489,0xb3d00f908d0bb0320cfb28cfb64904d9d10fb4d3d174baf8a2c9583b6eb66cfb,1773765037,2026-03-17T16:30:37+00:00,0.9955,clob_prices_history
65252813896336788230617856248125123600178384752591631993072313635672275758489,0xb3d00f908d0bb0320cfb28cfb64904d9d10fb4d3d174baf8a2c9583b6eb66cfb,1773765935,2026-03-17T16:45:35+00:00,0.9955,clob_prices_history
65252813896336788230617856248125123600178384752591631993072313635672275758489,0xb3d00f908d0bb0320cfb28cfb64904d9d10fb4d3d174baf8a2c9583b6eb66cfb,1773766836,2026-03-17T17:00:36+00:00,0.9955,clob_prices_history
65252813896336788230617856248125123600178384752591631993072313635672275758489,0xb3d00f908d0bb0320cfb28cfb64904d9d10fb4d3d174baf8a2c9583b6eb66cfb,1773767733,2026-03-17T17:15:33+00:00,0.996,clob_prices_history
65252813896336788230617856248125123600178384752591631993072313635672275758489,0xb3d00f908d0bb0320cfb28cfb64904d9d10fb4d3d174baf8a2c9583b6eb66cfb,1773768635,2026-03-17T17:30:35+00:00,0.997,clob_prices_history
65252813896336788230617856248125123600178384752591631993072313635672275758489,0xb3d00f908d0bb0320cfb28cfb64904d9d10fb4d3d174baf8a2c9583b6eb66cfb,1773769547,2026-03-17T17:45:47+00:00,0.996,clob_prices_history
65252813896336788230617856248125123600178384752591631993072313635672275758489,0xb3d00f908d0bb0320cfb28cfb64904d9d10fb4d3d174baf8a2c9583b6eb66cfb,1773770440,2026-03-17T18:00:40+00:00,0.996,clob_prices_history
65252813896336788230617856248125123600178384752591631993072313635672275758489,0xb3d00f908d0bb0320cfb28cfb64904d9d10fb4d3d174baf8a2c9583b6eb66cfb,1773771336,2026-03-17T18:15:36+00:00,0.996,clob_prices_history
65252813896336788230617856248125123600178384752591631993072313635672275758489,0xb3d00f908d0bb0320cfb28cfb64904d9d10fb4d3d174baf8a2c9583b6eb66cfb,1773772234,2026-03-17T18:30:34+00:00,0.996,clob_prices_history
65252813896336788230617856248125123600178384752591631993072313635672275758489,0xb3d00f908d0bb0320cfb28cfb64904d9d10fb4d3d174baf8a2c9583b6eb66cfb,1773773131,2026-03-17T18:45:31+00:00,0.996,clob_prices_history
65252813896336788230617856248125123600178384752591631993072313635672275758489,0xb3d00f908d0bb0320cfb28cfb64904d9d10fb4d3d174baf8a2c9583b6eb66cfb,1773774037,2026-03-17T19:00:37+00:00,0.996,clob_prices_history
65252813896336788230617856248125123600178384752591631993072313635672275758489,0xb3d00f908d0bb0320cfb28cfb64904d9d10fb4d3d174baf8a2c9583b6eb66cfb,1773774945,2026-03-17T19:15:45+00:00,0.996,clob_prices_history
65252813896336788230617856248125123600178384752591631993072313635672275758489,0xb3d00f908d0bb0320cfb28cfb64904d9d10fb4d3d174baf8a2c9583b6eb66cfb,1773775848,2026-03-17T19:30:48+00:00,0.996,clob_prices_history
65252813896336788230617856248125123600178384752591631993072313635672275758489,0xb3d00f908d0bb0320cfb28cfb64904d9d10fb4d3d174baf8a2c9583b6eb66cfb,1773776737,2026-03-17T19:45:37+00:00,0.996,clob_prices_history
65252813896336788230617856248125123600178384752591631993072313635672275758489,0xb3d00f908d0bb0320cfb28cfb64904d9d10fb4d3d174baf8a2c9583b6eb66cfb,1773777638,2026-03-17T20:00:38+00:00,0.996,clob_prices_history
65252813896336788230617856248125123600178384752591631993072313635672275758489,0xb3d00f908d0bb0320cfb28cfb64904d9d10fb4d3d174baf8a2c9583b6eb66cfb,1773778533,2026-03-17T20:15:33+00:00,0.996,clob_prices_history
65252813896336788230617856248125123600178384752591631993072313635672275758489,0xb3d00f908d0bb0320cfb28cfb64904d9d10fb4d3d174baf8a2c9583b6eb66cfb,1773779439,2026-03-17T20:30:39+00:00,0.996,clob_prices_history
65252813896336788230617856248125123600178384752591631993072313635672275758489,0xb3d00f908d0bb0320cfb28cfb64904d9d10fb4d3d174baf8a2c9583b6eb66cfb,1773780333,2026-03-17T20:45:33+00:00,0.996,clob_prices_history
65252813896336788230617856248125123600178384752591631993072313635672275758489,0xb3d00f908d0bb0320cfb28cfb64904d9d10fb4d3d174baf8a2c9583b6eb66cfb,1773781240,2026-03-17T21:00:40+00:00,0.996,clob_prices_history
65252813896336788230617856248125123600178384752591631993072313635672275758489,0xb3d00f908d0bb0320cfb28cfb64904d9d10fb4d3d174baf8a2c9583b6eb66cfb,1773782132,2026-03-17T21:15:32+00:00,0.996,clob_prices_history
65252813896336788230617856248125123600178384752591631993072313635672275758489,0xb3d00f908d0bb0320cfb28cfb64904d9d10fb4d3d174baf8a2c9583b6eb66cfb,1773783036,2026-03-17T21:30:36+00:00,0.9965,clob_prices_history
65252813896336788230617856248125123600178384752591631993072313635672275758489,0xb3d00f908d0bb0320cfb28cfb64904d9d10fb4d3d174baf8a2c9583b6eb66cfb,1773783933,2026-03-17T21:45:33+00:00,0.996,clob_prices_history
65252813896336788230617856248125123600178384752591631993072313635672275758489,0xb3d00f908d0bb0320cfb28cfb64904d9d10fb4d3d174baf8a2c9583b6eb66cfb,1773784811,2026-03-17T22:00:11+00:00,0.996,clob_prices_history
65252813896336788230617856248125123600178384752591631993072313635672275758489,0xb3d00f908d0bb0320cfb28cfb64904d9d10fb4d3d174baf8a2c9583b6eb66cfb,1773784856,2026-03-17T22:00:56+00:00,0.996,clob_prices_history
65252813896336788230617856248125123600178384752591631993072313635672275758489,0xb3d00f908d0bb0320cfb28cfb64904d9d10fb4d3d174baf8a2c9583b6eb66cfb,1773785734,2026-03-17T22:15:34+00:00,0.996,clob_prices_history
65252813896336788230617856248125123600178384752591631993072313635672275758489,0xb3d00f908d0bb0320cfb28cfb64904d9d10fb4d3d174baf8a2c9583b6eb66cfb,1773786633,2026-03-17T22:30:33+00:00,0.996,clob_prices_history
65252813896336788230617856248125123600178384752591631993072313635672275758489,0xb3d00f908d0bb0320cfb28cfb64904d9d10fb4d3d174baf8a2c9583b6eb66cfb,1773787535,2026-03-17T22:45:35+00:00,0.996,clob_prices_history
65252813896336788230617856248125123600178384752591631993072313635672275758489,0xb3d00f908d0bb0320cfb28cfb64904d9d10fb4d3d174baf8a2c9583b6eb66cfb,1773788433,2026-03-17T23:00:33+00:00,0.996,clob_prices_history
65252813896336788230617856248125123600178384752591631993072313635672275758489,0xb3d00f908d0bb0320cfb28cfb64904d9d10fb4d3d174baf8a2c9583b6eb66cfb,1773789335,2026-03-17T23:15:35+00:00,0.996,clob_prices_history
65252813896336788230617856248125123600178384752591631993072313635672275758489,0xb3d00f908d0bb0320cfb28cfb64904d9d10fb4d3d174baf8a2c9583b6eb66cfb,1773790232,2026-03-17T23:30:32+00:00,0.996,clob_prices_history
65252813896336788230617856248125123600178384752591631993072313635672275758489,0xb3d00f908d0bb0320cfb28cfb64904d9d10fb4d3d174baf8a2c9583b6eb66cfb,1773791129,2026-03-17T23:45:29+00:00,0.996,clob_prices_history
65252813896336788230617856248125123600178384752591631993072313635672275758489,0xb3d00f908d0bb0320cfb28cfb64904d9d10fb4d3d174baf8a2c9583b6eb66cfb,1773792040,2026-03-18T00:00:40+00:00,0.996,clob_prices_history
65252813896336788230617856248125123600178384752591631993072313635672275758489,0xb3d00f908d0bb0320cfb28cfb64904d9d10fb4d3d174baf8a2c9583b6eb66cfb,1773792945,2026-03-18T00:15:45+00:00,0.996,clob_prices_history
65252813896336788230617856248125123600178384752591631993072313635672275758489,0xb3d00f908d0bb0320cfb28cfb64904d9d10fb4d3d174baf8a2c9583b6eb66cfb,1773793835,2026-03-18T00:30:35+00:00,0.996,clob_prices_history
65252813896336788230617856248125123600178384752591631993072313635672275758489,0xb3d00f908d0bb0320cfb28cfb64904d9d10fb4d3d174baf8a2c9583b6eb66cfb,1773794733,2026-03-18T00:45:33+00:00,0.996,clob_prices_history
65252813896336788230617856248125123600178384752591631993072313635672275758489,0xb3d00f908d0bb0320cfb28cfb64904d9d10fb4d3d174baf8a2c9583b6eb66cfb,1773795634,2026-03-18T01:00:34+00:00,0.996,clob_prices_history
65252813896336788230617856248125123600178384752591631993072313635672275758489,0xb3d00f908d0bb0320cfb28cfb64904d9d10fb4d3d174baf8a2c9583b6eb66cfb,1773796530,2026-03-18T01:15:30+00:00,0.996,clob_prices_history
65252813896336788230617856248125123600178384752591631993072313635672275758489,0xb3d00f908d0bb0320cfb28cfb64904d9d10fb4d3d174baf8a2c9583b6eb66cfb,1773797451,2026-03-18T01:30:51+00:00,0.996,clob_prices_history
65252813896336788230617856248125123600178384752591631993072313635672275758489,0xb3d00f908d0bb0320cfb28cfb64904d9d10fb4d3d174baf8a2c9583b6eb66cfb,1773798332,2026-03-18T01:45:32+00:00,0.996,clob_prices_history
65252813896336788230617856248125123600178384752591631993072313635672275758489,0xb3d00f908d0bb0320cfb28cfb64904d9d10fb4d3d174baf8a2c9583b6eb66cfb,1773799234,2026-03-18T02:00:34+00:00,0.996,clob_prices_history
65252813896336788230617856248125123600178384752591631993072313635672275758489,0xb3d00f908d0bb0320cfb28cfb64904d9d10fb4d3d174baf8a2c9583b6eb66cfb,1773800131,2026-03-18T02:15:31+00:00,0.996,clob_prices_history
65252813896336788230617856248125123600178384752591631993072313635672275758489,0xb3d00f908d0bb0320cfb28cfb64904d9d10fb4d3d174baf8a2c9583b6eb66cfb,1773801034,2026-03-18T02:30:34+00:00,0.996,clob_prices_history
65252813896336788230617856248125123600178384752591631993072313635672275758489,0xb3d00f908d0bb0320cfb28cfb64904d9d10fb4d3d174baf8a2c9583b6eb66cfb,1773801932,2026-03-18T02:45:32+00:00,0.996,clob_prices_history
65252813896336788230617856248125123600178384752591631993072313635672275758489,0xb3d00f908d0bb0320cfb28cfb64904d9d10fb4d3d174baf8a2c9583b6eb66cfb,1773802837,2026-03-18T03:00:37+00:00,0.996,clob_prices_history
65252813896336788230617856248125123600178384752591631993072313635672275758489,0xb3d00f908d0bb0320cfb28cfb64904d9d10fb4d3d174baf8a2c9583b6eb66cfb,1773803729,2026-03-18T03:15:29+00:00,0.996,clob_prices_history
65252813896336788230617856248125123600178384752591631993072313635672275758489,0xb3d00f908d0bb0320cfb28cfb64904d9d10fb4d3d174baf8a2c9583b6eb66cfb,1773804632,2026-03-18T03:30:32+00:00,0.996,clob_prices_history
65252813896336788230617856248125123600178384752591631993072313635672275758489,0xb3d00f908d0bb0320cfb28cfb64904d9d10fb4d3d174baf8a2c9583b6eb66cfb,1773805529,2026-03-18T03:45:29+00:00,0.996,clob_prices_history
65252813896336788230617856248125123600178384752591631993072313635672275758489,0xb3d00f908d0bb0320cfb28cfb64904d9d10fb4d3d174baf8a2c9583b6eb66cfb,1773806432,2026-03-18T04:00:32+00:00,0.996,clob_prices_history
65252813896336788230617856248125123600178384752591631993072313635672275758489,0xb3d00f908d0bb0320cfb28cfb64904d9d10fb4d3d174baf8a2c9583b6eb66cfb,1773807332,2026-03-18T04:15:32+00:00,0.996,clob_prices_history
65252813896336788230617856248125123600178384752591631993072313635672275758489,0xb3d00f908d0bb0320cfb28cfb64904d9d10fb4d3d174baf8a2c9583b6eb66cfb,1773808235,2026-03-18T04:30:35+00:00,0.996,clob_prices_history
65252813896336788230617856248125123600178384752591631993072313635672275758489,0xb3d00f908d0bb0320cfb28cfb64904d9d10fb4d3d174baf8a2c9583b6eb66cfb,1773809130,2026-03-18T04:45:30+00:00,0.996,clob_prices_history
65252813896336788230617856248125123600178384752591631993072313635672275758489,0xb3d00f908d0bb0320cfb28cfb64904d9d10fb4d3d174baf8a2c9583b6eb66cfb,1773810036,2026-03-18T05:00:36+00:00,0.996,clob_prices_history
65252813896336788230617856248125123600178384752591631993072313635672275758489,0xb3d00f908d0bb0320cfb28cfb64904d9d10fb4d3d174baf8a2c9583b6eb66cfb,1773810930,2026-03-18T05:15:30+00:00,0.996,clob_prices_history
65252813896336788230617856248125123600178384752591631993072313635672275758489,0xb3d00f908d0bb0320cfb28cfb64904d9d10fb4d3d174baf8a2c9583b6eb66cfb,1773811835,2026-03-18T05:30:35+00:00,0.996,clob_prices_history
65252813896336788230617856248125123600178384752591631993072313635672275758489,0xb3d00f908d0bb0320cfb28cfb64904d9d10fb4d3d174baf8a2c9583b6eb66cfb,1773812736,2026-03-18T05:45:36+00:00,0.996,clob_prices_history
65252813896336788230617856248125123600178384752591631993072313635672275758489,0xb3d00f908d0bb0320cfb28cfb64904d9d10fb4d3d174baf8a2c9583b6eb66cfb,1773813640,2026-03-18T06:00:40+00:00,0.996,clob_prices_history
65252813896336788230617856248125123600178384752591631993072313635672275758489,0xb3d00f908d0bb0320cfb28cfb64904d9d10fb4d3d174baf8a2c9583b6eb66cfb,1773814533,2026-03-18T06:15:33+00:00,0.996,clob_prices_history
65252813896336788230617856248125123600178384752591631993072313635672275758489,0xb3d00f908d0bb0320cfb28cfb64904d9d10fb4d3d174baf8a2c9583b6eb66cfb,1773815434,2026-03-18T06:30:34+00:00,0.996,clob_prices_history
65252813896336788230617856248125123600178384752591631993072313635672275758489,0xb3d00f908d0bb0320cfb28cfb64904d9d10fb4d3d174baf8a2c9583b6eb66cfb,1773816332,2026-03-18T06:45:32+00:00,0.996,clob_prices_history
65252813896336788230617856248125123600178384752591631993072313635672275758489,0xb3d00f908d0bb0320cfb28cfb64904d9d10fb4d3d174baf8a2c9583b6eb66cfb,1773817237,2026-03-18T07:00:37+00:00,0.996,clob_prices_history
65252813896336788230617856248125123600178384752591631993072313635672275758489,0xb3d00f908d0bb0320cfb28cfb64904d9d10fb4d3d174baf8a2c9583b6eb66cfb,1773818132,2026-03-18T07:15:32+00:00,0.996,clob_prices_history
65252813896336788230617856248125123600178384752591631993072313635672275758489,0xb3d00f908d0bb0320cfb28cfb64904d9d10fb4d3d174baf8a2c9583b6eb66cfb,1773819035,2026-03-18T07:30:35+00:00,0.996,clob_prices_history
65252813896336788230617856248125123600178384752591631993072313635672275758489,0xb3d00f908d0bb0320cfb28cfb64904d9d10fb4d3d174baf8a2c9583b6eb66cfb,1773819932,2026-03-18T07:45:32+00:00,0.996,clob_prices_history
65252813896336788230617856248125123600178384752591631993072313635672275758489,0xb3d00f908d0bb0320cfb28cfb64904d9d10fb4d3d174baf8a2c9583b6eb66cfb,1773820832,2026-03-18T08:00:32+00:00,0.996,clob_prices_history
65252813896336788230617856248125123600178384752591631993072313635672275758489,0xb3d00f908d0bb0320cfb28cfb64904d9d10fb4d3d174baf8a2c9583b6eb66cfb,1773821735,2026-03-18T08:15:35+00:00,0.996,clob_prices_history
65252813896336788230617856248125123600178384752591631993072313635672275758489,0xb3d00f908d0bb0320cfb28cfb64904d9d10fb4d3d174baf8a2c9583b6eb66cfb,1773822635,2026-03-18T08:30:35+00:00,0.9935,clob_prices_history
65252813896336788230617856248125123600178384752591631993072313635672275758489,0xb3d00f908d0bb0320cfb28cfb64904d9d10fb4d3d174baf8a2c9583b6eb66cfb,1773823529,2026-03-18T08:45:29+00:00,0.993,clob_prices_history
65252813896336788230617856248125123600178384752591631993072313635672275758489,0xb3d00f908d0bb0320cfb28cfb64904d9d10fb4d3d174baf8a2c9583b6eb66cfb,1773824445,2026-03-18T09:00:45+00:00,0.994,clob_prices_history
65252813896336788230617856248125123600178384752591631993072313635672275758489,0xb3d00f908d0bb0320cfb28cfb64904d9d10fb4d3d174baf8a2c9583b6eb66cfb,1773825342,2026-03-18T09:15:42+00:00,0.994,clob_prices_history
65252813896336788230617856248125123600178384752591631993072313635672275758489,0xb3d00f908d0bb0320cfb28cfb64904d9d10fb4d3d174baf8a2c9583b6eb66cfb,1773826233,2026-03-18T09:30:33+00:00,0.994,clob_prices_history
65252813896336788230617856248125123600178384752591631993072313635672275758489,0xb3d00f908d0bb0320cfb28cfb64904d9d10fb4d3d174baf8a2c9583b6eb66cfb,1773827131,2026-03-18T09:45:31+00:00,0.994,clob_prices_history
65252813896336788230617856248125123600178384752591631993072313635672275758489,0xb3d00f908d0bb0320cfb28cfb64904d9d10fb4d3d174baf8a2c9583b6eb66cfb,1773828036,2026-03-18T10:00:36+00:00,0.994,clob_prices_history
65252813896336788230617856248125123600178384752591631993072313635672275758489,0xb3d00f908d0bb0320cfb28cfb64904d9d10fb4d3d174baf8a2c9583b6eb66cfb,1773828935,2026-03-18T10:15:35+00:00,0.994,clob_prices_history
65252813896336788230617856248125123600178384752591631993072313635672275758489,0xb3d00f908d0bb0320cfb28cfb64904d9d10fb4d3d174baf8a2c9583b6eb66cfb,1773829832,2026-03-18T10:30:32+00:00,0.994,clob_prices_history
65252813896336788230617856248125123600178384752591631993072313635672275758489,0xb3d00f908d0bb0320cfb28cfb64904d9d10fb4d3d174baf8a2c9583b6eb66cfb,1773830739,2026-03-18T10:45:39+00:00,0.994,clob_prices_history
65252813896336788230617856248125123600178384752591631993072313635672275758489,0xb3d00f908d0bb0320cfb28cfb64904d9d10fb4d3d174baf8a2c9583b6eb66cfb,1773831634,2026-03-18T11:00:34+00:00,0.994,clob_prices_history
65252813896336788230617856248125123600178384752591631993072313635672275758489,0xb3d00f908d0bb0320cfb28cfb64904d9d10fb4d3d174baf8a2c9583b6eb66cfb,1773832531,2026-03-18T11:15:31+00:00,0.994,clob_prices_history
65252813896336788230617856248125123600178384752591631993072313635672275758489,0xb3d00f908d0bb0320cfb28cfb64904d9d10fb4d3d174baf8a2c9583b6eb66cfb,1773833438,2026-03-18T11:30:38+00:00,0.994,clob_prices_history
65252813896336788230617856248125123600178384752591631993072313635672275758489,0xb3d00f908d0bb0320cfb28cfb64904d9d10fb4d3d174baf8a2c9583b6eb66cfb,1773834329,2026-03-18T11:45:29+00:00,0.994,clob_prices_history
65252813896336788230617856248125123600178384752591631993072313635672275758489,0xb3d00f908d0bb0320cfb28cfb64904d9d10fb4d3d174baf8a2c9583b6eb66cfb,1773835255,2026-03-18T12:00:55+00:00,0.994,clob_prices_history
65252813896336788230617856248125123600178384752591631993072313635672275758489,0xb3d00f908d0bb0320cfb28cfb64904d9d10fb4d3d174baf8a2c9583b6eb66cfb,1773836132,2026-03-18T12:15:32+00:00,0.994,clob_prices_history
65252813896336788230617856248125123600178384752591631993072313635672275758489,0xb3d00f908d0bb0320cfb28cfb64904d9d10fb4d3d174baf8a2c9583b6eb66cfb,1773837036,2026-03-18T12:30:36+00:00,0.994,clob_prices_history
65252813896336788230617856248125123600178384752591631993072313635672275758489,0xb3d00f908d0bb0320cfb28cfb64904d9d10fb4d3d174baf8a2c9583b6eb66cfb,1773837933,2026-03-18T12:45:33+00:00,0.994,clob_prices_history
65252813896336788230617856248125123600178384752591631993072313635672275758489,0xb3d00f908d0bb0320cfb28cfb64904d9d10fb4d3d174baf8a2c9583b6eb66cfb,1773838833,2026-03-18T13:00:33+00:00,0.994,clob_prices_history
65252813896336788230617856248125123600178384752591631993072313635672275758489,0xb3d00f908d0bb0320cfb28cfb64904d9d10fb4d3d174baf8a2c9583b6eb66cfb,1773839731,2026-03-18T13:15:31+00:00,0.994,clob_prices_history
65252813896336788230617856248125123600178384752591631993072313635672275758489,0xb3d00f908d0bb0320cfb28cfb64904d9d10fb4d3d174baf8a2c9583b6eb66cfb,1773840636,2026-03-18T13:30:36+00:00,0.994,clob_prices_history
65252813896336788230617856248125123600178384752591631993072313635672275758489,0xb3d00f908d0bb0320cfb28cfb64904d9d10fb4d3d174baf8a2c9583b6eb66cfb,1773841530,2026-03-18T13:45:30+00:00,0.994,clob_prices_history
65252813896336788230617856248125123600178384752591631993072313635672275758489,0xb3d00f908d0bb0320cfb28cfb64904d9d10fb4d3d174baf8a2c9583b6eb66cfb,1773842438,2026-03-18T14:00:38+00:00,0.994,clob_prices_history
65252813896336788230617856248125123600178384752591631993072313635672275758489,0xb3d00f908d0bb0320cfb28cfb64904d9d10fb4d3d174baf8a2c9583b6eb66cfb,1773843335,2026-03-18T14:15:35+00:00,0.997,clob_prices_history
65252813896336788230617856248125123600178384752591631993072313635672275758489,0xb3d00f908d0bb0320cfb28cfb64904d9d10fb4d3d174baf8a2c9583b6eb66cfb,1773844236,2026-03-18T14:30:36+00:00,0.997,clob_prices_history
65252813896336788230617856248125123600178384752591631993072313635672275758489,0xb3d00f908d0bb0320cfb28cfb64904d9d10fb4d3d174baf8a2c9583b6eb66cfb,1773845133,2026-03-18T14:45:33+00:00,0.997,clob_prices_history
65252813896336788230617856248125123600178384752591631993072313635672275758489,0xb3d00f908d0bb0320cfb28cfb64904d9d10fb4d3d174baf8a2c9583b6eb66cfb,1773846052,2026-03-18T15:00:52+00:00,0.997,clob_prices_history
65252813896336788230617856248125123600178384752591631993072313635672275758489,0xb3d00f908d0bb0320cfb28cfb64904d9d10fb4d3d174baf8a2c9583b6eb66cfb,1773846934,2026-03-18T15:15:34+00:00,0.997,clob_prices_history
65252813896336788230617856248125123600178384752591631993072313635672275758489,0xb3d00f908d0bb0320cfb28cfb64904d9d10fb4d3d174baf8a2c9583b6eb66cfb,1773847835,2026-03-18T15:30:35+00:00,0.997,clob_prices_history
65252813896336788230617856248125123600178384752591631993072313635672275758489,0xb3d00f908d0bb0320cfb28cfb64904d9d10fb4d3d174baf8a2c9583b6eb66cfb,1773848733,2026-03-18T15:45:33+00:00,0.997,clob_prices_history
65252813896336788230617856248125123600178384752591631993072313635672275758489,0xb3d00f908d0bb0320cfb28cfb64904d9d10fb4d3d174baf8a2c9583b6eb66cfb,1773849638,2026-03-18T16:00:38+00:00,0.997,clob_prices_history
65252813896336788230617856248125123600178384752591631993072313635672275758489,0xb3d00f908d0bb0320cfb28cfb64904d9d10fb4d3d174baf8a2c9583b6eb66cfb,1773850529,2026-03-18T16:15:29+00:00,0.997,clob_prices_history
65252813896336788230617856248125123600178384752591631993072313635672275758489,0xb3d00f908d0bb0320cfb28cfb64904d9d10fb4d3d174baf8a2c9583b6eb66cfb,1773851436,2026-03-18T16:30:36+00:00,0.997,clob_prices_history
65252813896336788230617856248125123600178384752591631993072313635672275758489,0xb3d00f908d0bb0320cfb28cfb64904d9d10fb4d3d174baf8a2c9583b6eb66cfb,1773852329,2026-03-18T16:45:29+00:00,0.997,clob_prices_history
65252813896336788230617856248125123600178384752591631993072313635672275758489,0xb3d00f908d0bb0320cfb28cfb64904d9d10fb4d3d174baf8a2c9583b6eb66cfb,1773853233,2026-03-18T17:00:33+00:00,0.997,clob_prices_history
65252813896336788230617856248125123600178384752591631993072313635672275758489,0xb3d00f908d0bb0320cfb28cfb64904d9d10fb4d3d174baf8a2c9583b6eb66cfb,1773854130,2026-03-18T17:15:30+00:00,0.997,clob_prices_history
65252813896336788230617856248125123600178384752591631993072313635672275758489,0xb3d00f908d0bb0320cfb28cfb64904d9d10fb4d3d174baf8a2c9583b6eb66cfb,1773855035,2026-03-18T17:30:35+00:00,0.997,clob_prices_history
65252813896336788230617856248125123600178384752591631993072313635672275758489,0xb3d00f908d0bb0320cfb28cfb64904d9d10fb4d3d174baf8a2c9583b6eb66cfb,1773855930,2026-03-18T17:45:30+00:00,0.997,clob_prices_history
65252813896336788230617856248125123600178384752591631993072313635672275758489,0xb3d00f908d0bb0320cfb28cfb64904d9d10fb4d3d174baf8a2c9583b6eb66cfb,1773856850,2026-03-18T18:00:50+00:00,0.997,clob_prices_history
65252813896336788230617856248125123600178384752591631993072313635672275758489,0xb3d00f908d0bb0320cfb28cfb64904d9d10fb4d3d174baf8a2c9583b6eb66cfb,1773857733,2026-03-18T18:15:33+00:00,0.997,clob_prices_history
65252813896336788230617856248125123600178384752591631993072313635672275758489,0xb3d00f908d0bb0320cfb28cfb64904d9d10fb4d3d174baf8a2c9583b6eb66cfb,1773858639,2026-03-18T18:30:39+00:00,0.997,clob_prices_history
65252813896336788230617856248125123600178384752591631993072313635672275758489,0xb3d00f908d0bb0320cfb28cfb64904d9d10fb4d3d174baf8a2c9583b6eb66cfb,1773859534,2026-03-18T18:45:34+00:00,0.997,clob_prices_history
65252813896336788230617856248125123600178384752591631993072313635672275758489,0xb3d00f908d0bb0320cfb28cfb64904d9d10fb4d3d174baf8a2c9583b6eb66cfb,1773860438,2026-03-18T19:00:38+00:00,0.997,clob_prices_history
65252813896336788230617856248125123600178384752591631993072313635672275758489,0xb3d00f908d0bb0320cfb28cfb64904d9d10fb4d3d174baf8a2c9583b6eb66cfb,1773861339,2026-03-18T19:15:39+00:00,0.9965,clob_prices_history
65252813896336788230617856248125123600178384752591631993072313635672275758489,0xb3d00f908d0bb0320cfb28cfb64904d9d10fb4d3d174baf8a2c9583b6eb66cfb,1773862236,2026-03-18T19:30:36+00:00,0.9965,clob_prices_history
65252813896336788230617856248125123600178384752591631993072313635672275758489,0xb3d00f908d0bb0320cfb28cfb64904d9d10fb4d3d174baf8a2c9583b6eb66cfb,1773863135,2026-03-18T19:45:35+00:00,0.9935,clob_prices_history
65252813896336788230617856248125123600178384752591631993072313635672275758489,0xb3d00f908d0bb0320cfb28cfb64904d9d10fb4d3d174baf8a2c9583b6eb66cfb,1773864047,2026-03-18T20:00:47+00:00,0.9935,clob_prices_history
65252813896336788230617856248125123600178384752591631993072313635672275758489,0xb3d00f908d0bb0320cfb28cfb64904d9d10fb4d3d174baf8a2c9583b6eb66cfb,1773864934,2026-03-18T20:15:34+00:00,0.9935,clob_prices_history
65252813896336788230617856248125123600178384752591631993072313635672275758489,0xb3d00f908d0bb0320cfb28cfb64904d9d10fb4d3d174baf8a2c9583b6eb66cfb,1773865832,2026-03-18T20:30:32+00:00,0.9935,clob_prices_history
65252813896336788230617856248125123600178384752591631993072313635672275758489,0xb3d00f908d0bb0320cfb28cfb64904d9d10fb4d3d174baf8a2c9583b6eb66cfb,1773866733,2026-03-18T20:45:33+00:00,0.9935,clob_prices_history
65252813896336788230617856248125123600178384752591631993072313635672275758489,0xb3d00f908d0bb0320cfb28cfb64904d9d10fb4d3d174baf8a2c9583b6eb66cfb,1773867647,2026-03-18T21:00:47+00:00,0.993,clob_prices_history
65252813896336788230617856248125123600178384752591631993072313635672275758489,0xb3d00f908d0bb0320cfb28cfb64904d9d10fb4d3d174baf8a2c9583b6eb66cfb,1773868528,2026-03-18T21:15:28+00:00,0.993,clob_prices_history
65252813896336788230617856248125123600178384752591631993072313635672275758489,0xb3d00f908d0bb0320cfb28cfb64904d9d10fb4d3d174baf8a2c9583b6eb66cfb,1773869433,2026-03-18T21:30:33+00:00,0.9915,clob_prices_history
65252813896336788230617856248125123600178384752591631993072313635672275758489,0xb3d00f908d0bb0320cfb28cfb64904d9d10fb4d3d174baf8a2c9583b6eb66cfb,1773870330,2026-03-18T21:45:30+00:00,0.9915,clob_prices_history
65252813896336788230617856248125123600178384752591631993072313635672275758489,0xb3d00f908d0bb0320cfb28cfb64904d9d10fb4d3d174baf8a2c9583b6eb66cfb,1773871240,2026-03-18T22:00:40+00:00,0.991,clob_prices_history
65252813896336788230617856248125123600178384752591631993072313635672275758489,0xb3d00f908d0bb0320cfb28cfb64904d9d10fb4d3d174baf8a2c9583b6eb66cfb,1773872128,2026-03-18T22:15:28+00:00,0.991,clob_prices_history
65252813896336788230617856248125123600178384752591631993072313635672275758489,0xb3d00f908d0bb0320cfb28cfb64904d9d10fb4d3d174baf8a2c9583b6eb66cfb,1773873032,2026-03-18T22:30:32+00:00,0.9895,clob_prices_history
65252813896336788230617856248125123600178384752591631993072313635672275758489,0xb3d00f908d0bb0320cfb28cfb64904d9d10fb4d3d174baf8a2c9583b6eb66cfb,1773873929,2026-03-18T22:45:29+00:00,0.993,clob_prices_history
65252813896336788230617856248125123600178384752591631993072313635672275758489,0xb3d00f908d0bb0320cfb28cfb64904d9d10fb4d3d174baf8a2c9583b6eb66cfb,1773874831,2026-03-18T23:00:31+00:00,0.993,clob_prices_history
65252813896336788230617856248125123600178384752591631993072313635672275758489,0xb3d00f908d0bb0320cfb28cfb64904d9d10fb4d3d174baf8a2c9583b6eb66cfb,1773875730,2026-03-18T23:15:30+00:00,0.9935,clob_prices_history
65252813896336788230617856248125123600178384752591631993072313635672275758489,0xb3d00f908d0bb0320cfb28cfb64904d9d10fb4d3d174baf8a2c9583b6eb66cfb,1773876631,2026-03-18T23:30:31+00:00,0.9935,clob_prices_history
65252813896336788230617856248125123600178384752591631993072313635672275758489,0xb3d00f908d0bb0320cfb28cfb64904d9d10fb4d3d174baf8a2c9583b6eb66cfb,1773877528,2026-03-18T23:45:28+00:00,0.9935,clob_prices_history
65252813896336788230617856248125123600178384752591631993072313635672275758489,0xb3d00f908d0bb0320cfb28cfb64904d9d10fb4d3d174baf8a2c9583b6eb66cfb,1773878451,2026-03-19T00:00:51+00:00,0.9935,clob_prices_history
65252813896336788230617856248125123600178384752591631993072313635672275758489,0xb3d00f908d0bb0320cfb28cfb64904d9d10fb4d3d174baf8a2c9583b6eb66cfb,1773879329,2026-03-19T00:15:29+00:00,0.9935,clob_prices_history
65252813896336788230617856248125123600178384752591631993072313635672275758489,0xb3d00f908d0bb0320cfb28cfb64904d9d10fb4d3d174baf8a2c9583b6eb66cfb,1773880234,2026-03-19T00:30:34+00:00,0.9935,clob_prices_history
65252813896336788230617856248125123600178384752591631993072313635672275758489,0xb3d00f908d0bb0320cfb28cfb64904d9d10fb4d3d174baf8a2c9583b6eb66cfb,1773881131,2026-03-19T00:45:31+00:00,0.9935,clob_prices_history
65252813896336788230617856248125123600178384752591631993072313635672275758489,0xb3d00f908d0bb0320cfb28cfb64904d9d10fb4d3d174baf8a2c9583b6eb66cfb,1773882033,2026-03-19T01:00:33+00:00,0.994,clob_prices_history
65252813896336788230617856248125123600178384752591631993072313635672275758489,0xb3d00f908d0bb0320cfb28cfb64904d9d10fb4d3d174baf8a2c9583b6eb66cfb,1773882932,2026-03-19T01:15:32+00:00,0.994,clob_prices_history
65252813896336788230617856248125123600178384752591631993072313635672275758489,0xb3d00f908d0bb0320cfb28cfb64904d9d10fb4d3d174baf8a2c9583b6eb66cfb,1773883834,2026-03-19T01:30:34+00:00,0.9945,clob_prices_history
65252813896336788230617856248125123600178384752591631993072313635672275758489,0xb3d00f908d0bb0320cfb28cfb64904d9d10fb4d3d174baf8a2c9583b6eb66cfb,1773884734,2026-03-19T01:45:34+00:00,0.9945,clob_prices_history
65252813896336788230617856248125123600178384752591631993072313635672275758489,0xb3d00f908d0bb0320cfb28cfb64904d9d10fb4d3d174baf8a2c9583b6eb66cfb,1773885634,2026-03-19T02:00:34+00:00,0.9945,clob_prices_history
65252813896336788230617856248125123600178384752591631993072313635672275758489,0xb3d00f908d0bb0320cfb28cfb64904d9d10fb4d3d174baf8a2c9583b6eb66cfb,1773886532,2026-03-19T02:15:32+00:00,0.9945,clob_prices_history
65252813896336788230617856248125123600178384752591631993072313635672275758489,0xb3d00f908d0bb0320cfb28cfb64904d9d10fb4d3d174baf8a2c9583b6eb66cfb,1773887433,2026-03-19T02:30:33+00:00,0.9945,clob_prices_history
65252813896336788230617856248125123600178384752591631993072313635672275758489,0xb3d00f908d0bb0320cfb28cfb64904d9d10fb4d3d174baf8a2c9583b6eb66cfb,1773888339,2026-03-19T02:45:39+00:00,0.9945,clob_prices_history
65252813896336788230617856248125123600178384752591631993072313635672275758489,0xb3d00f908d0bb0320cfb28cfb64904d9d10fb4d3d174baf8a2c9583b6eb66cfb,1773889247,2026-03-19T03:00:47+00:00,0.9945,clob_prices_history
65252813896336788230617856248125123600178384752591631993072313635672275758489,0xb3d00f908d0bb0320cfb28cfb64904d9d10fb4d3d174baf8a2c9583b6eb66cfb,1773890131,2026-03-19T03:15:31+00:00,0.9945,clob_prices_history
65252813896336788230617856248125123600178384752591631993072313635672275758489,0xb3d00f908d0bb0320cfb28cfb64904d9d10fb4d3d174baf8a2c9583b6eb66cfb,1773891035,2026-03-19T03:30:35+00:00,0.9945,clob_prices_history
65252813896336788230617856248125123600178384752591631993072313635672275758489,0xb3d00f908d0bb0320cfb28cfb64904d9d10fb4d3d174baf8a2c9583b6eb66cfb,1773891930,2026-03-19T03:45:30+00:00,0.9945,clob_prices_history
65252813896336788230617856248125123600178384752591631993072313635672275758489,0xb3d00f908d0bb0320cfb28cfb64904d9d10fb4d3d174baf8a2c9583b6eb66cfb,1773892836,2026-03-19T04:00:36+00:00,0.9945,clob_prices_history
65252813896336788230617856248125123600178384752591631993072313635672275758489,0xb3d00f908d0bb0320cfb28cfb64904d9d10fb4d3d174baf8a2c9583b6eb66cfb,1773893734,2026-03-19T04:15:34+00:00,0.9945,clob_prices_history
65252813896336788230617856248125123600178384752591631993072313635672275758489,0xb3d00f908d0bb0320cfb28cfb64904d9d10fb4d3d174baf8a2c9583b6eb66cfb,1773894633,2026-03-19T04:30:33+00:00,0.9945,clob_prices_history
65252813896336788230617856248125123600178384752591631993072313635672275758489,0xb3d00f908d0bb0320cfb28cfb64904d9d10fb4d3d174baf8a2c9583b6eb66cfb,1773895531,2026-03-19T04:45:31+00:00,0.9945,clob_prices_history
65252813896336788230617856248125123600178384752591631993072313635672275758489,0xb3d00f908d0bb0320cfb28cfb64904d9d10fb4d3d174baf8a2c9583b6eb66cfb,1773896433,2026-03-19T05:00:33+00:00,0.9945,clob_prices_history
65252813896336788230617856248125123600178384752591631993072313635672275758489,0xb3d00f908d0bb0320cfb28cfb64904d9d10fb4d3d174baf8a2c9583b6eb66cfb,1773897331,2026-03-19T05:15:31+00:00,0.9945,clob_prices_history
65252813896336788230617856248125123600178384752591631993072313635672275758489,0xb3d00f908d0bb0320cfb28cfb64904d9d10fb4d3d174baf8a2c9583b6eb66cfb,1773898241,2026-03-19T05:30:41+00:00,0.9945,clob_prices_history
65252813896336788230617856248125123600178384752591631993072313635672275758489,0xb3d00f908d0bb0320cfb28cfb64904d9d10fb4d3d174baf8a2c9583b6eb66cfb,1773899130,2026-03-19T05:45:30+00:00,0.9945,clob_prices_history
65252813896336788230617856248125123600178384752591631993072313635672275758489,0xb3d00f908d0bb0320cfb28cfb64904d9d10fb4d3d174baf8a2c9583b6eb66cfb,1773900928,2026-03-19T06:15:28+00:00,0.9945,clob_prices_history
65252813896336788230617856248125123600178384752591631993072313635672275758489,0xb3d00f908d0bb0320cfb28cfb64904d9d10fb4d3d174baf8a2c9583b6eb66cfb,1773901839,2026-03-19T06:30:39+00:00,0.9945,clob_prices_history
65252813896336788230617856248125123600178384752591631993072313635672275758489,0xb3d00f908d0bb0320cfb28cfb64904d9d10fb4d3d174baf8a2c9583b6eb66cfb,1773902731,2026-03-19T06:45:31+00:00,0.996,clob_prices_history
65252813896336788230617856248125123600178384752591631993072313635672275758489,0xb3d00f908d0bb0320cfb28cfb64904d9d10fb4d3d174baf8a2c9583b6eb66cfb,1773903647,2026-03-19T07:00:47+00:00,0.9975,clob_prices_history
65252813896336788230617856248125123600178384752591631993072313635672275758489,0xb3d00f908d0bb0320cfb28cfb64904d9d10fb4d3d174baf8a2c9583b6eb66cfb,1773904530,2026-03-19T07:15:30+00:00,0.9975,clob_prices_history
65252813896336788230617856248125123600178384752591631993072313635672275758489,0xb3d00f908d0bb0320cfb28cfb64904d9d10fb4d3d174baf8a2c9583b6eb66cfb,1773905433,2026-03-19T07:30:33+00:00,0.9975,clob_prices_history
65252813896336788230617856248125123600178384752591631993072313635672275758489,0xb3d00f908d0bb0320cfb28cfb64904d9d10fb4d3d174baf8a2c9583b6eb66cfb,1773906332,2026-03-19T07:45:32+00:00,0.9975,clob_prices_history
65252813896336788230617856248125123600178384752591631993072313635672275758489,0xb3d00f908d0bb0320cfb28cfb64904d9d10fb4d3d174baf8a2c9583b6eb66cfb,1773907234,2026-03-19T08:00:34+00:00,0.9975,clob_prices_history
65252813896336788230617856248125123600178384752591631993072313635672275758489,0xb3d00f908d0bb0320cfb28cfb64904d9d10fb4d3d174baf8a2c9583b6eb66cfb,1773908131,2026-03-19T08:15:31+00:00,0.9975,clob_prices_history
65252813896336788230617856248125123600178384752591631993072313635672275758489,0xb3d00f908d0bb0320cfb28cfb64904d9d10fb4d3d174baf8a2c9583b6eb66cfb,1773909031,2026-03-19T08:30:31+00:00,0.9955,clob_prices_history
65252813896336788230617856248125123600178384752591631993072313635672275758489,0xb3d00f908d0bb0320cfb28cfb64904d9d10fb4d3d174baf8a2c9583b6eb66cfb,1773909940,2026-03-19T08:45:40+00:00,0.995,clob_prices_history
65252813896336788230617856248125123600178384752591631993072313635672275758489,0xb3d00f908d0bb0320cfb28cfb64904d9d10fb4d3d174baf8a2c9583b6eb66cfb,1773910859,2026-03-19T09:00:59+00:00,0.995,clob_prices_history
65252813896336788230617856248125123600178384752591631993072313635672275758489,0xb3d00f908d0bb0320cfb28cfb64904d9d10fb4d3d174baf8a2c9583b6eb66cfb,1773911726,2026-03-19T09:15:26+00:00,0.995,clob_prices_history
65252813896336788230617856248125123600178384752591631993072313635672275758489,0xb3d00f908d0bb0320cfb28cfb64904d9d10fb4d3d174baf8a2c9583b6eb66cfb,1773912638,2026-03-19T09:30:38+00:00,0.994,clob_prices_history
65252813896336788230617856248125123600178384752591631993072313635672275758489,0xb3d00f908d0bb0320cfb28cfb64904d9d10fb4d3d174baf8a2c9583b6eb66cfb,1773913529,2026-03-19T09:45:29+00:00,0.994,clob_prices_history
65252813896336788230617856248125123600178384752591631993072313635672275758489,0xb3d00f908d0bb0320cfb28cfb64904d9d10fb4d3d174baf8a2c9583b6eb66cfb,1773914434,2026-03-19T10:00:34+00:00,0.994,clob_prices_history
65252813896336788230617856248125123600178384752591631993072313635672275758489,0xb3d00f908d0bb0320cfb28cfb64904d9d10fb4d3d174baf8a2c9583b6eb66cfb,1773915326,2026-03-19T10:15:26+00:00,0.994,clob_prices_history
65252813896336788230617856248125123600178384752591631993072313635672275758489,0xb3d00f908d0bb0320cfb28cfb64904d9d10fb4d3d174baf8a2c9583b6eb66cfb,1773916231,2026-03-19T10:30:31+00:00,0.994,clob_prices_history
65252813896336788230617856248125123600178384752591631993072313635672275758489,0xb3d00f908d0bb0320cfb28cfb64904d9d10fb4d3d174baf8a2c9583b6eb66cfb,1773917127,2026-03-19T10:45:27+00:00,0.994,clob_prices_history
65252813896336788230617856248125123600178384752591631993072313635672275758489,0xb3d00f908d0bb0320cfb28cfb64904d9d10fb4d3d174baf8a2c9583b6eb66cfb,1773918050,2026-03-19T11:00:50+00:00,0.994,clob_prices_history
65252813896336788230617856248125123600178384752591631993072313635672275758489,0xb3d00f908d0bb0320cfb28cfb64904d9d10fb4d3d174baf8a2c9583b6eb66cfb,1773918929,2026-03-19T11:15:29+00:00,0.994,clob_prices_history
65252813896336788230617856248125123600178384752591631993072313635672275758489,0xb3d00f908d0bb0320cfb28cfb64904d9d10fb4d3d174baf8a2c9583b6eb66cfb,1773919834,2026-03-19T11:30:34+00:00,0.994,clob_prices_history
65252813896336788230617856248125123600178384752591631993072313635672275758489,0xb3d00f908d0bb0320cfb28cfb64904d9d10fb4d3d174baf8a2c9583b6eb66cfb,1773920727,2026-03-19T11:45:27+00:00,0.994,clob_prices_history
65252813896336788230617856248125123600178384752591631993072313635672275758489,0xb3d00f908d0bb0320cfb28cfb64904d9d10fb4d3d174baf8a2c9583b6eb66cfb,1773921638,2026-03-19T12:00:38+00:00,0.994,clob_prices_history
65252813896336788230617856248125123600178384752591631993072313635672275758489,0xb3d00f908d0bb0320cfb28cfb64904d9d10fb4d3d174baf8a2c9583b6eb66cfb,1773922534,2026-03-19T12:15:34+00:00,0.994,clob_prices_history
65252813896336788230617856248125123600178384752591631993072313635672275758489,0xb3d00f908d0bb0320cfb28cfb64904d9d10fb4d3d174baf8a2c9583b6eb66cfb,1773923440,2026-03-19T12:30:40+00:00,0.9925,clob_prices_history
65252813896336788230617856248125123600178384752591631993072313635672275758489,0xb3d00f908d0bb0320cfb28cfb64904d9d10fb4d3d174baf8a2c9583b6eb66cfb,1773924333,2026-03-19T12:45:33+00:00,0.9925,clob_prices_history
65252813896336788230617856248125123600178384752591631993072313635672275758489,0xb3d00f908d0bb0320cfb28cfb64904d9d10fb4d3d174baf8a2c9583b6eb66cfb,1773925235,2026-03-19T13:00:35+00:00,0.9925,clob_prices_history
65252813896336788230617856248125123600178384752591631993072313635672275758489,0xb3d00f908d0bb0320cfb28cfb64904d9d10fb4d3d174baf8a2c9583b6eb66cfb,1773926130,2026-03-19T13:15:30+00:00,0.9935,clob_prices_history
65252813896336788230617856248125123600178384752591631993072313635672275758489,0xb3d00f908d0bb0320cfb28cfb64904d9d10fb4d3d174baf8a2c9583b6eb66cfb,1773927049,2026-03-19T13:30:49+00:00,0.9935,clob_prices_history
65252813896336788230617856248125123600178384752591631993072313635672275758489,0xb3d00f908d0bb0320cfb28cfb64904d9d10fb4d3d174baf8a2c9583b6eb66cfb,1773927932,2026-03-19T13:45:32+00:00,0.992,clob_prices_history
65252813896336788230617856248125123600178384752591631993072313635672275758489,0xb3d00f908d0bb0320cfb28cfb64904d9d10fb4d3d174baf8a2c9583b6eb66cfb,1773928835,2026-03-19T14:00:35+00:00,0.992,clob_prices_history
65252813896336788230617856248125123600178384752591631993072313635672275758489,0xb3d00f908d0bb0320cfb28cfb64904d9d10fb4d3d174baf8a2c9583b6eb66cfb,1773929732,2026-03-19T14:15:32+00:00,0.9925,clob_prices_history
65252813896336788230617856248125123600178384752591631993072313635672275758489,0xb3d00f908d0bb0320cfb28cfb64904d9d10fb4d3d174baf8a2c9583b6eb66cfb,1773930642,2026-03-19T14:30:42+00:00,0.9925,clob_prices_history
65252813896336788230617856248125123600178384752591631993072313635672275758489,0xb3d00f908d0bb0320cfb28cfb64904d9d10fb4d3d174baf8a2c9583b6eb66cfb,1773931532,2026-03-19T14:45:32+00:00,0.9925,clob_prices_history
65252813896336788230617856248125123600178384752591631993072313635672275758489,0xb3d00f908d0bb0320cfb28cfb64904d9d10fb4d3d174baf8a2c9583b6eb66cfb,1773932439,2026-03-19T15:00:39+00:00,0.993,clob_prices_history
65252813896336788230617856248125123600178384752591631993072313635672275758489,0xb3d00f908d0bb0320cfb28cfb64904d9d10fb4d3d174baf8a2c9583b6eb66cfb,1773933331,2026-03-19T15:15:31+00:00,0.993,clob_prices_history
65252813896336788230617856248125123600178384752591631993072313635672275758489,0xb3d00f908d0bb0320cfb28cfb64904d9d10fb4d3d174baf8a2c9583b6eb66cfb,1773934237,2026-03-19T15:30:37+00:00,0.993,clob_prices_history
65252813896336788230617856248125123600178384752591631993072313635672275758489,0xb3d00f908d0bb0320cfb28cfb64904d9d10fb4d3d174baf8a2c9583b6eb66cfb,1773935138,2026-03-19T15:45:38+00:00,0.995,clob_prices_history
65252813896336788230617856248125123600178384752591631993072313635672275758489,0xb3d00f908d0bb0320cfb28cfb64904d9d10fb4d3d174baf8a2c9583b6eb66cfb,1773936035,2026-03-19T16:00:35+00:00,0.995,clob_prices_history
65252813896336788230617856248125123600178384752591631993072313635672275758489,0xb3d00f908d0bb0320cfb28cfb64904d9d10fb4d3d174baf8a2c9583b6eb66cfb,1773936932,2026-03-19T16:15:32+00:00,0.996,clob_prices_history
65252813896336788230617856248125123600178384752591631993072313635672275758489,0xb3d00f908d0bb0320cfb28cfb64904d9d10fb4d3d174baf8a2c9583b6eb66cfb,1773937836,2026-03-19T16:30:36+00:00,0.996,clob_prices_history
65252813896336788230617856248125123600178384752591631993072313635672275758489,0xb3d00f908d0bb0320cfb28cfb64904d9d10fb4d3d174baf8a2c9583b6eb66cfb,1773938733,2026-03-19T16:45:33+00:00,0.996,clob_prices_history
65252813896336788230617856248125123600178384752591631993072313635672275758489,0xb3d00f908d0bb0320cfb28cfb64904d9d10fb4d3d174baf8a2c9583b6eb66cfb,1773940548,2026-03-19T17:15:48+00:00,0.997,clob_prices_history
65252813896336788230617856248125123600178384752591631993072313635672275758489,0xb3d00f908d0bb0320cfb28cfb64904d9d10fb4d3d174baf8a2c9583b6eb66cfb,1773941440,2026-03-19T17:30:40+00:00,0.997,clob_prices_history
65252813896336788230617856248125123600178384752591631993072313635672275758489,0xb3d00f908d0bb0320cfb28cfb64904d9d10fb4d3d174baf8a2c9583b6eb66cfb,1773942333,2026-03-19T17:45:33+00:00,0.997,clob_prices_history
65252813896336788230617856248125123600178384752591631993072313635672275758489,0xb3d00f908d0bb0320cfb28cfb64904d9d10fb4d3d174baf8a2c9583b6eb66cfb,1773943241,2026-03-19T18:00:41+00:00,0.997,clob_prices_history
65252813896336788230617856248125123600178384752591631993072313635672275758489,0xb3d00f908d0bb0320cfb28cfb64904d9d10fb4d3d174baf8a2c9583b6eb66cfb,1773944132,2026-03-19T18:15:32+00:00,0.9965,clob_prices_history
65252813896336788230617856248125123600178384752591631993072313635672275758489,0xb3d00f908d0bb0320cfb28cfb64904d9d10fb4d3d174baf8a2c9583b6eb66cfb,1773945035,2026-03-19T18:30:35+00:00,0.9965,clob_prices_history
65252813896336788230617856248125123600178384752591631993072313635672275758489,0xb3d00f908d0bb0320cfb28cfb64904d9d10fb4d3d174baf8a2c9583b6eb66cfb,1773945932,2026-03-19T18:45:32+00:00,0.9965,clob_prices_history
65252813896336788230617856248125123600178384752591631993072313635672275758489,0xb3d00f908d0bb0320cfb28cfb64904d9d10fb4d3d174baf8a2c9583b6eb66cfb,1773946835,2026-03-19T19:00:35+00:00,0.9965,clob_prices_history
65252813896336788230617856248125123600178384752591631993072313635672275758489,0xb3d00f908d0bb0320cfb28cfb64904d9d10fb4d3d174baf8a2c9583b6eb66cfb,1773947735,2026-03-19T19:15:35+00:00,0.9965,clob_prices_history
65252813896336788230617856248125123600178384752591631993072313635672275758489,0xb3d00f908d0bb0320cfb28cfb64904d9d10fb4d3d174baf8a2c9583b6eb66cfb,1773948638,2026-03-19T19:30:38+00:00,0.9965,clob_prices_history
65252813896336788230617856248125123600178384752591631993072313635672275758489,0xb3d00f908d0bb0320cfb28cfb64904d9d10fb4d3d174baf8a2c9583b6eb66cfb,1773949534,2026-03-19T19:45:34+00:00,0.9965,clob_prices_history
65252813896336788230617856248125123600178384752591631993072313635672275758489,0xb3d00f908d0bb0320cfb28cfb64904d9d10fb4d3d174baf8a2c9583b6eb66cfb,1773950437,2026-03-19T20:00:37+00:00,0.9965,clob_prices_history
65252813896336788230617856248125123600178384752591631993072313635672275758489,0xb3d00f908d0bb0320cfb28cfb64904d9d10fb4d3d174baf8a2c9583b6eb66cfb,1773951332,2026-03-19T20:15:32+00:00,0.9965,clob_prices_history
65252813896336788230617856248125123600178384752591631993072313635672275758489,0xb3d00f908d0bb0320cfb28cfb64904d9d10fb4d3d174baf8a2c9583b6eb66cfb,1773952234,2026-03-19T20:30:34+00:00,0.9965,clob_prices_history
65252813896336788230617856248125123600178384752591631993072313635672275758489,0xb3d00f908d0bb0320cfb28cfb64904d9d10fb4d3d174baf8a2c9583b6eb66cfb,1773953132,2026-03-19T20:45:32+00:00,0.9965,clob_prices_history
65252813896336788230617856248125123600178384752591631993072313635672275758489,0xb3d00f908d0bb0320cfb28cfb64904d9d10fb4d3d174baf8a2c9583b6eb66cfb,1773954040,2026-03-19T21:00:40+00:00,0.9965,clob_prices_history
65252813896336788230617856248125123600178384752591631993072313635672275758489,0xb3d00f908d0bb0320cfb28cfb64904d9d10fb4d3d174baf8a2c9583b6eb66cfb,1773954937,2026-03-19T21:15:37+00:00,0.9965,clob_prices_history
65252813896336788230617856248125123600178384752591631993072313635672275758489,0xb3d00f908d0bb0320cfb28cfb64904d9d10fb4d3d174baf8a2c9583b6eb66cfb,1773955834,2026-03-19T21:30:34+00:00,0.9965,clob_prices_history
65252813896336788230617856248125123600178384752591631993072313635672275758489,0xb3d00f908d0bb0320cfb28cfb64904d9d10fb4d3d174baf8a2c9583b6eb66cfb,1773956731,2026-03-19T21:45:31+00:00,0.9965,clob_prices_history
65252813896336788230617856248125123600178384752591631993072313635672275758489,0xb3d00f908d0bb0320cfb28cfb64904d9d10fb4d3d174baf8a2c9583b6eb66cfb,1773957637,2026-03-19T22:00:37+00:00,0.9965,clob_prices_history
65252813896336788230617856248125123600178384752591631993072313635672275758489,0xb3d00f908d0bb0320cfb28cfb64904d9d10fb4d3d174baf8a2c9583b6eb66cfb,1773958530,2026-03-19T22:15:30+00:00,0.9965,clob_prices_history
65252813896336788230617856248125123600178384752591631993072313635672275758489,0xb3d00f908d0bb0320cfb28cfb64904d9d10fb4d3d174baf8a2c9583b6eb66cfb,1773959437,2026-03-19T22:30:37+00:00,0.9965,clob_prices_history
65252813896336788230617856248125123600178384752591631993072313635672275758489,0xb3d00f908d0bb0320cfb28cfb64904d9d10fb4d3d174baf8a2c9583b6eb66cfb,1773960329,2026-03-19T22:45:29+00:00,0.9965,clob_prices_history
65252813896336788230617856248125123600178384752591631993072313635672275758489,0xb3d00f908d0bb0320cfb28cfb64904d9d10fb4d3d174baf8a2c9583b6eb66cfb,1773961236,2026-03-19T23:00:36+00:00,0.9965,clob_prices_history
65252813896336788230617856248125123600178384752591631993072313635672275758489,0xb3d00f908d0bb0320cfb28cfb64904d9d10fb4d3d174baf8a2c9583b6eb66cfb,1773962132,2026-03-19T23:15:32+00:00,0.9965,clob_prices_history
65252813896336788230617856248125123600178384752591631993072313635672275758489,0xb3d00f908d0bb0320cfb28cfb64904d9d10fb4d3d174baf8a2c9583b6eb66cfb,1773963050,2026-03-19T23:30:50+00:00,0.9965,clob_prices_history
65252813896336788230617856248125123600178384752591631993072313635672275758489,0xb3d00f908d0bb0320cfb28cfb64904d9d10fb4d3d174baf8a2c9583b6eb66cfb,1773963933,2026-03-19T23:45:33+00:00,0.9965,clob_prices_history
65252813896336788230617856248125123600178384752591631993072313635672275758489,0xb3d00f908d0bb0320cfb28cfb64904d9d10fb4d3d174baf8a2c9583b6eb66cfb,1773964844,2026-03-20T00:00:44+00:00,0.9965,clob_prices_history
65252813896336788230617856248125123600178384752591631993072313635672275758489,0xb3d00f908d0bb0320cfb28cfb64904d9d10fb4d3d174baf8a2c9583b6eb66cfb,1773965731,2026-03-20T00:15:31+00:00,0.9965,clob_prices_history
65252813896336788230617856248125123600178384752591631993072313635672275758489,0xb3d00f908d0bb0320cfb28cfb64904d9d10fb4d3d174baf8a2c9583b6eb66cfb,1773966635,2026-03-20T00:30:35+00:00,0.9965,clob_prices_history
65252813896336788230617856248125123600178384752591631993072313635672275758489,0xb3d00f908d0bb0320cfb28cfb64904d9d10fb4d3d174baf8a2c9583b6eb66cfb,1773967545,2026-03-20T00:45:45+00:00,0.9965,clob_prices_history
65252813896336788230617856248125123600178384752591631993072313635672275758489,0xb3d00f908d0bb0320cfb28cfb64904d9d10fb4d3d174baf8a2c9583b6eb66cfb,1773968434,2026-03-20T01:00:34+00:00,0.9965,clob_prices_history
65252813896336788230617856248125123600178384752591631993072313635672275758489,0xb3d00f908d0bb0320cfb28cfb64904d9d10fb4d3d174baf8a2c9583b6eb66cfb,1773969338,2026-03-20T01:15:38+00:00,0.9965,clob_prices_history
65252813896336788230617856248125123600178384752591631993072313635672275758489,0xb3d00f908d0bb0320cfb28cfb64904d9d10fb4d3d174baf8a2c9583b6eb66cfb,1773970240,2026-03-20T01:30:40+00:00,0.9965,clob_prices_history
65252813896336788230617856248125123600178384752591631993072313635672275758489,0xb3d00f908d0bb0320cfb28cfb64904d9d10fb4d3d174baf8a2c9583b6eb66cfb,1773971124,2026-03-20T01:45:24+00:00,0.9965,clob_prices_history
65252813896336788230617856248125123600178384752591631993072313635672275758489,0xb3d00f908d0bb0320cfb28cfb64904d9d10fb4d3d174baf8a2c9583b6eb66cfb,1773972052,2026-03-20T02:00:52+00:00,0.9965,clob_prices_history
65252813896336788230617856248125123600178384752591631993072313635672275758489,0xb3d00f908d0bb0320cfb28cfb64904d9d10fb4d3d174baf8a2c9583b6eb66cfb,1773972931,2026-03-20T02:15:31+00:00,0.9965,clob_prices_history
65252813896336788230617856248125123600178384752591631993072313635672275758489,0xb3d00f908d0bb0320cfb28cfb64904d9d10fb4d3d174baf8a2c9583b6eb66cfb,1773974737,2026-03-20T02:45:37+00:00,0.9965,clob_prices_history
65252813896336788230617856248125123600178384752591631993072313635672275758489,0xb3d00f908d0bb0320cfb28cfb64904d9d10fb4d3d174baf8a2c9583b6eb66cfb,1773976546,2026-03-20T03:15:46+00:00,0.9965,clob_prices_history
65252813896336788230617856248125123600178384752591631993072313635672275758489,0xb3d00f908d0bb0320cfb28cfb64904d9d10fb4d3d174baf8a2c9583b6eb66cfb,1773977441,2026-03-20T03:30:41+00:00,0.9965,clob_prices_history
65252813896336788230617856248125123600178384752591631993072313635672275758489,0xb3d00f908d0bb0320cfb28cfb64904d9d10fb4d3d174baf8a2c9583b6eb66cfb,1773978334,2026-03-20T03:45:34+00:00,0.9965,clob_prices_history
65252813896336788230617856248125123600178384752591631993072313635672275758489,0xb3d00f908d0bb0320cfb28cfb64904d9d10fb4d3d174baf8a2c9583b6eb66cfb,1773979242,2026-03-20T04:00:42+00:00,0.9965,clob_prices_history
65252813896336788230617856248125123600178384752591631993072313635672275758489,0xb3d00f908d0bb0320cfb28cfb64904d9d10fb4d3d174baf8a2c9583b6eb66cfb,1773980137,2026-03-20T04:15:37+00:00,0.9965,clob_prices_history
65252813896336788230617856248125123600178384752591631993072313635672275758489,0xb3d00f908d0bb0320cfb28cfb64904d9d10fb4d3d174baf8a2c9583b6eb66cfb,1773981039,2026-03-20T04:30:39+00:00,0.9965,clob_prices_history
65252813896336788230617856248125123600178384752591631993072313635672275758489,0xb3d00f908d0bb0320cfb28cfb64904d9d10fb4d3d174baf8a2c9583b6eb66cfb,1773981929,2026-03-20T04:45:29+00:00,0.9965,clob_prices_history
65252813896336788230617856248125123600178384752591631993072313635672275758489,0xb3d00f908d0bb0320cfb28cfb64904d9d10fb4d3d174baf8a2c9583b6eb66cfb,1773982836,2026-03-20T05:00:36+00:00,0.9965,clob_prices_history
65252813896336788230617856248125123600178384752591631993072313635672275758489,0xb3d00f908d0bb0320cfb28cfb64904d9d10fb4d3d174baf8a2c9583b6eb66cfb,1773983731,2026-03-20T05:15:31+00:00,0.9965,clob_prices_history
65252813896336788230617856248125123600178384752591631993072313635672275758489,0xb3d00f908d0bb0320cfb28cfb64904d9d10fb4d3d174baf8a2c9583b6eb66cfb,1773984634,2026-03-20T05:30:34+00:00,0.9965,clob_prices_history
65252813896336788230617856248125123600178384752591631993072313635672275758489,0xb3d00f908d0bb0320cfb28cfb64904d9d10fb4d3d174baf8a2c9583b6eb66cfb,1773985529,2026-03-20T05:45:29+00:00,0.9965,clob_prices_history
65252813896336788230617856248125123600178384752591631993072313635672275758489,0xb3d00f908d0bb0320cfb28cfb64904d9d10fb4d3d174baf8a2c9583b6eb66cfb,1773986447,2026-03-20T06:00:47+00:00,0.9965,clob_prices_history
65252813896336788230617856248125123600178384752591631993072313635672275758489,0xb3d00f908d0bb0320cfb28cfb64904d9d10fb4d3d174baf8a2c9583b6eb66cfb,1773987332,2026-03-20T06:15:32+00:00,0.9965,clob_prices_history
65252813896336788230617856248125123600178384752591631993072313635672275758489,0xb3d00f908d0bb0320cfb28cfb64904d9d10fb4d3d174baf8a2c9583b6eb66cfb,1773988239,2026-03-20T06:30:39+00:00,0.9965,clob_prices_history
65252813896336788230617856248125123600178384752591631993072313635672275758489,0xb3d00f908d0bb0320cfb28cfb64904d9d10fb4d3d174baf8a2c9583b6eb66cfb,1773989129,2026-03-20T06:45:29+00:00,0.9965,clob_prices_history
65252813896336788230617856248125123600178384752591631993072313635672275758489,0xb3d00f908d0bb0320cfb28cfb64904d9d10fb4d3d174baf8a2c9583b6eb66cfb,1773990036,2026-03-20T07:00:36+00:00,0.9965,clob_prices_history
65252813896336788230617856248125123600178384752591631993072313635672275758489,0xb3d00f908d0bb0320cfb28cfb64904d9d10fb4d3d174baf8a2c9583b6eb66cfb,1773990931,2026-03-20T07:15:31+00:00,0.9965,clob_prices_history
65252813896336788230617856248125123600178384752591631993072313635672275758489,0xb3d00f908d0bb0320cfb28cfb64904d9d10fb4d3d174baf8a2c9583b6eb66cfb,1773991836,2026-03-20T07:30:36+00:00,0.9965,clob_prices_history
65252813896336788230617856248125123600178384752591631993072313635672275758489,0xb3d00f908d0bb0320cfb28cfb64904d9d10fb4d3d174baf8a2c9583b6eb66cfb,1773992731,2026-03-20T07:45:31+00:00,0.9965,clob_prices_history
65252813896336788230617856248125123600178384752591631993072313635672275758489,0xb3d00f908d0bb0320cfb28cfb64904d9d10fb4d3d174baf8a2c9583b6eb66cfb,1773993635,2026-03-20T08:00:35+00:00,0.9965,clob_prices_history
65252813896336788230617856248125123600178384752591631993072313635672275758489,0xb3d00f908d0bb0320cfb28cfb64904d9d10fb4d3d174baf8a2c9583b6eb66cfb,1773994530,2026-03-20T08:15:30+00:00,0.9965,clob_prices_history
65252813896336788230617856248125123600178384752591631993072313635672275758489,0xb3d00f908d0bb0320cfb28cfb64904d9d10fb4d3d174baf8a2c9583b6eb66cfb,1773995433,2026-03-20T08:30:33+00:00,0.9965,clob_prices_history
65252813896336788230617856248125123600178384752591631993072313635672275758489,0xb3d00f908d0bb0320cfb28cfb64904d9d10fb4d3d174baf8a2c9583b6eb66cfb,1773996336,2026-03-20T08:45:36+00:00,0.9965,clob_prices_history
65252813896336788230617856248125123600178384752591631993072313635672275758489,0xb3d00f908d0bb0320cfb28cfb64904d9d10fb4d3d174baf8a2c9583b6eb66cfb,1773997239,2026-03-20T09:00:39+00:00,0.9965,clob_prices_history
65252813896336788230617856248125123600178384752591631993072313635672275758489,0xb3d00f908d0bb0320cfb28cfb64904d9d10fb4d3d174baf8a2c9583b6eb66cfb,1773998133,2026-03-20T09:15:33+00:00,0.9965,clob_prices_history
65252813896336788230617856248125123600178384752591631993072313635672275758489,0xb3d00f908d0bb0320cfb28cfb64904d9d10fb4d3d174baf8a2c9583b6eb66cfb,1773999033,2026-03-20T09:30:33+00:00,0.9965,clob_prices_history
65252813896336788230617856248125123600178384752591631993072313635672275758489,0xb3d00f908d0bb0320cfb28cfb64904d9d10fb4d3d174baf8a2c9583b6eb66cfb,1773999928,2026-03-20T09:45:28+00:00,0.9965,clob_prices_history
65252813896336788230617856248125123600178384752591631993072313635672275758489,0xb3d00f908d0bb0320cfb28cfb64904d9d10fb4d3d174baf8a2c9583b6eb66cfb,1774000858,2026-03-20T10:00:58+00:00,0.9965,clob_prices_history
65252813896336788230617856248125123600178384752591631993072313635672275758489,0xb3d00f908d0bb0320cfb28cfb64904d9d10fb4d3d174baf8a2c9583b6eb66cfb,1774001732,2026-03-20T10:15:32+00:00,0.9965,clob_prices_history
65252813896336788230617856248125123600178384752591631993072313635672275758489,0xb3d00f908d0bb0320cfb28cfb64904d9d10fb4d3d174baf8a2c9583b6eb66cfb,1774002644,2026-03-20T10:30:44+00:00,0.9965,clob_prices_history
65252813896336788230617856248125123600178384752591631993072313635672275758489,0xb3d00f908d0bb0320cfb28cfb64904d9d10fb4d3d174baf8a2c9583b6eb66cfb,1774003540,2026-03-20T10:45:40+00:00,0.9965,clob_prices_history
65252813896336788230617856248125123600178384752591631993072313635672275758489,0xb3d00f908d0bb0320cfb28cfb64904d9d10fb4d3d174baf8a2c9583b6eb66cfb,1774004432,2026-03-20T11:00:32+00:00,0.9965,clob_prices_history
65252813896336788230617856248125123600178384752591631993072313635672275758489,0xb3d00f908d0bb0320cfb28cfb64904d9d10fb4d3d174baf8a2c9583b6eb66cfb,1774005330,2026-03-20T11:15:30+00:00,0.9965,clob_prices_history
65252813896336788230617856248125123600178384752591631993072313635672275758489,0xb3d00f908d0bb0320cfb28cfb64904d9d10fb4d3d174baf8a2c9583b6eb66cfb,1774006237,2026-03-20T11:30:37+00:00,0.9965,clob_prices_history
65252813896336788230617856248125123600178384752591631993072313635672275758489,0xb3d00f908d0bb0320cfb28cfb64904d9d10fb4d3d174baf8a2c9583b6eb66cfb,1774007142,2026-03-20T11:45:42+00:00,0.9965,clob_prices_history
65252813896336788230617856248125123600178384752591631993072313635672275758489,0xb3d00f908d0bb0320cfb28cfb64904d9d10fb4d3d174baf8a2c9583b6eb66cfb,1774008038,2026-03-20T12:00:38+00:00,0.9965,clob_prices_history
65252813896336788230617856248125123600178384752591631993072313635672275758489,0xb3d00f908d0bb0320cfb28cfb64904d9d10fb4d3d174baf8a2c9583b6eb66cfb,1774008929,2026-03-20T12:15:29+00:00,0.9965,clob_prices_history
65252813896336788230617856248125123600178384752591631993072313635672275758489,0xb3d00f908d0bb0320cfb28cfb64904d9d10fb4d3d174baf8a2c9583b6eb66cfb,1774009841,2026-03-20T12:30:41+00:00,0.9965,clob_prices_history
65252813896336788230617856248125123600178384752591631993072313635672275758489,0xb3d00f908d0bb0320cfb28cfb64904d9d10fb4d3d174baf8a2c9583b6eb66cfb,1774010733,2026-03-20T12:45:33+00:00,0.9965,clob_prices_history
65252813896336788230617856248125123600178384752591631993072313635672275758489,0xb3d00f908d0bb0320cfb28cfb64904d9d10fb4d3d174baf8a2c9583b6eb66cfb,1774011632,2026-03-20T13:00:32+00:00,0.9965,clob_prices_history
65252813896336788230617856248125123600178384752591631993072313635672275758489,0xb3d00f908d0bb0320cfb28cfb64904d9d10fb4d3d174baf8a2c9583b6eb66cfb,1774012530,2026-03-20T13:15:30+00:00,0.9965,clob_prices_history
65252813896336788230617856248125123600178384752591631993072313635672275758489,0xb3d00f908d0bb0320cfb28cfb64904d9d10fb4d3d174baf8a2c9583b6eb66cfb,1774013432,2026-03-20T13:30:32+00:00,0.9965,clob_prices_history
65252813896336788230617856248125123600178384752591631993072313635672275758489,0xb3d00f908d0bb0320cfb28cfb64904d9d10fb4d3d174baf8a2c9583b6eb66cfb,1774014333,2026-03-20T13:45:33+00:00,0.9965,clob_prices_history
65252813896336788230617856248125123600178384752591631993072313635672275758489,0xb3d00f908d0bb0320cfb28cfb64904d9d10fb4d3d174baf8a2c9583b6eb66cfb,1774015238,2026-03-20T14:00:38+00:00,0.9965,clob_prices_history
65252813896336788230617856248125123600178384752591631993072313635672275758489,0xb3d00f908d0bb0320cfb28cfb64904d9d10fb4d3d174baf8a2c9583b6eb66cfb,1774016131,2026-03-20T14:15:31+00:00,0.9965,clob_prices_history
65252813896336788230617856248125123600178384752591631993072313635672275758489,0xb3d00f908d0bb0320cfb28cfb64904d9d10fb4d3d174baf8a2c9583b6eb66cfb,1774017033,2026-03-20T14:30:33+00:00,0.9965,clob_prices_history
65252813896336788230617856248125123600178384752591631993072313635672275758489,0xb3d00f908d0bb0320cfb28cfb64904d9d10fb4d3d174baf8a2c9583b6eb66cfb,1774017930,2026-03-20T14:45:30+00:00,0.9965,clob_prices_history
65252813896336788230617856248125123600178384752591631993072313635672275758489,0xb3d00f908d0bb0320cfb28cfb64904d9d10fb4d3d174baf8a2c9583b6eb66cfb,1774018840,2026-03-20T15:00:40+00:00,0.9965,clob_prices_history
65252813896336788230617856248125123600178384752591631993072313635672275758489,0xb3d00f908d0bb0320cfb28cfb64904d9d10fb4d3d174baf8a2c9583b6eb66cfb,1774019735,2026-03-20T15:15:35+00:00,0.9965,clob_prices_history
65252813896336788230617856248125123600178384752591631993072313635672275758489,0xb3d00f908d0bb0320cfb28cfb64904d9d10fb4d3d174baf8a2c9583b6eb66cfb,1774020635,2026-03-20T15:30:35+00:00,0.9965,clob_prices_history
65252813896336788230617856248125123600178384752591631993072313635672275758489,0xb3d00f908d0bb0320cfb28cfb64904d9d10fb4d3d174baf8a2c9583b6eb66cfb,1774021531,2026-03-20T15:45:31+00:00,0.9965,clob_prices_history
65252813896336788230617856248125123600178384752591631993072313635672275758489,0xb3d00f908d0bb0320cfb28cfb64904d9d10fb4d3d174baf8a2c9583b6eb66cfb,1774022433,2026-03-20T16:00:33+00:00,0.9965,clob_prices_history
65252813896336788230617856248125123600178384752591631993072313635672275758489,0xb3d00f908d0bb0320cfb28cfb64904d9d10fb4d3d174baf8a2c9583b6eb66cfb,1774023329,2026-03-20T16:15:29+00:00,0.9965,clob_prices_history
65252813896336788230617856248125123600178384752591631993072313635672275758489,0xb3d00f908d0bb0320cfb28cfb64904d9d10fb4d3d174baf8a2c9583b6eb66cfb,1774024235,2026-03-20T16:30:35+00:00,0.9965,clob_prices_history
65252813896336788230617856248125123600178384752591631993072313635672275758489,0xb3d00f908d0bb0320cfb28cfb64904d9d10fb4d3d174baf8a2c9583b6eb66cfb,1774025140,2026-03-20T16:45:40+00:00,0.9965,clob_prices_history
65252813896336788230617856248125123600178384752591631993072313635672275758489,0xb3d00f908d0bb0320cfb28cfb64904d9d10fb4d3d174baf8a2c9583b6eb66cfb,1774026034,2026-03-20T17:00:34+00:00,0.9965,clob_prices_history
65252813896336788230617856248125123600178384752591631993072313635672275758489,0xb3d00f908d0bb0320cfb28cfb64904d9d10fb4d3d174baf8a2c9583b6eb66cfb,1774026943,2026-03-20T17:15:43+00:00,0.9965,clob_prices_history
65252813896336788230617856248125123600178384752591631993072313635672275758489,0xb3d00f908d0bb0320cfb28cfb64904d9d10fb4d3d174baf8a2c9583b6eb66cfb,1774027831,2026-03-20T17:30:31+00:00,0.9965,clob_prices_history
65252813896336788230617856248125123600178384752591631993072313635672275758489,0xb3d00f908d0bb0320cfb28cfb64904d9d10fb4d3d174baf8a2c9583b6eb66cfb,1774028728,2026-03-20T17:45:28+00:00,0.9965,clob_prices_history
65252813896336788230617856248125123600178384752591631993072313635672275758489,0xb3d00f908d0bb0320cfb28cfb64904d9d10fb4d3d174baf8a2c9583b6eb66cfb,1774029644,2026-03-20T18:00:44+00:00,0.9965,clob_prices_history
65252813896336788230617856248125123600178384752591631993072313635672275758489,0xb3d00f908d0bb0320cfb28cfb64904d9d10fb4d3d174baf8a2c9583b6eb66cfb,1774030528,2026-03-20T18:15:28+00:00,0.9965,clob_prices_history
65252813896336788230617856248125123600178384752591631993072313635672275758489,0xb3d00f908d0bb0320cfb28cfb64904d9d10fb4d3d174baf8a2c9583b6eb66cfb,1774031432,2026-03-20T18:30:32+00:00,0.9965,clob_prices_history
65252813896336788230617856248125123600178384752591631993072313635672275758489,0xb3d00f908d0bb0320cfb28cfb64904d9d10fb4d3d174baf8a2c9583b6eb66cfb,1774032329,2026-03-20T18:45:29+00:00,0.9965,clob_prices_history
65252813896336788230617856248125123600178384752591631993072313635672275758489,0xb3d00f908d0bb0320cfb28cfb64904d9d10fb4d3d174baf8a2c9583b6eb66cfb,1774033235,2026-03-20T19:00:35+00:00,0.9965,clob_prices_history
65252813896336788230617856248125123600178384752591631993072313635672275758489,0xb3d00f908d0bb0320cfb28cfb64904d9d10fb4d3d174baf8a2c9583b6eb66cfb,1774034136,2026-03-20T19:15:36+00:00,0.9965,clob_prices_history
65252813896336788230617856248125123600178384752591631993072313635672275758489,0xb3d00f908d0bb0320cfb28cfb64904d9d10fb4d3d174baf8a2c9583b6eb66cfb,1774035032,2026-03-20T19:30:32+00:00,0.9965,clob_prices_history
65252813896336788230617856248125123600178384752591631993072313635672275758489,0xb3d00f908d0bb0320cfb28cfb64904d9d10fb4d3d174baf8a2c9583b6eb66cfb,1774035913,2026-03-20T19:45:13+00:00,0.9965,clob_prices_history
65252813896336788230617856248125123600178384752591631993072313635672275758489,0xb3d00f908d0bb0320cfb28cfb64904d9d10fb4d3d174baf8a2c9583b6eb66cfb,1774036836,2026-03-20T20:00:36+00:00,0.9965,clob_prices_history
65252813896336788230617856248125123600178384752591631993072313635672275758489,0xb3d00f908d0bb0320cfb28cfb64904d9d10fb4d3d174baf8a2c9583b6eb66cfb,1774037730,2026-03-20T20:15:30+00:00,0.9965,clob_prices_history
65252813896336788230617856248125123600178384752591631993072313635672275758489,0xb3d00f908d0bb0320cfb28cfb64904d9d10fb4d3d174baf8a2c9583b6eb66cfb,1774038641,2026-03-20T20:30:41+00:00,0.9965,clob_prices_history
65252813896336788230617856248125123600178384752591631993072313635672275758489,0xb3d00f908d0bb0320cfb28cfb64904d9d10fb4d3d174baf8a2c9583b6eb66cfb,1774039530,2026-03-20T20:45:30+00:00,0.9965,clob_prices_history
65252813896336788230617856248125123600178384752591631993072313635672275758489,0xb3d00f908d0bb0320cfb28cfb64904d9d10fb4d3d174baf8a2c9583b6eb66cfb,1774040448,2026-03-20T21:00:48+00:00,0.9965,clob_prices_history
65252813896336788230617856248125123600178384752591631993072313635672275758489,0xb3d00f908d0bb0320cfb28cfb64904d9d10fb4d3d174baf8a2c9583b6eb66cfb,1774041335,2026-03-20T21:15:35+00:00,0.9965,clob_prices_history
65252813896336788230617856248125123600178384752591631993072313635672275758489,0xb3d00f908d0bb0320cfb28cfb64904d9d10fb4d3d174baf8a2c9583b6eb66cfb,1774042241,2026-03-20T21:30:41+00:00,0.9965,clob_prices_history
65252813896336788230617856248125123600178384752591631993072313635672275758489,0xb3d00f908d0bb0320cfb28cfb64904d9d10fb4d3d174baf8a2c9583b6eb66cfb,1774043132,2026-03-20T21:45:32+00:00,0.9965,clob_prices_history
65252813896336788230617856248125123600178384752591631993072313635672275758489,0xb3d00f908d0bb0320cfb28cfb64904d9d10fb4d3d174baf8a2c9583b6eb66cfb,1774044042,2026-03-20T22:00:42+00:00,0.9965,clob_prices_history
65252813896336788230617856248125123600178384752591631993072313635672275758489,0xb3d00f908d0bb0320cfb28cfb64904d9d10fb4d3d174baf8a2c9583b6eb66cfb,1774044931,2026-03-20T22:15:31+00:00,0.9965,clob_prices_history
65252813896336788230617856248125123600178384752591631993072313635672275758489,0xb3d00f908d0bb0320cfb28cfb64904d9d10fb4d3d174baf8a2c9583b6eb66cfb,1774045849,2026-03-20T22:30:49+00:00,0.9965,clob_prices_history
65252813896336788230617856248125123600178384752591631993072313635672275758489,0xb3d00f908d0bb0320cfb28cfb64904d9d10fb4d3d174baf8a2c9583b6eb66cfb,1774046731,2026-03-20T22:45:31+00:00,0.9965,clob_prices_history
65252813896336788230617856248125123600178384752591631993072313635672275758489,0xb3d00f908d0bb0320cfb28cfb64904d9d10fb4d3d174baf8a2c9583b6eb66cfb,1774047639,2026-03-20T23:00:39+00:00,0.9965,clob_prices_history
65252813896336788230617856248125123600178384752591631993072313635672275758489,0xb3d00f908d0bb0320cfb28cfb64904d9d10fb4d3d174baf8a2c9583b6eb66cfb,1774048537,2026-03-20T23:15:37+00:00,0.9965,clob_prices_history
65252813896336788230617856248125123600178384752591631993072313635672275758489,0xb3d00f908d0bb0320cfb28cfb64904d9d10fb4d3d174baf8a2c9583b6eb66cfb,1774049436,2026-03-20T23:30:36+00:00,0.9965,clob_prices_history
65252813896336788230617856248125123600178384752591631993072313635672275758489,0xb3d00f908d0bb0320cfb28cfb64904d9d10fb4d3d174baf8a2c9583b6eb66cfb,1774050330,2026-03-20T23:45:30+00:00,0.9965,clob_prices_history
65252813896336788230617856248125123600178384752591631993072313635672275758489,0xb3d00f908d0bb0320cfb28cfb64904d9d10fb4d3d174baf8a2c9583b6eb66cfb,1774051242,2026-03-21T00:00:42+00:00,0.9965,clob_prices_history
65252813896336788230617856248125123600178384752591631993072313635672275758489,0xb3d00f908d0bb0320cfb28cfb64904d9d10fb4d3d174baf8a2c9583b6eb66cfb,1774052131,2026-03-21T00:15:31+00:00,0.9965,clob_prices_history
65252813896336788230617856248125123600178384752591631993072313635672275758489,0xb3d00f908d0bb0320cfb28cfb64904d9d10fb4d3d174baf8a2c9583b6eb66cfb,1774053035,2026-03-21T00:30:35+00:00,0.9965,clob_prices_history
65252813896336788230617856248125123600178384752591631993072313635672275758489,0xb3d00f908d0bb0320cfb28cfb64904d9d10fb4d3d174baf8a2c9583b6eb66cfb,1774053931,2026-03-21T00:45:31+00:00,0.9965,clob_prices_history
65252813896336788230617856248125123600178384752591631993072313635672275758489,0xb3d00f908d0bb0320cfb28cfb64904d9d10fb4d3d174baf8a2c9583b6eb66cfb,1774054840,2026-03-21T01:00:40+00:00,0.9965,clob_prices_history
65252813896336788230617856248125123600178384752591631993072313635672275758489,0xb3d00f908d0bb0320cfb28cfb64904d9d10fb4d3d174baf8a2c9583b6eb66cfb,1774055733,2026-03-21T01:15:33+00:00,0.9965,clob_prices_history
65252813896336788230617856248125123600178384752591631993072313635672275758489,0xb3d00f908d0bb0320cfb28cfb64904d9d10fb4d3d174baf8a2c9583b6eb66cfb,1774056635,2026-03-21T01:30:35+00:00,0.9965,clob_prices_history
65252813896336788230617856248125123600178384752591631993072313635672275758489,0xb3d00f908d0bb0320cfb28cfb64904d9d10fb4d3d174baf8a2c9583b6eb66cfb,1774057532,2026-03-21T01:45:32+00:00,0.9965,clob_prices_history
65252813896336788230617856248125123600178384752591631993072313635672275758489,0xb3d00f908d0bb0320cfb28cfb64904d9d10fb4d3d174baf8a2c9583b6eb66cfb,1774058449,2026-03-21T02:00:49+00:00,0.9965,clob_prices_history
65252813896336788230617856248125123600178384752591631993072313635672275758489,0xb3d00f908d0bb0320cfb28cfb64904d9d10fb4d3d174baf8a2c9583b6eb66cfb,1774059330,2026-03-21T02:15:30+00:00,0.9965,clob_prices_history
65252813896336788230617856248125123600178384752591631993072313635672275758489,0xb3d00f908d0bb0320cfb28cfb64904d9d10fb4d3d174baf8a2c9583b6eb66cfb,1774060232,2026-03-21T02:30:32+00:00,0.9965,clob_prices_history
65252813896336788230617856248125123600178384752591631993072313635672275758489,0xb3d00f908d0bb0320cfb28cfb64904d9d10fb4d3d174baf8a2c9583b6eb66cfb,1774061136,2026-03-21T02:45:36+00:00,0.9965,clob_prices_history
65252813896336788230617856248125123600178384752591631993072313635672275758489,0xb3d00f908d0bb0320cfb28cfb64904d9d10fb4d3d174baf8a2c9583b6eb66cfb,1774062034,2026-03-21T03:00:34+00:00,0.9965,clob_prices_history
65252813896336788230617856248125123600178384752591631993072313635672275758489,0xb3d00f908d0bb0320cfb28cfb64904d9d10fb4d3d174baf8a2c9583b6eb66cfb,1774062931,2026-03-21T03:15:31+00:00,0.9965,clob_prices_history
65252813896336788230617856248125123600178384752591631993072313635672275758489,0xb3d00f908d0bb0320cfb28cfb64904d9d10fb4d3d174baf8a2c9583b6eb66cfb,1774063848,2026-03-21T03:30:48+00:00,0.9965,clob_prices_history
65252813896336788230617856248125123600178384752591631993072313635672275758489,0xb3d00f908d0bb0320cfb28cfb64904d9d10fb4d3d174baf8a2c9583b6eb66cfb,1774064728,2026-03-21T03:45:28+00:00,0.9965,clob_prices_history
65252813896336788230617856248125123600178384752591631993072313635672275758489,0xb3d00f908d0bb0320cfb28cfb64904d9d10fb4d3d174baf8a2c9583b6eb66cfb,1774065635,2026-03-21T04:00:35+00:00,0.9965,clob_prices_history
65252813896336788230617856248125123600178384752591631993072313635672275758489,0xb3d00f908d0bb0320cfb28cfb64904d9d10fb4d3d174baf8a2c9583b6eb66cfb,1774066531,2026-03-21T04:15:31+00:00,0.9965,clob_prices_history
65252813896336788230617856248125123600178384752591631993072313635672275758489,0xb3d00f908d0bb0320cfb28cfb64904d9d10fb4d3d174baf8a2c9583b6eb66cfb,1774067433,2026-03-21T04:30:33+00:00,0.9965,clob_prices_history
65252813896336788230617856248125123600178384752591631993072313635672275758489,0xb3d00f908d0bb0320cfb28cfb64904d9d10fb4d3d174baf8a2c9583b6eb66cfb,1774068328,2026-03-21T04:45:28+00:00,0.9965,clob_prices_history
65252813896336788230617856248125123600178384752591631993072313635672275758489,0xb3d00f908d0bb0320cfb28cfb64904d9d10fb4d3d174baf8a2c9583b6eb66cfb,1774069234,2026-03-21T05:00:34+00:00,0.9965,clob_prices_history
65252813896336788230617856248125123600178384752591631993072313635672275758489,0xb3d00f908d0bb0320cfb28cfb64904d9d10fb4d3d174baf8a2c9583b6eb66cfb,1774070132,2026-03-21T05:15:32+00:00,0.9965,clob_prices_history
65252813896336788230617856248125123600178384752591631993072313635672275758489,0xb3d00f908d0bb0320cfb28cfb64904d9d10fb4d3d174baf8a2c9583b6eb66cfb,1774071050,2026-03-21T05:30:50+00:00,0.9965,clob_prices_history
65252813896336788230617856248125123600178384752591631993072313635672275758489,0xb3d00f908d0bb0320cfb28cfb64904d9d10fb4d3d174baf8a2c9583b6eb66cfb,1774071941,2026-03-21T05:45:41+00:00,0.9965,clob_prices_history
65252813896336788230617856248125123600178384752591631993072313635672275758489,0xb3d00f908d0bb0320cfb28cfb64904d9d10fb4d3d174baf8a2c9583b6eb66cfb,1774072838,2026-03-21T06:00:38+00:00,0.9965,clob_prices_history
65252813896336788230617856248125123600178384752591631993072313635672275758489,0xb3d00f908d0bb0320cfb28cfb64904d9d10fb4d3d174baf8a2c9583b6eb66cfb,1774073731,2026-03-21T06:15:31+00:00,0.9965,clob_prices_history
65252813896336788230617856248125123600178384752591631993072313635672275758489,0xb3d00f908d0bb0320cfb28cfb64904d9d10fb4d3d174baf8a2c9583b6eb66cfb,1774074632,2026-03-21T06:30:32+00:00,0.9965,clob_prices_history
65252813896336788230617856248125123600178384752591631993072313635672275758489,0xb3d00f908d0bb0320cfb28cfb64904d9d10fb4d3d174baf8a2c9583b6eb66cfb,1774075529,2026-03-21T06:45:29+00:00,0.9965,clob_prices_history
65252813896336788230617856248125123600178384752591631993072313635672275758489,0xb3d00f908d0bb0320cfb28cfb64904d9d10fb4d3d174baf8a2c9583b6eb66cfb,1774076434,2026-03-21T07:00:34+00:00,0.9965,clob_prices_history
65252813896336788230617856248125123600178384752591631993072313635672275758489,0xb3d00f908d0bb0320cfb28cfb64904d9d10fb4d3d174baf8a2c9583b6eb66cfb,1774077328,2026-03-21T07:15:28+00:00,0.9965,clob_prices_history
65252813896336788230617856248125123600178384752591631993072313635672275758489,0xb3d00f908d0bb0320cfb28cfb64904d9d10fb4d3d174baf8a2c9583b6eb66cfb,1774078240,2026-03-21T07:30:40+00:00,0.9965,clob_prices_history
65252813896336788230617856248125123600178384752591631993072313635672275758489,0xb3d00f908d0bb0320cfb28cfb64904d9d10fb4d3d174baf8a2c9583b6eb66cfb,1774079127,2026-03-21T07:45:27+00:00,0.9965,clob_prices_history
65252813896336788230617856248125123600178384752591631993072313635672275758489,0xb3d00f908d0bb0320cfb28cfb64904d9d10fb4d3d174baf8a2c9583b6eb66cfb,1774080033,2026-03-21T08:00:33+00:00,0.9965,clob_prices_history
65252813896336788230617856248125123600178384752591631993072313635672275758489,0xb3d00f908d0bb0320cfb28cfb64904d9d10fb4d3d174baf8a2c9583b6eb66cfb,1774080932,2026-03-21T08:15:32+00:00,0.9965,clob_prices_history
65252813896336788230617856248125123600178384752591631993072313635672275758489,0xb3d00f908d0bb0320cfb28cfb64904d9d10fb4d3d174baf8a2c9583b6eb66cfb,1774081832,2026-03-21T08:30:32+00:00,0.9965,clob_prices_history
65252813896336788230617856248125123600178384752591631993072313635672275758489,0xb3d00f908d0bb0320cfb28cfb64904d9d10fb4d3d174baf8a2c9583b6eb66cfb,1774082731,2026-03-21T08:45:31+00:00,0.9965,clob_prices_history
65252813896336788230617856248125123600178384752591631993072313635672275758489,0xb3d00f908d0bb0320cfb28cfb64904d9d10fb4d3d174baf8a2c9583b6eb66cfb,1774083633,2026-03-21T09:00:33+00:00,0.9965,clob_prices_history
65252813896336788230617856248125123600178384752591631993072313635672275758489,0xb3d00f908d0bb0320cfb28cfb64904d9d10fb4d3d174baf8a2c9583b6eb66cfb,1774084527,2026-03-21T09:15:27+00:00,0.9965,clob_prices_history
65252813896336788230617856248125123600178384752591631993072313635672275758489,0xb3d00f908d0bb0320cfb28cfb64904d9d10fb4d3d174baf8a2c9583b6eb66cfb,1774085431,2026-03-21T09:30:31+00:00,0.9965,clob_prices_history
65252813896336788230617856248125123600178384752591631993072313635672275758489,0xb3d00f908d0bb0320cfb28cfb64904d9d10fb4d3d174baf8a2c9583b6eb66cfb,1774086330,2026-03-21T09:45:30+00:00,0.9965,clob_prices_history
65252813896336788230617856248125123600178384752591631993072313635672275758489,0xb3d00f908d0bb0320cfb28cfb64904d9d10fb4d3d174baf8a2c9583b6eb66cfb,1774087230,2026-03-21T10:00:30+00:00,0.9965,clob_prices_history
65252813896336788230617856248125123600178384752591631993072313635672275758489,0xb3d00f908d0bb0320cfb28cfb64904d9d10fb4d3d174baf8a2c9583b6eb66cfb,1774088127,2026-03-21T10:15:27+00:00,0.9965,clob_prices_history
65252813896336788230617856248125123600178384752591631993072313635672275758489,0xb3d00f908d0bb0320cfb28cfb64904d9d10fb4d3d174baf8a2c9583b6eb66cfb,1774089035,2026-03-21T10:30:35+00:00,0.9965,clob_prices_history
65252813896336788230617856248125123600178384752591631993072313635672275758489,0xb3d00f908d0bb0320cfb28cfb64904d9d10fb4d3d174baf8a2c9583b6eb66cfb,1774089928,2026-03-21T10:45:28+00:00,0.9965,clob_prices_history
65252813896336788230617856248125123600178384752591631993072313635672275758489,0xb3d00f908d0bb0320cfb28cfb64904d9d10fb4d3d174baf8a2c9583b6eb66cfb,1774090837,2026-03-21T11:00:37+00:00,0.9965,clob_prices_history
65252813896336788230617856248125123600178384752591631993072313635672275758489,0xb3d00f908d0bb0320cfb28cfb64904d9d10fb4d3d174baf8a2c9583b6eb66cfb,1774091729,2026-03-21T11:15:29+00:00,0.9965,clob_prices_history
65252813896336788230617856248125123600178384752591631993072313635672275758489,0xb3d00f908d0bb0320cfb28cfb64904d9d10fb4d3d174baf8a2c9583b6eb66cfb,1774092634,2026-03-21T11:30:34+00:00,0.9965,clob_prices_history
65252813896336788230617856248125123600178384752591631993072313635672275758489,0xb3d00f908d0bb0320cfb28cfb64904d9d10fb4d3d174baf8a2c9583b6eb66cfb,1774093528,2026-03-21T11:45:28+00:00,0.9965,clob_prices_history
65252813896336788230617856248125123600178384752591631993072313635672275758489,0xb3d00f908d0bb0320cfb28cfb64904d9d10fb4d3d174baf8a2c9583b6eb66cfb,1774094435,2026-03-21T12:00:35+00:00,0.9965,clob_prices_history
65252813896336788230617856248125123600178384752591631993072313635672275758489,0xb3d00f908d0bb0320cfb28cfb64904d9d10fb4d3d174baf8a2c9583b6eb66cfb,1774095342,2026-03-21T12:15:42+00:00,0.9965,clob_prices_history
65252813896336788230617856248125123600178384752591631993072313635672275758489,0xb3d00f908d0bb0320cfb28cfb64904d9d10fb4d3d174baf8a2c9583b6eb66cfb,1774096239,2026-03-21T12:30:39+00:00,0.9965,clob_prices_history
65252813896336788230617856248125123600178384752591631993072313635672275758489,0xb3d00f908d0bb0320cfb28cfb64904d9d10fb4d3d174baf8a2c9583b6eb66cfb,1774097136,2026-03-21T12:45:36+00:00,0.9965,clob_prices_history
65252813896336788230617856248125123600178384752591631993072313635672275758489,0xb3d00f908d0bb0320cfb28cfb64904d9d10fb4d3d174baf8a2c9583b6eb66cfb,1774098038,2026-03-21T13:00:38+00:00,0.9965,clob_prices_history
65252813896336788230617856248125123600178384752591631993072313635672275758489,0xb3d00f908d0bb0320cfb28cfb64904d9d10fb4d3d174baf8a2c9583b6eb66cfb,1774098928,2026-03-21T13:15:28+00:00,0.9965,clob_prices_history
65252813896336788230617856248125123600178384752591631993072313635672275758489,0xb3d00f908d0bb0320cfb28cfb64904d9d10fb4d3d174baf8a2c9583b6eb66cfb,1774099841,2026-03-21T13:30:41+00:00,0.9965,clob_prices_history
65252813896336788230617856248125123600178384752591631993072313635672275758489,0xb3d00f908d0bb0320cfb28cfb64904d9d10fb4d3d174baf8a2c9583b6eb66cfb,1774100730,2026-03-21T13:45:30+00:00,0.9965,clob_prices_history
65252813896336788230617856248125123600178384752591631993072313635672275758489,0xb3d00f908d0bb0320cfb28cfb64904d9d10fb4d3d174baf8a2c9583b6eb66cfb,1774101640,2026-03-21T14:00:40+00:00,0.9965,clob_prices_history
65252813896336788230617856248125123600178384752591631993072313635672275758489,0xb3d00f908d0bb0320cfb28cfb64904d9d10fb4d3d174baf8a2c9583b6eb66cfb,1774102531,2026-03-21T14:15:31+00:00,0.9965,clob_prices_history
65252813896336788230617856248125123600178384752591631993072313635672275758489,0xb3d00f908d0bb0320cfb28cfb64904d9d10fb4d3d174baf8a2c9583b6eb66cfb,1774103435,2026-03-21T14:30:35+00:00,0.9965,clob_prices_history
65252813896336788230617856248125123600178384752591631993072313635672275758489,0xb3d00f908d0bb0320cfb28cfb64904d9d10fb4d3d174baf8a2c9583b6eb66cfb,1774104329,2026-03-21T14:45:29+00:00,0.9965,clob_prices_history
65252813896336788230617856248125123600178384752591631993072313635672275758489,0xb3d00f908d0bb0320cfb28cfb64904d9d10fb4d3d174baf8a2c9583b6eb66cfb,1774105245,2026-03-21T15:00:45+00:00,0.9965,clob_prices_history
65252813896336788230617856248125123600178384752591631993072313635672275758489,0xb3d00f908d0bb0320cfb28cfb64904d9d10fb4d3d174baf8a2c9583b6eb66cfb,1774106130,2026-03-21T15:15:30+00:00,0.9965,clob_prices_history
65252813896336788230617856248125123600178384752591631993072313635672275758489,0xb3d00f908d0bb0320cfb28cfb64904d9d10fb4d3d174baf8a2c9583b6eb66cfb,1774107035,2026-03-21T15:30:35+00:00,0.9965,clob_prices_history
65252813896336788230617856248125123600178384752591631993072313635672275758489,0xb3d00f908d0bb0320cfb28cfb64904d9d10fb4d3d174baf8a2c9583b6eb66cfb,1774107932,2026-03-21T15:45:32+00:00,0.9965,clob_prices_history
65252813896336788230617856248125123600178384752591631993072313635672275758489,0xb3d00f908d0bb0320cfb28cfb64904d9d10fb4d3d174baf8a2c9583b6eb66cfb,1774108852,2026-03-21T16:00:52+00:00,0.9965,clob_prices_history
65252813896336788230617856248125123600178384752591631993072313635672275758489,0xb3d00f908d0bb0320cfb28cfb64904d9d10fb4d3d174baf8a2c9583b6eb66cfb,1774109729,2026-03-21T16:15:29+00:00,0.994,clob_prices_history
65252813896336788230617856248125123600178384752591631993072313635672275758489,0xb3d00f908d0bb0320cfb28cfb64904d9d10fb4d3d174baf8a2c9583b6eb66cfb,1774110649,2026-03-21T16:30:49+00:00,0.994,clob_prices_history
65252813896336788230617856248125123600178384752591631993072313635672275758489,0xb3d00f908d0bb0320cfb28cfb64904d9d10fb4d3d174baf8a2c9583b6eb66cfb,1774111530,2026-03-21T16:45:30+00:00,0.995,clob_prices_history
65252813896336788230617856248125123600178384752591631993072313635672275758489,0xb3d00f908d0bb0320cfb28cfb64904d9d10fb4d3d174baf8a2c9583b6eb66cfb,1774112449,2026-03-21T17:00:49+00:00,0.995,clob_prices_history
65252813896336788230617856248125123600178384752591631993072313635672275758489,0xb3d00f908d0bb0320cfb28cfb64904d9d10fb4d3d174baf8a2c9583b6eb66cfb,1774113332,2026-03-21T17:15:32+00:00,0.9945,clob_prices_history
65252813896336788230617856248125123600178384752591631993072313635672275758489,0xb3d00f908d0bb0320cfb28cfb64904d9d10fb4d3d174baf8a2c9583b6eb66cfb,1774114245,2026-03-21T17:30:45+00:00,0.9945,clob_prices_history
65252813896336788230617856248125123600178384752591631993072313635672275758489,0xb3d00f908d0bb0320cfb28cfb64904d9d10fb4d3d174baf8a2c9583b6eb66cfb,1774115132,2026-03-21T17:45:32+00:00,0.995,clob_prices_history
65252813896336788230617856248125123600178384752591631993072313635672275758489,0xb3d00f908d0bb0320cfb28cfb64904d9d10fb4d3d174baf8a2c9583b6eb66cfb,1774116039,2026-03-21T18:00:39+00:00,0.9945,clob_prices_history
65252813896336788230617856248125123600178384752591631993072313635672275758489,0xb3d00f908d0bb0320cfb28cfb64904d9d10fb4d3d174baf8a2c9583b6eb66cfb,1774116929,2026-03-21T18:15:29+00:00,0.995,clob_prices_history
65252813896336788230617856248125123600178384752591631993072313635672275758489,0xb3d00f908d0bb0320cfb28cfb64904d9d10fb4d3d174baf8a2c9583b6eb66cfb,1774117835,2026-03-21T18:30:35+00:00,0.995,clob_prices_history
65252813896336788230617856248125123600178384752591631993072313635672275758489,0xb3d00f908d0bb0320cfb28cfb64904d9d10fb4d3d174baf8a2c9583b6eb66cfb,1774118730,2026-03-21T18:45:30+00:00,0.995,clob_prices_history
65252813896336788230617856248125123600178384752591631993072313635672275758489,0xb3d00f908d0bb0320cfb28cfb64904d9d10fb4d3d174baf8a2c9583b6eb66cfb,1774119636,2026-03-21T19:00:36+00:00,0.995,clob_prices_history
65252813896336788230617856248125123600178384752591631993072313635672275758489,0xb3d00f908d0bb0320cfb28cfb64904d9d10fb4d3d174baf8a2c9583b6eb66cfb,1774120533,2026-03-21T19:15:33+00:00,0.995,clob_prices_history
65252813896336788230617856248125123600178384752591631993072313635672275758489,0xb3d00f908d0bb0320cfb28cfb64904d9d10fb4d3d174baf8a2c9583b6eb66cfb,1774121432,2026-03-21T19:30:32+00:00,0.995,clob_prices_history
65252813896336788230617856248125123600178384752591631993072313635672275758489,0xb3d00f908d0bb0320cfb28cfb64904d9d10fb4d3d174baf8a2c9583b6eb66cfb,1774122328,2026-03-21T19:45:28+00:00,0.995,clob_prices_history
65252813896336788230617856248125123600178384752591631993072313635672275758489,0xb3d00f908d0bb0320cfb28cfb64904d9d10fb4d3d174baf8a2c9583b6eb66cfb,1774123233,2026-03-21T20:00:33+00:00,0.995,clob_prices_history
65252813896336788230617856248125123600178384752591631993072313635672275758489,0xb3d00f908d0bb0320cfb28cfb64904d9d10fb4d3d174baf8a2c9583b6eb66cfb,1774124130,2026-03-21T20:15:30+00:00,0.995,clob_prices_history
65252813896336788230617856248125123600178384752591631993072313635672275758489,0xb3d00f908d0bb0320cfb28cfb64904d9d10fb4d3d174baf8a2c9583b6eb66cfb,1774125045,2026-03-21T20:30:45+00:00,0.995,clob_prices_history
65252813896336788230617856248125123600178384752591631993072313635672275758489,0xb3d00f908d0bb0320cfb28cfb64904d9d10fb4d3d174baf8a2c9583b6eb66cfb,1774125930,2026-03-21T20:45:30+00:00,0.995,clob_prices_history
65252813896336788230617856248125123600178384752591631993072313635672275758489,0xb3d00f908d0bb0320cfb28cfb64904d9d10fb4d3d174baf8a2c9583b6eb66cfb,1774126837,2026-03-21T21:00:37+00:00,0.996,clob_prices_history
65252813896336788230617856248125123600178384752591631993072313635672275758489,0xb3d00f908d0bb0320cfb28cfb64904d9d10fb4d3d174baf8a2c9583b6eb66cfb,1774127729,2026-03-21T21:15:29+00:00,0.996,clob_prices_history
65252813896336788230617856248125123600178384752591631993072313635672275758489,0xb3d00f908d0bb0320cfb28cfb64904d9d10fb4d3d174baf8a2c9583b6eb66cfb,1774128632,2026-03-21T21:30:32+00:00,0.9955,clob_prices_history
65252813896336788230617856248125123600178384752591631993072313635672275758489,0xb3d00f908d0bb0320cfb28cfb64904d9d10fb4d3d174baf8a2c9583b6eb66cfb,1774129529,2026-03-21T21:45:29+00:00,0.9955,clob_prices_history
65252813896336788230617856248125123600178384752591631993072313635672275758489,0xb3d00f908d0bb0320cfb28cfb64904d9d10fb4d3d174baf8a2c9583b6eb66cfb,1774130437,2026-03-21T22:00:37+00:00,0.9955,clob_prices_history
65252813896336788230617856248125123600178384752591631993072313635672275758489,0xb3d00f908d0bb0320cfb28cfb64904d9d10fb4d3d174baf8a2c9583b6eb66cfb,1774131335,2026-03-21T22:15:35+00:00,0.9955,clob_prices_history
65252813896336788230617856248125123600178384752591631993072313635672275758489,0xb3d00f908d0bb0320cfb28cfb64904d9d10fb4d3d174baf8a2c9583b6eb66cfb,1774132233,2026-03-21T22:30:33+00:00,0.9955,clob_prices_history
65252813896336788230617856248125123600178384752591631993072313635672275758489,0xb3d00f908d0bb0320cfb28cfb64904d9d10fb4d3d174baf8a2c9583b6eb66cfb,1774133129,2026-03-21T22:45:29+00:00,0.9955,clob_prices_history
65252813896336788230617856248125123600178384752591631993072313635672275758489,0xb3d00f908d0bb0320cfb28cfb64904d9d10fb4d3d174baf8a2c9583b6eb66cfb,1774134033,2026-03-21T23:00:33+00:00,0.9955,clob_prices_history
65252813896336788230617856248125123600178384752591631993072313635672275758489,0xb3d00f908d0bb0320cfb28cfb64904d9d10fb4d3d174baf8a2c9583b6eb66cfb,1774134940,2026-03-21T23:15:40+00:00,0.9955,clob_prices_history
65252813896336788230617856248125123600178384752591631993072313635672275758489,0xb3d00f908d0bb0320cfb28cfb64904d9d10fb4d3d174baf8a2c9583b6eb66cfb,1774135832,2026-03-21T23:30:32+00:00,0.9955,clob_prices_history
65252813896336788230617856248125123600178384752591631993072313635672275758489,0xb3d00f908d0bb0320cfb28cfb64904d9d10fb4d3d174baf8a2c9583b6eb66cfb,1774136731,2026-03-21T23:45:31+00:00,0.9955,clob_prices_history
65252813896336788230617856248125123600178384752591631993072313635672275758489,0xb3d00f908d0bb0320cfb28cfb64904d9d10fb4d3d174baf8a2c9583b6eb66cfb,1774137640,2026-03-22T00:00:40+00:00,0.9955,clob_prices_history
65252813896336788230617856248125123600178384752591631993072313635672275758489,0xb3d00f908d0bb0320cfb28cfb64904d9d10fb4d3d174baf8a2c9583b6eb66cfb,1774138529,2026-03-22T00:15:29+00:00,0.9965,clob_prices_history
65252813896336788230617856248125123600178384752591631993072313635672275758489,0xb3d00f908d0bb0320cfb28cfb64904d9d10fb4d3d174baf8a2c9583b6eb66cfb,1774139431,2026-03-22T00:30:31+00:00,0.9955,clob_prices_history
65252813896336788230617856248125123600178384752591631993072313635672275758489,0xb3d00f908d0bb0320cfb28cfb64904d9d10fb4d3d174baf8a2c9583b6eb66cfb,1774140331,2026-03-22T00:45:31+00:00,0.995,clob_prices_history
65252813896336788230617856248125123600178384752591631993072313635672275758489,0xb3d00f908d0bb0320cfb28cfb64904d9d10fb4d3d174baf8a2c9583b6eb66cfb,1774141233,2026-03-22T01:00:33+00:00,0.995,clob_prices_history
65252813896336788230617856248125123600178384752591631993072313635672275758489,0xb3d00f908d0bb0320cfb28cfb64904d9d10fb4d3d174baf8a2c9583b6eb66cfb,1774142130,2026-03-22T01:15:30+00:00,0.9945,clob_prices_history
65252813896336788230617856248125123600178384752591631993072313635672275758489,0xb3d00f908d0bb0320cfb28cfb64904d9d10fb4d3d174baf8a2c9583b6eb66cfb,1774143036,2026-03-22T01:30:36+00:00,0.9945,clob_prices_history
65252813896336788230617856248125123600178384752591631993072313635672275758489,0xb3d00f908d0bb0320cfb28cfb64904d9d10fb4d3d174baf8a2c9583b6eb66cfb,1774143923,2026-03-22T01:45:23+00:00,0.9945,clob_prices_history
65252813896336788230617856248125123600178384752591631993072313635672275758489,0xb3d00f908d0bb0320cfb28cfb64904d9d10fb4d3d174baf8a2c9583b6eb66cfb,1774144828,2026-03-22T02:00:28+00:00,0.9945,clob_prices_history
65252813896336788230617856248125123600178384752591631993072313635672275758489,0xb3d00f908d0bb0320cfb28cfb64904d9d10fb4d3d174baf8a2c9583b6eb66cfb,1774145724,2026-03-22T02:15:24+00:00,0.9945,clob_prices_history
65252813896336788230617856248125123600178384752591631993072313635672275758489,0xb3d00f908d0bb0320cfb28cfb64904d9d10fb4d3d174baf8a2c9583b6eb66cfb,1774146628,2026-03-22T02:30:28+00:00,0.9945,clob_prices_history
65252813896336788230617856248125123600178384752591631993072313635672275758489,0xb3d00f908d0bb0320cfb28cfb64904d9d10fb4d3d174baf8a2c9583b6eb66cfb,1774147524,2026-03-22T02:45:24+00:00,0.9945,clob_prices_history
65252813896336788230617856248125123600178384752591631993072313635672275758489,0xb3d00f908d0bb0320cfb28cfb64904d9d10fb4d3d174baf8a2c9583b6eb66cfb,1774148430,2026-03-22T03:00:30+00:00,0.9955,clob_prices_history
65252813896336788230617856248125123600178384752591631993072313635672275758489,0xb3d00f908d0bb0320cfb28cfb64904d9d10fb4d3d174baf8a2c9583b6eb66cfb,1774149323,2026-03-22T03:15:23+00:00,0.996,clob_prices_history
65252813896336788230617856248125123600178384752591631993072313635672275758489,0xb3d00f908d0bb0320cfb28cfb64904d9d10fb4d3d174baf8a2c9583b6eb66cfb,1774150242,2026-03-22T03:30:42+00:00,0.995,clob_prices_history
65252813896336788230617856248125123600178384752591631993072313635672275758489,0xb3d00f908d0bb0320cfb28cfb64904d9d10fb4d3d174baf8a2c9583b6eb66cfb,1774151125,2026-03-22T03:45:25+00:00,0.9945,clob_prices_history
65252813896336788230617856248125123600178384752591631993072313635672275758489,0xb3d00f908d0bb0320cfb28cfb64904d9d10fb4d3d174baf8a2c9583b6eb66cfb,1774152028,2026-03-22T04:00:28+00:00,0.995,clob_prices_history
65252813896336788230617856248125123600178384752591631993072313635672275758489,0xb3d00f908d0bb0320cfb28cfb64904d9d10fb4d3d174baf8a2c9583b6eb66cfb,1774152925,2026-03-22T04:15:25+00:00,0.995,clob_prices_history
65252813896336788230617856248125123600178384752591631993072313635672275758489,0xb3d00f908d0bb0320cfb28cfb64904d9d10fb4d3d174baf8a2c9583b6eb66cfb,1774153829,2026-03-22T04:30:29+00:00,0.995,clob_prices_history
65252813896336788230617856248125123600178384752591631993072313635672275758489,0xb3d00f908d0bb0320cfb28cfb64904d9d10fb4d3d174baf8a2c9583b6eb66cfb,1774154723,2026-03-22T04:45:23+00:00,0.995,clob_prices_history
65252813896336788230617856248125123600178384752591631993072313635672275758489,0xb3d00f908d0bb0320cfb28cfb64904d9d10fb4d3d174baf8a2c9583b6eb66cfb,1774155632,2026-03-22T05:00:32+00:00,0.995,clob_prices_history
65252813896336788230617856248125123600178384752591631993072313635672275758489,0xb3d00f908d0bb0320cfb28cfb64904d9d10fb4d3d174baf8a2c9583b6eb66cfb,1774156524,2026-03-22T05:15:24+00:00,0.995,clob_prices_history
65252813896336788230617856248125123600178384752591631993072313635672275758489,0xb3d00f908d0bb0320cfb28cfb64904d9d10fb4d3d174baf8a2c9583b6eb66cfb,1774157429,2026-03-22T05:30:29+00:00,0.994,clob_prices_history
65252813896336788230617856248125123600178384752591631993072313635672275758489,0xb3d00f908d0bb0320cfb28cfb64904d9d10fb4d3d174baf8a2c9583b6eb66cfb,1774158338,2026-03-22T05:45:38+00:00,0.9935,clob_prices_history
65252813896336788230617856248125123600178384752591631993072313635672275758489,0xb3d00f908d0bb0320cfb28cfb64904d9d10fb4d3d174baf8a2c9583b6eb66cfb,1774159231,2026-03-22T06:00:31+00:00,0.994,clob_prices_history
65252813896336788230617856248125123600178384752591631993072313635672275758489,0xb3d00f908d0bb0320cfb28cfb64904d9d10fb4d3d174baf8a2c9583b6eb66cfb,1774160123,2026-03-22T06:15:23+00:00,0.994,clob_prices_history
65252813896336788230617856248125123600178384752591631993072313635672275758489,0xb3d00f908d0bb0320cfb28cfb64904d9d10fb4d3d174baf8a2c9583b6eb66cfb,1774161027,2026-03-22T06:30:27+00:00,0.994,clob_prices_history
65252813896336788230617856248125123600178384752591631993072313635672275758489,0xb3d00f908d0bb0320cfb28cfb64904d9d10fb4d3d174baf8a2c9583b6eb66cfb,1774161924,2026-03-22T06:45:24+00:00,0.9935,clob_prices_history
65252813896336788230617856248125123600178384752591631993072313635672275758489,0xb3d00f908d0bb0320cfb28cfb64904d9d10fb4d3d174baf8a2c9583b6eb66cfb,1774162827,2026-03-22T07:00:27+00:00,0.9945,clob_prices_history
65252813896336788230617856248125123600178384752591631993072313635672275758489,0xb3d00f908d0bb0320cfb28cfb64904d9d10fb4d3d174baf8a2c9583b6eb66cfb,1774163723,2026-03-22T07:15:23+00:00,0.9945,clob_prices_history
65252813896336788230617856248125123600178384752591631993072313635672275758489,0xb3d00f908d0bb0320cfb28cfb64904d9d10fb4d3d174baf8a2c9583b6eb66cfb,1774164629,2026-03-22T07:30:29+00:00,0.994,clob_prices_history
65252813896336788230617856248125123600178384752591631993072313635672275758489,0xb3d00f908d0bb0320cfb28cfb64904d9d10fb4d3d174baf8a2c9583b6eb66cfb,1774165535,2026-03-22T07:45:35+00:00,0.9935,clob_prices_history
65252813896336788230617856248125123600178384752591631993072313635672275758489,0xb3d00f908d0bb0320cfb28cfb64904d9d10fb4d3d174baf8a2c9583b6eb66cfb,1774166429,2026-03-22T08:00:29+00:00,0.994,clob_prices_history
65252813896336788230617856248125123600178384752591631993072313635672275758489,0xb3d00f908d0bb0320cfb28cfb64904d9d10fb4d3d174baf8a2c9583b6eb66cfb,1774167329,2026-03-22T08:15:29+00:00,0.9955,clob_prices_history
65252813896336788230617856248125123600178384752591631993072313635672275758489,0xb3d00f908d0bb0320cfb28cfb64904d9d10fb4d3d174baf8a2c9583b6eb66cfb,1774168227,2026-03-22T08:30:27+00:00,0.995,clob_prices_history
65252813896336788230617856248125123600178384752591631993072313635672275758489,0xb3d00f908d0bb0320cfb28cfb64904d9d10fb4d3d174baf8a2c9583b6eb66cfb,1774169123,2026-03-22T08:45:23+00:00,0.9945,clob_prices_history
65252813896336788230617856248125123600178384752591631993072313635672275758489,0xb3d00f908d0bb0320cfb28cfb64904d9d10fb4d3d174baf8a2c9583b6eb66cfb,1774170029,2026-03-22T09:00:29+00:00,0.995,clob_prices_history
65252813896336788230617856248125123600178384752591631993072313635672275758489,0xb3d00f908d0bb0320cfb28cfb64904d9d10fb4d3d174baf8a2c9583b6eb66cfb,1774170926,2026-03-22T09:15:26+00:00,0.995,clob_prices_history
65252813896336788230617856248125123600178384752591631993072313635672275758489,0xb3d00f908d0bb0320cfb28cfb64904d9d10fb4d3d174baf8a2c9583b6eb66cfb,1774171843,2026-03-22T09:30:43+00:00,0.9955,clob_prices_history
65252813896336788230617856248125123600178384752591631993072313635672275758489,0xb3d00f908d0bb0320cfb28cfb64904d9d10fb4d3d174baf8a2c9583b6eb66cfb,1774172722,2026-03-22T09:45:22+00:00,0.9955,clob_prices_history
65252813896336788230617856248125123600178384752591631993072313635672275758489,0xb3d00f908d0bb0320cfb28cfb64904d9d10fb4d3d174baf8a2c9583b6eb66cfb,1774173628,2026-03-22T10:00:28+00:00,0.995,clob_prices_history
65252813896336788230617856248125123600178384752591631993072313635672275758489,0xb3d00f908d0bb0320cfb28cfb64904d9d10fb4d3d174baf8a2c9583b6eb66cfb,1774174524,2026-03-22T10:15:24+00:00,0.995,clob_prices_history
65252813896336788230617856248125123600178384752591631993072313635672275758489,0xb3d00f908d0bb0320cfb28cfb64904d9d10fb4d3d174baf8a2c9583b6eb66cfb,1774175427,2026-03-22T10:30:27+00:00,0.995,clob_prices_history
65252813896336788230617856248125123600178384752591631993072313635672275758489,0xb3d00f908d0bb0320cfb28cfb64904d9d10fb4d3d174baf8a2c9583b6eb66cfb,1774176324,2026-03-22T10:45:24+00:00,0.995,clob_prices_history
65252813896336788230617856248125123600178384752591631993072313635672275758489,0xb3d00f908d0bb0320cfb28cfb64904d9d10fb4d3d174baf8a2c9583b6eb66cfb,1774177226,2026-03-22T11:00:26+00:00,0.9955,clob_prices_history
65252813896336788230617856248125123600178384752591631993072313635672275758489,0xb3d00f908d0bb0320cfb28cfb64904d9d10fb4d3d174baf8a2c9583b6eb66cfb,1774178125,2026-03-22T11:15:25+00:00,0.996,clob_prices_history
65252813896336788230617856248125123600178384752591631993072313635672275758489,0xb3d00f908d0bb0320cfb28cfb64904d9d10fb4d3d174baf8a2c9583b6eb66cfb,1774179028,2026-03-22T11:30:28+00:00,0.996,clob_prices_history
65252813896336788230617856248125123600178384752591631993072313635672275758489,0xb3d00f908d0bb0320cfb28cfb64904d9d10fb4d3d174baf8a2c9583b6eb66cfb,1774179940,2026-03-22T11:45:40+00:00,0.996,clob_prices_history
65252813896336788230617856248125123600178384752591631993072313635672275758489,0xb3d00f908d0bb0320cfb28cfb64904d9d10fb4d3d174baf8a2c9583b6eb66cfb,1774180846,2026-03-22T12:00:46+00:00,0.996,clob_prices_history
65252813896336788230617856248125123600178384752591631993072313635672275758489,0xb3d00f908d0bb0320cfb28cfb64904d9d10fb4d3d174baf8a2c9583b6eb66cfb,1774181725,2026-03-22T12:15:25+00:00,0.996,clob_prices_history
65252813896336788230617856248125123600178384752591631993072313635672275758489,0xb3d00f908d0bb0320cfb28cfb64904d9d10fb4d3d174baf8a2c9583b6eb66cfb,1774182626,2026-03-22T12:30:26+00:00,0.996,clob_prices_history
65252813896336788230617856248125123600178384752591631993072313635672275758489,0xb3d00f908d0bb0320cfb28cfb64904d9d10fb4d3d174baf8a2c9583b6eb66cfb,1774183524,2026-03-22T12:45:24+00:00,0.996,clob_prices_history
65252813896336788230617856248125123600178384752591631993072313635672275758489,0xb3d00f908d0bb0320cfb28cfb64904d9d10fb4d3d174baf8a2c9583b6eb66cfb,1774184439,2026-03-22T13:00:39+00:00,0.996,clob_prices_history
65252813896336788230617856248125123600178384752591631993072313635672275758489,0xb3d00f908d0bb0320cfb28cfb64904d9d10fb4d3d174baf8a2c9583b6eb66cfb,1774185324,2026-03-22T13:15:24+00:00,0.996,clob_prices_history
65252813896336788230617856248125123600178384752591631993072313635672275758489,0xb3d00f908d0bb0320cfb28cfb64904d9d10fb4d3d174baf8a2c9583b6eb66cfb,1774186241,2026-03-22T13:30:41+00:00,0.996,clob_prices_history
65252813896336788230617856248125123600178384752591631993072313635672275758489,0xb3d00f908d0bb0320cfb28cfb64904d9d10fb4d3d174baf8a2c9583b6eb66cfb,1774187124,2026-03-22T13:45:24+00:00,0.996,clob_prices_history
65252813896336788230617856248125123600178384752591631993072313635672275758489,0xb3d00f908d0bb0320cfb28cfb64904d9d10fb4d3d174baf8a2c9583b6eb66cfb,1774188028,2026-03-22T14:00:28+00:00,0.996,clob_prices_history
65252813896336788230617856248125123600178384752591631993072313635672275758489,0xb3d00f908d0bb0320cfb28cfb64904d9d10fb4d3d174baf8a2c9583b6eb66cfb,1774188924,2026-03-22T14:15:24+00:00,0.996,clob_prices_history
65252813896336788230617856248125123600178384752591631993072313635672275758489,0xb3d00f908d0bb0320cfb28cfb64904d9d10fb4d3d174baf8a2c9583b6eb66cfb,1774189828,2026-03-22T14:30:28+00:00,0.996,clob_prices_history
65252813896336788230617856248125123600178384752591631993072313635672275758489,0xb3d00f908d0bb0320cfb28cfb64904d9d10fb4d3d174baf8a2c9583b6eb66cfb,1774190724,2026-03-22T14:45:24+00:00,0.996,clob_prices_history
65252813896336788230617856248125123600178384752591631993072313635672275758489,0xb3d00f908d0bb0320cfb28cfb64904d9d10fb4d3d174baf8a2c9583b6eb66cfb,1774191629,2026-03-22T15:00:29+00:00,0.996,clob_prices_history
65252813896336788230617856248125123600178384752591631993072313635672275758489,0xb3d00f908d0bb0320cfb28cfb64904d9d10fb4d3d174baf8a2c9583b6eb66cfb,1774192524,2026-03-22T15:15:24+00:00,0.996,clob_prices_history
65252813896336788230617856248125123600178384752591631993072313635672275758489,0xb3d00f908d0bb0320cfb28cfb64904d9d10fb4d3d174baf8a2c9583b6eb66cfb,1774193429,2026-03-22T15:30:29+00:00,0.996,clob_prices_history
65252813896336788230617856248125123600178384752591631993072313635672275758489,0xb3d00f908d0bb0320cfb28cfb64904d9d10fb4d3d174baf8a2c9583b6eb66cfb,1774194337,2026-03-22T15:45:37+00:00,0.996,clob_prices_history
65252813896336788230617856248125123600178384752591631993072313635672275758489,0xb3d00f908d0bb0320cfb28cfb64904d9d10fb4d3d174baf8a2c9583b6eb66cfb,1774195231,2026-03-22T16:00:31+00:00,0.996,clob_prices_history
65252813896336788230617856248125123600178384752591631993072313635672275758489,0xb3d00f908d0bb0320cfb28cfb64904d9d10fb4d3d174baf8a2c9583b6eb66cfb,1774196126,2026-03-22T16:15:26+00:00,0.996,clob_prices_history
65252813896336788230617856248125123600178384752591631993072313635672275758489,0xb3d00f908d0bb0320cfb28cfb64904d9d10fb4d3d174baf8a2c9583b6eb66cfb,1774197027,2026-03-22T16:30:27+00:00,0.996,clob_prices_history
65252813896336788230617856248125123600178384752591631993072313635672275758489,0xb3d00f908d0bb0320cfb28cfb64904d9d10fb4d3d174baf8a2c9583b6eb66cfb,1774197924,2026-03-22T16:45:24+00:00,0.996,clob_prices_history
65252813896336788230617856248125123600178384752591631993072313635672275758489,0xb3d00f908d0bb0320cfb28cfb64904d9d10fb4d3d174baf8a2c9583b6eb66cfb,1774198857,2026-03-22T17:00:57+00:00,0.996,clob_prices_history
65252813896336788230617856248125123600178384752591631993072313635672275758489,0xb3d00f908d0bb0320cfb28cfb64904d9d10fb4d3d174baf8a2c9583b6eb66cfb,1774199725,2026-03-22T17:15:25+00:00,0.996,clob_prices_history
65252813896336788230617856248125123600178384752591631993072313635672275758489,0xb3d00f908d0bb0320cfb28cfb64904d9d10fb4d3d174baf8a2c9583b6eb66cfb,1774200649,2026-03-22T17:30:49+00:00,0.996,clob_prices_history
65252813896336788230617856248125123600178384752591631993072313635672275758489,0xb3d00f908d0bb0320cfb28cfb64904d9d10fb4d3d174baf8a2c9583b6eb66cfb,1774201524,2026-03-22T17:45:24+00:00,0.996,clob_prices_history
65252813896336788230617856248125123600178384752591631993072313635672275758489,0xb3d00f908d0bb0320cfb28cfb64904d9d10fb4d3d174baf8a2c9583b6eb66cfb,1774202432,2026-03-22T18:00:32+00:00,0.996,clob_prices_history
65252813896336788230617856248125123600178384752591631993072313635672275758489,0xb3d00f908d0bb0320cfb28cfb64904d9d10fb4d3d174baf8a2c9583b6eb66cfb,1774203323,2026-03-22T18:15:23+00:00,0.996,clob_prices_history
65252813896336788230617856248125123600178384752591631993072313635672275758489,0xb3d00f908d0bb0320cfb28cfb64904d9d10fb4d3d174baf8a2c9583b6eb66cfb,1774204230,2026-03-22T18:30:30+00:00,0.996,clob_prices_history
65252813896336788230617856248125123600178384752591631993072313635672275758489,0xb3d00f908d0bb0320cfb28cfb64904d9d10fb4d3d174baf8a2c9583b6eb66cfb,1774205125,2026-03-22T18:45:25+00:00,0.996,clob_prices_history
65252813896336788230617856248125123600178384752591631993072313635672275758489,0xb3d00f908d0bb0320cfb28cfb64904d9d10fb4d3d174baf8a2c9583b6eb66cfb,1774206030,2026-03-22T19:00:30+00:00,0.996,clob_prices_history
65252813896336788230617856248125123600178384752591631993072313635672275758489,0xb3d00f908d0bb0320cfb28cfb64904d9d10fb4d3d174baf8a2c9583b6eb66cfb,1774206927,2026-03-22T19:15:27+00:00,0.996,clob_prices_history
65252813896336788230617856248125123600178384752591631993072313635672275758489,0xb3d00f908d0bb0320cfb28cfb64904d9d10fb4d3d174baf8a2c9583b6eb66cfb,1774207832,2026-03-22T19:30:32+00:00,0.996,clob_prices_history
65252813896336788230617856248125123600178384752591631993072313635672275758489,0xb3d00f908d0bb0320cfb28cfb64904d9d10fb4d3d174baf8a2c9583b6eb66cfb,1774208727,2026-03-22T19:45:27+00:00,0.996,clob_prices_history
65252813896336788230617856248125123600178384752591631993072313635672275758489,0xb3d00f908d0bb0320cfb28cfb64904d9d10fb4d3d174baf8a2c9583b6eb66cfb,1774209629,2026-03-22T20:00:29+00:00,0.9965,clob_prices_history
65252813896336788230617856248125123600178384752591631993072313635672275758489,0xb3d00f908d0bb0320cfb28cfb64904d9d10fb4d3d174baf8a2c9583b6eb66cfb,1774210526,2026-03-22T20:15:26+00:00,0.9965,clob_prices_history
65252813896336788230617856248125123600178384752591631993072313635672275758489,0xb3d00f908d0bb0320cfb28cfb64904d9d10fb4d3d174baf8a2c9583b6eb66cfb,1774211430,2026-03-22T20:30:30+00:00,0.9965,clob_prices_history
65252813896336788230617856248125123600178384752591631993072313635672275758489,0xb3d00f908d0bb0320cfb28cfb64904d9d10fb4d3d174baf8a2c9583b6eb66cfb,1774212331,2026-03-22T20:45:31+00:00,0.9965,clob_prices_history
65252813896336788230617856248125123600178384752591631993072313635672275758489,0xb3d00f908d0bb0320cfb28cfb64904d9d10fb4d3d174baf8a2c9583b6eb66cfb,1774213231,2026-03-22T21:00:31+00:00,0.9965,clob_prices_history
65252813896336788230617856248125123600178384752591631993072313635672275758489,0xb3d00f908d0bb0320cfb28cfb64904d9d10fb4d3d174baf8a2c9583b6eb66cfb,1774214128,2026-03-22T21:15:28+00:00,0.9965,clob_prices_history
65252813896336788230617856248125123600178384752591631993072313635672275758489,0xb3d00f908d0bb0320cfb28cfb64904d9d10fb4d3d174baf8a2c9583b6eb66cfb,1774215030,2026-03-22T21:30:30+00:00,0.9965,clob_prices_history
65252813896336788230617856248125123600178384752591631993072313635672275758489,0xb3d00f908d0bb0320cfb28cfb64904d9d10fb4d3d174baf8a2c9583b6eb66cfb,1774215928,2026-03-22T21:45:28+00:00,0.9965,clob_prices_history
65252813896336788230617856248125123600178384752591631993072313635672275758489,0xb3d00f908d0bb0320cfb28cfb64904d9d10fb4d3d174baf8a2c9583b6eb66cfb,1774216830,2026-03-22T22:00:30+00:00,0.9965,clob_prices_history
65252813896336788230617856248125123600178384752591631993072313635672275758489,0xb3d00f908d0bb0320cfb28cfb64904d9d10fb4d3d174baf8a2c9583b6eb66cfb,1774217725,2026-03-22T22:15:25+00:00,0.9965,clob_prices_history
65252813896336788230617856248125123600178384752591631993072313635672275758489,0xb3d00f908d0bb0320cfb28cfb64904d9d10fb4d3d174baf8a2c9583b6eb66cfb,1774218630,2026-03-22T22:30:30+00:00,0.9965,clob_prices_history
65252813896336788230617856248125123600178384752591631993072313635672275758489,0xb3d00f908d0bb0320cfb28cfb64904d9d10fb4d3d174baf8a2c9583b6eb66cfb,1774219526,2026-03-22T22:45:26+00:00,0.9965,clob_prices_history
65252813896336788230617856248125123600178384752591631993072313635672275758489,0xb3d00f908d0bb0320cfb28cfb64904d9d10fb4d3d174baf8a2c9583b6eb66cfb,1774220433,2026-03-22T23:00:33+00:00,0.9965,clob_prices_history
65252813896336788230617856248125123600178384752591631993072313635672275758489,0xb3d00f908d0bb0320cfb28cfb64904d9d10fb4d3d174baf8a2c9583b6eb66cfb,1774221328,2026-03-22T23:15:28+00:00,0.9965,clob_prices_history
65252813896336788230617856248125123600178384752591631993072313635672275758489,0xb3d00f908d0bb0320cfb28cfb64904d9d10fb4d3d174baf8a2c9583b6eb66cfb,1774222230,2026-03-22T23:30:30+00:00,0.9965,clob_prices_history
65252813896336788230617856248125123600178384752591631993072313635672275758489,0xb3d00f908d0bb0320cfb28cfb64904d9d10fb4d3d174baf8a2c9583b6eb66cfb,1774223134,2026-03-22T23:45:34+00:00,0.9965,clob_prices_history
65252813896336788230617856248125123600178384752591631993072313635672275758489,0xb3d00f908d0bb0320cfb28cfb64904d9d10fb4d3d174baf8a2c9583b6eb66cfb,1774224033,2026-03-23T00:00:33+00:00,0.9965,clob_prices_history
65252813896336788230617856248125123600178384752591631993072313635672275758489,0xb3d00f908d0bb0320cfb28cfb64904d9d10fb4d3d174baf8a2c9583b6eb66cfb,1774224926,2026-03-23T00:15:26+00:00,0.9965,clob_prices_history
65252813896336788230617856248125123600178384752591631993072313635672275758489,0xb3d00f908d0bb0320cfb28cfb64904d9d10fb4d3d174baf8a2c9583b6eb66cfb,1774225828,2026-03-23T00:30:28+00:00,0.9965,clob_prices_history
65252813896336788230617856248125123600178384752591631993072313635672275758489,0xb3d00f908d0bb0320cfb28cfb64904d9d10fb4d3d174baf8a2c9583b6eb66cfb,1774226725,2026-03-23T00:45:25+00:00,0.9965,clob_prices_history
65252813896336788230617856248125123600178384752591631993072313635672275758489,0xb3d00f908d0bb0320cfb28cfb64904d9d10fb4d3d174baf8a2c9583b6eb66cfb,1774227629,2026-03-23T01:00:29+00:00,0.9965,clob_prices_history
65252813896336788230617856248125123600178384752591631993072313635672275758489,0xb3d00f908d0bb0320cfb28cfb64904d9d10fb4d3d174baf8a2c9583b6eb66cfb,1774228529,2026-03-23T01:15:29+00:00,0.9965,clob_prices_history
65252813896336788230617856248125123600178384752591631993072313635672275758489,0xb3d00f908d0bb0320cfb28cfb64904d9d10fb4d3d174baf8a2c9583b6eb66cfb,1774229429,2026-03-23T01:30:29+00:00,0.9965,clob_prices_history
65252813896336788230617856248125123600178384752591631993072313635672275758489,0xb3d00f908d0bb0320cfb28cfb64904d9d10fb4d3d174baf8a2c9583b6eb66cfb,1774230326,2026-03-23T01:45:26+00:00,0.9965,clob_prices_history
65252813896336788230617856248125123600178384752591631993072313635672275758489,0xb3d00f908d0bb0320cfb28cfb64904d9d10fb4d3d174baf8a2c9583b6eb66cfb,1774231231,2026-03-23T02:00:31+00:00,0.9965,clob_prices_history
65252813896336788230617856248125123600178384752591631993072313635672275758489,0xb3d00f908d0bb0320cfb28cfb64904d9d10fb4d3d174baf8a2c9583b6eb66cfb,1774232127,2026-03-23T02:15:27+00:00,0.9965,clob_prices_history
65252813896336788230617856248125123600178384752591631993072313635672275758489,0xb3d00f908d0bb0320cfb28cfb64904d9d10fb4d3d174baf8a2c9583b6eb66cfb,1774233032,2026-03-23T02:30:32+00:00,0.9965,clob_prices_history
65252813896336788230617856248125123600178384752591631993072313635672275758489,0xb3d00f908d0bb0320cfb28cfb64904d9d10fb4d3d174baf8a2c9583b6eb66cfb,1774233932,2026-03-23T02:45:32+00:00,0.9965,clob_prices_history
65252813896336788230617856248125123600178384752591631993072313635672275758489,0xb3d00f908d0bb0320cfb28cfb64904d9d10fb4d3d174baf8a2c9583b6eb66cfb,1774234834,2026-03-23T03:00:34+00:00,0.9965,clob_prices_history
65252813896336788230617856248125123600178384752591631993072313635672275758489,0xb3d00f908d0bb0320cfb28cfb64904d9d10fb4d3d174baf8a2c9583b6eb66cfb,1774235727,2026-03-23T03:15:27+00:00,0.996,clob_prices_history
65252813896336788230617856248125123600178384752591631993072313635672275758489,0xb3d00f908d0bb0320cfb28cfb64904d9d10fb4d3d174baf8a2c9583b6eb66cfb,1774236630,2026-03-23T03:30:30+00:00,0.996,clob_prices_history
65252813896336788230617856248125123600178384752591631993072313635672275758489,0xb3d00f908d0bb0320cfb28cfb64904d9d10fb4d3d174baf8a2c9583b6eb66cfb,1774237538,2026-03-23T03:45:38+00:00,0.996,clob_prices_history
65252813896336788230617856248125123600178384752591631993072313635672275758489,0xb3d00f908d0bb0320cfb28cfb64904d9d10fb4d3d174baf8a2c9583b6eb66cfb,1774238426,2026-03-23T04:00:26+00:00,0.996,clob_prices_history
65252813896336788230617856248125123600178384752591631993072313635672275758489,0xb3d00f908d0bb0320cfb28cfb64904d9d10fb4d3d174baf8a2c9583b6eb66cfb,1774239336,2026-03-23T04:15:36+00:00,0.996,clob_prices_history
65252813896336788230617856248125123600178384752591631993072313635672275758489,0xb3d00f908d0bb0320cfb28cfb64904d9d10fb4d3d174baf8a2c9583b6eb66cfb,1774240230,2026-03-23T04:30:30+00:00,0.996,clob_prices_history
65252813896336788230617856248125123600178384752591631993072313635672275758489,0xb3d00f908d0bb0320cfb28cfb64904d9d10fb4d3d174baf8a2c9583b6eb66cfb,1774241126,2026-03-23T04:45:26+00:00,0.996,clob_prices_history
65252813896336788230617856248125123600178384752591631993072313635672275758489,0xb3d00f908d0bb0320cfb28cfb64904d9d10fb4d3d174baf8a2c9583b6eb66cfb,1774242034,2026-03-23T05:00:34+00:00,0.996,clob_prices_history
65252813896336788230617856248125123600178384752591631993072313635672275758489,0xb3d00f908d0bb0320cfb28cfb64904d9d10fb4d3d174baf8a2c9583b6eb66cfb,1774242925,2026-03-23T05:15:25+00:00,0.996,clob_prices_history
65252813896336788230617856248125123600178384752591631993072313635672275758489,0xb3d00f908d0bb0320cfb28cfb64904d9d10fb4d3d174baf8a2c9583b6eb66cfb,1774243828,2026-03-23T05:30:28+00:00,0.996,clob_prices_history
65252813896336788230617856248125123600178384752591631993072313635672275758489,0xb3d00f908d0bb0320cfb28cfb64904d9d10fb4d3d174baf8a2c9583b6eb66cfb,1774244724,2026-03-23T05:45:24+00:00,0.996,clob_prices_history
65252813896336788230617856248125123600178384752591631993072313635672275758489,0xb3d00f908d0bb0320cfb28cfb64904d9d10fb4d3d174baf8a2c9583b6eb66cfb,1774245635,2026-03-23T06:00:35+00:00,0.996,clob_prices_history
65252813896336788230617856248125123600178384752591631993072313635672275758489,0xb3d00f908d0bb0320cfb28cfb64904d9d10fb4d3d174baf8a2c9583b6eb66cfb,1774246528,2026-03-23T06:15:28+00:00,0.996,clob_prices_history
65252813896336788230617856248125123600178384752591631993072313635672275758489,0xb3d00f908d0bb0320cfb28cfb64904d9d10fb4d3d174baf8a2c9583b6eb66cfb,1774247432,2026-03-23T06:30:32+00:00,0.996,clob_prices_history
65252813896336788230617856248125123600178384752591631993072313635672275758489,0xb3d00f908d0bb0320cfb28cfb64904d9d10fb4d3d174baf8a2c9583b6eb66cfb,1774248341,2026-03-23T06:45:41+00:00,0.996,clob_prices_history
65252813896336788230617856248125123600178384752591631993072313635672275758489,0xb3d00f908d0bb0320cfb28cfb64904d9d10fb4d3d174baf8a2c9583b6eb66cfb,1774249231,2026-03-23T07:00:31+00:00,0.996,clob_prices_history
65252813896336788230617856248125123600178384752591631993072313635672275758489,0xb3d00f908d0bb0320cfb28cfb64904d9d10fb4d3d174baf8a2c9583b6eb66cfb,1774250125,2026-03-23T07:15:25+00:00,0.996,clob_prices_history
65252813896336788230617856248125123600178384752591631993072313635672275758489,0xb3d00f908d0bb0320cfb28cfb64904d9d10fb4d3d174baf8a2c9583b6eb66cfb,1774251031,2026-03-23T07:30:31+00:00,0.996,clob_prices_history
65252813896336788230617856248125123600178384752591631993072313635672275758489,0xb3d00f908d0bb0320cfb28cfb64904d9d10fb4d3d174baf8a2c9583b6eb66cfb,1774251925,2026-03-23T07:45:25+00:00,0.996,clob_prices_history
65252813896336788230617856248125123600178384752591631993072313635672275758489,0xb3d00f908d0bb0320cfb28cfb64904d9d10fb4d3d174baf8a2c9583b6eb66cfb,1774252835,2026-03-23T08:00:35+00:00,0.996,clob_prices_history
65252813896336788230617856248125123600178384752591631993072313635672275758489,0xb3d00f908d0bb0320cfb28cfb64904d9d10fb4d3d174baf8a2c9583b6eb66cfb,1774253728,2026-03-23T08:15:28+00:00,0.996,clob_prices_history
65252813896336788230617856248125123600178384752591631993072313635672275758489,0xb3d00f908d0bb0320cfb28cfb64904d9d10fb4d3d174baf8a2c9583b6eb66cfb,1774254629,2026-03-23T08:30:29+00:00,0.996,clob_prices_history
65252813896336788230617856248125123600178384752591631993072313635672275758489,0xb3d00f908d0bb0320cfb28cfb64904d9d10fb4d3d174baf8a2c9583b6eb66cfb,1774255525,2026-03-23T08:45:25+00:00,0.996,clob_prices_history
65252813896336788230617856248125123600178384752591631993072313635672275758489,0xb3d00f908d0bb0320cfb28cfb64904d9d10fb4d3d174baf8a2c9583b6eb66cfb,1774256443,2026-03-23T09:00:43+00:00,0.996,clob_prices_history
65252813896336788230617856248125123600178384752591631993072313635672275758489,0xb3d00f908d0bb0320cfb28cfb64904d9d10fb4d3d174baf8a2c9583b6eb66cfb,1774257324,2026-03-23T09:15:24+00:00,0.996,clob_prices_history
65252813896336788230617856248125123600178384752591631993072313635672275758489,0xb3d00f908d0bb0320cfb28cfb64904d9d10fb4d3d174baf8a2c9583b6eb66cfb,1774258228,2026-03-23T09:30:28+00:00,0.996,clob_prices_history
65252813896336788230617856248125123600178384752591631993072313635672275758489,0xb3d00f908d0bb0320cfb28cfb64904d9d10fb4d3d174baf8a2c9583b6eb66cfb,1774259125,2026-03-23T09:45:25+00:00,0.996,clob_prices_history
65252813896336788230617856248125123600178384752591631993072313635672275758489,0xb3d00f908d0bb0320cfb28cfb64904d9d10fb4d3d174baf8a2c9583b6eb66cfb,1774260029,2026-03-23T10:00:29+00:00,0.996,clob_prices_history
65252813896336788230617856248125123600178384752591631993072313635672275758489,0xb3d00f908d0bb0320cfb28cfb64904d9d10fb4d3d174baf8a2c9583b6eb66cfb,1774260922,2026-03-23T10:15:22+00:00,0.996,clob_prices_history
65252813896336788230617856248125123600178384752591631993072313635672275758489,0xb3d00f908d0bb0320cfb28cfb64904d9d10fb4d3d174baf8a2c9583b6eb66cfb,1774261826,2026-03-23T10:30:26+00:00,0.996,clob_prices_history
65252813896336788230617856248125123600178384752591631993072313635672275758489,0xb3d00f908d0bb0320cfb28cfb64904d9d10fb4d3d174baf8a2c9583b6eb66cfb,1774262728,2026-03-23T10:45:28+00:00,0.996,clob_prices_history
65252813896336788230617856248125123600178384752591631993072313635672275758489,0xb3d00f908d0bb0320cfb28cfb64904d9d10fb4d3d174baf8a2c9583b6eb66cfb,1774263627,2026-03-23T11:00:27+00:00,0.996,clob_prices_history
65252813896336788230617856248125123600178384752591631993072313635672275758489,0xb3d00f908d0bb0320cfb28cfb64904d9d10fb4d3d174baf8a2c9583b6eb66cfb,1774264541,2026-03-23T11:15:41+00:00,0.996,clob_prices_history
65252813896336788230617856248125123600178384752591631993072313635672275758489,0xb3d00f908d0bb0320cfb28cfb64904d9d10fb4d3d174baf8a2c9583b6eb66cfb,1774265442,2026-03-23T11:30:42+00:00,0.996,clob_prices_history
65252813896336788230617856248125123600178384752591631993072313635672275758489,0xb3d00f908d0bb0320cfb28cfb64904d9d10fb4d3d174baf8a2c9583b6eb66cfb,1774266323,2026-03-23T11:45:23+00:00,0.9955,clob_prices_history
65252813896336788230617856248125123600178384752591631993072313635672275758489,0xb3d00f908d0bb0320cfb28cfb64904d9d10fb4d3d174baf8a2c9583b6eb66cfb,1774267232,2026-03-23T12:00:32+00:00,0.9955,clob_prices_history
65252813896336788230617856248125123600178384752591631993072313635672275758489,0xb3d00f908d0bb0320cfb28cfb64904d9d10fb4d3d174baf8a2c9583b6eb66cfb,1774268125,2026-03-23T12:15:25+00:00,0.9955,clob_prices_history
65252813896336788230617856248125123600178384752591631993072313635672275758489,0xb3d00f908d0bb0320cfb28cfb64904d9d10fb4d3d174baf8a2c9583b6eb66cfb,1774269030,2026-03-23T12:30:30+00:00,0.9955,clob_prices_history
65252813896336788230617856248125123600178384752591631993072313635672275758489,0xb3d00f908d0bb0320cfb28cfb64904d9d10fb4d3d174baf8a2c9583b6eb66cfb,1774269926,2026-03-23T12:45:26+00:00,0.9955,clob_prices_history
65252813896336788230617856248125123600178384752591631993072313635672275758489,0xb3d00f908d0bb0320cfb28cfb64904d9d10fb4d3d174baf8a2c9583b6eb66cfb,1774270834,2026-03-23T13:00:34+00:00,0.996,clob_prices_history
65252813896336788230617856248125123600178384752591631993072313635672275758489,0xb3d00f908d0bb0320cfb28cfb64904d9d10fb4d3d174baf8a2c9583b6eb66cfb,1774271728,2026-03-23T13:15:28+00:00,0.996,clob_prices_history
65252813896336788230617856248125123600178384752591631993072313635672275758489,0xb3d00f908d0bb0320cfb28cfb64904d9d10fb4d3d174baf8a2c9583b6eb66cfb,1774272630,2026-03-23T13:30:30+00:00,0.996,clob_prices_history
65252813896336788230617856248125123600178384752591631993072313635672275758489,0xb3d00f908d0bb0320cfb28cfb64904d9d10fb4d3d174baf8a2c9583b6eb66cfb,1774273527,2026-03-23T13:45:27+00:00,0.996,clob_prices_history
65252813896336788230617856248125123600178384752591631993072313635672275758489,0xb3d00f908d0bb0320cfb28cfb64904d9d10fb4d3d174baf8a2c9583b6eb66cfb,1774274429,2026-03-23T14:00:29+00:00,0.996,clob_prices_history
65252813896336788230617856248125123600178384752591631993072313635672275758489,0xb3d00f908d0bb0320cfb28cfb64904d9d10fb4d3d174baf8a2c9583b6eb66cfb,1774275331,2026-03-23T14:15:31+00:00,0.996,clob_prices_history
65252813896336788230617856248125123600178384752591631993072313635672275758489,0xb3d00f908d0bb0320cfb28cfb64904d9d10fb4d3d174baf8a2c9583b6eb66cfb,1774276225,2026-03-23T14:30:25+00:00,0.996,clob_prices_history
65252813896336788230617856248125123600178384752591631993072313635672275758489,0xb3d00f908d0bb0320cfb28cfb64904d9d10fb4d3d174baf8a2c9583b6eb66cfb,1774277122,2026-03-23T14:45:22+00:00,0.996,clob_prices_history
65252813896336788230617856248125123600178384752591631993072313635672275758489,0xb3d00f908d0bb0320cfb28cfb64904d9d10fb4d3d174baf8a2c9583b6eb66cfb,1774278027,2026-03-23T15:00:27+00:00,0.996,clob_prices_history
65252813896336788230617856248125123600178384752591631993072313635672275758489,0xb3d00f908d0bb0320cfb28cfb64904d9d10fb4d3d174baf8a2c9583b6eb66cfb,1774278923,2026-03-23T15:15:23+00:00,0.996,clob_prices_history
65252813896336788230617856248125123600178384752591631993072313635672275758489,0xb3d00f908d0bb0320cfb28cfb64904d9d10fb4d3d174baf8a2c9583b6eb66cfb,1774279831,2026-03-23T15:30:31+00:00,0.996,clob_prices_history
65252813896336788230617856248125123600178384752591631993072313635672275758489,0xb3d00f908d0bb0320cfb28cfb64904d9d10fb4d3d174baf8a2c9583b6eb66cfb,1774280723,2026-03-23T15:45:23+00:00,0.996,clob_prices_history
65252813896336788230617856248125123600178384752591631993072313635672275758489,0xb3d00f908d0bb0320cfb28cfb64904d9d10fb4d3d174baf8a2c9583b6eb66cfb,1774281628,2026-03-23T16:00:28+00:00,0.996,clob_prices_history
65252813896336788230617856248125123600178384752591631993072313635672275758489,0xb3d00f908d0bb0320cfb28cfb64904d9d10fb4d3d174baf8a2c9583b6eb66cfb,1774282523,2026-03-23T16:15:23+00:00,0.996,clob_prices_history
65252813896336788230617856248125123600178384752591631993072313635672275758489,0xb3d00f908d0bb0320cfb28cfb64904d9d10fb4d3d174baf8a2c9583b6eb66cfb,1774283437,2026-03-23T16:30:37+00:00,0.996,clob_prices_history
65252813896336788230617856248125123600178384752591631993072313635672275758489,0xb3d00f908d0bb0320cfb28cfb64904d9d10fb4d3d174baf8a2c9583b6eb66cfb,1774284324,2026-03-23T16:45:24+00:00,0.996,clob_prices_history
65252813896336788230617856248125123600178384752591631993072313635672275758489,0xb3d00f908d0bb0320cfb28cfb64904d9d10fb4d3d174baf8a2c9583b6eb66cfb,1774285241,2026-03-23T17:00:41+00:00,0.996,clob_prices_history
65252813896336788230617856248125123600178384752591631993072313635672275758489,0xb3d00f908d0bb0320cfb28cfb64904d9d10fb4d3d174baf8a2c9583b6eb66cfb,1774286125,2026-03-23T17:15:25+00:00,0.996,clob_prices_history
65252813896336788230617856248125123600178384752591631993072313635672275758489,0xb3d00f908d0bb0320cfb28cfb64904d9d10fb4d3d174baf8a2c9583b6eb66cfb,1774287026,2026-03-23T17:30:26+00:00,0.996,clob_prices_history
65252813896336788230617856248125123600178384752591631993072313635672275758489,0xb3d00f908d0bb0320cfb28cfb64904d9d10fb4d3d174baf8a2c9583b6eb66cfb,1774287924,2026-03-23T17:45:24+00:00,0.996,clob_prices_history
65252813896336788230617856248125123600178384752591631993072313635672275758489,0xb3d00f908d0bb0320cfb28cfb64904d9d10fb4d3d174baf8a2c9583b6eb66cfb,1774288828,2026-03-23T18:00:28+00:00,0.996,clob_prices_history
65252813896336788230617856248125123600178384752591631993072313635672275758489,0xb3d00f908d0bb0320cfb28cfb64904d9d10fb4d3d174baf8a2c9583b6eb66cfb,1774289725,2026-03-23T18:15:25+00:00,0.996,clob_prices_history
65252813896336788230617856248125123600178384752591631993072313635672275758489,0xb3d00f908d0bb0320cfb28cfb64904d9d10fb4d3d174baf8a2c9583b6eb66cfb,1774290628,2026-03-23T18:30:28+00:00,0.996,clob_prices_history
65252813896336788230617856248125123600178384752591631993072313635672275758489,0xb3d00f908d0bb0320cfb28cfb64904d9d10fb4d3d174baf8a2c9583b6eb66cfb,1774291525,2026-03-23T18:45:25+00:00,0.996,clob_prices_history
65252813896336788230617856248125123600178384752591631993072313635672275758489,0xb3d00f908d0bb0320cfb28cfb64904d9d10fb4d3d174baf8a2c9583b6eb66cfb,1774292444,2026-03-23T19:00:44+00:00,0.996,clob_prices_history
65252813896336788230617856248125123600178384752591631993072313635672275758489,0xb3d00f908d0bb0320cfb28cfb64904d9d10fb4d3d174baf8a2c9583b6eb66cfb,1774293327,2026-03-23T19:15:27+00:00,0.996,clob_prices_history
65252813896336788230617856248125123600178384752591631993072313635672275758489,0xb3d00f908d0bb0320cfb28cfb64904d9d10fb4d3d174baf8a2c9583b6eb66cfb,1774294228,2026-03-23T19:30:28+00:00,0.996,clob_prices_history
65252813896336788230617856248125123600178384752591631993072313635672275758489,0xb3d00f908d0bb0320cfb28cfb64904d9d10fb4d3d174baf8a2c9583b6eb66cfb,1774295127,2026-03-23T19:45:27+00:00,0.996,clob_prices_history
65252813896336788230617856248125123600178384752591631993072313635672275758489,0xb3d00f908d0bb0320cfb28cfb64904d9d10fb4d3d174baf8a2c9583b6eb66cfb,1774296029,2026-03-23T20:00:29+00:00,0.996,clob_prices_history
65252813896336788230617856248125123600178384752591631993072313635672275758489,0xb3d00f908d0bb0320cfb28cfb64904d9d10fb4d3d174baf8a2c9583b6eb66cfb,1774296924,2026-03-23T20:15:24+00:00,0.996,clob_prices_history
65252813896336788230617856248125123600178384752591631993072313635672275758489,0xb3d00f908d0bb0320cfb28cfb64904d9d10fb4d3d174baf8a2c9583b6eb66cfb,1774297829,2026-03-23T20:30:29+00:00,0.996,clob_prices_history
65252813896336788230617856248125123600178384752591631993072313635672275758489,0xb3d00f908d0bb0320cfb28cfb64904d9d10fb4d3d174baf8a2c9583b6eb66cfb,1774298725,2026-03-23T20:45:25+00:00,0.996,clob_prices_history
65252813896336788230617856248125123600178384752591631993072313635672275758489,0xb3d00f908d0bb0320cfb28cfb64904d9d10fb4d3d174baf8a2c9583b6eb66cfb,1774299632,2026-03-23T21:00:32+00:00,0.996,clob_prices_history
65252813896336788230617856248125123600178384752591631993072313635672275758489,0xb3d00f908d0bb0320cfb28cfb64904d9d10fb4d3d174baf8a2c9583b6eb66cfb,1774300539,2026-03-23T21:15:39+00:00,0.996,clob_prices_history
65252813896336788230617856248125123600178384752591631993072313635672275758489,0xb3d00f908d0bb0320cfb28cfb64904d9d10fb4d3d174baf8a2c9583b6eb66cfb,1774301431,2026-03-23T21:30:31+00:00,0.996,clob_prices_history
65252813896336788230617856248125123600178384752591631993072313635672275758489,0xb3d00f908d0bb0320cfb28cfb64904d9d10fb4d3d174baf8a2c9583b6eb66cfb,1774302326,2026-03-23T21:45:26+00:00,0.996,clob_prices_history
65252813896336788230617856248125123600178384752591631993072313635672275758489,0xb3d00f908d0bb0320cfb28cfb64904d9d10fb4d3d174baf8a2c9583b6eb66cfb,1774303229,2026-03-23T22:00:29+00:00,0.996,clob_prices_history
65252813896336788230617856248125123600178384752591631993072313635672275758489,0xb3d00f908d0bb0320cfb28cfb64904d9d10fb4d3d174baf8a2c9583b6eb66cfb,1774304129,2026-03-23T22:15:29+00:00,0.996,clob_prices_history
65252813896336788230617856248125123600178384752591631993072313635672275758489,0xb3d00f908d0bb0320cfb28cfb64904d9d10fb4d3d174baf8a2c9583b6eb66cfb,1774305028,2026-03-23T22:30:28+00:00,0.996,clob_prices_history
65252813896336788230617856248125123600178384752591631993072313635672275758489,0xb3d00f908d0bb0320cfb28cfb64904d9d10fb4d3d174baf8a2c9583b6eb66cfb,1774305927,2026-03-23T22:45:27+00:00,0.996,clob_prices_history
65252813896336788230617856248125123600178384752591631993072313635672275758489,0xb3d00f908d0bb0320cfb28cfb64904d9d10fb4d3d174baf8a2c9583b6eb66cfb,1774306829,2026-03-23T23:00:29+00:00,0.996,clob_prices_history
65252813896336788230617856248125123600178384752591631993072313635672275758489,0xb3d00f908d0bb0320cfb28cfb64904d9d10fb4d3d174baf8a2c9583b6eb66cfb,1774307725,2026-03-23T23:15:25+00:00,0.996,clob_prices_history
65252813896336788230617856248125123600178384752591631993072313635672275758489,0xb3d00f908d0bb0320cfb28cfb64904d9d10fb4d3d174baf8a2c9583b6eb66cfb,1774308632,2026-03-23T23:30:32+00:00,0.996,clob_prices_history
65252813896336788230617856248125123600178384752591631993072313635672275758489,0xb3d00f908d0bb0320cfb28cfb64904d9d10fb4d3d174baf8a2c9583b6eb66cfb,1774309528,2026-03-23T23:45:28+00:00,0.996,clob_prices_history
65252813896336788230617856248125123600178384752591631993072313635672275758489,0xb3d00f908d0bb0320cfb28cfb64904d9d10fb4d3d174baf8a2c9583b6eb66cfb,1774310430,2026-03-24T00:00:30+00:00,0.996,clob_prices_history
65252813896336788230617856248125123600178384752591631993072313635672275758489,0xb3d00f908d0bb0320cfb28cfb64904d9d10fb4d3d174baf8a2c9583b6eb66cfb,1774311325,2026-03-24T00:15:25+00:00,0.996,clob_prices_history
65252813896336788230617856248125123600178384752591631993072313635672275758489,0xb3d00f908d0bb0320cfb28cfb64904d9d10fb4d3d174baf8a2c9583b6eb66cfb,1774312224,2026-03-24T00:30:24+00:00,0.996,clob_prices_history
65252813896336788230617856248125123600178384752591631993072313635672275758489,0xb3d00f908d0bb0320cfb28cfb64904d9d10fb4d3d174baf8a2c9583b6eb66cfb,1774313124,2026-03-24T00:45:24+00:00,0.996,clob_prices_history
65252813896336788230617856248125123600178384752591631993072313635672275758489,0xb3d00f908d0bb0320cfb28cfb64904d9d10fb4d3d174baf8a2c9583b6eb66cfb,1774314026,2026-03-24T01:00:26+00:00,0.996,clob_prices_history
65252813896336788230617856248125123600178384752591631993072313635672275758489,0xb3d00f908d0bb0320cfb28cfb64904d9d10fb4d3d174baf8a2c9583b6eb66cfb,1774314924,2026-03-24T01:15:24+00:00,0.996,clob_prices_history
65252813896336788230617856248125123600178384752591631993072313635672275758489,0xb3d00f908d0bb0320cfb28cfb64904d9d10fb4d3d174baf8a2c9583b6eb66cfb,1774315826,2026-03-24T01:30:26+00:00,0.996,clob_prices_history
65252813896336788230617856248125123600178384752591631993072313635672275758489,0xb3d00f908d0bb0320cfb28cfb64904d9d10fb4d3d174baf8a2c9583b6eb66cfb,1774316727,2026-03-24T01:45:27+00:00,0.996,clob_prices_history
65252813896336788230617856248125123600178384752591631993072313635672275758489,0xb3d00f908d0bb0320cfb28cfb64904d9d10fb4d3d174baf8a2c9583b6eb66cfb,1774317628,2026-03-24T02:00:28+00:00,0.996,clob_prices_history
65252813896336788230617856248125123600178384752591631993072313635672275758489,0xb3d00f908d0bb0320cfb28cfb64904d9d10fb4d3d174baf8a2c9583b6eb66cfb,1774318524,2026-03-24T02:15:24+00:00,0.996,clob_prices_history
65252813896336788230617856248125123600178384752591631993072313635672275758489,0xb3d00f908d0bb0320cfb28cfb64904d9d10fb4d3d174baf8a2c9583b6eb66cfb,1774319425,2026-03-24T02:30:25+00:00,0.996,clob_prices_history
65252813896336788230617856248125123600178384752591631993072313635672275758489,0xb3d00f908d0bb0320cfb28cfb64904d9d10fb4d3d174baf8a2c9583b6eb66cfb,1774320325,2026-03-24T02:45:25+00:00,0.996,clob_prices_history
65252813896336788230617856248125123600178384752591631993072313635672275758489,0xb3d00f908d0bb0320cfb28cfb64904d9d10fb4d3d174baf8a2c9583b6eb66cfb,1774321228,2026-03-24T03:00:28+00:00,0.996,clob_prices_history
65252813896336788230617856248125123600178384752591631993072313635672275758489,0xb3d00f908d0bb0320cfb28cfb64904d9d10fb4d3d174baf8a2c9583b6eb66cfb,1774322128,2026-03-24T03:15:28+00:00,0.996,clob_prices_history
65252813896336788230617856248125123600178384752591631993072313635672275758489,0xb3d00f908d0bb0320cfb28cfb64904d9d10fb4d3d174baf8a2c9583b6eb66cfb,1774323025,2026-03-24T03:30:25+00:00,0.996,clob_prices_history
65252813896336788230617856248125123600178384752591631993072313635672275758489,0xb3d00f908d0bb0320cfb28cfb64904d9d10fb4d3d174baf8a2c9583b6eb66cfb,1774323924,2026-03-24T03:45:24+00:00,0.996,clob_prices_history
65252813896336788230617856248125123600178384752591631993072313635672275758489,0xb3d00f908d0bb0320cfb28cfb64904d9d10fb4d3d174baf8a2c9583b6eb66cfb,1774324830,2026-03-24T04:00:30+00:00,0.996,clob_prices_history
65252813896336788230617856248125123600178384752591631993072313635672275758489,0xb3d00f908d0bb0320cfb28cfb64904d9d10fb4d3d174baf8a2c9583b6eb66cfb,1774325724,2026-03-24T04:15:24+00:00,0.9955,clob_prices_history
65252813896336788230617856248125123600178384752591631993072313635672275758489,0xb3d00f908d0bb0320cfb28cfb64904d9d10fb4d3d174baf8a2c9583b6eb66cfb,1774326626,2026-03-24T04:30:26+00:00,0.996,clob_prices_history
65252813896336788230617856248125123600178384752591631993072313635672275758489,0xb3d00f908d0bb0320cfb28cfb64904d9d10fb4d3d174baf8a2c9583b6eb66cfb,1774327524,2026-03-24T04:45:24+00:00,0.996,clob_prices_history
65252813896336788230617856248125123600178384752591631993072313635672275758489,0xb3d00f908d0bb0320cfb28cfb64904d9d10fb4d3d174baf8a2c9583b6eb66cfb,1774328430,2026-03-24T05:00:30+00:00,0.996,clob_prices_history
65252813896336788230617856248125123600178384752591631993072313635672275758489,0xb3d00f908d0bb0320cfb28cfb64904d9d10fb4d3d174baf8a2c9583b6eb66cfb,1774329325,2026-03-24T05:15:25+00:00,0.996,clob_prices_history
65252813896336788230617856248125123600178384752591631993072313635672275758489,0xb3d00f908d0bb0320cfb28cfb64904d9d10fb4d3d174baf8a2c9583b6eb66cfb,1774330228,2026-03-24T05:30:28+00:00,0.996,clob_prices_history
65252813896336788230617856248125123600178384752591631993072313635672275758489,0xb3d00f908d0bb0320cfb28cfb64904d9d10fb4d3d174baf8a2c9583b6eb66cfb,1774331127,2026-03-24T05:45:27+00:00,0.996,clob_prices_history
65252813896336788230617856248125123600178384752591631993072313635672275758489,0xb3d00f908d0bb0320cfb28cfb64904d9d10fb4d3d174baf8a2c9583b6eb66cfb,1774332033,2026-03-24T06:00:33+00:00,0.996,clob_prices_history
65252813896336788230617856248125123600178384752591631993072313635672275758489,0xb3d00f908d0bb0320cfb28cfb64904d9d10fb4d3d174baf8a2c9583b6eb66cfb,1774332925,2026-03-24T06:15:25+00:00,0.996,clob_prices_history
65252813896336788230617856248125123600178384752591631993072313635672275758489,0xb3d00f908d0bb0320cfb28cfb64904d9d10fb4d3d174baf8a2c9583b6eb66cfb,1774333827,2026-03-24T06:30:27+00:00,0.996,clob_prices_history
65252813896336788230617856248125123600178384752591631993072313635672275758489,0xb3d00f908d0bb0320cfb28cfb64904d9d10fb4d3d174baf8a2c9583b6eb66cfb,1774334728,2026-03-24T06:45:28+00:00,0.996,clob_prices_history
65252813896336788230617856248125123600178384752591631993072313635672275758489,0xb3d00f908d0bb0320cfb28cfb64904d9d10fb4d3d174baf8a2c9583b6eb66cfb,1774335626,2026-03-24T07:00:26+00:00,0.996,clob_prices_history
65252813896336788230617856248125123600178384752591631993072313635672275758489,0xb3d00f908d0bb0320cfb28cfb64904d9d10fb4d3d174baf8a2c9583b6eb66cfb,1774336540,2026-03-24T07:15:40+00:00,0.996,clob_prices_history
65252813896336788230617856248125123600178384752591631993072313635672275758489,0xb3d00f908d0bb0320cfb28cfb64904d9d10fb4d3d174baf8a2c9583b6eb66cfb,1774337426,2026-03-24T07:30:26+00:00,0.996,clob_prices_history
65252813896336788230617856248125123600178384752591631993072313635672275758489,0xb3d00f908d0bb0320cfb28cfb64904d9d10fb4d3d174baf8a2c9583b6eb66cfb,1774338327,2026-03-24T07:45:27+00:00,0.996,clob_prices_history
65252813896336788230617856248125123600178384752591631993072313635672275758489,0xb3d00f908d0bb0320cfb28cfb64904d9d10fb4d3d174baf8a2c9583b6eb66cfb,1774339226,2026-03-24T08:00:26+00:00,0.996,clob_prices_history
65252813896336788230617856248125123600178384752591631993072313635672275758489,0xb3d00f908d0bb0320cfb28cfb64904d9d10fb4d3d174baf8a2c9583b6eb66cfb,1774340128,2026-03-24T08:15:28+00:00,0.996,clob_prices_history
65252813896336788230617856248125123600178384752591631993072313635672275758489,0xb3d00f908d0bb0320cfb28cfb64904d9d10fb4d3d174baf8a2c9583b6eb66cfb,1774341029,2026-03-24T08:30:29+00:00,0.996,clob_prices_history
65252813896336788230617856248125123600178384752591631993072313635672275758489,0xb3d00f908d0bb0320cfb28cfb64904d9d10fb4d3d174baf8a2c9583b6eb66cfb,1774341928,2026-03-24T08:45:28+00:00,0.996,clob_prices_history
65252813896336788230617856248125123600178384752591631993072313635672275758489,0xb3d00f908d0bb0320cfb28cfb64904d9d10fb4d3d174baf8a2c9583b6eb66cfb,1774342830,2026-03-24T09:00:30+00:00,0.996,clob_prices_history
65252813896336788230617856248125123600178384752591631993072313635672275758489,0xb3d00f908d0bb0320cfb28cfb64904d9d10fb4d3d174baf8a2c9583b6eb66cfb,1774343724,2026-03-24T09:15:24+00:00,0.996,clob_prices_history
65252813896336788230617856248125123600178384752591631993072313635672275758489,0xb3d00f908d0bb0320cfb28cfb64904d9d10fb4d3d174baf8a2c9583b6eb66cfb,1774344626,2026-03-24T09:30:26+00:00,0.996,clob_prices_history
65252813896336788230617856248125123600178384752591631993072313635672275758489,0xb3d00f908d0bb0320cfb28cfb64904d9d10fb4d3d174baf8a2c9583b6eb66cfb,1774345527,2026-03-24T09:45:27+00:00,0.996,clob_prices_history
65252813896336788230617856248125123600178384752591631993072313635672275758489,0xb3d00f908d0bb0320cfb28cfb64904d9d10fb4d3d174baf8a2c9583b6eb66cfb,1774346426,2026-03-24T10:00:26+00:00,0.996,clob_prices_history
65252813896336788230617856248125123600178384752591631993072313635672275758489,0xb3d00f908d0bb0320cfb28cfb64904d9d10fb4d3d174baf8a2c9583b6eb66cfb,1774347328,2026-03-24T10:15:28+00:00,0.996,clob_prices_history
65252813896336788230617856248125123600178384752591631993072313635672275758489,0xb3d00f908d0bb0320cfb28cfb64904d9d10fb4d3d174baf8a2c9583b6eb66cfb,1774348226,2026-03-24T10:30:26+00:00,0.996,clob_prices_history
65252813896336788230617856248125123600178384752591631993072313635672275758489,0xb3d00f908d0bb0320cfb28cfb64904d9d10fb4d3d174baf8a2c9583b6eb66cfb,1774349128,2026-03-24T10:45:28+00:00,0.996,clob_prices_history
65252813896336788230617856248125123600178384752591631993072313635672275758489,0xb3d00f908d0bb0320cfb28cfb64904d9d10fb4d3d174baf8a2c9583b6eb66cfb,1774350050,2026-03-24T11:00:50+00:00,0.996,clob_prices_history
65252813896336788230617856248125123600178384752591631993072313635672275758489,0xb3d00f908d0bb0320cfb28cfb64904d9d10fb4d3d174baf8a2c9583b6eb66cfb,1774350928,2026-03-24T11:15:28+00:00,0.996,clob_prices_history
65252813896336788230617856248125123600178384752591631993072313635672275758489,0xb3d00f908d0bb0320cfb28cfb64904d9d10fb4d3d174baf8a2c9583b6eb66cfb,1774351828,2026-03-24T11:30:28+00:00,0.996,clob_prices_history
65252813896336788230617856248125123600178384752591631993072313635672275758489,0xb3d00f908d0bb0320cfb28cfb64904d9d10fb4d3d174baf8a2c9583b6eb66cfb,1774352729,2026-03-24T11:45:29+00:00,0.996,clob_prices_history
65252813896336788230617856248125123600178384752591631993072313635672275758489,0xb3d00f908d0bb0320cfb28cfb64904d9d10fb4d3d174baf8a2c9583b6eb66cfb,1774353636,2026-03-24T12:00:36+00:00,0.996,clob_prices_history
65252813896336788230617856248125123600178384752591631993072313635672275758489,0xb3d00f908d0bb0320cfb28cfb64904d9d10fb4d3d174baf8a2c9583b6eb66cfb,1774354528,2026-03-24T12:15:28+00:00,0.996,clob_prices_history
65252813896336788230617856248125123600178384752591631993072313635672275758489,0xb3d00f908d0bb0320cfb28cfb64904d9d10fb4d3d174baf8a2c9583b6eb66cfb,1774355431,2026-03-24T12:30:31+00:00,0.996,clob_prices_history
65252813896336788230617856248125123600178384752591631993072313635672275758489,0xb3d00f908d0bb0320cfb28cfb64904d9d10fb4d3d174baf8a2c9583b6eb66cfb,1774356332,2026-03-24T12:45:32+00:00,0.996,clob_prices_history
65252813896336788230617856248125123600178384752591631993072313635672275758489,0xb3d00f908d0bb0320cfb28cfb64904d9d10fb4d3d174baf8a2c9583b6eb66cfb,1774357245,2026-03-24T13:00:45+00:00,0.996,clob_prices_history
65252813896336788230617856248125123600178384752591631993072313635672275758489,0xb3d00f908d0bb0320cfb28cfb64904d9d10fb4d3d174baf8a2c9583b6eb66cfb,1774358132,2026-03-24T13:15:32+00:00,0.996,clob_prices_history
65252813896336788230617856248125123600178384752591631993072313635672275758489,0xb3d00f908d0bb0320cfb28cfb64904d9d10fb4d3d174baf8a2c9583b6eb66cfb,1774359032,2026-03-24T13:30:32+00:00,0.996,clob_prices_history
65252813896336788230617856248125123600178384752591631993072313635672275758489,0xb3d00f908d0bb0320cfb28cfb64904d9d10fb4d3d174baf8a2c9583b6eb66cfb,1774359932,2026-03-24T13:45:32+00:00,0.996,clob_prices_history
65252813896336788230617856248125123600178384752591631993072313635672275758489,0xb3d00f908d0bb0320cfb28cfb64904d9d10fb4d3d174baf8a2c9583b6eb66cfb,1774360833,2026-03-24T14:00:33+00:00,0.996,clob_prices_history
65252813896336788230617856248125123600178384752591631993072313635672275758489,0xb3d00f908d0bb0320cfb28cfb64904d9d10fb4d3d174baf8a2c9583b6eb66cfb,1774361732,2026-03-24T14:15:32+00:00,0.9955,clob_prices_history
65252813896336788230617856248125123600178384752591631993072313635672275758489,0xb3d00f908d0bb0320cfb28cfb64904d9d10fb4d3d174baf8a2c9583b6eb66cfb,1774362638,2026-03-24T14:30:38+00:00,0.9955,clob_prices_history
65252813896336788230617856248125123600178384752591631993072313635672275758489,0xb3d00f908d0bb0320cfb28cfb64904d9d10fb4d3d174baf8a2c9583b6eb66cfb,1774363529,2026-03-24T14:45:29+00:00,0.9955,clob_prices_history
65252813896336788230617856248125123600178384752591631993072313635672275758489,0xb3d00f908d0bb0320cfb28cfb64904d9d10fb4d3d174baf8a2c9583b6eb66cfb,1774364439,2026-03-24T15:00:39+00:00,0.9955,clob_prices_history
65252813896336788230617856248125123600178384752591631993072313635672275758489,0xb3d00f908d0bb0320cfb28cfb64904d9d10fb4d3d174baf8a2c9583b6eb66cfb,1774365334,2026-03-24T15:15:34+00:00,0.9955,clob_prices_history
65252813896336788230617856248125123600178384752591631993072313635672275758489,0xb3d00f908d0bb0320cfb28cfb64904d9d10fb4d3d174baf8a2c9583b6eb66cfb,1774366237,2026-03-24T15:30:37+00:00,0.9955,clob_prices_history
65252813896336788230617856248125123600178384752591631993072313635672275758489,0xb3d00f908d0bb0320cfb28cfb64904d9d10fb4d3d174baf8a2c9583b6eb66cfb,1774367135,2026-03-24T15:45:35+00:00,0.9955,clob_prices_history
65252813896336788230617856248125123600178384752591631993072313635672275758489,0xb3d00f908d0bb0320cfb28cfb64904d9d10fb4d3d174baf8a2c9583b6eb66cfb,1774368032,2026-03-24T16:00:32+00:00,0.9955,clob_prices_history
65252813896336788230617856248125123600178384752591631993072313635672275758489,0xb3d00f908d0bb0320cfb28cfb64904d9d10fb4d3d174baf8a2c9583b6eb66cfb,1774368932,2026-03-24T16:15:32+00:00,0.9955,clob_prices_history
65252813896336788230617856248125123600178384752591631993072313635672275758489,0xb3d00f908d0bb0320cfb28cfb64904d9d10fb4d3d174baf8a2c9583b6eb66cfb,1774369832,2026-03-24T16:30:32+00:00,0.9955,clob_prices_history
65252813896336788230617856248125123600178384752591631993072313635672275758489,0xb3d00f908d0bb0320cfb28cfb64904d9d10fb4d3d174baf8a2c9583b6eb66cfb,1774370735,2026-03-24T16:45:35+00:00,0.9955,clob_prices_history
65252813896336788230617856248125123600178384752591631993072313635672275758489,0xb3d00f908d0bb0320cfb28cfb64904d9d10fb4d3d174baf8a2c9583b6eb66cfb,1774371634,2026-03-24T17:00:34+00:00,0.9955,clob_prices_history
65252813896336788230617856248125123600178384752591631993072313635672275758489,0xb3d00f908d0bb0320cfb28cfb64904d9d10fb4d3d174baf8a2c9583b6eb66cfb,1774372532,2026-03-24T17:15:32+00:00,0.9955,clob_prices_history
65252813896336788230617856248125123600178384752591631993072313635672275758489,0xb3d00f908d0bb0320cfb28cfb64904d9d10fb4d3d174baf8a2c9583b6eb66cfb,1774373442,2026-03-24T17:30:42+00:00,0.9955,clob_prices_history
65252813896336788230617856248125123600178384752591631993072313635672275758489,0xb3d00f908d0bb0320cfb28cfb64904d9d10fb4d3d174baf8a2c9583b6eb66cfb,1774374329,2026-03-24T17:45:29+00:00,0.9955,clob_prices_history
65252813896336788230617856248125123600178384752591631993072313635672275758489,0xb3d00f908d0bb0320cfb28cfb64904d9d10fb4d3d174baf8a2c9583b6eb66cfb,1774375243,2026-03-24T18:00:43+00:00,0.9955,clob_prices_history
65252813896336788230617856248125123600178384752591631993072313635672275758489,0xb3d00f908d0bb0320cfb28cfb64904d9d10fb4d3d174baf8a2c9583b6eb66cfb,1774376130,2026-03-24T18:15:30+00:00,0.9955,clob_prices_history
65252813896336788230617856248125123600178384752591631993072313635672275758489,0xb3d00f908d0bb0320cfb28cfb64904d9d10fb4d3d174baf8a2c9583b6eb66cfb,1774377033,2026-03-24T18:30:33+00:00,0.9955,clob_prices_history
65252813896336788230617856248125123600178384752591631993072313635672275758489,0xb3d00f908d0bb0320cfb28cfb64904d9d10fb4d3d174baf8a2c9583b6eb66cfb,1774377932,2026-03-24T18:45:32+00:00,0.9955,clob_prices_history
65252813896336788230617856248125123600178384752591631993072313635672275758489,0xb3d00f908d0bb0320cfb28cfb64904d9d10fb4d3d174baf8a2c9583b6eb66cfb,1774378834,2026-03-24T19:00:34+00:00,0.9955,clob_prices_history
65252813896336788230617856248125123600178384752591631993072313635672275758489,0xb3d00f908d0bb0320cfb28cfb64904d9d10fb4d3d174baf8a2c9583b6eb66cfb,1774379731,2026-03-24T19:15:31+00:00,0.9955,clob_prices_history
65252813896336788230617856248125123600178384752591631993072313635672275758489,0xb3d00f908d0bb0320cfb28cfb64904d9d10fb4d3d174baf8a2c9583b6eb66cfb,1774380636,2026-03-24T19:30:36+00:00,0.9955,clob_prices_history
65252813896336788230617856248125123600178384752591631993072313635672275758489,0xb3d00f908d0bb0320cfb28cfb64904d9d10fb4d3d174baf8a2c9583b6eb66cfb,1774381536,2026-03-24T19:45:36+00:00,0.9955,clob_prices_history
65252813896336788230617856248125123600178384752591631993072313635672275758489,0xb3d00f908d0bb0320cfb28cfb64904d9d10fb4d3d174baf8a2c9583b6eb66cfb,1774382436,2026-03-24T20:00:36+00:00,0.9955,clob_prices_history
65252813896336788230617856248125123600178384752591631993072313635672275758489,0xb3d00f908d0bb0320cfb28cfb64904d9d10fb4d3d174baf8a2c9583b6eb66cfb,1774383333,2026-03-24T20:15:33+00:00,0.9955,clob_prices_history
65252813896336788230617856248125123600178384752591631993072313635672275758489,0xb3d00f908d0bb0320cfb28cfb64904d9d10fb4d3d174baf8a2c9583b6eb66cfb,1774384236,2026-03-24T20:30:36+00:00,0.9955,clob_prices_history
65252813896336788230617856248125123600178384752591631993072313635672275758489,0xb3d00f908d0bb0320cfb28cfb64904d9d10fb4d3d174baf8a2c9583b6eb66cfb,1774385131,2026-03-24T20:45:31+00:00,0.9955,clob_prices_history
65252813896336788230617856248125123600178384752591631993072313635672275758489,0xb3d00f908d0bb0320cfb28cfb64904d9d10fb4d3d174baf8a2c9583b6eb66cfb,1774386050,2026-03-24T21:00:50+00:00,0.9955,clob_prices_history
65252813896336788230617856248125123600178384752591631993072313635672275758489,0xb3d00f908d0bb0320cfb28cfb64904d9d10fb4d3d174baf8a2c9583b6eb66cfb,1774386928,2026-03-24T21:15:28+00:00,0.9955,clob_prices_history
65252813896336788230617856248125123600178384752591631993072313635672275758489,0xb3d00f908d0bb0320cfb28cfb64904d9d10fb4d3d174baf8a2c9583b6eb66cfb,1774387834,2026-03-24T21:30:34+00:00,0.9955,clob_prices_history
65252813896336788230617856248125123600178384752591631993072313635672275758489,0xb3d00f908d0bb0320cfb28cfb64904d9d10fb4d3d174baf8a2c9583b6eb66cfb,1774388728,2026-03-24T21:45:28+00:00,0.9955,clob_prices_history
65252813896336788230617856248125123600178384752591631993072313635672275758489,0xb3d00f908d0bb0320cfb28cfb64904d9d10fb4d3d174baf8a2c9583b6eb66cfb,1774389631,2026-03-24T22:00:31+00:00,0.9955,clob_prices_history
65252813896336788230617856248125123600178384752591631993072313635672275758489,0xb3d00f908d0bb0320cfb28cfb64904d9d10fb4d3d174baf8a2c9583b6eb66cfb,1774390529,2026-03-24T22:15:29+00:00,0.9955,clob_prices_history
65252813896336788230617856248125123600178384752591631993072313635672275758489,0xb3d00f908d0bb0320cfb28cfb64904d9d10fb4d3d174baf8a2c9583b6eb66cfb,1774391436,2026-03-24T22:30:36+00:00,0.9955,clob_prices_history
65252813896336788230617856248125123600178384752591631993072313635672275758489,0xb3d00f908d0bb0320cfb28cfb64904d9d10fb4d3d174baf8a2c9583b6eb66cfb,1774392330,2026-03-24T22:45:30+00:00,0.9955,clob_prices_history
65252813896336788230617856248125123600178384752591631993072313635672275758489,0xb3d00f908d0bb0320cfb28cfb64904d9d10fb4d3d174baf8a2c9583b6eb66cfb,1774393235,2026-03-24T23:00:35+00:00,0.9955,clob_prices_history
65252813896336788230617856248125123600178384752591631993072313635672275758489,0xb3d00f908d0bb0320cfb28cfb64904d9d10fb4d3d174baf8a2c9583b6eb66cfb,1774394133,2026-03-24T23:15:33+00:00,0.9955,clob_prices_history
65252813896336788230617856248125123600178384752591631993072313635672275758489,0xb3d00f908d0bb0320cfb28cfb64904d9d10fb4d3d174baf8a2c9583b6eb66cfb,1774395037,2026-03-24T23:30:37+00:00,0.9955,clob_prices_history
65252813896336788230617856248125123600178384752591631993072313635672275758489,0xb3d00f908d0bb0320cfb28cfb64904d9d10fb4d3d174baf8a2c9583b6eb66cfb,1774395932,2026-03-24T23:45:32+00:00,0.9955,clob_prices_history
65252813896336788230617856248125123600178384752591631993072313635672275758489,0xb3d00f908d0bb0320cfb28cfb64904d9d10fb4d3d174baf8a2c9583b6eb66cfb,1774396844,2026-03-25T00:00:44+00:00,0.9955,clob_prices_history
65252813896336788230617856248125123600178384752591631993072313635672275758489,0xb3d00f908d0bb0320cfb28cfb64904d9d10fb4d3d174baf8a2c9583b6eb66cfb,1774397731,2026-03-25T00:15:31+00:00,0.9955,clob_prices_history
65252813896336788230617856248125123600178384752591631993072313635672275758489,0xb3d00f908d0bb0320cfb28cfb64904d9d10fb4d3d174baf8a2c9583b6eb66cfb,1774398634,2026-03-25T00:30:34+00:00,0.9955,clob_prices_history
65252813896336788230617856248125123600178384752591631993072313635672275758489,0xb3d00f908d0bb0320cfb28cfb64904d9d10fb4d3d174baf8a2c9583b6eb66cfb,1774399531,2026-03-25T00:45:31+00:00,0.9955,clob_prices_history
65252813896336788230617856248125123600178384752591631993072313635672275758489,0xb3d00f908d0bb0320cfb28cfb64904d9d10fb4d3d174baf8a2c9583b6eb66cfb,1774400433,2026-03-25T01:00:33+00:00,0.9955,clob_prices_history
65252813896336788230617856248125123600178384752591631993072313635672275758489,0xb3d00f908d0bb0320cfb28cfb64904d9d10fb4d3d174baf8a2c9583b6eb66cfb,1774401331,2026-03-25T01:15:31+00:00,0.9955,clob_prices_history
65252813896336788230617856248125123600178384752591631993072313635672275758489,0xb3d00f908d0bb0320cfb28cfb64904d9d10fb4d3d174baf8a2c9583b6eb66cfb,1774402232,2026-03-25T01:30:32+00:00,0.9955,clob_prices_history
65252813896336788230617856248125123600178384752591631993072313635672275758489,0xb3d00f908d0bb0320cfb28cfb64904d9d10fb4d3d174baf8a2c9583b6eb66cfb,1774403132,2026-03-25T01:45:32+00:00,0.9955,clob_prices_history
65252813896336788230617856248125123600178384752591631993072313635672275758489,0xb3d00f908d0bb0320cfb28cfb64904d9d10fb4d3d174baf8a2c9583b6eb66cfb,1774404035,2026-03-25T02:00:35+00:00,0.9955,clob_prices_history
65252813896336788230617856248125123600178384752591631993072313635672275758489,0xb3d00f908d0bb0320cfb28cfb64904d9d10fb4d3d174baf8a2c9583b6eb66cfb,1774404931,2026-03-25T02:15:31+00:00,0.996,clob_prices_history
65252813896336788230617856248125123600178384752591631993072313635672275758489,0xb3d00f908d0bb0320cfb28cfb64904d9d10fb4d3d174baf8a2c9583b6eb66cfb,1774405836,2026-03-25T02:30:36+00:00,0.996,clob_prices_history
65252813896336788230617856248125123600178384752591631993072313635672275758489,0xb3d00f908d0bb0320cfb28cfb64904d9d10fb4d3d174baf8a2c9583b6eb66cfb,1774406730,2026-03-25T02:45:30+00:00,0.996,clob_prices_history
65252813896336788230617856248125123600178384752591631993072313635672275758489,0xb3d00f908d0bb0320cfb28cfb64904d9d10fb4d3d174baf8a2c9583b6eb66cfb,1774407637,2026-03-25T03:00:37+00:00,0.996,clob_prices_history
65252813896336788230617856248125123600178384752591631993072313635672275758489,0xb3d00f908d0bb0320cfb28cfb64904d9d10fb4d3d174baf8a2c9583b6eb66cfb,1774408533,2026-03-25T03:15:33+00:00,0.996,clob_prices_history
65252813896336788230617856248125123600178384752591631993072313635672275758489,0xb3d00f908d0bb0320cfb28cfb64904d9d10fb4d3d174baf8a2c9583b6eb66cfb,1774409435,2026-03-25T03:30:35+00:00,0.9965,clob_prices_history
65252813896336788230617856248125123600178384752591631993072313635672275758489,0xb3d00f908d0bb0320cfb28cfb64904d9d10fb4d3d174baf8a2c9583b6eb66cfb,1774410329,2026-03-25T03:45:29+00:00,0.9965,clob_prices_history
65252813896336788230617856248125123600178384752591631993072313635672275758489,0xb3d00f908d0bb0320cfb28cfb64904d9d10fb4d3d174baf8a2c9583b6eb66cfb,1774411237,2026-03-25T04:00:37+00:00,0.996,clob_prices_history
65252813896336788230617856248125123600178384752591631993072313635672275758489,0xb3d00f908d0bb0320cfb28cfb64904d9d10fb4d3d174baf8a2c9583b6eb66cfb,1774412132,2026-03-25T04:15:32+00:00,0.996,clob_prices_history
65252813896336788230617856248125123600178384752591631993072313635672275758489,0xb3d00f908d0bb0320cfb28cfb64904d9d10fb4d3d174baf8a2c9583b6eb66cfb,1774413047,2026-03-25T04:30:47+00:00,0.996,clob_prices_history
65252813896336788230617856248125123600178384752591631993072313635672275758489,0xb3d00f908d0bb0320cfb28cfb64904d9d10fb4d3d174baf8a2c9583b6eb66cfb,1774413933,2026-03-25T04:45:33+00:00,0.996,clob_prices_history
65252813896336788230617856248125123600178384752591631993072313635672275758489,0xb3d00f908d0bb0320cfb28cfb64904d9d10fb4d3d174baf8a2c9583b6eb66cfb,1774414836,2026-03-25T05:00:36+00:00,0.996,clob_prices_history
65252813896336788230617856248125123600178384752591631993072313635672275758489,0xb3d00f908d0bb0320cfb28cfb64904d9d10fb4d3d174baf8a2c9583b6eb66cfb,1774415741,2026-03-25T05:15:41+00:00,0.9955,clob_prices_history
65252813896336788230617856248125123600178384752591631993072313635672275758489,0xb3d00f908d0bb0320cfb28cfb64904d9d10fb4d3d174baf8a2c9583b6eb66cfb,1774416636,2026-03-25T05:30:36+00:00,0.996,clob_prices_history
65252813896336788230617856248125123600178384752591631993072313635672275758489,0xb3d00f908d0bb0320cfb28cfb64904d9d10fb4d3d174baf8a2c9583b6eb66cfb,1774417530,2026-03-25T05:45:30+00:00,0.996,clob_prices_history
65252813896336788230617856248125123600178384752591631993072313635672275758489,0xb3d00f908d0bb0320cfb28cfb64904d9d10fb4d3d174baf8a2c9583b6eb66cfb,1774418441,2026-03-25T06:00:41+00:00,0.9965,clob_prices_history
65252813896336788230617856248125123600178384752591631993072313635672275758489,0xb3d00f908d0bb0320cfb28cfb64904d9d10fb4d3d174baf8a2c9583b6eb66cfb,1774419330,2026-03-25T06:15:30+00:00,0.997,clob_prices_history
65252813896336788230617856248125123600178384752591631993072313635672275758489,0xb3d00f908d0bb0320cfb28cfb64904d9d10fb4d3d174baf8a2c9583b6eb66cfb,1774420238,2026-03-25T06:30:38+00:00,0.997,clob_prices_history
65252813896336788230617856248125123600178384752591631993072313635672275758489,0xb3d00f908d0bb0320cfb28cfb64904d9d10fb4d3d174baf8a2c9583b6eb66cfb,1774421133,2026-03-25T06:45:33+00:00,0.997,clob_prices_history
65252813896336788230617856248125123600178384752591631993072313635672275758489,0xb3d00f908d0bb0320cfb28cfb64904d9d10fb4d3d174baf8a2c9583b6eb66cfb,1774422033,2026-03-25T07:00:33+00:00,0.9975,clob_prices_history
65252813896336788230617856248125123600178384752591631993072313635672275758489,0xb3d00f908d0bb0320cfb28cfb64904d9d10fb4d3d174baf8a2c9583b6eb66cfb,1774422934,2026-03-25T07:15:34+00:00,0.9975,clob_prices_history
65252813896336788230617856248125123600178384752591631993072313635672275758489,0xb3d00f908d0bb0320cfb28cfb64904d9d10fb4d3d174baf8a2c9583b6eb66cfb,1774423834,2026-03-25T07:30:34+00:00,0.997,clob_prices_history
65252813896336788230617856248125123600178384752591631993072313635672275758489,0xb3d00f908d0bb0320cfb28cfb64904d9d10fb4d3d174baf8a2c9583b6eb66cfb,1774424732,2026-03-25T07:45:32+00:00,0.997,clob_prices_history
65252813896336788230617856248125123600178384752591631993072313635672275758489,0xb3d00f908d0bb0320cfb28cfb64904d9d10fb4d3d174baf8a2c9583b6eb66cfb,1774425633,2026-03-25T08:00:33+00:00,0.9975,clob_prices_history
65252813896336788230617856248125123600178384752591631993072313635672275758489,0xb3d00f908d0bb0320cfb28cfb64904d9d10fb4d3d174baf8a2c9583b6eb66cfb,1774426532,2026-03-25T08:15:32+00:00,0.997,clob_prices_history
65252813896336788230617856248125123600178384752591631993072313635672275758489,0xb3d00f908d0bb0320cfb28cfb64904d9d10fb4d3d174baf8a2c9583b6eb66cfb,1774427432,2026-03-25T08:30:32+00:00,0.997,clob_prices_history
65252813896336788230617856248125123600178384752591631993072313635672275758489,0xb3d00f908d0bb0320cfb28cfb64904d9d10fb4d3d174baf8a2c9583b6eb66cfb,1774428332,2026-03-25T08:45:32+00:00,0.997,clob_prices_history
65252813896336788230617856248125123600178384752591631993072313635672275758489,0xb3d00f908d0bb0320cfb28cfb64904d9d10fb4d3d174baf8a2c9583b6eb66cfb,1774429240,2026-03-25T09:00:40+00:00,0.997,clob_prices_history
65252813896336788230617856248125123600178384752591631993072313635672275758489,0xb3d00f908d0bb0320cfb28cfb64904d9d10fb4d3d174baf8a2c9583b6eb66cfb,1774430133,2026-03-25T09:15:33+00:00,0.997,clob_prices_history
65252813896336788230617856248125123600178384752591631993072313635672275758489,0xb3d00f908d0bb0320cfb28cfb64904d9d10fb4d3d174baf8a2c9583b6eb66cfb,1774431037,2026-03-25T09:30:37+00:00,0.997,clob_prices_history
65252813896336788230617856248125123600178384752591631993072313635672275758489,0xb3d00f908d0bb0320cfb28cfb64904d9d10fb4d3d174baf8a2c9583b6eb66cfb,1774431933,2026-03-25T09:45:33+00:00,0.997,clob_prices_history
65252813896336788230617856248125123600178384752591631993072313635672275758489,0xb3d00f908d0bb0320cfb28cfb64904d9d10fb4d3d174baf8a2c9583b6eb66cfb,1774432838,2026-03-25T10:00:38+00:00,0.997,clob_prices_history
65252813896336788230617856248125123600178384752591631993072313635672275758489,0xb3d00f908d0bb0320cfb28cfb64904d9d10fb4d3d174baf8a2c9583b6eb66cfb,1774433730,2026-03-25T10:15:30+00:00,0.997,clob_prices_history
65252813896336788230617856248125123600178384752591631993072313635672275758489,0xb3d00f908d0bb0320cfb28cfb64904d9d10fb4d3d174baf8a2c9583b6eb66cfb,1774434635,2026-03-25T10:30:35+00:00,0.997,clob_prices_history
65252813896336788230617856248125123600178384752591631993072313635672275758489,0xb3d00f908d0bb0320cfb28cfb64904d9d10fb4d3d174baf8a2c9583b6eb66cfb,1774435532,2026-03-25T10:45:32+00:00,0.997,clob_prices_history
65252813896336788230617856248125123600178384752591631993072313635672275758489,0xb3d00f908d0bb0320cfb28cfb64904d9d10fb4d3d174baf8a2c9583b6eb66cfb,1774436439,2026-03-25T11:00:39+00:00,0.997,clob_prices_history
65252813896336788230617856248125123600178384752591631993072313635672275758489,0xb3d00f908d0bb0320cfb28cfb64904d9d10fb4d3d174baf8a2c9583b6eb66cfb,1774437330,2026-03-25T11:15:30+00:00,0.997,clob_prices_history
65252813896336788230617856248125123600178384752591631993072313635672275758489,0xb3d00f908d0bb0320cfb28cfb64904d9d10fb4d3d174baf8a2c9583b6eb66cfb,1774438235,2026-03-25T11:30:35+00:00,0.997,clob_prices_history
65252813896336788230617856248125123600178384752591631993072313635672275758489,0xb3d00f908d0bb0320cfb28cfb64904d9d10fb4d3d174baf8a2c9583b6eb66cfb,1774439132,2026-03-25T11:45:32+00:00,0.997,clob_prices_history
65252813896336788230617856248125123600178384752591631993072313635672275758489,0xb3d00f908d0bb0320cfb28cfb64904d9d10fb4d3d174baf8a2c9583b6eb66cfb,1774440046,2026-03-25T12:00:46+00:00,0.997,clob_prices_history
65252813896336788230617856248125123600178384752591631993072313635672275758489,0xb3d00f908d0bb0320cfb28cfb64904d9d10fb4d3d174baf8a2c9583b6eb66cfb,1774440935,2026-03-25T12:15:35+00:00,0.997,clob_prices_history
65252813896336788230617856248125123600178384752591631993072313635672275758489,0xb3d00f908d0bb0320cfb28cfb64904d9d10fb4d3d174baf8a2c9583b6eb66cfb,1774441840,2026-03-25T12:30:40+00:00,0.997,clob_prices_history
65252813896336788230617856248125123600178384752591631993072313635672275758489,0xb3d00f908d0bb0320cfb28cfb64904d9d10fb4d3d174baf8a2c9583b6eb66cfb,1774442731,2026-03-25T12:45:31+00:00,0.997,clob_prices_history
65252813896336788230617856248125123600178384752591631993072313635672275758489,0xb3d00f908d0bb0320cfb28cfb64904d9d10fb4d3d174baf8a2c9583b6eb66cfb,1774443638,2026-03-25T13:00:38+00:00,0.997,clob_prices_history
65252813896336788230617856248125123600178384752591631993072313635672275758489,0xb3d00f908d0bb0320cfb28cfb64904d9d10fb4d3d174baf8a2c9583b6eb66cfb,1774444532,2026-03-25T13:15:32+00:00,0.997,clob_prices_history
65252813896336788230617856248125123600178384752591631993072313635672275758489,0xb3d00f908d0bb0320cfb28cfb64904d9d10fb4d3d174baf8a2c9583b6eb66cfb,1774445442,2026-03-25T13:30:42+00:00,0.997,clob_prices_history
65252813896336788230617856248125123600178384752591631993072313635672275758489,0xb3d00f908d0bb0320cfb28cfb64904d9d10fb4d3d174baf8a2c9583b6eb66cfb,1774446333,2026-03-25T13:45:33+00:00,0.997,clob_prices_history
65252813896336788230617856248125123600178384752591631993072313635672275758489,0xb3d00f908d0bb0320cfb28cfb64904d9d10fb4d3d174baf8a2c9583b6eb66cfb,1774447247,2026-03-25T14:00:47+00:00,0.997,clob_prices_history
65252813896336788230617856248125123600178384752591631993072313635672275758489,0xb3d00f908d0bb0320cfb28cfb64904d9d10fb4d3d174baf8a2c9583b6eb66cfb,1774448137,2026-03-25T14:15:37+00:00,0.997,clob_prices_history
65252813896336788230617856248125123600178384752591631993072313635672275758489,0xb3d00f908d0bb0320cfb28cfb64904d9d10fb4d3d174baf8a2c9583b6eb66cfb,1774449040,2026-03-25T14:30:40+00:00,0.997,clob_prices_history
65252813896336788230617856248125123600178384752591631993072313635672275758489,0xb3d00f908d0bb0320cfb28cfb64904d9d10fb4d3d174baf8a2c9583b6eb66cfb,1774449933,2026-03-25T14:45:33+00:00,0.9975,clob_prices_history
65252813896336788230617856248125123600178384752591631993072313635672275758489,0xb3d00f908d0bb0320cfb28cfb64904d9d10fb4d3d174baf8a2c9583b6eb66cfb,1774450843,2026-03-25T15:00:43+00:00,0.9975,clob_prices_history
65252813896336788230617856248125123600178384752591631993072313635672275758489,0xb3d00f908d0bb0320cfb28cfb64904d9d10fb4d3d174baf8a2c9583b6eb66cfb,1774451733,2026-03-25T15:15:33+00:00,0.9975,clob_prices_history
65252813896336788230617856248125123600178384752591631993072313635672275758489,0xb3d00f908d0bb0320cfb28cfb64904d9d10fb4d3d174baf8a2c9583b6eb66cfb,1774452637,2026-03-25T15:30:37+00:00,0.9975,clob_prices_history
65252813896336788230617856248125123600178384752591631993072313635672275758489,0xb3d00f908d0bb0320cfb28cfb64904d9d10fb4d3d174baf8a2c9583b6eb66cfb,1774453533,2026-03-25T15:45:33+00:00,0.9975,clob_prices_history
65252813896336788230617856248125123600178384752591631993072313635672275758489,0xb3d00f908d0bb0320cfb28cfb64904d9d10fb4d3d174baf8a2c9583b6eb66cfb,1774454438,2026-03-25T16:00:38+00:00,0.9975,clob_prices_history
65252813896336788230617856248125123600178384752591631993072313635672275758489,0xb3d00f908d0bb0320cfb28cfb64904d9d10fb4d3d174baf8a2c9583b6eb66cfb,1774455349,2026-03-25T16:15:49+00:00,0.9975,clob_prices_history
65252813896336788230617856248125123600178384752591631993072313635672275758489,0xb3d00f908d0bb0320cfb28cfb64904d9d10fb4d3d174baf8a2c9583b6eb66cfb,1774456234,2026-03-25T16:30:34+00:00,0.9975,clob_prices_history
65252813896336788230617856248125123600178384752591631993072313635672275758489,0xb3d00f908d0bb0320cfb28cfb64904d9d10fb4d3d174baf8a2c9583b6eb66cfb,1774457132,2026-03-25T16:45:32+00:00,0.9975,clob_prices_history
65252813896336788230617856248125123600178384752591631993072313635672275758489,0xb3d00f908d0bb0320cfb28cfb64904d9d10fb4d3d174baf8a2c9583b6eb66cfb,1774458035,2026-03-25T17:00:35+00:00,0.9975,clob_prices_history
65252813896336788230617856248125123600178384752591631993072313635672275758489,0xb3d00f908d0bb0320cfb28cfb64904d9d10fb4d3d174baf8a2c9583b6eb66cfb,1774458932,2026-03-25T17:15:32+00:00,0.9975,clob_prices_history
65252813896336788230617856248125123600178384752591631993072313635672275758489,0xb3d00f908d0bb0320cfb28cfb64904d9d10fb4d3d174baf8a2c9583b6eb66cfb,1774459835,2026-03-25T17:30:35+00:00,0.9975,clob_prices_history
65252813896336788230617856248125123600178384752591631993072313635672275758489,0xb3d00f908d0bb0320cfb28cfb64904d9d10fb4d3d174baf8a2c9583b6eb66cfb,1774460733,2026-03-25T17:45:33+00:00,0.9975,clob_prices_history
65252813896336788230617856248125123600178384752591631993072313635672275758489,0xb3d00f908d0bb0320cfb28cfb64904d9d10fb4d3d174baf8a2c9583b6eb66cfb,1774461644,2026-03-25T18:00:44+00:00,0.9975,clob_prices_history
65252813896336788230617856248125123600178384752591631993072313635672275758489,0xb3d00f908d0bb0320cfb28cfb64904d9d10fb4d3d174baf8a2c9583b6eb66cfb,1774462533,2026-03-25T18:15:33+00:00,0.9975,clob_prices_history
65252813896336788230617856248125123600178384752591631993072313635672275758489,0xb3d00f908d0bb0320cfb28cfb64904d9d10fb4d3d174baf8a2c9583b6eb66cfb,1774463447,2026-03-25T18:30:47+00:00,0.9975,clob_prices_history
65252813896336788230617856248125123600178384752591631993072313635672275758489,0xb3d00f908d0bb0320cfb28cfb64904d9d10fb4d3d174baf8a2c9583b6eb66cfb,1774464343,2026-03-25T18:45:43+00:00,0.9975,clob_prices_history
65252813896336788230617856248125123600178384752591631993072313635672275758489,0xb3d00f908d0bb0320cfb28cfb64904d9d10fb4d3d174baf8a2c9583b6eb66cfb,1774465237,2026-03-25T19:00:37+00:00,0.9975,clob_prices_history
65252813896336788230617856248125123600178384752591631993072313635672275758489,0xb3d00f908d0bb0320cfb28cfb64904d9d10fb4d3d174baf8a2c9583b6eb66cfb,1774466134,2026-03-25T19:15:34+00:00,0.9975,clob_prices_history
65252813896336788230617856248125123600178384752591631993072313635672275758489,0xb3d00f908d0bb0320cfb28cfb64904d9d10fb4d3d174baf8a2c9583b6eb66cfb,1774467037,2026-03-25T19:30:37+00:00,0.9975,clob_prices_history
65252813896336788230617856248125123600178384752591631993072313635672275758489,0xb3d00f908d0bb0320cfb28cfb64904d9d10fb4d3d174baf8a2c9583b6eb66cfb,1774467936,2026-03-25T19:45:36+00:00,0.9975,clob_prices_history
65252813896336788230617856248125123600178384752591631993072313635672275758489,0xb3d00f908d0bb0320cfb28cfb64904d9d10fb4d3d174baf8a2c9583b6eb66cfb,1774468838,2026-03-25T20:00:38+00:00,0.9975,clob_prices_history
65252813896336788230617856248125123600178384752591631993072313635672275758489,0xb3d00f908d0bb0320cfb28cfb64904d9d10fb4d3d174baf8a2c9583b6eb66cfb,1774469732,2026-03-25T20:15:32+00:00,0.9975,clob_prices_history
65252813896336788230617856248125123600178384752591631993072313635672275758489,0xb3d00f908d0bb0320cfb28cfb64904d9d10fb4d3d174baf8a2c9583b6eb66cfb,1774470639,2026-03-25T20:30:39+00:00,0.9975,clob_prices_history
65252813896336788230617856248125123600178384752591631993072313635672275758489,0xb3d00f908d0bb0320cfb28cfb64904d9d10fb4d3d174baf8a2c9583b6eb66cfb,1774471530,2026-03-25T20:45:30+00:00,0.9975,clob_prices_history
65252813896336788230617856248125123600178384752591631993072313635672275758489,0xb3d00f908d0bb0320cfb28cfb64904d9d10fb4d3d174baf8a2c9583b6eb66cfb,1774472440,2026-03-25T21:00:40+00:00,0.9975,clob_prices_history
65252813896336788230617856248125123600178384752591631993072313635672275758489,0xb3d00f908d0bb0320cfb28cfb64904d9d10fb4d3d174baf8a2c9583b6eb66cfb,1774473328,2026-03-25T21:15:28+00:00,0.9975,clob_prices_history
65252813896336788230617856248125123600178384752591631993072313635672275758489,0xb3d00f908d0bb0320cfb28cfb64904d9d10fb4d3d174baf8a2c9583b6eb66cfb,1774474233,2026-03-25T21:30:33+00:00,0.9975,clob_prices_history
65252813896336788230617856248125123600178384752591631993072313635672275758489,0xb3d00f908d0bb0320cfb28cfb64904d9d10fb4d3d174baf8a2c9583b6eb66cfb,1774475129,2026-03-25T21:45:29+00:00,0.9975,clob_prices_history
65252813896336788230617856248125123600178384752591631993072313635672275758489,0xb3d00f908d0bb0320cfb28cfb64904d9d10fb4d3d174baf8a2c9583b6eb66cfb,1774476034,2026-03-25T22:00:34+00:00,0.9975,clob_prices_history
65252813896336788230617856248125123600178384752591631993072313635672275758489,0xb3d00f908d0bb0320cfb28cfb64904d9d10fb4d3d174baf8a2c9583b6eb66cfb,1774476933,2026-03-25T22:15:33+00:00,0.9975,clob_prices_history
65252813896336788230617856248125123600178384752591631993072313635672275758489,0xb3d00f908d0bb0320cfb28cfb64904d9d10fb4d3d174baf8a2c9583b6eb66cfb,1774477848,2026-03-25T22:30:48+00:00,0.9975,clob_prices_history
65252813896336788230617856248125123600178384752591631993072313635672275758489,0xb3d00f908d0bb0320cfb28cfb64904d9d10fb4d3d174baf8a2c9583b6eb66cfb,1774478733,2026-03-25T22:45:33+00:00,0.9975,clob_prices_history
65252813896336788230617856248125123600178384752591631993072313635672275758489,0xb3d00f908d0bb0320cfb28cfb64904d9d10fb4d3d174baf8a2c9583b6eb66cfb,1774479635,2026-03-25T23:00:35+00:00,0.9975,clob_prices_history
65252813896336788230617856248125123600178384752591631993072313635672275758489,0xb3d00f908d0bb0320cfb28cfb64904d9d10fb4d3d174baf8a2c9583b6eb66cfb,1774480532,2026-03-25T23:15:32+00:00,0.9975,clob_prices_history
65252813896336788230617856248125123600178384752591631993072313635672275758489,0xb3d00f908d0bb0320cfb28cfb64904d9d10fb4d3d174baf8a2c9583b6eb66cfb,1774481452,2026-03-25T23:30:52+00:00,0.9975,clob_prices_history
65252813896336788230617856248125123600178384752591631993072313635672275758489,0xb3d00f908d0bb0320cfb28cfb64904d9d10fb4d3d174baf8a2c9583b6eb66cfb,1774482333,2026-03-25T23:45:33+00:00,0.9975,clob_prices_history
65252813896336788230617856248125123600178384752591631993072313635672275758489,0xb3d00f908d0bb0320cfb28cfb64904d9d10fb4d3d174baf8a2c9583b6eb66cfb,1774483248,2026-03-26T00:00:48+00:00,0.9975,clob_prices_history
65252813896336788230617856248125123600178384752591631993072313635672275758489,0xb3d00f908d0bb0320cfb28cfb64904d9d10fb4d3d174baf8a2c9583b6eb66cfb,1774484133,2026-03-26T00:15:33+00:00,0.9975,clob_prices_history
65252813896336788230617856248125123600178384752591631993072313635672275758489,0xb3d00f908d0bb0320cfb28cfb64904d9d10fb4d3d174baf8a2c9583b6eb66cfb,1774485033,2026-03-26T00:30:33+00:00,0.9975,clob_prices_history
65252813896336788230617856248125123600178384752591631993072313635672275758489,0xb3d00f908d0bb0320cfb28cfb64904d9d10fb4d3d174baf8a2c9583b6eb66cfb,1774485931,2026-03-26T00:45:31+00:00,0.9975,clob_prices_history
65252813896336788230617856248125123600178384752591631993072313635672275758489,0xb3d00f908d0bb0320cfb28cfb64904d9d10fb4d3d174baf8a2c9583b6eb66cfb,1774486839,2026-03-26T01:00:39+00:00,0.9975,clob_prices_history
65252813896336788230617856248125123600178384752591631993072313635672275758489,0xb3d00f908d0bb0320cfb28cfb64904d9d10fb4d3d174baf8a2c9583b6eb66cfb,1774487732,2026-03-26T01:15:32+00:00,0.9975,clob_prices_history
65252813896336788230617856248125123600178384752591631993072313635672275758489,0xb3d00f908d0bb0320cfb28cfb64904d9d10fb4d3d174baf8a2c9583b6eb66cfb,1774488642,2026-03-26T01:30:42+00:00,0.9975,clob_prices_history
65252813896336788230617856248125123600178384752591631993072313635672275758489,0xb3d00f908d0bb0320cfb28cfb64904d9d10fb4d3d174baf8a2c9583b6eb66cfb,1774489544,2026-03-26T01:45:44+00:00,0.9975,clob_prices_history
65252813896336788230617856248125123600178384752591631993072313635672275758489,0xb3d00f908d0bb0320cfb28cfb64904d9d10fb4d3d174baf8a2c9583b6eb66cfb,1774490436,2026-03-26T02:00:36+00:00,0.9975,clob_prices_history
65252813896336788230617856248125123600178384752591631993072313635672275758489,0xb3d00f908d0bb0320cfb28cfb64904d9d10fb4d3d174baf8a2c9583b6eb66cfb,1774491329,2026-03-26T02:15:29+00:00,0.9975,clob_prices_history
65252813896336788230617856248125123600178384752591631993072313635672275758489,0xb3d00f908d0bb0320cfb28cfb64904d9d10fb4d3d174baf8a2c9583b6eb66cfb,1774492238,2026-03-26T02:30:38+00:00,0.9975,clob_prices_history
65252813896336788230617856248125123600178384752591631993072313635672275758489,0xb3d00f908d0bb0320cfb28cfb64904d9d10fb4d3d174baf8a2c9583b6eb66cfb,1774493132,2026-03-26T02:45:32+00:00,0.9975,clob_prices_history
65252813896336788230617856248125123600178384752591631993072313635672275758489,0xb3d00f908d0bb0320cfb28cfb64904d9d10fb4d3d174baf8a2c9583b6eb66cfb,1774494043,2026-03-26T03:00:43+00:00,0.9975,clob_prices_history
65252813896336788230617856248125123600178384752591631993072313635672275758489,0xb3d00f908d0bb0320cfb28cfb64904d9d10fb4d3d174baf8a2c9583b6eb66cfb,1774494931,2026-03-26T03:15:31+00:00,0.9975,clob_prices_history
65252813896336788230617856248125123600178384752591631993072313635672275758489,0xb3d00f908d0bb0320cfb28cfb64904d9d10fb4d3d174baf8a2c9583b6eb66cfb,1774495838,2026-03-26T03:30:38+00:00,0.9975,clob_prices_history
65252813896336788230617856248125123600178384752591631993072313635672275758489,0xb3d00f908d0bb0320cfb28cfb64904d9d10fb4d3d174baf8a2c9583b6eb66cfb,1774496731,2026-03-26T03:45:31+00:00,0.9975,clob_prices_history
65252813896336788230617856248125123600178384752591631993072313635672275758489,0xb3d00f908d0bb0320cfb28cfb64904d9d10fb4d3d174baf8a2c9583b6eb66cfb,1774497639,2026-03-26T04:00:39+00:00,0.9975,clob_prices_history
65252813896336788230617856248125123600178384752591631993072313635672275758489,0xb3d00f908d0bb0320cfb28cfb64904d9d10fb4d3d174baf8a2c9583b6eb66cfb,1774498530,2026-03-26T04:15:30+00:00,0.9975,clob_prices_history
65252813896336788230617856248125123600178384752591631993072313635672275758489,0xb3d00f908d0bb0320cfb28cfb64904d9d10fb4d3d174baf8a2c9583b6eb66cfb,1774499438,2026-03-26T04:30:38+00:00,0.9975,clob_prices_history
65252813896336788230617856248125123600178384752591631993072313635672275758489,0xb3d00f908d0bb0320cfb28cfb64904d9d10fb4d3d174baf8a2c9583b6eb66cfb,1774500340,2026-03-26T04:45:40+00:00,0.9975,clob_prices_history
65252813896336788230617856248125123600178384752591631993072313635672275758489,0xb3d00f908d0bb0320cfb28cfb64904d9d10fb4d3d174baf8a2c9583b6eb66cfb,1774501235,2026-03-26T05:00:35+00:00,0.9975,clob_prices_history
65252813896336788230617856248125123600178384752591631993072313635672275758489,0xb3d00f908d0bb0320cfb28cfb64904d9d10fb4d3d174baf8a2c9583b6eb66cfb,1774502134,2026-03-26T05:15:34+00:00,0.9975,clob_prices_history
65252813896336788230617856248125123600178384752591631993072313635672275758489,0xb3d00f908d0bb0320cfb28cfb64904d9d10fb4d3d174baf8a2c9583b6eb66cfb,1774503038,2026-03-26T05:30:38+00:00,0.9975,clob_prices_history
65252813896336788230617856248125123600178384752591631993072313635672275758489,0xb3d00f908d0bb0320cfb28cfb64904d9d10fb4d3d174baf8a2c9583b6eb66cfb,1774503934,2026-03-26T05:45:34+00:00,0.9975,clob_prices_history
65252813896336788230617856248125123600178384752591631993072313635672275758489,0xb3d00f908d0bb0320cfb28cfb64904d9d10fb4d3d174baf8a2c9583b6eb66cfb,1774504846,2026-03-26T06:00:46+00:00,0.9975,clob_prices_history
65252813896336788230617856248125123600178384752591631993072313635672275758489,0xb3d00f908d0bb0320cfb28cfb64904d9d10fb4d3d174baf8a2c9583b6eb66cfb,1774505732,2026-03-26T06:15:32+00:00,0.9975,clob_prices_history
65252813896336788230617856248125123600178384752591631993072313635672275758489,0xb3d00f908d0bb0320cfb28cfb64904d9d10fb4d3d174baf8a2c9583b6eb66cfb,1774506638,2026-03-26T06:30:38+00:00,0.9975,clob_prices_history
65252813896336788230617856248125123600178384752591631993072313635672275758489,0xb3d00f908d0bb0320cfb28cfb64904d9d10fb4d3d174baf8a2c9583b6eb66cfb,1774507528,2026-03-26T06:45:28+00:00,0.9975,clob_prices_history
65252813896336788230617856248125123600178384752591631993072313635672275758489,0xb3d00f908d0bb0320cfb28cfb64904d9d10fb4d3d174baf8a2c9583b6eb66cfb,1774508448,2026-03-26T07:00:48+00:00,0.9975,clob_prices_history
65252813896336788230617856248125123600178384752591631993072313635672275758489,0xb3d00f908d0bb0320cfb28cfb64904d9d10fb4d3d174baf8a2c9583b6eb66cfb,1774509329,2026-03-26T07:15:29+00:00,0.9975,clob_prices_history
65252813896336788230617856248125123600178384752591631993072313635672275758489,0xb3d00f908d0bb0320cfb28cfb64904d9d10fb4d3d174baf8a2c9583b6eb66cfb,1774510239,2026-03-26T07:30:39+00:00,0.9975,clob_prices_history
65252813896336788230617856248125123600178384752591631993072313635672275758489,0xb3d00f908d0bb0320cfb28cfb64904d9d10fb4d3d174baf8a2c9583b6eb66cfb,1774511129,2026-03-26T07:45:29+00:00,0.9975,clob_prices_history
65252813896336788230617856248125123600178384752591631993072313635672275758489,0xb3d00f908d0bb0320cfb28cfb64904d9d10fb4d3d174baf8a2c9583b6eb66cfb,1774512041,2026-03-26T08:00:41+00:00,0.9975,clob_prices_history
65252813896336788230617856248125123600178384752591631993072313635672275758489,0xb3d00f908d0bb0320cfb28cfb64904d9d10fb4d3d174baf8a2c9583b6eb66cfb,1774512932,2026-03-26T08:15:32+00:00,0.9975,clob_prices_history
65252813896336788230617856248125123600178384752591631993072313635672275758489,0xb3d00f908d0bb0320cfb28cfb64904d9d10fb4d3d174baf8a2c9583b6eb66cfb,1774513833,2026-03-26T08:30:33+00:00,0.9975,clob_prices_history
65252813896336788230617856248125123600178384752591631993072313635672275758489,0xb3d00f908d0bb0320cfb28cfb64904d9d10fb4d3d174baf8a2c9583b6eb66cfb,1774514731,2026-03-26T08:45:31+00:00,0.9975,clob_prices_history
65252813896336788230617856248125123600178384752591631993072313635672275758489,0xb3d00f908d0bb0320cfb28cfb64904d9d10fb4d3d174baf8a2c9583b6eb66cfb,1774515639,2026-03-26T09:00:39+00:00,0.9975,clob_prices_history
65252813896336788230617856248125123600178384752591631993072313635672275758489,0xb3d00f908d0bb0320cfb28cfb64904d9d10fb4d3d174baf8a2c9583b6eb66cfb,1774516532,2026-03-26T09:15:32+00:00,0.9975,clob_prices_history
65252813896336788230617856248125123600178384752591631993072313635672275758489,0xb3d00f908d0bb0320cfb28cfb64904d9d10fb4d3d174baf8a2c9583b6eb66cfb,1774517433,2026-03-26T09:30:33+00:00,0.9975,clob_prices_history
65252813896336788230617856248125123600178384752591631993072313635672275758489,0xb3d00f908d0bb0320cfb28cfb64904d9d10fb4d3d174baf8a2c9583b6eb66cfb,1774518333,2026-03-26T09:45:33+00:00,0.9975,clob_prices_history
65252813896336788230617856248125123600178384752591631993072313635672275758489,0xb3d00f908d0bb0320cfb28cfb64904d9d10fb4d3d174baf8a2c9583b6eb66cfb,1774519242,2026-03-26T10:00:42+00:00,0.9975,clob_prices_history
65252813896336788230617856248125123600178384752591631993072313635672275758489,0xb3d00f908d0bb0320cfb28cfb64904d9d10fb4d3d174baf8a2c9583b6eb66cfb,1774520132,2026-03-26T10:15:32+00:00,0.9975,clob_prices_history
65252813896336788230617856248125123600178384752591631993072313635672275758489,0xb3d00f908d0bb0320cfb28cfb64904d9d10fb4d3d174baf8a2c9583b6eb66cfb,1774521035,2026-03-26T10:30:35+00:00,0.9975,clob_prices_history
65252813896336788230617856248125123600178384752591631993072313635672275758489,0xb3d00f908d0bb0320cfb28cfb64904d9d10fb4d3d174baf8a2c9583b6eb66cfb,1774521933,2026-03-26T10:45:33+00:00,0.9975,clob_prices_history
65252813896336788230617856248125123600178384752591631993072313635672275758489,0xb3d00f908d0bb0320cfb28cfb64904d9d10fb4d3d174baf8a2c9583b6eb66cfb,1774522832,2026-03-26T11:00:32+00:00,0.9975,clob_prices_history
65252813896336788230617856248125123600178384752591631993072313635672275758489,0xb3d00f908d0bb0320cfb28cfb64904d9d10fb4d3d174baf8a2c9583b6eb66cfb,1774523730,2026-03-26T11:15:30+00:00,0.9975,clob_prices_history
65252813896336788230617856248125123600178384752591631993072313635672275758489,0xb3d00f908d0bb0320cfb28cfb64904d9d10fb4d3d174baf8a2c9583b6eb66cfb,1774524634,2026-03-26T11:30:34+00:00,0.9975,clob_prices_history
65252813896336788230617856248125123600178384752591631993072313635672275758489,0xb3d00f908d0bb0320cfb28cfb64904d9d10fb4d3d174baf8a2c9583b6eb66cfb,1774525532,2026-03-26T11:45:32+00:00,0.9975,clob_prices_history
65252813896336788230617856248125123600178384752591631993072313635672275758489,0xb3d00f908d0bb0320cfb28cfb64904d9d10fb4d3d174baf8a2c9583b6eb66cfb,1774526458,2026-03-26T12:00:58+00:00,0.9975,clob_prices_history
65252813896336788230617856248125123600178384752591631993072313635672275758489,0xb3d00f908d0bb0320cfb28cfb64904d9d10fb4d3d174baf8a2c9583b6eb66cfb,1774527331,2026-03-26T12:15:31+00:00,0.9975,clob_prices_history
65252813896336788230617856248125123600178384752591631993072313635672275758489,0xb3d00f908d0bb0320cfb28cfb64904d9d10fb4d3d174baf8a2c9583b6eb66cfb,1774528251,2026-03-26T12:30:51+00:00,0.9975,clob_prices_history
65252813896336788230617856248125123600178384752591631993072313635672275758489,0xb3d00f908d0bb0320cfb28cfb64904d9d10fb4d3d174baf8a2c9583b6eb66cfb,1774529130,2026-03-26T12:45:30+00:00,0.9975,clob_prices_history
65252813896336788230617856248125123600178384752591631993072313635672275758489,0xb3d00f908d0bb0320cfb28cfb64904d9d10fb4d3d174baf8a2c9583b6eb66cfb,1774530050,2026-03-26T13:00:50+00:00,0.9975,clob_prices_history
65252813896336788230617856248125123600178384752591631993072313635672275758489,0xb3d00f908d0bb0320cfb28cfb64904d9d10fb4d3d174baf8a2c9583b6eb66cfb,1774530932,2026-03-26T13:15:32+00:00,0.9975,clob_prices_history
65252813896336788230617856248125123600178384752591631993072313635672275758489,0xb3d00f908d0bb0320cfb28cfb64904d9d10fb4d3d174baf8a2c9583b6eb66cfb,1774531839,2026-03-26T13:30:39+00:00,0.9975,clob_prices_history
65252813896336788230617856248125123600178384752591631993072313635672275758489,0xb3d00f908d0bb0320cfb28cfb64904d9d10fb4d3d174baf8a2c9583b6eb66cfb,1774532732,2026-03-26T13:45:32+00:00,0.9975,clob_prices_history
65252813896336788230617856248125123600178384752591631993072313635672275758489,0xb3d00f908d0bb0320cfb28cfb64904d9d10fb4d3d174baf8a2c9583b6eb66cfb,1774533639,2026-03-26T14:00:39+00:00,0.9975,clob_prices_history
65252813896336788230617856248125123600178384752591631993072313635672275758489,0xb3d00f908d0bb0320cfb28cfb64904d9d10fb4d3d174baf8a2c9583b6eb66cfb,1774534532,2026-03-26T14:15:32+00:00,0.9975,clob_prices_history
65252813896336788230617856248125123600178384752591631993072313635672275758489,0xb3d00f908d0bb0320cfb28cfb64904d9d10fb4d3d174baf8a2c9583b6eb66cfb,1774535435,2026-03-26T14:30:35+00:00,0.9975,clob_prices_history
65252813896336788230617856248125123600178384752591631993072313635672275758489,0xb3d00f908d0bb0320cfb28cfb64904d9d10fb4d3d174baf8a2c9583b6eb66cfb,1774536331,2026-03-26T14:45:31+00:00,0.9965,clob_prices_history
65252813896336788230617856248125123600178384752591631993072313635672275758489,0xb3d00f908d0bb0320cfb28cfb64904d9d10fb4d3d174baf8a2c9583b6eb66cfb,1774537243,2026-03-26T15:00:43+00:00,0.9965,clob_prices_history
65252813896336788230617856248125123600178384752591631993072313635672275758489,0xb3d00f908d0bb0320cfb28cfb64904d9d10fb4d3d174baf8a2c9583b6eb66cfb,1774538131,2026-03-26T15:15:31+00:00,0.9965,clob_prices_history
65252813896336788230617856248125123600178384752591631993072313635672275758489,0xb3d00f908d0bb0320cfb28cfb64904d9d10fb4d3d174baf8a2c9583b6eb66cfb,1774539035,2026-03-26T15:30:35+00:00,0.9965,clob_prices_history
65252813896336788230617856248125123600178384752591631993072313635672275758489,0xb3d00f908d0bb0320cfb28cfb64904d9d10fb4d3d174baf8a2c9583b6eb66cfb,1774539930,2026-03-26T15:45:30+00:00,0.9965,clob_prices_history
65252813896336788230617856248125123600178384752591631993072313635672275758489,0xb3d00f908d0bb0320cfb28cfb64904d9d10fb4d3d174baf8a2c9583b6eb66cfb,1774540842,2026-03-26T16:00:42+00:00,0.9965,clob_prices_history
65252813896336788230617856248125123600178384752591631993072313635672275758489,0xb3d00f908d0bb0320cfb28cfb64904d9d10fb4d3d174baf8a2c9583b6eb66cfb,1774541729,2026-03-26T16:15:29+00:00,0.9965,clob_prices_history
65252813896336788230617856248125123600178384752591631993072313635672275758489,0xb3d00f908d0bb0320cfb28cfb64904d9d10fb4d3d174baf8a2c9583b6eb66cfb,1774542635,2026-03-26T16:30:35+00:00,0.9965,clob_prices_history
65252813896336788230617856248125123600178384752591631993072313635672275758489,0xb3d00f908d0bb0320cfb28cfb64904d9d10fb4d3d174baf8a2c9583b6eb66cfb,1774543533,2026-03-26T16:45:33+00:00,0.9965,clob_prices_history
65252813896336788230617856248125123600178384752591631993072313635672275758489,0xb3d00f908d0bb0320cfb28cfb64904d9d10fb4d3d174baf8a2c9583b6eb66cfb,1774545332,2026-03-26T17:15:32+00:00,0.9965,clob_prices_history
65252813896336788230617856248125123600178384752591631993072313635672275758489,0xb3d00f908d0bb0320cfb28cfb64904d9d10fb4d3d174baf8a2c9583b6eb66cfb,1774547131,2026-03-26T17:45:31+00:00,0.9965,clob_prices_history
65252813896336788230617856248125123600178384752591631993072313635672275758489,0xb3d00f908d0bb0320cfb28cfb64904d9d10fb4d3d174baf8a2c9583b6eb66cfb,1774548043,2026-03-26T18:00:43+00:00,0.9965,clob_prices_history
65252813896336788230617856248125123600178384752591631993072313635672275758489,0xb3d00f908d0bb0320cfb28cfb64904d9d10fb4d3d174baf8a2c9583b6eb66cfb,1774548940,2026-03-26T18:15:40+00:00,0.9965,clob_prices_history
65252813896336788230617856248125123600178384752591631993072313635672275758489,0xb3d00f908d0bb0320cfb28cfb64904d9d10fb4d3d174baf8a2c9583b6eb66cfb,1774549832,2026-03-26T18:30:32+00:00,0.9965,clob_prices_history
65252813896336788230617856248125123600178384752591631993072313635672275758489,0xb3d00f908d0bb0320cfb28cfb64904d9d10fb4d3d174baf8a2c9583b6eb66cfb,1774550729,2026-03-26T18:45:29+00:00,0.9965,clob_prices_history
65252813896336788230617856248125123600178384752591631993072313635672275758489,0xb3d00f908d0bb0320cfb28cfb64904d9d10fb4d3d174baf8a2c9583b6eb66cfb,1774551632,2026-03-26T19:00:32+00:00,0.9965,clob_prices_history
65252813896336788230617856248125123600178384752591631993072313635672275758489,0xb3d00f908d0bb0320cfb28cfb64904d9d10fb4d3d174baf8a2c9583b6eb66cfb,1774552531,2026-03-26T19:15:31+00:00,0.9965,clob_prices_history
65252813896336788230617856248125123600178384752591631993072313635672275758489,0xb3d00f908d0bb0320cfb28cfb64904d9d10fb4d3d174baf8a2c9583b6eb66cfb,1774553432,2026-03-26T19:30:32+00:00,0.9965,clob_prices_history
65252813896336788230617856248125123600178384752591631993072313635672275758489,0xb3d00f908d0bb0320cfb28cfb64904d9d10fb4d3d174baf8a2c9583b6eb66cfb,1774554328,2026-03-26T19:45:28+00:00,0.9965,clob_prices_history
65252813896336788230617856248125123600178384752591631993072313635672275758489,0xb3d00f908d0bb0320cfb28cfb64904d9d10fb4d3d174baf8a2c9583b6eb66cfb,1774555232,2026-03-26T20:00:32+00:00,0.9965,clob_prices_history
65252813896336788230617856248125123600178384752591631993072313635672275758489,0xb3d00f908d0bb0320cfb28cfb64904d9d10fb4d3d174baf8a2c9583b6eb66cfb,1774556127,2026-03-26T20:15:27+00:00,0.9965,clob_prices_history
65252813896336788230617856248125123600178384752591631993072313635672275758489,0xb3d00f908d0bb0320cfb28cfb64904d9d10fb4d3d174baf8a2c9583b6eb66cfb,1774557031,2026-03-26T20:30:31+00:00,0.9965,clob_prices_history
65252813896336788230617856248125123600178384752591631993072313635672275758489,0xb3d00f908d0bb0320cfb28cfb64904d9d10fb4d3d174baf8a2c9583b6eb66cfb,1774557924,2026-03-26T20:45:24+00:00,0.9965,clob_prices_history
65252813896336788230617856248125123600178384752591631993072313635672275758489,0xb3d00f908d0bb0320cfb28cfb64904d9d10fb4d3d174baf8a2c9583b6eb66cfb,1774558834,2026-03-26T21:00:34+00:00,0.9965,clob_prices_history
65252813896336788230617856248125123600178384752591631993072313635672275758489,0xb3d00f908d0bb0320cfb28cfb64904d9d10fb4d3d174baf8a2c9583b6eb66cfb,1774559725,2026-03-26T21:15:25+00:00,0.9965,clob_prices_history
65252813896336788230617856248125123600178384752591631993072313635672275758489,0xb3d00f908d0bb0320cfb28cfb64904d9d10fb4d3d174baf8a2c9583b6eb66cfb,1774560629,2026-03-26T21:30:29+00:00,0.9965,clob_prices_history
65252813896336788230617856248125123600178384752591631993072313635672275758489,0xb3d00f908d0bb0320cfb28cfb64904d9d10fb4d3d174baf8a2c9583b6eb66cfb,1774561528,2026-03-26T21:45:28+00:00,0.9965,clob_prices_history
65252813896336788230617856248125123600178384752591631993072313635672275758489,0xb3d00f908d0bb0320cfb28cfb64904d9d10fb4d3d174baf8a2c9583b6eb66cfb,1774562432,2026-03-26T22:00:32+00:00,0.9965,clob_prices_history
65252813896336788230617856248125123600178384752591631993072313635672275758489,0xb3d00f908d0bb0320cfb28cfb64904d9d10fb4d3d174baf8a2c9583b6eb66cfb,1774563330,2026-03-26T22:15:30+00:00,0.9965,clob_prices_history
65252813896336788230617856248125123600178384752591631993072313635672275758489,0xb3d00f908d0bb0320cfb28cfb64904d9d10fb4d3d174baf8a2c9583b6eb66cfb,1774564231,2026-03-26T22:30:31+00:00,0.9965,clob_prices_history
65252813896336788230617856248125123600178384752591631993072313635672275758489,0xb3d00f908d0bb0320cfb28cfb64904d9d10fb4d3d174baf8a2c9583b6eb66cfb,1774565125,2026-03-26T22:45:25+00:00,0.9965,clob_prices_history
65252813896336788230617856248125123600178384752591631993072313635672275758489,0xb3d00f908d0bb0320cfb28cfb64904d9d10fb4d3d174baf8a2c9583b6eb66cfb,1774566029,2026-03-26T23:00:29+00:00,0.9965,clob_prices_history
65252813896336788230617856248125123600178384752591631993072313635672275758489,0xb3d00f908d0bb0320cfb28cfb64904d9d10fb4d3d174baf8a2c9583b6eb66cfb,1774566926,2026-03-26T23:15:26+00:00,0.9965,clob_prices_history
65252813896336788230617856248125123600178384752591631993072313635672275758489,0xb3d00f908d0bb0320cfb28cfb64904d9d10fb4d3d174baf8a2c9583b6eb66cfb,1774567831,2026-03-26T23:30:31+00:00,0.9965,clob_prices_history
65252813896336788230617856248125123600178384752591631993072313635672275758489,0xb3d00f908d0bb0320cfb28cfb64904d9d10fb4d3d174baf8a2c9583b6eb66cfb,1774568729,2026-03-26T23:45:29+00:00,0.9965,clob_prices_history
65252813896336788230617856248125123600178384752591631993072313635672275758489,0xb3d00f908d0bb0320cfb28cfb64904d9d10fb4d3d174baf8a2c9583b6eb66cfb,1774569640,2026-03-27T00:00:40+00:00,0.9965,clob_prices_history
65252813896336788230617856248125123600178384752591631993072313635672275758489,0xb3d00f908d0bb0320cfb28cfb64904d9d10fb4d3d174baf8a2c9583b6eb66cfb,1774570541,2026-03-27T00:15:41+00:00,0.9965,clob_prices_history
65252813896336788230617856248125123600178384752591631993072313635672275758489,0xb3d00f908d0bb0320cfb28cfb64904d9d10fb4d3d174baf8a2c9583b6eb66cfb,1774571430,2026-03-27T00:30:30+00:00,0.9965,clob_prices_history
65252813896336788230617856248125123600178384752591631993072313635672275758489,0xb3d00f908d0bb0320cfb28cfb64904d9d10fb4d3d174baf8a2c9583b6eb66cfb,1774572336,2026-03-27T00:45:36+00:00,0.9965,clob_prices_history
65252813896336788230617856248125123600178384752591631993072313635672275758489,0xb3d00f908d0bb0320cfb28cfb64904d9d10fb4d3d174baf8a2c9583b6eb66cfb,1774573232,2026-03-27T01:00:32+00:00,0.9965,clob_prices_history
65252813896336788230617856248125123600178384752591631993072313635672275758489,0xb3d00f908d0bb0320cfb28cfb64904d9d10fb4d3d174baf8a2c9583b6eb66cfb,1774574126,2026-03-27T01:15:26+00:00,0.9965,clob_prices_history
65252813896336788230617856248125123600178384752591631993072313635672275758489,0xb3d00f908d0bb0320cfb28cfb64904d9d10fb4d3d174baf8a2c9583b6eb66cfb,1774575033,2026-03-27T01:30:33+00:00,0.9965,clob_prices_history
65252813896336788230617856248125123600178384752591631993072313635672275758489,0xb3d00f908d0bb0320cfb28cfb64904d9d10fb4d3d174baf8a2c9583b6eb66cfb,1774575930,2026-03-27T01:45:30+00:00,0.9965,clob_prices_history
65252813896336788230617856248125123600178384752591631993072313635672275758489,0xb3d00f908d0bb0320cfb28cfb64904d9d10fb4d3d174baf8a2c9583b6eb66cfb,1774576836,2026-03-27T02:00:36+00:00,0.9965,clob_prices_history
65252813896336788230617856248125123600178384752591631993072313635672275758489,0xb3d00f908d0bb0320cfb28cfb64904d9d10fb4d3d174baf8a2c9583b6eb66cfb,1774577727,2026-03-27T02:15:27+00:00,0.9965,clob_prices_history
65252813896336788230617856248125123600178384752591631993072313635672275758489,0xb3d00f908d0bb0320cfb28cfb64904d9d10fb4d3d174baf8a2c9583b6eb66cfb,1774578629,2026-03-27T02:30:29+00:00,0.9965,clob_prices_history
65252813896336788230617856248125123600178384752591631993072313635672275758489,0xb3d00f908d0bb0320cfb28cfb64904d9d10fb4d3d174baf8a2c9583b6eb66cfb,1774579535,2026-03-27T02:45:35+00:00,0.9965,clob_prices_history
65252813896336788230617856248125123600178384752591631993072313635672275758489,0xb3d00f908d0bb0320cfb28cfb64904d9d10fb4d3d174baf8a2c9583b6eb66cfb,1774580438,2026-03-27T03:00:38+00:00,0.9965,clob_prices_history
65252813896336788230617856248125123600178384752591631993072313635672275758489,0xb3d00f908d0bb0320cfb28cfb64904d9d10fb4d3d174baf8a2c9583b6eb66cfb,1774581328,2026-03-27T03:15:28+00:00,0.9965,clob_prices_history
65252813896336788230617856248125123600178384752591631993072313635672275758489,0xb3d00f908d0bb0320cfb28cfb64904d9d10fb4d3d174baf8a2c9583b6eb66cfb,1774582231,2026-03-27T03:30:31+00:00,0.9965,clob_prices_history
65252813896336788230617856248125123600178384752591631993072313635672275758489,0xb3d00f908d0bb0320cfb28cfb64904d9d10fb4d3d174baf8a2c9583b6eb66cfb,1774583130,2026-03-27T03:45:30+00:00,0.9965,clob_prices_history
65252813896336788230617856248125123600178384752591631993072313635672275758489,0xb3d00f908d0bb0320cfb28cfb64904d9d10fb4d3d174baf8a2c9583b6eb66cfb,1774584031,2026-03-27T04:00:31+00:00,0.9965,clob_prices_history
65252813896336788230617856248125123600178384752591631993072313635672275758489,0xb3d00f908d0bb0320cfb28cfb64904d9d10fb4d3d174baf8a2c9583b6eb66cfb,1774584931,2026-03-27T04:15:31+00:00,0.9965,clob_prices_history
65252813896336788230617856248125123600178384752591631993072313635672275758489,0xb3d00f908d0bb0320cfb28cfb64904d9d10fb4d3d174baf8a2c9583b6eb66cfb,1774585832,2026-03-27T04:30:32+00:00,0.9965,clob_prices_history
65252813896336788230617856248125123600178384752591631993072313635672275758489,0xb3d00f908d0bb0320cfb28cfb64904d9d10fb4d3d174baf8a2c9583b6eb66cfb,1774586726,2026-03-27T04:45:26+00:00,0.9965,clob_prices_history
65252813896336788230617856248125123600178384752591631993072313635672275758489,0xb3d00f908d0bb0320cfb28cfb64904d9d10fb4d3d174baf8a2c9583b6eb66cfb,1774587633,2026-03-27T05:00:33+00:00,0.9965,clob_prices_history
65252813896336788230617856248125123600178384752591631993072313635672275758489,0xb3d00f908d0bb0320cfb28cfb64904d9d10fb4d3d174baf8a2c9583b6eb66cfb,1774588530,2026-03-27T05:15:30+00:00,0.9965,clob_prices_history
65252813896336788230617856248125123600178384752591631993072313635672275758489,0xb3d00f908d0bb0320cfb28cfb64904d9d10fb4d3d174baf8a2c9583b6eb66cfb,1774589436,2026-03-27T05:30:36+00:00,0.9965,clob_prices_history
65252813896336788230617856248125123600178384752591631993072313635672275758489,0xb3d00f908d0bb0320cfb28cfb64904d9d10fb4d3d174baf8a2c9583b6eb66cfb,1774590331,2026-03-27T05:45:31+00:00,0.9965,clob_prices_history
65252813896336788230617856248125123600178384752591631993072313635672275758489,0xb3d00f908d0bb0320cfb28cfb64904d9d10fb4d3d174baf8a2c9583b6eb66cfb,1774591237,2026-03-27T06:00:37+00:00,0.9965,clob_prices_history
65252813896336788230617856248125123600178384752591631993072313635672275758489,0xb3d00f908d0bb0320cfb28cfb64904d9d10fb4d3d174baf8a2c9583b6eb66cfb,1774592126,2026-03-27T06:15:26+00:00,0.9965,clob_prices_history
65252813896336788230617856248125123600178384752591631993072313635672275758489,0xb3d00f908d0bb0320cfb28cfb64904d9d10fb4d3d174baf8a2c9583b6eb66cfb,1774593032,2026-03-27T06:30:32+00:00,0.9965,clob_prices_history
65252813896336788230617856248125123600178384752591631993072313635672275758489,0xb3d00f908d0bb0320cfb28cfb64904d9d10fb4d3d174baf8a2c9583b6eb66cfb,1774593928,2026-03-27T06:45:28+00:00,0.9965,clob_prices_history
65252813896336788230617856248125123600178384752591631993072313635672275758489,0xb3d00f908d0bb0320cfb28cfb64904d9d10fb4d3d174baf8a2c9583b6eb66cfb,1774594832,2026-03-27T07:00:32+00:00,0.9965,clob_prices_history
65252813896336788230617856248125123600178384752591631993072313635672275758489,0xb3d00f908d0bb0320cfb28cfb64904d9d10fb4d3d174baf8a2c9583b6eb66cfb,1774595725,2026-03-27T07:15:25+00:00,0.9965,clob_prices_history
65252813896336788230617856248125123600178384752591631993072313635672275758489,0xb3d00f908d0bb0320cfb28cfb64904d9d10fb4d3d174baf8a2c9583b6eb66cfb,1774596631,2026-03-27T07:30:31+00:00,0.9965,clob_prices_history
65252813896336788230617856248125123600178384752591631993072313635672275758489,0xb3d00f908d0bb0320cfb28cfb64904d9d10fb4d3d174baf8a2c9583b6eb66cfb,1774597526,2026-03-27T07:45:26+00:00,0.9965,clob_prices_history
65252813896336788230617856248125123600178384752591631993072313635672275758489,0xb3d00f908d0bb0320cfb28cfb64904d9d10fb4d3d174baf8a2c9583b6eb66cfb,1774598428,2026-03-27T08:00:28+00:00,0.9965,clob_prices_history
65252813896336788230617856248125123600178384752591631993072313635672275758489,0xb3d00f908d0bb0320cfb28cfb64904d9d10fb4d3d174baf8a2c9583b6eb66cfb,1774599331,2026-03-27T08:15:31+00:00,0.9965,clob_prices_history
65252813896336788230617856248125123600178384752591631993072313635672275758489,0xb3d00f908d0bb0320cfb28cfb64904d9d10fb4d3d174baf8a2c9583b6eb66cfb,1774600233,2026-03-27T08:30:33+00:00,0.9965,clob_prices_history
65252813896336788230617856248125123600178384752591631993072313635672275758489,0xb3d00f908d0bb0320cfb28cfb64904d9d10fb4d3d174baf8a2c9583b6eb66cfb,1774601134,2026-03-27T08:45:34+00:00,0.9965,clob_prices_history
65252813896336788230617856248125123600178384752591631993072313635672275758489,0xb3d00f908d0bb0320cfb28cfb64904d9d10fb4d3d174baf8a2c9583b6eb66cfb,1774602034,2026-03-27T09:00:34+00:00,0.9965,clob_prices_history
65252813896336788230617856248125123600178384752591631993072313635672275758489,0xb3d00f908d0bb0320cfb28cfb64904d9d10fb4d3d174baf8a2c9583b6eb66cfb,1774602927,2026-03-27T09:15:27+00:00,0.9965,clob_prices_history
65252813896336788230617856248125123600178384752591631993072313635672275758489,0xb3d00f908d0bb0320cfb28cfb64904d9d10fb4d3d174baf8a2c9583b6eb66cfb,1774603832,2026-03-27T09:30:32+00:00,0.9965,clob_prices_history
65252813896336788230617856248125123600178384752591631993072313635672275758489,0xb3d00f908d0bb0320cfb28cfb64904d9d10fb4d3d174baf8a2c9583b6eb66cfb,1774604729,2026-03-27T09:45:29+00:00,0.9965,clob_prices_history
65252813896336788230617856248125123600178384752591631993072313635672275758489,0xb3d00f908d0bb0320cfb28cfb64904d9d10fb4d3d174baf8a2c9583b6eb66cfb,1774605628,2026-03-27T10:00:28+00:00,0.9965,clob_prices_history
65252813896336788230617856248125123600178384752591631993072313635672275758489,0xb3d00f908d0bb0320cfb28cfb64904d9d10fb4d3d174baf8a2c9583b6eb66cfb,1774606527,2026-03-27T10:15:27+00:00,0.9965,clob_prices_history
65252813896336788230617856248125123600178384752591631993072313635672275758489,0xb3d00f908d0bb0320cfb28cfb64904d9d10fb4d3d174baf8a2c9583b6eb66cfb,1774607429,2026-03-27T10:30:29+00:00,0.9965,clob_prices_history
65252813896336788230617856248125123600178384752591631993072313635672275758489,0xb3d00f908d0bb0320cfb28cfb64904d9d10fb4d3d174baf8a2c9583b6eb66cfb,1774608329,2026-03-27T10:45:29+00:00,0.9965,clob_prices_history
65252813896336788230617856248125123600178384752591631993072313635672275758489,0xb3d00f908d0bb0320cfb28cfb64904d9d10fb4d3d174baf8a2c9583b6eb66cfb,1774609233,2026-03-27T11:00:33+00:00,0.9965,clob_prices_history
65252813896336788230617856248125123600178384752591631993072313635672275758489,0xb3d00f908d0bb0320cfb28cfb64904d9d10fb4d3d174baf8a2c9583b6eb66cfb,1774610134,2026-03-27T11:15:34+00:00,0.9965,clob_prices_history
65252813896336788230617856248125123600178384752591631993072313635672275758489,0xb3d00f908d0bb0320cfb28cfb64904d9d10fb4d3d174baf8a2c9583b6eb66cfb,1774611032,2026-03-27T11:30:32+00:00,0.9965,clob_prices_history
65252813896336788230617856248125123600178384752591631993072313635672275758489,0xb3d00f908d0bb0320cfb28cfb64904d9d10fb4d3d174baf8a2c9583b6eb66cfb,1774611929,2026-03-27T11:45:29+00:00,0.9965,clob_prices_history
65252813896336788230617856248125123600178384752591631993072313635672275758489,0xb3d00f908d0bb0320cfb28cfb64904d9d10fb4d3d174baf8a2c9583b6eb66cfb,1774612839,2026-03-27T12:00:39+00:00,0.9965,clob_prices_history
65252813896336788230617856248125123600178384752591631993072313635672275758489,0xb3d00f908d0bb0320cfb28cfb64904d9d10fb4d3d174baf8a2c9583b6eb66cfb,1774613727,2026-03-27T12:15:27+00:00,0.9965,clob_prices_history
65252813896336788230617856248125123600178384752591631993072313635672275758489,0xb3d00f908d0bb0320cfb28cfb64904d9d10fb4d3d174baf8a2c9583b6eb66cfb,1774614631,2026-03-27T12:30:31+00:00,0.9965,clob_prices_history
65252813896336788230617856248125123600178384752591631993072313635672275758489,0xb3d00f908d0bb0320cfb28cfb64904d9d10fb4d3d174baf8a2c9583b6eb66cfb,1774615533,2026-03-27T12:45:33+00:00,0.9965,clob_prices_history
65252813896336788230617856248125123600178384752591631993072313635672275758489,0xb3d00f908d0bb0320cfb28cfb64904d9d10fb4d3d174baf8a2c9583b6eb66cfb,1774616436,2026-03-27T13:00:36+00:00,0.9965,clob_prices_history
65252813896336788230617856248125123600178384752591631993072313635672275758489,0xb3d00f908d0bb0320cfb28cfb64904d9d10fb4d3d174baf8a2c9583b6eb66cfb,1774617330,2026-03-27T13:15:30+00:00,0.9965,clob_prices_history
65252813896336788230617856248125123600178384752591631993072313635672275758489,0xb3d00f908d0bb0320cfb28cfb64904d9d10fb4d3d174baf8a2c9583b6eb66cfb,1774618233,2026-03-27T13:30:33+00:00,0.9965,clob_prices_history
65252813896336788230617856248125123600178384752591631993072313635672275758489,0xb3d00f908d0bb0320cfb28cfb64904d9d10fb4d3d174baf8a2c9583b6eb66cfb,1774619132,2026-03-27T13:45:32+00:00,0.9965,clob_prices_history
65252813896336788230617856248125123600178384752591631993072313635672275758489,0xb3d00f908d0bb0320cfb28cfb64904d9d10fb4d3d174baf8a2c9583b6eb66cfb,1774620034,2026-03-27T14:00:34+00:00,0.9965,clob_prices_history
65252813896336788230617856248125123600178384752591631993072313635672275758489,0xb3d00f908d0bb0320cfb28cfb64904d9d10fb4d3d174baf8a2c9583b6eb66cfb,1774620933,2026-03-27T14:15:33+00:00,0.9965,clob_prices_history
65252813896336788230617856248125123600178384752591631993072313635672275758489,0xb3d00f908d0bb0320cfb28cfb64904d9d10fb4d3d174baf8a2c9583b6eb66cfb,1774621831,2026-03-27T14:30:31+00:00,0.9965,clob_prices_history
65252813896336788230617856248125123600178384752591631993072313635672275758489,0xb3d00f908d0bb0320cfb28cfb64904d9d10fb4d3d174baf8a2c9583b6eb66cfb,1774622729,2026-03-27T14:45:29+00:00,0.9965,clob_prices_history
65252813896336788230617856248125123600178384752591631993072313635672275758489,0xb3d00f908d0bb0320cfb28cfb64904d9d10fb4d3d174baf8a2c9583b6eb66cfb,1774623635,2026-03-27T15:00:35+00:00,0.9965,clob_prices_history
65252813896336788230617856248125123600178384752591631993072313635672275758489,0xb3d00f908d0bb0320cfb28cfb64904d9d10fb4d3d174baf8a2c9583b6eb66cfb,1774624529,2026-03-27T15:15:29+00:00,0.9965,clob_prices_history
65252813896336788230617856248125123600178384752591631993072313635672275758489,0xb3d00f908d0bb0320cfb28cfb64904d9d10fb4d3d174baf8a2c9583b6eb66cfb,1774625431,2026-03-27T15:30:31+00:00,0.9965,clob_prices_history
65252813896336788230617856248125123600178384752591631993072313635672275758489,0xb3d00f908d0bb0320cfb28cfb64904d9d10fb4d3d174baf8a2c9583b6eb66cfb,1774626331,2026-03-27T15:45:31+00:00,0.9965,clob_prices_history
65252813896336788230617856248125123600178384752591631993072313635672275758489,0xb3d00f908d0bb0320cfb28cfb64904d9d10fb4d3d174baf8a2c9583b6eb66cfb,1774627234,2026-03-27T16:00:34+00:00,0.9965,clob_prices_history
65252813896336788230617856248125123600178384752591631993072313635672275758489,0xb3d00f908d0bb0320cfb28cfb64904d9d10fb4d3d174baf8a2c9583b6eb66cfb,1774628128,2026-03-27T16:15:28+00:00,0.9965,clob_prices_history
65252813896336788230617856248125123600178384752591631993072313635672275758489,0xb3d00f908d0bb0320cfb28cfb64904d9d10fb4d3d174baf8a2c9583b6eb66cfb,1774629032,2026-03-27T16:30:32+00:00,0.9965,clob_prices_history
65252813896336788230617856248125123600178384752591631993072313635672275758489,0xb3d00f908d0bb0320cfb28cfb64904d9d10fb4d3d174baf8a2c9583b6eb66cfb,1774629934,2026-03-27T16:45:34+00:00,0.9965,clob_prices_history
65252813896336788230617856248125123600178384752591631993072313635672275758489,0xb3d00f908d0bb0320cfb28cfb64904d9d10fb4d3d174baf8a2c9583b6eb66cfb,1774630842,2026-03-27T17:00:42+00:00,0.9965,clob_prices_history
65252813896336788230617856248125123600178384752591631993072313635672275758489,0xb3d00f908d0bb0320cfb28cfb64904d9d10fb4d3d174baf8a2c9583b6eb66cfb,1774631729,2026-03-27T17:15:29+00:00,0.9965,clob_prices_history
65252813896336788230617856248125123600178384752591631993072313635672275758489,0xb3d00f908d0bb0320cfb28cfb64904d9d10fb4d3d174baf8a2c9583b6eb66cfb,1774632636,2026-03-27T17:30:36+00:00,0.9965,clob_prices_history
65252813896336788230617856248125123600178384752591631993072313635672275758489,0xb3d00f908d0bb0320cfb28cfb64904d9d10fb4d3d174baf8a2c9583b6eb66cfb,1774633531,2026-03-27T17:45:31+00:00,0.9965,clob_prices_history
65252813896336788230617856248125123600178384752591631993072313635672275758489,0xb3d00f908d0bb0320cfb28cfb64904d9d10fb4d3d174baf8a2c9583b6eb66cfb,1774634442,2026-03-27T18:00:42+00:00,0.9965,clob_prices_history
65252813896336788230617856248125123600178384752591631993072313635672275758489,0xb3d00f908d0bb0320cfb28cfb64904d9d10fb4d3d174baf8a2c9583b6eb66cfb,1774635331,2026-03-27T18:15:31+00:00,0.9965,clob_prices_history
65252813896336788230617856248125123600178384752591631993072313635672275758489,0xb3d00f908d0bb0320cfb28cfb64904d9d10fb4d3d174baf8a2c9583b6eb66cfb,1774636231,2026-03-27T18:30:31+00:00,0.9965,clob_prices_history
65252813896336788230617856248125123600178384752591631993072313635672275758489,0xb3d00f908d0bb0320cfb28cfb64904d9d10fb4d3d174baf8a2c9583b6eb66cfb,1774637127,2026-03-27T18:45:27+00:00,0.9965,clob_prices_history
65252813896336788230617856248125123600178384752591631993072313635672275758489,0xb3d00f908d0bb0320cfb28cfb64904d9d10fb4d3d174baf8a2c9583b6eb66cfb,1774638035,2026-03-27T19:00:35+00:00,0.9965,clob_prices_history
65252813896336788230617856248125123600178384752591631993072313635672275758489,0xb3d00f908d0bb0320cfb28cfb64904d9d10fb4d3d174baf8a2c9583b6eb66cfb,1774638931,2026-03-27T19:15:31+00:00,0.9965,clob_prices_history
65252813896336788230617856248125123600178384752591631993072313635672275758489,0xb3d00f908d0bb0320cfb28cfb64904d9d10fb4d3d174baf8a2c9583b6eb66cfb,1774639849,2026-03-27T19:30:49+00:00,0.9965,clob_prices_history
65252813896336788230617856248125123600178384752591631993072313635672275758489,0xb3d00f908d0bb0320cfb28cfb64904d9d10fb4d3d174baf8a2c9583b6eb66cfb,1774640730,2026-03-27T19:45:30+00:00,0.9965,clob_prices_history
65252813896336788230617856248125123600178384752591631993072313635672275758489,0xb3d00f908d0bb0320cfb28cfb64904d9d10fb4d3d174baf8a2c9583b6eb66cfb,1774641642,2026-03-27T20:00:42+00:00,0.9965,clob_prices_history
65252813896336788230617856248125123600178384752591631993072313635672275758489,0xb3d00f908d0bb0320cfb28cfb64904d9d10fb4d3d174baf8a2c9583b6eb66cfb,1774642534,2026-03-27T20:15:34+00:00,0.9965,clob_prices_history
65252813896336788230617856248125123600178384752591631993072313635672275758489,0xb3d00f908d0bb0320cfb28cfb64904d9d10fb4d3d174baf8a2c9583b6eb66cfb,1774643434,2026-03-27T20:30:34+00:00,0.9965,clob_prices_history
65252813896336788230617856248125123600178384752591631993072313635672275758489,0xb3d00f908d0bb0320cfb28cfb64904d9d10fb4d3d174baf8a2c9583b6eb66cfb,1774644332,2026-03-27T20:45:32+00:00,0.9965,clob_prices_history
65252813896336788230617856248125123600178384752591631993072313635672275758489,0xb3d00f908d0bb0320cfb28cfb64904d9d10fb4d3d174baf8a2c9583b6eb66cfb,1774645241,2026-03-27T21:00:41+00:00,0.9965,clob_prices_history
65252813896336788230617856248125123600178384752591631993072313635672275758489,0xb3d00f908d0bb0320cfb28cfb64904d9d10fb4d3d174baf8a2c9583b6eb66cfb,1774646129,2026-03-27T21:15:29+00:00,0.9965,clob_prices_history
65252813896336788230617856248125123600178384752591631993072313635672275758489,0xb3d00f908d0bb0320cfb28cfb64904d9d10fb4d3d174baf8a2c9583b6eb66cfb,1774647033,2026-03-27T21:30:33+00:00,0.9965,clob_prices_history
65252813896336788230617856248125123600178384752591631993072313635672275758489,0xb3d00f908d0bb0320cfb28cfb64904d9d10fb4d3d174baf8a2c9583b6eb66cfb,1774647933,2026-03-27T21:45:33+00:00,0.9965,clob_prices_history
65252813896336788230617856248125123600178384752591631993072313635672275758489,0xb3d00f908d0bb0320cfb28cfb64904d9d10fb4d3d174baf8a2c9583b6eb66cfb,1774648834,2026-03-27T22:00:34+00:00,0.9965,clob_prices_history
65252813896336788230617856248125123600178384752591631993072313635672275758489,0xb3d00f908d0bb0320cfb28cfb64904d9d10fb4d3d174baf8a2c9583b6eb66cfb,1774649729,2026-03-27T22:15:29+00:00,0.9965,clob_prices_history
65252813896336788230617856248125123600178384752591631993072313635672275758489,0xb3d00f908d0bb0320cfb28cfb64904d9d10fb4d3d174baf8a2c9583b6eb66cfb,1774650633,2026-03-27T22:30:33+00:00,0.9965,clob_prices_history
65252813896336788230617856248125123600178384752591631993072313635672275758489,0xb3d00f908d0bb0320cfb28cfb64904d9d10fb4d3d174baf8a2c9583b6eb66cfb,1774651529,2026-03-27T22:45:29+00:00,0.9965,clob_prices_history
65252813896336788230617856248125123600178384752591631993072313635672275758489,0xb3d00f908d0bb0320cfb28cfb64904d9d10fb4d3d174baf8a2c9583b6eb66cfb,1774652448,2026-03-27T23:00:48+00:00,0.9965,clob_prices_history
65252813896336788230617856248125123600178384752591631993072313635672275758489,0xb3d00f908d0bb0320cfb28cfb64904d9d10fb4d3d174baf8a2c9583b6eb66cfb,1774653347,2026-03-27T23:15:47+00:00,0.9965,clob_prices_history
65252813896336788230617856248125123600178384752591631993072313635672275758489,0xb3d00f908d0bb0320cfb28cfb64904d9d10fb4d3d174baf8a2c9583b6eb66cfb,1774654231,2026-03-27T23:30:31+00:00,0.9965,clob_prices_history
65252813896336788230617856248125123600178384752591631993072313635672275758489,0xb3d00f908d0bb0320cfb28cfb64904d9d10fb4d3d174baf8a2c9583b6eb66cfb,1774655132,2026-03-27T23:45:32+00:00,0.9965,clob_prices_history
65252813896336788230617856248125123600178384752591631993072313635672275758489,0xb3d00f908d0bb0320cfb28cfb64904d9d10fb4d3d174baf8a2c9583b6eb66cfb,1774656043,2026-03-28T00:00:43+00:00,0.9965,clob_prices_history
65252813896336788230617856248125123600178384752591631993072313635672275758489,0xb3d00f908d0bb0320cfb28cfb64904d9d10fb4d3d174baf8a2c9583b6eb66cfb,1774656932,2026-03-28T00:15:32+00:00,0.9965,clob_prices_history
65252813896336788230617856248125123600178384752591631993072313635672275758489,0xb3d00f908d0bb0320cfb28cfb64904d9d10fb4d3d174baf8a2c9583b6eb66cfb,1774657831,2026-03-28T00:30:31+00:00,0.9965,clob_prices_history
65252813896336788230617856248125123600178384752591631993072313635672275758489,0xb3d00f908d0bb0320cfb28cfb64904d9d10fb4d3d174baf8a2c9583b6eb66cfb,1774658734,2026-03-28T00:45:34+00:00,0.9965,clob_prices_history
65252813896336788230617856248125123600178384752591631993072313635672275758489,0xb3d00f908d0bb0320cfb28cfb64904d9d10fb4d3d174baf8a2c9583b6eb66cfb,1774659636,2026-03-28T01:00:36+00:00,0.9965,clob_prices_history
65252813896336788230617856248125123600178384752591631993072313635672275758489,0xb3d00f908d0bb0320cfb28cfb64904d9d10fb4d3d174baf8a2c9583b6eb66cfb,1774660534,2026-03-28T01:15:34+00:00,0.9965,clob_prices_history
65252813896336788230617856248125123600178384752591631993072313635672275758489,0xb3d00f908d0bb0320cfb28cfb64904d9d10fb4d3d174baf8a2c9583b6eb66cfb,1774661433,2026-03-28T01:30:33+00:00,0.9965,clob_prices_history
65252813896336788230617856248125123600178384752591631993072313635672275758489,0xb3d00f908d0bb0320cfb28cfb64904d9d10fb4d3d174baf8a2c9583b6eb66cfb,1774662330,2026-03-28T01:45:30+00:00,0.9965,clob_prices_history
65252813896336788230617856248125123600178384752591631993072313635672275758489,0xb3d00f908d0bb0320cfb28cfb64904d9d10fb4d3d174baf8a2c9583b6eb66cfb,1774663235,2026-03-28T02:00:35+00:00,0.9965,clob_prices_history
65252813896336788230617856248125123600178384752591631993072313635672275758489,0xb3d00f908d0bb0320cfb28cfb64904d9d10fb4d3d174baf8a2c9583b6eb66cfb,1774664129,2026-03-28T02:15:29+00:00,0.9965,clob_prices_history
65252813896336788230617856248125123600178384752591631993072313635672275758489,0xb3d00f908d0bb0320cfb28cfb64904d9d10fb4d3d174baf8a2c9583b6eb66cfb,1774665034,2026-03-28T02:30:34+00:00,0.9965,clob_prices_history
65252813896336788230617856248125123600178384752591631993072313635672275758489,0xb3d00f908d0bb0320cfb28cfb64904d9d10fb4d3d174baf8a2c9583b6eb66cfb,1774665928,2026-03-28T02:45:28+00:00,0.9965,clob_prices_history
65252813896336788230617856248125123600178384752591631993072313635672275758489,0xb3d00f908d0bb0320cfb28cfb64904d9d10fb4d3d174baf8a2c9583b6eb66cfb,1774666837,2026-03-28T03:00:37+00:00,0.9965,clob_prices_history
65252813896336788230617856248125123600178384752591631993072313635672275758489,0xb3d00f908d0bb0320cfb28cfb64904d9d10fb4d3d174baf8a2c9583b6eb66cfb,1774667731,2026-03-28T03:15:31+00:00,0.9965,clob_prices_history
65252813896336788230617856248125123600178384752591631993072313635672275758489,0xb3d00f908d0bb0320cfb28cfb64904d9d10fb4d3d174baf8a2c9583b6eb66cfb,1774668632,2026-03-28T03:30:32+00:00,0.9965,clob_prices_history
65252813896336788230617856248125123600178384752591631993072313635672275758489,0xb3d00f908d0bb0320cfb28cfb64904d9d10fb4d3d174baf8a2c9583b6eb66cfb,1774669529,2026-03-28T03:45:29+00:00,0.9965,clob_prices_history
65252813896336788230617856248125123600178384752591631993072313635672275758489,0xb3d00f908d0bb0320cfb28cfb64904d9d10fb4d3d174baf8a2c9583b6eb66cfb,1774670435,2026-03-28T04:00:35+00:00,0.9965,clob_prices_history
65252813896336788230617856248125123600178384752591631993072313635672275758489,0xb3d00f908d0bb0320cfb28cfb64904d9d10fb4d3d174baf8a2c9583b6eb66cfb,1774671342,2026-03-28T04:15:42+00:00,0.9965,clob_prices_history
65252813896336788230617856248125123600178384752591631993072313635672275758489,0xb3d00f908d0bb0320cfb28cfb64904d9d10fb4d3d174baf8a2c9583b6eb66cfb,1774672234,2026-03-28T04:30:34+00:00,0.9965,clob_prices_history
65252813896336788230617856248125123600178384752591631993072313635672275758489,0xb3d00f908d0bb0320cfb28cfb64904d9d10fb4d3d174baf8a2c9583b6eb66cfb,1774673129,2026-03-28T04:45:29+00:00,0.9965,clob_prices_history
65252813896336788230617856248125123600178384752591631993072313635672275758489,0xb3d00f908d0bb0320cfb28cfb64904d9d10fb4d3d174baf8a2c9583b6eb66cfb,1774674032,2026-03-28T05:00:32+00:00,0.9965,clob_prices_history
65252813896336788230617856248125123600178384752591631993072313635672275758489,0xb3d00f908d0bb0320cfb28cfb64904d9d10fb4d3d174baf8a2c9583b6eb66cfb,1774674933,2026-03-28T05:15:33+00:00,0.9965,clob_prices_history
65252813896336788230617856248125123600178384752591631993072313635672275758489,0xb3d00f908d0bb0320cfb28cfb64904d9d10fb4d3d174baf8a2c9583b6eb66cfb,1774675843,2026-03-28T05:30:43+00:00,0.9965,clob_prices_history
65252813896336788230617856248125123600178384752591631993072313635672275758489,0xb3d00f908d0bb0320cfb28cfb64904d9d10fb4d3d174baf8a2c9583b6eb66cfb,1774676729,2026-03-28T05:45:29+00:00,0.9965,clob_prices_history
65252813896336788230617856248125123600178384752591631993072313635672275758489,0xb3d00f908d0bb0320cfb28cfb64904d9d10fb4d3d174baf8a2c9583b6eb66cfb,1774677641,2026-03-28T06:00:41+00:00,0.9965,clob_prices_history
65252813896336788230617856248125123600178384752591631993072313635672275758489,0xb3d00f908d0bb0320cfb28cfb64904d9d10fb4d3d174baf8a2c9583b6eb66cfb,1774678531,2026-03-28T06:15:31+00:00,0.9965,clob_prices_history
65252813896336788230617856248125123600178384752591631993072313635672275758489,0xb3d00f908d0bb0320cfb28cfb64904d9d10fb4d3d174baf8a2c9583b6eb66cfb,1774679437,2026-03-28T06:30:37+00:00,0.9965,clob_prices_history
65252813896336788230617856248125123600178384752591631993072313635672275758489,0xb3d00f908d0bb0320cfb28cfb64904d9d10fb4d3d174baf8a2c9583b6eb66cfb,1774680331,2026-03-28T06:45:31+00:00,0.9965,clob_prices_history
65252813896336788230617856248125123600178384752591631993072313635672275758489,0xb3d00f908d0bb0320cfb28cfb64904d9d10fb4d3d174baf8a2c9583b6eb66cfb,1774681233,2026-03-28T07:00:33+00:00,0.9965,clob_prices_history
65252813896336788230617856248125123600178384752591631993072313635672275758489,0xb3d00f908d0bb0320cfb28cfb64904d9d10fb4d3d174baf8a2c9583b6eb66cfb,1774682130,2026-03-28T07:15:30+00:00,0.9965,clob_prices_history
65252813896336788230617856248125123600178384752591631993072313635672275758489,0xb3d00f908d0bb0320cfb28cfb64904d9d10fb4d3d174baf8a2c9583b6eb66cfb,1774683034,2026-03-28T07:30:34+00:00,0.9965,clob_prices_history
65252813896336788230617856248125123600178384752591631993072313635672275758489,0xb3d00f908d0bb0320cfb28cfb64904d9d10fb4d3d174baf8a2c9583b6eb66cfb,1774683940,2026-03-28T07:45:40+00:00,0.9965,clob_prices_history
65252813896336788230617856248125123600178384752591631993072313635672275758489,0xb3d00f908d0bb0320cfb28cfb64904d9d10fb4d3d174baf8a2c9583b6eb66cfb,1774684837,2026-03-28T08:00:37+00:00,0.9965,clob_prices_history
65252813896336788230617856248125123600178384752591631993072313635672275758489,0xb3d00f908d0bb0320cfb28cfb64904d9d10fb4d3d174baf8a2c9583b6eb66cfb,1774685733,2026-03-28T08:15:33+00:00,0.9965,clob_prices_history
65252813896336788230617856248125123600178384752591631993072313635672275758489,0xb3d00f908d0bb0320cfb28cfb64904d9d10fb4d3d174baf8a2c9583b6eb66cfb,1774686650,2026-03-28T08:30:50+00:00,0.9965,clob_prices_history
65252813896336788230617856248125123600178384752591631993072313635672275758489,0xb3d00f908d0bb0320cfb28cfb64904d9d10fb4d3d174baf8a2c9583b6eb66cfb,1774687528,2026-03-28T08:45:28+00:00,0.9965,clob_prices_history
65252813896336788230617856248125123600178384752591631993072313635672275758489,0xb3d00f908d0bb0320cfb28cfb64904d9d10fb4d3d174baf8a2c9583b6eb66cfb,1774688440,2026-03-28T09:00:40+00:00,0.9965,clob_prices_history
65252813896336788230617856248125123600178384752591631993072313635672275758489,0xb3d00f908d0bb0320cfb28cfb64904d9d10fb4d3d174baf8a2c9583b6eb66cfb,1774689331,2026-03-28T09:15:31+00:00,0.9965,clob_prices_history
65252813896336788230617856248125123600178384752591631993072313635672275758489,0xb3d00f908d0bb0320cfb28cfb64904d9d10fb4d3d174baf8a2c9583b6eb66cfb,1774690233,2026-03-28T09:30:33+00:00,0.9965,clob_prices_history
65252813896336788230617856248125123600178384752591631993072313635672275758489,0xb3d00f908d0bb0320cfb28cfb64904d9d10fb4d3d174baf8a2c9583b6eb66cfb,1774691132,2026-03-28T09:45:32+00:00,0.9965,clob_prices_history
65252813896336788230617856248125123600178384752591631993072313635672275758489,0xb3d00f908d0bb0320cfb28cfb64904d9d10fb4d3d174baf8a2c9583b6eb66cfb,1774692038,2026-03-28T10:00:38+00:00,0.9965,clob_prices_history
65252813896336788230617856248125123600178384752591631993072313635672275758489,0xb3d00f908d0bb0320cfb28cfb64904d9d10fb4d3d174baf8a2c9583b6eb66cfb,1774692933,2026-03-28T10:15:33+00:00,0.9965,clob_prices_history
65252813896336788230617856248125123600178384752591631993072313635672275758489,0xb3d00f908d0bb0320cfb28cfb64904d9d10fb4d3d174baf8a2c9583b6eb66cfb,1774693833,2026-03-28T10:30:33+00:00,0.9965,clob_prices_history
65252813896336788230617856248125123600178384752591631993072313635672275758489,0xb3d00f908d0bb0320cfb28cfb64904d9d10fb4d3d174baf8a2c9583b6eb66cfb,1774694733,2026-03-28T10:45:33+00:00,0.9965,clob_prices_history
65252813896336788230617856248125123600178384752591631993072313635672275758489,0xb3d00f908d0bb0320cfb28cfb64904d9d10fb4d3d174baf8a2c9583b6eb66cfb,1774695645,2026-03-28T11:00:45+00:00,0.9965,clob_prices_history
65252813896336788230617856248125123600178384752591631993072313635672275758489,0xb3d00f908d0bb0320cfb28cfb64904d9d10fb4d3d174baf8a2c9583b6eb66cfb,1774696530,2026-03-28T11:15:30+00:00,0.9965,clob_prices_history
65252813896336788230617856248125123600178384752591631993072313635672275758489,0xb3d00f908d0bb0320cfb28cfb64904d9d10fb4d3d174baf8a2c9583b6eb66cfb,1774697436,2026-03-28T11:30:36+00:00,0.9965,clob_prices_history
65252813896336788230617856248125123600178384752591631993072313635672275758489,0xb3d00f908d0bb0320cfb28cfb64904d9d10fb4d3d174baf8a2c9583b6eb66cfb,1774698330,2026-03-28T11:45:30+00:00,0.9965,clob_prices_history
65252813896336788230617856248125123600178384752591631993072313635672275758489,0xb3d00f908d0bb0320cfb28cfb64904d9d10fb4d3d174baf8a2c9583b6eb66cfb,1774699242,2026-03-28T12:00:42+00:00,0.9965,clob_prices_history
65252813896336788230617856248125123600178384752591631993072313635672275758489,0xb3d00f908d0bb0320cfb28cfb64904d9d10fb4d3d174baf8a2c9583b6eb66cfb,1774700131,2026-03-28T12:15:31+00:00,0.9965,clob_prices_history
65252813896336788230617856248125123600178384752591631993072313635672275758489,0xb3d00f908d0bb0320cfb28cfb64904d9d10fb4d3d174baf8a2c9583b6eb66cfb,1774701034,2026-03-28T12:30:34+00:00,0.9965,clob_prices_history
65252813896336788230617856248125123600178384752591631993072313635672275758489,0xb3d00f908d0bb0320cfb28cfb64904d9d10fb4d3d174baf8a2c9583b6eb66cfb,1774701933,2026-03-28T12:45:33+00:00,0.9965,clob_prices_history
65252813896336788230617856248125123600178384752591631993072313635672275758489,0xb3d00f908d0bb0320cfb28cfb64904d9d10fb4d3d174baf8a2c9583b6eb66cfb,1774702843,2026-03-28T13:00:43+00:00,0.9965,clob_prices_history
65252813896336788230617856248125123600178384752591631993072313635672275758489,0xb3d00f908d0bb0320cfb28cfb64904d9d10fb4d3d174baf8a2c9583b6eb66cfb,1774703734,2026-03-28T13:15:34+00:00,0.9965,clob_prices_history
65252813896336788230617856248125123600178384752591631993072313635672275758489,0xb3d00f908d0bb0320cfb28cfb64904d9d10fb4d3d174baf8a2c9583b6eb66cfb,1774704638,2026-03-28T13:30:38+00:00,0.9965,clob_prices_history
65252813896336788230617856248125123600178384752591631993072313635672275758489,0xb3d00f908d0bb0320cfb28cfb64904d9d10fb4d3d174baf8a2c9583b6eb66cfb,1774705537,2026-03-28T13:45:37+00:00,0.9965,clob_prices_history
65252813896336788230617856248125123600178384752591631993072313635672275758489,0xb3d00f908d0bb0320cfb28cfb64904d9d10fb4d3d174baf8a2c9583b6eb66cfb,1774706443,2026-03-28T14:00:43+00:00,0.9965,clob_prices_history
65252813896336788230617856248125123600178384752591631993072313635672275758489,0xb3d00f908d0bb0320cfb28cfb64904d9d10fb4d3d174baf8a2c9583b6eb66cfb,1774707331,2026-03-28T14:15:31+00:00,0.9965,clob_prices_history
65252813896336788230617856248125123600178384752591631993072313635672275758489,0xb3d00f908d0bb0320cfb28cfb64904d9d10fb4d3d174baf8a2c9583b6eb66cfb,1774708238,2026-03-28T14:30:38+00:00,0.9965,clob_prices_history
65252813896336788230617856248125123600178384752591631993072313635672275758489,0xb3d00f908d0bb0320cfb28cfb64904d9d10fb4d3d174baf8a2c9583b6eb66cfb,1774709132,2026-03-28T14:45:32+00:00,0.9965,clob_prices_history
65252813896336788230617856248125123600178384752591631993072313635672275758489,0xb3d00f908d0bb0320cfb28cfb64904d9d10fb4d3d174baf8a2c9583b6eb66cfb,1774710045,2026-03-28T15:00:45+00:00,0.9965,clob_prices_history
65252813896336788230617856248125123600178384752591631993072313635672275758489,0xb3d00f908d0bb0320cfb28cfb64904d9d10fb4d3d174baf8a2c9583b6eb66cfb,1774710939,2026-03-28T15:15:39+00:00,0.9965,clob_prices_history
65252813896336788230617856248125123600178384752591631993072313635672275758489,0xb3d00f908d0bb0320cfb28cfb64904d9d10fb4d3d174baf8a2c9583b6eb66cfb,1774711834,2026-03-28T15:30:34+00:00,0.9965,clob_prices_history
65252813896336788230617856248125123600178384752591631993072313635672275758489,0xb3d00f908d0bb0320cfb28cfb64904d9d10fb4d3d174baf8a2c9583b6eb66cfb,1774712733,2026-03-28T15:45:33+00:00,0.9965,clob_prices_history
65252813896336788230617856248125123600178384752591631993072313635672275758489,0xb3d00f908d0bb0320cfb28cfb64904d9d10fb4d3d174baf8a2c9583b6eb66cfb,1774713637,2026-03-28T16:00:37+00:00,0.9965,clob_prices_history
65252813896336788230617856248125123600178384752591631993072313635672275758489,0xb3d00f908d0bb0320cfb28cfb64904d9d10fb4d3d174baf8a2c9583b6eb66cfb,1774714532,2026-03-28T16:15:32+00:00,0.9965,clob_prices_history
65252813896336788230617856248125123600178384752591631993072313635672275758489,0xb3d00f908d0bb0320cfb28cfb64904d9d10fb4d3d174baf8a2c9583b6eb66cfb,1774715439,2026-03-28T16:30:39+00:00,0.9965,clob_prices_history
65252813896336788230617856248125123600178384752591631993072313635672275758489,0xb3d00f908d0bb0320cfb28cfb64904d9d10fb4d3d174baf8a2c9583b6eb66cfb,1774716334,2026-03-28T16:45:34+00:00,0.9965,clob_prices_history
65252813896336788230617856248125123600178384752591631993072313635672275758489,0xb3d00f908d0bb0320cfb28cfb64904d9d10fb4d3d174baf8a2c9583b6eb66cfb,1774717248,2026-03-28T17:00:48+00:00,0.9965,clob_prices_history
65252813896336788230617856248125123600178384752591631993072313635672275758489,0xb3d00f908d0bb0320cfb28cfb64904d9d10fb4d3d174baf8a2c9583b6eb66cfb,1774718134,2026-03-28T17:15:34+00:00,0.9965,clob_prices_history
65252813896336788230617856248125123600178384752591631993072313635672275758489,0xb3d00f908d0bb0320cfb28cfb64904d9d10fb4d3d174baf8a2c9583b6eb66cfb,1774719040,2026-03-28T17:30:40+00:00,0.9965,clob_prices_history
65252813896336788230617856248125123600178384752591631993072313635672275758489,0xb3d00f908d0bb0320cfb28cfb64904d9d10fb4d3d174baf8a2c9583b6eb66cfb,1774719934,2026-03-28T17:45:34+00:00,0.995,clob_prices_history
65252813896336788230617856248125123600178384752591631993072313635672275758489,0xb3d00f908d0bb0320cfb28cfb64904d9d10fb4d3d174baf8a2c9583b6eb66cfb,1774720848,2026-03-28T18:00:48+00:00,0.9955,clob_prices_history
65252813896336788230617856248125123600178384752591631993072313635672275758489,0xb3d00f908d0bb0320cfb28cfb64904d9d10fb4d3d174baf8a2c9583b6eb66cfb,1774721736,2026-03-28T18:15:36+00:00,0.995,clob_prices_history
65252813896336788230617856248125123600178384752591631993072313635672275758489,0xb3d00f908d0bb0320cfb28cfb64904d9d10fb4d3d174baf8a2c9583b6eb66cfb,1774722638,2026-03-28T18:30:38+00:00,0.995,clob_prices_history
65252813896336788230617856248125123600178384752591631993072313635672275758489,0xb3d00f908d0bb0320cfb28cfb64904d9d10fb4d3d174baf8a2c9583b6eb66cfb,1774723532,2026-03-28T18:45:32+00:00,0.995,clob_prices_history
65252813896336788230617856248125123600178384752591631993072313635672275758489,0xb3d00f908d0bb0320cfb28cfb64904d9d10fb4d3d174baf8a2c9583b6eb66cfb,1774724439,2026-03-28T19:00:39+00:00,0.9945,clob_prices_history
65252813896336788230617856248125123600178384752591631993072313635672275758489,0xb3d00f908d0bb0320cfb28cfb64904d9d10fb4d3d174baf8a2c9583b6eb66cfb,1774725333,2026-03-28T19:15:33+00:00,0.9945,clob_prices_history
65252813896336788230617856248125123600178384752591631993072313635672275758489,0xb3d00f908d0bb0320cfb28cfb64904d9d10fb4d3d174baf8a2c9583b6eb66cfb,1774726241,2026-03-28T19:30:41+00:00,0.9945,clob_prices_history
65252813896336788230617856248125123600178384752591631993072313635672275758489,0xb3d00f908d0bb0320cfb28cfb64904d9d10fb4d3d174baf8a2c9583b6eb66cfb,1774727151,2026-03-28T19:45:51+00:00,0.9945,clob_prices_history
65252813896336788230617856248125123600178384752591631993072313635672275758489,0xb3d00f908d0bb0320cfb28cfb64904d9d10fb4d3d174baf8a2c9583b6eb66cfb,1774728036,2026-03-28T20:00:36+00:00,0.995,clob_prices_history
65252813896336788230617856248125123600178384752591631993072313635672275758489,0xb3d00f908d0bb0320cfb28cfb64904d9d10fb4d3d174baf8a2c9583b6eb66cfb,1774728937,2026-03-28T20:15:37+00:00,0.9945,clob_prices_history
65252813896336788230617856248125123600178384752591631993072313635672275758489,0xb3d00f908d0bb0320cfb28cfb64904d9d10fb4d3d174baf8a2c9583b6eb66cfb,1774729835,2026-03-28T20:30:35+00:00,0.9945,clob_prices_history
65252813896336788230617856248125123600178384752591631993072313635672275758489,0xb3d00f908d0bb0320cfb28cfb64904d9d10fb4d3d174baf8a2c9583b6eb66cfb,1774730736,2026-03-28T20:45:36+00:00,0.9945,clob_prices_history
65252813896336788230617856248125123600178384752591631993072313635672275758489,0xb3d00f908d0bb0320cfb28cfb64904d9d10fb4d3d174baf8a2c9583b6eb66cfb,1774731642,2026-03-28T21:00:42+00:00,0.9945,clob_prices_history
65252813896336788230617856248125123600178384752591631993072313635672275758489,0xb3d00f908d0bb0320cfb28cfb64904d9d10fb4d3d174baf8a2c9583b6eb66cfb,1774732533,2026-03-28T21:15:33+00:00,0.9945,clob_prices_history
65252813896336788230617856248125123600178384752591631993072313635672275758489,0xb3d00f908d0bb0320cfb28cfb64904d9d10fb4d3d174baf8a2c9583b6eb66cfb,1774733435,2026-03-28T21:30:35+00:00,0.9945,clob_prices_history
65252813896336788230617856248125123600178384752591631993072313635672275758489,0xb3d00f908d0bb0320cfb28cfb64904d9d10fb4d3d174baf8a2c9583b6eb66cfb,1774734347,2026-03-28T21:45:47+00:00,0.9945,clob_prices_history
65252813896336788230617856248125123600178384752591631993072313635672275758489,0xb3d00f908d0bb0320cfb28cfb64904d9d10fb4d3d174baf8a2c9583b6eb66cfb,1774735239,2026-03-28T22:00:39+00:00,0.9955,clob_prices_history
65252813896336788230617856248125123600178384752591631993072313635672275758489,0xb3d00f908d0bb0320cfb28cfb64904d9d10fb4d3d174baf8a2c9583b6eb66cfb,1774736135,2026-03-28T22:15:35+00:00,0.996,clob_prices_history
65252813896336788230617856248125123600178384752591631993072313635672275758489,0xb3d00f908d0bb0320cfb28cfb64904d9d10fb4d3d174baf8a2c9583b6eb66cfb,1774737037,2026-03-28T22:30:37+00:00,0.996,clob_prices_history
65252813896336788230617856248125123600178384752591631993072313635672275758489,0xb3d00f908d0bb0320cfb28cfb64904d9d10fb4d3d174baf8a2c9583b6eb66cfb,1774737933,2026-03-28T22:45:33+00:00,0.996,clob_prices_history
65252813896336788230617856248125123600178384752591631993072313635672275758489,0xb3d00f908d0bb0320cfb28cfb64904d9d10fb4d3d174baf8a2c9583b6eb66cfb,1774738839,2026-03-28T23:00:39+00:00,0.996,clob_prices_history
65252813896336788230617856248125123600178384752591631993072313635672275758489,0xb3d00f908d0bb0320cfb28cfb64904d9d10fb4d3d174baf8a2c9583b6eb66cfb,1774739735,2026-03-28T23:15:35+00:00,0.996,clob_prices_history
65252813896336788230617856248125123600178384752591631993072313635672275758489,0xb3d00f908d0bb0320cfb28cfb64904d9d10fb4d3d174baf8a2c9583b6eb66cfb,1774740645,2026-03-28T23:30:45+00:00,0.996,clob_prices_history
65252813896336788230617856248125123600178384752591631993072313635672275758489,0xb3d00f908d0bb0320cfb28cfb64904d9d10fb4d3d174baf8a2c9583b6eb66cfb,1774741534,2026-03-28T23:45:34+00:00,0.996,clob_prices_history
65252813896336788230617856248125123600178384752591631993072313635672275758489,0xb3d00f908d0bb0320cfb28cfb64904d9d10fb4d3d174baf8a2c9583b6eb66cfb,1774742447,2026-03-29T00:00:47+00:00,0.996,clob_prices_history
65252813896336788230617856248125123600178384752591631993072313635672275758489,0xb3d00f908d0bb0320cfb28cfb64904d9d10fb4d3d174baf8a2c9583b6eb66cfb,1774743355,2026-03-29T00:15:55+00:00,0.996,clob_prices_history
65252813896336788230617856248125123600178384752591631993072313635672275758489,0xb3d00f908d0bb0320cfb28cfb64904d9d10fb4d3d174baf8a2c9583b6eb66cfb,1774744240,2026-03-29T00:30:40+00:00,0.996,clob_prices_history
65252813896336788230617856248125123600178384752591631993072313635672275758489,0xb3d00f908d0bb0320cfb28cfb64904d9d10fb4d3d174baf8a2c9583b6eb66cfb,1774745134,2026-03-29T00:45:34+00:00,0.996,clob_prices_history
65252813896336788230617856248125123600178384752591631993072313635672275758489,0xb3d00f908d0bb0320cfb28cfb64904d9d10fb4d3d174baf8a2c9583b6eb66cfb,1774746046,2026-03-29T01:00:46+00:00,0.996,clob_prices_history
65252813896336788230617856248125123600178384752591631993072313635672275758489,0xb3d00f908d0bb0320cfb28cfb64904d9d10fb4d3d174baf8a2c9583b6eb66cfb,1774746938,2026-03-29T01:15:38+00:00,0.996,clob_prices_history
65252813896336788230617856248125123600178384752591631993072313635672275758489,0xb3d00f908d0bb0320cfb28cfb64904d9d10fb4d3d174baf8a2c9583b6eb66cfb,1774747834,2026-03-29T01:30:34+00:00,0.996,clob_prices_history
65252813896336788230617856248125123600178384752591631993072313635672275758489,0xb3d00f908d0bb0320cfb28cfb64904d9d10fb4d3d174baf8a2c9583b6eb66cfb,1774748737,2026-03-29T01:45:37+00:00,0.996,clob_prices_history
65252813896336788230617856248125123600178384752591631993072313635672275758489,0xb3d00f908d0bb0320cfb28cfb64904d9d10fb4d3d174baf8a2c9583b6eb66cfb,1774749643,2026-03-29T02:00:43+00:00,0.996,clob_prices_history
65252813896336788230617856248125123600178384752591631993072313635672275758489,0xb3d00f908d0bb0320cfb28cfb64904d9d10fb4d3d174baf8a2c9583b6eb66cfb,1774750534,2026-03-29T02:15:34+00:00,0.996,clob_prices_history
65252813896336788230617856248125123600178384752591631993072313635672275758489,0xb3d00f908d0bb0320cfb28cfb64904d9d10fb4d3d174baf8a2c9583b6eb66cfb,1774751457,2026-03-29T02:30:57+00:00,0.996,clob_prices_history
65252813896336788230617856248125123600178384752591631993072313635672275758489,0xb3d00f908d0bb0320cfb28cfb64904d9d10fb4d3d174baf8a2c9583b6eb66cfb,1774752334,2026-03-29T02:45:34+00:00,0.996,clob_prices_history
65252813896336788230617856248125123600178384752591631993072313635672275758489,0xb3d00f908d0bb0320cfb28cfb64904d9d10fb4d3d174baf8a2c9583b6eb66cfb,1774753241,2026-03-29T03:00:41+00:00,0.996,clob_prices_history
65252813896336788230617856248125123600178384752591631993072313635672275758489,0xb3d00f908d0bb0320cfb28cfb64904d9d10fb4d3d174baf8a2c9583b6eb66cfb,1774754148,2026-03-29T03:15:48+00:00,0.996,clob_prices_history
65252813896336788230617856248125123600178384752591631993072313635672275758489,0xb3d00f908d0bb0320cfb28cfb64904d9d10fb4d3d174baf8a2c9583b6eb66cfb,1774755050,2026-03-29T03:30:50+00:00,0.996,clob_prices_history
65252813896336788230617856248125123600178384752591631993072313635672275758489,0xb3d00f908d0bb0320cfb28cfb64904d9d10fb4d3d174baf8a2c9583b6eb66cfb,1774755933,2026-03-29T03:45:33+00:00,0.9955,clob_prices_history
65252813896336788230617856248125123600178384752591631993072313635672275758489,0xb3d00f908d0bb0320cfb28cfb64904d9d10fb4d3d174baf8a2c9583b6eb66cfb,1774756839,2026-03-29T04:00:39+00:00,0.996,clob_prices_history
65252813896336788230617856248125123600178384752591631993072313635672275758489,0xb3d00f908d0bb0320cfb28cfb64904d9d10fb4d3d174baf8a2c9583b6eb66cfb,1774757739,2026-03-29T04:15:39+00:00,0.996,clob_prices_history
65252813896336788230617856248125123600178384752591631993072313635672275758489,0xb3d00f908d0bb0320cfb28cfb64904d9d10fb4d3d174baf8a2c9583b6eb66cfb,1774758637,2026-03-29T04:30:37+00:00,0.996,clob_prices_history
65252813896336788230617856248125123600178384752591631993072313635672275758489,0xb3d00f908d0bb0320cfb28cfb64904d9d10fb4d3d174baf8a2c9583b6eb66cfb,1774759536,2026-03-29T04:45:36+00:00,0.996,clob_prices_history
65252813896336788230617856248125123600178384752591631993072313635672275758489,0xb3d00f908d0bb0320cfb28cfb64904d9d10fb4d3d174baf8a2c9583b6eb66cfb,1774760443,2026-03-29T05:00:43+00:00,0.996,clob_prices_history
65252813896336788230617856248125123600178384752591631993072313635672275758489,0xb3d00f908d0bb0320cfb28cfb64904d9d10fb4d3d174baf8a2c9583b6eb66cfb,1774761334,2026-03-29T05:15:34+00:00,0.996,clob_prices_history
65252813896336788230617856248125123600178384752591631993072313635672275758489,0xb3d00f908d0bb0320cfb28cfb64904d9d10fb4d3d174baf8a2c9583b6eb66cfb,1774762255,2026-03-29T05:30:55+00:00,0.996,clob_prices_history
65252813896336788230617856248125123600178384752591631993072313635672275758489,0xb3d00f908d0bb0320cfb28cfb64904d9d10fb4d3d174baf8a2c9583b6eb66cfb,1774763132,2026-03-29T05:45:32+00:00,0.996,clob_prices_history
65252813896336788230617856248125123600178384752591631993072313635672275758489,0xb3d00f908d0bb0320cfb28cfb64904d9d10fb4d3d174baf8a2c9583b6eb66cfb,1774764051,2026-03-29T06:00:51+00:00,0.996,clob_prices_history
65252813896336788230617856248125123600178384752591631993072313635672275758489,0xb3d00f908d0bb0320cfb28cfb64904d9d10fb4d3d174baf8a2c9583b6eb66cfb,1774764939,2026-03-29T06:15:39+00:00,0.996,clob_prices_history
65252813896336788230617856248125123600178384752591631993072313635672275758489,0xb3d00f908d0bb0320cfb28cfb64904d9d10fb4d3d174baf8a2c9583b6eb66cfb,1774765845,2026-03-29T06:30:45+00:00,0.996,clob_prices_history
65252813896336788230617856248125123600178384752591631993072313635672275758489,0xb3d00f908d0bb0320cfb28cfb64904d9d10fb4d3d174baf8a2c9583b6eb66cfb,1774766735,2026-03-29T06:45:35+00:00,0.996,clob_prices_history
65252813896336788230617856248125123600178384752591631993072313635672275758489,0xb3d00f908d0bb0320cfb28cfb64904d9d10fb4d3d174baf8a2c9583b6eb66cfb,1774767641,2026-03-29T07:00:41+00:00,0.996,clob_prices_history
65252813896336788230617856248125123600178384752591631993072313635672275758489,0xb3d00f908d0bb0320cfb28cfb64904d9d10fb4d3d174baf8a2c9583b6eb66cfb,1774768534,2026-03-29T07:15:34+00:00,0.996,clob_prices_history
65252813896336788230617856248125123600178384752591631993072313635672275758489,0xb3d00f908d0bb0320cfb28cfb64904d9d10fb4d3d174baf8a2c9583b6eb66cfb,1774769442,2026-03-29T07:30:42+00:00,0.996,clob_prices_history
65252813896336788230617856248125123600178384752591631993072313635672275758489,0xb3d00f908d0bb0320cfb28cfb64904d9d10fb4d3d174baf8a2c9583b6eb66cfb,1774770336,2026-03-29T07:45:36+00:00,0.996,clob_prices_history
65252813896336788230617856248125123600178384752591631993072313635672275758489,0xb3d00f908d0bb0320cfb28cfb64904d9d10fb4d3d174baf8a2c9583b6eb66cfb,1774771243,2026-03-29T08:00:43+00:00,0.996,clob_prices_history
65252813896336788230617856248125123600178384752591631993072313635672275758489,0xb3d00f908d0bb0320cfb28cfb64904d9d10fb4d3d174baf8a2c9583b6eb66cfb,1774772151,2026-03-29T08:15:51+00:00,0.996,clob_prices_history
65252813896336788230617856248125123600178384752591631993072313635672275758489,0xb3d00f908d0bb0320cfb28cfb64904d9d10fb4d3d174baf8a2c9583b6eb66cfb,1774773040,2026-03-29T08:30:40+00:00,0.996,clob_prices_history
65252813896336788230617856248125123600178384752591631993072313635672275758489,0xb3d00f908d0bb0320cfb28cfb64904d9d10fb4d3d174baf8a2c9583b6eb66cfb,1774773936,2026-03-29T08:45:36+00:00,0.9955,clob_prices_history
65252813896336788230617856248125123600178384752591631993072313635672275758489,0xb3d00f908d0bb0320cfb28cfb64904d9d10fb4d3d174baf8a2c9583b6eb66cfb,1774774848,2026-03-29T09:00:48+00:00,0.995,clob_prices_history
65252813896336788230617856248125123600178384752591631993072313635672275758489,0xb3d00f908d0bb0320cfb28cfb64904d9d10fb4d3d174baf8a2c9583b6eb66cfb,1774775735,2026-03-29T09:15:35+00:00,0.995,clob_prices_history
65252813896336788230617856248125123600178384752591631993072313635672275758489,0xb3d00f908d0bb0320cfb28cfb64904d9d10fb4d3d174baf8a2c9583b6eb66cfb,1774776635,2026-03-29T09:30:35+00:00,0.9955,clob_prices_history
65252813896336788230617856248125123600178384752591631993072313635672275758489,0xb3d00f908d0bb0320cfb28cfb64904d9d10fb4d3d174baf8a2c9583b6eb66cfb,1774777537,2026-03-29T09:45:37+00:00,0.996,clob_prices_history
65252813896336788230617856248125123600178384752591631993072313635672275758489,0xb3d00f908d0bb0320cfb28cfb64904d9d10fb4d3d174baf8a2c9583b6eb66cfb,1774778442,2026-03-29T10:00:42+00:00,0.996,clob_prices_history
65252813896336788230617856248125123600178384752591631993072313635672275758489,0xb3d00f908d0bb0320cfb28cfb64904d9d10fb4d3d174baf8a2c9583b6eb66cfb,1774779334,2026-03-29T10:15:34+00:00,0.996,clob_prices_history
65252813896336788230617856248125123600178384752591631993072313635672275758489,0xb3d00f908d0bb0320cfb28cfb64904d9d10fb4d3d174baf8a2c9583b6eb66cfb,1774780238,2026-03-29T10:30:38+00:00,0.996,clob_prices_history
65252813896336788230617856248125123600178384752591631993072313635672275758489,0xb3d00f908d0bb0320cfb28cfb64904d9d10fb4d3d174baf8a2c9583b6eb66cfb,1774781136,2026-03-29T10:45:36+00:00,0.996,clob_prices_history
65252813896336788230617856248125123600178384752591631993072313635672275758489,0xb3d00f908d0bb0320cfb28cfb64904d9d10fb4d3d174baf8a2c9583b6eb66cfb,1774782041,2026-03-29T11:00:41+00:00,0.996,clob_prices_history
65252813896336788230617856248125123600178384752591631993072313635672275758489,0xb3d00f908d0bb0320cfb28cfb64904d9d10fb4d3d174baf8a2c9583b6eb66cfb,1774782939,2026-03-29T11:15:39+00:00,0.996,clob_prices_history
65252813896336788230617856248125123600178384752591631993072313635672275758489,0xb3d00f908d0bb0320cfb28cfb64904d9d10fb4d3d174baf8a2c9583b6eb66cfb,1774783842,2026-03-29T11:30:42+00:00,0.996,clob_prices_history
65252813896336788230617856248125123600178384752591631993072313635672275758489,0xb3d00f908d0bb0320cfb28cfb64904d9d10fb4d3d174baf8a2c9583b6eb66cfb,1774784734,2026-03-29T11:45:34+00:00,0.996,clob_prices_history
65252813896336788230617856248125123600178384752591631993072313635672275758489,0xb3d00f908d0bb0320cfb28cfb64904d9d10fb4d3d174baf8a2c9583b6eb66cfb,1774785656,2026-03-29T12:00:56+00:00,0.996,clob_prices_history
65252813896336788230617856248125123600178384752591631993072313635672275758489,0xb3d00f908d0bb0320cfb28cfb64904d9d10fb4d3d174baf8a2c9583b6eb66cfb,1774786548,2026-03-29T12:15:48+00:00,0.996,clob_prices_history
65252813896336788230617856248125123600178384752591631993072313635672275758489,0xb3d00f908d0bb0320cfb28cfb64904d9d10fb4d3d174baf8a2c9583b6eb66cfb,1774787442,2026-03-29T12:30:42+00:00,0.996,clob_prices_history
65252813896336788230617856248125123600178384752591631993072313635672275758489,0xb3d00f908d0bb0320cfb28cfb64904d9d10fb4d3d174baf8a2c9583b6eb66cfb,1774788336,2026-03-29T12:45:36+00:00,0.996,clob_prices_history
65252813896336788230617856248125123600178384752591631993072313635672275758489,0xb3d00f908d0bb0320cfb28cfb64904d9d10fb4d3d174baf8a2c9583b6eb66cfb,1774789243,2026-03-29T13:00:43+00:00,0.996,clob_prices_history
65252813896336788230617856248125123600178384752591631993072313635672275758489,0xb3d00f908d0bb0320cfb28cfb64904d9d10fb4d3d174baf8a2c9583b6eb66cfb,1774790134,2026-03-29T13:15:34+00:00,0.996,clob_prices_history
65252813896336788230617856248125123600178384752591631993072313635672275758489,0xb3d00f908d0bb0320cfb28cfb64904d9d10fb4d3d174baf8a2c9583b6eb66cfb,1774791044,2026-03-29T13:30:44+00:00,0.996,clob_prices_history
65252813896336788230617856248125123600178384752591631993072313635672275758489,0xb3d00f908d0bb0320cfb28cfb64904d9d10fb4d3d174baf8a2c9583b6eb66cfb,1774791937,2026-03-29T13:45:37+00:00,0.9955,clob_prices_history
65252813896336788230617856248125123600178384752591631993072313635672275758489,0xb3d00f908d0bb0320cfb28cfb64904d9d10fb4d3d174baf8a2c9583b6eb66cfb,1774792843,2026-03-29T14:00:43+00:00,0.9965,clob_prices_history
65252813896336788230617856248125123600178384752591631993072313635672275758489,0xb3d00f908d0bb0320cfb28cfb64904d9d10fb4d3d174baf8a2c9583b6eb66cfb,1774793735,2026-03-29T14:15:35+00:00,0.9965,clob_prices_history
65252813896336788230617856248125123600178384752591631993072313635672275758489,0xb3d00f908d0bb0320cfb28cfb64904d9d10fb4d3d174baf8a2c9583b6eb66cfb,1774794641,2026-03-29T14:30:41+00:00,0.9965,clob_prices_history
65252813896336788230617856248125123600178384752591631993072313635672275758489,0xb3d00f908d0bb0320cfb28cfb64904d9d10fb4d3d174baf8a2c9583b6eb66cfb,1774795541,2026-03-29T14:45:41+00:00,0.9965,clob_prices_history
65252813896336788230617856248125123600178384752591631993072313635672275758489,0xb3d00f908d0bb0320cfb28cfb64904d9d10fb4d3d174baf8a2c9583b6eb66cfb,1774796447,2026-03-29T15:00:47+00:00,0.9965,clob_prices_history
65252813896336788230617856248125123600178384752591631993072313635672275758489,0xb3d00f908d0bb0320cfb28cfb64904d9d10fb4d3d174baf8a2c9583b6eb66cfb,1774797338,2026-03-29T15:15:38+00:00,0.9965,clob_prices_history
65252813896336788230617856248125123600178384752591631993072313635672275758489,0xb3d00f908d0bb0320cfb28cfb64904d9d10fb4d3d174baf8a2c9583b6eb66cfb,1774798239,2026-03-29T15:30:39+00:00,0.9965,clob_prices_history
65252813896336788230617856248125123600178384752591631993072313635672275758489,0xb3d00f908d0bb0320cfb28cfb64904d9d10fb4d3d174baf8a2c9583b6eb66cfb,1774799138,2026-03-29T15:45:38+00:00,0.9965,clob_prices_history
65252813896336788230617856248125123600178384752591631993072313635672275758489,0xb3d00f908d0bb0320cfb28cfb64904d9d10fb4d3d174baf8a2c9583b6eb66cfb,1774800042,2026-03-29T16:00:42+00:00,0.9965,clob_prices_history
65252813896336788230617856248125123600178384752591631993072313635672275758489,0xb3d00f908d0bb0320cfb28cfb64904d9d10fb4d3d174baf8a2c9583b6eb66cfb,1774800941,2026-03-29T16:15:41+00:00,0.9965,clob_prices_history
65252813896336788230617856248125123600178384752591631993072313635672275758489,0xb3d00f908d0bb0320cfb28cfb64904d9d10fb4d3d174baf8a2c9583b6eb66cfb,1774801846,2026-03-29T16:30:46+00:00,0.9965,clob_prices_history
65252813896336788230617856248125123600178384752591631993072313635672275758489,0xb3d00f908d0bb0320cfb28cfb64904d9d10fb4d3d174baf8a2c9583b6eb66cfb,1774802736,2026-03-29T16:45:36+00:00,0.9965,clob_prices_history
65252813896336788230617856248125123600178384752591631993072313635672275758489,0xb3d00f908d0bb0320cfb28cfb64904d9d10fb4d3d174baf8a2c9583b6eb66cfb,1774803647,2026-03-29T17:00:47+00:00,0.9965,clob_prices_history
65252813896336788230617856248125123600178384752591631993072313635672275758489,0xb3d00f908d0bb0320cfb28cfb64904d9d10fb4d3d174baf8a2c9583b6eb66cfb,1774804540,2026-03-29T17:15:40+00:00,0.9965,clob_prices_history
65252813896336788230617856248125123600178384752591631993072313635672275758489,0xb3d00f908d0bb0320cfb28cfb64904d9d10fb4d3d174baf8a2c9583b6eb66cfb,1774805445,2026-03-29T17:30:45+00:00,0.9965,clob_prices_history
65252813896336788230617856248125123600178384752591631993072313635672275758489,0xb3d00f908d0bb0320cfb28cfb64904d9d10fb4d3d174baf8a2c9583b6eb66cfb,1774806336,2026-03-29T17:45:36+00:00,0.9965,clob_prices_history
65252813896336788230617856248125123600178384752591631993072313635672275758489,0xb3d00f908d0bb0320cfb28cfb64904d9d10fb4d3d174baf8a2c9583b6eb66cfb,1774807252,2026-03-29T18:00:52+00:00,0.9965,clob_prices_history
65252813896336788230617856248125123600178384752591631993072313635672275758489,0xb3d00f908d0bb0320cfb28cfb64904d9d10fb4d3d174baf8a2c9583b6eb66cfb,1774808137,2026-03-29T18:15:37+00:00,0.9965,clob_prices_history
65252813896336788230617856248125123600178384752591631993072313635672275758489,0xb3d00f908d0bb0320cfb28cfb64904d9d10fb4d3d174baf8a2c9583b6eb66cfb,1774809046,2026-03-29T18:30:46+00:00,0.9965,clob_prices_history
65252813896336788230617856248125123600178384752591631993072313635672275758489,0xb3d00f908d0bb0320cfb28cfb64904d9d10fb4d3d174baf8a2c9583b6eb66cfb,1774809939,2026-03-29T18:45:39+00:00,0.9965,clob_prices_history
65252813896336788230617856248125123600178384752591631993072313635672275758489,0xb3d00f908d0bb0320cfb28cfb64904d9d10fb4d3d174baf8a2c9583b6eb66cfb,1774810841,2026-03-29T19:00:41+00:00,0.9935,clob_prices_history
65252813896336788230617856248125123600178384752591631993072313635672275758489,0xb3d00f908d0bb0320cfb28cfb64904d9d10fb4d3d174baf8a2c9583b6eb66cfb,1774811736,2026-03-29T19:15:36+00:00,0.9935,clob_prices_history
65252813896336788230617856248125123600178384752591631993072313635672275758489,0xb3d00f908d0bb0320cfb28cfb64904d9d10fb4d3d174baf8a2c9583b6eb66cfb,1774812648,2026-03-29T19:30:48+00:00,0.9935,clob_prices_history
65252813896336788230617856248125123600178384752591631993072313635672275758489,0xb3d00f908d0bb0320cfb28cfb64904d9d10fb4d3d174baf8a2c9583b6eb66cfb,1774813543,2026-03-29T19:45:43+00:00,0.9935,clob_prices_history
65252813896336788230617856248125123600178384752591631993072313635672275758489,0xb3d00f908d0bb0320cfb28cfb64904d9d10fb4d3d174baf8a2c9583b6eb66cfb,1774814442,2026-03-29T20:00:42+00:00,0.994,clob_prices_history
65252813896336788230617856248125123600178384752591631993072313635672275758489,0xb3d00f908d0bb0320cfb28cfb64904d9d10fb4d3d174baf8a2c9583b6eb66cfb,1774815342,2026-03-29T20:15:42+00:00,0.994,clob_prices_history
65252813896336788230617856248125123600178384752591631993072313635672275758489,0xb3d00f908d0bb0320cfb28cfb64904d9d10fb4d3d174baf8a2c9583b6eb66cfb,1774816248,2026-03-29T20:30:48+00:00,0.993,clob_prices_history
65252813896336788230617856248125123600178384752591631993072313635672275758489,0xb3d00f908d0bb0320cfb28cfb64904d9d10fb4d3d174baf8a2c9583b6eb66cfb,1774817145,2026-03-29T20:45:45+00:00,0.9935,clob_prices_history
65252813896336788230617856248125123600178384752591631993072313635672275758489,0xb3d00f908d0bb0320cfb28cfb64904d9d10fb4d3d174baf8a2c9583b6eb66cfb,1774818049,2026-03-29T21:00:49+00:00,0.9935,clob_prices_history
65252813896336788230617856248125123600178384752591631993072313635672275758489,0xb3d00f908d0bb0320cfb28cfb64904d9d10fb4d3d174baf8a2c9583b6eb66cfb,1774818945,2026-03-29T21:15:45+00:00,0.993,clob_prices_history
65252813896336788230617856248125123600178384752591631993072313635672275758489,0xb3d00f908d0bb0320cfb28cfb64904d9d10fb4d3d174baf8a2c9583b6eb66cfb,1774819847,2026-03-29T21:30:47+00:00,0.993,clob_prices_history
65252813896336788230617856248125123600178384752591631993072313635672275758489,0xb3d00f908d0bb0320cfb28cfb64904d9d10fb4d3d174baf8a2c9583b6eb66cfb,1774820745,2026-03-29T21:45:45+00:00,0.993,clob_prices_history
65252813896336788230617856248125123600178384752591631993072313635672275758489,0xb3d00f908d0bb0320cfb28cfb64904d9d10fb4d3d174baf8a2c9583b6eb66cfb,1774822543,2026-03-29T22:15:43+00:00,0.9935,clob_prices_history
65252813896336788230617856248125123600178384752591631993072313635672275758489,0xb3d00f908d0bb0320cfb28cfb64904d9d10fb4d3d174baf8a2c9583b6eb66cfb,1774823444,2026-03-29T22:30:44+00:00,0.9935,clob_prices_history
65252813896336788230617856248125123600178384752591631993072313635672275758489,0xb3d00f908d0bb0320cfb28cfb64904d9d10fb4d3d174baf8a2c9583b6eb66cfb,1774824346,2026-03-29T22:45:46+00:00,0.9935,clob_prices_history
65252813896336788230617856248125123600178384752591631993072313635672275758489,0xb3d00f908d0bb0320cfb28cfb64904d9d10fb4d3d174baf8a2c9583b6eb66cfb,1774826139,2026-03-29T23:15:39+00:00,0.994,clob_prices_history
65252813896336788230617856248125123600178384752591631993072313635672275758489,0xb3d00f908d0bb0320cfb28cfb64904d9d10fb4d3d174baf8a2c9583b6eb66cfb,1774827045,2026-03-29T23:30:45+00:00,0.994,clob_prices_history
65252813896336788230617856248125123600178384752591631993072313635672275758489,0xb3d00f908d0bb0320cfb28cfb64904d9d10fb4d3d174baf8a2c9583b6eb66cfb,1774827945,2026-03-29T23:45:45+00:00,0.9945,clob_prices_history
65252813896336788230617856248125123600178384752591631993072313635672275758489,0xb3d00f908d0bb0320cfb28cfb64904d9d10fb4d3d174baf8a2c9583b6eb66cfb,1774829739,2026-03-30T00:15:39+00:00,0.994,clob_prices_history
65252813896336788230617856248125123600178384752591631993072313635672275758489,0xb3d00f908d0bb0320cfb28cfb64904d9d10fb4d3d174baf8a2c9583b6eb66cfb,1774830649,2026-03-30T00:30:49+00:00,0.9935,clob_prices_history
65252813896336788230617856248125123600178384752591631993072313635672275758489,0xb3d00f908d0bb0320cfb28cfb64904d9d10fb4d3d174baf8a2c9583b6eb66cfb,1774831550,2026-03-30T00:45:50+00:00,0.994,clob_prices_history
65252813896336788230617856248125123600178384752591631993072313635672275758489,0xb3d00f908d0bb0320cfb28cfb64904d9d10fb4d3d174baf8a2c9583b6eb66cfb,1774832443,2026-03-30T01:00:43+00:00,0.9945,clob_prices_history
65252813896336788230617856248125123600178384752591631993072313635672275758489,0xb3d00f908d0bb0320cfb28cfb64904d9d10fb4d3d174baf8a2c9583b6eb66cfb,1774833339,2026-03-30T01:15:39+00:00,0.9945,clob_prices_history
65252813896336788230617856248125123600178384752591631993072313635672275758489,0xb3d00f908d0bb0320cfb28cfb64904d9d10fb4d3d174baf8a2c9583b6eb66cfb,1774834246,2026-03-30T01:30:46+00:00,0.994,clob_prices_history
65252813896336788230617856248125123600178384752591631993072313635672275758489,0xb3d00f908d0bb0320cfb28cfb64904d9d10fb4d3d174baf8a2c9583b6eb66cfb,1774835138,2026-03-30T01:45:38+00:00,0.994,clob_prices_history
65252813896336788230617856248125123600178384752591631993072313635672275758489,0xb3d00f908d0bb0320cfb28cfb64904d9d10fb4d3d174baf8a2c9583b6eb66cfb,1774836045,2026-03-30T02:00:45+00:00,0.9945,clob_prices_history
65252813896336788230617856248125123600178384752591631993072313635672275758489,0xb3d00f908d0bb0320cfb28cfb64904d9d10fb4d3d174baf8a2c9583b6eb66cfb,1774836940,2026-03-30T02:15:40+00:00,0.9945,clob_prices_history
65252813896336788230617856248125123600178384752591631993072313635672275758489,0xb3d00f908d0bb0320cfb28cfb64904d9d10fb4d3d174baf8a2c9583b6eb66cfb,1774837848,2026-03-30T02:30:48+00:00,0.9945,clob_prices_history
65252813896336788230617856248125123600178384752591631993072313635672275758489,0xb3d00f908d0bb0320cfb28cfb64904d9d10fb4d3d174baf8a2c9583b6eb66cfb,1774838737,2026-03-30T02:45:37+00:00,0.9945,clob_prices_history
65252813896336788230617856248125123600178384752591631993072313635672275758489,0xb3d00f908d0bb0320cfb28cfb64904d9d10fb4d3d174baf8a2c9583b6eb66cfb,1774839652,2026-03-30T03:00:52+00:00,0.994,clob_prices_history
65252813896336788230617856248125123600178384752591631993072313635672275758489,0xb3d00f908d0bb0320cfb28cfb64904d9d10fb4d3d174baf8a2c9583b6eb66cfb,1774840537,2026-03-30T03:15:37+00:00,0.9935,clob_prices_history
65252813896336788230617856248125123600178384752591631993072313635672275758489,0xb3d00f908d0bb0320cfb28cfb64904d9d10fb4d3d174baf8a2c9583b6eb66cfb,1774841443,2026-03-30T03:30:43+00:00,0.9945,clob_prices_history
65252813896336788230617856248125123600178384752591631993072313635672275758489,0xb3d00f908d0bb0320cfb28cfb64904d9d10fb4d3d174baf8a2c9583b6eb66cfb,1774842339,2026-03-30T03:45:39+00:00,0.9945,clob_prices_history
65252813896336788230617856248125123600178384752591631993072313635672275758489,0xb3d00f908d0bb0320cfb28cfb64904d9d10fb4d3d174baf8a2c9583b6eb66cfb,1774843255,2026-03-30T04:00:55+00:00,0.9945,clob_prices_history
65252813896336788230617856248125123600178384752591631993072313635672275758489,0xb3d00f908d0bb0320cfb28cfb64904d9d10fb4d3d174baf8a2c9583b6eb66cfb,1774844138,2026-03-30T04:15:38+00:00,0.9945,clob_prices_history
65252813896336788230617856248125123600178384752591631993072313635672275758489,0xb3d00f908d0bb0320cfb28cfb64904d9d10fb4d3d174baf8a2c9583b6eb66cfb,1774845046,2026-03-30T04:30:46+00:00,0.9945,clob_prices_history
65252813896336788230617856248125123600178384752591631993072313635672275758489,0xb3d00f908d0bb0320cfb28cfb64904d9d10fb4d3d174baf8a2c9583b6eb66cfb,1774845942,2026-03-30T04:45:42+00:00,0.9945,clob_prices_history
65252813896336788230617856248125123600178384752591631993072313635672275758489,0xb3d00f908d0bb0320cfb28cfb64904d9d10fb4d3d174baf8a2c9583b6eb66cfb,1774846857,2026-03-30T05:00:57+00:00,0.9945,clob_prices_history
65252813896336788230617856248125123600178384752591631993072313635672275758489,0xb3d00f908d0bb0320cfb28cfb64904d9d10fb4d3d174baf8a2c9583b6eb66cfb,1774847738,2026-03-30T05:15:38+00:00,0.9945,clob_prices_history
65252813896336788230617856248125123600178384752591631993072313635672275758489,0xb3d00f908d0bb0320cfb28cfb64904d9d10fb4d3d174baf8a2c9583b6eb66cfb,1774848642,2026-03-30T05:30:42+00:00,0.9945,clob_prices_history
65252813896336788230617856248125123600178384752591631993072313635672275758489,0xb3d00f908d0bb0320cfb28cfb64904d9d10fb4d3d174baf8a2c9583b6eb66cfb,1774849540,2026-03-30T05:45:40+00:00,0.9945,clob_prices_history
65252813896336788230617856248125123600178384752591631993072313635672275758489,0xb3d00f908d0bb0320cfb28cfb64904d9d10fb4d3d174baf8a2c9583b6eb66cfb,1774850448,2026-03-30T06:00:48+00:00,0.9945,clob_prices_history
65252813896336788230617856248125123600178384752591631993072313635672275758489,0xb3d00f908d0bb0320cfb28cfb64904d9d10fb4d3d174baf8a2c9583b6eb66cfb,1774851338,2026-03-30T06:15:38+00:00,0.9945,clob_prices_history
65252813896336788230617856248125123600178384752591631993072313635672275758489,0xb3d00f908d0bb0320cfb28cfb64904d9d10fb4d3d174baf8a2c9583b6eb66cfb,1774852246,2026-03-30T06:30:46+00:00,0.9945,clob_prices_history
65252813896336788230617856248125123600178384752591631993072313635672275758489,0xb3d00f908d0bb0320cfb28cfb64904d9d10fb4d3d174baf8a2c9583b6eb66cfb,1774853139,2026-03-30T06:45:39+00:00,0.9945,clob_prices_history
65252813896336788230617856248125123600178384752591631993072313635672275758489,0xb3d00f908d0bb0320cfb28cfb64904d9d10fb4d3d174baf8a2c9583b6eb66cfb,1774854938,2026-03-30T07:15:38+00:00,0.9945,clob_prices_history
65252813896336788230617856248125123600178384752591631993072313635672275758489,0xb3d00f908d0bb0320cfb28cfb64904d9d10fb4d3d174baf8a2c9583b6eb66cfb,1774855848,2026-03-30T07:30:48+00:00,0.994,clob_prices_history
65252813896336788230617856248125123600178384752591631993072313635672275758489,0xb3d00f908d0bb0320cfb28cfb64904d9d10fb4d3d174baf8a2c9583b6eb66cfb,1774856739,2026-03-30T07:45:39+00:00,0.9945,clob_prices_history
65252813896336788230617856248125123600178384752591631993072313635672275758489,0xb3d00f908d0bb0320cfb28cfb64904d9d10fb4d3d174baf8a2c9583b6eb66cfb,1774857644,2026-03-30T08:00:44+00:00,0.994,clob_prices_history
65252813896336788230617856248125123600178384752591631993072313635672275758489,0xb3d00f908d0bb0320cfb28cfb64904d9d10fb4d3d174baf8a2c9583b6eb66cfb,1774858540,2026-03-30T08:15:40+00:00,0.994,clob_prices_history
65252813896336788230617856248125123600178384752591631993072313635672275758489,0xb3d00f908d0bb0320cfb28cfb64904d9d10fb4d3d174baf8a2c9583b6eb66cfb,1774859443,2026-03-30T08:30:43+00:00,0.9945,clob_prices_history
65252813896336788230617856248125123600178384752591631993072313635672275758489,0xb3d00f908d0bb0320cfb28cfb64904d9d10fb4d3d174baf8a2c9583b6eb66cfb,1774860339,2026-03-30T08:45:39+00:00,0.994,clob_prices_history
65252813896336788230617856248125123600178384752591631993072313635672275758489,0xb3d00f908d0bb0320cfb28cfb64904d9d10fb4d3d174baf8a2c9583b6eb66cfb,1774861250,2026-03-30T09:00:50+00:00,0.9945,clob_prices_history
65252813896336788230617856248125123600178384752591631993072313635672275758489,0xb3d00f908d0bb0320cfb28cfb64904d9d10fb4d3d174baf8a2c9583b6eb66cfb,1774862138,2026-03-30T09:15:38+00:00,0.994,clob_prices_history
65252813896336788230617856248125123600178384752591631993072313635672275758489,0xb3d00f908d0bb0320cfb28cfb64904d9d10fb4d3d174baf8a2c9583b6eb66cfb,1774863044,2026-03-30T09:30:44+00:00,0.9945,clob_prices_history
65252813896336788230617856248125123600178384752591631993072313635672275758489,0xb3d00f908d0bb0320cfb28cfb64904d9d10fb4d3d174baf8a2c9583b6eb66cfb,1774863938,2026-03-30T09:45:38+00:00,0.994,clob_prices_history
65252813896336788230617856248125123600178384752591631993072313635672275758489,0xb3d00f908d0bb0320cfb28cfb64904d9d10fb4d3d174baf8a2c9583b6eb66cfb,1774864842,2026-03-30T10:00:42+00:00,0.9945,clob_prices_history
65252813896336788230617856248125123600178384752591631993072313635672275758489,0xb3d00f908d0bb0320cfb28cfb64904d9d10fb4d3d174baf8a2c9583b6eb66cfb,1774865737,2026-03-30T10:15:37+00:00,0.994,clob_prices_history
65252813896336788230617856248125123600178384752591631993072313635672275758489,0xb3d00f908d0bb0320cfb28cfb64904d9d10fb4d3d174baf8a2c9583b6eb66cfb,1774866657,2026-03-30T10:30:57+00:00,0.9945,clob_prices_history
65252813896336788230617856248125123600178384752591631993072313635672275758489,0xb3d00f908d0bb0320cfb28cfb64904d9d10fb4d3d174baf8a2c9583b6eb66cfb,1774867538,2026-03-30T10:45:38+00:00,0.994,clob_prices_history
65252813896336788230617856248125123600178384752591631993072313635672275758489,0xb3d00f908d0bb0320cfb28cfb64904d9d10fb4d3d174baf8a2c9583b6eb66cfb,1774868444,2026-03-30T11:00:44+00:00,0.9945,clob_prices_history
65252813896336788230617856248125123600178384752591631993072313635672275758489,0xb3d00f908d0bb0320cfb28cfb64904d9d10fb4d3d174baf8a2c9583b6eb66cfb,1774869340,2026-03-30T11:15:40+00:00,0.994,clob_prices_history
65252813896336788230617856248125123600178384752591631993072313635672275758489,0xb3d00f908d0bb0320cfb28cfb64904d9d10fb4d3d174baf8a2c9583b6eb66cfb,1774870248,2026-03-30T11:30:48+00:00,0.9945,clob_prices_history
65252813896336788230617856248125123600178384752591631993072313635672275758489,0xb3d00f908d0bb0320cfb28cfb64904d9d10fb4d3d174baf8a2c9583b6eb66cfb,1774871144,2026-03-30T11:45:44+00:00,0.994,clob_prices_history
65252813896336788230617856248125123600178384752591631993072313635672275758489,0xb3d00f908d0bb0320cfb28cfb64904d9d10fb4d3d174baf8a2c9583b6eb66cfb,1774872054,2026-03-30T12:00:54+00:00,0.9945,clob_prices_history
65252813896336788230617856248125123600178384752591631993072313635672275758489,0xb3d00f908d0bb0320cfb28cfb64904d9d10fb4d3d174baf8a2c9583b6eb66cfb,1774872938,2026-03-30T12:15:38+00:00,0.994,clob_prices_history
65252813896336788230617856248125123600178384752591631993072313635672275758489,0xb3d00f908d0bb0320cfb28cfb64904d9d10fb4d3d174baf8a2c9583b6eb66cfb,1774873854,2026-03-30T12:30:54+00:00,0.9945,clob_prices_history
65252813896336788230617856248125123600178384752591631993072313635672275758489,0xb3d00f908d0bb0320cfb28cfb64904d9d10fb4d3d174baf8a2c9583b6eb66cfb,1774874743,2026-03-30T12:45:43+00:00,0.9945,clob_prices_history
65252813896336788230617856248125123600178384752591631993072313635672275758489,0xb3d00f908d0bb0320cfb28cfb64904d9d10fb4d3d174baf8a2c9583b6eb66cfb,1774875659,2026-03-30T13:00:59+00:00,0.995,clob_prices_history
65252813896336788230617856248125123600178384752591631993072313635672275758489,0xb3d00f908d0bb0320cfb28cfb64904d9d10fb4d3d174baf8a2c9583b6eb66cfb,1774876544,2026-03-30T13:15:44+00:00,0.995,clob_prices_history
65252813896336788230617856248125123600178384752591631993072313635672275758489,0xb3d00f908d0bb0320cfb28cfb64904d9d10fb4d3d174baf8a2c9583b6eb66cfb,1774877446,2026-03-30T13:30:46+00:00,0.995,clob_prices_history
65252813896336788230617856248125123600178384752591631993072313635672275758489,0xb3d00f908d0bb0320cfb28cfb64904d9d10fb4d3d174baf8a2c9583b6eb66cfb,1774878348,2026-03-30T13:45:48+00:00,0.995,clob_prices_history
65252813896336788230617856248125123600178384752591631993072313635672275758489,0xb3d00f908d0bb0320cfb28cfb64904d9d10fb4d3d174baf8a2c9583b6eb66cfb,1774879257,2026-03-30T14:00:57+00:00,0.994,clob_prices_history
65252813896336788230617856248125123600178384752591631993072313635672275758489,0xb3d00f908d0bb0320cfb28cfb64904d9d10fb4d3d174baf8a2c9583b6eb66cfb,1774880148,2026-03-30T14:15:48+00:00,0.994,clob_prices_history
65252813896336788230617856248125123600178384752591631993072313635672275758489,0xb3d00f908d0bb0320cfb28cfb64904d9d10fb4d3d174baf8a2c9583b6eb66cfb,1774881944,2026-03-30T14:45:44+00:00,0.994,clob_prices_history
65252813896336788230617856248125123600178384752591631993072313635672275758489,0xb3d00f908d0bb0320cfb28cfb64904d9d10fb4d3d174baf8a2c9583b6eb66cfb,1774882852,2026-03-30T15:00:52+00:00,0.994,clob_prices_history
65252813896336788230617856248125123600178384752591631993072313635672275758489,0xb3d00f908d0bb0320cfb28cfb64904d9d10fb4d3d174baf8a2c9583b6eb66cfb,1774883739,2026-03-30T15:15:39+00:00,0.994,clob_prices_history
65252813896336788230617856248125123600178384752591631993072313635672275758489,0xb3d00f908d0bb0320cfb28cfb64904d9d10fb4d3d174baf8a2c9583b6eb66cfb,1774884643,2026-03-30T15:30:43+00:00,0.994,clob_prices_history
65252813896336788230617856248125123600178384752591631993072313635672275758489,0xb3d00f908d0bb0320cfb28cfb64904d9d10fb4d3d174baf8a2c9583b6eb66cfb,1774885548,2026-03-30T15:45:48+00:00,0.994,clob_prices_history
65252813896336788230617856248125123600178384752591631993072313635672275758489,0xb3d00f908d0bb0320cfb28cfb64904d9d10fb4d3d174baf8a2c9583b6eb66cfb,1774886447,2026-03-30T16:00:47+00:00,0.994,clob_prices_history
65252813896336788230617856248125123600178384752591631993072313635672275758489,0xb3d00f908d0bb0320cfb28cfb64904d9d10fb4d3d174baf8a2c9583b6eb66cfb,1774887343,2026-03-30T16:15:43+00:00,0.994,clob_prices_history
65252813896336788230617856248125123600178384752591631993072313635672275758489,0xb3d00f908d0bb0320cfb28cfb64904d9d10fb4d3d174baf8a2c9583b6eb66cfb,1774888254,2026-03-30T16:30:54+00:00,0.994,clob_prices_history
65252813896336788230617856248125123600178384752591631993072313635672275758489,0xb3d00f908d0bb0320cfb28cfb64904d9d10fb4d3d174baf8a2c9583b6eb66cfb,1774889148,2026-03-30T16:45:48+00:00,0.994,clob_prices_history
65252813896336788230617856248125123600178384752591631993072313635672275758489,0xb3d00f908d0bb0320cfb28cfb64904d9d10fb4d3d174baf8a2c9583b6eb66cfb,1774890948,2026-03-30T17:15:48+00:00,0.994,clob_prices_history
65252813896336788230617856248125123600178384752591631993072313635672275758489,0xb3d00f908d0bb0320cfb28cfb64904d9d10fb4d3d174baf8a2c9583b6eb66cfb,1774891856,2026-03-30T17:30:56+00:00,0.994,clob_prices_history
65252813896336788230617856248125123600178384752591631993072313635672275758489,0xb3d00f908d0bb0320cfb28cfb64904d9d10fb4d3d174baf8a2c9583b6eb66cfb,1774892747,2026-03-30T17:45:47+00:00,0.994,clob_prices_history
65252813896336788230617856248125123600178384752591631993072313635672275758489,0xb3d00f908d0bb0320cfb28cfb64904d9d10fb4d3d174baf8a2c9583b6eb66cfb,1774893655,2026-03-30T18:00:55+00:00,0.994,clob_prices_history
65252813896336788230617856248125123600178384752591631993072313635672275758489,0xb3d00f908d0bb0320cfb28cfb64904d9d10fb4d3d174baf8a2c9583b6eb66cfb,1774894556,2026-03-30T18:15:56+00:00,0.994,clob_prices_history
65252813896336788230617856248125123600178384752591631993072313635672275758489,0xb3d00f908d0bb0320cfb28cfb64904d9d10fb4d3d174baf8a2c9583b6eb66cfb,1774895448,2026-03-30T18:30:48+00:00,0.994,clob_prices_history
65252813896336788230617856248125123600178384752591631993072313635672275758489,0xb3d00f908d0bb0320cfb28cfb64904d9d10fb4d3d174baf8a2c9583b6eb66cfb,1774896349,2026-03-30T18:45:49+00:00,0.994,clob_prices_history
65252813896336788230617856248125123600178384752591631993072313635672275758489,0xb3d00f908d0bb0320cfb28cfb64904d9d10fb4d3d174baf8a2c9583b6eb66cfb,1774897254,2026-03-30T19:00:54+00:00,0.994,clob_prices_history
65252813896336788230617856248125123600178384752591631993072313635672275758489,0xb3d00f908d0bb0320cfb28cfb64904d9d10fb4d3d174baf8a2c9583b6eb66cfb,1774898140,2026-03-30T19:15:40+00:00,0.994,clob_prices_history
65252813896336788230617856248125123600178384752591631993072313635672275758489,0xb3d00f908d0bb0320cfb28cfb64904d9d10fb4d3d174baf8a2c9583b6eb66cfb,1774899048,2026-03-30T19:30:48+00:00,0.994,clob_prices_history
65252813896336788230617856248125123600178384752591631993072313635672275758489,0xb3d00f908d0bb0320cfb28cfb64904d9d10fb4d3d174baf8a2c9583b6eb66cfb,1774899941,2026-03-30T19:45:41+00:00,0.994,clob_prices_history
65252813896336788230617856248125123600178384752591631993072313635672275758489,0xb3d00f908d0bb0320cfb28cfb64904d9d10fb4d3d174baf8a2c9583b6eb66cfb,1774901752,2026-03-30T20:15:52+00:00,0.994,clob_prices_history
65252813896336788230617856248125123600178384752591631993072313635672275758489,0xb3d00f908d0bb0320cfb28cfb64904d9d10fb4d3d174baf8a2c9583b6eb66cfb,1774902650,2026-03-30T20:30:50+00:00,0.994,clob_prices_history
65252813896336788230617856248125123600178384752591631993072313635672275758489,0xb3d00f908d0bb0320cfb28cfb64904d9d10fb4d3d174baf8a2c9583b6eb66cfb,1774903540,2026-03-30T20:45:40+00:00,0.994,clob_prices_history
65252813896336788230617856248125123600178384752591631993072313635672275758489,0xb3d00f908d0bb0320cfb28cfb64904d9d10fb4d3d174baf8a2c9583b6eb66cfb,1774904450,2026-03-30T21:00:50+00:00,0.994,clob_prices_history
65252813896336788230617856248125123600178384752591631993072313635672275758489,0xb3d00f908d0bb0320cfb28cfb64904d9d10fb4d3d174baf8a2c9583b6eb66cfb,1774905342,2026-03-30T21:15:42+00:00,0.994,clob_prices_history
65252813896336788230617856248125123600178384752591631993072313635672275758489,0xb3d00f908d0bb0320cfb28cfb64904d9d10fb4d3d174baf8a2c9583b6eb66cfb,1774906243,2026-03-30T21:30:43+00:00,0.994,clob_prices_history
65252813896336788230617856248125123600178384752591631993072313635672275758489,0xb3d00f908d0bb0320cfb28cfb64904d9d10fb4d3d174baf8a2c9583b6eb66cfb,1774907144,2026-03-30T21:45:44+00:00,0.994,clob_prices_history
65252813896336788230617856248125123600178384752591631993072313635672275758489,0xb3d00f908d0bb0320cfb28cfb64904d9d10fb4d3d174baf8a2c9583b6eb66cfb,1774908044,2026-03-30T22:00:44+00:00,0.994,clob_prices_history
65252813896336788230617856248125123600178384752591631993072313635672275758489,0xb3d00f908d0bb0320cfb28cfb64904d9d10fb4d3d174baf8a2c9583b6eb66cfb,1774908939,2026-03-30T22:15:39+00:00,0.994,clob_prices_history
65252813896336788230617856248125123600178384752591631993072313635672275758489,0xb3d00f908d0bb0320cfb28cfb64904d9d10fb4d3d174baf8a2c9583b6eb66cfb,1774909845,2026-03-30T22:30:45+00:00,0.994,clob_prices_history
65252813896336788230617856248125123600178384752591631993072313635672275758489,0xb3d00f908d0bb0320cfb28cfb64904d9d10fb4d3d174baf8a2c9583b6eb66cfb,1774910740,2026-03-30T22:45:40+00:00,0.994,clob_prices_history
65252813896336788230617856248125123600178384752591631993072313635672275758489,0xb3d00f908d0bb0320cfb28cfb64904d9d10fb4d3d174baf8a2c9583b6eb66cfb,1774911645,2026-03-30T23:00:45+00:00,0.994,clob_prices_history
65252813896336788230617856248125123600178384752591631993072313635672275758489,0xb3d00f908d0bb0320cfb28cfb64904d9d10fb4d3d174baf8a2c9583b6eb66cfb,1774912540,2026-03-30T23:15:40+00:00,0.994,clob_prices_history
65252813896336788230617856248125123600178384752591631993072313635672275758489,0xb3d00f908d0bb0320cfb28cfb64904d9d10fb4d3d174baf8a2c9583b6eb66cfb,1774913455,2026-03-30T23:30:55+00:00,0.994,clob_prices_history
65252813896336788230617856248125123600178384752591631993072313635672275758489,0xb3d00f908d0bb0320cfb28cfb64904d9d10fb4d3d174baf8a2c9583b6eb66cfb,1774914340,2026-03-30T23:45:40+00:00,0.994,clob_prices_history
65252813896336788230617856248125123600178384752591631993072313635672275758489,0xb3d00f908d0bb0320cfb28cfb64904d9d10fb4d3d174baf8a2c9583b6eb66cfb,1774915256,2026-03-31T00:00:56+00:00,0.994,clob_prices_history
65252813896336788230617856248125123600178384752591631993072313635672275758489,0xb3d00f908d0bb0320cfb28cfb64904d9d10fb4d3d174baf8a2c9583b6eb66cfb,1774916142,2026-03-31T00:15:42+00:00,0.994,clob_prices_history
65252813896336788230617856248125123600178384752591631993072313635672275758489,0xb3d00f908d0bb0320cfb28cfb64904d9d10fb4d3d174baf8a2c9583b6eb66cfb,1774917046,2026-03-31T00:30:46+00:00,0.994,clob_prices_history
65252813896336788230617856248125123600178384752591631993072313635672275758489,0xb3d00f908d0bb0320cfb28cfb64904d9d10fb4d3d174baf8a2c9583b6eb66cfb,1774917947,2026-03-31T00:45:47+00:00,0.994,clob_prices_history
65252813896336788230617856248125123600178384752591631993072313635672275758489,0xb3d00f908d0bb0320cfb28cfb64904d9d10fb4d3d174baf8a2c9583b6eb66cfb,1774918848,2026-03-31T01:00:48+00:00,0.994,clob_prices_history
65252813896336788230617856248125123600178384752591631993072313635672275758489,0xb3d00f908d0bb0320cfb28cfb64904d9d10fb4d3d174baf8a2c9583b6eb66cfb,1774919745,2026-03-31T01:15:45+00:00,0.994,clob_prices_history
65252813896336788230617856248125123600178384752591631993072313635672275758489,0xb3d00f908d0bb0320cfb28cfb64904d9d10fb4d3d174baf8a2c9583b6eb66cfb,1774920646,2026-03-31T01:30:46+00:00,0.994,clob_prices_history
65252813896336788230617856248125123600178384752591631993072313635672275758489,0xb3d00f908d0bb0320cfb28cfb64904d9d10fb4d3d174baf8a2c9583b6eb66cfb,1774921548,2026-03-31T01:45:48+00:00,0.994,clob_prices_history
65252813896336788230617856248125123600178384752591631993072313635672275758489,0xb3d00f908d0bb0320cfb28cfb64904d9d10fb4d3d174baf8a2c9583b6eb66cfb,1774923342,2026-03-31T02:15:42+00:00,0.994,clob_prices_history
65252813896336788230617856248125123600178384752591631993072313635672275758489,0xb3d00f908d0bb0320cfb28cfb64904d9d10fb4d3d174baf8a2c9583b6eb66cfb,1774924250,2026-03-31T02:30:50+00:00,0.994,clob_prices_history
65252813896336788230617856248125123600178384752591631993072313635672275758489,0xb3d00f908d0bb0320cfb28cfb64904d9d10fb4d3d174baf8a2c9583b6eb66cfb,1774925140,2026-03-31T02:45:40+00:00,0.994,clob_prices_history
65252813896336788230617856248125123600178384752591631993072313635672275758489,0xb3d00f908d0bb0320cfb28cfb64904d9d10fb4d3d174baf8a2c9583b6eb66cfb,1774926939,2026-03-31T03:15:39+00:00,0.994,clob_prices_history
65252813896336788230617856248125123600178384752591631993072313635672275758489,0xb3d00f908d0bb0320cfb28cfb64904d9d10fb4d3d174baf8a2c9583b6eb66cfb,1774927849,2026-03-31T03:30:49+00:00,0.994,clob_prices_history
65252813896336788230617856248125123600178384752591631993072313635672275758489,0xb3d00f908d0bb0320cfb28cfb64904d9d10fb4d3d174baf8a2c9583b6eb66cfb,1774928742,2026-03-31T03:45:42+00:00,0.994,clob_prices_history
65252813896336788230617856248125123600178384752591631993072313635672275758489,0xb3d00f908d0bb0320cfb28cfb64904d9d10fb4d3d174baf8a2c9583b6eb66cfb,1774929643,2026-03-31T04:00:43+00:00,0.994,clob_prices_history
65252813896336788230617856248125123600178384752591631993072313635672275758489,0xb3d00f908d0bb0320cfb28cfb64904d9d10fb4d3d174baf8a2c9583b6eb66cfb,1774930543,2026-03-31T04:15:43+00:00,0.994,clob_prices_history
65252813896336788230617856248125123600178384752591631993072313635672275758489,0xb3d00f908d0bb0320cfb28cfb64904d9d10fb4d3d174baf8a2c9583b6eb66cfb,1774931424,2026-03-31T04:30:24+00:00,0.994,clob_prices_history
65252813896336788230617856248125123600178384752591631993072313635672275758489,0xb3d00f908d0bb0320cfb28cfb64904d9d10fb4d3d174baf8a2c9583b6eb66cfb,1774932312,2026-03-31T04:45:12+00:00,0.994,clob_prices_history
65252813896336788230617856248125123600178384752591631993072313635672275758489,0xb3d00f908d0bb0320cfb28cfb64904d9d10fb4d3d174baf8a2c9583b6eb66cfb,1774933245,2026-03-31T05:00:45+00:00,0.994,clob_prices_history
65252813896336788230617856248125123600178384752591631993072313635672275758489,0xb3d00f908d0bb0320cfb28cfb64904d9d10fb4d3d174baf8a2c9583b6eb66cfb,1774934143,2026-03-31T05:15:43+00:00,0.994,clob_prices_history
65252813896336788230617856248125123600178384752591631993072313635672275758489,0xb3d00f908d0bb0320cfb28cfb64904d9d10fb4d3d174baf8a2c9583b6eb66cfb,1774935050,2026-03-31T05:30:50+00:00,0.994,clob_prices_history
65252813896336788230617856248125123600178384752591631993072313635672275758489,0xb3d00f908d0bb0320cfb28cfb64904d9d10fb4d3d174baf8a2c9583b6eb66cfb,1774935946,2026-03-31T05:45:46+00:00,0.9935,clob_prices_history
65252813896336788230617856248125123600178384752591631993072313635672275758489,0xb3d00f908d0bb0320cfb28cfb64904d9d10fb4d3d174baf8a2c9583b6eb66cfb,1774936853,2026-03-31T06:00:53+00:00,0.9935,clob_prices_history
65252813896336788230617856248125123600178384752591631993072313635672275758489,0xb3d00f908d0bb0320cfb28cfb64904d9d10fb4d3d174baf8a2c9583b6eb66cfb,1774937743,2026-03-31T06:15:43+00:00,0.993,clob_prices_history
65252813896336788230617856248125123600178384752591631993072313635672275758489,0xb3d00f908d0bb0320cfb28cfb64904d9d10fb4d3d174baf8a2c9583b6eb66cfb,1774938656,2026-03-31T06:30:56+00:00,0.993,clob_prices_history
65252813896336788230617856248125123600178384752591631993072313635672275758489,0xb3d00f908d0bb0320cfb28cfb64904d9d10fb4d3d174baf8a2c9583b6eb66cfb,1774939549,2026-03-31T06:45:49+00:00,0.9925,clob_prices_history
65252813896336788230617856248125123600178384752591631993072313635672275758489,0xb3d00f908d0bb0320cfb28cfb64904d9d10fb4d3d174baf8a2c9583b6eb66cfb,1774940454,2026-03-31T07:00:54+00:00,0.9925,clob_prices_history
65252813896336788230617856248125123600178384752591631993072313635672275758489,0xb3d00f908d0bb0320cfb28cfb64904d9d10fb4d3d174baf8a2c9583b6eb66cfb,1774942257,2026-03-31T07:30:57+00:00,0.9925,clob_prices_history
65252813896336788230617856248125123600178384752591631993072313635672275758489,0xb3d00f908d0bb0320cfb28cfb64904d9d10fb4d3d174baf8a2c9583b6eb66cfb,1774943144,2026-03-31T07:45:44+00:00,0.9925,clob_prices_history
65252813896336788230617856248125123600178384752591631993072313635672275758489,0xb3d00f908d0bb0320cfb28cfb64904d9d10fb4d3d174baf8a2c9583b6eb66cfb,1774944044,2026-03-31T08:00:44+00:00,0.9925,clob_prices_history
65252813896336788230617856248125123600178384752591631993072313635672275758489,0xb3d00f908d0bb0320cfb28cfb64904d9d10fb4d3d174baf8a2c9583b6eb66cfb,1774944944,2026-03-31T08:15:44+00:00,0.9925,clob_prices_history
65252813896336788230617856248125123600178384752591631993072313635672275758489,0xb3d00f908d0bb0320cfb28cfb64904d9d10fb4d3d174baf8a2c9583b6eb66cfb,1774946744,2026-03-31T08:45:44+00:00,0.9925,clob_prices_history
65252813896336788230617856248125123600178384752591631993072313635672275758489,0xb3d00f908d0bb0320cfb28cfb64904d9d10fb4d3d174baf8a2c9583b6eb66cfb,1774947657,2026-03-31T09:00:57+00:00,0.9925,clob_prices_history
65252813896336788230617856248125123600178384752591631993072313635672275758489,0xb3d00f908d0bb0320cfb28cfb64904d9d10fb4d3d174baf8a2c9583b6eb66cfb,1774948548,2026-03-31T09:15:48+00:00,0.9925,clob_prices_history
65252813896336788230617856248125123600178384752591631993072313635672275758489,0xb3d00f908d0bb0320cfb28cfb64904d9d10fb4d3d174baf8a2c9583b6eb66cfb,1774950341,2026-03-31T09:45:41+00:00,0.9925,clob_prices_history
65252813896336788230617856248125123600178384752591631993072313635672275758489,0xb3d00f908d0bb0320cfb28cfb64904d9d10fb4d3d174baf8a2c9583b6eb66cfb,1774951248,2026-03-31T10:00:48+00:00,0.9925,clob_prices_history
65252813896336788230617856248125123600178384752591631993072313635672275758489,0xb3d00f908d0bb0320cfb28cfb64904d9d10fb4d3d174baf8a2c9583b6eb66cfb,1774952145,2026-03-31T10:15:45+00:00,0.9925,clob_prices_history
65252813896336788230617856248125123600178384752591631993072313635672275758489,0xb3d00f908d0bb0320cfb28cfb64904d9d10fb4d3d174baf8a2c9583b6eb66cfb,1774953049,2026-03-31T10:30:49+00:00,0.9925,clob_prices_history
65252813896336788230617856248125123600178384752591631993072313635672275758489,0xb3d00f908d0bb0320cfb28cfb64904d9d10fb4d3d174baf8a2c9583b6eb66cfb,1774953941,2026-03-31T10:45:41+00:00,0.9925,clob_prices_history
65252813896336788230617856248125123600178384752591631993072313635672275758489,0xb3d00f908d0bb0320cfb28cfb64904d9d10fb4d3d174baf8a2c9583b6eb66cfb,1774954851,2026-03-31T11:00:51+00:00,0.992,clob_prices_history
65252813896336788230617856248125123600178384752591631993072313635672275758489,0xb3d00f908d0bb0320cfb28cfb64904d9d10fb4d3d174baf8a2c9583b6eb66cfb,1774955748,2026-03-31T11:15:48+00:00,0.992,clob_prices_history
65252813896336788230617856248125123600178384752591631993072313635672275758489,0xb3d00f908d0bb0320cfb28cfb64904d9d10fb4d3d174baf8a2c9583b6eb66cfb,1774956652,2026-03-31T11:30:52+00:00,0.9925,clob_prices_history
65252813896336788230617856248125123600178384752591631993072313635672275758489,0xb3d00f908d0bb0320cfb28cfb64904d9d10fb4d3d174baf8a2c9583b6eb66cfb,1774957547,2026-03-31T11:45:47+00:00,0.9925,clob_prices_history
65252813896336788230617856248125123600178384752591631993072313635672275758489,0xb3d00f908d0bb0320cfb28cfb64904d9d10fb4d3d174baf8a2c9583b6eb66cfb,1774959349,2026-03-31T12:15:49+00:00,0.9935,clob_prices_history
65252813896336788230617856248125123600178384752591631993072313635672275758489,0xb3d00f908d0bb0320cfb28cfb64904d9d10fb4d3d174baf8a2c9583b6eb66cfb,1774960247,2026-03-31T12:30:47+00:00,0.9935,clob_prices_history
65252813896336788230617856248125123600178384752591631993072313635672275758489,0xb3d00f908d0bb0320cfb28cfb64904d9d10fb4d3d174baf8a2c9583b6eb66cfb,1774962049,2026-03-31T13:00:49+00:00,0.993,clob_prices_history
65252813896336788230617856248125123600178384752591631993072313635672275758489,0xb3d00f908d0bb0320cfb28cfb64904d9d10fb4d3d174baf8a2c9583b6eb66cfb,1774962943,2026-03-31T13:15:43+00:00,0.9935,clob_prices_history
65252813896336788230617856248125123600178384752591631993072313635672275758489,0xb3d00f908d0bb0320cfb28cfb64904d9d10fb4d3d174baf8a2c9583b6eb66cfb,1774963850,2026-03-31T13:30:50+00:00,0.9935,clob_prices_history
65252813896336788230617856248125123600178384752591631993072313635672275758489,0xb3d00f908d0bb0320cfb28cfb64904d9d10fb4d3d174baf8a2c9583b6eb66cfb,1774964752,2026-03-31T13:45:52+00:00,0.993,clob_prices_history
65252813896336788230617856248125123600178384752591631993072313635672275758489,0xb3d00f908d0bb0320cfb28cfb64904d9d10fb4d3d174baf8a2c9583b6eb66cfb,1774965654,2026-03-31T14:00:54+00:00,0.9935,clob_prices_history
65252813896336788230617856248125123600178384752591631993072313635672275758489,0xb3d00f908d0bb0320cfb28cfb64904d9d10fb4d3d174baf8a2c9583b6eb66cfb,1774966554,2026-03-31T14:15:54+00:00,0.993,clob_prices_history
65252813896336788230617856248125123600178384752591631993072313635672275758489,0xb3d00f908d0bb0320cfb28cfb64904d9d10fb4d3d174baf8a2c9583b6eb66cfb,1774967408,2026-03-31T14:30:08+00:00,0.9935,clob_prices_history
65252813896336788230617856248125123600178384752591631993072313635672275758489,0xb3d00f908d0bb0320cfb28cfb64904d9d10fb4d3d174baf8a2c9583b6eb66cfb,1774969228,2026-03-31T15:00:28+00:00,0.9935,clob_prices_history
65252813896336788230617856248125123600178384752591631993072313635672275758489,0xb3d00f908d0bb0320cfb28cfb64904d9d10fb4d3d174baf8a2c9583b6eb66cfb,1774970145,2026-03-31T15:15:45+00:00,0.9935,clob_prices_history
65252813896336788230617856248125123600178384752591631993072313635672275758489,0xb3d00f908d0bb0320cfb28cfb64904d9d10fb4d3d174baf8a2c9583b6eb66cfb,1774971053,2026-03-31T15:30:53+00:00,0.9945,clob_prices_history
65252813896336788230617856248125123600178384752591631993072313635672275758489,0xb3d00f908d0bb0320cfb28cfb64904d9d10fb4d3d174baf8a2c9583b6eb66cfb,1774971950,2026-03-31T15:45:50+00:00,0.994,clob_prices_history
65252813896336788230617856248125123600178384752591631993072313635672275758489,0xb3d00f908d0bb0320cfb28cfb64904d9d10fb4d3d174baf8a2c9583b6eb66cfb,1774972856,2026-03-31T16:00:56+00:00,0.9945,clob_prices_history
65252813896336788230617856248125123600178384752591631993072313635672275758489,0xb3d00f908d0bb0320cfb28cfb64904d9d10fb4d3d174baf8a2c9583b6eb66cfb,1774973744,2026-03-31T16:15:44+00:00,0.9945,clob_prices_history
65252813896336788230617856248125123600178384752591631993072313635672275758489,0xb3d00f908d0bb0320cfb28cfb64904d9d10fb4d3d174baf8a2c9583b6eb66cfb,1774976415,2026-03-31T17:00:15+00:00,0.9945,clob_prices_history
65252813896336788230617856248125123600178384752591631993072313635672275758489,0xb3d00f908d0bb0320cfb28cfb64904d9d10fb4d3d174baf8a2c9583b6eb66cfb,1774977300,2026-03-31T17:15:00+00:00,0.9945,clob_prices_history
65252813896336788230617856248125123600178384752591631993072313635672275758489,0xb3d00f908d0bb0320cfb28cfb64904d9d10fb4d3d174baf8a2c9583b6eb66cfb,1774978230,2026-03-31T17:30:30+00:00,0.994,clob_prices_history
65252813896336788230617856248125123600178384752591631993072313635672275758489,0xb3d00f908d0bb0320cfb28cfb64904d9d10fb4d3d174baf8a2c9583b6eb66cfb,1774979102,2026-03-31T17:45:02+00:00,0.9945,clob_prices_history
65252813896336788230617856248125123600178384752591631993072313635672275758489,0xb3d00f908d0bb0320cfb28cfb64904d9d10fb4d3d174baf8a2c9583b6eb66cfb,1774980044,2026-03-31T18:00:44+00:00,0.9945,clob_prices_history
65252813896336788230617856248125123600178384752591631993072313635672275758489,0xb3d00f908d0bb0320cfb28cfb64904d9d10fb4d3d174baf8a2c9583b6eb66cfb,1774980949,2026-03-31T18:15:49+00:00,0.994,clob_prices_history
65252813896336788230617856248125123600178384752591631993072313635672275758489,0xb3d00f908d0bb0320cfb28cfb64904d9d10fb4d3d174baf8a2c9583b6eb66cfb,1774981855,2026-03-31T18:30:55+00:00,0.9945,clob_prices_history
65252813896336788230617856248125123600178384752591631993072313635672275758489,0xb3d00f908d0bb0320cfb28cfb64904d9d10fb4d3d174baf8a2c9583b6eb66cfb,1774982751,2026-03-31T18:45:51+00:00,0.9945,clob_prices_history
65252813896336788230617856248125123600178384752591631993072313635672275758489,0xb3d00f908d0bb0320cfb28cfb64904d9d10fb4d3d174baf8a2c9583b6eb66cfb,1774985403,2026-03-31T19:30:03+00:00,0.9945,clob_prices_history
65252813896336788230617856248125123600178384752591631993072313635672275758489,0xb3d00f908d0bb0320cfb28cfb64904d9d10fb4d3d174baf8a2c9583b6eb66cfb,1774986336,2026-03-31T19:45:36+00:00,0.9945,clob_prices_history
65252813896336788230617856248125123600178384752591631993072313635672275758489,0xb3d00f908d0bb0320cfb28cfb64904d9d10fb4d3d174baf8a2c9583b6eb66cfb,1774988149,2026-03-31T20:15:49+00:00,0.9955,clob_prices_history
65252813896336788230617856248125123600178384752591631993072313635672275758489,0xb3d00f908d0bb0320cfb28cfb64904d9d10fb4d3d174baf8a2c9583b6eb66cfb,1774989053,2026-03-31T20:30:53+00:00,0.9955,clob_prices_history
65252813896336788230617856248125123600178384752591631993072313635672275758489,0xb3d00f908d0bb0320cfb28cfb64904d9d10fb4d3d174baf8a2c9583b6eb66cfb,1774989953,2026-03-31T20:45:53+00:00,0.9955,clob_prices_history
65252813896336788230617856248125123600178384752591631993072313635672275758489,0xb3d00f908d0bb0320cfb28cfb64904d9d10fb4d3d174baf8a2c9583b6eb66cfb,1774990855,2026-03-31T21:00:55+00:00,0.9955,clob_prices_history
65252813896336788230617856248125123600178384752591631993072313635672275758489,0xb3d00f908d0bb0320cfb28cfb64904d9d10fb4d3d174baf8a2c9583b6eb66cfb,1774991747,2026-03-31T21:15:47+00:00,0.9955,clob_prices_history
65252813896336788230617856248125123600178384752591631993072313635672275758489,0xb3d00f908d0bb0320cfb28cfb64904d9d10fb4d3d174baf8a2c9583b6eb66cfb,1774992658,2026-03-31T21:30:58+00:00,0.9955,clob_prices_history
65252813896336788230617856248125123600178384752591631993072313635672275758489,0xb3d00f908d0bb0320cfb28cfb64904d9d10fb4d3d174baf8a2c9583b6eb66cfb,1774993549,2026-03-31T21:45:49+00:00,0.9955,clob_prices_history
65252813896336788230617856248125123600178384752591631993072313635672275758489,0xb3d00f908d0bb0320cfb28cfb64904d9d10fb4d3d174baf8a2c9583b6eb66cfb,1774994452,2026-03-31T22:00:52+00:00,0.9955,clob_prices_history
65252813896336788230617856248125123600178384752591631993072313635672275758489,0xb3d00f908d0bb0320cfb28cfb64904d9d10fb4d3d174baf8a2c9583b6eb66cfb,1774995342,2026-03-31T22:15:42+00:00,0.9955,clob_prices_history
65252813896336788230617856248125123600178384752591631993072313635672275758489,0xb3d00f908d0bb0320cfb28cfb64904d9d10fb4d3d174baf8a2c9583b6eb66cfb,1774996247,2026-03-31T22:30:47+00:00,0.9955,clob_prices_history
65252813896336788230617856248125123600178384752591631993072313635672275758489,0xb3d00f908d0bb0320cfb28cfb64904d9d10fb4d3d174baf8a2c9583b6eb66cfb,1774997153,2026-03-31T22:45:53+00:00,0.9955,clob_prices_history
65252813896336788230617856248125123600178384752591631993072313635672275758489,0xb3d00f908d0bb0320cfb28cfb64904d9d10fb4d3d174baf8a2c9583b6eb66cfb,1774998049,2026-03-31T23:00:49+00:00,0.994,clob_prices_history
65252813896336788230617856248125123600178384752591631993072313635672275758489,0xb3d00f908d0bb0320cfb28cfb64904d9d10fb4d3d174baf8a2c9583b6eb66cfb,1774998943,2026-03-31T23:15:43+00:00,0.994,clob_prices_history
65252813896336788230617856248125123600178384752591631993072313635672275758489,0xb3d00f908d0bb0320cfb28cfb64904d9d10fb4d3d174baf8a2c9583b6eb66cfb,1774999843,2026-03-31T23:30:43+00:00,0.994,clob_prices_history
65252813896336788230617856248125123600178384752591631993072313635672275758489,0xb3d00f908d0bb0320cfb28cfb64904d9d10fb4d3d174baf8a2c9583b6eb66cfb,1775000745,2026-03-31T23:45:45+00:00,0.9935,clob_prices_history
