asset,conditionId,timestamp,timestamp_utc,price,source
17398942423057686582491252867921221591924525918102079345877032638913486446065,0x139ba0e7f931f09466c0fb27fc8ddb5e77ce9d1e2bdc953a5f22765bf779452f,1772324140,2026-03-01T00:15:40+00:00,0.835,clob_prices_history
17398942423057686582491252867921221591924525918102079345877032638913486446065,0x139ba0e7f931f09466c0fb27fc8ddb5e77ce9d1e2bdc953a5f22765bf779452f,1772325055,2026-03-01T00:30:55+00:00,0.835,clob_prices_history
17398942423057686582491252867921221591924525918102079345877032638913486446065,0x139ba0e7f931f09466c0fb27fc8ddb5e77ce9d1e2bdc953a5f22765bf779452f,1772325928,2026-03-01T00:45:28+00:00,0.835,clob_prices_history
17398942423057686582491252867921221591924525918102079345877032638913486446065,0x139ba0e7f931f09466c0fb27fc8ddb5e77ce9d1e2bdc953a5f22765bf779452f,1772326837,2026-03-01T01:00:37+00:00,0.835,clob_prices_history
17398942423057686582491252867921221591924525918102079345877032638913486446065,0x139ba0e7f931f09466c0fb27fc8ddb5e77ce9d1e2bdc953a5f22765bf779452f,1772327730,2026-03-01T01:15:30+00:00,0.835,clob_prices_history
17398942423057686582491252867921221591924525918102079345877032638913486446065,0x139ba0e7f931f09466c0fb27fc8ddb5e77ce9d1e2bdc953a5f22765bf779452f,1772328633,2026-03-01T01:30:33+00:00,0.835,clob_prices_history
17398942423057686582491252867921221591924525918102079345877032638913486446065,0x139ba0e7f931f09466c0fb27fc8ddb5e77ce9d1e2bdc953a5f22765bf779452f,1772329529,2026-03-01T01:45:29+00:00,0.835,clob_prices_history
17398942423057686582491252867921221591924525918102079345877032638913486446065,0x139ba0e7f931f09466c0fb27fc8ddb5e77ce9d1e2bdc953a5f22765bf779452f,1772330434,2026-03-01T02:00:34+00:00,0.835,clob_prices_history
17398942423057686582491252867921221591924525918102079345877032638913486446065,0x139ba0e7f931f09466c0fb27fc8ddb5e77ce9d1e2bdc953a5f22765bf779452f,1772331355,2026-03-01T02:15:55+00:00,0.835,clob_prices_history
17398942423057686582491252867921221591924525918102079345877032638913486446065,0x139ba0e7f931f09466c0fb27fc8ddb5e77ce9d1e2bdc953a5f22765bf779452f,1772332232,2026-03-01T02:30:32+00:00,0.835,clob_prices_history
17398942423057686582491252867921221591924525918102079345877032638913486446065,0x139ba0e7f931f09466c0fb27fc8ddb5e77ce9d1e2bdc953a5f22765bf779452f,1772333133,2026-03-01T02:45:33+00:00,0.835,clob_prices_history
17398942423057686582491252867921221591924525918102079345877032638913486446065,0x139ba0e7f931f09466c0fb27fc8ddb5e77ce9d1e2bdc953a5f22765bf779452f,1772334037,2026-03-01T03:00:37+00:00,0.835,clob_prices_history
17398942423057686582491252867921221591924525918102079345877032638913486446065,0x139ba0e7f931f09466c0fb27fc8ddb5e77ce9d1e2bdc953a5f22765bf779452f,1772334929,2026-03-01T03:15:29+00:00,0.835,clob_prices_history
17398942423057686582491252867921221591924525918102079345877032638913486446065,0x139ba0e7f931f09466c0fb27fc8ddb5e77ce9d1e2bdc953a5f22765bf779452f,1772335837,2026-03-01T03:30:37+00:00,0.835,clob_prices_history
17398942423057686582491252867921221591924525918102079345877032638913486446065,0x139ba0e7f931f09466c0fb27fc8ddb5e77ce9d1e2bdc953a5f22765bf779452f,1772336727,2026-03-01T03:45:27+00:00,0.835,clob_prices_history
17398942423057686582491252867921221591924525918102079345877032638913486446065,0x139ba0e7f931f09466c0fb27fc8ddb5e77ce9d1e2bdc953a5f22765bf779452f,1772337634,2026-03-01T04:00:34+00:00,0.835,clob_prices_history
17398942423057686582491252867921221591924525918102079345877032638913486446065,0x139ba0e7f931f09466c0fb27fc8ddb5e77ce9d1e2bdc953a5f22765bf779452f,1772338528,2026-03-01T04:15:28+00:00,0.835,clob_prices_history
17398942423057686582491252867921221591924525918102079345877032638913486446065,0x139ba0e7f931f09466c0fb27fc8ddb5e77ce9d1e2bdc953a5f22765bf779452f,1772339432,2026-03-01T04:30:32+00:00,0.835,clob_prices_history
17398942423057686582491252867921221591924525918102079345877032638913486446065,0x139ba0e7f931f09466c0fb27fc8ddb5e77ce9d1e2bdc953a5f22765bf779452f,1772340327,2026-03-01T04:45:27+00:00,0.835,clob_prices_history
17398942423057686582491252867921221591924525918102079345877032638913486446065,0x139ba0e7f931f09466c0fb27fc8ddb5e77ce9d1e2bdc953a5f22765bf779452f,1772341232,2026-03-01T05:00:32+00:00,0.835,clob_prices_history
17398942423057686582491252867921221591924525918102079345877032638913486446065,0x139ba0e7f931f09466c0fb27fc8ddb5e77ce9d1e2bdc953a5f22765bf779452f,1772342128,2026-03-01T05:15:28+00:00,0.835,clob_prices_history
17398942423057686582491252867921221591924525918102079345877032638913486446065,0x139ba0e7f931f09466c0fb27fc8ddb5e77ce9d1e2bdc953a5f22765bf779452f,1772343033,2026-03-01T05:30:33+00:00,0.835,clob_prices_history
17398942423057686582491252867921221591924525918102079345877032638913486446065,0x139ba0e7f931f09466c0fb27fc8ddb5e77ce9d1e2bdc953a5f22765bf779452f,1772343928,2026-03-01T05:45:28+00:00,0.835,clob_prices_history
17398942423057686582491252867921221591924525918102079345877032638913486446065,0x139ba0e7f931f09466c0fb27fc8ddb5e77ce9d1e2bdc953a5f22765bf779452f,1772345734,2026-03-01T06:15:34+00:00,0.835,clob_prices_history
17398942423057686582491252867921221591924525918102079345877032638913486446065,0x139ba0e7f931f09466c0fb27fc8ddb5e77ce9d1e2bdc953a5f22765bf779452f,1772346632,2026-03-01T06:30:32+00:00,0.835,clob_prices_history
17398942423057686582491252867921221591924525918102079345877032638913486446065,0x139ba0e7f931f09466c0fb27fc8ddb5e77ce9d1e2bdc953a5f22765bf779452f,1772347527,2026-03-01T06:45:27+00:00,0.835,clob_prices_history
17398942423057686582491252867921221591924525918102079345877032638913486446065,0x139ba0e7f931f09466c0fb27fc8ddb5e77ce9d1e2bdc953a5f22765bf779452f,1772348430,2026-03-01T07:00:30+00:00,0.835,clob_prices_history
17398942423057686582491252867921221591924525918102079345877032638913486446065,0x139ba0e7f931f09466c0fb27fc8ddb5e77ce9d1e2bdc953a5f22765bf779452f,1772349330,2026-03-01T07:15:30+00:00,0.835,clob_prices_history
17398942423057686582491252867921221591924525918102079345877032638913486446065,0x139ba0e7f931f09466c0fb27fc8ddb5e77ce9d1e2bdc953a5f22765bf779452f,1772350238,2026-03-01T07:30:38+00:00,0.835,clob_prices_history
17398942423057686582491252867921221591924525918102079345877032638913486446065,0x139ba0e7f931f09466c0fb27fc8ddb5e77ce9d1e2bdc953a5f22765bf779452f,1772351132,2026-03-01T07:45:32+00:00,0.835,clob_prices_history
17398942423057686582491252867921221591924525918102079345877032638913486446065,0x139ba0e7f931f09466c0fb27fc8ddb5e77ce9d1e2bdc953a5f22765bf779452f,1772352033,2026-03-01T08:00:33+00:00,0.835,clob_prices_history
17398942423057686582491252867921221591924525918102079345877032638913486446065,0x139ba0e7f931f09466c0fb27fc8ddb5e77ce9d1e2bdc953a5f22765bf779452f,1772352928,2026-03-01T08:15:28+00:00,0.835,clob_prices_history
17398942423057686582491252867921221591924525918102079345877032638913486446065,0x139ba0e7f931f09466c0fb27fc8ddb5e77ce9d1e2bdc953a5f22765bf779452f,1772353832,2026-03-01T08:30:32+00:00,0.835,clob_prices_history
17398942423057686582491252867921221591924525918102079345877032638913486446065,0x139ba0e7f931f09466c0fb27fc8ddb5e77ce9d1e2bdc953a5f22765bf779452f,1772354726,2026-03-01T08:45:26+00:00,0.835,clob_prices_history
17398942423057686582491252867921221591924525918102079345877032638913486446065,0x139ba0e7f931f09466c0fb27fc8ddb5e77ce9d1e2bdc953a5f22765bf779452f,1772355648,2026-03-01T09:00:48+00:00,0.835,clob_prices_history
17398942423057686582491252867921221591924525918102079345877032638913486446065,0x139ba0e7f931f09466c0fb27fc8ddb5e77ce9d1e2bdc953a5f22765bf779452f,1772356533,2026-03-01T09:15:33+00:00,0.835,clob_prices_history
17398942423057686582491252867921221591924525918102079345877032638913486446065,0x139ba0e7f931f09466c0fb27fc8ddb5e77ce9d1e2bdc953a5f22765bf779452f,1772357433,2026-03-01T09:30:33+00:00,0.835,clob_prices_history
17398942423057686582491252867921221591924525918102079345877032638913486446065,0x139ba0e7f931f09466c0fb27fc8ddb5e77ce9d1e2bdc953a5f22765bf779452f,1772358328,2026-03-01T09:45:28+00:00,0.835,clob_prices_history
17398942423057686582491252867921221591924525918102079345877032638913486446065,0x139ba0e7f931f09466c0fb27fc8ddb5e77ce9d1e2bdc953a5f22765bf779452f,1772359238,2026-03-01T10:00:38+00:00,0.835,clob_prices_history
17398942423057686582491252867921221591924525918102079345877032638913486446065,0x139ba0e7f931f09466c0fb27fc8ddb5e77ce9d1e2bdc953a5f22765bf779452f,1772360128,2026-03-01T10:15:28+00:00,0.835,clob_prices_history
17398942423057686582491252867921221591924525918102079345877032638913486446065,0x139ba0e7f931f09466c0fb27fc8ddb5e77ce9d1e2bdc953a5f22765bf779452f,1772361032,2026-03-01T10:30:32+00:00,0.835,clob_prices_history
17398942423057686582491252867921221591924525918102079345877032638913486446065,0x139ba0e7f931f09466c0fb27fc8ddb5e77ce9d1e2bdc953a5f22765bf779452f,1772361927,2026-03-01T10:45:27+00:00,0.835,clob_prices_history
17398942423057686582491252867921221591924525918102079345877032638913486446065,0x139ba0e7f931f09466c0fb27fc8ddb5e77ce9d1e2bdc953a5f22765bf779452f,1772362832,2026-03-01T11:00:32+00:00,0.835,clob_prices_history
17398942423057686582491252867921221591924525918102079345877032638913486446065,0x139ba0e7f931f09466c0fb27fc8ddb5e77ce9d1e2bdc953a5f22765bf779452f,1772363730,2026-03-01T11:15:30+00:00,0.835,clob_prices_history
17398942423057686582491252867921221591924525918102079345877032638913486446065,0x139ba0e7f931f09466c0fb27fc8ddb5e77ce9d1e2bdc953a5f22765bf779452f,1772364648,2026-03-01T11:30:48+00:00,0.835,clob_prices_history
17398942423057686582491252867921221591924525918102079345877032638913486446065,0x139ba0e7f931f09466c0fb27fc8ddb5e77ce9d1e2bdc953a5f22765bf779452f,1772365529,2026-03-01T11:45:29+00:00,0.835,clob_prices_history
17398942423057686582491252867921221591924525918102079345877032638913486446065,0x139ba0e7f931f09466c0fb27fc8ddb5e77ce9d1e2bdc953a5f22765bf779452f,1772366448,2026-03-01T12:00:48+00:00,0.835,clob_prices_history
17398942423057686582491252867921221591924525918102079345877032638913486446065,0x139ba0e7f931f09466c0fb27fc8ddb5e77ce9d1e2bdc953a5f22765bf779452f,1772367326,2026-03-01T12:15:26+00:00,0.835,clob_prices_history
17398942423057686582491252867921221591924525918102079345877032638913486446065,0x139ba0e7f931f09466c0fb27fc8ddb5e77ce9d1e2bdc953a5f22765bf779452f,1772368245,2026-03-01T12:30:45+00:00,0.835,clob_prices_history
17398942423057686582491252867921221591924525918102079345877032638913486446065,0x139ba0e7f931f09466c0fb27fc8ddb5e77ce9d1e2bdc953a5f22765bf779452f,1772369127,2026-03-01T12:45:27+00:00,0.835,clob_prices_history
17398942423057686582491252867921221591924525918102079345877032638913486446065,0x139ba0e7f931f09466c0fb27fc8ddb5e77ce9d1e2bdc953a5f22765bf779452f,1772370031,2026-03-01T13:00:31+00:00,0.835,clob_prices_history
17398942423057686582491252867921221591924525918102079345877032638913486446065,0x139ba0e7f931f09466c0fb27fc8ddb5e77ce9d1e2bdc953a5f22765bf779452f,1772370941,2026-03-01T13:15:41+00:00,0.835,clob_prices_history
17398942423057686582491252867921221591924525918102079345877032638913486446065,0x139ba0e7f931f09466c0fb27fc8ddb5e77ce9d1e2bdc953a5f22765bf779452f,1772371834,2026-03-01T13:30:34+00:00,0.835,clob_prices_history
17398942423057686582491252867921221591924525918102079345877032638913486446065,0x139ba0e7f931f09466c0fb27fc8ddb5e77ce9d1e2bdc953a5f22765bf779452f,1772372728,2026-03-01T13:45:28+00:00,0.835,clob_prices_history
17398942423057686582491252867921221591924525918102079345877032638913486446065,0x139ba0e7f931f09466c0fb27fc8ddb5e77ce9d1e2bdc953a5f22765bf779452f,1772373635,2026-03-01T14:00:35+00:00,0.835,clob_prices_history
17398942423057686582491252867921221591924525918102079345877032638913486446065,0x139ba0e7f931f09466c0fb27fc8ddb5e77ce9d1e2bdc953a5f22765bf779452f,1772374529,2026-03-01T14:15:29+00:00,0.835,clob_prices_history
17398942423057686582491252867921221591924525918102079345877032638913486446065,0x139ba0e7f931f09466c0fb27fc8ddb5e77ce9d1e2bdc953a5f22765bf779452f,1772375445,2026-03-01T14:30:45+00:00,0.835,clob_prices_history
17398942423057686582491252867921221591924525918102079345877032638913486446065,0x139ba0e7f931f09466c0fb27fc8ddb5e77ce9d1e2bdc953a5f22765bf779452f,1772376329,2026-03-01T14:45:29+00:00,0.835,clob_prices_history
17398942423057686582491252867921221591924525918102079345877032638913486446065,0x139ba0e7f931f09466c0fb27fc8ddb5e77ce9d1e2bdc953a5f22765bf779452f,1772377242,2026-03-01T15:00:42+00:00,0.835,clob_prices_history
17398942423057686582491252867921221591924525918102079345877032638913486446065,0x139ba0e7f931f09466c0fb27fc8ddb5e77ce9d1e2bdc953a5f22765bf779452f,1772378135,2026-03-01T15:15:35+00:00,0.835,clob_prices_history
17398942423057686582491252867921221591924525918102079345877032638913486446065,0x139ba0e7f931f09466c0fb27fc8ddb5e77ce9d1e2bdc953a5f22765bf779452f,1772379043,2026-03-01T15:30:43+00:00,0.835,clob_prices_history
17398942423057686582491252867921221591924525918102079345877032638913486446065,0x139ba0e7f931f09466c0fb27fc8ddb5e77ce9d1e2bdc953a5f22765bf779452f,1772379931,2026-03-01T15:45:31+00:00,0.835,clob_prices_history
17398942423057686582491252867921221591924525918102079345877032638913486446065,0x139ba0e7f931f09466c0fb27fc8ddb5e77ce9d1e2bdc953a5f22765bf779452f,1772380835,2026-03-01T16:00:35+00:00,0.835,clob_prices_history
17398942423057686582491252867921221591924525918102079345877032638913486446065,0x139ba0e7f931f09466c0fb27fc8ddb5e77ce9d1e2bdc953a5f22765bf779452f,1772381746,2026-03-01T16:15:46+00:00,0.835,clob_prices_history
17398942423057686582491252867921221591924525918102079345877032638913486446065,0x139ba0e7f931f09466c0fb27fc8ddb5e77ce9d1e2bdc953a5f22765bf779452f,1772382634,2026-03-01T16:30:34+00:00,0.835,clob_prices_history
17398942423057686582491252867921221591924525918102079345877032638913486446065,0x139ba0e7f931f09466c0fb27fc8ddb5e77ce9d1e2bdc953a5f22765bf779452f,1772383529,2026-03-01T16:45:29+00:00,0.835,clob_prices_history
17398942423057686582491252867921221591924525918102079345877032638913486446065,0x139ba0e7f931f09466c0fb27fc8ddb5e77ce9d1e2bdc953a5f22765bf779452f,1772384431,2026-03-01T17:00:31+00:00,0.835,clob_prices_history
17398942423057686582491252867921221591924525918102079345877032638913486446065,0x139ba0e7f931f09466c0fb27fc8ddb5e77ce9d1e2bdc953a5f22765bf779452f,1772385328,2026-03-01T17:15:28+00:00,0.835,clob_prices_history
17398942423057686582491252867921221591924525918102079345877032638913486446065,0x139ba0e7f931f09466c0fb27fc8ddb5e77ce9d1e2bdc953a5f22765bf779452f,1772386237,2026-03-01T17:30:37+00:00,0.835,clob_prices_history
17398942423057686582491252867921221591924525918102079345877032638913486446065,0x139ba0e7f931f09466c0fb27fc8ddb5e77ce9d1e2bdc953a5f22765bf779452f,1772387127,2026-03-01T17:45:27+00:00,0.835,clob_prices_history
17398942423057686582491252867921221591924525918102079345877032638913486446065,0x139ba0e7f931f09466c0fb27fc8ddb5e77ce9d1e2bdc953a5f22765bf779452f,1772388036,2026-03-01T18:00:36+00:00,0.835,clob_prices_history
17398942423057686582491252867921221591924525918102079345877032638913486446065,0x139ba0e7f931f09466c0fb27fc8ddb5e77ce9d1e2bdc953a5f22765bf779452f,1772388932,2026-03-01T18:15:32+00:00,0.835,clob_prices_history
17398942423057686582491252867921221591924525918102079345877032638913486446065,0x139ba0e7f931f09466c0fb27fc8ddb5e77ce9d1e2bdc953a5f22765bf779452f,1772389833,2026-03-01T18:30:33+00:00,0.835,clob_prices_history
17398942423057686582491252867921221591924525918102079345877032638913486446065,0x139ba0e7f931f09466c0fb27fc8ddb5e77ce9d1e2bdc953a5f22765bf779452f,1772390729,2026-03-01T18:45:29+00:00,0.835,clob_prices_history
17398942423057686582491252867921221591924525918102079345877032638913486446065,0x139ba0e7f931f09466c0fb27fc8ddb5e77ce9d1e2bdc953a5f22765bf779452f,1772391632,2026-03-01T19:00:32+00:00,0.835,clob_prices_history
17398942423057686582491252867921221591924525918102079345877032638913486446065,0x139ba0e7f931f09466c0fb27fc8ddb5e77ce9d1e2bdc953a5f22765bf779452f,1772392528,2026-03-01T19:15:28+00:00,0.835,clob_prices_history
17398942423057686582491252867921221591924525918102079345877032638913486446065,0x139ba0e7f931f09466c0fb27fc8ddb5e77ce9d1e2bdc953a5f22765bf779452f,1772394329,2026-03-01T19:45:29+00:00,0.835,clob_prices_history
17398942423057686582491252867921221591924525918102079345877032638913486446065,0x139ba0e7f931f09466c0fb27fc8ddb5e77ce9d1e2bdc953a5f22765bf779452f,1772395233,2026-03-01T20:00:33+00:00,0.835,clob_prices_history
17398942423057686582491252867921221591924525918102079345877032638913486446065,0x139ba0e7f931f09466c0fb27fc8ddb5e77ce9d1e2bdc953a5f22765bf779452f,1772396130,2026-03-01T20:15:30+00:00,0.835,clob_prices_history
17398942423057686582491252867921221591924525918102079345877032638913486446065,0x139ba0e7f931f09466c0fb27fc8ddb5e77ce9d1e2bdc953a5f22765bf779452f,1772397034,2026-03-01T20:30:34+00:00,0.835,clob_prices_history
17398942423057686582491252867921221591924525918102079345877032638913486446065,0x139ba0e7f931f09466c0fb27fc8ddb5e77ce9d1e2bdc953a5f22765bf779452f,1772397929,2026-03-01T20:45:29+00:00,0.835,clob_prices_history
17398942423057686582491252867921221591924525918102079345877032638913486446065,0x139ba0e7f931f09466c0fb27fc8ddb5e77ce9d1e2bdc953a5f22765bf779452f,1772398841,2026-03-01T21:00:41+00:00,0.835,clob_prices_history
17398942423057686582491252867921221591924525918102079345877032638913486446065,0x139ba0e7f931f09466c0fb27fc8ddb5e77ce9d1e2bdc953a5f22765bf779452f,1772399734,2026-03-01T21:15:34+00:00,0.835,clob_prices_history
17398942423057686582491252867921221591924525918102079345877032638913486446065,0x139ba0e7f931f09466c0fb27fc8ddb5e77ce9d1e2bdc953a5f22765bf779452f,1772400652,2026-03-01T21:30:52+00:00,0.835,clob_prices_history
17398942423057686582491252867921221591924525918102079345877032638913486446065,0x139ba0e7f931f09466c0fb27fc8ddb5e77ce9d1e2bdc953a5f22765bf779452f,1772401529,2026-03-01T21:45:29+00:00,0.835,clob_prices_history
17398942423057686582491252867921221591924525918102079345877032638913486446065,0x139ba0e7f931f09466c0fb27fc8ddb5e77ce9d1e2bdc953a5f22765bf779452f,1772402435,2026-03-01T22:00:35+00:00,0.835,clob_prices_history
17398942423057686582491252867921221591924525918102079345877032638913486446065,0x139ba0e7f931f09466c0fb27fc8ddb5e77ce9d1e2bdc953a5f22765bf779452f,1772403329,2026-03-01T22:15:29+00:00,0.835,clob_prices_history
17398942423057686582491252867921221591924525918102079345877032638913486446065,0x139ba0e7f931f09466c0fb27fc8ddb5e77ce9d1e2bdc953a5f22765bf779452f,1772404232,2026-03-01T22:30:32+00:00,0.835,clob_prices_history
17398942423057686582491252867921221591924525918102079345877032638913486446065,0x139ba0e7f931f09466c0fb27fc8ddb5e77ce9d1e2bdc953a5f22765bf779452f,1772405128,2026-03-01T22:45:28+00:00,0.835,clob_prices_history
17398942423057686582491252867921221591924525918102079345877032638913486446065,0x139ba0e7f931f09466c0fb27fc8ddb5e77ce9d1e2bdc953a5f22765bf779452f,1772406032,2026-03-01T23:00:32+00:00,0.835,clob_prices_history
17398942423057686582491252867921221591924525918102079345877032638913486446065,0x139ba0e7f931f09466c0fb27fc8ddb5e77ce9d1e2bdc953a5f22765bf779452f,1772406956,2026-03-01T23:15:56+00:00,0.835,clob_prices_history
17398942423057686582491252867921221591924525918102079345877032638913486446065,0x139ba0e7f931f09466c0fb27fc8ddb5e77ce9d1e2bdc953a5f22765bf779452f,1772407831,2026-03-01T23:30:31+00:00,0.835,clob_prices_history
17398942423057686582491252867921221591924525918102079345877032638913486446065,0x139ba0e7f931f09466c0fb27fc8ddb5e77ce9d1e2bdc953a5f22765bf779452f,1772408727,2026-03-01T23:45:27+00:00,0.835,clob_prices_history
17398942423057686582491252867921221591924525918102079345877032638913486446065,0x139ba0e7f931f09466c0fb27fc8ddb5e77ce9d1e2bdc953a5f22765bf779452f,1772409656,2026-03-02T00:00:56+00:00,0.835,clob_prices_history
17398942423057686582491252867921221591924525918102079345877032638913486446065,0x139ba0e7f931f09466c0fb27fc8ddb5e77ce9d1e2bdc953a5f22765bf779452f,1772410529,2026-03-02T00:15:29+00:00,0.835,clob_prices_history
17398942423057686582491252867921221591924525918102079345877032638913486446065,0x139ba0e7f931f09466c0fb27fc8ddb5e77ce9d1e2bdc953a5f22765bf779452f,1772411433,2026-03-02T00:30:33+00:00,0.835,clob_prices_history
17398942423057686582491252867921221591924525918102079345877032638913486446065,0x139ba0e7f931f09466c0fb27fc8ddb5e77ce9d1e2bdc953a5f22765bf779452f,1772412337,2026-03-02T00:45:37+00:00,0.835,clob_prices_history
17398942423057686582491252867921221591924525918102079345877032638913486446065,0x139ba0e7f931f09466c0fb27fc8ddb5e77ce9d1e2bdc953a5f22765bf779452f,1772413231,2026-03-02T01:00:31+00:00,0.835,clob_prices_history
17398942423057686582491252867921221591924525918102079345877032638913486446065,0x139ba0e7f931f09466c0fb27fc8ddb5e77ce9d1e2bdc953a5f22765bf779452f,1772414128,2026-03-02T01:15:28+00:00,0.835,clob_prices_history
17398942423057686582491252867921221591924525918102079345877032638913486446065,0x139ba0e7f931f09466c0fb27fc8ddb5e77ce9d1e2bdc953a5f22765bf779452f,1772415034,2026-03-02T01:30:34+00:00,0.835,clob_prices_history
17398942423057686582491252867921221591924525918102079345877032638913486446065,0x139ba0e7f931f09466c0fb27fc8ddb5e77ce9d1e2bdc953a5f22765bf779452f,1772415927,2026-03-02T01:45:27+00:00,0.835,clob_prices_history
17398942423057686582491252867921221591924525918102079345877032638913486446065,0x139ba0e7f931f09466c0fb27fc8ddb5e77ce9d1e2bdc953a5f22765bf779452f,1772416832,2026-03-02T02:00:32+00:00,0.835,clob_prices_history
17398942423057686582491252867921221591924525918102079345877032638913486446065,0x139ba0e7f931f09466c0fb27fc8ddb5e77ce9d1e2bdc953a5f22765bf779452f,1772417726,2026-03-02T02:15:26+00:00,0.835,clob_prices_history
17398942423057686582491252867921221591924525918102079345877032638913486446065,0x139ba0e7f931f09466c0fb27fc8ddb5e77ce9d1e2bdc953a5f22765bf779452f,1772418632,2026-03-02T02:30:32+00:00,0.835,clob_prices_history
17398942423057686582491252867921221591924525918102079345877032638913486446065,0x139ba0e7f931f09466c0fb27fc8ddb5e77ce9d1e2bdc953a5f22765bf779452f,1772419528,2026-03-02T02:45:28+00:00,0.835,clob_prices_history
17398942423057686582491252867921221591924525918102079345877032638913486446065,0x139ba0e7f931f09466c0fb27fc8ddb5e77ce9d1e2bdc953a5f22765bf779452f,1772420437,2026-03-02T03:00:37+00:00,0.835,clob_prices_history
17398942423057686582491252867921221591924525918102079345877032638913486446065,0x139ba0e7f931f09466c0fb27fc8ddb5e77ce9d1e2bdc953a5f22765bf779452f,1772421325,2026-03-02T03:15:25+00:00,0.835,clob_prices_history
17398942423057686582491252867921221591924525918102079345877032638913486446065,0x139ba0e7f931f09466c0fb27fc8ddb5e77ce9d1e2bdc953a5f22765bf779452f,1772422230,2026-03-02T03:30:30+00:00,0.835,clob_prices_history
17398942423057686582491252867921221591924525918102079345877032638913486446065,0x139ba0e7f931f09466c0fb27fc8ddb5e77ce9d1e2bdc953a5f22765bf779452f,1772423124,2026-03-02T03:45:24+00:00,0.835,clob_prices_history
17398942423057686582491252867921221591924525918102079345877032638913486446065,0x139ba0e7f931f09466c0fb27fc8ddb5e77ce9d1e2bdc953a5f22765bf779452f,1772424030,2026-03-02T04:00:30+00:00,0.835,clob_prices_history
17398942423057686582491252867921221591924525918102079345877032638913486446065,0x139ba0e7f931f09466c0fb27fc8ddb5e77ce9d1e2bdc953a5f22765bf779452f,1772424926,2026-03-02T04:15:26+00:00,0.835,clob_prices_history
17398942423057686582491252867921221591924525918102079345877032638913486446065,0x139ba0e7f931f09466c0fb27fc8ddb5e77ce9d1e2bdc953a5f22765bf779452f,1772425831,2026-03-02T04:30:31+00:00,0.835,clob_prices_history
17398942423057686582491252867921221591924525918102079345877032638913486446065,0x139ba0e7f931f09466c0fb27fc8ddb5e77ce9d1e2bdc953a5f22765bf779452f,1772426726,2026-03-02T04:45:26+00:00,0.835,clob_prices_history
17398942423057686582491252867921221591924525918102079345877032638913486446065,0x139ba0e7f931f09466c0fb27fc8ddb5e77ce9d1e2bdc953a5f22765bf779452f,1772427629,2026-03-02T05:00:29+00:00,0.835,clob_prices_history
17398942423057686582491252867921221591924525918102079345877032638913486446065,0x139ba0e7f931f09466c0fb27fc8ddb5e77ce9d1e2bdc953a5f22765bf779452f,1772428525,2026-03-02T05:15:25+00:00,0.835,clob_prices_history
17398942423057686582491252867921221591924525918102079345877032638913486446065,0x139ba0e7f931f09466c0fb27fc8ddb5e77ce9d1e2bdc953a5f22765bf779452f,1772429452,2026-03-02T05:30:52+00:00,0.835,clob_prices_history
17398942423057686582491252867921221591924525918102079345877032638913486446065,0x139ba0e7f931f09466c0fb27fc8ddb5e77ce9d1e2bdc953a5f22765bf779452f,1772430327,2026-03-02T05:45:27+00:00,0.835,clob_prices_history
17398942423057686582491252867921221591924525918102079345877032638913486446065,0x139ba0e7f931f09466c0fb27fc8ddb5e77ce9d1e2bdc953a5f22765bf779452f,1772431232,2026-03-02T06:00:32+00:00,0.835,clob_prices_history
17398942423057686582491252867921221591924525918102079345877032638913486446065,0x139ba0e7f931f09466c0fb27fc8ddb5e77ce9d1e2bdc953a5f22765bf779452f,1772432124,2026-03-02T06:15:24+00:00,0.835,clob_prices_history
17398942423057686582491252867921221591924525918102079345877032638913486446065,0x139ba0e7f931f09466c0fb27fc8ddb5e77ce9d1e2bdc953a5f22765bf779452f,1772433030,2026-03-02T06:30:30+00:00,0.835,clob_prices_history
17398942423057686582491252867921221591924525918102079345877032638913486446065,0x139ba0e7f931f09466c0fb27fc8ddb5e77ce9d1e2bdc953a5f22765bf779452f,1772433926,2026-03-02T06:45:26+00:00,0.835,clob_prices_history
17398942423057686582491252867921221591924525918102079345877032638913486446065,0x139ba0e7f931f09466c0fb27fc8ddb5e77ce9d1e2bdc953a5f22765bf779452f,1772434830,2026-03-02T07:00:30+00:00,0.835,clob_prices_history
17398942423057686582491252867921221591924525918102079345877032638913486446065,0x139ba0e7f931f09466c0fb27fc8ddb5e77ce9d1e2bdc953a5f22765bf779452f,1772435724,2026-03-02T07:15:24+00:00,0.835,clob_prices_history
17398942423057686582491252867921221591924525918102079345877032638913486446065,0x139ba0e7f931f09466c0fb27fc8ddb5e77ce9d1e2bdc953a5f22765bf779452f,1772436632,2026-03-02T07:30:32+00:00,0.835,clob_prices_history
17398942423057686582491252867921221591924525918102079345877032638913486446065,0x139ba0e7f931f09466c0fb27fc8ddb5e77ce9d1e2bdc953a5f22765bf779452f,1772437525,2026-03-02T07:45:25+00:00,0.835,clob_prices_history
17398942423057686582491252867921221591924525918102079345877032638913486446065,0x139ba0e7f931f09466c0fb27fc8ddb5e77ce9d1e2bdc953a5f22765bf779452f,1772438431,2026-03-02T08:00:31+00:00,0.835,clob_prices_history
17398942423057686582491252867921221591924525918102079345877032638913486446065,0x139ba0e7f931f09466c0fb27fc8ddb5e77ce9d1e2bdc953a5f22765bf779452f,1772439325,2026-03-02T08:15:25+00:00,0.835,clob_prices_history
17398942423057686582491252867921221591924525918102079345877032638913486446065,0x139ba0e7f931f09466c0fb27fc8ddb5e77ce9d1e2bdc953a5f22765bf779452f,1772440230,2026-03-02T08:30:30+00:00,0.835,clob_prices_history
17398942423057686582491252867921221591924525918102079345877032638913486446065,0x139ba0e7f931f09466c0fb27fc8ddb5e77ce9d1e2bdc953a5f22765bf779452f,1772441151,2026-03-02T08:45:51+00:00,0.825,clob_prices_history
17398942423057686582491252867921221591924525918102079345877032638913486446065,0x139ba0e7f931f09466c0fb27fc8ddb5e77ce9d1e2bdc953a5f22765bf779452f,1772442036,2026-03-02T09:00:36+00:00,0.825,clob_prices_history
17398942423057686582491252867921221591924525918102079345877032638913486446065,0x139ba0e7f931f09466c0fb27fc8ddb5e77ce9d1e2bdc953a5f22765bf779452f,1772442931,2026-03-02T09:15:31+00:00,0.825,clob_prices_history
17398942423057686582491252867921221591924525918102079345877032638913486446065,0x139ba0e7f931f09466c0fb27fc8ddb5e77ce9d1e2bdc953a5f22765bf779452f,1772443830,2026-03-02T09:30:30+00:00,0.825,clob_prices_history
17398942423057686582491252867921221591924525918102079345877032638913486446065,0x139ba0e7f931f09466c0fb27fc8ddb5e77ce9d1e2bdc953a5f22765bf779452f,1772444724,2026-03-02T09:45:24+00:00,0.825,clob_prices_history
17398942423057686582491252867921221591924525918102079345877032638913486446065,0x139ba0e7f931f09466c0fb27fc8ddb5e77ce9d1e2bdc953a5f22765bf779452f,1772445631,2026-03-02T10:00:31+00:00,0.825,clob_prices_history
17398942423057686582491252867921221591924525918102079345877032638913486446065,0x139ba0e7f931f09466c0fb27fc8ddb5e77ce9d1e2bdc953a5f22765bf779452f,1772446526,2026-03-02T10:15:26+00:00,0.825,clob_prices_history
17398942423057686582491252867921221591924525918102079345877032638913486446065,0x139ba0e7f931f09466c0fb27fc8ddb5e77ce9d1e2bdc953a5f22765bf779452f,1772447434,2026-03-02T10:30:34+00:00,0.825,clob_prices_history
17398942423057686582491252867921221591924525918102079345877032638913486446065,0x139ba0e7f931f09466c0fb27fc8ddb5e77ce9d1e2bdc953a5f22765bf779452f,1772448325,2026-03-02T10:45:25+00:00,0.825,clob_prices_history
17398942423057686582491252867921221591924525918102079345877032638913486446065,0x139ba0e7f931f09466c0fb27fc8ddb5e77ce9d1e2bdc953a5f22765bf779452f,1772449230,2026-03-02T11:00:30+00:00,0.825,clob_prices_history
17398942423057686582491252867921221591924525918102079345877032638913486446065,0x139ba0e7f931f09466c0fb27fc8ddb5e77ce9d1e2bdc953a5f22765bf779452f,1772450127,2026-03-02T11:15:27+00:00,0.825,clob_prices_history
17398942423057686582491252867921221591924525918102079345877032638913486446065,0x139ba0e7f931f09466c0fb27fc8ddb5e77ce9d1e2bdc953a5f22765bf779452f,1772451031,2026-03-02T11:30:31+00:00,0.825,clob_prices_history
17398942423057686582491252867921221591924525918102079345877032638913486446065,0x139ba0e7f931f09466c0fb27fc8ddb5e77ce9d1e2bdc953a5f22765bf779452f,1772451925,2026-03-02T11:45:25+00:00,0.825,clob_prices_history
17398942423057686582491252867921221591924525918102079345877032638913486446065,0x139ba0e7f931f09466c0fb27fc8ddb5e77ce9d1e2bdc953a5f22765bf779452f,1772452847,2026-03-02T12:00:47+00:00,0.825,clob_prices_history
17398942423057686582491252867921221591924525918102079345877032638913486446065,0x139ba0e7f931f09466c0fb27fc8ddb5e77ce9d1e2bdc953a5f22765bf779452f,1772453729,2026-03-02T12:15:29+00:00,0.825,clob_prices_history
17398942423057686582491252867921221591924525918102079345877032638913486446065,0x139ba0e7f931f09466c0fb27fc8ddb5e77ce9d1e2bdc953a5f22765bf779452f,1772454647,2026-03-02T12:30:47+00:00,0.825,clob_prices_history
17398942423057686582491252867921221591924525918102079345877032638913486446065,0x139ba0e7f931f09466c0fb27fc8ddb5e77ce9d1e2bdc953a5f22765bf779452f,1772455526,2026-03-02T12:45:26+00:00,0.825,clob_prices_history
17398942423057686582491252867921221591924525918102079345877032638913486446065,0x139ba0e7f931f09466c0fb27fc8ddb5e77ce9d1e2bdc953a5f22765bf779452f,1772456432,2026-03-02T13:00:32+00:00,0.825,clob_prices_history
17398942423057686582491252867921221591924525918102079345877032638913486446065,0x139ba0e7f931f09466c0fb27fc8ddb5e77ce9d1e2bdc953a5f22765bf779452f,1772457326,2026-03-02T13:15:26+00:00,0.825,clob_prices_history
17398942423057686582491252867921221591924525918102079345877032638913486446065,0x139ba0e7f931f09466c0fb27fc8ddb5e77ce9d1e2bdc953a5f22765bf779452f,1772458231,2026-03-02T13:30:31+00:00,0.825,clob_prices_history
17398942423057686582491252867921221591924525918102079345877032638913486446065,0x139ba0e7f931f09466c0fb27fc8ddb5e77ce9d1e2bdc953a5f22765bf779452f,1772459132,2026-03-02T13:45:32+00:00,0.825,clob_prices_history
17398942423057686582491252867921221591924525918102079345877032638913486446065,0x139ba0e7f931f09466c0fb27fc8ddb5e77ce9d1e2bdc953a5f22765bf779452f,1772460033,2026-03-02T14:00:33+00:00,0.825,clob_prices_history
17398942423057686582491252867921221591924525918102079345877032638913486446065,0x139ba0e7f931f09466c0fb27fc8ddb5e77ce9d1e2bdc953a5f22765bf779452f,1772460926,2026-03-02T14:15:26+00:00,0.825,clob_prices_history
17398942423057686582491252867921221591924525918102079345877032638913486446065,0x139ba0e7f931f09466c0fb27fc8ddb5e77ce9d1e2bdc953a5f22765bf779452f,1772461836,2026-03-02T14:30:36+00:00,0.825,clob_prices_history
17398942423057686582491252867921221591924525918102079345877032638913486446065,0x139ba0e7f931f09466c0fb27fc8ddb5e77ce9d1e2bdc953a5f22765bf779452f,1772462727,2026-03-02T14:45:27+00:00,0.825,clob_prices_history
17398942423057686582491252867921221591924525918102079345877032638913486446065,0x139ba0e7f931f09466c0fb27fc8ddb5e77ce9d1e2bdc953a5f22765bf779452f,1772464531,2026-03-02T15:15:31+00:00,0.825,clob_prices_history
17398942423057686582491252867921221591924525918102079345877032638913486446065,0x139ba0e7f931f09466c0fb27fc8ddb5e77ce9d1e2bdc953a5f22765bf779452f,1772465449,2026-03-02T15:30:49+00:00,0.825,clob_prices_history
17398942423057686582491252867921221591924525918102079345877032638913486446065,0x139ba0e7f931f09466c0fb27fc8ddb5e77ce9d1e2bdc953a5f22765bf779452f,1772466339,2026-03-02T15:45:39+00:00,0.825,clob_prices_history
17398942423057686582491252867921221591924525918102079345877032638913486446065,0x139ba0e7f931f09466c0fb27fc8ddb5e77ce9d1e2bdc953a5f22765bf779452f,1772467233,2026-03-02T16:00:33+00:00,0.825,clob_prices_history
17398942423057686582491252867921221591924525918102079345877032638913486446065,0x139ba0e7f931f09466c0fb27fc8ddb5e77ce9d1e2bdc953a5f22765bf779452f,1772468127,2026-03-02T16:15:27+00:00,0.825,clob_prices_history
17398942423057686582491252867921221591924525918102079345877032638913486446065,0x139ba0e7f931f09466c0fb27fc8ddb5e77ce9d1e2bdc953a5f22765bf779452f,1772469032,2026-03-02T16:30:32+00:00,0.825,clob_prices_history
17398942423057686582491252867921221591924525918102079345877032638913486446065,0x139ba0e7f931f09466c0fb27fc8ddb5e77ce9d1e2bdc953a5f22765bf779452f,1772469926,2026-03-02T16:45:26+00:00,0.825,clob_prices_history
17398942423057686582491252867921221591924525918102079345877032638913486446065,0x139ba0e7f931f09466c0fb27fc8ddb5e77ce9d1e2bdc953a5f22765bf779452f,1772471726,2026-03-02T17:15:26+00:00,0.825,clob_prices_history
17398942423057686582491252867921221591924525918102079345877032638913486446065,0x139ba0e7f931f09466c0fb27fc8ddb5e77ce9d1e2bdc953a5f22765bf779452f,1772472632,2026-03-02T17:30:32+00:00,0.825,clob_prices_history
17398942423057686582491252867921221591924525918102079345877032638913486446065,0x139ba0e7f931f09466c0fb27fc8ddb5e77ce9d1e2bdc953a5f22765bf779452f,1772473528,2026-03-02T17:45:28+00:00,0.825,clob_prices_history
17398942423057686582491252867921221591924525918102079345877032638913486446065,0x139ba0e7f931f09466c0fb27fc8ddb5e77ce9d1e2bdc953a5f22765bf779452f,1772475329,2026-03-02T18:15:29+00:00,0.825,clob_prices_history
17398942423057686582491252867921221591924525918102079345877032638913486446065,0x139ba0e7f931f09466c0fb27fc8ddb5e77ce9d1e2bdc953a5f22765bf779452f,1772476240,2026-03-02T18:30:40+00:00,0.825,clob_prices_history
17398942423057686582491252867921221591924525918102079345877032638913486446065,0x139ba0e7f931f09466c0fb27fc8ddb5e77ce9d1e2bdc953a5f22765bf779452f,1772477127,2026-03-02T18:45:27+00:00,0.825,clob_prices_history
17398942423057686582491252867921221591924525918102079345877032638913486446065,0x139ba0e7f931f09466c0fb27fc8ddb5e77ce9d1e2bdc953a5f22765bf779452f,1772478036,2026-03-02T19:00:36+00:00,0.825,clob_prices_history
17398942423057686582491252867921221591924525918102079345877032638913486446065,0x139ba0e7f931f09466c0fb27fc8ddb5e77ce9d1e2bdc953a5f22765bf779452f,1772478926,2026-03-02T19:15:26+00:00,0.825,clob_prices_history
17398942423057686582491252867921221591924525918102079345877032638913486446065,0x139ba0e7f931f09466c0fb27fc8ddb5e77ce9d1e2bdc953a5f22765bf779452f,1772479839,2026-03-02T19:30:39+00:00,0.825,clob_prices_history
17398942423057686582491252867921221591924525918102079345877032638913486446065,0x139ba0e7f931f09466c0fb27fc8ddb5e77ce9d1e2bdc953a5f22765bf779452f,1772480728,2026-03-02T19:45:28+00:00,0.825,clob_prices_history
17398942423057686582491252867921221591924525918102079345877032638913486446065,0x139ba0e7f931f09466c0fb27fc8ddb5e77ce9d1e2bdc953a5f22765bf779452f,1772481635,2026-03-02T20:00:35+00:00,0.825,clob_prices_history
17398942423057686582491252867921221591924525918102079345877032638913486446065,0x139ba0e7f931f09466c0fb27fc8ddb5e77ce9d1e2bdc953a5f22765bf779452f,1772482528,2026-03-02T20:15:28+00:00,0.825,clob_prices_history
17398942423057686582491252867921221591924525918102079345877032638913486446065,0x139ba0e7f931f09466c0fb27fc8ddb5e77ce9d1e2bdc953a5f22765bf779452f,1772483434,2026-03-02T20:30:34+00:00,0.825,clob_prices_history
17398942423057686582491252867921221591924525918102079345877032638913486446065,0x139ba0e7f931f09466c0fb27fc8ddb5e77ce9d1e2bdc953a5f22765bf779452f,1772484328,2026-03-02T20:45:28+00:00,0.815,clob_prices_history
17398942423057686582491252867921221591924525918102079345877032638913486446065,0x139ba0e7f931f09466c0fb27fc8ddb5e77ce9d1e2bdc953a5f22765bf779452f,1772485237,2026-03-02T21:00:37+00:00,0.815,clob_prices_history
17398942423057686582491252867921221591924525918102079345877032638913486446065,0x139ba0e7f931f09466c0fb27fc8ddb5e77ce9d1e2bdc953a5f22765bf779452f,1772486132,2026-03-02T21:15:32+00:00,0.815,clob_prices_history
17398942423057686582491252867921221591924525918102079345877032638913486446065,0x139ba0e7f931f09466c0fb27fc8ddb5e77ce9d1e2bdc953a5f22765bf779452f,1772487032,2026-03-02T21:30:32+00:00,0.815,clob_prices_history
17398942423057686582491252867921221591924525918102079345877032638913486446065,0x139ba0e7f931f09466c0fb27fc8ddb5e77ce9d1e2bdc953a5f22765bf779452f,1772487927,2026-03-02T21:45:27+00:00,0.815,clob_prices_history
17398942423057686582491252867921221591924525918102079345877032638913486446065,0x139ba0e7f931f09466c0fb27fc8ddb5e77ce9d1e2bdc953a5f22765bf779452f,1772488834,2026-03-02T22:00:34+00:00,0.815,clob_prices_history
17398942423057686582491252867921221591924525918102079345877032638913486446065,0x139ba0e7f931f09466c0fb27fc8ddb5e77ce9d1e2bdc953a5f22765bf779452f,1772489734,2026-03-02T22:15:34+00:00,0.815,clob_prices_history
17398942423057686582491252867921221591924525918102079345877032638913486446065,0x139ba0e7f931f09466c0fb27fc8ddb5e77ce9d1e2bdc953a5f22765bf779452f,1772490634,2026-03-02T22:30:34+00:00,0.815,clob_prices_history
17398942423057686582491252867921221591924525918102079345877032638913486446065,0x139ba0e7f931f09466c0fb27fc8ddb5e77ce9d1e2bdc953a5f22765bf779452f,1772491540,2026-03-02T22:45:40+00:00,0.815,clob_prices_history
17398942423057686582491252867921221591924525918102079345877032638913486446065,0x139ba0e7f931f09466c0fb27fc8ddb5e77ce9d1e2bdc953a5f22765bf779452f,1772492431,2026-03-02T23:00:31+00:00,0.815,clob_prices_history
17398942423057686582491252867921221591924525918102079345877032638913486446065,0x139ba0e7f931f09466c0fb27fc8ddb5e77ce9d1e2bdc953a5f22765bf779452f,1772493326,2026-03-02T23:15:26+00:00,0.815,clob_prices_history
17398942423057686582491252867921221591924525918102079345877032638913486446065,0x139ba0e7f931f09466c0fb27fc8ddb5e77ce9d1e2bdc953a5f22765bf779452f,1772495126,2026-03-02T23:45:26+00:00,0.815,clob_prices_history
17398942423057686582491252867921221591924525918102079345877032638913486446065,0x139ba0e7f931f09466c0fb27fc8ddb5e77ce9d1e2bdc953a5f22765bf779452f,1772496050,2026-03-03T00:00:50+00:00,0.815,clob_prices_history
17398942423057686582491252867921221591924525918102079345877032638913486446065,0x139ba0e7f931f09466c0fb27fc8ddb5e77ce9d1e2bdc953a5f22765bf779452f,1772496927,2026-03-03T00:15:27+00:00,0.805,clob_prices_history
17398942423057686582491252867921221591924525918102079345877032638913486446065,0x139ba0e7f931f09466c0fb27fc8ddb5e77ce9d1e2bdc953a5f22765bf779452f,1772497838,2026-03-03T00:30:38+00:00,0.805,clob_prices_history
17398942423057686582491252867921221591924525918102079345877032638913486446065,0x139ba0e7f931f09466c0fb27fc8ddb5e77ce9d1e2bdc953a5f22765bf779452f,1772498726,2026-03-03T00:45:26+00:00,0.805,clob_prices_history
17398942423057686582491252867921221591924525918102079345877032638913486446065,0x139ba0e7f931f09466c0fb27fc8ddb5e77ce9d1e2bdc953a5f22765bf779452f,1772499633,2026-03-03T01:00:33+00:00,0.805,clob_prices_history
17398942423057686582491252867921221591924525918102079345877032638913486446065,0x139ba0e7f931f09466c0fb27fc8ddb5e77ce9d1e2bdc953a5f22765bf779452f,1772500548,2026-03-03T01:15:48+00:00,0.805,clob_prices_history
17398942423057686582491252867921221591924525918102079345877032638913486446065,0x139ba0e7f931f09466c0fb27fc8ddb5e77ce9d1e2bdc953a5f22765bf779452f,1772501438,2026-03-03T01:30:38+00:00,0.805,clob_prices_history
17398942423057686582491252867921221591924525918102079345877032638913486446065,0x139ba0e7f931f09466c0fb27fc8ddb5e77ce9d1e2bdc953a5f22765bf779452f,1772502327,2026-03-03T01:45:27+00:00,0.805,clob_prices_history
17398942423057686582491252867921221591924525918102079345877032638913486446065,0x139ba0e7f931f09466c0fb27fc8ddb5e77ce9d1e2bdc953a5f22765bf779452f,1772503245,2026-03-03T02:00:45+00:00,0.805,clob_prices_history
17398942423057686582491252867921221591924525918102079345877032638913486446065,0x139ba0e7f931f09466c0fb27fc8ddb5e77ce9d1e2bdc953a5f22765bf779452f,1772504128,2026-03-03T02:15:28+00:00,0.805,clob_prices_history
17398942423057686582491252867921221591924525918102079345877032638913486446065,0x139ba0e7f931f09466c0fb27fc8ddb5e77ce9d1e2bdc953a5f22765bf779452f,1772505034,2026-03-03T02:30:34+00:00,0.805,clob_prices_history
17398942423057686582491252867921221591924525918102079345877032638913486446065,0x139ba0e7f931f09466c0fb27fc8ddb5e77ce9d1e2bdc953a5f22765bf779452f,1772505946,2026-03-03T02:45:46+00:00,0.805,clob_prices_history
17398942423057686582491252867921221591924525918102079345877032638913486446065,0x139ba0e7f931f09466c0fb27fc8ddb5e77ce9d1e2bdc953a5f22765bf779452f,1772506840,2026-03-03T03:00:40+00:00,0.805,clob_prices_history
17398942423057686582491252867921221591924525918102079345877032638913486446065,0x139ba0e7f931f09466c0fb27fc8ddb5e77ce9d1e2bdc953a5f22765bf779452f,1772507728,2026-03-03T03:15:28+00:00,0.805,clob_prices_history
17398942423057686582491252867921221591924525918102079345877032638913486446065,0x139ba0e7f931f09466c0fb27fc8ddb5e77ce9d1e2bdc953a5f22765bf779452f,1772508637,2026-03-03T03:30:37+00:00,0.805,clob_prices_history
17398942423057686582491252867921221591924525918102079345877032638913486446065,0x139ba0e7f931f09466c0fb27fc8ddb5e77ce9d1e2bdc953a5f22765bf779452f,1772509532,2026-03-03T03:45:32+00:00,0.805,clob_prices_history
17398942423057686582491252867921221591924525918102079345877032638913486446065,0x139ba0e7f931f09466c0fb27fc8ddb5e77ce9d1e2bdc953a5f22765bf779452f,1772510432,2026-03-03T04:00:32+00:00,0.805,clob_prices_history
17398942423057686582491252867921221591924525918102079345877032638913486446065,0x139ba0e7f931f09466c0fb27fc8ddb5e77ce9d1e2bdc953a5f22765bf779452f,1772511326,2026-03-03T04:15:26+00:00,0.805,clob_prices_history
17398942423057686582491252867921221591924525918102079345877032638913486446065,0x139ba0e7f931f09466c0fb27fc8ddb5e77ce9d1e2bdc953a5f22765bf779452f,1772512232,2026-03-03T04:30:32+00:00,0.805,clob_prices_history
17398942423057686582491252867921221591924525918102079345877032638913486446065,0x139ba0e7f931f09466c0fb27fc8ddb5e77ce9d1e2bdc953a5f22765bf779452f,1772513126,2026-03-03T04:45:26+00:00,0.805,clob_prices_history
17398942423057686582491252867921221591924525918102079345877032638913486446065,0x139ba0e7f931f09466c0fb27fc8ddb5e77ce9d1e2bdc953a5f22765bf779452f,1772514032,2026-03-03T05:00:32+00:00,0.805,clob_prices_history
17398942423057686582491252867921221591924525918102079345877032638913486446065,0x139ba0e7f931f09466c0fb27fc8ddb5e77ce9d1e2bdc953a5f22765bf779452f,1772514953,2026-03-03T05:15:53+00:00,0.805,clob_prices_history
17398942423057686582491252867921221591924525918102079345877032638913486446065,0x139ba0e7f931f09466c0fb27fc8ddb5e77ce9d1e2bdc953a5f22765bf779452f,1772515834,2026-03-03T05:30:34+00:00,0.805,clob_prices_history
17398942423057686582491252867921221591924525918102079345877032638913486446065,0x139ba0e7f931f09466c0fb27fc8ddb5e77ce9d1e2bdc953a5f22765bf779452f,1772516732,2026-03-03T05:45:32+00:00,0.805,clob_prices_history
17398942423057686582491252867921221591924525918102079345877032638913486446065,0x139ba0e7f931f09466c0fb27fc8ddb5e77ce9d1e2bdc953a5f22765bf779452f,1772517652,2026-03-03T06:00:52+00:00,0.805,clob_prices_history
17398942423057686582491252867921221591924525918102079345877032638913486446065,0x139ba0e7f931f09466c0fb27fc8ddb5e77ce9d1e2bdc953a5f22765bf779452f,1772518526,2026-03-03T06:15:26+00:00,0.805,clob_prices_history
17398942423057686582491252867921221591924525918102079345877032638913486446065,0x139ba0e7f931f09466c0fb27fc8ddb5e77ce9d1e2bdc953a5f22765bf779452f,1772519455,2026-03-03T06:30:55+00:00,0.805,clob_prices_history
17398942423057686582491252867921221591924525918102079345877032638913486446065,0x139ba0e7f931f09466c0fb27fc8ddb5e77ce9d1e2bdc953a5f22765bf779452f,1772520327,2026-03-03T06:45:27+00:00,0.805,clob_prices_history
17398942423057686582491252867921221591924525918102079345877032638913486446065,0x139ba0e7f931f09466c0fb27fc8ddb5e77ce9d1e2bdc953a5f22765bf779452f,1772521235,2026-03-03T07:00:35+00:00,0.805,clob_prices_history
17398942423057686582491252867921221591924525918102079345877032638913486446065,0x139ba0e7f931f09466c0fb27fc8ddb5e77ce9d1e2bdc953a5f22765bf779452f,1772522131,2026-03-03T07:15:31+00:00,0.805,clob_prices_history
17398942423057686582491252867921221591924525918102079345877032638913486446065,0x139ba0e7f931f09466c0fb27fc8ddb5e77ce9d1e2bdc953a5f22765bf779452f,1772523033,2026-03-03T07:30:33+00:00,0.805,clob_prices_history
17398942423057686582491252867921221591924525918102079345877032638913486446065,0x139ba0e7f931f09466c0fb27fc8ddb5e77ce9d1e2bdc953a5f22765bf779452f,1772523926,2026-03-03T07:45:26+00:00,0.805,clob_prices_history
17398942423057686582491252867921221591924525918102079345877032638913486446065,0x139ba0e7f931f09466c0fb27fc8ddb5e77ce9d1e2bdc953a5f22765bf779452f,1772524833,2026-03-03T08:00:33+00:00,0.805,clob_prices_history
17398942423057686582491252867921221591924525918102079345877032638913486446065,0x139ba0e7f931f09466c0fb27fc8ddb5e77ce9d1e2bdc953a5f22765bf779452f,1772525727,2026-03-03T08:15:27+00:00,0.805,clob_prices_history
17398942423057686582491252867921221591924525918102079345877032638913486446065,0x139ba0e7f931f09466c0fb27fc8ddb5e77ce9d1e2bdc953a5f22765bf779452f,1772526634,2026-03-03T08:30:34+00:00,0.805,clob_prices_history
17398942423057686582491252867921221591924525918102079345877032638913486446065,0x139ba0e7f931f09466c0fb27fc8ddb5e77ce9d1e2bdc953a5f22765bf779452f,1772527533,2026-03-03T08:45:33+00:00,0.805,clob_prices_history
17398942423057686582491252867921221591924525918102079345877032638913486446065,0x139ba0e7f931f09466c0fb27fc8ddb5e77ce9d1e2bdc953a5f22765bf779452f,1772528437,2026-03-03T09:00:37+00:00,0.805,clob_prices_history
17398942423057686582491252867921221591924525918102079345877032638913486446065,0x139ba0e7f931f09466c0fb27fc8ddb5e77ce9d1e2bdc953a5f22765bf779452f,1772529327,2026-03-03T09:15:27+00:00,0.805,clob_prices_history
17398942423057686582491252867921221591924525918102079345877032638913486446065,0x139ba0e7f931f09466c0fb27fc8ddb5e77ce9d1e2bdc953a5f22765bf779452f,1772530233,2026-03-03T09:30:33+00:00,0.805,clob_prices_history
17398942423057686582491252867921221591924525918102079345877032638913486446065,0x139ba0e7f931f09466c0fb27fc8ddb5e77ce9d1e2bdc953a5f22765bf779452f,1772531128,2026-03-03T09:45:28+00:00,0.805,clob_prices_history
17398942423057686582491252867921221591924525918102079345877032638913486446065,0x139ba0e7f931f09466c0fb27fc8ddb5e77ce9d1e2bdc953a5f22765bf779452f,1772532034,2026-03-03T10:00:34+00:00,0.805,clob_prices_history
17398942423057686582491252867921221591924525918102079345877032638913486446065,0x139ba0e7f931f09466c0fb27fc8ddb5e77ce9d1e2bdc953a5f22765bf779452f,1772532934,2026-03-03T10:15:34+00:00,0.805,clob_prices_history
17398942423057686582491252867921221591924525918102079345877032638913486446065,0x139ba0e7f931f09466c0fb27fc8ddb5e77ce9d1e2bdc953a5f22765bf779452f,1772533851,2026-03-03T10:30:51+00:00,0.805,clob_prices_history
17398942423057686582491252867921221591924525918102079345877032638913486446065,0x139ba0e7f931f09466c0fb27fc8ddb5e77ce9d1e2bdc953a5f22765bf779452f,1772534729,2026-03-03T10:45:29+00:00,0.805,clob_prices_history
17398942423057686582491252867921221591924525918102079345877032638913486446065,0x139ba0e7f931f09466c0fb27fc8ddb5e77ce9d1e2bdc953a5f22765bf779452f,1772535645,2026-03-03T11:00:45+00:00,0.805,clob_prices_history
17398942423057686582491252867921221591924525918102079345877032638913486446065,0x139ba0e7f931f09466c0fb27fc8ddb5e77ce9d1e2bdc953a5f22765bf779452f,1772536531,2026-03-03T11:15:31+00:00,0.805,clob_prices_history
17398942423057686582491252867921221591924525918102079345877032638913486446065,0x139ba0e7f931f09466c0fb27fc8ddb5e77ce9d1e2bdc953a5f22765bf779452f,1772537448,2026-03-03T11:30:48+00:00,0.805,clob_prices_history
17398942423057686582491252867921221591924525918102079345877032638913486446065,0x139ba0e7f931f09466c0fb27fc8ddb5e77ce9d1e2bdc953a5f22765bf779452f,1772538329,2026-03-03T11:45:29+00:00,0.805,clob_prices_history
17398942423057686582491252867921221591924525918102079345877032638913486446065,0x139ba0e7f931f09466c0fb27fc8ddb5e77ce9d1e2bdc953a5f22765bf779452f,1772539252,2026-03-03T12:00:52+00:00,0.805,clob_prices_history
17398942423057686582491252867921221591924525918102079345877032638913486446065,0x139ba0e7f931f09466c0fb27fc8ddb5e77ce9d1e2bdc953a5f22765bf779452f,1772540141,2026-03-03T12:15:41+00:00,0.795,clob_prices_history
17398942423057686582491252867921221591924525918102079345877032638913486446065,0x139ba0e7f931f09466c0fb27fc8ddb5e77ce9d1e2bdc953a5f22765bf779452f,1772541045,2026-03-03T12:30:45+00:00,0.77,clob_prices_history
17398942423057686582491252867921221591924525918102079345877032638913486446065,0x139ba0e7f931f09466c0fb27fc8ddb5e77ce9d1e2bdc953a5f22765bf779452f,1772541940,2026-03-03T12:45:40+00:00,0.765,clob_prices_history
17398942423057686582491252867921221591924525918102079345877032638913486446065,0x139ba0e7f931f09466c0fb27fc8ddb5e77ce9d1e2bdc953a5f22765bf779452f,1772542835,2026-03-03T13:00:35+00:00,0.765,clob_prices_history
17398942423057686582491252867921221591924525918102079345877032638913486446065,0x139ba0e7f931f09466c0fb27fc8ddb5e77ce9d1e2bdc953a5f22765bf779452f,1772543742,2026-03-03T13:15:42+00:00,0.765,clob_prices_history
17398942423057686582491252867921221591924525918102079345877032638913486446065,0x139ba0e7f931f09466c0fb27fc8ddb5e77ce9d1e2bdc953a5f22765bf779452f,1772544633,2026-03-03T13:30:33+00:00,0.765,clob_prices_history
17398942423057686582491252867921221591924525918102079345877032638913486446065,0x139ba0e7f931f09466c0fb27fc8ddb5e77ce9d1e2bdc953a5f22765bf779452f,1772545529,2026-03-03T13:45:29+00:00,0.765,clob_prices_history
17398942423057686582491252867921221591924525918102079345877032638913486446065,0x139ba0e7f931f09466c0fb27fc8ddb5e77ce9d1e2bdc953a5f22765bf779452f,1772546458,2026-03-03T14:00:58+00:00,0.765,clob_prices_history
17398942423057686582491252867921221591924525918102079345877032638913486446065,0x139ba0e7f931f09466c0fb27fc8ddb5e77ce9d1e2bdc953a5f22765bf779452f,1772547330,2026-03-03T14:15:30+00:00,0.765,clob_prices_history
17398942423057686582491252867921221591924525918102079345877032638913486446065,0x139ba0e7f931f09466c0fb27fc8ddb5e77ce9d1e2bdc953a5f22765bf779452f,1772548240,2026-03-03T14:30:40+00:00,0.77,clob_prices_history
17398942423057686582491252867921221591924525918102079345877032638913486446065,0x139ba0e7f931f09466c0fb27fc8ddb5e77ce9d1e2bdc953a5f22765bf779452f,1772549129,2026-03-03T14:45:29+00:00,0.77,clob_prices_history
17398942423057686582491252867921221591924525918102079345877032638913486446065,0x139ba0e7f931f09466c0fb27fc8ddb5e77ce9d1e2bdc953a5f22765bf779452f,1772550046,2026-03-03T15:00:46+00:00,0.77,clob_prices_history
17398942423057686582491252867921221591924525918102079345877032638913486446065,0x139ba0e7f931f09466c0fb27fc8ddb5e77ce9d1e2bdc953a5f22765bf779452f,1772550929,2026-03-03T15:15:29+00:00,0.77,clob_prices_history
17398942423057686582491252867921221591924525918102079345877032638913486446065,0x139ba0e7f931f09466c0fb27fc8ddb5e77ce9d1e2bdc953a5f22765bf779452f,1772551840,2026-03-03T15:30:40+00:00,0.77,clob_prices_history
17398942423057686582491252867921221591924525918102079345877032638913486446065,0x139ba0e7f931f09466c0fb27fc8ddb5e77ce9d1e2bdc953a5f22765bf779452f,1772552728,2026-03-03T15:45:28+00:00,0.77,clob_prices_history
17398942423057686582491252867921221591924525918102079345877032638913486446065,0x139ba0e7f931f09466c0fb27fc8ddb5e77ce9d1e2bdc953a5f22765bf779452f,1772553635,2026-03-03T16:00:35+00:00,0.77,clob_prices_history
17398942423057686582491252867921221591924525918102079345877032638913486446065,0x139ba0e7f931f09466c0fb27fc8ddb5e77ce9d1e2bdc953a5f22765bf779452f,1772554529,2026-03-03T16:15:29+00:00,0.77,clob_prices_history
17398942423057686582491252867921221591924525918102079345877032638913486446065,0x139ba0e7f931f09466c0fb27fc8ddb5e77ce9d1e2bdc953a5f22765bf779452f,1772555441,2026-03-03T16:30:41+00:00,0.77,clob_prices_history
17398942423057686582491252867921221591924525918102079345877032638913486446065,0x139ba0e7f931f09466c0fb27fc8ddb5e77ce9d1e2bdc953a5f22765bf779452f,1772557235,2026-03-03T17:00:35+00:00,0.77,clob_prices_history
17398942423057686582491252867921221591924525918102079345877032638913486446065,0x139ba0e7f931f09466c0fb27fc8ddb5e77ce9d1e2bdc953a5f22765bf779452f,1772558129,2026-03-03T17:15:29+00:00,0.77,clob_prices_history
17398942423057686582491252867921221591924525918102079345877032638913486446065,0x139ba0e7f931f09466c0fb27fc8ddb5e77ce9d1e2bdc953a5f22765bf779452f,1772559039,2026-03-03T17:30:39+00:00,0.77,clob_prices_history
17398942423057686582491252867921221591924525918102079345877032638913486446065,0x139ba0e7f931f09466c0fb27fc8ddb5e77ce9d1e2bdc953a5f22765bf779452f,1772559931,2026-03-03T17:45:31+00:00,0.775,clob_prices_history
17398942423057686582491252867921221591924525918102079345877032638913486446065,0x139ba0e7f931f09466c0fb27fc8ddb5e77ce9d1e2bdc953a5f22765bf779452f,1772560842,2026-03-03T18:00:42+00:00,0.775,clob_prices_history
17398942423057686582491252867921221591924525918102079345877032638913486446065,0x139ba0e7f931f09466c0fb27fc8ddb5e77ce9d1e2bdc953a5f22765bf779452f,1772561731,2026-03-03T18:15:31+00:00,0.775,clob_prices_history
17398942423057686582491252867921221591924525918102079345877032638913486446065,0x139ba0e7f931f09466c0fb27fc8ddb5e77ce9d1e2bdc953a5f22765bf779452f,1772562636,2026-03-03T18:30:36+00:00,0.775,clob_prices_history
17398942423057686582491252867921221591924525918102079345877032638913486446065,0x139ba0e7f931f09466c0fb27fc8ddb5e77ce9d1e2bdc953a5f22765bf779452f,1772564436,2026-03-03T19:00:36+00:00,0.765,clob_prices_history
17398942423057686582491252867921221591924525918102079345877032638913486446065,0x139ba0e7f931f09466c0fb27fc8ddb5e77ce9d1e2bdc953a5f22765bf779452f,1772565332,2026-03-03T19:15:32+00:00,0.765,clob_prices_history
17398942423057686582491252867921221591924525918102079345877032638913486446065,0x139ba0e7f931f09466c0fb27fc8ddb5e77ce9d1e2bdc953a5f22765bf779452f,1772566236,2026-03-03T19:30:36+00:00,0.765,clob_prices_history
17398942423057686582491252867921221591924525918102079345877032638913486446065,0x139ba0e7f931f09466c0fb27fc8ddb5e77ce9d1e2bdc953a5f22765bf779452f,1772567132,2026-03-03T19:45:32+00:00,0.755,clob_prices_history
17398942423057686582491252867921221591924525918102079345877032638913486446065,0x139ba0e7f931f09466c0fb27fc8ddb5e77ce9d1e2bdc953a5f22765bf779452f,1772568037,2026-03-03T20:00:37+00:00,0.66,clob_prices_history
17398942423057686582491252867921221591924525918102079345877032638913486446065,0x139ba0e7f931f09466c0fb27fc8ddb5e77ce9d1e2bdc953a5f22765bf779452f,1772568943,2026-03-03T20:15:43+00:00,0.665,clob_prices_history
17398942423057686582491252867921221591924525918102079345877032638913486446065,0x139ba0e7f931f09466c0fb27fc8ddb5e77ce9d1e2bdc953a5f22765bf779452f,1772569837,2026-03-03T20:30:37+00:00,0.715,clob_prices_history
17398942423057686582491252867921221591924525918102079345877032638913486446065,0x139ba0e7f931f09466c0fb27fc8ddb5e77ce9d1e2bdc953a5f22765bf779452f,1772570730,2026-03-03T20:45:30+00:00,0.74,clob_prices_history
17398942423057686582491252867921221591924525918102079345877032638913486446065,0x139ba0e7f931f09466c0fb27fc8ddb5e77ce9d1e2bdc953a5f22765bf779452f,1772572529,2026-03-03T21:15:29+00:00,0.74,clob_prices_history
17398942423057686582491252867921221591924525918102079345877032638913486446065,0x139ba0e7f931f09466c0fb27fc8ddb5e77ce9d1e2bdc953a5f22765bf779452f,1772574331,2026-03-03T21:45:31+00:00,0.74,clob_prices_history
17398942423057686582491252867921221591924525918102079345877032638913486446065,0x139ba0e7f931f09466c0fb27fc8ddb5e77ce9d1e2bdc953a5f22765bf779452f,1772575241,2026-03-03T22:00:41+00:00,0.74,clob_prices_history
17398942423057686582491252867921221591924525918102079345877032638913486446065,0x139ba0e7f931f09466c0fb27fc8ddb5e77ce9d1e2bdc953a5f22765bf779452f,1772576129,2026-03-03T22:15:29+00:00,0.74,clob_prices_history
17398942423057686582491252867921221591924525918102079345877032638913486446065,0x139ba0e7f931f09466c0fb27fc8ddb5e77ce9d1e2bdc953a5f22765bf779452f,1772577035,2026-03-03T22:30:35+00:00,0.75,clob_prices_history
17398942423057686582491252867921221591924525918102079345877032638913486446065,0x139ba0e7f931f09466c0fb27fc8ddb5e77ce9d1e2bdc953a5f22765bf779452f,1772577928,2026-03-03T22:45:28+00:00,0.75,clob_prices_history
17398942423057686582491252867921221591924525918102079345877032638913486446065,0x139ba0e7f931f09466c0fb27fc8ddb5e77ce9d1e2bdc953a5f22765bf779452f,1772578836,2026-03-03T23:00:36+00:00,0.75,clob_prices_history
17398942423057686582491252867921221591924525918102079345877032638913486446065,0x139ba0e7f931f09466c0fb27fc8ddb5e77ce9d1e2bdc953a5f22765bf779452f,1772580638,2026-03-03T23:30:38+00:00,0.75,clob_prices_history
17398942423057686582491252867921221591924525918102079345877032638913486446065,0x139ba0e7f931f09466c0fb27fc8ddb5e77ce9d1e2bdc953a5f22765bf779452f,1772581535,2026-03-03T23:45:35+00:00,0.75,clob_prices_history
17398942423057686582491252867921221591924525918102079345877032638913486446065,0x139ba0e7f931f09466c0fb27fc8ddb5e77ce9d1e2bdc953a5f22765bf779452f,1772582451,2026-03-04T00:00:51+00:00,0.75,clob_prices_history
17398942423057686582491252867921221591924525918102079345877032638913486446065,0x139ba0e7f931f09466c0fb27fc8ddb5e77ce9d1e2bdc953a5f22765bf779452f,1772583330,2026-03-04T00:15:30+00:00,0.75,clob_prices_history
17398942423057686582491252867921221591924525918102079345877032638913486446065,0x139ba0e7f931f09466c0fb27fc8ddb5e77ce9d1e2bdc953a5f22765bf779452f,1772584234,2026-03-04T00:30:34+00:00,0.75,clob_prices_history
17398942423057686582491252867921221591924525918102079345877032638913486446065,0x139ba0e7f931f09466c0fb27fc8ddb5e77ce9d1e2bdc953a5f22765bf779452f,1772585130,2026-03-04T00:45:30+00:00,0.75,clob_prices_history
17398942423057686582491252867921221591924525918102079345877032638913486446065,0x139ba0e7f931f09466c0fb27fc8ddb5e77ce9d1e2bdc953a5f22765bf779452f,1772586036,2026-03-04T01:00:36+00:00,0.75,clob_prices_history
17398942423057686582491252867921221591924525918102079345877032638913486446065,0x139ba0e7f931f09466c0fb27fc8ddb5e77ce9d1e2bdc953a5f22765bf779452f,1772586929,2026-03-04T01:15:29+00:00,0.75,clob_prices_history
17398942423057686582491252867921221591924525918102079345877032638913486446065,0x139ba0e7f931f09466c0fb27fc8ddb5e77ce9d1e2bdc953a5f22765bf779452f,1772587836,2026-03-04T01:30:36+00:00,0.75,clob_prices_history
17398942423057686582491252867921221591924525918102079345877032638913486446065,0x139ba0e7f931f09466c0fb27fc8ddb5e77ce9d1e2bdc953a5f22765bf779452f,1772588730,2026-03-04T01:45:30+00:00,0.75,clob_prices_history
17398942423057686582491252867921221591924525918102079345877032638913486446065,0x139ba0e7f931f09466c0fb27fc8ddb5e77ce9d1e2bdc953a5f22765bf779452f,1772589637,2026-03-04T02:00:37+00:00,0.75,clob_prices_history
17398942423057686582491252867921221591924525918102079345877032638913486446065,0x139ba0e7f931f09466c0fb27fc8ddb5e77ce9d1e2bdc953a5f22765bf779452f,1772590550,2026-03-04T02:15:50+00:00,0.75,clob_prices_history
17398942423057686582491252867921221591924525918102079345877032638913486446065,0x139ba0e7f931f09466c0fb27fc8ddb5e77ce9d1e2bdc953a5f22765bf779452f,1772591435,2026-03-04T02:30:35+00:00,0.75,clob_prices_history
17398942423057686582491252867921221591924525918102079345877032638913486446065,0x139ba0e7f931f09466c0fb27fc8ddb5e77ce9d1e2bdc953a5f22765bf779452f,1772592328,2026-03-04T02:45:28+00:00,0.75,clob_prices_history
17398942423057686582491252867921221591924525918102079345877032638913486446065,0x139ba0e7f931f09466c0fb27fc8ddb5e77ce9d1e2bdc953a5f22765bf779452f,1772593239,2026-03-04T03:00:39+00:00,0.75,clob_prices_history
17398942423057686582491252867921221591924525918102079345877032638913486446065,0x139ba0e7f931f09466c0fb27fc8ddb5e77ce9d1e2bdc953a5f22765bf779452f,1772594129,2026-03-04T03:15:29+00:00,0.75,clob_prices_history
17398942423057686582491252867921221591924525918102079345877032638913486446065,0x139ba0e7f931f09466c0fb27fc8ddb5e77ce9d1e2bdc953a5f22765bf779452f,1772595034,2026-03-04T03:30:34+00:00,0.75,clob_prices_history
17398942423057686582491252867921221591924525918102079345877032638913486446065,0x139ba0e7f931f09466c0fb27fc8ddb5e77ce9d1e2bdc953a5f22765bf779452f,1772595930,2026-03-04T03:45:30+00:00,0.75,clob_prices_history
17398942423057686582491252867921221591924525918102079345877032638913486446065,0x139ba0e7f931f09466c0fb27fc8ddb5e77ce9d1e2bdc953a5f22765bf779452f,1772596835,2026-03-04T04:00:35+00:00,0.75,clob_prices_history
17398942423057686582491252867921221591924525918102079345877032638913486446065,0x139ba0e7f931f09466c0fb27fc8ddb5e77ce9d1e2bdc953a5f22765bf779452f,1772597728,2026-03-04T04:15:28+00:00,0.75,clob_prices_history
17398942423057686582491252867921221591924525918102079345877032638913486446065,0x139ba0e7f931f09466c0fb27fc8ddb5e77ce9d1e2bdc953a5f22765bf779452f,1772598633,2026-03-04T04:30:33+00:00,0.75,clob_prices_history
17398942423057686582491252867921221591924525918102079345877032638913486446065,0x139ba0e7f931f09466c0fb27fc8ddb5e77ce9d1e2bdc953a5f22765bf779452f,1772599530,2026-03-04T04:45:30+00:00,0.75,clob_prices_history
17398942423057686582491252867921221591924525918102079345877032638913486446065,0x139ba0e7f931f09466c0fb27fc8ddb5e77ce9d1e2bdc953a5f22765bf779452f,1772600432,2026-03-04T05:00:32+00:00,0.75,clob_prices_history
17398942423057686582491252867921221591924525918102079345877032638913486446065,0x139ba0e7f931f09466c0fb27fc8ddb5e77ce9d1e2bdc953a5f22765bf779452f,1772601328,2026-03-04T05:15:28+00:00,0.75,clob_prices_history
17398942423057686582491252867921221591924525918102079345877032638913486446065,0x139ba0e7f931f09466c0fb27fc8ddb5e77ce9d1e2bdc953a5f22765bf779452f,1772602234,2026-03-04T05:30:34+00:00,0.75,clob_prices_history
17398942423057686582491252867921221591924525918102079345877032638913486446065,0x139ba0e7f931f09466c0fb27fc8ddb5e77ce9d1e2bdc953a5f22765bf779452f,1772603127,2026-03-04T05:45:27+00:00,0.75,clob_prices_history
17398942423057686582491252867921221591924525918102079345877032638913486446065,0x139ba0e7f931f09466c0fb27fc8ddb5e77ce9d1e2bdc953a5f22765bf779452f,1772604040,2026-03-04T06:00:40+00:00,0.75,clob_prices_history
17398942423057686582491252867921221591924525918102079345877032638913486446065,0x139ba0e7f931f09466c0fb27fc8ddb5e77ce9d1e2bdc953a5f22765bf779452f,1772604930,2026-03-04T06:15:30+00:00,0.75,clob_prices_history
17398942423057686582491252867921221591924525918102079345877032638913486446065,0x139ba0e7f931f09466c0fb27fc8ddb5e77ce9d1e2bdc953a5f22765bf779452f,1772605854,2026-03-04T06:30:54+00:00,0.75,clob_prices_history
17398942423057686582491252867921221591924525918102079345877032638913486446065,0x139ba0e7f931f09466c0fb27fc8ddb5e77ce9d1e2bdc953a5f22765bf779452f,1772606729,2026-03-04T06:45:29+00:00,0.75,clob_prices_history
17398942423057686582491252867921221591924525918102079345877032638913486446065,0x139ba0e7f931f09466c0fb27fc8ddb5e77ce9d1e2bdc953a5f22765bf779452f,1772607631,2026-03-04T07:00:31+00:00,0.75,clob_prices_history
17398942423057686582491252867921221591924525918102079345877032638913486446065,0x139ba0e7f931f09466c0fb27fc8ddb5e77ce9d1e2bdc953a5f22765bf779452f,1772608541,2026-03-04T07:15:41+00:00,0.75,clob_prices_history
17398942423057686582491252867921221591924525918102079345877032638913486446065,0x139ba0e7f931f09466c0fb27fc8ddb5e77ce9d1e2bdc953a5f22765bf779452f,1772609435,2026-03-04T07:30:35+00:00,0.75,clob_prices_history
17398942423057686582491252867921221591924525918102079345877032638913486446065,0x139ba0e7f931f09466c0fb27fc8ddb5e77ce9d1e2bdc953a5f22765bf779452f,1772610329,2026-03-04T07:45:29+00:00,0.75,clob_prices_history
17398942423057686582491252867921221591924525918102079345877032638913486446065,0x139ba0e7f931f09466c0fb27fc8ddb5e77ce9d1e2bdc953a5f22765bf779452f,1772611231,2026-03-04T08:00:31+00:00,0.75,clob_prices_history
17398942423057686582491252867921221591924525918102079345877032638913486446065,0x139ba0e7f931f09466c0fb27fc8ddb5e77ce9d1e2bdc953a5f22765bf779452f,1772612128,2026-03-04T08:15:28+00:00,0.75,clob_prices_history
17398942423057686582491252867921221591924525918102079345877032638913486446065,0x139ba0e7f931f09466c0fb27fc8ddb5e77ce9d1e2bdc953a5f22765bf779452f,1772613032,2026-03-04T08:30:32+00:00,0.75,clob_prices_history
17398942423057686582491252867921221591924525918102079345877032638913486446065,0x139ba0e7f931f09466c0fb27fc8ddb5e77ce9d1e2bdc953a5f22765bf779452f,1772613929,2026-03-04T08:45:29+00:00,0.75,clob_prices_history
17398942423057686582491252867921221591924525918102079345877032638913486446065,0x139ba0e7f931f09466c0fb27fc8ddb5e77ce9d1e2bdc953a5f22765bf779452f,1772614839,2026-03-04T09:00:39+00:00,0.75,clob_prices_history
17398942423057686582491252867921221591924525918102079345877032638913486446065,0x139ba0e7f931f09466c0fb27fc8ddb5e77ce9d1e2bdc953a5f22765bf779452f,1772615732,2026-03-04T09:15:32+00:00,0.75,clob_prices_history
17398942423057686582491252867921221591924525918102079345877032638913486446065,0x139ba0e7f931f09466c0fb27fc8ddb5e77ce9d1e2bdc953a5f22765bf779452f,1772616633,2026-03-04T09:30:33+00:00,0.75,clob_prices_history
17398942423057686582491252867921221591924525918102079345877032638913486446065,0x139ba0e7f931f09466c0fb27fc8ddb5e77ce9d1e2bdc953a5f22765bf779452f,1772617530,2026-03-04T09:45:30+00:00,0.75,clob_prices_history
17398942423057686582491252867921221591924525918102079345877032638913486446065,0x139ba0e7f931f09466c0fb27fc8ddb5e77ce9d1e2bdc953a5f22765bf779452f,1772618436,2026-03-04T10:00:36+00:00,0.75,clob_prices_history
17398942423057686582491252867921221591924525918102079345877032638913486446065,0x139ba0e7f931f09466c0fb27fc8ddb5e77ce9d1e2bdc953a5f22765bf779452f,1772619328,2026-03-04T10:15:28+00:00,0.75,clob_prices_history
17398942423057686582491252867921221591924525918102079345877032638913486446065,0x139ba0e7f931f09466c0fb27fc8ddb5e77ce9d1e2bdc953a5f22765bf779452f,1772620255,2026-03-04T10:30:55+00:00,0.75,clob_prices_history
17398942423057686582491252867921221591924525918102079345877032638913486446065,0x139ba0e7f931f09466c0fb27fc8ddb5e77ce9d1e2bdc953a5f22765bf779452f,1772621130,2026-03-04T10:45:30+00:00,0.75,clob_prices_history
17398942423057686582491252867921221591924525918102079345877032638913486446065,0x139ba0e7f931f09466c0fb27fc8ddb5e77ce9d1e2bdc953a5f22765bf779452f,1772622035,2026-03-04T11:00:35+00:00,0.75,clob_prices_history
17398942423057686582491252867921221591924525918102079345877032638913486446065,0x139ba0e7f931f09466c0fb27fc8ddb5e77ce9d1e2bdc953a5f22765bf779452f,1772622930,2026-03-04T11:15:30+00:00,0.75,clob_prices_history
17398942423057686582491252867921221591924525918102079345877032638913486446065,0x139ba0e7f931f09466c0fb27fc8ddb5e77ce9d1e2bdc953a5f22765bf779452f,1772623832,2026-03-04T11:30:32+00:00,0.75,clob_prices_history
17398942423057686582491252867921221591924525918102079345877032638913486446065,0x139ba0e7f931f09466c0fb27fc8ddb5e77ce9d1e2bdc953a5f22765bf779452f,1772624733,2026-03-04T11:45:33+00:00,0.75,clob_prices_history
17398942423057686582491252867921221591924525918102079345877032638913486446065,0x139ba0e7f931f09466c0fb27fc8ddb5e77ce9d1e2bdc953a5f22765bf779452f,1772625647,2026-03-04T12:00:47+00:00,0.75,clob_prices_history
17398942423057686582491252867921221591924525918102079345877032638913486446065,0x139ba0e7f931f09466c0fb27fc8ddb5e77ce9d1e2bdc953a5f22765bf779452f,1772626530,2026-03-04T12:15:30+00:00,0.75,clob_prices_history
17398942423057686582491252867921221591924525918102079345877032638913486446065,0x139ba0e7f931f09466c0fb27fc8ddb5e77ce9d1e2bdc953a5f22765bf779452f,1772627451,2026-03-04T12:30:51+00:00,0.75,clob_prices_history
17398942423057686582491252867921221591924525918102079345877032638913486446065,0x139ba0e7f931f09466c0fb27fc8ddb5e77ce9d1e2bdc953a5f22765bf779452f,1772628330,2026-03-04T12:45:30+00:00,0.75,clob_prices_history
17398942423057686582491252867921221591924525918102079345877032638913486446065,0x139ba0e7f931f09466c0fb27fc8ddb5e77ce9d1e2bdc953a5f22765bf779452f,1772629235,2026-03-04T13:00:35+00:00,0.75,clob_prices_history
17398942423057686582491252867921221591924525918102079345877032638913486446065,0x139ba0e7f931f09466c0fb27fc8ddb5e77ce9d1e2bdc953a5f22765bf779452f,1772630137,2026-03-04T13:15:37+00:00,0.75,clob_prices_history
17398942423057686582491252867921221591924525918102079345877032638913486446065,0x139ba0e7f931f09466c0fb27fc8ddb5e77ce9d1e2bdc953a5f22765bf779452f,1772631033,2026-03-04T13:30:33+00:00,0.75,clob_prices_history
17398942423057686582491252867921221591924525918102079345877032638913486446065,0x139ba0e7f931f09466c0fb27fc8ddb5e77ce9d1e2bdc953a5f22765bf779452f,1772631933,2026-03-04T13:45:33+00:00,0.75,clob_prices_history
17398942423057686582491252867921221591924525918102079345877032638913486446065,0x139ba0e7f931f09466c0fb27fc8ddb5e77ce9d1e2bdc953a5f22765bf779452f,1772632835,2026-03-04T14:00:35+00:00,0.75,clob_prices_history
17398942423057686582491252867921221591924525918102079345877032638913486446065,0x139ba0e7f931f09466c0fb27fc8ddb5e77ce9d1e2bdc953a5f22765bf779452f,1772633732,2026-03-04T14:15:32+00:00,0.75,clob_prices_history
17398942423057686582491252867921221591924525918102079345877032638913486446065,0x139ba0e7f931f09466c0fb27fc8ddb5e77ce9d1e2bdc953a5f22765bf779452f,1772634635,2026-03-04T14:30:35+00:00,0.75,clob_prices_history
17398942423057686582491252867921221591924525918102079345877032638913486446065,0x139ba0e7f931f09466c0fb27fc8ddb5e77ce9d1e2bdc953a5f22765bf779452f,1772635531,2026-03-04T14:45:31+00:00,0.75,clob_prices_history
17398942423057686582491252867921221591924525918102079345877032638913486446065,0x139ba0e7f931f09466c0fb27fc8ddb5e77ce9d1e2bdc953a5f22765bf779452f,1772636454,2026-03-04T15:00:54+00:00,0.75,clob_prices_history
17398942423057686582491252867921221591924525918102079345877032638913486446065,0x139ba0e7f931f09466c0fb27fc8ddb5e77ce9d1e2bdc953a5f22765bf779452f,1772637330,2026-03-04T15:15:30+00:00,0.75,clob_prices_history
17398942423057686582491252867921221591924525918102079345877032638913486446065,0x139ba0e7f931f09466c0fb27fc8ddb5e77ce9d1e2bdc953a5f22765bf779452f,1772638247,2026-03-04T15:30:47+00:00,0.75,clob_prices_history
17398942423057686582491252867921221591924525918102079345877032638913486446065,0x139ba0e7f931f09466c0fb27fc8ddb5e77ce9d1e2bdc953a5f22765bf779452f,1772639133,2026-03-04T15:45:33+00:00,0.75,clob_prices_history
17398942423057686582491252867921221591924525918102079345877032638913486446065,0x139ba0e7f931f09466c0fb27fc8ddb5e77ce9d1e2bdc953a5f22765bf779452f,1772640036,2026-03-04T16:00:36+00:00,0.75,clob_prices_history
17398942423057686582491252867921221591924525918102079345877032638913486446065,0x139ba0e7f931f09466c0fb27fc8ddb5e77ce9d1e2bdc953a5f22765bf779452f,1772640940,2026-03-04T16:15:40+00:00,0.75,clob_prices_history
17398942423057686582491252867921221591924525918102079345877032638913486446065,0x139ba0e7f931f09466c0fb27fc8ddb5e77ce9d1e2bdc953a5f22765bf779452f,1772641836,2026-03-04T16:30:36+00:00,0.75,clob_prices_history
17398942423057686582491252867921221591924525918102079345877032638913486446065,0x139ba0e7f931f09466c0fb27fc8ddb5e77ce9d1e2bdc953a5f22765bf779452f,1772642734,2026-03-04T16:45:34+00:00,0.75,clob_prices_history
17398942423057686582491252867921221591924525918102079345877032638913486446065,0x139ba0e7f931f09466c0fb27fc8ddb5e77ce9d1e2bdc953a5f22765bf779452f,1772644532,2026-03-04T17:15:32+00:00,0.75,clob_prices_history
17398942423057686582491252867921221591924525918102079345877032638913486446065,0x139ba0e7f931f09466c0fb27fc8ddb5e77ce9d1e2bdc953a5f22765bf779452f,1772645437,2026-03-04T17:30:37+00:00,0.75,clob_prices_history
17398942423057686582491252867921221591924525918102079345877032638913486446065,0x139ba0e7f931f09466c0fb27fc8ddb5e77ce9d1e2bdc953a5f22765bf779452f,1772646331,2026-03-04T17:45:31+00:00,0.75,clob_prices_history
17398942423057686582491252867921221591924525918102079345877032638913486446065,0x139ba0e7f931f09466c0fb27fc8ddb5e77ce9d1e2bdc953a5f22765bf779452f,1772647239,2026-03-04T18:00:39+00:00,0.75,clob_prices_history
17398942423057686582491252867921221591924525918102079345877032638913486446065,0x139ba0e7f931f09466c0fb27fc8ddb5e77ce9d1e2bdc953a5f22765bf779452f,1772648129,2026-03-04T18:15:29+00:00,0.75,clob_prices_history
17398942423057686582491252867921221591924525918102079345877032638913486446065,0x139ba0e7f931f09466c0fb27fc8ddb5e77ce9d1e2bdc953a5f22765bf779452f,1772649036,2026-03-04T18:30:36+00:00,0.75,clob_prices_history
17398942423057686582491252867921221591924525918102079345877032638913486446065,0x139ba0e7f931f09466c0fb27fc8ddb5e77ce9d1e2bdc953a5f22765bf779452f,1772649929,2026-03-04T18:45:29+00:00,0.75,clob_prices_history
17398942423057686582491252867921221591924525918102079345877032638913486446065,0x139ba0e7f931f09466c0fb27fc8ddb5e77ce9d1e2bdc953a5f22765bf779452f,1772650834,2026-03-04T19:00:34+00:00,0.75,clob_prices_history
17398942423057686582491252867921221591924525918102079345877032638913486446065,0x139ba0e7f931f09466c0fb27fc8ddb5e77ce9d1e2bdc953a5f22765bf779452f,1772651734,2026-03-04T19:15:34+00:00,0.75,clob_prices_history
17398942423057686582491252867921221591924525918102079345877032638913486446065,0x139ba0e7f931f09466c0fb27fc8ddb5e77ce9d1e2bdc953a5f22765bf779452f,1772652636,2026-03-04T19:30:36+00:00,0.75,clob_prices_history
17398942423057686582491252867921221591924525918102079345877032638913486446065,0x139ba0e7f931f09466c0fb27fc8ddb5e77ce9d1e2bdc953a5f22765bf779452f,1772653531,2026-03-04T19:45:31+00:00,0.75,clob_prices_history
17398942423057686582491252867921221591924525918102079345877032638913486446065,0x139ba0e7f931f09466c0fb27fc8ddb5e77ce9d1e2bdc953a5f22765bf779452f,1772654444,2026-03-04T20:00:44+00:00,0.75,clob_prices_history
17398942423057686582491252867921221591924525918102079345877032638913486446065,0x139ba0e7f931f09466c0fb27fc8ddb5e77ce9d1e2bdc953a5f22765bf779452f,1772655331,2026-03-04T20:15:31+00:00,0.75,clob_prices_history
17398942423057686582491252867921221591924525918102079345877032638913486446065,0x139ba0e7f931f09466c0fb27fc8ddb5e77ce9d1e2bdc953a5f22765bf779452f,1772656235,2026-03-04T20:30:35+00:00,0.75,clob_prices_history
17398942423057686582491252867921221591924525918102079345877032638913486446065,0x139ba0e7f931f09466c0fb27fc8ddb5e77ce9d1e2bdc953a5f22765bf779452f,1772657129,2026-03-04T20:45:29+00:00,0.75,clob_prices_history
17398942423057686582491252867921221591924525918102079345877032638913486446065,0x139ba0e7f931f09466c0fb27fc8ddb5e77ce9d1e2bdc953a5f22765bf779452f,1772658042,2026-03-04T21:00:42+00:00,0.75,clob_prices_history
17398942423057686582491252867921221591924525918102079345877032638913486446065,0x139ba0e7f931f09466c0fb27fc8ddb5e77ce9d1e2bdc953a5f22765bf779452f,1772658940,2026-03-04T21:15:40+00:00,0.75,clob_prices_history
17398942423057686582491252867921221591924525918102079345877032638913486446065,0x139ba0e7f931f09466c0fb27fc8ddb5e77ce9d1e2bdc953a5f22765bf779452f,1772659835,2026-03-04T21:30:35+00:00,0.75,clob_prices_history
17398942423057686582491252867921221591924525918102079345877032638913486446065,0x139ba0e7f931f09466c0fb27fc8ddb5e77ce9d1e2bdc953a5f22765bf779452f,1772660733,2026-03-04T21:45:33+00:00,0.76,clob_prices_history
17398942423057686582491252867921221591924525918102079345877032638913486446065,0x139ba0e7f931f09466c0fb27fc8ddb5e77ce9d1e2bdc953a5f22765bf779452f,1772661635,2026-03-04T22:00:35+00:00,0.79,clob_prices_history
17398942423057686582491252867921221591924525918102079345877032638913486446065,0x139ba0e7f931f09466c0fb27fc8ddb5e77ce9d1e2bdc953a5f22765bf779452f,1772662531,2026-03-04T22:15:31+00:00,0.79,clob_prices_history
17398942423057686582491252867921221591924525918102079345877032638913486446065,0x139ba0e7f931f09466c0fb27fc8ddb5e77ce9d1e2bdc953a5f22765bf779452f,1772663435,2026-03-04T22:30:35+00:00,0.79,clob_prices_history
17398942423057686582491252867921221591924525918102079345877032638913486446065,0x139ba0e7f931f09466c0fb27fc8ddb5e77ce9d1e2bdc953a5f22765bf779452f,1772664338,2026-03-04T22:45:38+00:00,0.785,clob_prices_history
17398942423057686582491252867921221591924525918102079345877032638913486446065,0x139ba0e7f931f09466c0fb27fc8ddb5e77ce9d1e2bdc953a5f22765bf779452f,1772665233,2026-03-04T23:00:33+00:00,0.785,clob_prices_history
17398942423057686582491252867921221591924525918102079345877032638913486446065,0x139ba0e7f931f09466c0fb27fc8ddb5e77ce9d1e2bdc953a5f22765bf779452f,1772666132,2026-03-04T23:15:32+00:00,0.785,clob_prices_history
17398942423057686582491252867921221591924525918102079345877032638913486446065,0x139ba0e7f931f09466c0fb27fc8ddb5e77ce9d1e2bdc953a5f22765bf779452f,1772667034,2026-03-04T23:30:34+00:00,0.785,clob_prices_history
17398942423057686582491252867921221591924525918102079345877032638913486446065,0x139ba0e7f931f09466c0fb27fc8ddb5e77ce9d1e2bdc953a5f22765bf779452f,1772667931,2026-03-04T23:45:31+00:00,0.785,clob_prices_history
17398942423057686582491252867921221591924525918102079345877032638913486446065,0x139ba0e7f931f09466c0fb27fc8ddb5e77ce9d1e2bdc953a5f22765bf779452f,1772668848,2026-03-05T00:00:48+00:00,0.79,clob_prices_history
17398942423057686582491252867921221591924525918102079345877032638913486446065,0x139ba0e7f931f09466c0fb27fc8ddb5e77ce9d1e2bdc953a5f22765bf779452f,1772669732,2026-03-05T00:15:32+00:00,0.79,clob_prices_history
17398942423057686582491252867921221591924525918102079345877032638913486446065,0x139ba0e7f931f09466c0fb27fc8ddb5e77ce9d1e2bdc953a5f22765bf779452f,1772670636,2026-03-05T00:30:36+00:00,0.79,clob_prices_history
17398942423057686582491252867921221591924525918102079345877032638913486446065,0x139ba0e7f931f09466c0fb27fc8ddb5e77ce9d1e2bdc953a5f22765bf779452f,1772671533,2026-03-05T00:45:33+00:00,0.79,clob_prices_history
17398942423057686582491252867921221591924525918102079345877032638913486446065,0x139ba0e7f931f09466c0fb27fc8ddb5e77ce9d1e2bdc953a5f22765bf779452f,1772672439,2026-03-05T01:00:39+00:00,0.79,clob_prices_history
17398942423057686582491252867921221591924525918102079345877032638913486446065,0x139ba0e7f931f09466c0fb27fc8ddb5e77ce9d1e2bdc953a5f22765bf779452f,1772673331,2026-03-05T01:15:31+00:00,0.79,clob_prices_history
17398942423057686582491252867921221591924525918102079345877032638913486446065,0x139ba0e7f931f09466c0fb27fc8ddb5e77ce9d1e2bdc953a5f22765bf779452f,1772674238,2026-03-05T01:30:38+00:00,0.79,clob_prices_history
17398942423057686582491252867921221591924525918102079345877032638913486446065,0x139ba0e7f931f09466c0fb27fc8ddb5e77ce9d1e2bdc953a5f22765bf779452f,1772675129,2026-03-05T01:45:29+00:00,0.79,clob_prices_history
17398942423057686582491252867921221591924525918102079345877032638913486446065,0x139ba0e7f931f09466c0fb27fc8ddb5e77ce9d1e2bdc953a5f22765bf779452f,1772676034,2026-03-05T02:00:34+00:00,0.79,clob_prices_history
17398942423057686582491252867921221591924525918102079345877032638913486446065,0x139ba0e7f931f09466c0fb27fc8ddb5e77ce9d1e2bdc953a5f22765bf779452f,1772676930,2026-03-05T02:15:30+00:00,0.79,clob_prices_history
17398942423057686582491252867921221591924525918102079345877032638913486446065,0x139ba0e7f931f09466c0fb27fc8ddb5e77ce9d1e2bdc953a5f22765bf779452f,1772677832,2026-03-05T02:30:32+00:00,0.79,clob_prices_history
17398942423057686582491252867921221591924525918102079345877032638913486446065,0x139ba0e7f931f09466c0fb27fc8ddb5e77ce9d1e2bdc953a5f22765bf779452f,1772678726,2026-03-05T02:45:26+00:00,0.79,clob_prices_history
17398942423057686582491252867921221591924525918102079345877032638913486446065,0x139ba0e7f931f09466c0fb27fc8ddb5e77ce9d1e2bdc953a5f22765bf779452f,1772679634,2026-03-05T03:00:34+00:00,0.79,clob_prices_history
17398942423057686582491252867921221591924525918102079345877032638913486446065,0x139ba0e7f931f09466c0fb27fc8ddb5e77ce9d1e2bdc953a5f22765bf779452f,1772680525,2026-03-05T03:15:25+00:00,0.79,clob_prices_history
17398942423057686582491252867921221591924525918102079345877032638913486446065,0x139ba0e7f931f09466c0fb27fc8ddb5e77ce9d1e2bdc953a5f22765bf779452f,1772681428,2026-03-05T03:30:28+00:00,0.79,clob_prices_history
17398942423057686582491252867921221591924525918102079345877032638913486446065,0x139ba0e7f931f09466c0fb27fc8ddb5e77ce9d1e2bdc953a5f22765bf779452f,1772682334,2026-03-05T03:45:34+00:00,0.79,clob_prices_history
17398942423057686582491252867921221591924525918102079345877032638913486446065,0x139ba0e7f931f09466c0fb27fc8ddb5e77ce9d1e2bdc953a5f22765bf779452f,1772683230,2026-03-05T04:00:30+00:00,0.79,clob_prices_history
17398942423057686582491252867921221591924525918102079345877032638913486446065,0x139ba0e7f931f09466c0fb27fc8ddb5e77ce9d1e2bdc953a5f22765bf779452f,1772684127,2026-03-05T04:15:27+00:00,0.79,clob_prices_history
17398942423057686582491252867921221591924525918102079345877032638913486446065,0x139ba0e7f931f09466c0fb27fc8ddb5e77ce9d1e2bdc953a5f22765bf779452f,1772685029,2026-03-05T04:30:29+00:00,0.79,clob_prices_history
17398942423057686582491252867921221591924525918102079345877032638913486446065,0x139ba0e7f931f09466c0fb27fc8ddb5e77ce9d1e2bdc953a5f22765bf779452f,1772685925,2026-03-05T04:45:25+00:00,0.79,clob_prices_history
17398942423057686582491252867921221591924525918102079345877032638913486446065,0x139ba0e7f931f09466c0fb27fc8ddb5e77ce9d1e2bdc953a5f22765bf779452f,1772686834,2026-03-05T05:00:34+00:00,0.79,clob_prices_history
17398942423057686582491252867921221591924525918102079345877032638913486446065,0x139ba0e7f931f09466c0fb27fc8ddb5e77ce9d1e2bdc953a5f22765bf779452f,1772687725,2026-03-05T05:15:25+00:00,0.79,clob_prices_history
17398942423057686582491252867921221591924525918102079345877032638913486446065,0x139ba0e7f931f09466c0fb27fc8ddb5e77ce9d1e2bdc953a5f22765bf779452f,1772688638,2026-03-05T05:30:38+00:00,0.79,clob_prices_history
17398942423057686582491252867921221591924525918102079345877032638913486446065,0x139ba0e7f931f09466c0fb27fc8ddb5e77ce9d1e2bdc953a5f22765bf779452f,1772689525,2026-03-05T05:45:25+00:00,0.79,clob_prices_history
17398942423057686582491252867921221591924525918102079345877032638913486446065,0x139ba0e7f931f09466c0fb27fc8ddb5e77ce9d1e2bdc953a5f22765bf779452f,1772690435,2026-03-05T06:00:35+00:00,0.79,clob_prices_history
17398942423057686582491252867921221591924525918102079345877032638913486446065,0x139ba0e7f931f09466c0fb27fc8ddb5e77ce9d1e2bdc953a5f22765bf779452f,1772691340,2026-03-05T06:15:40+00:00,0.79,clob_prices_history
17398942423057686582491252867921221591924525918102079345877032638913486446065,0x139ba0e7f931f09466c0fb27fc8ddb5e77ce9d1e2bdc953a5f22765bf779452f,1772692229,2026-03-05T06:30:29+00:00,0.79,clob_prices_history
17398942423057686582491252867921221591924525918102079345877032638913486446065,0x139ba0e7f931f09466c0fb27fc8ddb5e77ce9d1e2bdc953a5f22765bf779452f,1772693126,2026-03-05T06:45:26+00:00,0.79,clob_prices_history
17398942423057686582491252867921221591924525918102079345877032638913486446065,0x139ba0e7f931f09466c0fb27fc8ddb5e77ce9d1e2bdc953a5f22765bf779452f,1772694031,2026-03-05T07:00:31+00:00,0.79,clob_prices_history
17398942423057686582491252867921221591924525918102079345877032638913486446065,0x139ba0e7f931f09466c0fb27fc8ddb5e77ce9d1e2bdc953a5f22765bf779452f,1772694927,2026-03-05T07:15:27+00:00,0.79,clob_prices_history
17398942423057686582491252867921221591924525918102079345877032638913486446065,0x139ba0e7f931f09466c0fb27fc8ddb5e77ce9d1e2bdc953a5f22765bf779452f,1772695831,2026-03-05T07:30:31+00:00,0.79,clob_prices_history
17398942423057686582491252867921221591924525918102079345877032638913486446065,0x139ba0e7f931f09466c0fb27fc8ddb5e77ce9d1e2bdc953a5f22765bf779452f,1772696726,2026-03-05T07:45:26+00:00,0.79,clob_prices_history
17398942423057686582491252867921221591924525918102079345877032638913486446065,0x139ba0e7f931f09466c0fb27fc8ddb5e77ce9d1e2bdc953a5f22765bf779452f,1772697639,2026-03-05T08:00:39+00:00,0.79,clob_prices_history
17398942423057686582491252867921221591924525918102079345877032638913486446065,0x139ba0e7f931f09466c0fb27fc8ddb5e77ce9d1e2bdc953a5f22765bf779452f,1772698529,2026-03-05T08:15:29+00:00,0.79,clob_prices_history
17398942423057686582491252867921221591924525918102079345877032638913486446065,0x139ba0e7f931f09466c0fb27fc8ddb5e77ce9d1e2bdc953a5f22765bf779452f,1772699429,2026-03-05T08:30:29+00:00,0.79,clob_prices_history
17398942423057686582491252867921221591924525918102079345877032638913486446065,0x139ba0e7f931f09466c0fb27fc8ddb5e77ce9d1e2bdc953a5f22765bf779452f,1772700327,2026-03-05T08:45:27+00:00,0.79,clob_prices_history
17398942423057686582491252867921221591924525918102079345877032638913486446065,0x139ba0e7f931f09466c0fb27fc8ddb5e77ce9d1e2bdc953a5f22765bf779452f,1772701233,2026-03-05T09:00:33+00:00,0.79,clob_prices_history
17398942423057686582491252867921221591924525918102079345877032638913486446065,0x139ba0e7f931f09466c0fb27fc8ddb5e77ce9d1e2bdc953a5f22765bf779452f,1772702129,2026-03-05T09:15:29+00:00,0.79,clob_prices_history
17398942423057686582491252867921221591924525918102079345877032638913486446065,0x139ba0e7f931f09466c0fb27fc8ddb5e77ce9d1e2bdc953a5f22765bf779452f,1772703031,2026-03-05T09:30:31+00:00,0.79,clob_prices_history
17398942423057686582491252867921221591924525918102079345877032638913486446065,0x139ba0e7f931f09466c0fb27fc8ddb5e77ce9d1e2bdc953a5f22765bf779452f,1772703929,2026-03-05T09:45:29+00:00,0.79,clob_prices_history
17398942423057686582491252867921221591924525918102079345877032638913486446065,0x139ba0e7f931f09466c0fb27fc8ddb5e77ce9d1e2bdc953a5f22765bf779452f,1772704848,2026-03-05T10:00:48+00:00,0.79,clob_prices_history
17398942423057686582491252867921221591924525918102079345877032638913486446065,0x139ba0e7f931f09466c0fb27fc8ddb5e77ce9d1e2bdc953a5f22765bf779452f,1772705737,2026-03-05T10:15:37+00:00,0.79,clob_prices_history
17398942423057686582491252867921221591924525918102079345877032638913486446065,0x139ba0e7f931f09466c0fb27fc8ddb5e77ce9d1e2bdc953a5f22765bf779452f,1772706632,2026-03-05T10:30:32+00:00,0.79,clob_prices_history
17398942423057686582491252867921221591924525918102079345877032638913486446065,0x139ba0e7f931f09466c0fb27fc8ddb5e77ce9d1e2bdc953a5f22765bf779452f,1772707529,2026-03-05T10:45:29+00:00,0.79,clob_prices_history
17398942423057686582491252867921221591924525918102079345877032638913486446065,0x139ba0e7f931f09466c0fb27fc8ddb5e77ce9d1e2bdc953a5f22765bf779452f,1772708441,2026-03-05T11:00:41+00:00,0.79,clob_prices_history
17398942423057686582491252867921221591924525918102079345877032638913486446065,0x139ba0e7f931f09466c0fb27fc8ddb5e77ce9d1e2bdc953a5f22765bf779452f,1772709341,2026-03-05T11:15:41+00:00,0.79,clob_prices_history
17398942423057686582491252867921221591924525918102079345877032638913486446065,0x139ba0e7f931f09466c0fb27fc8ddb5e77ce9d1e2bdc953a5f22765bf779452f,1772710233,2026-03-05T11:30:33+00:00,0.79,clob_prices_history
17398942423057686582491252867921221591924525918102079345877032638913486446065,0x139ba0e7f931f09466c0fb27fc8ddb5e77ce9d1e2bdc953a5f22765bf779452f,1772711127,2026-03-05T11:45:27+00:00,0.785,clob_prices_history
17398942423057686582491252867921221591924525918102079345877032638913486446065,0x139ba0e7f931f09466c0fb27fc8ddb5e77ce9d1e2bdc953a5f22765bf779452f,1772712926,2026-03-05T12:15:26+00:00,0.785,clob_prices_history
17398942423057686582491252867921221591924525918102079345877032638913486446065,0x139ba0e7f931f09466c0fb27fc8ddb5e77ce9d1e2bdc953a5f22765bf779452f,1772713837,2026-03-05T12:30:37+00:00,0.785,clob_prices_history
17398942423057686582491252867921221591924525918102079345877032638913486446065,0x139ba0e7f931f09466c0fb27fc8ddb5e77ce9d1e2bdc953a5f22765bf779452f,1772714729,2026-03-05T12:45:29+00:00,0.785,clob_prices_history
17398942423057686582491252867921221591924525918102079345877032638913486446065,0x139ba0e7f931f09466c0fb27fc8ddb5e77ce9d1e2bdc953a5f22765bf779452f,1772715634,2026-03-05T13:00:34+00:00,0.785,clob_prices_history
17398942423057686582491252867921221591924525918102079345877032638913486446065,0x139ba0e7f931f09466c0fb27fc8ddb5e77ce9d1e2bdc953a5f22765bf779452f,1772716527,2026-03-05T13:15:27+00:00,0.785,clob_prices_history
17398942423057686582491252867921221591924525918102079345877032638913486446065,0x139ba0e7f931f09466c0fb27fc8ddb5e77ce9d1e2bdc953a5f22765bf779452f,1772717440,2026-03-05T13:30:40+00:00,0.785,clob_prices_history
17398942423057686582491252867921221591924525918102079345877032638913486446065,0x139ba0e7f931f09466c0fb27fc8ddb5e77ce9d1e2bdc953a5f22765bf779452f,1772718331,2026-03-05T13:45:31+00:00,0.785,clob_prices_history
17398942423057686582491252867921221591924525918102079345877032638913486446065,0x139ba0e7f931f09466c0fb27fc8ddb5e77ce9d1e2bdc953a5f22765bf779452f,1772719235,2026-03-05T14:00:35+00:00,0.785,clob_prices_history
17398942423057686582491252867921221591924525918102079345877032638913486446065,0x139ba0e7f931f09466c0fb27fc8ddb5e77ce9d1e2bdc953a5f22765bf779452f,1772720126,2026-03-05T14:15:26+00:00,0.79,clob_prices_history
17398942423057686582491252867921221591924525918102079345877032638913486446065,0x139ba0e7f931f09466c0fb27fc8ddb5e77ce9d1e2bdc953a5f22765bf779452f,1772721033,2026-03-05T14:30:33+00:00,0.79,clob_prices_history
17398942423057686582491252867921221591924525918102079345877032638913486446065,0x139ba0e7f931f09466c0fb27fc8ddb5e77ce9d1e2bdc953a5f22765bf779452f,1772721925,2026-03-05T14:45:25+00:00,0.79,clob_prices_history
17398942423057686582491252867921221591924525918102079345877032638913486446065,0x139ba0e7f931f09466c0fb27fc8ddb5e77ce9d1e2bdc953a5f22765bf779452f,1772722845,2026-03-05T15:00:45+00:00,0.79,clob_prices_history
17398942423057686582491252867921221591924525918102079345877032638913486446065,0x139ba0e7f931f09466c0fb27fc8ddb5e77ce9d1e2bdc953a5f22765bf779452f,1772723725,2026-03-05T15:15:25+00:00,0.79,clob_prices_history
17398942423057686582491252867921221591924525918102079345877032638913486446065,0x139ba0e7f931f09466c0fb27fc8ddb5e77ce9d1e2bdc953a5f22765bf779452f,1772724630,2026-03-05T15:30:30+00:00,0.79,clob_prices_history
17398942423057686582491252867921221591924525918102079345877032638913486446065,0x139ba0e7f931f09466c0fb27fc8ddb5e77ce9d1e2bdc953a5f22765bf779452f,1772725526,2026-03-05T15:45:26+00:00,0.79,clob_prices_history
17398942423057686582491252867921221591924525918102079345877032638913486446065,0x139ba0e7f931f09466c0fb27fc8ddb5e77ce9d1e2bdc953a5f22765bf779452f,1772726431,2026-03-05T16:00:31+00:00,0.79,clob_prices_history
17398942423057686582491252867921221591924525918102079345877032638913486446065,0x139ba0e7f931f09466c0fb27fc8ddb5e77ce9d1e2bdc953a5f22765bf779452f,1772727342,2026-03-05T16:15:42+00:00,0.79,clob_prices_history
17398942423057686582491252867921221591924525918102079345877032638913486446065,0x139ba0e7f931f09466c0fb27fc8ddb5e77ce9d1e2bdc953a5f22765bf779452f,1772728231,2026-03-05T16:30:31+00:00,0.79,clob_prices_history
17398942423057686582491252867921221591924525918102079345877032638913486446065,0x139ba0e7f931f09466c0fb27fc8ddb5e77ce9d1e2bdc953a5f22765bf779452f,1772729126,2026-03-05T16:45:26+00:00,0.79,clob_prices_history
17398942423057686582491252867921221591924525918102079345877032638913486446065,0x139ba0e7f931f09466c0fb27fc8ddb5e77ce9d1e2bdc953a5f22765bf779452f,1772730926,2026-03-05T17:15:26+00:00,0.79,clob_prices_history
17398942423057686582491252867921221591924525918102079345877032638913486446065,0x139ba0e7f931f09466c0fb27fc8ddb5e77ce9d1e2bdc953a5f22765bf779452f,1772731832,2026-03-05T17:30:32+00:00,0.79,clob_prices_history
17398942423057686582491252867921221591924525918102079345877032638913486446065,0x139ba0e7f931f09466c0fb27fc8ddb5e77ce9d1e2bdc953a5f22765bf779452f,1772732727,2026-03-05T17:45:27+00:00,0.79,clob_prices_history
17398942423057686582491252867921221591924525918102079345877032638913486446065,0x139ba0e7f931f09466c0fb27fc8ddb5e77ce9d1e2bdc953a5f22765bf779452f,1772733641,2026-03-05T18:00:41+00:00,0.79,clob_prices_history
17398942423057686582491252867921221591924525918102079345877032638913486446065,0x139ba0e7f931f09466c0fb27fc8ddb5e77ce9d1e2bdc953a5f22765bf779452f,1772734526,2026-03-05T18:15:26+00:00,0.79,clob_prices_history
17398942423057686582491252867921221591924525918102079345877032638913486446065,0x139ba0e7f931f09466c0fb27fc8ddb5e77ce9d1e2bdc953a5f22765bf779452f,1772735431,2026-03-05T18:30:31+00:00,0.79,clob_prices_history
17398942423057686582491252867921221591924525918102079345877032638913486446065,0x139ba0e7f931f09466c0fb27fc8ddb5e77ce9d1e2bdc953a5f22765bf779452f,1772736329,2026-03-05T18:45:29+00:00,0.795,clob_prices_history
17398942423057686582491252867921221591924525918102079345877032638913486446065,0x139ba0e7f931f09466c0fb27fc8ddb5e77ce9d1e2bdc953a5f22765bf779452f,1772737230,2026-03-05T19:00:30+00:00,0.795,clob_prices_history
17398942423057686582491252867921221591924525918102079345877032638913486446065,0x139ba0e7f931f09466c0fb27fc8ddb5e77ce9d1e2bdc953a5f22765bf779452f,1772738127,2026-03-05T19:15:27+00:00,0.795,clob_prices_history
17398942423057686582491252867921221591924525918102079345877032638913486446065,0x139ba0e7f931f09466c0fb27fc8ddb5e77ce9d1e2bdc953a5f22765bf779452f,1772739030,2026-03-05T19:30:30+00:00,0.795,clob_prices_history
17398942423057686582491252867921221591924525918102079345877032638913486446065,0x139ba0e7f931f09466c0fb27fc8ddb5e77ce9d1e2bdc953a5f22765bf779452f,1772739927,2026-03-05T19:45:27+00:00,0.795,clob_prices_history
17398942423057686582491252867921221591924525918102079345877032638913486446065,0x139ba0e7f931f09466c0fb27fc8ddb5e77ce9d1e2bdc953a5f22765bf779452f,1772741726,2026-03-05T20:15:26+00:00,0.795,clob_prices_history
17398942423057686582491252867921221591924525918102079345877032638913486446065,0x139ba0e7f931f09466c0fb27fc8ddb5e77ce9d1e2bdc953a5f22765bf779452f,1772742633,2026-03-05T20:30:33+00:00,0.795,clob_prices_history
17398942423057686582491252867921221591924525918102079345877032638913486446065,0x139ba0e7f931f09466c0fb27fc8ddb5e77ce9d1e2bdc953a5f22765bf779452f,1772743528,2026-03-05T20:45:28+00:00,0.795,clob_prices_history
17398942423057686582491252867921221591924525918102079345877032638913486446065,0x139ba0e7f931f09466c0fb27fc8ddb5e77ce9d1e2bdc953a5f22765bf779452f,1772744435,2026-03-05T21:00:35+00:00,0.795,clob_prices_history
17398942423057686582491252867921221591924525918102079345877032638913486446065,0x139ba0e7f931f09466c0fb27fc8ddb5e77ce9d1e2bdc953a5f22765bf779452f,1772745327,2026-03-05T21:15:27+00:00,0.795,clob_prices_history
17398942423057686582491252867921221591924525918102079345877032638913486446065,0x139ba0e7f931f09466c0fb27fc8ddb5e77ce9d1e2bdc953a5f22765bf779452f,1772746230,2026-03-05T21:30:30+00:00,0.795,clob_prices_history
17398942423057686582491252867921221591924525918102079345877032638913486446065,0x139ba0e7f931f09466c0fb27fc8ddb5e77ce9d1e2bdc953a5f22765bf779452f,1772747126,2026-03-05T21:45:26+00:00,0.795,clob_prices_history
17398942423057686582491252867921221591924525918102079345877032638913486446065,0x139ba0e7f931f09466c0fb27fc8ddb5e77ce9d1e2bdc953a5f22765bf779452f,1772748031,2026-03-05T22:00:31+00:00,0.795,clob_prices_history
17398942423057686582491252867921221591924525918102079345877032638913486446065,0x139ba0e7f931f09466c0fb27fc8ddb5e77ce9d1e2bdc953a5f22765bf779452f,1772748928,2026-03-05T22:15:28+00:00,0.795,clob_prices_history
17398942423057686582491252867921221591924525918102079345877032638913486446065,0x139ba0e7f931f09466c0fb27fc8ddb5e77ce9d1e2bdc953a5f22765bf779452f,1772749835,2026-03-05T22:30:35+00:00,0.795,clob_prices_history
17398942423057686582491252867921221591924525918102079345877032638913486446065,0x139ba0e7f931f09466c0fb27fc8ddb5e77ce9d1e2bdc953a5f22765bf779452f,1772750728,2026-03-05T22:45:28+00:00,0.795,clob_prices_history
17398942423057686582491252867921221591924525918102079345877032638913486446065,0x139ba0e7f931f09466c0fb27fc8ddb5e77ce9d1e2bdc953a5f22765bf779452f,1772751645,2026-03-05T23:00:45+00:00,0.795,clob_prices_history
17398942423057686582491252867921221591924525918102079345877032638913486446065,0x139ba0e7f931f09466c0fb27fc8ddb5e77ce9d1e2bdc953a5f22765bf779452f,1772752529,2026-03-05T23:15:29+00:00,0.795,clob_prices_history
17398942423057686582491252867921221591924525918102079345877032638913486446065,0x139ba0e7f931f09466c0fb27fc8ddb5e77ce9d1e2bdc953a5f22765bf779452f,1772753432,2026-03-05T23:30:32+00:00,0.795,clob_prices_history
17398942423057686582491252867921221591924525918102079345877032638913486446065,0x139ba0e7f931f09466c0fb27fc8ddb5e77ce9d1e2bdc953a5f22765bf779452f,1772754341,2026-03-05T23:45:41+00:00,0.795,clob_prices_history
17398942423057686582491252867921221591924525918102079345877032638913486446065,0x139ba0e7f931f09466c0fb27fc8ddb5e77ce9d1e2bdc953a5f22765bf779452f,1772755247,2026-03-06T00:00:47+00:00,0.795,clob_prices_history
17398942423057686582491252867921221591924525918102079345877032638913486446065,0x139ba0e7f931f09466c0fb27fc8ddb5e77ce9d1e2bdc953a5f22765bf779452f,1772756128,2026-03-06T00:15:28+00:00,0.795,clob_prices_history
17398942423057686582491252867921221591924525918102079345877032638913486446065,0x139ba0e7f931f09466c0fb27fc8ddb5e77ce9d1e2bdc953a5f22765bf779452f,1772757032,2026-03-06T00:30:32+00:00,0.795,clob_prices_history
17398942423057686582491252867921221591924525918102079345877032638913486446065,0x139ba0e7f931f09466c0fb27fc8ddb5e77ce9d1e2bdc953a5f22765bf779452f,1772757928,2026-03-06T00:45:28+00:00,0.795,clob_prices_history
17398942423057686582491252867921221591924525918102079345877032638913486446065,0x139ba0e7f931f09466c0fb27fc8ddb5e77ce9d1e2bdc953a5f22765bf779452f,1772758838,2026-03-06T01:00:38+00:00,0.795,clob_prices_history
17398942423057686582491252867921221591924525918102079345877032638913486446065,0x139ba0e7f931f09466c0fb27fc8ddb5e77ce9d1e2bdc953a5f22765bf779452f,1772759730,2026-03-06T01:15:30+00:00,0.795,clob_prices_history
17398942423057686582491252867921221591924525918102079345877032638913486446065,0x139ba0e7f931f09466c0fb27fc8ddb5e77ce9d1e2bdc953a5f22765bf779452f,1772760636,2026-03-06T01:30:36+00:00,0.795,clob_prices_history
17398942423057686582491252867921221591924525918102079345877032638913486446065,0x139ba0e7f931f09466c0fb27fc8ddb5e77ce9d1e2bdc953a5f22765bf779452f,1772761530,2026-03-06T01:45:30+00:00,0.795,clob_prices_history
17398942423057686582491252867921221591924525918102079345877032638913486446065,0x139ba0e7f931f09466c0fb27fc8ddb5e77ce9d1e2bdc953a5f22765bf779452f,1772762433,2026-03-06T02:00:33+00:00,0.795,clob_prices_history
17398942423057686582491252867921221591924525918102079345877032638913486446065,0x139ba0e7f931f09466c0fb27fc8ddb5e77ce9d1e2bdc953a5f22765bf779452f,1772763328,2026-03-06T02:15:28+00:00,0.79,clob_prices_history
17398942423057686582491252867921221591924525918102079345877032638913486446065,0x139ba0e7f931f09466c0fb27fc8ddb5e77ce9d1e2bdc953a5f22765bf779452f,1772764235,2026-03-06T02:30:35+00:00,0.79,clob_prices_history
17398942423057686582491252867921221591924525918102079345877032638913486446065,0x139ba0e7f931f09466c0fb27fc8ddb5e77ce9d1e2bdc953a5f22765bf779452f,1772765130,2026-03-06T02:45:30+00:00,0.79,clob_prices_history
17398942423057686582491252867921221591924525918102079345877032638913486446065,0x139ba0e7f931f09466c0fb27fc8ddb5e77ce9d1e2bdc953a5f22765bf779452f,1772766036,2026-03-06T03:00:36+00:00,0.79,clob_prices_history
17398942423057686582491252867921221591924525918102079345877032638913486446065,0x139ba0e7f931f09466c0fb27fc8ddb5e77ce9d1e2bdc953a5f22765bf779452f,1772766939,2026-03-06T03:15:39+00:00,0.79,clob_prices_history
17398942423057686582491252867921221591924525918102079345877032638913486446065,0x139ba0e7f931f09466c0fb27fc8ddb5e77ce9d1e2bdc953a5f22765bf779452f,1772767836,2026-03-06T03:30:36+00:00,0.785,clob_prices_history
17398942423057686582491252867921221591924525918102079345877032638913486446065,0x139ba0e7f931f09466c0fb27fc8ddb5e77ce9d1e2bdc953a5f22765bf779452f,1772768725,2026-03-06T03:45:25+00:00,0.785,clob_prices_history
17398942423057686582491252867921221591924525918102079345877032638913486446065,0x139ba0e7f931f09466c0fb27fc8ddb5e77ce9d1e2bdc953a5f22765bf779452f,1772769632,2026-03-06T04:00:32+00:00,0.785,clob_prices_history
17398942423057686582491252867921221591924525918102079345877032638913486446065,0x139ba0e7f931f09466c0fb27fc8ddb5e77ce9d1e2bdc953a5f22765bf779452f,1772770524,2026-03-06T04:15:24+00:00,0.785,clob_prices_history
17398942423057686582491252867921221591924525918102079345877032638913486446065,0x139ba0e7f931f09466c0fb27fc8ddb5e77ce9d1e2bdc953a5f22765bf779452f,1772771432,2026-03-06T04:30:32+00:00,0.785,clob_prices_history
17398942423057686582491252867921221591924525918102079345877032638913486446065,0x139ba0e7f931f09466c0fb27fc8ddb5e77ce9d1e2bdc953a5f22765bf779452f,1772772325,2026-03-06T04:45:25+00:00,0.785,clob_prices_history
17398942423057686582491252867921221591924525918102079345877032638913486446065,0x139ba0e7f931f09466c0fb27fc8ddb5e77ce9d1e2bdc953a5f22765bf779452f,1772773243,2026-03-06T05:00:43+00:00,0.785,clob_prices_history
17398942423057686582491252867921221591924525918102079345877032638913486446065,0x139ba0e7f931f09466c0fb27fc8ddb5e77ce9d1e2bdc953a5f22765bf779452f,1772774127,2026-03-06T05:15:27+00:00,0.785,clob_prices_history
17398942423057686582491252867921221591924525918102079345877032638913486446065,0x139ba0e7f931f09466c0fb27fc8ddb5e77ce9d1e2bdc953a5f22765bf779452f,1772775030,2026-03-06T05:30:30+00:00,0.785,clob_prices_history
17398942423057686582491252867921221591924525918102079345877032638913486446065,0x139ba0e7f931f09466c0fb27fc8ddb5e77ce9d1e2bdc953a5f22765bf779452f,1772775926,2026-03-06T05:45:26+00:00,0.785,clob_prices_history
17398942423057686582491252867921221591924525918102079345877032638913486446065,0x139ba0e7f931f09466c0fb27fc8ddb5e77ce9d1e2bdc953a5f22765bf779452f,1772776836,2026-03-06T06:00:36+00:00,0.785,clob_prices_history
17398942423057686582491252867921221591924525918102079345877032638913486446065,0x139ba0e7f931f09466c0fb27fc8ddb5e77ce9d1e2bdc953a5f22765bf779452f,1772777725,2026-03-06T06:15:25+00:00,0.785,clob_prices_history
17398942423057686582491252867921221591924525918102079345877032638913486446065,0x139ba0e7f931f09466c0fb27fc8ddb5e77ce9d1e2bdc953a5f22765bf779452f,1772778631,2026-03-06T06:30:31+00:00,0.785,clob_prices_history
17398942423057686582491252867921221591924525918102079345877032638913486446065,0x139ba0e7f931f09466c0fb27fc8ddb5e77ce9d1e2bdc953a5f22765bf779452f,1772779540,2026-03-06T06:45:40+00:00,0.785,clob_prices_history
17398942423057686582491252867921221591924525918102079345877032638913486446065,0x139ba0e7f931f09466c0fb27fc8ddb5e77ce9d1e2bdc953a5f22765bf779452f,1772780433,2026-03-06T07:00:33+00:00,0.785,clob_prices_history
17398942423057686582491252867921221591924525918102079345877032638913486446065,0x139ba0e7f931f09466c0fb27fc8ddb5e77ce9d1e2bdc953a5f22765bf779452f,1772781325,2026-03-06T07:15:25+00:00,0.785,clob_prices_history
17398942423057686582491252867921221591924525918102079345877032638913486446065,0x139ba0e7f931f09466c0fb27fc8ddb5e77ce9d1e2bdc953a5f22765bf779452f,1772782228,2026-03-06T07:30:28+00:00,0.785,clob_prices_history
17398942423057686582491252867921221591924525918102079345877032638913486446065,0x139ba0e7f931f09466c0fb27fc8ddb5e77ce9d1e2bdc953a5f22765bf779452f,1772783125,2026-03-06T07:45:25+00:00,0.785,clob_prices_history
17398942423057686582491252867921221591924525918102079345877032638913486446065,0x139ba0e7f931f09466c0fb27fc8ddb5e77ce9d1e2bdc953a5f22765bf779452f,1772784031,2026-03-06T08:00:31+00:00,0.785,clob_prices_history
17398942423057686582491252867921221591924525918102079345877032638913486446065,0x139ba0e7f931f09466c0fb27fc8ddb5e77ce9d1e2bdc953a5f22765bf779452f,1772784925,2026-03-06T08:15:25+00:00,0.785,clob_prices_history
17398942423057686582491252867921221591924525918102079345877032638913486446065,0x139ba0e7f931f09466c0fb27fc8ddb5e77ce9d1e2bdc953a5f22765bf779452f,1772785829,2026-03-06T08:30:29+00:00,0.785,clob_prices_history
17398942423057686582491252867921221591924525918102079345877032638913486446065,0x139ba0e7f931f09466c0fb27fc8ddb5e77ce9d1e2bdc953a5f22765bf779452f,1772786726,2026-03-06T08:45:26+00:00,0.785,clob_prices_history
17398942423057686582491252867921221591924525918102079345877032638913486446065,0x139ba0e7f931f09466c0fb27fc8ddb5e77ce9d1e2bdc953a5f22765bf779452f,1772787634,2026-03-06T09:00:34+00:00,0.785,clob_prices_history
17398942423057686582491252867921221591924525918102079345877032638913486446065,0x139ba0e7f931f09466c0fb27fc8ddb5e77ce9d1e2bdc953a5f22765bf779452f,1772788524,2026-03-06T09:15:24+00:00,0.785,clob_prices_history
17398942423057686582491252867921221591924525918102079345877032638913486446065,0x139ba0e7f931f09466c0fb27fc8ddb5e77ce9d1e2bdc953a5f22765bf779452f,1772789431,2026-03-06T09:30:31+00:00,0.785,clob_prices_history
17398942423057686582491252867921221591924525918102079345877032638913486446065,0x139ba0e7f931f09466c0fb27fc8ddb5e77ce9d1e2bdc953a5f22765bf779452f,1772790325,2026-03-06T09:45:25+00:00,0.785,clob_prices_history
17398942423057686582491252867921221591924525918102079345877032638913486446065,0x139ba0e7f931f09466c0fb27fc8ddb5e77ce9d1e2bdc953a5f22765bf779452f,1772791233,2026-03-06T10:00:33+00:00,0.785,clob_prices_history
17398942423057686582491252867921221591924525918102079345877032638913486446065,0x139ba0e7f931f09466c0fb27fc8ddb5e77ce9d1e2bdc953a5f22765bf779452f,1772792126,2026-03-06T10:15:26+00:00,0.785,clob_prices_history
17398942423057686582491252867921221591924525918102079345877032638913486446065,0x139ba0e7f931f09466c0fb27fc8ddb5e77ce9d1e2bdc953a5f22765bf779452f,1772793031,2026-03-06T10:30:31+00:00,0.785,clob_prices_history
17398942423057686582491252867921221591924525918102079345877032638913486446065,0x139ba0e7f931f09466c0fb27fc8ddb5e77ce9d1e2bdc953a5f22765bf779452f,1772793935,2026-03-06T10:45:35+00:00,0.785,clob_prices_history
17398942423057686582491252867921221591924525918102079345877032638913486446065,0x139ba0e7f931f09466c0fb27fc8ddb5e77ce9d1e2bdc953a5f22765bf779452f,1772794830,2026-03-06T11:00:30+00:00,0.785,clob_prices_history
17398942423057686582491252867921221591924525918102079345877032638913486446065,0x139ba0e7f931f09466c0fb27fc8ddb5e77ce9d1e2bdc953a5f22765bf779452f,1772795728,2026-03-06T11:15:28+00:00,0.785,clob_prices_history
17398942423057686582491252867921221591924525918102079345877032638913486446065,0x139ba0e7f931f09466c0fb27fc8ddb5e77ce9d1e2bdc953a5f22765bf779452f,1772796633,2026-03-06T11:30:33+00:00,0.785,clob_prices_history
17398942423057686582491252867921221591924525918102079345877032638913486446065,0x139ba0e7f931f09466c0fb27fc8ddb5e77ce9d1e2bdc953a5f22765bf779452f,1772797529,2026-03-06T11:45:29+00:00,0.785,clob_prices_history
17398942423057686582491252867921221591924525918102079345877032638913486446065,0x139ba0e7f931f09466c0fb27fc8ddb5e77ce9d1e2bdc953a5f22765bf779452f,1772798448,2026-03-06T12:00:48+00:00,0.785,clob_prices_history
17398942423057686582491252867921221591924525918102079345877032638913486446065,0x139ba0e7f931f09466c0fb27fc8ddb5e77ce9d1e2bdc953a5f22765bf779452f,1772799327,2026-03-06T12:15:27+00:00,0.785,clob_prices_history
17398942423057686582491252867921221591924525918102079345877032638913486446065,0x139ba0e7f931f09466c0fb27fc8ddb5e77ce9d1e2bdc953a5f22765bf779452f,1772800246,2026-03-06T12:30:46+00:00,0.785,clob_prices_history
17398942423057686582491252867921221591924525918102079345877032638913486446065,0x139ba0e7f931f09466c0fb27fc8ddb5e77ce9d1e2bdc953a5f22765bf779452f,1772801130,2026-03-06T12:45:30+00:00,0.785,clob_prices_history
17398942423057686582491252867921221591924525918102079345877032638913486446065,0x139ba0e7f931f09466c0fb27fc8ddb5e77ce9d1e2bdc953a5f22765bf779452f,1772802055,2026-03-06T13:00:55+00:00,0.785,clob_prices_history
17398942423057686582491252867921221591924525918102079345877032638913486446065,0x139ba0e7f931f09466c0fb27fc8ddb5e77ce9d1e2bdc953a5f22765bf779452f,1772802928,2026-03-06T13:15:28+00:00,0.785,clob_prices_history
17398942423057686582491252867921221591924525918102079345877032638913486446065,0x139ba0e7f931f09466c0fb27fc8ddb5e77ce9d1e2bdc953a5f22765bf779452f,1772803850,2026-03-06T13:30:50+00:00,0.785,clob_prices_history
17398942423057686582491252867921221591924525918102079345877032638913486446065,0x139ba0e7f931f09466c0fb27fc8ddb5e77ce9d1e2bdc953a5f22765bf779452f,1772804730,2026-03-06T13:45:30+00:00,0.785,clob_prices_history
17398942423057686582491252867921221591924525918102079345877032638913486446065,0x139ba0e7f931f09466c0fb27fc8ddb5e77ce9d1e2bdc953a5f22765bf779452f,1772805635,2026-03-06T14:00:35+00:00,0.785,clob_prices_history
17398942423057686582491252867921221591924525918102079345877032638913486446065,0x139ba0e7f931f09466c0fb27fc8ddb5e77ce9d1e2bdc953a5f22765bf779452f,1772806529,2026-03-06T14:15:29+00:00,0.785,clob_prices_history
17398942423057686582491252867921221591924525918102079345877032638913486446065,0x139ba0e7f931f09466c0fb27fc8ddb5e77ce9d1e2bdc953a5f22765bf779452f,1772807435,2026-03-06T14:30:35+00:00,0.785,clob_prices_history
17398942423057686582491252867921221591924525918102079345877032638913486446065,0x139ba0e7f931f09466c0fb27fc8ddb5e77ce9d1e2bdc953a5f22765bf779452f,1772808330,2026-03-06T14:45:30+00:00,0.785,clob_prices_history
17398942423057686582491252867921221591924525918102079345877032638913486446065,0x139ba0e7f931f09466c0fb27fc8ddb5e77ce9d1e2bdc953a5f22765bf779452f,1772809257,2026-03-06T15:00:57+00:00,0.785,clob_prices_history
17398942423057686582491252867921221591924525918102079345877032638913486446065,0x139ba0e7f931f09466c0fb27fc8ddb5e77ce9d1e2bdc953a5f22765bf779452f,1772810130,2026-03-06T15:15:30+00:00,0.785,clob_prices_history
17398942423057686582491252867921221591924525918102079345877032638913486446065,0x139ba0e7f931f09466c0fb27fc8ddb5e77ce9d1e2bdc953a5f22765bf779452f,1772811037,2026-03-06T15:30:37+00:00,0.785,clob_prices_history
17398942423057686582491252867921221591924525918102079345877032638913486446065,0x139ba0e7f931f09466c0fb27fc8ddb5e77ce9d1e2bdc953a5f22765bf779452f,1772811930,2026-03-06T15:45:30+00:00,0.785,clob_prices_history
17398942423057686582491252867921221591924525918102079345877032638913486446065,0x139ba0e7f931f09466c0fb27fc8ddb5e77ce9d1e2bdc953a5f22765bf779452f,1772812835,2026-03-06T16:00:35+00:00,0.785,clob_prices_history
17398942423057686582491252867921221591924525918102079345877032638913486446065,0x139ba0e7f931f09466c0fb27fc8ddb5e77ce9d1e2bdc953a5f22765bf779452f,1772813732,2026-03-06T16:15:32+00:00,0.785,clob_prices_history
17398942423057686582491252867921221591924525918102079345877032638913486446065,0x139ba0e7f931f09466c0fb27fc8ddb5e77ce9d1e2bdc953a5f22765bf779452f,1772814634,2026-03-06T16:30:34+00:00,0.785,clob_prices_history
17398942423057686582491252867921221591924525918102079345877032638913486446065,0x139ba0e7f931f09466c0fb27fc8ddb5e77ce9d1e2bdc953a5f22765bf779452f,1772815531,2026-03-06T16:45:31+00:00,0.785,clob_prices_history
17398942423057686582491252867921221591924525918102079345877032638913486446065,0x139ba0e7f931f09466c0fb27fc8ddb5e77ce9d1e2bdc953a5f22765bf779452f,1772816434,2026-03-06T17:00:34+00:00,0.785,clob_prices_history
17398942423057686582491252867921221591924525918102079345877032638913486446065,0x139ba0e7f931f09466c0fb27fc8ddb5e77ce9d1e2bdc953a5f22765bf779452f,1772817326,2026-03-06T17:15:26+00:00,0.785,clob_prices_history
17398942423057686582491252867921221591924525918102079345877032638913486446065,0x139ba0e7f931f09466c0fb27fc8ddb5e77ce9d1e2bdc953a5f22765bf779452f,1772818243,2026-03-06T17:30:43+00:00,0.785,clob_prices_history
17398942423057686582491252867921221591924525918102079345877032638913486446065,0x139ba0e7f931f09466c0fb27fc8ddb5e77ce9d1e2bdc953a5f22765bf779452f,1772819128,2026-03-06T17:45:28+00:00,0.785,clob_prices_history
17398942423057686582491252867921221591924525918102079345877032638913486446065,0x139ba0e7f931f09466c0fb27fc8ddb5e77ce9d1e2bdc953a5f22765bf779452f,1772820038,2026-03-06T18:00:38+00:00,0.785,clob_prices_history
17398942423057686582491252867921221591924525918102079345877032638913486446065,0x139ba0e7f931f09466c0fb27fc8ddb5e77ce9d1e2bdc953a5f22765bf779452f,1772820928,2026-03-06T18:15:28+00:00,0.785,clob_prices_history
17398942423057686582491252867921221591924525918102079345877032638913486446065,0x139ba0e7f931f09466c0fb27fc8ddb5e77ce9d1e2bdc953a5f22765bf779452f,1772821831,2026-03-06T18:30:31+00:00,0.785,clob_prices_history
17398942423057686582491252867921221591924525918102079345877032638913486446065,0x139ba0e7f931f09466c0fb27fc8ddb5e77ce9d1e2bdc953a5f22765bf779452f,1772822733,2026-03-06T18:45:33+00:00,0.785,clob_prices_history
17398942423057686582491252867921221591924525918102079345877032638913486446065,0x139ba0e7f931f09466c0fb27fc8ddb5e77ce9d1e2bdc953a5f22765bf779452f,1772823633,2026-03-06T19:00:33+00:00,0.785,clob_prices_history
17398942423057686582491252867921221591924525918102079345877032638913486446065,0x139ba0e7f931f09466c0fb27fc8ddb5e77ce9d1e2bdc953a5f22765bf779452f,1772824532,2026-03-06T19:15:32+00:00,0.785,clob_prices_history
17398942423057686582491252867921221591924525918102079345877032638913486446065,0x139ba0e7f931f09466c0fb27fc8ddb5e77ce9d1e2bdc953a5f22765bf779452f,1772826326,2026-03-06T19:45:26+00:00,0.785,clob_prices_history
17398942423057686582491252867921221591924525918102079345877032638913486446065,0x139ba0e7f931f09466c0fb27fc8ddb5e77ce9d1e2bdc953a5f22765bf779452f,1772827235,2026-03-06T20:00:35+00:00,0.785,clob_prices_history
17398942423057686582491252867921221591924525918102079345877032638913486446065,0x139ba0e7f931f09466c0fb27fc8ddb5e77ce9d1e2bdc953a5f22765bf779452f,1772828126,2026-03-06T20:15:26+00:00,0.785,clob_prices_history
17398942423057686582491252867921221591924525918102079345877032638913486446065,0x139ba0e7f931f09466c0fb27fc8ddb5e77ce9d1e2bdc953a5f22765bf779452f,1772829032,2026-03-06T20:30:32+00:00,0.785,clob_prices_history
17398942423057686582491252867921221591924525918102079345877032638913486446065,0x139ba0e7f931f09466c0fb27fc8ddb5e77ce9d1e2bdc953a5f22765bf779452f,1772829926,2026-03-06T20:45:26+00:00,0.785,clob_prices_history
17398942423057686582491252867921221591924525918102079345877032638913486446065,0x139ba0e7f931f09466c0fb27fc8ddb5e77ce9d1e2bdc953a5f22765bf779452f,1772830836,2026-03-06T21:00:36+00:00,0.785,clob_prices_history
17398942423057686582491252867921221591924525918102079345877032638913486446065,0x139ba0e7f931f09466c0fb27fc8ddb5e77ce9d1e2bdc953a5f22765bf779452f,1772831725,2026-03-06T21:15:25+00:00,0.785,clob_prices_history
17398942423057686582491252867921221591924525918102079345877032638913486446065,0x139ba0e7f931f09466c0fb27fc8ddb5e77ce9d1e2bdc953a5f22765bf779452f,1772832644,2026-03-06T21:30:44+00:00,0.785,clob_prices_history
17398942423057686582491252867921221591924525918102079345877032638913486446065,0x139ba0e7f931f09466c0fb27fc8ddb5e77ce9d1e2bdc953a5f22765bf779452f,1772833527,2026-03-06T21:45:27+00:00,0.785,clob_prices_history
17398942423057686582491252867921221591924525918102079345877032638913486446065,0x139ba0e7f931f09466c0fb27fc8ddb5e77ce9d1e2bdc953a5f22765bf779452f,1772834431,2026-03-06T22:00:31+00:00,0.785,clob_prices_history
17398942423057686582491252867921221591924525918102079345877032638913486446065,0x139ba0e7f931f09466c0fb27fc8ddb5e77ce9d1e2bdc953a5f22765bf779452f,1772835327,2026-03-06T22:15:27+00:00,0.785,clob_prices_history
17398942423057686582491252867921221591924525918102079345877032638913486446065,0x139ba0e7f931f09466c0fb27fc8ddb5e77ce9d1e2bdc953a5f22765bf779452f,1772836231,2026-03-06T22:30:31+00:00,0.785,clob_prices_history
17398942423057686582491252867921221591924525918102079345877032638913486446065,0x139ba0e7f931f09466c0fb27fc8ddb5e77ce9d1e2bdc953a5f22765bf779452f,1772837125,2026-03-06T22:45:25+00:00,0.785,clob_prices_history
17398942423057686582491252867921221591924525918102079345877032638913486446065,0x139ba0e7f931f09466c0fb27fc8ddb5e77ce9d1e2bdc953a5f22765bf779452f,1772838032,2026-03-06T23:00:32+00:00,0.785,clob_prices_history
17398942423057686582491252867921221591924525918102079345877032638913486446065,0x139ba0e7f931f09466c0fb27fc8ddb5e77ce9d1e2bdc953a5f22765bf779452f,1772838925,2026-03-06T23:15:25+00:00,0.785,clob_prices_history
17398942423057686582491252867921221591924525918102079345877032638913486446065,0x139ba0e7f931f09466c0fb27fc8ddb5e77ce9d1e2bdc953a5f22765bf779452f,1772839829,2026-03-06T23:30:29+00:00,0.785,clob_prices_history
17398942423057686582491252867921221591924525918102079345877032638913486446065,0x139ba0e7f931f09466c0fb27fc8ddb5e77ce9d1e2bdc953a5f22765bf779452f,1772840730,2026-03-06T23:45:30+00:00,0.785,clob_prices_history
17398942423057686582491252867921221591924525918102079345877032638913486446065,0x139ba0e7f931f09466c0fb27fc8ddb5e77ce9d1e2bdc953a5f22765bf779452f,1772841651,2026-03-07T00:00:51+00:00,0.785,clob_prices_history
17398942423057686582491252867921221591924525918102079345877032638913486446065,0x139ba0e7f931f09466c0fb27fc8ddb5e77ce9d1e2bdc953a5f22765bf779452f,1772842530,2026-03-07T00:15:30+00:00,0.785,clob_prices_history
17398942423057686582491252867921221591924525918102079345877032638913486446065,0x139ba0e7f931f09466c0fb27fc8ddb5e77ce9d1e2bdc953a5f22765bf779452f,1772843430,2026-03-07T00:30:30+00:00,0.785,clob_prices_history
17398942423057686582491252867921221591924525918102079345877032638913486446065,0x139ba0e7f931f09466c0fb27fc8ddb5e77ce9d1e2bdc953a5f22765bf779452f,1772844326,2026-03-07T00:45:26+00:00,0.785,clob_prices_history
17398942423057686582491252867921221591924525918102079345877032638913486446065,0x139ba0e7f931f09466c0fb27fc8ddb5e77ce9d1e2bdc953a5f22765bf779452f,1772845232,2026-03-07T01:00:32+00:00,0.785,clob_prices_history
17398942423057686582491252867921221591924525918102079345877032638913486446065,0x139ba0e7f931f09466c0fb27fc8ddb5e77ce9d1e2bdc953a5f22765bf779452f,1772846127,2026-03-07T01:15:27+00:00,0.785,clob_prices_history
17398942423057686582491252867921221591924525918102079345877032638913486446065,0x139ba0e7f931f09466c0fb27fc8ddb5e77ce9d1e2bdc953a5f22765bf779452f,1772847031,2026-03-07T01:30:31+00:00,0.79,clob_prices_history
17398942423057686582491252867921221591924525918102079345877032638913486446065,0x139ba0e7f931f09466c0fb27fc8ddb5e77ce9d1e2bdc953a5f22765bf779452f,1772847927,2026-03-07T01:45:27+00:00,0.79,clob_prices_history
17398942423057686582491252867921221591924525918102079345877032638913486446065,0x139ba0e7f931f09466c0fb27fc8ddb5e77ce9d1e2bdc953a5f22765bf779452f,1772848830,2026-03-07T02:00:30+00:00,0.79,clob_prices_history
17398942423057686582491252867921221591924525918102079345877032638913486446065,0x139ba0e7f931f09466c0fb27fc8ddb5e77ce9d1e2bdc953a5f22765bf779452f,1772849727,2026-03-07T02:15:27+00:00,0.79,clob_prices_history
17398942423057686582491252867921221591924525918102079345877032638913486446065,0x139ba0e7f931f09466c0fb27fc8ddb5e77ce9d1e2bdc953a5f22765bf779452f,1772850631,2026-03-07T02:30:31+00:00,0.79,clob_prices_history
17398942423057686582491252867921221591924525918102079345877032638913486446065,0x139ba0e7f931f09466c0fb27fc8ddb5e77ce9d1e2bdc953a5f22765bf779452f,1772851526,2026-03-07T02:45:26+00:00,0.79,clob_prices_history
17398942423057686582491252867921221591924525918102079345877032638913486446065,0x139ba0e7f931f09466c0fb27fc8ddb5e77ce9d1e2bdc953a5f22765bf779452f,1772852440,2026-03-07T03:00:40+00:00,0.79,clob_prices_history
17398942423057686582491252867921221591924525918102079345877032638913486446065,0x139ba0e7f931f09466c0fb27fc8ddb5e77ce9d1e2bdc953a5f22765bf779452f,1772853327,2026-03-07T03:15:27+00:00,0.79,clob_prices_history
17398942423057686582491252867921221591924525918102079345877032638913486446065,0x139ba0e7f931f09466c0fb27fc8ddb5e77ce9d1e2bdc953a5f22765bf779452f,1772854230,2026-03-07T03:30:30+00:00,0.79,clob_prices_history
17398942423057686582491252867921221591924525918102079345877032638913486446065,0x139ba0e7f931f09466c0fb27fc8ddb5e77ce9d1e2bdc953a5f22765bf779452f,1772855126,2026-03-07T03:45:26+00:00,0.79,clob_prices_history
17398942423057686582491252867921221591924525918102079345877032638913486446065,0x139ba0e7f931f09466c0fb27fc8ddb5e77ce9d1e2bdc953a5f22765bf779452f,1772856030,2026-03-07T04:00:30+00:00,0.79,clob_prices_history
17398942423057686582491252867921221591924525918102079345877032638913486446065,0x139ba0e7f931f09466c0fb27fc8ddb5e77ce9d1e2bdc953a5f22765bf779452f,1772856926,2026-03-07T04:15:26+00:00,0.79,clob_prices_history
17398942423057686582491252867921221591924525918102079345877032638913486446065,0x139ba0e7f931f09466c0fb27fc8ddb5e77ce9d1e2bdc953a5f22765bf779452f,1772857838,2026-03-07T04:30:38+00:00,0.79,clob_prices_history
17398942423057686582491252867921221591924525918102079345877032638913486446065,0x139ba0e7f931f09466c0fb27fc8ddb5e77ce9d1e2bdc953a5f22765bf779452f,1772858726,2026-03-07T04:45:26+00:00,0.79,clob_prices_history
17398942423057686582491252867921221591924525918102079345877032638913486446065,0x139ba0e7f931f09466c0fb27fc8ddb5e77ce9d1e2bdc953a5f22765bf779452f,1772859634,2026-03-07T05:00:34+00:00,0.79,clob_prices_history
17398942423057686582491252867921221591924525918102079345877032638913486446065,0x139ba0e7f931f09466c0fb27fc8ddb5e77ce9d1e2bdc953a5f22765bf779452f,1772860526,2026-03-07T05:15:26+00:00,0.79,clob_prices_history
17398942423057686582491252867921221591924525918102079345877032638913486446065,0x139ba0e7f931f09466c0fb27fc8ddb5e77ce9d1e2bdc953a5f22765bf779452f,1772861429,2026-03-07T05:30:29+00:00,0.79,clob_prices_history
17398942423057686582491252867921221591924525918102079345877032638913486446065,0x139ba0e7f931f09466c0fb27fc8ddb5e77ce9d1e2bdc953a5f22765bf779452f,1772862325,2026-03-07T05:45:25+00:00,0.79,clob_prices_history
17398942423057686582491252867921221591924525918102079345877032638913486446065,0x139ba0e7f931f09466c0fb27fc8ddb5e77ce9d1e2bdc953a5f22765bf779452f,1772863246,2026-03-07T06:00:46+00:00,0.79,clob_prices_history
17398942423057686582491252867921221591924525918102079345877032638913486446065,0x139ba0e7f931f09466c0fb27fc8ddb5e77ce9d1e2bdc953a5f22765bf779452f,1772864126,2026-03-07T06:15:26+00:00,0.79,clob_prices_history
17398942423057686582491252867921221591924525918102079345877032638913486446065,0x139ba0e7f931f09466c0fb27fc8ddb5e77ce9d1e2bdc953a5f22765bf779452f,1772865030,2026-03-07T06:30:30+00:00,0.79,clob_prices_history
17398942423057686582491252867921221591924525918102079345877032638913486446065,0x139ba0e7f931f09466c0fb27fc8ddb5e77ce9d1e2bdc953a5f22765bf779452f,1772865926,2026-03-07T06:45:26+00:00,0.785,clob_prices_history
17398942423057686582491252867921221591924525918102079345877032638913486446065,0x139ba0e7f931f09466c0fb27fc8ddb5e77ce9d1e2bdc953a5f22765bf779452f,1772866830,2026-03-07T07:00:30+00:00,0.785,clob_prices_history
17398942423057686582491252867921221591924525918102079345877032638913486446065,0x139ba0e7f931f09466c0fb27fc8ddb5e77ce9d1e2bdc953a5f22765bf779452f,1772867725,2026-03-07T07:15:25+00:00,0.785,clob_prices_history
17398942423057686582491252867921221591924525918102079345877032638913486446065,0x139ba0e7f931f09466c0fb27fc8ddb5e77ce9d1e2bdc953a5f22765bf779452f,1772868629,2026-03-07T07:30:29+00:00,0.785,clob_prices_history
17398942423057686582491252867921221591924525918102079345877032638913486446065,0x139ba0e7f931f09466c0fb27fc8ddb5e77ce9d1e2bdc953a5f22765bf779452f,1772869527,2026-03-07T07:45:27+00:00,0.785,clob_prices_history
17398942423057686582491252867921221591924525918102079345877032638913486446065,0x139ba0e7f931f09466c0fb27fc8ddb5e77ce9d1e2bdc953a5f22765bf779452f,1772870451,2026-03-07T08:00:51+00:00,0.785,clob_prices_history
17398942423057686582491252867921221591924525918102079345877032638913486446065,0x139ba0e7f931f09466c0fb27fc8ddb5e77ce9d1e2bdc953a5f22765bf779452f,1772871327,2026-03-07T08:15:27+00:00,0.795,clob_prices_history
17398942423057686582491252867921221591924525918102079345877032638913486446065,0x139ba0e7f931f09466c0fb27fc8ddb5e77ce9d1e2bdc953a5f22765bf779452f,1772872235,2026-03-07T08:30:35+00:00,0.795,clob_prices_history
17398942423057686582491252867921221591924525918102079345877032638913486446065,0x139ba0e7f931f09466c0fb27fc8ddb5e77ce9d1e2bdc953a5f22765bf779452f,1772873126,2026-03-07T08:45:26+00:00,0.795,clob_prices_history
17398942423057686582491252867921221591924525918102079345877032638913486446065,0x139ba0e7f931f09466c0fb27fc8ddb5e77ce9d1e2bdc953a5f22765bf779452f,1772874042,2026-03-07T09:00:42+00:00,0.795,clob_prices_history
17398942423057686582491252867921221591924525918102079345877032638913486446065,0x139ba0e7f931f09466c0fb27fc8ddb5e77ce9d1e2bdc953a5f22765bf779452f,1772874927,2026-03-07T09:15:27+00:00,0.795,clob_prices_history
17398942423057686582491252867921221591924525918102079345877032638913486446065,0x139ba0e7f931f09466c0fb27fc8ddb5e77ce9d1e2bdc953a5f22765bf779452f,1772875830,2026-03-07T09:30:30+00:00,0.795,clob_prices_history
17398942423057686582491252867921221591924525918102079345877032638913486446065,0x139ba0e7f931f09466c0fb27fc8ddb5e77ce9d1e2bdc953a5f22765bf779452f,1772876725,2026-03-07T09:45:25+00:00,0.795,clob_prices_history
17398942423057686582491252867921221591924525918102079345877032638913486446065,0x139ba0e7f931f09466c0fb27fc8ddb5e77ce9d1e2bdc953a5f22765bf779452f,1772877631,2026-03-07T10:00:31+00:00,0.795,clob_prices_history
17398942423057686582491252867921221591924525918102079345877032638913486446065,0x139ba0e7f931f09466c0fb27fc8ddb5e77ce9d1e2bdc953a5f22765bf779452f,1772878526,2026-03-07T10:15:26+00:00,0.795,clob_prices_history
17398942423057686582491252867921221591924525918102079345877032638913486446065,0x139ba0e7f931f09466c0fb27fc8ddb5e77ce9d1e2bdc953a5f22765bf779452f,1772879433,2026-03-07T10:30:33+00:00,0.795,clob_prices_history
17398942423057686582491252867921221591924525918102079345877032638913486446065,0x139ba0e7f931f09466c0fb27fc8ddb5e77ce9d1e2bdc953a5f22765bf779452f,1772880340,2026-03-07T10:45:40+00:00,0.795,clob_prices_history
17398942423057686582491252867921221591924525918102079345877032638913486446065,0x139ba0e7f931f09466c0fb27fc8ddb5e77ce9d1e2bdc953a5f22765bf779452f,1772881239,2026-03-07T11:00:39+00:00,0.795,clob_prices_history
17398942423057686582491252867921221591924525918102079345877032638913486446065,0x139ba0e7f931f09466c0fb27fc8ddb5e77ce9d1e2bdc953a5f22765bf779452f,1772882126,2026-03-07T11:15:26+00:00,0.795,clob_prices_history
17398942423057686582491252867921221591924525918102079345877032638913486446065,0x139ba0e7f931f09466c0fb27fc8ddb5e77ce9d1e2bdc953a5f22765bf779452f,1772883032,2026-03-07T11:30:32+00:00,0.795,clob_prices_history
17398942423057686582491252867921221591924525918102079345877032638913486446065,0x139ba0e7f931f09466c0fb27fc8ddb5e77ce9d1e2bdc953a5f22765bf779452f,1772883926,2026-03-07T11:45:26+00:00,0.82,clob_prices_history
17398942423057686582491252867921221591924525918102079345877032638913486446065,0x139ba0e7f931f09466c0fb27fc8ddb5e77ce9d1e2bdc953a5f22765bf779452f,1772884852,2026-03-07T12:00:52+00:00,0.82,clob_prices_history
17398942423057686582491252867921221591924525918102079345877032638913486446065,0x139ba0e7f931f09466c0fb27fc8ddb5e77ce9d1e2bdc953a5f22765bf779452f,1772885728,2026-03-07T12:15:28+00:00,0.815,clob_prices_history
17398942423057686582491252867921221591924525918102079345877032638913486446065,0x139ba0e7f931f09466c0fb27fc8ddb5e77ce9d1e2bdc953a5f22765bf779452f,1772886633,2026-03-07T12:30:33+00:00,0.815,clob_prices_history
17398942423057686582491252867921221591924525918102079345877032638913486446065,0x139ba0e7f931f09466c0fb27fc8ddb5e77ce9d1e2bdc953a5f22765bf779452f,1772887525,2026-03-07T12:45:25+00:00,0.815,clob_prices_history
17398942423057686582491252867921221591924525918102079345877032638913486446065,0x139ba0e7f931f09466c0fb27fc8ddb5e77ce9d1e2bdc953a5f22765bf779452f,1772888433,2026-03-07T13:00:33+00:00,0.815,clob_prices_history
17398942423057686582491252867921221591924525918102079345877032638913486446065,0x139ba0e7f931f09466c0fb27fc8ddb5e77ce9d1e2bdc953a5f22765bf779452f,1772889326,2026-03-07T13:15:26+00:00,0.815,clob_prices_history
17398942423057686582491252867921221591924525918102079345877032638913486446065,0x139ba0e7f931f09466c0fb27fc8ddb5e77ce9d1e2bdc953a5f22765bf779452f,1772890231,2026-03-07T13:30:31+00:00,0.815,clob_prices_history
17398942423057686582491252867921221591924525918102079345877032638913486446065,0x139ba0e7f931f09466c0fb27fc8ddb5e77ce9d1e2bdc953a5f22765bf779452f,1772891130,2026-03-07T13:45:30+00:00,0.815,clob_prices_history
17398942423057686582491252867921221591924525918102079345877032638913486446065,0x139ba0e7f931f09466c0fb27fc8ddb5e77ce9d1e2bdc953a5f22765bf779452f,1772892032,2026-03-07T14:00:32+00:00,0.815,clob_prices_history
17398942423057686582491252867921221591924525918102079345877032638913486446065,0x139ba0e7f931f09466c0fb27fc8ddb5e77ce9d1e2bdc953a5f22765bf779452f,1772892925,2026-03-07T14:15:25+00:00,0.815,clob_prices_history
17398942423057686582491252867921221591924525918102079345877032638913486446065,0x139ba0e7f931f09466c0fb27fc8ddb5e77ce9d1e2bdc953a5f22765bf779452f,1772893832,2026-03-07T14:30:32+00:00,0.83,clob_prices_history
17398942423057686582491252867921221591924525918102079345877032638913486446065,0x139ba0e7f931f09466c0fb27fc8ddb5e77ce9d1e2bdc953a5f22765bf779452f,1772894726,2026-03-07T14:45:26+00:00,0.83,clob_prices_history
17398942423057686582491252867921221591924525918102079345877032638913486446065,0x139ba0e7f931f09466c0fb27fc8ddb5e77ce9d1e2bdc953a5f22765bf779452f,1772895641,2026-03-07T15:00:41+00:00,0.83,clob_prices_history
17398942423057686582491252867921221591924525918102079345877032638913486446065,0x139ba0e7f931f09466c0fb27fc8ddb5e77ce9d1e2bdc953a5f22765bf779452f,1772896526,2026-03-07T15:15:26+00:00,0.825,clob_prices_history
17398942423057686582491252867921221591924525918102079345877032638913486446065,0x139ba0e7f931f09466c0fb27fc8ddb5e77ce9d1e2bdc953a5f22765bf779452f,1772897430,2026-03-07T15:30:30+00:00,0.825,clob_prices_history
17398942423057686582491252867921221591924525918102079345877032638913486446065,0x139ba0e7f931f09466c0fb27fc8ddb5e77ce9d1e2bdc953a5f22765bf779452f,1772898328,2026-03-07T15:45:28+00:00,0.825,clob_prices_history
17398942423057686582491252867921221591924525918102079345877032638913486446065,0x139ba0e7f931f09466c0fb27fc8ddb5e77ce9d1e2bdc953a5f22765bf779452f,1772899239,2026-03-07T16:00:39+00:00,0.825,clob_prices_history
17398942423057686582491252867921221591924525918102079345877032638913486446065,0x139ba0e7f931f09466c0fb27fc8ddb5e77ce9d1e2bdc953a5f22765bf779452f,1772900126,2026-03-07T16:15:26+00:00,0.825,clob_prices_history
17398942423057686582491252867921221591924525918102079345877032638913486446065,0x139ba0e7f931f09466c0fb27fc8ddb5e77ce9d1e2bdc953a5f22765bf779452f,1772901033,2026-03-07T16:30:33+00:00,0.83,clob_prices_history
17398942423057686582491252867921221591924525918102079345877032638913486446065,0x139ba0e7f931f09466c0fb27fc8ddb5e77ce9d1e2bdc953a5f22765bf779452f,1772901927,2026-03-07T16:45:27+00:00,0.83,clob_prices_history
17398942423057686582491252867921221591924525918102079345877032638913486446065,0x139ba0e7f931f09466c0fb27fc8ddb5e77ce9d1e2bdc953a5f22765bf779452f,1772902850,2026-03-07T17:00:50+00:00,0.83,clob_prices_history
17398942423057686582491252867921221591924525918102079345877032638913486446065,0x139ba0e7f931f09466c0fb27fc8ddb5e77ce9d1e2bdc953a5f22765bf779452f,1772903726,2026-03-07T17:15:26+00:00,0.83,clob_prices_history
17398942423057686582491252867921221591924525918102079345877032638913486446065,0x139ba0e7f931f09466c0fb27fc8ddb5e77ce9d1e2bdc953a5f22765bf779452f,1772904630,2026-03-07T17:30:30+00:00,0.83,clob_prices_history
17398942423057686582491252867921221591924525918102079345877032638913486446065,0x139ba0e7f931f09466c0fb27fc8ddb5e77ce9d1e2bdc953a5f22765bf779452f,1772905528,2026-03-07T17:45:28+00:00,0.83,clob_prices_history
17398942423057686582491252867921221591924525918102079345877032638913486446065,0x139ba0e7f931f09466c0fb27fc8ddb5e77ce9d1e2bdc953a5f22765bf779452f,1772906443,2026-03-07T18:00:43+00:00,0.83,clob_prices_history
17398942423057686582491252867921221591924525918102079345877032638913486446065,0x139ba0e7f931f09466c0fb27fc8ddb5e77ce9d1e2bdc953a5f22765bf779452f,1772907326,2026-03-07T18:15:26+00:00,0.83,clob_prices_history
17398942423057686582491252867921221591924525918102079345877032638913486446065,0x139ba0e7f931f09466c0fb27fc8ddb5e77ce9d1e2bdc953a5f22765bf779452f,1772908231,2026-03-07T18:30:31+00:00,0.83,clob_prices_history
17398942423057686582491252867921221591924525918102079345877032638913486446065,0x139ba0e7f931f09466c0fb27fc8ddb5e77ce9d1e2bdc953a5f22765bf779452f,1772909127,2026-03-07T18:45:27+00:00,0.83,clob_prices_history
17398942423057686582491252867921221591924525918102079345877032638913486446065,0x139ba0e7f931f09466c0fb27fc8ddb5e77ce9d1e2bdc953a5f22765bf779452f,1772910031,2026-03-07T19:00:31+00:00,0.825,clob_prices_history
17398942423057686582491252867921221591924525918102079345877032638913486446065,0x139ba0e7f931f09466c0fb27fc8ddb5e77ce9d1e2bdc953a5f22765bf779452f,1772910928,2026-03-07T19:15:28+00:00,0.825,clob_prices_history
17398942423057686582491252867921221591924525918102079345877032638913486446065,0x139ba0e7f931f09466c0fb27fc8ddb5e77ce9d1e2bdc953a5f22765bf779452f,1772911830,2026-03-07T19:30:30+00:00,0.825,clob_prices_history
17398942423057686582491252867921221591924525918102079345877032638913486446065,0x139ba0e7f931f09466c0fb27fc8ddb5e77ce9d1e2bdc953a5f22765bf779452f,1772912725,2026-03-07T19:45:25+00:00,0.825,clob_prices_history
17398942423057686582491252867921221591924525918102079345877032638913486446065,0x139ba0e7f931f09466c0fb27fc8ddb5e77ce9d1e2bdc953a5f22765bf779452f,1772913633,2026-03-07T20:00:33+00:00,0.825,clob_prices_history
17398942423057686582491252867921221591924525918102079345877032638913486446065,0x139ba0e7f931f09466c0fb27fc8ddb5e77ce9d1e2bdc953a5f22765bf779452f,1772914527,2026-03-07T20:15:27+00:00,0.825,clob_prices_history
17398942423057686582491252867921221591924525918102079345877032638913486446065,0x139ba0e7f931f09466c0fb27fc8ddb5e77ce9d1e2bdc953a5f22765bf779452f,1772915431,2026-03-07T20:30:31+00:00,0.825,clob_prices_history
17398942423057686582491252867921221591924525918102079345877032638913486446065,0x139ba0e7f931f09466c0fb27fc8ddb5e77ce9d1e2bdc953a5f22765bf779452f,1772916338,2026-03-07T20:45:38+00:00,0.825,clob_prices_history
17398942423057686582491252867921221591924525918102079345877032638913486446065,0x139ba0e7f931f09466c0fb27fc8ddb5e77ce9d1e2bdc953a5f22765bf779452f,1772917241,2026-03-07T21:00:41+00:00,0.825,clob_prices_history
17398942423057686582491252867921221591924525918102079345877032638913486446065,0x139ba0e7f931f09466c0fb27fc8ddb5e77ce9d1e2bdc953a5f22765bf779452f,1772918127,2026-03-07T21:15:27+00:00,0.825,clob_prices_history
17398942423057686582491252867921221591924525918102079345877032638913486446065,0x139ba0e7f931f09466c0fb27fc8ddb5e77ce9d1e2bdc953a5f22765bf779452f,1772919030,2026-03-07T21:30:30+00:00,0.825,clob_prices_history
17398942423057686582491252867921221591924525918102079345877032638913486446065,0x139ba0e7f931f09466c0fb27fc8ddb5e77ce9d1e2bdc953a5f22765bf779452f,1772919926,2026-03-07T21:45:26+00:00,0.825,clob_prices_history
17398942423057686582491252867921221591924525918102079345877032638913486446065,0x139ba0e7f931f09466c0fb27fc8ddb5e77ce9d1e2bdc953a5f22765bf779452f,1772920831,2026-03-07T22:00:31+00:00,0.825,clob_prices_history
17398942423057686582491252867921221591924525918102079345877032638913486446065,0x139ba0e7f931f09466c0fb27fc8ddb5e77ce9d1e2bdc953a5f22765bf779452f,1772921729,2026-03-07T22:15:29+00:00,0.825,clob_prices_history
17398942423057686582491252867921221591924525918102079345877032638913486446065,0x139ba0e7f931f09466c0fb27fc8ddb5e77ce9d1e2bdc953a5f22765bf779452f,1772922629,2026-03-07T22:30:29+00:00,0.825,clob_prices_history
17398942423057686582491252867921221591924525918102079345877032638913486446065,0x139ba0e7f931f09466c0fb27fc8ddb5e77ce9d1e2bdc953a5f22765bf779452f,1772923529,2026-03-07T22:45:29+00:00,0.825,clob_prices_history
17398942423057686582491252867921221591924525918102079345877032638913486446065,0x139ba0e7f931f09466c0fb27fc8ddb5e77ce9d1e2bdc953a5f22765bf779452f,1772924430,2026-03-07T23:00:30+00:00,0.825,clob_prices_history
17398942423057686582491252867921221591924525918102079345877032638913486446065,0x139ba0e7f931f09466c0fb27fc8ddb5e77ce9d1e2bdc953a5f22765bf779452f,1772925326,2026-03-07T23:15:26+00:00,0.825,clob_prices_history
17398942423057686582491252867921221591924525918102079345877032638913486446065,0x139ba0e7f931f09466c0fb27fc8ddb5e77ce9d1e2bdc953a5f22765bf779452f,1772926231,2026-03-07T23:30:31+00:00,0.825,clob_prices_history
17398942423057686582491252867921221591924525918102079345877032638913486446065,0x139ba0e7f931f09466c0fb27fc8ddb5e77ce9d1e2bdc953a5f22765bf779452f,1772927127,2026-03-07T23:45:27+00:00,0.825,clob_prices_history
17398942423057686582491252867921221591924525918102079345877032638913486446065,0x139ba0e7f931f09466c0fb27fc8ddb5e77ce9d1e2bdc953a5f22765bf779452f,1772928041,2026-03-08T00:00:41+00:00,0.825,clob_prices_history
17398942423057686582491252867921221591924525918102079345877032638913486446065,0x139ba0e7f931f09466c0fb27fc8ddb5e77ce9d1e2bdc953a5f22765bf779452f,1772928927,2026-03-08T00:15:27+00:00,0.825,clob_prices_history
17398942423057686582491252867921221591924525918102079345877032638913486446065,0x139ba0e7f931f09466c0fb27fc8ddb5e77ce9d1e2bdc953a5f22765bf779452f,1772929828,2026-03-08T00:30:28+00:00,0.825,clob_prices_history
17398942423057686582491252867921221591924525918102079345877032638913486446065,0x139ba0e7f931f09466c0fb27fc8ddb5e77ce9d1e2bdc953a5f22765bf779452f,1772930726,2026-03-08T00:45:26+00:00,0.825,clob_prices_history
17398942423057686582491252867921221591924525918102079345877032638913486446065,0x139ba0e7f931f09466c0fb27fc8ddb5e77ce9d1e2bdc953a5f22765bf779452f,1772931628,2026-03-08T01:00:28+00:00,0.825,clob_prices_history
17398942423057686582491252867921221591924525918102079345877032638913486446065,0x139ba0e7f931f09466c0fb27fc8ddb5e77ce9d1e2bdc953a5f22765bf779452f,1772932525,2026-03-08T01:15:25+00:00,0.825,clob_prices_history
17398942423057686582491252867921221591924525918102079345877032638913486446065,0x139ba0e7f931f09466c0fb27fc8ddb5e77ce9d1e2bdc953a5f22765bf779452f,1772933427,2026-03-08T01:30:27+00:00,0.825,clob_prices_history
17398942423057686582491252867921221591924525918102079345877032638913486446065,0x139ba0e7f931f09466c0fb27fc8ddb5e77ce9d1e2bdc953a5f22765bf779452f,1772934326,2026-03-08T01:45:26+00:00,0.825,clob_prices_history
17398942423057686582491252867921221591924525918102079345877032638913486446065,0x139ba0e7f931f09466c0fb27fc8ddb5e77ce9d1e2bdc953a5f22765bf779452f,1772935229,2026-03-08T02:00:29+00:00,0.825,clob_prices_history
17398942423057686582491252867921221591924525918102079345877032638913486446065,0x139ba0e7f931f09466c0fb27fc8ddb5e77ce9d1e2bdc953a5f22765bf779452f,1772936126,2026-03-08T02:15:26+00:00,0.825,clob_prices_history
17398942423057686582491252867921221591924525918102079345877032638913486446065,0x139ba0e7f931f09466c0fb27fc8ddb5e77ce9d1e2bdc953a5f22765bf779452f,1772937026,2026-03-08T02:30:26+00:00,0.825,clob_prices_history
17398942423057686582491252867921221591924525918102079345877032638913486446065,0x139ba0e7f931f09466c0fb27fc8ddb5e77ce9d1e2bdc953a5f22765bf779452f,1772937925,2026-03-08T02:45:25+00:00,0.825,clob_prices_history
17398942423057686582491252867921221591924525918102079345877032638913486446065,0x139ba0e7f931f09466c0fb27fc8ddb5e77ce9d1e2bdc953a5f22765bf779452f,1772938850,2026-03-08T03:00:50+00:00,0.825,clob_prices_history
17398942423057686582491252867921221591924525918102079345877032638913486446065,0x139ba0e7f931f09466c0fb27fc8ddb5e77ce9d1e2bdc953a5f22765bf779452f,1772939726,2026-03-08T03:15:26+00:00,0.825,clob_prices_history
17398942423057686582491252867921221591924525918102079345877032638913486446065,0x139ba0e7f931f09466c0fb27fc8ddb5e77ce9d1e2bdc953a5f22765bf779452f,1772940627,2026-03-08T03:30:27+00:00,0.835,clob_prices_history
17398942423057686582491252867921221591924525918102079345877032638913486446065,0x139ba0e7f931f09466c0fb27fc8ddb5e77ce9d1e2bdc953a5f22765bf779452f,1772941525,2026-03-08T03:45:25+00:00,0.835,clob_prices_history
17398942423057686582491252867921221591924525918102079345877032638913486446065,0x139ba0e7f931f09466c0fb27fc8ddb5e77ce9d1e2bdc953a5f22765bf779452f,1772942431,2026-03-08T04:00:31+00:00,0.835,clob_prices_history
17398942423057686582491252867921221591924525918102079345877032638913486446065,0x139ba0e7f931f09466c0fb27fc8ddb5e77ce9d1e2bdc953a5f22765bf779452f,1772943325,2026-03-08T04:15:25+00:00,0.835,clob_prices_history
17398942423057686582491252867921221591924525918102079345877032638913486446065,0x139ba0e7f931f09466c0fb27fc8ddb5e77ce9d1e2bdc953a5f22765bf779452f,1772944227,2026-03-08T04:30:27+00:00,0.835,clob_prices_history
17398942423057686582491252867921221591924525918102079345877032638913486446065,0x139ba0e7f931f09466c0fb27fc8ddb5e77ce9d1e2bdc953a5f22765bf779452f,1772945125,2026-03-08T04:45:25+00:00,0.835,clob_prices_history
17398942423057686582491252867921221591924525918102079345877032638913486446065,0x139ba0e7f931f09466c0fb27fc8ddb5e77ce9d1e2bdc953a5f22765bf779452f,1772946028,2026-03-08T05:00:28+00:00,0.835,clob_prices_history
17398942423057686582491252867921221591924525918102079345877032638913486446065,0x139ba0e7f931f09466c0fb27fc8ddb5e77ce9d1e2bdc953a5f22765bf779452f,1772946927,2026-03-08T05:15:27+00:00,0.835,clob_prices_history
17398942423057686582491252867921221591924525918102079345877032638913486446065,0x139ba0e7f931f09466c0fb27fc8ddb5e77ce9d1e2bdc953a5f22765bf779452f,1772947826,2026-03-08T05:30:26+00:00,0.845,clob_prices_history
17398942423057686582491252867921221591924525918102079345877032638913486446065,0x139ba0e7f931f09466c0fb27fc8ddb5e77ce9d1e2bdc953a5f22765bf779452f,1772948724,2026-03-08T05:45:24+00:00,0.845,clob_prices_history
17398942423057686582491252867921221591924525918102079345877032638913486446065,0x139ba0e7f931f09466c0fb27fc8ddb5e77ce9d1e2bdc953a5f22765bf779452f,1772949640,2026-03-08T06:00:40+00:00,0.845,clob_prices_history
17398942423057686582491252867921221591924525918102079345877032638913486446065,0x139ba0e7f931f09466c0fb27fc8ddb5e77ce9d1e2bdc953a5f22765bf779452f,1772950539,2026-03-08T06:15:39+00:00,0.845,clob_prices_history
17398942423057686582491252867921221591924525918102079345877032638913486446065,0x139ba0e7f931f09466c0fb27fc8ddb5e77ce9d1e2bdc953a5f22765bf779452f,1772951428,2026-03-08T06:30:28+00:00,0.845,clob_prices_history
17398942423057686582491252867921221591924525918102079345877032638913486446065,0x139ba0e7f931f09466c0fb27fc8ddb5e77ce9d1e2bdc953a5f22765bf779452f,1772952325,2026-03-08T06:45:25+00:00,0.845,clob_prices_history
17398942423057686582491252867921221591924525918102079345877032638913486446065,0x139ba0e7f931f09466c0fb27fc8ddb5e77ce9d1e2bdc953a5f22765bf779452f,1772953238,2026-03-08T07:00:38+00:00,0.845,clob_prices_history
17398942423057686582491252867921221591924525918102079345877032638913486446065,0x139ba0e7f931f09466c0fb27fc8ddb5e77ce9d1e2bdc953a5f22765bf779452f,1772954125,2026-03-08T07:15:25+00:00,0.845,clob_prices_history
17398942423057686582491252867921221591924525918102079345877032638913486446065,0x139ba0e7f931f09466c0fb27fc8ddb5e77ce9d1e2bdc953a5f22765bf779452f,1772955044,2026-03-08T07:30:44+00:00,0.845,clob_prices_history
17398942423057686582491252867921221591924525918102079345877032638913486446065,0x139ba0e7f931f09466c0fb27fc8ddb5e77ce9d1e2bdc953a5f22765bf779452f,1772955925,2026-03-08T07:45:25+00:00,0.845,clob_prices_history
17398942423057686582491252867921221591924525918102079345877032638913486446065,0x139ba0e7f931f09466c0fb27fc8ddb5e77ce9d1e2bdc953a5f22765bf779452f,1772956828,2026-03-08T08:00:28+00:00,0.845,clob_prices_history
17398942423057686582491252867921221591924525918102079345877032638913486446065,0x139ba0e7f931f09466c0fb27fc8ddb5e77ce9d1e2bdc953a5f22765bf779452f,1772957724,2026-03-08T08:15:24+00:00,0.845,clob_prices_history
17398942423057686582491252867921221591924525918102079345877032638913486446065,0x139ba0e7f931f09466c0fb27fc8ddb5e77ce9d1e2bdc953a5f22765bf779452f,1772958629,2026-03-08T08:30:29+00:00,0.845,clob_prices_history
17398942423057686582491252867921221591924525918102079345877032638913486446065,0x139ba0e7f931f09466c0fb27fc8ddb5e77ce9d1e2bdc953a5f22765bf779452f,1772959526,2026-03-08T08:45:26+00:00,0.845,clob_prices_history
17398942423057686582491252867921221591924525918102079345877032638913486446065,0x139ba0e7f931f09466c0fb27fc8ddb5e77ce9d1e2bdc953a5f22765bf779452f,1772960438,2026-03-08T09:00:38+00:00,0.845,clob_prices_history
17398942423057686582491252867921221591924525918102079345877032638913486446065,0x139ba0e7f931f09466c0fb27fc8ddb5e77ce9d1e2bdc953a5f22765bf779452f,1772961328,2026-03-08T09:15:28+00:00,0.845,clob_prices_history
17398942423057686582491252867921221591924525918102079345877032638913486446065,0x139ba0e7f931f09466c0fb27fc8ddb5e77ce9d1e2bdc953a5f22765bf779452f,1772962227,2026-03-08T09:30:27+00:00,0.845,clob_prices_history
17398942423057686582491252867921221591924525918102079345877032638913486446065,0x139ba0e7f931f09466c0fb27fc8ddb5e77ce9d1e2bdc953a5f22765bf779452f,1772963125,2026-03-08T09:45:25+00:00,0.845,clob_prices_history
17398942423057686582491252867921221591924525918102079345877032638913486446065,0x139ba0e7f931f09466c0fb27fc8ddb5e77ce9d1e2bdc953a5f22765bf779452f,1772964029,2026-03-08T10:00:29+00:00,0.845,clob_prices_history
17398942423057686582491252867921221591924525918102079345877032638913486446065,0x139ba0e7f931f09466c0fb27fc8ddb5e77ce9d1e2bdc953a5f22765bf779452f,1772964940,2026-03-08T10:15:40+00:00,0.845,clob_prices_history
17398942423057686582491252867921221591924525918102079345877032638913486446065,0x139ba0e7f931f09466c0fb27fc8ddb5e77ce9d1e2bdc953a5f22765bf779452f,1772965835,2026-03-08T10:30:35+00:00,0.845,clob_prices_history
17398942423057686582491252867921221591924525918102079345877032638913486446065,0x139ba0e7f931f09466c0fb27fc8ddb5e77ce9d1e2bdc953a5f22765bf779452f,1772966724,2026-03-08T10:45:24+00:00,0.845,clob_prices_history
17398942423057686582491252867921221591924525918102079345877032638913486446065,0x139ba0e7f931f09466c0fb27fc8ddb5e77ce9d1e2bdc953a5f22765bf779452f,1772967631,2026-03-08T11:00:31+00:00,0.845,clob_prices_history
17398942423057686582491252867921221591924525918102079345877032638913486446065,0x139ba0e7f931f09466c0fb27fc8ddb5e77ce9d1e2bdc953a5f22765bf779452f,1772968533,2026-03-08T11:15:33+00:00,0.845,clob_prices_history
17398942423057686582491252867921221591924525918102079345877032638913486446065,0x139ba0e7f931f09466c0fb27fc8ddb5e77ce9d1e2bdc953a5f22765bf779452f,1772969427,2026-03-08T11:30:27+00:00,0.845,clob_prices_history
17398942423057686582491252867921221591924525918102079345877032638913486446065,0x139ba0e7f931f09466c0fb27fc8ddb5e77ce9d1e2bdc953a5f22765bf779452f,1772970329,2026-03-08T11:45:29+00:00,0.845,clob_prices_history
17398942423057686582491252867921221591924525918102079345877032638913486446065,0x139ba0e7f931f09466c0fb27fc8ddb5e77ce9d1e2bdc953a5f22765bf779452f,1772971240,2026-03-08T12:00:40+00:00,0.845,clob_prices_history
17398942423057686582491252867921221591924525918102079345877032638913486446065,0x139ba0e7f931f09466c0fb27fc8ddb5e77ce9d1e2bdc953a5f22765bf779452f,1772972125,2026-03-08T12:15:25+00:00,0.845,clob_prices_history
17398942423057686582491252867921221591924525918102079345877032638913486446065,0x139ba0e7f931f09466c0fb27fc8ddb5e77ce9d1e2bdc953a5f22765bf779452f,1772973030,2026-03-08T12:30:30+00:00,0.845,clob_prices_history
17398942423057686582491252867921221591924525918102079345877032638913486446065,0x139ba0e7f931f09466c0fb27fc8ddb5e77ce9d1e2bdc953a5f22765bf779452f,1772973924,2026-03-08T12:45:24+00:00,0.845,clob_prices_history
17398942423057686582491252867921221591924525918102079345877032638913486446065,0x139ba0e7f931f09466c0fb27fc8ddb5e77ce9d1e2bdc953a5f22765bf779452f,1772974827,2026-03-08T13:00:27+00:00,0.845,clob_prices_history
17398942423057686582491252867921221591924525918102079345877032638913486446065,0x139ba0e7f931f09466c0fb27fc8ddb5e77ce9d1e2bdc953a5f22765bf779452f,1772975725,2026-03-08T13:15:25+00:00,0.845,clob_prices_history
17398942423057686582491252867921221591924525918102079345877032638913486446065,0x139ba0e7f931f09466c0fb27fc8ddb5e77ce9d1e2bdc953a5f22765bf779452f,1772976627,2026-03-08T13:30:27+00:00,0.845,clob_prices_history
17398942423057686582491252867921221591924525918102079345877032638913486446065,0x139ba0e7f931f09466c0fb27fc8ddb5e77ce9d1e2bdc953a5f22765bf779452f,1772977527,2026-03-08T13:45:27+00:00,0.845,clob_prices_history
17398942423057686582491252867921221591924525918102079345877032638913486446065,0x139ba0e7f931f09466c0fb27fc8ddb5e77ce9d1e2bdc953a5f22765bf779452f,1772978435,2026-03-08T14:00:35+00:00,0.845,clob_prices_history
17398942423057686582491252867921221591924525918102079345877032638913486446065,0x139ba0e7f931f09466c0fb27fc8ddb5e77ce9d1e2bdc953a5f22765bf779452f,1772979324,2026-03-08T14:15:24+00:00,0.845,clob_prices_history
17398942423057686582491252867921221591924525918102079345877032638913486446065,0x139ba0e7f931f09466c0fb27fc8ddb5e77ce9d1e2bdc953a5f22765bf779452f,1772980228,2026-03-08T14:30:28+00:00,0.845,clob_prices_history
17398942423057686582491252867921221591924525918102079345877032638913486446065,0x139ba0e7f931f09466c0fb27fc8ddb5e77ce9d1e2bdc953a5f22765bf779452f,1772981126,2026-03-08T14:45:26+00:00,0.845,clob_prices_history
17398942423057686582491252867921221591924525918102079345877032638913486446065,0x139ba0e7f931f09466c0fb27fc8ddb5e77ce9d1e2bdc953a5f22765bf779452f,1772982038,2026-03-08T15:00:38+00:00,0.845,clob_prices_history
17398942423057686582491252867921221591924525918102079345877032638913486446065,0x139ba0e7f931f09466c0fb27fc8ddb5e77ce9d1e2bdc953a5f22765bf779452f,1772982924,2026-03-08T15:15:24+00:00,0.845,clob_prices_history
17398942423057686582491252867921221591924525918102079345877032638913486446065,0x139ba0e7f931f09466c0fb27fc8ddb5e77ce9d1e2bdc953a5f22765bf779452f,1772983827,2026-03-08T15:30:27+00:00,0.845,clob_prices_history
17398942423057686582491252867921221591924525918102079345877032638913486446065,0x139ba0e7f931f09466c0fb27fc8ddb5e77ce9d1e2bdc953a5f22765bf779452f,1772984724,2026-03-08T15:45:24+00:00,0.845,clob_prices_history
17398942423057686582491252867921221591924525918102079345877032638913486446065,0x139ba0e7f931f09466c0fb27fc8ddb5e77ce9d1e2bdc953a5f22765bf779452f,1772985627,2026-03-08T16:00:27+00:00,0.845,clob_prices_history
17398942423057686582491252867921221591924525918102079345877032638913486446065,0x139ba0e7f931f09466c0fb27fc8ddb5e77ce9d1e2bdc953a5f22765bf779452f,1772986525,2026-03-08T16:15:25+00:00,0.845,clob_prices_history
17398942423057686582491252867921221591924525918102079345877032638913486446065,0x139ba0e7f931f09466c0fb27fc8ddb5e77ce9d1e2bdc953a5f22765bf779452f,1772987427,2026-03-08T16:30:27+00:00,0.845,clob_prices_history
17398942423057686582491252867921221591924525918102079345877032638913486446065,0x139ba0e7f931f09466c0fb27fc8ddb5e77ce9d1e2bdc953a5f22765bf779452f,1772988331,2026-03-08T16:45:31+00:00,0.845,clob_prices_history
17398942423057686582491252867921221591924525918102079345877032638913486446065,0x139ba0e7f931f09466c0fb27fc8ddb5e77ce9d1e2bdc953a5f22765bf779452f,1772989255,2026-03-08T17:00:55+00:00,0.845,clob_prices_history
17398942423057686582491252867921221591924525918102079345877032638913486446065,0x139ba0e7f931f09466c0fb27fc8ddb5e77ce9d1e2bdc953a5f22765bf779452f,1772990126,2026-03-08T17:15:26+00:00,0.845,clob_prices_history
17398942423057686582491252867921221591924525918102079345877032638913486446065,0x139ba0e7f931f09466c0fb27fc8ddb5e77ce9d1e2bdc953a5f22765bf779452f,1772991026,2026-03-08T17:30:26+00:00,0.845,clob_prices_history
17398942423057686582491252867921221591924525918102079345877032638913486446065,0x139ba0e7f931f09466c0fb27fc8ddb5e77ce9d1e2bdc953a5f22765bf779452f,1772991924,2026-03-08T17:45:24+00:00,0.845,clob_prices_history
17398942423057686582491252867921221591924525918102079345877032638913486446065,0x139ba0e7f931f09466c0fb27fc8ddb5e77ce9d1e2bdc953a5f22765bf779452f,1772992838,2026-03-08T18:00:38+00:00,0.845,clob_prices_history
17398942423057686582491252867921221591924525918102079345877032638913486446065,0x139ba0e7f931f09466c0fb27fc8ddb5e77ce9d1e2bdc953a5f22765bf779452f,1772993741,2026-03-08T18:15:41+00:00,0.845,clob_prices_history
17398942423057686582491252867921221591924525918102079345877032638913486446065,0x139ba0e7f931f09466c0fb27fc8ddb5e77ce9d1e2bdc953a5f22765bf779452f,1772994629,2026-03-08T18:30:29+00:00,0.845,clob_prices_history
17398942423057686582491252867921221591924525918102079345877032638913486446065,0x139ba0e7f931f09466c0fb27fc8ddb5e77ce9d1e2bdc953a5f22765bf779452f,1772995525,2026-03-08T18:45:25+00:00,0.845,clob_prices_history
17398942423057686582491252867921221591924525918102079345877032638913486446065,0x139ba0e7f931f09466c0fb27fc8ddb5e77ce9d1e2bdc953a5f22765bf779452f,1772996428,2026-03-08T19:00:28+00:00,0.845,clob_prices_history
17398942423057686582491252867921221591924525918102079345877032638913486446065,0x139ba0e7f931f09466c0fb27fc8ddb5e77ce9d1e2bdc953a5f22765bf779452f,1772997332,2026-03-08T19:15:32+00:00,0.845,clob_prices_history
17398942423057686582491252867921221591924525918102079345877032638913486446065,0x139ba0e7f931f09466c0fb27fc8ddb5e77ce9d1e2bdc953a5f22765bf779452f,1772998227,2026-03-08T19:30:27+00:00,0.845,clob_prices_history
17398942423057686582491252867921221591924525918102079345877032638913486446065,0x139ba0e7f931f09466c0fb27fc8ddb5e77ce9d1e2bdc953a5f22765bf779452f,1772999126,2026-03-08T19:45:26+00:00,0.845,clob_prices_history
17398942423057686582491252867921221591924525918102079345877032638913486446065,0x139ba0e7f931f09466c0fb27fc8ddb5e77ce9d1e2bdc953a5f22765bf779452f,1773000029,2026-03-08T20:00:29+00:00,0.845,clob_prices_history
17398942423057686582491252867921221591924525918102079345877032638913486446065,0x139ba0e7f931f09466c0fb27fc8ddb5e77ce9d1e2bdc953a5f22765bf779452f,1773000925,2026-03-08T20:15:25+00:00,0.845,clob_prices_history
17398942423057686582491252867921221591924525918102079345877032638913486446065,0x139ba0e7f931f09466c0fb27fc8ddb5e77ce9d1e2bdc953a5f22765bf779452f,1773001836,2026-03-08T20:30:36+00:00,0.845,clob_prices_history
17398942423057686582491252867921221591924525918102079345877032638913486446065,0x139ba0e7f931f09466c0fb27fc8ddb5e77ce9d1e2bdc953a5f22765bf779452f,1773002725,2026-03-08T20:45:25+00:00,0.845,clob_prices_history
17398942423057686582491252867921221591924525918102079345877032638913486446065,0x139ba0e7f931f09466c0fb27fc8ddb5e77ce9d1e2bdc953a5f22765bf779452f,1773003651,2026-03-08T21:00:51+00:00,0.845,clob_prices_history
17398942423057686582491252867921221591924525918102079345877032638913486446065,0x139ba0e7f931f09466c0fb27fc8ddb5e77ce9d1e2bdc953a5f22765bf779452f,1773004539,2026-03-08T21:15:39+00:00,0.845,clob_prices_history
17398942423057686582491252867921221591924525918102079345877032638913486446065,0x139ba0e7f931f09466c0fb27fc8ddb5e77ce9d1e2bdc953a5f22765bf779452f,1773005426,2026-03-08T21:30:26+00:00,0.845,clob_prices_history
17398942423057686582491252867921221591924525918102079345877032638913486446065,0x139ba0e7f931f09466c0fb27fc8ddb5e77ce9d1e2bdc953a5f22765bf779452f,1773006326,2026-03-08T21:45:26+00:00,0.845,clob_prices_history
17398942423057686582491252867921221591924525918102079345877032638913486446065,0x139ba0e7f931f09466c0fb27fc8ddb5e77ce9d1e2bdc953a5f22765bf779452f,1773007225,2026-03-08T22:00:25+00:00,0.845,clob_prices_history
17398942423057686582491252867921221591924525918102079345877032638913486446065,0x139ba0e7f931f09466c0fb27fc8ddb5e77ce9d1e2bdc953a5f22765bf779452f,1773008124,2026-03-08T22:15:24+00:00,0.845,clob_prices_history
17398942423057686582491252867921221591924525918102079345877032638913486446065,0x139ba0e7f931f09466c0fb27fc8ddb5e77ce9d1e2bdc953a5f22765bf779452f,1773009026,2026-03-08T22:30:26+00:00,0.845,clob_prices_history
17398942423057686582491252867921221591924525918102079345877032638913486446065,0x139ba0e7f931f09466c0fb27fc8ddb5e77ce9d1e2bdc953a5f22765bf779452f,1773009925,2026-03-08T22:45:25+00:00,0.845,clob_prices_history
17398942423057686582491252867921221591924525918102079345877032638913486446065,0x139ba0e7f931f09466c0fb27fc8ddb5e77ce9d1e2bdc953a5f22765bf779452f,1773010828,2026-03-08T23:00:28+00:00,0.845,clob_prices_history
17398942423057686582491252867921221591924525918102079345877032638913486446065,0x139ba0e7f931f09466c0fb27fc8ddb5e77ce9d1e2bdc953a5f22765bf779452f,1773011725,2026-03-08T23:15:25+00:00,0.845,clob_prices_history
17398942423057686582491252867921221591924525918102079345877032638913486446065,0x139ba0e7f931f09466c0fb27fc8ddb5e77ce9d1e2bdc953a5f22765bf779452f,1773012626,2026-03-08T23:30:26+00:00,0.845,clob_prices_history
17398942423057686582491252867921221591924525918102079345877032638913486446065,0x139ba0e7f931f09466c0fb27fc8ddb5e77ce9d1e2bdc953a5f22765bf779452f,1773013523,2026-03-08T23:45:23+00:00,0.845,clob_prices_history
17398942423057686582491252867921221591924525918102079345877032638913486446065,0x139ba0e7f931f09466c0fb27fc8ddb5e77ce9d1e2bdc953a5f22765bf779452f,1773014438,2026-03-09T00:00:38+00:00,0.845,clob_prices_history
17398942423057686582491252867921221591924525918102079345877032638913486446065,0x139ba0e7f931f09466c0fb27fc8ddb5e77ce9d1e2bdc953a5f22765bf779452f,1773015335,2026-03-09T00:15:35+00:00,0.845,clob_prices_history
17398942423057686582491252867921221591924525918102079345877032638913486446065,0x139ba0e7f931f09466c0fb27fc8ddb5e77ce9d1e2bdc953a5f22765bf779452f,1773016227,2026-03-09T00:30:27+00:00,0.845,clob_prices_history
17398942423057686582491252867921221591924525918102079345877032638913486446065,0x139ba0e7f931f09466c0fb27fc8ddb5e77ce9d1e2bdc953a5f22765bf779452f,1773017123,2026-03-09T00:45:23+00:00,0.845,clob_prices_history
17398942423057686582491252867921221591924525918102079345877032638913486446065,0x139ba0e7f931f09466c0fb27fc8ddb5e77ce9d1e2bdc953a5f22765bf779452f,1773018032,2026-03-09T01:00:32+00:00,0.845,clob_prices_history
17398942423057686582491252867921221591924525918102079345877032638913486446065,0x139ba0e7f931f09466c0fb27fc8ddb5e77ce9d1e2bdc953a5f22765bf779452f,1773018923,2026-03-09T01:15:23+00:00,0.845,clob_prices_history
17398942423057686582491252867921221591924525918102079345877032638913486446065,0x139ba0e7f931f09466c0fb27fc8ddb5e77ce9d1e2bdc953a5f22765bf779452f,1773019828,2026-03-09T01:30:28+00:00,0.845,clob_prices_history
17398942423057686582491252867921221591924525918102079345877032638913486446065,0x139ba0e7f931f09466c0fb27fc8ddb5e77ce9d1e2bdc953a5f22765bf779452f,1773020723,2026-03-09T01:45:23+00:00,0.845,clob_prices_history
17398942423057686582491252867921221591924525918102079345877032638913486446065,0x139ba0e7f931f09466c0fb27fc8ddb5e77ce9d1e2bdc953a5f22765bf779452f,1773021626,2026-03-09T02:00:26+00:00,0.845,clob_prices_history
17398942423057686582491252867921221591924525918102079345877032638913486446065,0x139ba0e7f931f09466c0fb27fc8ddb5e77ce9d1e2bdc953a5f22765bf779452f,1773022523,2026-03-09T02:15:23+00:00,0.845,clob_prices_history
17398942423057686582491252867921221591924525918102079345877032638913486446065,0x139ba0e7f931f09466c0fb27fc8ddb5e77ce9d1e2bdc953a5f22765bf779452f,1773023425,2026-03-09T02:30:25+00:00,0.845,clob_prices_history
17398942423057686582491252867921221591924525918102079345877032638913486446065,0x139ba0e7f931f09466c0fb27fc8ddb5e77ce9d1e2bdc953a5f22765bf779452f,1773024322,2026-03-09T02:45:22+00:00,0.845,clob_prices_history
17398942423057686582491252867921221591924525918102079345877032638913486446065,0x139ba0e7f931f09466c0fb27fc8ddb5e77ce9d1e2bdc953a5f22765bf779452f,1773025236,2026-03-09T03:00:36+00:00,0.845,clob_prices_history
17398942423057686582491252867921221591924525918102079345877032638913486446065,0x139ba0e7f931f09466c0fb27fc8ddb5e77ce9d1e2bdc953a5f22765bf779452f,1773026123,2026-03-09T03:15:23+00:00,0.845,clob_prices_history
17398942423057686582491252867921221591924525918102079345877032638913486446065,0x139ba0e7f931f09466c0fb27fc8ddb5e77ce9d1e2bdc953a5f22765bf779452f,1773027026,2026-03-09T03:30:26+00:00,0.845,clob_prices_history
17398942423057686582491252867921221591924525918102079345877032638913486446065,0x139ba0e7f931f09466c0fb27fc8ddb5e77ce9d1e2bdc953a5f22765bf779452f,1773027922,2026-03-09T03:45:22+00:00,0.845,clob_prices_history
17398942423057686582491252867921221591924525918102079345877032638913486446065,0x139ba0e7f931f09466c0fb27fc8ddb5e77ce9d1e2bdc953a5f22765bf779452f,1773028827,2026-03-09T04:00:27+00:00,0.845,clob_prices_history
17398942423057686582491252867921221591924525918102079345877032638913486446065,0x139ba0e7f931f09466c0fb27fc8ddb5e77ce9d1e2bdc953a5f22765bf779452f,1773029722,2026-03-09T04:15:22+00:00,0.845,clob_prices_history
17398942423057686582491252867921221591924525918102079345877032638913486446065,0x139ba0e7f931f09466c0fb27fc8ddb5e77ce9d1e2bdc953a5f22765bf779452f,1773030626,2026-03-09T04:30:26+00:00,0.845,clob_prices_history
17398942423057686582491252867921221591924525918102079345877032638913486446065,0x139ba0e7f931f09466c0fb27fc8ddb5e77ce9d1e2bdc953a5f22765bf779452f,1773031521,2026-03-09T04:45:21+00:00,0.845,clob_prices_history
17398942423057686582491252867921221591924525918102079345877032638913486446065,0x139ba0e7f931f09466c0fb27fc8ddb5e77ce9d1e2bdc953a5f22765bf779452f,1773032426,2026-03-09T05:00:26+00:00,0.845,clob_prices_history
17398942423057686582491252867921221591924525918102079345877032638913486446065,0x139ba0e7f931f09466c0fb27fc8ddb5e77ce9d1e2bdc953a5f22765bf779452f,1773033324,2026-03-09T05:15:24+00:00,0.845,clob_prices_history
17398942423057686582491252867921221591924525918102079345877032638913486446065,0x139ba0e7f931f09466c0fb27fc8ddb5e77ce9d1e2bdc953a5f22765bf779452f,1773034225,2026-03-09T05:30:25+00:00,0.845,clob_prices_history
17398942423057686582491252867921221591924525918102079345877032638913486446065,0x139ba0e7f931f09466c0fb27fc8ddb5e77ce9d1e2bdc953a5f22765bf779452f,1773035122,2026-03-09T05:45:22+00:00,0.845,clob_prices_history
17398942423057686582491252867921221591924525918102079345877032638913486446065,0x139ba0e7f931f09466c0fb27fc8ddb5e77ce9d1e2bdc953a5f22765bf779452f,1773036043,2026-03-09T06:00:43+00:00,0.845,clob_prices_history
17398942423057686582491252867921221591924525918102079345877032638913486446065,0x139ba0e7f931f09466c0fb27fc8ddb5e77ce9d1e2bdc953a5f22765bf779452f,1773036922,2026-03-09T06:15:22+00:00,0.845,clob_prices_history
17398942423057686582491252867921221591924525918102079345877032638913486446065,0x139ba0e7f931f09466c0fb27fc8ddb5e77ce9d1e2bdc953a5f22765bf779452f,1773037827,2026-03-09T06:30:27+00:00,0.845,clob_prices_history
17398942423057686582491252867921221591924525918102079345877032638913486446065,0x139ba0e7f931f09466c0fb27fc8ddb5e77ce9d1e2bdc953a5f22765bf779452f,1773038722,2026-03-09T06:45:22+00:00,0.845,clob_prices_history
17398942423057686582491252867921221591924525918102079345877032638913486446065,0x139ba0e7f931f09466c0fb27fc8ddb5e77ce9d1e2bdc953a5f22765bf779452f,1773039626,2026-03-09T07:00:26+00:00,0.845,clob_prices_history
17398942423057686582491252867921221591924525918102079345877032638913486446065,0x139ba0e7f931f09466c0fb27fc8ddb5e77ce9d1e2bdc953a5f22765bf779452f,1773040522,2026-03-09T07:15:22+00:00,0.845,clob_prices_history
17398942423057686582491252867921221591924525918102079345877032638913486446065,0x139ba0e7f931f09466c0fb27fc8ddb5e77ce9d1e2bdc953a5f22765bf779452f,1773041426,2026-03-09T07:30:26+00:00,0.845,clob_prices_history
17398942423057686582491252867921221591924525918102079345877032638913486446065,0x139ba0e7f931f09466c0fb27fc8ddb5e77ce9d1e2bdc953a5f22765bf779452f,1773042322,2026-03-09T07:45:22+00:00,0.845,clob_prices_history
17398942423057686582491252867921221591924525918102079345877032638913486446065,0x139ba0e7f931f09466c0fb27fc8ddb5e77ce9d1e2bdc953a5f22765bf779452f,1773043226,2026-03-09T08:00:26+00:00,0.845,clob_prices_history
17398942423057686582491252867921221591924525918102079345877032638913486446065,0x139ba0e7f931f09466c0fb27fc8ddb5e77ce9d1e2bdc953a5f22765bf779452f,1773044124,2026-03-09T08:15:24+00:00,0.845,clob_prices_history
17398942423057686582491252867921221591924525918102079345877032638913486446065,0x139ba0e7f931f09466c0fb27fc8ddb5e77ce9d1e2bdc953a5f22765bf779452f,1773045025,2026-03-09T08:30:25+00:00,0.845,clob_prices_history
17398942423057686582491252867921221591924525918102079345877032638913486446065,0x139ba0e7f931f09466c0fb27fc8ddb5e77ce9d1e2bdc953a5f22765bf779452f,1773045922,2026-03-09T08:45:22+00:00,0.845,clob_prices_history
17398942423057686582491252867921221591924525918102079345877032638913486446065,0x139ba0e7f931f09466c0fb27fc8ddb5e77ce9d1e2bdc953a5f22765bf779452f,1773046837,2026-03-09T09:00:37+00:00,0.845,clob_prices_history
17398942423057686582491252867921221591924525918102079345877032638913486446065,0x139ba0e7f931f09466c0fb27fc8ddb5e77ce9d1e2bdc953a5f22765bf779452f,1773047722,2026-03-09T09:15:22+00:00,0.845,clob_prices_history
17398942423057686582491252867921221591924525918102079345877032638913486446065,0x139ba0e7f931f09466c0fb27fc8ddb5e77ce9d1e2bdc953a5f22765bf779452f,1773048623,2026-03-09T09:30:23+00:00,0.845,clob_prices_history
17398942423057686582491252867921221591924525918102079345877032638913486446065,0x139ba0e7f931f09466c0fb27fc8ddb5e77ce9d1e2bdc953a5f22765bf779452f,1773049520,2026-03-09T09:45:20+00:00,0.845,clob_prices_history
17398942423057686582491252867921221591924525918102079345877032638913486446065,0x139ba0e7f931f09466c0fb27fc8ddb5e77ce9d1e2bdc953a5f22765bf779452f,1773050428,2026-03-09T10:00:28+00:00,0.845,clob_prices_history
17398942423057686582491252867921221591924525918102079345877032638913486446065,0x139ba0e7f931f09466c0fb27fc8ddb5e77ce9d1e2bdc953a5f22765bf779452f,1773051321,2026-03-09T10:15:21+00:00,0.845,clob_prices_history
17398942423057686582491252867921221591924525918102079345877032638913486446065,0x139ba0e7f931f09466c0fb27fc8ddb5e77ce9d1e2bdc953a5f22765bf779452f,1773052224,2026-03-09T10:30:24+00:00,0.845,clob_prices_history
17398942423057686582491252867921221591924525918102079345877032638913486446065,0x139ba0e7f931f09466c0fb27fc8ddb5e77ce9d1e2bdc953a5f22765bf779452f,1773053121,2026-03-09T10:45:21+00:00,0.845,clob_prices_history
17398942423057686582491252867921221591924525918102079345877032638913486446065,0x139ba0e7f931f09466c0fb27fc8ddb5e77ce9d1e2bdc953a5f22765bf779452f,1773054024,2026-03-09T11:00:24+00:00,0.845,clob_prices_history
17398942423057686582491252867921221591924525918102079345877032638913486446065,0x139ba0e7f931f09466c0fb27fc8ddb5e77ce9d1e2bdc953a5f22765bf779452f,1773054921,2026-03-09T11:15:21+00:00,0.845,clob_prices_history
17398942423057686582491252867921221591924525918102079345877032638913486446065,0x139ba0e7f931f09466c0fb27fc8ddb5e77ce9d1e2bdc953a5f22765bf779452f,1773055824,2026-03-09T11:30:24+00:00,0.82,clob_prices_history
17398942423057686582491252867921221591924525918102079345877032638913486446065,0x139ba0e7f931f09466c0fb27fc8ddb5e77ce9d1e2bdc953a5f22765bf779452f,1773056723,2026-03-09T11:45:23+00:00,0.82,clob_prices_history
17398942423057686582491252867921221591924525918102079345877032638913486446065,0x139ba0e7f931f09466c0fb27fc8ddb5e77ce9d1e2bdc953a5f22765bf779452f,1773057636,2026-03-09T12:00:36+00:00,0.82,clob_prices_history
17398942423057686582491252867921221591924525918102079345877032638913486446065,0x139ba0e7f931f09466c0fb27fc8ddb5e77ce9d1e2bdc953a5f22765bf779452f,1773058521,2026-03-09T12:15:21+00:00,0.82,clob_prices_history
17398942423057686582491252867921221591924525918102079345877032638913486446065,0x139ba0e7f931f09466c0fb27fc8ddb5e77ce9d1e2bdc953a5f22765bf779452f,1773059426,2026-03-09T12:30:26+00:00,0.82,clob_prices_history
17398942423057686582491252867921221591924525918102079345877032638913486446065,0x139ba0e7f931f09466c0fb27fc8ddb5e77ce9d1e2bdc953a5f22765bf779452f,1773060322,2026-03-09T12:45:22+00:00,0.82,clob_prices_history
17398942423057686582491252867921221591924525918102079345877032638913486446065,0x139ba0e7f931f09466c0fb27fc8ddb5e77ce9d1e2bdc953a5f22765bf779452f,1773061224,2026-03-09T13:00:24+00:00,0.82,clob_prices_history
17398942423057686582491252867921221591924525918102079345877032638913486446065,0x139ba0e7f931f09466c0fb27fc8ddb5e77ce9d1e2bdc953a5f22765bf779452f,1773062122,2026-03-09T13:15:22+00:00,0.82,clob_prices_history
17398942423057686582491252867921221591924525918102079345877032638913486446065,0x139ba0e7f931f09466c0fb27fc8ddb5e77ce9d1e2bdc953a5f22765bf779452f,1773063025,2026-03-09T13:30:25+00:00,0.785,clob_prices_history
17398942423057686582491252867921221591924525918102079345877032638913486446065,0x139ba0e7f931f09466c0fb27fc8ddb5e77ce9d1e2bdc953a5f22765bf779452f,1773063925,2026-03-09T13:45:25+00:00,0.8,clob_prices_history
17398942423057686582491252867921221591924525918102079345877032638913486446065,0x139ba0e7f931f09466c0fb27fc8ddb5e77ce9d1e2bdc953a5f22765bf779452f,1773064825,2026-03-09T14:00:25+00:00,0.8,clob_prices_history
17398942423057686582491252867921221591924525918102079345877032638913486446065,0x139ba0e7f931f09466c0fb27fc8ddb5e77ce9d1e2bdc953a5f22765bf779452f,1773065722,2026-03-09T14:15:22+00:00,0.8,clob_prices_history
17398942423057686582491252867921221591924525918102079345877032638913486446065,0x139ba0e7f931f09466c0fb27fc8ddb5e77ce9d1e2bdc953a5f22765bf779452f,1773066626,2026-03-09T14:30:26+00:00,0.8,clob_prices_history
17398942423057686582491252867921221591924525918102079345877032638913486446065,0x139ba0e7f931f09466c0fb27fc8ddb5e77ce9d1e2bdc953a5f22765bf779452f,1773067534,2026-03-09T14:45:34+00:00,0.79,clob_prices_history
17398942423057686582491252867921221591924525918102079345877032638913486446065,0x139ba0e7f931f09466c0fb27fc8ddb5e77ce9d1e2bdc953a5f22765bf779452f,1773068436,2026-03-09T15:00:36+00:00,0.79,clob_prices_history
17398942423057686582491252867921221591924525918102079345877032638913486446065,0x139ba0e7f931f09466c0fb27fc8ddb5e77ce9d1e2bdc953a5f22765bf779452f,1773069331,2026-03-09T15:15:31+00:00,0.79,clob_prices_history
17398942423057686582491252867921221591924525918102079345877032638913486446065,0x139ba0e7f931f09466c0fb27fc8ddb5e77ce9d1e2bdc953a5f22765bf779452f,1773070227,2026-03-09T15:30:27+00:00,0.79,clob_prices_history
17398942423057686582491252867921221591924525918102079345877032638913486446065,0x139ba0e7f931f09466c0fb27fc8ddb5e77ce9d1e2bdc953a5f22765bf779452f,1773071122,2026-03-09T15:45:22+00:00,0.785,clob_prices_history
17398942423057686582491252867921221591924525918102079345877032638913486446065,0x139ba0e7f931f09466c0fb27fc8ddb5e77ce9d1e2bdc953a5f22765bf779452f,1773072024,2026-03-09T16:00:24+00:00,0.78,clob_prices_history
17398942423057686582491252867921221591924525918102079345877032638913486446065,0x139ba0e7f931f09466c0fb27fc8ddb5e77ce9d1e2bdc953a5f22765bf779452f,1773072924,2026-03-09T16:15:24+00:00,0.795,clob_prices_history
17398942423057686582491252867921221591924525918102079345877032638913486446065,0x139ba0e7f931f09466c0fb27fc8ddb5e77ce9d1e2bdc953a5f22765bf779452f,1773073825,2026-03-09T16:30:25+00:00,0.795,clob_prices_history
17398942423057686582491252867921221591924525918102079345877032638913486446065,0x139ba0e7f931f09466c0fb27fc8ddb5e77ce9d1e2bdc953a5f22765bf779452f,1773074724,2026-03-09T16:45:24+00:00,0.775,clob_prices_history
17398942423057686582491252867921221591924525918102079345877032638913486446065,0x139ba0e7f931f09466c0fb27fc8ddb5e77ce9d1e2bdc953a5f22765bf779452f,1773075642,2026-03-09T17:00:42+00:00,0.77,clob_prices_history
17398942423057686582491252867921221591924525918102079345877032638913486446065,0x139ba0e7f931f09466c0fb27fc8ddb5e77ce9d1e2bdc953a5f22765bf779452f,1773076523,2026-03-09T17:15:23+00:00,0.77,clob_prices_history
17398942423057686582491252867921221591924525918102079345877032638913486446065,0x139ba0e7f931f09466c0fb27fc8ddb5e77ce9d1e2bdc953a5f22765bf779452f,1773077428,2026-03-09T17:30:28+00:00,0.765,clob_prices_history
17398942423057686582491252867921221591924525918102079345877032638913486446065,0x139ba0e7f931f09466c0fb27fc8ddb5e77ce9d1e2bdc953a5f22765bf779452f,1773078329,2026-03-09T17:45:29+00:00,0.765,clob_prices_history
17398942423057686582491252867921221591924525918102079345877032638913486446065,0x139ba0e7f931f09466c0fb27fc8ddb5e77ce9d1e2bdc953a5f22765bf779452f,1773079238,2026-03-09T18:00:38+00:00,0.765,clob_prices_history
17398942423057686582491252867921221591924525918102079345877032638913486446065,0x139ba0e7f931f09466c0fb27fc8ddb5e77ce9d1e2bdc953a5f22765bf779452f,1773080124,2026-03-09T18:15:24+00:00,0.765,clob_prices_history
17398942423057686582491252867921221591924525918102079345877032638913486446065,0x139ba0e7f931f09466c0fb27fc8ddb5e77ce9d1e2bdc953a5f22765bf779452f,1773081028,2026-03-09T18:30:28+00:00,0.765,clob_prices_history
17398942423057686582491252867921221591924525918102079345877032638913486446065,0x139ba0e7f931f09466c0fb27fc8ddb5e77ce9d1e2bdc953a5f22765bf779452f,1773081926,2026-03-09T18:45:26+00:00,0.765,clob_prices_history
17398942423057686582491252867921221591924525918102079345877032638913486446065,0x139ba0e7f931f09466c0fb27fc8ddb5e77ce9d1e2bdc953a5f22765bf779452f,1773082830,2026-03-09T19:00:30+00:00,0.765,clob_prices_history
17398942423057686582491252867921221591924525918102079345877032638913486446065,0x139ba0e7f931f09466c0fb27fc8ddb5e77ce9d1e2bdc953a5f22765bf779452f,1773083725,2026-03-09T19:15:25+00:00,0.765,clob_prices_history
17398942423057686582491252867921221591924525918102079345877032638913486446065,0x139ba0e7f931f09466c0fb27fc8ddb5e77ce9d1e2bdc953a5f22765bf779452f,1773084628,2026-03-09T19:30:28+00:00,0.765,clob_prices_history
17398942423057686582491252867921221591924525918102079345877032638913486446065,0x139ba0e7f931f09466c0fb27fc8ddb5e77ce9d1e2bdc953a5f22765bf779452f,1773085524,2026-03-09T19:45:24+00:00,0.765,clob_prices_history
17398942423057686582491252867921221591924525918102079345877032638913486446065,0x139ba0e7f931f09466c0fb27fc8ddb5e77ce9d1e2bdc953a5f22765bf779452f,1773086430,2026-03-09T20:00:30+00:00,0.77,clob_prices_history
17398942423057686582491252867921221591924525918102079345877032638913486446065,0x139ba0e7f931f09466c0fb27fc8ddb5e77ce9d1e2bdc953a5f22765bf779452f,1773087326,2026-03-09T20:15:26+00:00,0.77,clob_prices_history
17398942423057686582491252867921221591924525918102079345877032638913486446065,0x139ba0e7f931f09466c0fb27fc8ddb5e77ce9d1e2bdc953a5f22765bf779452f,1773088228,2026-03-09T20:30:28+00:00,0.77,clob_prices_history
17398942423057686582491252867921221591924525918102079345877032638913486446065,0x139ba0e7f931f09466c0fb27fc8ddb5e77ce9d1e2bdc953a5f22765bf779452f,1773089124,2026-03-09T20:45:24+00:00,0.76,clob_prices_history
17398942423057686582491252867921221591924525918102079345877032638913486446065,0x139ba0e7f931f09466c0fb27fc8ddb5e77ce9d1e2bdc953a5f22765bf779452f,1773090040,2026-03-09T21:00:40+00:00,0.76,clob_prices_history
17398942423057686582491252867921221591924525918102079345877032638913486446065,0x139ba0e7f931f09466c0fb27fc8ddb5e77ce9d1e2bdc953a5f22765bf779452f,1773090935,2026-03-09T21:15:35+00:00,0.76,clob_prices_history
17398942423057686582491252867921221591924525918102079345877032638913486446065,0x139ba0e7f931f09466c0fb27fc8ddb5e77ce9d1e2bdc953a5f22765bf779452f,1773091831,2026-03-09T21:30:31+00:00,0.76,clob_prices_history
17398942423057686582491252867921221591924525918102079345877032638913486446065,0x139ba0e7f931f09466c0fb27fc8ddb5e77ce9d1e2bdc953a5f22765bf779452f,1773092727,2026-03-09T21:45:27+00:00,0.76,clob_prices_history
17398942423057686582491252867921221591924525918102079345877032638913486446065,0x139ba0e7f931f09466c0fb27fc8ddb5e77ce9d1e2bdc953a5f22765bf779452f,1773093628,2026-03-09T22:00:28+00:00,0.76,clob_prices_history
17398942423057686582491252867921221591924525918102079345877032638913486446065,0x139ba0e7f931f09466c0fb27fc8ddb5e77ce9d1e2bdc953a5f22765bf779452f,1773094529,2026-03-09T22:15:29+00:00,0.76,clob_prices_history
17398942423057686582491252867921221591924525918102079345877032638913486446065,0x139ba0e7f931f09466c0fb27fc8ddb5e77ce9d1e2bdc953a5f22765bf779452f,1773095431,2026-03-09T22:30:31+00:00,0.76,clob_prices_history
17398942423057686582491252867921221591924525918102079345877032638913486446065,0x139ba0e7f931f09466c0fb27fc8ddb5e77ce9d1e2bdc953a5f22765bf779452f,1773096328,2026-03-09T22:45:28+00:00,0.76,clob_prices_history
17398942423057686582491252867921221591924525918102079345877032638913486446065,0x139ba0e7f931f09466c0fb27fc8ddb5e77ce9d1e2bdc953a5f22765bf779452f,1773097230,2026-03-09T23:00:30+00:00,0.76,clob_prices_history
17398942423057686582491252867921221591924525918102079345877032638913486446065,0x139ba0e7f931f09466c0fb27fc8ddb5e77ce9d1e2bdc953a5f22765bf779452f,1773098141,2026-03-09T23:15:41+00:00,0.76,clob_prices_history
17398942423057686582491252867921221591924525918102079345877032638913486446065,0x139ba0e7f931f09466c0fb27fc8ddb5e77ce9d1e2bdc953a5f22765bf779452f,1773099030,2026-03-09T23:30:30+00:00,0.76,clob_prices_history
17398942423057686582491252867921221591924525918102079345877032638913486446065,0x139ba0e7f931f09466c0fb27fc8ddb5e77ce9d1e2bdc953a5f22765bf779452f,1773099935,2026-03-09T23:45:35+00:00,0.76,clob_prices_history
17398942423057686582491252867921221591924525918102079345877032638913486446065,0x139ba0e7f931f09466c0fb27fc8ddb5e77ce9d1e2bdc953a5f22765bf779452f,1773100845,2026-03-10T00:00:45+00:00,0.76,clob_prices_history
17398942423057686582491252867921221591924525918102079345877032638913486446065,0x139ba0e7f931f09466c0fb27fc8ddb5e77ce9d1e2bdc953a5f22765bf779452f,1773101725,2026-03-10T00:15:25+00:00,0.76,clob_prices_history
17398942423057686582491252867921221591924525918102079345877032638913486446065,0x139ba0e7f931f09466c0fb27fc8ddb5e77ce9d1e2bdc953a5f22765bf779452f,1773102628,2026-03-10T00:30:28+00:00,0.76,clob_prices_history
17398942423057686582491252867921221591924525918102079345877032638913486446065,0x139ba0e7f931f09466c0fb27fc8ddb5e77ce9d1e2bdc953a5f22765bf779452f,1773103527,2026-03-10T00:45:27+00:00,0.76,clob_prices_history
17398942423057686582491252867921221591924525918102079345877032638913486446065,0x139ba0e7f931f09466c0fb27fc8ddb5e77ce9d1e2bdc953a5f22765bf779452f,1773104428,2026-03-10T01:00:28+00:00,0.76,clob_prices_history
17398942423057686582491252867921221591924525918102079345877032638913486446065,0x139ba0e7f931f09466c0fb27fc8ddb5e77ce9d1e2bdc953a5f22765bf779452f,1773105326,2026-03-10T01:15:26+00:00,0.76,clob_prices_history
17398942423057686582491252867921221591924525918102079345877032638913486446065,0x139ba0e7f931f09466c0fb27fc8ddb5e77ce9d1e2bdc953a5f22765bf779452f,1773106246,2026-03-10T01:30:46+00:00,0.755,clob_prices_history
17398942423057686582491252867921221591924525918102079345877032638913486446065,0x139ba0e7f931f09466c0fb27fc8ddb5e77ce9d1e2bdc953a5f22765bf779452f,1773107127,2026-03-10T01:45:27+00:00,0.76,clob_prices_history
17398942423057686582491252867921221591924525918102079345877032638913486446065,0x139ba0e7f931f09466c0fb27fc8ddb5e77ce9d1e2bdc953a5f22765bf779452f,1773108029,2026-03-10T02:00:29+00:00,0.76,clob_prices_history
17398942423057686582491252867921221591924525918102079345877032638913486446065,0x139ba0e7f931f09466c0fb27fc8ddb5e77ce9d1e2bdc953a5f22765bf779452f,1773108926,2026-03-10T02:15:26+00:00,0.76,clob_prices_history
17398942423057686582491252867921221591924525918102079345877032638913486446065,0x139ba0e7f931f09466c0fb27fc8ddb5e77ce9d1e2bdc953a5f22765bf779452f,1773109835,2026-03-10T02:30:35+00:00,0.76,clob_prices_history
17398942423057686582491252867921221591924525918102079345877032638913486446065,0x139ba0e7f931f09466c0fb27fc8ddb5e77ce9d1e2bdc953a5f22765bf779452f,1773110725,2026-03-10T02:45:25+00:00,0.76,clob_prices_history
17398942423057686582491252867921221591924525918102079345877032638913486446065,0x139ba0e7f931f09466c0fb27fc8ddb5e77ce9d1e2bdc953a5f22765bf779452f,1773111634,2026-03-10T03:00:34+00:00,0.76,clob_prices_history
17398942423057686582491252867921221591924525918102079345877032638913486446065,0x139ba0e7f931f09466c0fb27fc8ddb5e77ce9d1e2bdc953a5f22765bf779452f,1773112526,2026-03-10T03:15:26+00:00,0.76,clob_prices_history
17398942423057686582491252867921221591924525918102079345877032638913486446065,0x139ba0e7f931f09466c0fb27fc8ddb5e77ce9d1e2bdc953a5f22765bf779452f,1773113431,2026-03-10T03:30:31+00:00,0.76,clob_prices_history
17398942423057686582491252867921221591924525918102079345877032638913486446065,0x139ba0e7f931f09466c0fb27fc8ddb5e77ce9d1e2bdc953a5f22765bf779452f,1773114327,2026-03-10T03:45:27+00:00,0.76,clob_prices_history
17398942423057686582491252867921221591924525918102079345877032638913486446065,0x139ba0e7f931f09466c0fb27fc8ddb5e77ce9d1e2bdc953a5f22765bf779452f,1773115234,2026-03-10T04:00:34+00:00,0.76,clob_prices_history
17398942423057686582491252867921221591924525918102079345877032638913486446065,0x139ba0e7f931f09466c0fb27fc8ddb5e77ce9d1e2bdc953a5f22765bf779452f,1773116128,2026-03-10T04:15:28+00:00,0.76,clob_prices_history
17398942423057686582491252867921221591924525918102079345877032638913486446065,0x139ba0e7f931f09466c0fb27fc8ddb5e77ce9d1e2bdc953a5f22765bf779452f,1773117030,2026-03-10T04:30:30+00:00,0.8,clob_prices_history
17398942423057686582491252867921221591924525918102079345877032638913486446065,0x139ba0e7f931f09466c0fb27fc8ddb5e77ce9d1e2bdc953a5f22765bf779452f,1773117928,2026-03-10T04:45:28+00:00,0.8,clob_prices_history
17398942423057686582491252867921221591924525918102079345877032638913486446065,0x139ba0e7f931f09466c0fb27fc8ddb5e77ce9d1e2bdc953a5f22765bf779452f,1773118830,2026-03-10T05:00:30+00:00,0.81,clob_prices_history
17398942423057686582491252867921221591924525918102079345877032638913486446065,0x139ba0e7f931f09466c0fb27fc8ddb5e77ce9d1e2bdc953a5f22765bf779452f,1773119728,2026-03-10T05:15:28+00:00,0.815,clob_prices_history
17398942423057686582491252867921221591924525918102079345877032638913486446065,0x139ba0e7f931f09466c0fb27fc8ddb5e77ce9d1e2bdc953a5f22765bf779452f,1773120631,2026-03-10T05:30:31+00:00,0.815,clob_prices_history
17398942423057686582491252867921221591924525918102079345877032638913486446065,0x139ba0e7f931f09466c0fb27fc8ddb5e77ce9d1e2bdc953a5f22765bf779452f,1773121528,2026-03-10T05:45:28+00:00,0.815,clob_prices_history
17398942423057686582491252867921221591924525918102079345877032638913486446065,0x139ba0e7f931f09466c0fb27fc8ddb5e77ce9d1e2bdc953a5f22765bf779452f,1773122438,2026-03-10T06:00:38+00:00,0.82,clob_prices_history
17398942423057686582491252867921221591924525918102079345877032638913486446065,0x139ba0e7f931f09466c0fb27fc8ddb5e77ce9d1e2bdc953a5f22765bf779452f,1773123328,2026-03-10T06:15:28+00:00,0.82,clob_prices_history
17398942423057686582491252867921221591924525918102079345877032638913486446065,0x139ba0e7f931f09466c0fb27fc8ddb5e77ce9d1e2bdc953a5f22765bf779452f,1773124231,2026-03-10T06:30:31+00:00,0.82,clob_prices_history
17398942423057686582491252867921221591924525918102079345877032638913486446065,0x139ba0e7f931f09466c0fb27fc8ddb5e77ce9d1e2bdc953a5f22765bf779452f,1773125128,2026-03-10T06:45:28+00:00,0.82,clob_prices_history
17398942423057686582491252867921221591924525918102079345877032638913486446065,0x139ba0e7f931f09466c0fb27fc8ddb5e77ce9d1e2bdc953a5f22765bf779452f,1773126033,2026-03-10T07:00:33+00:00,0.82,clob_prices_history
17398942423057686582491252867921221591924525918102079345877032638913486446065,0x139ba0e7f931f09466c0fb27fc8ddb5e77ce9d1e2bdc953a5f22765bf779452f,1773126926,2026-03-10T07:15:26+00:00,0.82,clob_prices_history
17398942423057686582491252867921221591924525918102079345877032638913486446065,0x139ba0e7f931f09466c0fb27fc8ddb5e77ce9d1e2bdc953a5f22765bf779452f,1773127832,2026-03-10T07:30:32+00:00,0.83,clob_prices_history
17398942423057686582491252867921221591924525918102079345877032638913486446065,0x139ba0e7f931f09466c0fb27fc8ddb5e77ce9d1e2bdc953a5f22765bf779452f,1773128727,2026-03-10T07:45:27+00:00,0.84,clob_prices_history
17398942423057686582491252867921221591924525918102079345877032638913486446065,0x139ba0e7f931f09466c0fb27fc8ddb5e77ce9d1e2bdc953a5f22765bf779452f,1773129630,2026-03-10T08:00:30+00:00,0.84,clob_prices_history
17398942423057686582491252867921221591924525918102079345877032638913486446065,0x139ba0e7f931f09466c0fb27fc8ddb5e77ce9d1e2bdc953a5f22765bf779452f,1773130527,2026-03-10T08:15:27+00:00,0.835,clob_prices_history
17398942423057686582491252867921221591924525918102079345877032638913486446065,0x139ba0e7f931f09466c0fb27fc8ddb5e77ce9d1e2bdc953a5f22765bf779452f,1773131431,2026-03-10T08:30:31+00:00,0.835,clob_prices_history
17398942423057686582491252867921221591924525918102079345877032638913486446065,0x139ba0e7f931f09466c0fb27fc8ddb5e77ce9d1e2bdc953a5f22765bf779452f,1773132330,2026-03-10T08:45:30+00:00,0.82,clob_prices_history
17398942423057686582491252867921221591924525918102079345877032638913486446065,0x139ba0e7f931f09466c0fb27fc8ddb5e77ce9d1e2bdc953a5f22765bf779452f,1773133252,2026-03-10T09:00:52+00:00,0.82,clob_prices_history
17398942423057686582491252867921221591924525918102079345877032638913486446065,0x139ba0e7f931f09466c0fb27fc8ddb5e77ce9d1e2bdc953a5f22765bf779452f,1773134137,2026-03-10T09:15:37+00:00,0.82,clob_prices_history
17398942423057686582491252867921221591924525918102079345877032638913486446065,0x139ba0e7f931f09466c0fb27fc8ddb5e77ce9d1e2bdc953a5f22765bf779452f,1773135029,2026-03-10T09:30:29+00:00,0.82,clob_prices_history
17398942423057686582491252867921221591924525918102079345877032638913486446065,0x139ba0e7f931f09466c0fb27fc8ddb5e77ce9d1e2bdc953a5f22765bf779452f,1773135926,2026-03-10T09:45:26+00:00,0.82,clob_prices_history
17398942423057686582491252867921221591924525918102079345877032638913486446065,0x139ba0e7f931f09466c0fb27fc8ddb5e77ce9d1e2bdc953a5f22765bf779452f,1773136846,2026-03-10T10:00:46+00:00,0.835,clob_prices_history
17398942423057686582491252867921221591924525918102079345877032638913486446065,0x139ba0e7f931f09466c0fb27fc8ddb5e77ce9d1e2bdc953a5f22765bf779452f,1773137728,2026-03-10T10:15:28+00:00,0.835,clob_prices_history
17398942423057686582491252867921221591924525918102079345877032638913486446065,0x139ba0e7f931f09466c0fb27fc8ddb5e77ce9d1e2bdc953a5f22765bf779452f,1773138632,2026-03-10T10:30:32+00:00,0.835,clob_prices_history
17398942423057686582491252867921221591924525918102079345877032638913486446065,0x139ba0e7f931f09466c0fb27fc8ddb5e77ce9d1e2bdc953a5f22765bf779452f,1773139529,2026-03-10T10:45:29+00:00,0.835,clob_prices_history
17398942423057686582491252867921221591924525918102079345877032638913486446065,0x139ba0e7f931f09466c0fb27fc8ddb5e77ce9d1e2bdc953a5f22765bf779452f,1773140430,2026-03-10T11:00:30+00:00,0.835,clob_prices_history
17398942423057686582491252867921221591924525918102079345877032638913486446065,0x139ba0e7f931f09466c0fb27fc8ddb5e77ce9d1e2bdc953a5f22765bf779452f,1773141335,2026-03-10T11:15:35+00:00,0.835,clob_prices_history
17398942423057686582491252867921221591924525918102079345877032638913486446065,0x139ba0e7f931f09466c0fb27fc8ddb5e77ce9d1e2bdc953a5f22765bf779452f,1773142232,2026-03-10T11:30:32+00:00,0.835,clob_prices_history
17398942423057686582491252867921221591924525918102079345877032638913486446065,0x139ba0e7f931f09466c0fb27fc8ddb5e77ce9d1e2bdc953a5f22765bf779452f,1773143129,2026-03-10T11:45:29+00:00,0.835,clob_prices_history
17398942423057686582491252867921221591924525918102079345877032638913486446065,0x139ba0e7f931f09466c0fb27fc8ddb5e77ce9d1e2bdc953a5f22765bf779452f,1773144048,2026-03-10T12:00:48+00:00,0.835,clob_prices_history
17398942423057686582491252867921221591924525918102079345877032638913486446065,0x139ba0e7f931f09466c0fb27fc8ddb5e77ce9d1e2bdc953a5f22765bf779452f,1773144930,2026-03-10T12:15:30+00:00,0.835,clob_prices_history
17398942423057686582491252867921221591924525918102079345877032638913486446065,0x139ba0e7f931f09466c0fb27fc8ddb5e77ce9d1e2bdc953a5f22765bf779452f,1773145836,2026-03-10T12:30:36+00:00,0.835,clob_prices_history
17398942423057686582491252867921221591924525918102079345877032638913486446065,0x139ba0e7f931f09466c0fb27fc8ddb5e77ce9d1e2bdc953a5f22765bf779452f,1773146744,2026-03-10T12:45:44+00:00,0.835,clob_prices_history
17398942423057686582491252867921221591924525918102079345877032638913486446065,0x139ba0e7f931f09466c0fb27fc8ddb5e77ce9d1e2bdc953a5f22765bf779452f,1773147636,2026-03-10T13:00:36+00:00,0.835,clob_prices_history
17398942423057686582491252867921221591924525918102079345877032638913486446065,0x139ba0e7f931f09466c0fb27fc8ddb5e77ce9d1e2bdc953a5f22765bf779452f,1773148527,2026-03-10T13:15:27+00:00,0.835,clob_prices_history
17398942423057686582491252867921221591924525918102079345877032638913486446065,0x139ba0e7f931f09466c0fb27fc8ddb5e77ce9d1e2bdc953a5f22765bf779452f,1773149439,2026-03-10T13:30:39+00:00,0.835,clob_prices_history
17398942423057686582491252867921221591924525918102079345877032638913486446065,0x139ba0e7f931f09466c0fb27fc8ddb5e77ce9d1e2bdc953a5f22765bf779452f,1773150328,2026-03-10T13:45:28+00:00,0.835,clob_prices_history
17398942423057686582491252867921221591924525918102079345877032638913486446065,0x139ba0e7f931f09466c0fb27fc8ddb5e77ce9d1e2bdc953a5f22765bf779452f,1773151235,2026-03-10T14:00:35+00:00,0.835,clob_prices_history
17398942423057686582491252867921221591924525918102079345877032638913486446065,0x139ba0e7f931f09466c0fb27fc8ddb5e77ce9d1e2bdc953a5f22765bf779452f,1773152128,2026-03-10T14:15:28+00:00,0.835,clob_prices_history
17398942423057686582491252867921221591924525918102079345877032638913486446065,0x139ba0e7f931f09466c0fb27fc8ddb5e77ce9d1e2bdc953a5f22765bf779452f,1773153036,2026-03-10T14:30:36+00:00,0.835,clob_prices_history
17398942423057686582491252867921221591924525918102079345877032638913486446065,0x139ba0e7f931f09466c0fb27fc8ddb5e77ce9d1e2bdc953a5f22765bf779452f,1773153929,2026-03-10T14:45:29+00:00,0.835,clob_prices_history
17398942423057686582491252867921221591924525918102079345877032638913486446065,0x139ba0e7f931f09466c0fb27fc8ddb5e77ce9d1e2bdc953a5f22765bf779452f,1773154850,2026-03-10T15:00:50+00:00,0.835,clob_prices_history
17398942423057686582491252867921221591924525918102079345877032638913486446065,0x139ba0e7f931f09466c0fb27fc8ddb5e77ce9d1e2bdc953a5f22765bf779452f,1773155727,2026-03-10T15:15:27+00:00,0.835,clob_prices_history
17398942423057686582491252867921221591924525918102079345877032638913486446065,0x139ba0e7f931f09466c0fb27fc8ddb5e77ce9d1e2bdc953a5f22765bf779452f,1773156634,2026-03-10T15:30:34+00:00,0.835,clob_prices_history
17398942423057686582491252867921221591924525918102079345877032638913486446065,0x139ba0e7f931f09466c0fb27fc8ddb5e77ce9d1e2bdc953a5f22765bf779452f,1773157530,2026-03-10T15:45:30+00:00,0.835,clob_prices_history
17398942423057686582491252867921221591924525918102079345877032638913486446065,0x139ba0e7f931f09466c0fb27fc8ddb5e77ce9d1e2bdc953a5f22765bf779452f,1773158439,2026-03-10T16:00:39+00:00,0.835,clob_prices_history
17398942423057686582491252867921221591924525918102079345877032638913486446065,0x139ba0e7f931f09466c0fb27fc8ddb5e77ce9d1e2bdc953a5f22765bf779452f,1773159327,2026-03-10T16:15:27+00:00,0.835,clob_prices_history
17398942423057686582491252867921221591924525918102079345877032638913486446065,0x139ba0e7f931f09466c0fb27fc8ddb5e77ce9d1e2bdc953a5f22765bf779452f,1773160233,2026-03-10T16:30:33+00:00,0.835,clob_prices_history
17398942423057686582491252867921221591924525918102079345877032638913486446065,0x139ba0e7f931f09466c0fb27fc8ddb5e77ce9d1e2bdc953a5f22765bf779452f,1773161137,2026-03-10T16:45:37+00:00,0.835,clob_prices_history
17398942423057686582491252867921221591924525918102079345877032638913486446065,0x139ba0e7f931f09466c0fb27fc8ddb5e77ce9d1e2bdc953a5f22765bf779452f,1773162030,2026-03-10T17:00:30+00:00,0.835,clob_prices_history
17398942423057686582491252867921221591924525918102079345877032638913486446065,0x139ba0e7f931f09466c0fb27fc8ddb5e77ce9d1e2bdc953a5f22765bf779452f,1773162931,2026-03-10T17:15:31+00:00,0.835,clob_prices_history
17398942423057686582491252867921221591924525918102079345877032638913486446065,0x139ba0e7f931f09466c0fb27fc8ddb5e77ce9d1e2bdc953a5f22765bf779452f,1773163833,2026-03-10T17:30:33+00:00,0.835,clob_prices_history
17398942423057686582491252867921221591924525918102079345877032638913486446065,0x139ba0e7f931f09466c0fb27fc8ddb5e77ce9d1e2bdc953a5f22765bf779452f,1773164730,2026-03-10T17:45:30+00:00,0.835,clob_prices_history
17398942423057686582491252867921221591924525918102079345877032638913486446065,0x139ba0e7f931f09466c0fb27fc8ddb5e77ce9d1e2bdc953a5f22765bf779452f,1773165646,2026-03-10T18:00:46+00:00,0.835,clob_prices_history
17398942423057686582491252867921221591924525918102079345877032638913486446065,0x139ba0e7f931f09466c0fb27fc8ddb5e77ce9d1e2bdc953a5f22765bf779452f,1773166527,2026-03-10T18:15:27+00:00,0.835,clob_prices_history
17398942423057686582491252867921221591924525918102079345877032638913486446065,0x139ba0e7f931f09466c0fb27fc8ddb5e77ce9d1e2bdc953a5f22765bf779452f,1773167437,2026-03-10T18:30:37+00:00,0.835,clob_prices_history
17398942423057686582491252867921221591924525918102079345877032638913486446065,0x139ba0e7f931f09466c0fb27fc8ddb5e77ce9d1e2bdc953a5f22765bf779452f,1773168336,2026-03-10T18:45:36+00:00,0.835,clob_prices_history
17398942423057686582491252867921221591924525918102079345877032638913486446065,0x139ba0e7f931f09466c0fb27fc8ddb5e77ce9d1e2bdc953a5f22765bf779452f,1773169233,2026-03-10T19:00:33+00:00,0.835,clob_prices_history
17398942423057686582491252867921221591924525918102079345877032638913486446065,0x139ba0e7f931f09466c0fb27fc8ddb5e77ce9d1e2bdc953a5f22765bf779452f,1773170128,2026-03-10T19:15:28+00:00,0.835,clob_prices_history
17398942423057686582491252867921221591924525918102079345877032638913486446065,0x139ba0e7f931f09466c0fb27fc8ddb5e77ce9d1e2bdc953a5f22765bf779452f,1773171033,2026-03-10T19:30:33+00:00,0.835,clob_prices_history
17398942423057686582491252867921221591924525918102079345877032638913486446065,0x139ba0e7f931f09466c0fb27fc8ddb5e77ce9d1e2bdc953a5f22765bf779452f,1773171932,2026-03-10T19:45:32+00:00,0.835,clob_prices_history
17398942423057686582491252867921221591924525918102079345877032638913486446065,0x139ba0e7f931f09466c0fb27fc8ddb5e77ce9d1e2bdc953a5f22765bf779452f,1773172835,2026-03-10T20:00:35+00:00,0.835,clob_prices_history
17398942423057686582491252867921221591924525918102079345877032638913486446065,0x139ba0e7f931f09466c0fb27fc8ddb5e77ce9d1e2bdc953a5f22765bf779452f,1773173730,2026-03-10T20:15:30+00:00,0.835,clob_prices_history
17398942423057686582491252867921221591924525918102079345877032638913486446065,0x139ba0e7f931f09466c0fb27fc8ddb5e77ce9d1e2bdc953a5f22765bf779452f,1773174631,2026-03-10T20:30:31+00:00,0.845,clob_prices_history
17398942423057686582491252867921221591924525918102079345877032638913486446065,0x139ba0e7f931f09466c0fb27fc8ddb5e77ce9d1e2bdc953a5f22765bf779452f,1773175528,2026-03-10T20:45:28+00:00,0.845,clob_prices_history
17398942423057686582491252867921221591924525918102079345877032638913486446065,0x139ba0e7f931f09466c0fb27fc8ddb5e77ce9d1e2bdc953a5f22765bf779452f,1773176446,2026-03-10T21:00:46+00:00,0.845,clob_prices_history
17398942423057686582491252867921221591924525918102079345877032638913486446065,0x139ba0e7f931f09466c0fb27fc8ddb5e77ce9d1e2bdc953a5f22765bf779452f,1773177328,2026-03-10T21:15:28+00:00,0.845,clob_prices_history
17398942423057686582491252867921221591924525918102079345877032638913486446065,0x139ba0e7f931f09466c0fb27fc8ddb5e77ce9d1e2bdc953a5f22765bf779452f,1773178235,2026-03-10T21:30:35+00:00,0.845,clob_prices_history
17398942423057686582491252867921221591924525918102079345877032638913486446065,0x139ba0e7f931f09466c0fb27fc8ddb5e77ce9d1e2bdc953a5f22765bf779452f,1773179131,2026-03-10T21:45:31+00:00,0.845,clob_prices_history
17398942423057686582491252867921221591924525918102079345877032638913486446065,0x139ba0e7f931f09466c0fb27fc8ddb5e77ce9d1e2bdc953a5f22765bf779452f,1773180033,2026-03-10T22:00:33+00:00,0.845,clob_prices_history
17398942423057686582491252867921221591924525918102079345877032638913486446065,0x139ba0e7f931f09466c0fb27fc8ddb5e77ce9d1e2bdc953a5f22765bf779452f,1773180930,2026-03-10T22:15:30+00:00,0.845,clob_prices_history
17398942423057686582491252867921221591924525918102079345877032638913486446065,0x139ba0e7f931f09466c0fb27fc8ddb5e77ce9d1e2bdc953a5f22765bf779452f,1773181831,2026-03-10T22:30:31+00:00,0.845,clob_prices_history
17398942423057686582491252867921221591924525918102079345877032638913486446065,0x139ba0e7f931f09466c0fb27fc8ddb5e77ce9d1e2bdc953a5f22765bf779452f,1773182729,2026-03-10T22:45:29+00:00,0.845,clob_prices_history
17398942423057686582491252867921221591924525918102079345877032638913486446065,0x139ba0e7f931f09466c0fb27fc8ddb5e77ce9d1e2bdc953a5f22765bf779452f,1773183633,2026-03-10T23:00:33+00:00,0.845,clob_prices_history
17398942423057686582491252867921221591924525918102079345877032638913486446065,0x139ba0e7f931f09466c0fb27fc8ddb5e77ce9d1e2bdc953a5f22765bf779452f,1773184529,2026-03-10T23:15:29+00:00,0.845,clob_prices_history
17398942423057686582491252867921221591924525918102079345877032638913486446065,0x139ba0e7f931f09466c0fb27fc8ddb5e77ce9d1e2bdc953a5f22765bf779452f,1773185437,2026-03-10T23:30:37+00:00,0.845,clob_prices_history
17398942423057686582491252867921221591924525918102079345877032638913486446065,0x139ba0e7f931f09466c0fb27fc8ddb5e77ce9d1e2bdc953a5f22765bf779452f,1773186330,2026-03-10T23:45:30+00:00,0.845,clob_prices_history
17398942423057686582491252867921221591924525918102079345877032638913486446065,0x139ba0e7f931f09466c0fb27fc8ddb5e77ce9d1e2bdc953a5f22765bf779452f,1773187249,2026-03-11T00:00:49+00:00,0.845,clob_prices_history
17398942423057686582491252867921221591924525918102079345877032638913486446065,0x139ba0e7f931f09466c0fb27fc8ddb5e77ce9d1e2bdc953a5f22765bf779452f,1773188129,2026-03-11T00:15:29+00:00,0.845,clob_prices_history
17398942423057686582491252867921221591924525918102079345877032638913486446065,0x139ba0e7f931f09466c0fb27fc8ddb5e77ce9d1e2bdc953a5f22765bf779452f,1773189036,2026-03-11T00:30:36+00:00,0.845,clob_prices_history
17398942423057686582491252867921221591924525918102079345877032638913486446065,0x139ba0e7f931f09466c0fb27fc8ddb5e77ce9d1e2bdc953a5f22765bf779452f,1773189930,2026-03-11T00:45:30+00:00,0.845,clob_prices_history
17398942423057686582491252867921221591924525918102079345877032638913486446065,0x139ba0e7f931f09466c0fb27fc8ddb5e77ce9d1e2bdc953a5f22765bf779452f,1773190835,2026-03-11T01:00:35+00:00,0.845,clob_prices_history
17398942423057686582491252867921221591924525918102079345877032638913486446065,0x139ba0e7f931f09466c0fb27fc8ddb5e77ce9d1e2bdc953a5f22765bf779452f,1773191730,2026-03-11T01:15:30+00:00,0.845,clob_prices_history
17398942423057686582491252867921221591924525918102079345877032638913486446065,0x139ba0e7f931f09466c0fb27fc8ddb5e77ce9d1e2bdc953a5f22765bf779452f,1773192634,2026-03-11T01:30:34+00:00,0.845,clob_prices_history
17398942423057686582491252867921221591924525918102079345877032638913486446065,0x139ba0e7f931f09466c0fb27fc8ddb5e77ce9d1e2bdc953a5f22765bf779452f,1773193527,2026-03-11T01:45:27+00:00,0.845,clob_prices_history
17398942423057686582491252867921221591924525918102079345877032638913486446065,0x139ba0e7f931f09466c0fb27fc8ddb5e77ce9d1e2bdc953a5f22765bf779452f,1773194434,2026-03-11T02:00:34+00:00,0.845,clob_prices_history
17398942423057686582491252867921221591924525918102079345877032638913486446065,0x139ba0e7f931f09466c0fb27fc8ddb5e77ce9d1e2bdc953a5f22765bf779452f,1773195329,2026-03-11T02:15:29+00:00,0.845,clob_prices_history
17398942423057686582491252867921221591924525918102079345877032638913486446065,0x139ba0e7f931f09466c0fb27fc8ddb5e77ce9d1e2bdc953a5f22765bf779452f,1773196231,2026-03-11T02:30:31+00:00,0.845,clob_prices_history
17398942423057686582491252867921221591924525918102079345877032638913486446065,0x139ba0e7f931f09466c0fb27fc8ddb5e77ce9d1e2bdc953a5f22765bf779452f,1773197139,2026-03-11T02:45:39+00:00,0.845,clob_prices_history
17398942423057686582491252867921221591924525918102079345877032638913486446065,0x139ba0e7f931f09466c0fb27fc8ddb5e77ce9d1e2bdc953a5f22765bf779452f,1773198047,2026-03-11T03:00:47+00:00,0.845,clob_prices_history
17398942423057686582491252867921221591924525918102079345877032638913486446065,0x139ba0e7f931f09466c0fb27fc8ddb5e77ce9d1e2bdc953a5f22765bf779452f,1773198930,2026-03-11T03:15:30+00:00,0.825,clob_prices_history
17398942423057686582491252867921221591924525918102079345877032638913486446065,0x139ba0e7f931f09466c0fb27fc8ddb5e77ce9d1e2bdc953a5f22765bf779452f,1773199832,2026-03-11T03:30:32+00:00,0.825,clob_prices_history
17398942423057686582491252867921221591924525918102079345877032638913486446065,0x139ba0e7f931f09466c0fb27fc8ddb5e77ce9d1e2bdc953a5f22765bf779452f,1773200730,2026-03-11T03:45:30+00:00,0.825,clob_prices_history
17398942423057686582491252867921221591924525918102079345877032638913486446065,0x139ba0e7f931f09466c0fb27fc8ddb5e77ce9d1e2bdc953a5f22765bf779452f,1773201634,2026-03-11T04:00:34+00:00,0.825,clob_prices_history
17398942423057686582491252867921221591924525918102079345877032638913486446065,0x139ba0e7f931f09466c0fb27fc8ddb5e77ce9d1e2bdc953a5f22765bf779452f,1773202545,2026-03-11T04:15:45+00:00,0.825,clob_prices_history
17398942423057686582491252867921221591924525918102079345877032638913486446065,0x139ba0e7f931f09466c0fb27fc8ddb5e77ce9d1e2bdc953a5f22765bf779452f,1773203433,2026-03-11T04:30:33+00:00,0.825,clob_prices_history
17398942423057686582491252867921221591924525918102079345877032638913486446065,0x139ba0e7f931f09466c0fb27fc8ddb5e77ce9d1e2bdc953a5f22765bf779452f,1773204340,2026-03-11T04:45:40+00:00,0.825,clob_prices_history
17398942423057686582491252867921221591924525918102079345877032638913486446065,0x139ba0e7f931f09466c0fb27fc8ddb5e77ce9d1e2bdc953a5f22765bf779452f,1773205234,2026-03-11T05:00:34+00:00,0.825,clob_prices_history
17398942423057686582491252867921221591924525918102079345877032638913486446065,0x139ba0e7f931f09466c0fb27fc8ddb5e77ce9d1e2bdc953a5f22765bf779452f,1773206133,2026-03-11T05:15:33+00:00,0.825,clob_prices_history
17398942423057686582491252867921221591924525918102079345877032638913486446065,0x139ba0e7f931f09466c0fb27fc8ddb5e77ce9d1e2bdc953a5f22765bf779452f,1773207031,2026-03-11T05:30:31+00:00,0.825,clob_prices_history
17398942423057686582491252867921221591924525918102079345877032638913486446065,0x139ba0e7f931f09466c0fb27fc8ddb5e77ce9d1e2bdc953a5f22765bf779452f,1773207929,2026-03-11T05:45:29+00:00,0.825,clob_prices_history
17398942423057686582491252867921221591924525918102079345877032638913486446065,0x139ba0e7f931f09466c0fb27fc8ddb5e77ce9d1e2bdc953a5f22765bf779452f,1773208847,2026-03-11T06:00:47+00:00,0.825,clob_prices_history
17398942423057686582491252867921221591924525918102079345877032638913486446065,0x139ba0e7f931f09466c0fb27fc8ddb5e77ce9d1e2bdc953a5f22765bf779452f,1773209727,2026-03-11T06:15:27+00:00,0.825,clob_prices_history
17398942423057686582491252867921221591924525918102079345877032638913486446065,0x139ba0e7f931f09466c0fb27fc8ddb5e77ce9d1e2bdc953a5f22765bf779452f,1773210644,2026-03-11T06:30:44+00:00,0.825,clob_prices_history
17398942423057686582491252867921221591924525918102079345877032638913486446065,0x139ba0e7f931f09466c0fb27fc8ddb5e77ce9d1e2bdc953a5f22765bf779452f,1773211529,2026-03-11T06:45:29+00:00,0.825,clob_prices_history
17398942423057686582491252867921221591924525918102079345877032638913486446065,0x139ba0e7f931f09466c0fb27fc8ddb5e77ce9d1e2bdc953a5f22765bf779452f,1773212435,2026-03-11T07:00:35+00:00,0.795,clob_prices_history
17398942423057686582491252867921221591924525918102079345877032638913486446065,0x139ba0e7f931f09466c0fb27fc8ddb5e77ce9d1e2bdc953a5f22765bf779452f,1773213340,2026-03-11T07:15:40+00:00,0.79,clob_prices_history
17398942423057686582491252867921221591924525918102079345877032638913486446065,0x139ba0e7f931f09466c0fb27fc8ddb5e77ce9d1e2bdc953a5f22765bf779452f,1773214235,2026-03-11T07:30:35+00:00,0.795,clob_prices_history
17398942423057686582491252867921221591924525918102079345877032638913486446065,0x139ba0e7f931f09466c0fb27fc8ddb5e77ce9d1e2bdc953a5f22765bf779452f,1773215128,2026-03-11T07:45:28+00:00,0.795,clob_prices_history
17398942423057686582491252867921221591924525918102079345877032638913486446065,0x139ba0e7f931f09466c0fb27fc8ddb5e77ce9d1e2bdc953a5f22765bf779452f,1773216035,2026-03-11T08:00:35+00:00,0.795,clob_prices_history
17398942423057686582491252867921221591924525918102079345877032638913486446065,0x139ba0e7f931f09466c0fb27fc8ddb5e77ce9d1e2bdc953a5f22765bf779452f,1773216937,2026-03-11T08:15:37+00:00,0.795,clob_prices_history
17398942423057686582491252867921221591924525918102079345877032638913486446065,0x139ba0e7f931f09466c0fb27fc8ddb5e77ce9d1e2bdc953a5f22765bf779452f,1773217832,2026-03-11T08:30:32+00:00,0.795,clob_prices_history
17398942423057686582491252867921221591924525918102079345877032638913486446065,0x139ba0e7f931f09466c0fb27fc8ddb5e77ce9d1e2bdc953a5f22765bf779452f,1773218731,2026-03-11T08:45:31+00:00,0.795,clob_prices_history
17398942423057686582491252867921221591924525918102079345877032638913486446065,0x139ba0e7f931f09466c0fb27fc8ddb5e77ce9d1e2bdc953a5f22765bf779452f,1773219643,2026-03-11T09:00:43+00:00,0.8,clob_prices_history
17398942423057686582491252867921221591924525918102079345877032638913486446065,0x139ba0e7f931f09466c0fb27fc8ddb5e77ce9d1e2bdc953a5f22765bf779452f,1773220526,2026-03-11T09:15:26+00:00,0.8,clob_prices_history
17398942423057686582491252867921221591924525918102079345877032638913486446065,0x139ba0e7f931f09466c0fb27fc8ddb5e77ce9d1e2bdc953a5f22765bf779452f,1773221435,2026-03-11T09:30:35+00:00,0.8,clob_prices_history
17398942423057686582491252867921221591924525918102079345877032638913486446065,0x139ba0e7f931f09466c0fb27fc8ddb5e77ce9d1e2bdc953a5f22765bf779452f,1773222327,2026-03-11T09:45:27+00:00,0.8,clob_prices_history
17398942423057686582491252867921221591924525918102079345877032638913486446065,0x139ba0e7f931f09466c0fb27fc8ddb5e77ce9d1e2bdc953a5f22765bf779452f,1773223241,2026-03-11T10:00:41+00:00,0.8,clob_prices_history
17398942423057686582491252867921221591924525918102079345877032638913486446065,0x139ba0e7f931f09466c0fb27fc8ddb5e77ce9d1e2bdc953a5f22765bf779452f,1773224129,2026-03-11T10:15:29+00:00,0.8,clob_prices_history
17398942423057686582491252867921221591924525918102079345877032638913486446065,0x139ba0e7f931f09466c0fb27fc8ddb5e77ce9d1e2bdc953a5f22765bf779452f,1773225033,2026-03-11T10:30:33+00:00,0.8,clob_prices_history
17398942423057686582491252867921221591924525918102079345877032638913486446065,0x139ba0e7f931f09466c0fb27fc8ddb5e77ce9d1e2bdc953a5f22765bf779452f,1773225930,2026-03-11T10:45:30+00:00,0.795,clob_prices_history
17398942423057686582491252867921221591924525918102079345877032638913486446065,0x139ba0e7f931f09466c0fb27fc8ddb5e77ce9d1e2bdc953a5f22765bf779452f,1773226836,2026-03-11T11:00:36+00:00,0.795,clob_prices_history
17398942423057686582491252867921221591924525918102079345877032638913486446065,0x139ba0e7f931f09466c0fb27fc8ddb5e77ce9d1e2bdc953a5f22765bf779452f,1773227730,2026-03-11T11:15:30+00:00,0.795,clob_prices_history
17398942423057686582491252867921221591924525918102079345877032638913486446065,0x139ba0e7f931f09466c0fb27fc8ddb5e77ce9d1e2bdc953a5f22765bf779452f,1773228633,2026-03-11T11:30:33+00:00,0.79,clob_prices_history
17398942423057686582491252867921221591924525918102079345877032638913486446065,0x139ba0e7f931f09466c0fb27fc8ddb5e77ce9d1e2bdc953a5f22765bf779452f,1773229527,2026-03-11T11:45:27+00:00,0.79,clob_prices_history
17398942423057686582491252867921221591924525918102079345877032638913486446065,0x139ba0e7f931f09466c0fb27fc8ddb5e77ce9d1e2bdc953a5f22765bf779452f,1773231327,2026-03-11T12:15:27+00:00,0.79,clob_prices_history
17398942423057686582491252867921221591924525918102079345877032638913486446065,0x139ba0e7f931f09466c0fb27fc8ddb5e77ce9d1e2bdc953a5f22765bf779452f,1773232248,2026-03-11T12:30:48+00:00,0.79,clob_prices_history
17398942423057686582491252867921221591924525918102079345877032638913486446065,0x139ba0e7f931f09466c0fb27fc8ddb5e77ce9d1e2bdc953a5f22765bf779452f,1773233137,2026-03-11T12:45:37+00:00,0.79,clob_prices_history
17398942423057686582491252867921221591924525918102079345877032638913486446065,0x139ba0e7f931f09466c0fb27fc8ddb5e77ce9d1e2bdc953a5f22765bf779452f,1773234033,2026-03-11T13:00:33+00:00,0.79,clob_prices_history
17398942423057686582491252867921221591924525918102079345877032638913486446065,0x139ba0e7f931f09466c0fb27fc8ddb5e77ce9d1e2bdc953a5f22765bf779452f,1773234931,2026-03-11T13:15:31+00:00,0.79,clob_prices_history
17398942423057686582491252867921221591924525918102079345877032638913486446065,0x139ba0e7f931f09466c0fb27fc8ddb5e77ce9d1e2bdc953a5f22765bf779452f,1773235832,2026-03-11T13:30:32+00:00,0.79,clob_prices_history
17398942423057686582491252867921221591924525918102079345877032638913486446065,0x139ba0e7f931f09466c0fb27fc8ddb5e77ce9d1e2bdc953a5f22765bf779452f,1773236734,2026-03-11T13:45:34+00:00,0.79,clob_prices_history
17398942423057686582491252867921221591924525918102079345877032638913486446065,0x139ba0e7f931f09466c0fb27fc8ddb5e77ce9d1e2bdc953a5f22765bf779452f,1773237635,2026-03-11T14:00:35+00:00,0.79,clob_prices_history
17398942423057686582491252867921221591924525918102079345877032638913486446065,0x139ba0e7f931f09466c0fb27fc8ddb5e77ce9d1e2bdc953a5f22765bf779452f,1773238528,2026-03-11T14:15:28+00:00,0.79,clob_prices_history
17398942423057686582491252867921221591924525918102079345877032638913486446065,0x139ba0e7f931f09466c0fb27fc8ddb5e77ce9d1e2bdc953a5f22765bf779452f,1773239434,2026-03-11T14:30:34+00:00,0.79,clob_prices_history
17398942423057686582491252867921221591924525918102079345877032638913486446065,0x139ba0e7f931f09466c0fb27fc8ddb5e77ce9d1e2bdc953a5f22765bf779452f,1773240329,2026-03-11T14:45:29+00:00,0.79,clob_prices_history
17398942423057686582491252867921221591924525918102079345877032638913486446065,0x139ba0e7f931f09466c0fb27fc8ddb5e77ce9d1e2bdc953a5f22765bf779452f,1773242131,2026-03-11T15:15:31+00:00,0.79,clob_prices_history
17398942423057686582491252867921221591924525918102079345877032638913486446065,0x139ba0e7f931f09466c0fb27fc8ddb5e77ce9d1e2bdc953a5f22765bf779452f,1773243033,2026-03-11T15:30:33+00:00,0.79,clob_prices_history
17398942423057686582491252867921221591924525918102079345877032638913486446065,0x139ba0e7f931f09466c0fb27fc8ddb5e77ce9d1e2bdc953a5f22765bf779452f,1773243929,2026-03-11T15:45:29+00:00,0.79,clob_prices_history
17398942423057686582491252867921221591924525918102079345877032638913486446065,0x139ba0e7f931f09466c0fb27fc8ddb5e77ce9d1e2bdc953a5f22765bf779452f,1773244835,2026-03-11T16:00:35+00:00,0.79,clob_prices_history
17398942423057686582491252867921221591924525918102079345877032638913486446065,0x139ba0e7f931f09466c0fb27fc8ddb5e77ce9d1e2bdc953a5f22765bf779452f,1773245729,2026-03-11T16:15:29+00:00,0.79,clob_prices_history
17398942423057686582491252867921221591924525918102079345877032638913486446065,0x139ba0e7f931f09466c0fb27fc8ddb5e77ce9d1e2bdc953a5f22765bf779452f,1773246632,2026-03-11T16:30:32+00:00,0.79,clob_prices_history
17398942423057686582491252867921221591924525918102079345877032638913486446065,0x139ba0e7f931f09466c0fb27fc8ddb5e77ce9d1e2bdc953a5f22765bf779452f,1773247531,2026-03-11T16:45:31+00:00,0.79,clob_prices_history
17398942423057686582491252867921221591924525918102079345877032638913486446065,0x139ba0e7f931f09466c0fb27fc8ddb5e77ce9d1e2bdc953a5f22765bf779452f,1773248458,2026-03-11T17:00:58+00:00,0.79,clob_prices_history
17398942423057686582491252867921221591924525918102079345877032638913486446065,0x139ba0e7f931f09466c0fb27fc8ddb5e77ce9d1e2bdc953a5f22765bf779452f,1773249331,2026-03-11T17:15:31+00:00,0.79,clob_prices_history
17398942423057686582491252867921221591924525918102079345877032638913486446065,0x139ba0e7f931f09466c0fb27fc8ddb5e77ce9d1e2bdc953a5f22765bf779452f,1773250235,2026-03-11T17:30:35+00:00,0.79,clob_prices_history
17398942423057686582491252867921221591924525918102079345877032638913486446065,0x139ba0e7f931f09466c0fb27fc8ddb5e77ce9d1e2bdc953a5f22765bf779452f,1773251130,2026-03-11T17:45:30+00:00,0.79,clob_prices_history
17398942423057686582491252867921221591924525918102079345877032638913486446065,0x139ba0e7f931f09466c0fb27fc8ddb5e77ce9d1e2bdc953a5f22765bf779452f,1773252046,2026-03-11T18:00:46+00:00,0.79,clob_prices_history
17398942423057686582491252867921221591924525918102079345877032638913486446065,0x139ba0e7f931f09466c0fb27fc8ddb5e77ce9d1e2bdc953a5f22765bf779452f,1773252929,2026-03-11T18:15:29+00:00,0.79,clob_prices_history
17398942423057686582491252867921221591924525918102079345877032638913486446065,0x139ba0e7f931f09466c0fb27fc8ddb5e77ce9d1e2bdc953a5f22765bf779452f,1773253833,2026-03-11T18:30:33+00:00,0.79,clob_prices_history
17398942423057686582491252867921221591924525918102079345877032638913486446065,0x139ba0e7f931f09466c0fb27fc8ddb5e77ce9d1e2bdc953a5f22765bf779452f,1773254731,2026-03-11T18:45:31+00:00,0.79,clob_prices_history
17398942423057686582491252867921221591924525918102079345877032638913486446065,0x139ba0e7f931f09466c0fb27fc8ddb5e77ce9d1e2bdc953a5f22765bf779452f,1773255635,2026-03-11T19:00:35+00:00,0.79,clob_prices_history
17398942423057686582491252867921221591924525918102079345877032638913486446065,0x139ba0e7f931f09466c0fb27fc8ddb5e77ce9d1e2bdc953a5f22765bf779452f,1773256529,2026-03-11T19:15:29+00:00,0.79,clob_prices_history
17398942423057686582491252867921221591924525918102079345877032638913486446065,0x139ba0e7f931f09466c0fb27fc8ddb5e77ce9d1e2bdc953a5f22765bf779452f,1773257435,2026-03-11T19:30:35+00:00,0.79,clob_prices_history
17398942423057686582491252867921221591924525918102079345877032638913486446065,0x139ba0e7f931f09466c0fb27fc8ddb5e77ce9d1e2bdc953a5f22765bf779452f,1773258327,2026-03-11T19:45:27+00:00,0.79,clob_prices_history
17398942423057686582491252867921221591924525918102079345877032638913486446065,0x139ba0e7f931f09466c0fb27fc8ddb5e77ce9d1e2bdc953a5f22765bf779452f,1773259238,2026-03-11T20:00:38+00:00,0.79,clob_prices_history
17398942423057686582491252867921221591924525918102079345877032638913486446065,0x139ba0e7f931f09466c0fb27fc8ddb5e77ce9d1e2bdc953a5f22765bf779452f,1773260128,2026-03-11T20:15:28+00:00,0.79,clob_prices_history
17398942423057686582491252867921221591924525918102079345877032638913486446065,0x139ba0e7f931f09466c0fb27fc8ddb5e77ce9d1e2bdc953a5f22765bf779452f,1773261036,2026-03-11T20:30:36+00:00,0.79,clob_prices_history
17398942423057686582491252867921221591924525918102079345877032638913486446065,0x139ba0e7f931f09466c0fb27fc8ddb5e77ce9d1e2bdc953a5f22765bf779452f,1773261931,2026-03-11T20:45:31+00:00,0.785,clob_prices_history
17398942423057686582491252867921221591924525918102079345877032638913486446065,0x139ba0e7f931f09466c0fb27fc8ddb5e77ce9d1e2bdc953a5f22765bf779452f,1773262850,2026-03-11T21:00:50+00:00,0.785,clob_prices_history
17398942423057686582491252867921221591924525918102079345877032638913486446065,0x139ba0e7f931f09466c0fb27fc8ddb5e77ce9d1e2bdc953a5f22765bf779452f,1773263730,2026-03-11T21:15:30+00:00,0.785,clob_prices_history
17398942423057686582491252867921221591924525918102079345877032638913486446065,0x139ba0e7f931f09466c0fb27fc8ddb5e77ce9d1e2bdc953a5f22765bf779452f,1773264635,2026-03-11T21:30:35+00:00,0.785,clob_prices_history
17398942423057686582491252867921221591924525918102079345877032638913486446065,0x139ba0e7f931f09466c0fb27fc8ddb5e77ce9d1e2bdc953a5f22765bf779452f,1773265542,2026-03-11T21:45:42+00:00,0.785,clob_prices_history
17398942423057686582491252867921221591924525918102079345877032638913486446065,0x139ba0e7f931f09466c0fb27fc8ddb5e77ce9d1e2bdc953a5f22765bf779452f,1773266436,2026-03-11T22:00:36+00:00,0.785,clob_prices_history
17398942423057686582491252867921221591924525918102079345877032638913486446065,0x139ba0e7f931f09466c0fb27fc8ddb5e77ce9d1e2bdc953a5f22765bf779452f,1773267330,2026-03-11T22:15:30+00:00,0.785,clob_prices_history
17398942423057686582491252867921221591924525918102079345877032638913486446065,0x139ba0e7f931f09466c0fb27fc8ddb5e77ce9d1e2bdc953a5f22765bf779452f,1773268237,2026-03-11T22:30:37+00:00,0.78,clob_prices_history
17398942423057686582491252867921221591924525918102079345877032638913486446065,0x139ba0e7f931f09466c0fb27fc8ddb5e77ce9d1e2bdc953a5f22765bf779452f,1773269139,2026-03-11T22:45:39+00:00,0.78,clob_prices_history
17398942423057686582491252867921221591924525918102079345877032638913486446065,0x139ba0e7f931f09466c0fb27fc8ddb5e77ce9d1e2bdc953a5f22765bf779452f,1773270033,2026-03-11T23:00:33+00:00,0.775,clob_prices_history
17398942423057686582491252867921221591924525918102079345877032638913486446065,0x139ba0e7f931f09466c0fb27fc8ddb5e77ce9d1e2bdc953a5f22765bf779452f,1773270933,2026-03-11T23:15:33+00:00,0.775,clob_prices_history
17398942423057686582491252867921221591924525918102079345877032638913486446065,0x139ba0e7f931f09466c0fb27fc8ddb5e77ce9d1e2bdc953a5f22765bf779452f,1773271833,2026-03-11T23:30:33+00:00,0.775,clob_prices_history
17398942423057686582491252867921221591924525918102079345877032638913486446065,0x139ba0e7f931f09466c0fb27fc8ddb5e77ce9d1e2bdc953a5f22765bf779452f,1773272728,2026-03-11T23:45:28+00:00,0.775,clob_prices_history
17398942423057686582491252867921221591924525918102079345877032638913486446065,0x139ba0e7f931f09466c0fb27fc8ddb5e77ce9d1e2bdc953a5f22765bf779452f,1773273650,2026-03-12T00:00:50+00:00,0.775,clob_prices_history
17398942423057686582491252867921221591924525918102079345877032638913486446065,0x139ba0e7f931f09466c0fb27fc8ddb5e77ce9d1e2bdc953a5f22765bf779452f,1773274530,2026-03-12T00:15:30+00:00,0.775,clob_prices_history
17398942423057686582491252867921221591924525918102079345877032638913486446065,0x139ba0e7f931f09466c0fb27fc8ddb5e77ce9d1e2bdc953a5f22765bf779452f,1773275434,2026-03-12T00:30:34+00:00,0.775,clob_prices_history
17398942423057686582491252867921221591924525918102079345877032638913486446065,0x139ba0e7f931f09466c0fb27fc8ddb5e77ce9d1e2bdc953a5f22765bf779452f,1773276330,2026-03-12T00:45:30+00:00,0.775,clob_prices_history
17398942423057686582491252867921221591924525918102079345877032638913486446065,0x139ba0e7f931f09466c0fb27fc8ddb5e77ce9d1e2bdc953a5f22765bf779452f,1773277234,2026-03-12T01:00:34+00:00,0.775,clob_prices_history
17398942423057686582491252867921221591924525918102079345877032638913486446065,0x139ba0e7f931f09466c0fb27fc8ddb5e77ce9d1e2bdc953a5f22765bf779452f,1773278129,2026-03-12T01:15:29+00:00,0.775,clob_prices_history
17398942423057686582491252867921221591924525918102079345877032638913486446065,0x139ba0e7f931f09466c0fb27fc8ddb5e77ce9d1e2bdc953a5f22765bf779452f,1773279030,2026-03-12T01:30:30+00:00,0.775,clob_prices_history
17398942423057686582491252867921221591924525918102079345877032638913486446065,0x139ba0e7f931f09466c0fb27fc8ddb5e77ce9d1e2bdc953a5f22765bf779452f,1773279927,2026-03-12T01:45:27+00:00,0.775,clob_prices_history
17398942423057686582491252867921221591924525918102079345877032638913486446065,0x139ba0e7f931f09466c0fb27fc8ddb5e77ce9d1e2bdc953a5f22765bf779452f,1773280834,2026-03-12T02:00:34+00:00,0.775,clob_prices_history
17398942423057686582491252867921221591924525918102079345877032638913486446065,0x139ba0e7f931f09466c0fb27fc8ddb5e77ce9d1e2bdc953a5f22765bf779452f,1773281731,2026-03-12T02:15:31+00:00,0.775,clob_prices_history
17398942423057686582491252867921221591924525918102079345877032638913486446065,0x139ba0e7f931f09466c0fb27fc8ddb5e77ce9d1e2bdc953a5f22765bf779452f,1773282635,2026-03-12T02:30:35+00:00,0.775,clob_prices_history
17398942423057686582491252867921221591924525918102079345877032638913486446065,0x139ba0e7f931f09466c0fb27fc8ddb5e77ce9d1e2bdc953a5f22765bf779452f,1773283531,2026-03-12T02:45:31+00:00,0.775,clob_prices_history
17398942423057686582491252867921221591924525918102079345877032638913486446065,0x139ba0e7f931f09466c0fb27fc8ddb5e77ce9d1e2bdc953a5f22765bf779452f,1773284448,2026-03-12T03:00:48+00:00,0.775,clob_prices_history
17398942423057686582491252867921221591924525918102079345877032638913486446065,0x139ba0e7f931f09466c0fb27fc8ddb5e77ce9d1e2bdc953a5f22765bf779452f,1773285328,2026-03-12T03:15:28+00:00,0.775,clob_prices_history
17398942423057686582491252867921221591924525918102079345877032638913486446065,0x139ba0e7f931f09466c0fb27fc8ddb5e77ce9d1e2bdc953a5f22765bf779452f,1773286242,2026-03-12T03:30:42+00:00,0.775,clob_prices_history
17398942423057686582491252867921221591924525918102079345877032638913486446065,0x139ba0e7f931f09466c0fb27fc8ddb5e77ce9d1e2bdc953a5f22765bf779452f,1773287138,2026-03-12T03:45:38+00:00,0.775,clob_prices_history
17398942423057686582491252867921221591924525918102079345877032638913486446065,0x139ba0e7f931f09466c0fb27fc8ddb5e77ce9d1e2bdc953a5f22765bf779452f,1773288034,2026-03-12T04:00:34+00:00,0.775,clob_prices_history
17398942423057686582491252867921221591924525918102079345877032638913486446065,0x139ba0e7f931f09466c0fb27fc8ddb5e77ce9d1e2bdc953a5f22765bf779452f,1773288929,2026-03-12T04:15:29+00:00,0.775,clob_prices_history
17398942423057686582491252867921221591924525918102079345877032638913486446065,0x139ba0e7f931f09466c0fb27fc8ddb5e77ce9d1e2bdc953a5f22765bf779452f,1773289833,2026-03-12T04:30:33+00:00,0.775,clob_prices_history
17398942423057686582491252867921221591924525918102079345877032638913486446065,0x139ba0e7f931f09466c0fb27fc8ddb5e77ce9d1e2bdc953a5f22765bf779452f,1773290727,2026-03-12T04:45:27+00:00,0.775,clob_prices_history
17398942423057686582491252867921221591924525918102079345877032638913486446065,0x139ba0e7f931f09466c0fb27fc8ddb5e77ce9d1e2bdc953a5f22765bf779452f,1773291639,2026-03-12T05:00:39+00:00,0.775,clob_prices_history
17398942423057686582491252867921221591924525918102079345877032638913486446065,0x139ba0e7f931f09466c0fb27fc8ddb5e77ce9d1e2bdc953a5f22765bf779452f,1773292529,2026-03-12T05:15:29+00:00,0.775,clob_prices_history
17398942423057686582491252867921221591924525918102079345877032638913486446065,0x139ba0e7f931f09466c0fb27fc8ddb5e77ce9d1e2bdc953a5f22765bf779452f,1773293433,2026-03-12T05:30:33+00:00,0.775,clob_prices_history
17398942423057686582491252867921221591924525918102079345877032638913486446065,0x139ba0e7f931f09466c0fb27fc8ddb5e77ce9d1e2bdc953a5f22765bf779452f,1773294327,2026-03-12T05:45:27+00:00,0.775,clob_prices_history
17398942423057686582491252867921221591924525918102079345877032638913486446065,0x139ba0e7f931f09466c0fb27fc8ddb5e77ce9d1e2bdc953a5f22765bf779452f,1773295248,2026-03-12T06:00:48+00:00,0.775,clob_prices_history
17398942423057686582491252867921221591924525918102079345877032638913486446065,0x139ba0e7f931f09466c0fb27fc8ddb5e77ce9d1e2bdc953a5f22765bf779452f,1773296128,2026-03-12T06:15:28+00:00,0.775,clob_prices_history
17398942423057686582491252867921221591924525918102079345877032638913486446065,0x139ba0e7f931f09466c0fb27fc8ddb5e77ce9d1e2bdc953a5f22765bf779452f,1773297032,2026-03-12T06:30:32+00:00,0.775,clob_prices_history
17398942423057686582491252867921221591924525918102079345877032638913486446065,0x139ba0e7f931f09466c0fb27fc8ddb5e77ce9d1e2bdc953a5f22765bf779452f,1773297930,2026-03-12T06:45:30+00:00,0.775,clob_prices_history
17398942423057686582491252867921221591924525918102079345877032638913486446065,0x139ba0e7f931f09466c0fb27fc8ddb5e77ce9d1e2bdc953a5f22765bf779452f,1773298836,2026-03-12T07:00:36+00:00,0.775,clob_prices_history
17398942423057686582491252867921221591924525918102079345877032638913486446065,0x139ba0e7f931f09466c0fb27fc8ddb5e77ce9d1e2bdc953a5f22765bf779452f,1773299731,2026-03-12T07:15:31+00:00,0.775,clob_prices_history
17398942423057686582491252867921221591924525918102079345877032638913486446065,0x139ba0e7f931f09466c0fb27fc8ddb5e77ce9d1e2bdc953a5f22765bf779452f,1773300633,2026-03-12T07:30:33+00:00,0.775,clob_prices_history
17398942423057686582491252867921221591924525918102079345877032638913486446065,0x139ba0e7f931f09466c0fb27fc8ddb5e77ce9d1e2bdc953a5f22765bf779452f,1773301528,2026-03-12T07:45:28+00:00,0.775,clob_prices_history
17398942423057686582491252867921221591924525918102079345877032638913486446065,0x139ba0e7f931f09466c0fb27fc8ddb5e77ce9d1e2bdc953a5f22765bf779452f,1773302437,2026-03-12T08:00:37+00:00,0.775,clob_prices_history
17398942423057686582491252867921221591924525918102079345877032638913486446065,0x139ba0e7f931f09466c0fb27fc8ddb5e77ce9d1e2bdc953a5f22765bf779452f,1773303329,2026-03-12T08:15:29+00:00,0.775,clob_prices_history
17398942423057686582491252867921221591924525918102079345877032638913486446065,0x139ba0e7f931f09466c0fb27fc8ddb5e77ce9d1e2bdc953a5f22765bf779452f,1773304232,2026-03-12T08:30:32+00:00,0.775,clob_prices_history
17398942423057686582491252867921221591924525918102079345877032638913486446065,0x139ba0e7f931f09466c0fb27fc8ddb5e77ce9d1e2bdc953a5f22765bf779452f,1773305127,2026-03-12T08:45:27+00:00,0.775,clob_prices_history
17398942423057686582491252867921221591924525918102079345877032638913486446065,0x139ba0e7f931f09466c0fb27fc8ddb5e77ce9d1e2bdc953a5f22765bf779452f,1773306044,2026-03-12T09:00:44+00:00,0.775,clob_prices_history
17398942423057686582491252867921221591924525918102079345877032638913486446065,0x139ba0e7f931f09466c0fb27fc8ddb5e77ce9d1e2bdc953a5f22765bf779452f,1773306926,2026-03-12T09:15:26+00:00,0.775,clob_prices_history
17398942423057686582491252867921221591924525918102079345877032638913486446065,0x139ba0e7f931f09466c0fb27fc8ddb5e77ce9d1e2bdc953a5f22765bf779452f,1773307834,2026-03-12T09:30:34+00:00,0.775,clob_prices_history
17398942423057686582491252867921221591924525918102079345877032638913486446065,0x139ba0e7f931f09466c0fb27fc8ddb5e77ce9d1e2bdc953a5f22765bf779452f,1773308729,2026-03-12T09:45:29+00:00,0.775,clob_prices_history
17398942423057686582491252867921221591924525918102079345877032638913486446065,0x139ba0e7f931f09466c0fb27fc8ddb5e77ce9d1e2bdc953a5f22765bf779452f,1773310530,2026-03-12T10:15:30+00:00,0.775,clob_prices_history
17398942423057686582491252867921221591924525918102079345877032638913486446065,0x139ba0e7f931f09466c0fb27fc8ddb5e77ce9d1e2bdc953a5f22765bf779452f,1773311435,2026-03-12T10:30:35+00:00,0.775,clob_prices_history
17398942423057686582491252867921221591924525918102079345877032638913486446065,0x139ba0e7f931f09466c0fb27fc8ddb5e77ce9d1e2bdc953a5f22765bf779452f,1773312329,2026-03-12T10:45:29+00:00,0.775,clob_prices_history
17398942423057686582491252867921221591924525918102079345877032638913486446065,0x139ba0e7f931f09466c0fb27fc8ddb5e77ce9d1e2bdc953a5f22765bf779452f,1773313233,2026-03-12T11:00:33+00:00,0.775,clob_prices_history
17398942423057686582491252867921221591924525918102079345877032638913486446065,0x139ba0e7f931f09466c0fb27fc8ddb5e77ce9d1e2bdc953a5f22765bf779452f,1773314126,2026-03-12T11:15:26+00:00,0.775,clob_prices_history
17398942423057686582491252867921221591924525918102079345877032638913486446065,0x139ba0e7f931f09466c0fb27fc8ddb5e77ce9d1e2bdc953a5f22765bf779452f,1773315035,2026-03-12T11:30:35+00:00,0.775,clob_prices_history
17398942423057686582491252867921221591924525918102079345877032638913486446065,0x139ba0e7f931f09466c0fb27fc8ddb5e77ce9d1e2bdc953a5f22765bf779452f,1773315929,2026-03-12T11:45:29+00:00,0.775,clob_prices_history
17398942423057686582491252867921221591924525918102079345877032638913486446065,0x139ba0e7f931f09466c0fb27fc8ddb5e77ce9d1e2bdc953a5f22765bf779452f,1773317730,2026-03-12T12:15:30+00:00,0.775,clob_prices_history
17398942423057686582491252867921221591924525918102079345877032638913486446065,0x139ba0e7f931f09466c0fb27fc8ddb5e77ce9d1e2bdc953a5f22765bf779452f,1773318655,2026-03-12T12:30:55+00:00,0.775,clob_prices_history
17398942423057686582491252867921221591924525918102079345877032638913486446065,0x139ba0e7f931f09466c0fb27fc8ddb5e77ce9d1e2bdc953a5f22765bf779452f,1773319527,2026-03-12T12:45:27+00:00,0.775,clob_prices_history
17398942423057686582491252867921221591924525918102079345877032638913486446065,0x139ba0e7f931f09466c0fb27fc8ddb5e77ce9d1e2bdc953a5f22765bf779452f,1773320454,2026-03-12T13:00:54+00:00,0.78,clob_prices_history
17398942423057686582491252867921221591924525918102079345877032638913486446065,0x139ba0e7f931f09466c0fb27fc8ddb5e77ce9d1e2bdc953a5f22765bf779452f,1773321330,2026-03-12T13:15:30+00:00,0.78,clob_prices_history
17398942423057686582491252867921221591924525918102079345877032638913486446065,0x139ba0e7f931f09466c0fb27fc8ddb5e77ce9d1e2bdc953a5f22765bf779452f,1773322235,2026-03-12T13:30:35+00:00,0.78,clob_prices_history
17398942423057686582491252867921221591924525918102079345877032638913486446065,0x139ba0e7f931f09466c0fb27fc8ddb5e77ce9d1e2bdc953a5f22765bf779452f,1773323136,2026-03-12T13:45:36+00:00,0.78,clob_prices_history
17398942423057686582491252867921221591924525918102079345877032638913486446065,0x139ba0e7f931f09466c0fb27fc8ddb5e77ce9d1e2bdc953a5f22765bf779452f,1773324038,2026-03-12T14:00:38+00:00,0.78,clob_prices_history
17398942423057686582491252867921221591924525918102079345877032638913486446065,0x139ba0e7f931f09466c0fb27fc8ddb5e77ce9d1e2bdc953a5f22765bf779452f,1773324929,2026-03-12T14:15:29+00:00,0.78,clob_prices_history
17398942423057686582491252867921221591924525918102079345877032638913486446065,0x139ba0e7f931f09466c0fb27fc8ddb5e77ce9d1e2bdc953a5f22765bf779452f,1773325834,2026-03-12T14:30:34+00:00,0.78,clob_prices_history
17398942423057686582491252867921221591924525918102079345877032638913486446065,0x139ba0e7f931f09466c0fb27fc8ddb5e77ce9d1e2bdc953a5f22765bf779452f,1773326731,2026-03-12T14:45:31+00:00,0.78,clob_prices_history
17398942423057686582491252867921221591924525918102079345877032638913486446065,0x139ba0e7f931f09466c0fb27fc8ddb5e77ce9d1e2bdc953a5f22765bf779452f,1773327649,2026-03-12T15:00:49+00:00,0.78,clob_prices_history
17398942423057686582491252867921221591924525918102079345877032638913486446065,0x139ba0e7f931f09466c0fb27fc8ddb5e77ce9d1e2bdc953a5f22765bf779452f,1773328529,2026-03-12T15:15:29+00:00,0.78,clob_prices_history
17398942423057686582491252867921221591924525918102079345877032638913486446065,0x139ba0e7f931f09466c0fb27fc8ddb5e77ce9d1e2bdc953a5f22765bf779452f,1773329435,2026-03-12T15:30:35+00:00,0.78,clob_prices_history
17398942423057686582491252867921221591924525918102079345877032638913486446065,0x139ba0e7f931f09466c0fb27fc8ddb5e77ce9d1e2bdc953a5f22765bf779452f,1773330330,2026-03-12T15:45:30+00:00,0.78,clob_prices_history
17398942423057686582491252867921221591924525918102079345877032638913486446065,0x139ba0e7f931f09466c0fb27fc8ddb5e77ce9d1e2bdc953a5f22765bf779452f,1773331236,2026-03-12T16:00:36+00:00,0.78,clob_prices_history
17398942423057686582491252867921221591924525918102079345877032638913486446065,0x139ba0e7f931f09466c0fb27fc8ddb5e77ce9d1e2bdc953a5f22765bf779452f,1773332131,2026-03-12T16:15:31+00:00,0.78,clob_prices_history
17398942423057686582491252867921221591924525918102079345877032638913486446065,0x139ba0e7f931f09466c0fb27fc8ddb5e77ce9d1e2bdc953a5f22765bf779452f,1773333032,2026-03-12T16:30:32+00:00,0.78,clob_prices_history
17398942423057686582491252867921221591924525918102079345877032638913486446065,0x139ba0e7f931f09466c0fb27fc8ddb5e77ce9d1e2bdc953a5f22765bf779452f,1773333931,2026-03-12T16:45:31+00:00,0.78,clob_prices_history
17398942423057686582491252867921221591924525918102079345877032638913486446065,0x139ba0e7f931f09466c0fb27fc8ddb5e77ce9d1e2bdc953a5f22765bf779452f,1773335732,2026-03-12T17:15:32+00:00,0.78,clob_prices_history
17398942423057686582491252867921221591924525918102079345877032638913486446065,0x139ba0e7f931f09466c0fb27fc8ddb5e77ce9d1e2bdc953a5f22765bf779452f,1773336650,2026-03-12T17:30:50+00:00,0.78,clob_prices_history
17398942423057686582491252867921221591924525918102079345877032638913486446065,0x139ba0e7f931f09466c0fb27fc8ddb5e77ce9d1e2bdc953a5f22765bf779452f,1773337532,2026-03-12T17:45:32+00:00,0.78,clob_prices_history
17398942423057686582491252867921221591924525918102079345877032638913486446065,0x139ba0e7f931f09466c0fb27fc8ddb5e77ce9d1e2bdc953a5f22765bf779452f,1773338458,2026-03-12T18:00:58+00:00,0.78,clob_prices_history
17398942423057686582491252867921221591924525918102079345877032638913486446065,0x139ba0e7f931f09466c0fb27fc8ddb5e77ce9d1e2bdc953a5f22765bf779452f,1773339332,2026-03-12T18:15:32+00:00,0.78,clob_prices_history
17398942423057686582491252867921221591924525918102079345877032638913486446065,0x139ba0e7f931f09466c0fb27fc8ddb5e77ce9d1e2bdc953a5f22765bf779452f,1773340234,2026-03-12T18:30:34+00:00,0.78,clob_prices_history
17398942423057686582491252867921221591924525918102079345877032638913486446065,0x139ba0e7f931f09466c0fb27fc8ddb5e77ce9d1e2bdc953a5f22765bf779452f,1773341131,2026-03-12T18:45:31+00:00,0.78,clob_prices_history
17398942423057686582491252867921221591924525918102079345877032638913486446065,0x139ba0e7f931f09466c0fb27fc8ddb5e77ce9d1e2bdc953a5f22765bf779452f,1773342032,2026-03-12T19:00:32+00:00,0.78,clob_prices_history
17398942423057686582491252867921221591924525918102079345877032638913486446065,0x139ba0e7f931f09466c0fb27fc8ddb5e77ce9d1e2bdc953a5f22765bf779452f,1773342932,2026-03-12T19:15:32+00:00,0.78,clob_prices_history
17398942423057686582491252867921221591924525918102079345877032638913486446065,0x139ba0e7f931f09466c0fb27fc8ddb5e77ce9d1e2bdc953a5f22765bf779452f,1773343834,2026-03-12T19:30:34+00:00,0.78,clob_prices_history
17398942423057686582491252867921221591924525918102079345877032638913486446065,0x139ba0e7f931f09466c0fb27fc8ddb5e77ce9d1e2bdc953a5f22765bf779452f,1773344731,2026-03-12T19:45:31+00:00,0.78,clob_prices_history
17398942423057686582491252867921221591924525918102079345877032638913486446065,0x139ba0e7f931f09466c0fb27fc8ddb5e77ce9d1e2bdc953a5f22765bf779452f,1773345640,2026-03-12T20:00:40+00:00,0.78,clob_prices_history
17398942423057686582491252867921221591924525918102079345877032638913486446065,0x139ba0e7f931f09466c0fb27fc8ddb5e77ce9d1e2bdc953a5f22765bf779452f,1773346530,2026-03-12T20:15:30+00:00,0.78,clob_prices_history
17398942423057686582491252867921221591924525918102079345877032638913486446065,0x139ba0e7f931f09466c0fb27fc8ddb5e77ce9d1e2bdc953a5f22765bf779452f,1773347435,2026-03-12T20:30:35+00:00,0.78,clob_prices_history
17398942423057686582491252867921221591924525918102079345877032638913486446065,0x139ba0e7f931f09466c0fb27fc8ddb5e77ce9d1e2bdc953a5f22765bf779452f,1773348330,2026-03-12T20:45:30+00:00,0.78,clob_prices_history
17398942423057686582491252867921221591924525918102079345877032638913486446065,0x139ba0e7f931f09466c0fb27fc8ddb5e77ce9d1e2bdc953a5f22765bf779452f,1773349249,2026-03-12T21:00:49+00:00,0.78,clob_prices_history
17398942423057686582491252867921221591924525918102079345877032638913486446065,0x139ba0e7f931f09466c0fb27fc8ddb5e77ce9d1e2bdc953a5f22765bf779452f,1773350131,2026-03-12T21:15:31+00:00,0.78,clob_prices_history
17398942423057686582491252867921221591924525918102079345877032638913486446065,0x139ba0e7f931f09466c0fb27fc8ddb5e77ce9d1e2bdc953a5f22765bf779452f,1773351036,2026-03-12T21:30:36+00:00,0.78,clob_prices_history
17398942423057686582491252867921221591924525918102079345877032638913486446065,0x139ba0e7f931f09466c0fb27fc8ddb5e77ce9d1e2bdc953a5f22765bf779452f,1773351931,2026-03-12T21:45:31+00:00,0.78,clob_prices_history
17398942423057686582491252867921221591924525918102079345877032638913486446065,0x139ba0e7f931f09466c0fb27fc8ddb5e77ce9d1e2bdc953a5f22765bf779452f,1773352835,2026-03-12T22:00:35+00:00,0.78,clob_prices_history
17398942423057686582491252867921221591924525918102079345877032638913486446065,0x139ba0e7f931f09466c0fb27fc8ddb5e77ce9d1e2bdc953a5f22765bf779452f,1773353732,2026-03-12T22:15:32+00:00,0.78,clob_prices_history
17398942423057686582491252867921221591924525918102079345877032638913486446065,0x139ba0e7f931f09466c0fb27fc8ddb5e77ce9d1e2bdc953a5f22765bf779452f,1773354635,2026-03-12T22:30:35+00:00,0.78,clob_prices_history
17398942423057686582491252867921221591924525918102079345877032638913486446065,0x139ba0e7f931f09466c0fb27fc8ddb5e77ce9d1e2bdc953a5f22765bf779452f,1773355531,2026-03-12T22:45:31+00:00,0.78,clob_prices_history
17398942423057686582491252867921221591924525918102079345877032638913486446065,0x139ba0e7f931f09466c0fb27fc8ddb5e77ce9d1e2bdc953a5f22765bf779452f,1773356441,2026-03-12T23:00:41+00:00,0.78,clob_prices_history
17398942423057686582491252867921221591924525918102079345877032638913486446065,0x139ba0e7f931f09466c0fb27fc8ddb5e77ce9d1e2bdc953a5f22765bf779452f,1773357332,2026-03-12T23:15:32+00:00,0.78,clob_prices_history
17398942423057686582491252867921221591924525918102079345877032638913486446065,0x139ba0e7f931f09466c0fb27fc8ddb5e77ce9d1e2bdc953a5f22765bf779452f,1773358236,2026-03-12T23:30:36+00:00,0.78,clob_prices_history
17398942423057686582491252867921221591924525918102079345877032638913486446065,0x139ba0e7f931f09466c0fb27fc8ddb5e77ce9d1e2bdc953a5f22765bf779452f,1773359129,2026-03-12T23:45:29+00:00,0.78,clob_prices_history
17398942423057686582491252867921221591924525918102079345877032638913486446065,0x139ba0e7f931f09466c0fb27fc8ddb5e77ce9d1e2bdc953a5f22765bf779452f,1773360931,2026-03-13T00:15:31+00:00,0.78,clob_prices_history
17398942423057686582491252867921221591924525918102079345877032638913486446065,0x139ba0e7f931f09466c0fb27fc8ddb5e77ce9d1e2bdc953a5f22765bf779452f,1773361837,2026-03-13T00:30:37+00:00,0.78,clob_prices_history
17398942423057686582491252867921221591924525918102079345877032638913486446065,0x139ba0e7f931f09466c0fb27fc8ddb5e77ce9d1e2bdc953a5f22765bf779452f,1773362729,2026-03-13T00:45:29+00:00,0.78,clob_prices_history
17398942423057686582491252867921221591924525918102079345877032638913486446065,0x139ba0e7f931f09466c0fb27fc8ddb5e77ce9d1e2bdc953a5f22765bf779452f,1773363637,2026-03-13T01:00:37+00:00,0.78,clob_prices_history
17398942423057686582491252867921221591924525918102079345877032638913486446065,0x139ba0e7f931f09466c0fb27fc8ddb5e77ce9d1e2bdc953a5f22765bf779452f,1773364531,2026-03-13T01:15:31+00:00,0.78,clob_prices_history
17398942423057686582491252867921221591924525918102079345877032638913486446065,0x139ba0e7f931f09466c0fb27fc8ddb5e77ce9d1e2bdc953a5f22765bf779452f,1773365431,2026-03-13T01:30:31+00:00,0.78,clob_prices_history
17398942423057686582491252867921221591924525918102079345877032638913486446065,0x139ba0e7f931f09466c0fb27fc8ddb5e77ce9d1e2bdc953a5f22765bf779452f,1773366330,2026-03-13T01:45:30+00:00,0.78,clob_prices_history
17398942423057686582491252867921221591924525918102079345877032638913486446065,0x139ba0e7f931f09466c0fb27fc8ddb5e77ce9d1e2bdc953a5f22765bf779452f,1773367236,2026-03-13T02:00:36+00:00,0.78,clob_prices_history
17398942423057686582491252867921221591924525918102079345877032638913486446065,0x139ba0e7f931f09466c0fb27fc8ddb5e77ce9d1e2bdc953a5f22765bf779452f,1773368130,2026-03-13T02:15:30+00:00,0.78,clob_prices_history
17398942423057686582491252867921221591924525918102079345877032638913486446065,0x139ba0e7f931f09466c0fb27fc8ddb5e77ce9d1e2bdc953a5f22765bf779452f,1773369037,2026-03-13T02:30:37+00:00,0.78,clob_prices_history
17398942423057686582491252867921221591924525918102079345877032638913486446065,0x139ba0e7f931f09466c0fb27fc8ddb5e77ce9d1e2bdc953a5f22765bf779452f,1773369931,2026-03-13T02:45:31+00:00,0.78,clob_prices_history
17398942423057686582491252867921221591924525918102079345877032638913486446065,0x139ba0e7f931f09466c0fb27fc8ddb5e77ce9d1e2bdc953a5f22765bf779452f,1773370848,2026-03-13T03:00:48+00:00,0.78,clob_prices_history
17398942423057686582491252867921221591924525918102079345877032638913486446065,0x139ba0e7f931f09466c0fb27fc8ddb5e77ce9d1e2bdc953a5f22765bf779452f,1773371729,2026-03-13T03:15:29+00:00,0.78,clob_prices_history
17398942423057686582491252867921221591924525918102079345877032638913486446065,0x139ba0e7f931f09466c0fb27fc8ddb5e77ce9d1e2bdc953a5f22765bf779452f,1773372634,2026-03-13T03:30:34+00:00,0.78,clob_prices_history
17398942423057686582491252867921221591924525918102079345877032638913486446065,0x139ba0e7f931f09466c0fb27fc8ddb5e77ce9d1e2bdc953a5f22765bf779452f,1773373532,2026-03-13T03:45:32+00:00,0.78,clob_prices_history
17398942423057686582491252867921221591924525918102079345877032638913486446065,0x139ba0e7f931f09466c0fb27fc8ddb5e77ce9d1e2bdc953a5f22765bf779452f,1773374437,2026-03-13T04:00:37+00:00,0.78,clob_prices_history
17398942423057686582491252867921221591924525918102079345877032638913486446065,0x139ba0e7f931f09466c0fb27fc8ddb5e77ce9d1e2bdc953a5f22765bf779452f,1773375327,2026-03-13T04:15:27+00:00,0.78,clob_prices_history
17398942423057686582491252867921221591924525918102079345877032638913486446065,0x139ba0e7f931f09466c0fb27fc8ddb5e77ce9d1e2bdc953a5f22765bf779452f,1773376231,2026-03-13T04:30:31+00:00,0.78,clob_prices_history
17398942423057686582491252867921221591924525918102079345877032638913486446065,0x139ba0e7f931f09466c0fb27fc8ddb5e77ce9d1e2bdc953a5f22765bf779452f,1773377128,2026-03-13T04:45:28+00:00,0.78,clob_prices_history
17398942423057686582491252867921221591924525918102079345877032638913486446065,0x139ba0e7f931f09466c0fb27fc8ddb5e77ce9d1e2bdc953a5f22765bf779452f,1773378032,2026-03-13T05:00:32+00:00,0.78,clob_prices_history
17398942423057686582491252867921221591924525918102079345877032638913486446065,0x139ba0e7f931f09466c0fb27fc8ddb5e77ce9d1e2bdc953a5f22765bf779452f,1773378941,2026-03-13T05:15:41+00:00,0.78,clob_prices_history
17398942423057686582491252867921221591924525918102079345877032638913486446065,0x139ba0e7f931f09466c0fb27fc8ddb5e77ce9d1e2bdc953a5f22765bf779452f,1773379837,2026-03-13T05:30:37+00:00,0.78,clob_prices_history
17398942423057686582491252867921221591924525918102079345877032638913486446065,0x139ba0e7f931f09466c0fb27fc8ddb5e77ce9d1e2bdc953a5f22765bf779452f,1773380732,2026-03-13T05:45:32+00:00,0.78,clob_prices_history
17398942423057686582491252867921221591924525918102079345877032638913486446065,0x139ba0e7f931f09466c0fb27fc8ddb5e77ce9d1e2bdc953a5f22765bf779452f,1773381650,2026-03-13T06:00:50+00:00,0.78,clob_prices_history
17398942423057686582491252867921221591924525918102079345877032638913486446065,0x139ba0e7f931f09466c0fb27fc8ddb5e77ce9d1e2bdc953a5f22765bf779452f,1773382541,2026-03-13T06:15:41+00:00,0.78,clob_prices_history
17398942423057686582491252867921221591924525918102079345877032638913486446065,0x139ba0e7f931f09466c0fb27fc8ddb5e77ce9d1e2bdc953a5f22765bf779452f,1773383436,2026-03-13T06:30:36+00:00,0.78,clob_prices_history
17398942423057686582491252867921221591924525918102079345877032638913486446065,0x139ba0e7f931f09466c0fb27fc8ddb5e77ce9d1e2bdc953a5f22765bf779452f,1773384330,2026-03-13T06:45:30+00:00,0.78,clob_prices_history
17398942423057686582491252867921221591924525918102079345877032638913486446065,0x139ba0e7f931f09466c0fb27fc8ddb5e77ce9d1e2bdc953a5f22765bf779452f,1773385243,2026-03-13T07:00:43+00:00,0.78,clob_prices_history
17398942423057686582491252867921221591924525918102079345877032638913486446065,0x139ba0e7f931f09466c0fb27fc8ddb5e77ce9d1e2bdc953a5f22765bf779452f,1773386133,2026-03-13T07:15:33+00:00,0.78,clob_prices_history
17398942423057686582491252867921221591924525918102079345877032638913486446065,0x139ba0e7f931f09466c0fb27fc8ddb5e77ce9d1e2bdc953a5f22765bf779452f,1773387036,2026-03-13T07:30:36+00:00,0.78,clob_prices_history
17398942423057686582491252867921221591924525918102079345877032638913486446065,0x139ba0e7f931f09466c0fb27fc8ddb5e77ce9d1e2bdc953a5f22765bf779452f,1773387927,2026-03-13T07:45:27+00:00,0.78,clob_prices_history
17398942423057686582491252867921221591924525918102079345877032638913486446065,0x139ba0e7f931f09466c0fb27fc8ddb5e77ce9d1e2bdc953a5f22765bf779452f,1773388833,2026-03-13T08:00:33+00:00,0.78,clob_prices_history
17398942423057686582491252867921221591924525918102079345877032638913486446065,0x139ba0e7f931f09466c0fb27fc8ddb5e77ce9d1e2bdc953a5f22765bf779452f,1773389729,2026-03-13T08:15:29+00:00,0.78,clob_prices_history
17398942423057686582491252867921221591924525918102079345877032638913486446065,0x139ba0e7f931f09466c0fb27fc8ddb5e77ce9d1e2bdc953a5f22765bf779452f,1773390634,2026-03-13T08:30:34+00:00,0.775,clob_prices_history
17398942423057686582491252867921221591924525918102079345877032638913486446065,0x139ba0e7f931f09466c0fb27fc8ddb5e77ce9d1e2bdc953a5f22765bf779452f,1773391530,2026-03-13T08:45:30+00:00,0.775,clob_prices_history
17398942423057686582491252867921221591924525918102079345877032638913486446065,0x139ba0e7f931f09466c0fb27fc8ddb5e77ce9d1e2bdc953a5f22765bf779452f,1773392449,2026-03-13T09:00:49+00:00,0.775,clob_prices_history
17398942423057686582491252867921221591924525918102079345877032638913486446065,0x139ba0e7f931f09466c0fb27fc8ddb5e77ce9d1e2bdc953a5f22765bf779452f,1773393330,2026-03-13T09:15:30+00:00,0.775,clob_prices_history
17398942423057686582491252867921221591924525918102079345877032638913486446065,0x139ba0e7f931f09466c0fb27fc8ddb5e77ce9d1e2bdc953a5f22765bf779452f,1773394231,2026-03-13T09:30:31+00:00,0.775,clob_prices_history
17398942423057686582491252867921221591924525918102079345877032638913486446065,0x139ba0e7f931f09466c0fb27fc8ddb5e77ce9d1e2bdc953a5f22765bf779452f,1773395130,2026-03-13T09:45:30+00:00,0.78,clob_prices_history
17398942423057686582491252867921221591924525918102079345877032638913486446065,0x139ba0e7f931f09466c0fb27fc8ddb5e77ce9d1e2bdc953a5f22765bf779452f,1773396035,2026-03-13T10:00:35+00:00,0.78,clob_prices_history
17398942423057686582491252867921221591924525918102079345877032638913486446065,0x139ba0e7f931f09466c0fb27fc8ddb5e77ce9d1e2bdc953a5f22765bf779452f,1773396932,2026-03-13T10:15:32+00:00,0.78,clob_prices_history
17398942423057686582491252867921221591924525918102079345877032638913486446065,0x139ba0e7f931f09466c0fb27fc8ddb5e77ce9d1e2bdc953a5f22765bf779452f,1773397840,2026-03-13T10:30:40+00:00,0.78,clob_prices_history
17398942423057686582491252867921221591924525918102079345877032638913486446065,0x139ba0e7f931f09466c0fb27fc8ddb5e77ce9d1e2bdc953a5f22765bf779452f,1773398736,2026-03-13T10:45:36+00:00,0.78,clob_prices_history
17398942423057686582491252867921221591924525918102079345877032638913486446065,0x139ba0e7f931f09466c0fb27fc8ddb5e77ce9d1e2bdc953a5f22765bf779452f,1773399633,2026-03-13T11:00:33+00:00,0.78,clob_prices_history
17398942423057686582491252867921221591924525918102079345877032638913486446065,0x139ba0e7f931f09466c0fb27fc8ddb5e77ce9d1e2bdc953a5f22765bf779452f,1773400527,2026-03-13T11:15:27+00:00,0.78,clob_prices_history
17398942423057686582491252867921221591924525918102079345877032638913486446065,0x139ba0e7f931f09466c0fb27fc8ddb5e77ce9d1e2bdc953a5f22765bf779452f,1773401428,2026-03-13T11:30:28+00:00,0.78,clob_prices_history
17398942423057686582491252867921221591924525918102079345877032638913486446065,0x139ba0e7f931f09466c0fb27fc8ddb5e77ce9d1e2bdc953a5f22765bf779452f,1773402328,2026-03-13T11:45:28+00:00,0.78,clob_prices_history
17398942423057686582491252867921221591924525918102079345877032638913486446065,0x139ba0e7f931f09466c0fb27fc8ddb5e77ce9d1e2bdc953a5f22765bf779452f,1773403241,2026-03-13T12:00:41+00:00,0.78,clob_prices_history
17398942423057686582491252867921221591924525918102079345877032638913486446065,0x139ba0e7f931f09466c0fb27fc8ddb5e77ce9d1e2bdc953a5f22765bf779452f,1773404128,2026-03-13T12:15:28+00:00,0.78,clob_prices_history
17398942423057686582491252867921221591924525918102079345877032638913486446065,0x139ba0e7f931f09466c0fb27fc8ddb5e77ce9d1e2bdc953a5f22765bf779452f,1773405043,2026-03-13T12:30:43+00:00,0.78,clob_prices_history
17398942423057686582491252867921221591924525918102079345877032638913486446065,0x139ba0e7f931f09466c0fb27fc8ddb5e77ce9d1e2bdc953a5f22765bf779452f,1773405927,2026-03-13T12:45:27+00:00,0.78,clob_prices_history
17398942423057686582491252867921221591924525918102079345877032638913486446065,0x139ba0e7f931f09466c0fb27fc8ddb5e77ce9d1e2bdc953a5f22765bf779452f,1773406831,2026-03-13T13:00:31+00:00,0.78,clob_prices_history
17398942423057686582491252867921221591924525918102079345877032638913486446065,0x139ba0e7f931f09466c0fb27fc8ddb5e77ce9d1e2bdc953a5f22765bf779452f,1773407740,2026-03-13T13:15:40+00:00,0.78,clob_prices_history
17398942423057686582491252867921221591924525918102079345877032638913486446065,0x139ba0e7f931f09466c0fb27fc8ddb5e77ce9d1e2bdc953a5f22765bf779452f,1773408629,2026-03-13T13:30:29+00:00,0.78,clob_prices_history
17398942423057686582491252867921221591924525918102079345877032638913486446065,0x139ba0e7f931f09466c0fb27fc8ddb5e77ce9d1e2bdc953a5f22765bf779452f,1773409525,2026-03-13T13:45:25+00:00,0.78,clob_prices_history
17398942423057686582491252867921221591924525918102079345877032638913486446065,0x139ba0e7f931f09466c0fb27fc8ddb5e77ce9d1e2bdc953a5f22765bf779452f,1773410435,2026-03-13T14:00:35+00:00,0.78,clob_prices_history
17398942423057686582491252867921221591924525918102079345877032638913486446065,0x139ba0e7f931f09466c0fb27fc8ddb5e77ce9d1e2bdc953a5f22765bf779452f,1773411327,2026-03-13T14:15:27+00:00,0.78,clob_prices_history
17398942423057686582491252867921221591924525918102079345877032638913486446065,0x139ba0e7f931f09466c0fb27fc8ddb5e77ce9d1e2bdc953a5f22765bf779452f,1773412229,2026-03-13T14:30:29+00:00,0.78,clob_prices_history
17398942423057686582491252867921221591924525918102079345877032638913486446065,0x139ba0e7f931f09466c0fb27fc8ddb5e77ce9d1e2bdc953a5f22765bf779452f,1773413125,2026-03-13T14:45:25+00:00,0.78,clob_prices_history
17398942423057686582491252867921221591924525918102079345877032638913486446065,0x139ba0e7f931f09466c0fb27fc8ddb5e77ce9d1e2bdc953a5f22765bf779452f,1773414043,2026-03-13T15:00:43+00:00,0.78,clob_prices_history
17398942423057686582491252867921221591924525918102079345877032638913486446065,0x139ba0e7f931f09466c0fb27fc8ddb5e77ce9d1e2bdc953a5f22765bf779452f,1773414927,2026-03-13T15:15:27+00:00,0.78,clob_prices_history
17398942423057686582491252867921221591924525918102079345877032638913486446065,0x139ba0e7f931f09466c0fb27fc8ddb5e77ce9d1e2bdc953a5f22765bf779452f,1773415828,2026-03-13T15:30:28+00:00,0.78,clob_prices_history
17398942423057686582491252867921221591924525918102079345877032638913486446065,0x139ba0e7f931f09466c0fb27fc8ddb5e77ce9d1e2bdc953a5f22765bf779452f,1773416726,2026-03-13T15:45:26+00:00,0.78,clob_prices_history
17398942423057686582491252867921221591924525918102079345877032638913486446065,0x139ba0e7f931f09466c0fb27fc8ddb5e77ce9d1e2bdc953a5f22765bf779452f,1773417641,2026-03-13T16:00:41+00:00,0.78,clob_prices_history
17398942423057686582491252867921221591924525918102079345877032638913486446065,0x139ba0e7f931f09466c0fb27fc8ddb5e77ce9d1e2bdc953a5f22765bf779452f,1773418525,2026-03-13T16:15:25+00:00,0.78,clob_prices_history
17398942423057686582491252867921221591924525918102079345877032638913486446065,0x139ba0e7f931f09466c0fb27fc8ddb5e77ce9d1e2bdc953a5f22765bf779452f,1773419428,2026-03-13T16:30:28+00:00,0.78,clob_prices_history
17398942423057686582491252867921221591924525918102079345877032638913486446065,0x139ba0e7f931f09466c0fb27fc8ddb5e77ce9d1e2bdc953a5f22765bf779452f,1773420326,2026-03-13T16:45:26+00:00,0.78,clob_prices_history
17398942423057686582491252867921221591924525918102079345877032638913486446065,0x139ba0e7f931f09466c0fb27fc8ddb5e77ce9d1e2bdc953a5f22765bf779452f,1773421229,2026-03-13T17:00:29+00:00,0.78,clob_prices_history
17398942423057686582491252867921221591924525918102079345877032638913486446065,0x139ba0e7f931f09466c0fb27fc8ddb5e77ce9d1e2bdc953a5f22765bf779452f,1773422132,2026-03-13T17:15:32+00:00,0.78,clob_prices_history
17398942423057686582491252867921221591924525918102079345877032638913486446065,0x139ba0e7f931f09466c0fb27fc8ddb5e77ce9d1e2bdc953a5f22765bf779452f,1773423030,2026-03-13T17:30:30+00:00,0.78,clob_prices_history
17398942423057686582491252867921221591924525918102079345877032638913486446065,0x139ba0e7f931f09466c0fb27fc8ddb5e77ce9d1e2bdc953a5f22765bf779452f,1773423928,2026-03-13T17:45:28+00:00,0.78,clob_prices_history
17398942423057686582491252867921221591924525918102079345877032638913486446065,0x139ba0e7f931f09466c0fb27fc8ddb5e77ce9d1e2bdc953a5f22765bf779452f,1773424840,2026-03-13T18:00:40+00:00,0.78,clob_prices_history
17398942423057686582491252867921221591924525918102079345877032638913486446065,0x139ba0e7f931f09466c0fb27fc8ddb5e77ce9d1e2bdc953a5f22765bf779452f,1773425727,2026-03-13T18:15:27+00:00,0.78,clob_prices_history
17398942423057686582491252867921221591924525918102079345877032638913486446065,0x139ba0e7f931f09466c0fb27fc8ddb5e77ce9d1e2bdc953a5f22765bf779452f,1773426627,2026-03-13T18:30:27+00:00,0.78,clob_prices_history
17398942423057686582491252867921221591924525918102079345877032638913486446065,0x139ba0e7f931f09466c0fb27fc8ddb5e77ce9d1e2bdc953a5f22765bf779452f,1773427527,2026-03-13T18:45:27+00:00,0.78,clob_prices_history
17398942423057686582491252867921221591924525918102079345877032638913486446065,0x139ba0e7f931f09466c0fb27fc8ddb5e77ce9d1e2bdc953a5f22765bf779452f,1773428436,2026-03-13T19:00:36+00:00,0.78,clob_prices_history
17398942423057686582491252867921221591924525918102079345877032638913486446065,0x139ba0e7f931f09466c0fb27fc8ddb5e77ce9d1e2bdc953a5f22765bf779452f,1773429326,2026-03-13T19:15:26+00:00,0.78,clob_prices_history
17398942423057686582491252867921221591924525918102079345877032638913486446065,0x139ba0e7f931f09466c0fb27fc8ddb5e77ce9d1e2bdc953a5f22765bf779452f,1773430234,2026-03-13T19:30:34+00:00,0.78,clob_prices_history
17398942423057686582491252867921221591924525918102079345877032638913486446065,0x139ba0e7f931f09466c0fb27fc8ddb5e77ce9d1e2bdc953a5f22765bf779452f,1773431127,2026-03-13T19:45:27+00:00,0.78,clob_prices_history
17398942423057686582491252867921221591924525918102079345877032638913486446065,0x139ba0e7f931f09466c0fb27fc8ddb5e77ce9d1e2bdc953a5f22765bf779452f,1773432029,2026-03-13T20:00:29+00:00,0.78,clob_prices_history
17398942423057686582491252867921221591924525918102079345877032638913486446065,0x139ba0e7f931f09466c0fb27fc8ddb5e77ce9d1e2bdc953a5f22765bf779452f,1773432942,2026-03-13T20:15:42+00:00,0.78,clob_prices_history
17398942423057686582491252867921221591924525918102079345877032638913486446065,0x139ba0e7f931f09466c0fb27fc8ddb5e77ce9d1e2bdc953a5f22765bf779452f,1773433829,2026-03-13T20:30:29+00:00,0.78,clob_prices_history
17398942423057686582491252867921221591924525918102079345877032638913486446065,0x139ba0e7f931f09466c0fb27fc8ddb5e77ce9d1e2bdc953a5f22765bf779452f,1773434728,2026-03-13T20:45:28+00:00,0.78,clob_prices_history
17398942423057686582491252867921221591924525918102079345877032638913486446065,0x139ba0e7f931f09466c0fb27fc8ddb5e77ce9d1e2bdc953a5f22765bf779452f,1773435647,2026-03-13T21:00:47+00:00,0.78,clob_prices_history
17398942423057686582491252867921221591924525918102079345877032638913486446065,0x139ba0e7f931f09466c0fb27fc8ddb5e77ce9d1e2bdc953a5f22765bf779452f,1773436527,2026-03-13T21:15:27+00:00,0.78,clob_prices_history
17398942423057686582491252867921221591924525918102079345877032638913486446065,0x139ba0e7f931f09466c0fb27fc8ddb5e77ce9d1e2bdc953a5f22765bf779452f,1773437426,2026-03-13T21:30:26+00:00,0.78,clob_prices_history
17398942423057686582491252867921221591924525918102079345877032638913486446065,0x139ba0e7f931f09466c0fb27fc8ddb5e77ce9d1e2bdc953a5f22765bf779452f,1773438327,2026-03-13T21:45:27+00:00,0.78,clob_prices_history
17398942423057686582491252867921221591924525918102079345877032638913486446065,0x139ba0e7f931f09466c0fb27fc8ddb5e77ce9d1e2bdc953a5f22765bf779452f,1773439233,2026-03-13T22:00:33+00:00,0.78,clob_prices_history
17398942423057686582491252867921221591924525918102079345877032638913486446065,0x139ba0e7f931f09466c0fb27fc8ddb5e77ce9d1e2bdc953a5f22765bf779452f,1773440132,2026-03-13T22:15:32+00:00,0.78,clob_prices_history
17398942423057686582491252867921221591924525918102079345877032638913486446065,0x139ba0e7f931f09466c0fb27fc8ddb5e77ce9d1e2bdc953a5f22765bf779452f,1773441027,2026-03-13T22:30:27+00:00,0.78,clob_prices_history
17398942423057686582491252867921221591924525918102079345877032638913486446065,0x139ba0e7f931f09466c0fb27fc8ddb5e77ce9d1e2bdc953a5f22765bf779452f,1773441926,2026-03-13T22:45:26+00:00,0.78,clob_prices_history
17398942423057686582491252867921221591924525918102079345877032638913486446065,0x139ba0e7f931f09466c0fb27fc8ddb5e77ce9d1e2bdc953a5f22765bf779452f,1773442827,2026-03-13T23:00:27+00:00,0.78,clob_prices_history
17398942423057686582491252867921221591924525918102079345877032638913486446065,0x139ba0e7f931f09466c0fb27fc8ddb5e77ce9d1e2bdc953a5f22765bf779452f,1773443726,2026-03-13T23:15:26+00:00,0.78,clob_prices_history
17398942423057686582491252867921221591924525918102079345877032638913486446065,0x139ba0e7f931f09466c0fb27fc8ddb5e77ce9d1e2bdc953a5f22765bf779452f,1773444630,2026-03-13T23:30:30+00:00,0.78,clob_prices_history
17398942423057686582491252867921221591924525918102079345877032638913486446065,0x139ba0e7f931f09466c0fb27fc8ddb5e77ce9d1e2bdc953a5f22765bf779452f,1773445529,2026-03-13T23:45:29+00:00,0.78,clob_prices_history
17398942423057686582491252867921221591924525918102079345877032638913486446065,0x139ba0e7f931f09466c0fb27fc8ddb5e77ce9d1e2bdc953a5f22765bf779452f,1773446441,2026-03-14T00:00:41+00:00,0.78,clob_prices_history
17398942423057686582491252867921221591924525918102079345877032638913486446065,0x139ba0e7f931f09466c0fb27fc8ddb5e77ce9d1e2bdc953a5f22765bf779452f,1773447326,2026-03-14T00:15:26+00:00,0.78,clob_prices_history
17398942423057686582491252867921221591924525918102079345877032638913486446065,0x139ba0e7f931f09466c0fb27fc8ddb5e77ce9d1e2bdc953a5f22765bf779452f,1773448228,2026-03-14T00:30:28+00:00,0.78,clob_prices_history
17398942423057686582491252867921221591924525918102079345877032638913486446065,0x139ba0e7f931f09466c0fb27fc8ddb5e77ce9d1e2bdc953a5f22765bf779452f,1773449125,2026-03-14T00:45:25+00:00,0.78,clob_prices_history
17398942423057686582491252867921221591924525918102079345877032638913486446065,0x139ba0e7f931f09466c0fb27fc8ddb5e77ce9d1e2bdc953a5f22765bf779452f,1773450028,2026-03-14T01:00:28+00:00,0.78,clob_prices_history
17398942423057686582491252867921221591924525918102079345877032638913486446065,0x139ba0e7f931f09466c0fb27fc8ddb5e77ce9d1e2bdc953a5f22765bf779452f,1773450924,2026-03-14T01:15:24+00:00,0.78,clob_prices_history
17398942423057686582491252867921221591924525918102079345877032638913486446065,0x139ba0e7f931f09466c0fb27fc8ddb5e77ce9d1e2bdc953a5f22765bf779452f,1773451838,2026-03-14T01:30:38+00:00,0.78,clob_prices_history
17398942423057686582491252867921221591924525918102079345877032638913486446065,0x139ba0e7f931f09466c0fb27fc8ddb5e77ce9d1e2bdc953a5f22765bf779452f,1773452726,2026-03-14T01:45:26+00:00,0.78,clob_prices_history
17398942423057686582491252867921221591924525918102079345877032638913486446065,0x139ba0e7f931f09466c0fb27fc8ddb5e77ce9d1e2bdc953a5f22765bf779452f,1773453628,2026-03-14T02:00:28+00:00,0.78,clob_prices_history
17398942423057686582491252867921221591924525918102079345877032638913486446065,0x139ba0e7f931f09466c0fb27fc8ddb5e77ce9d1e2bdc953a5f22765bf779452f,1773454524,2026-03-14T02:15:24+00:00,0.78,clob_prices_history
17398942423057686582491252867921221591924525918102079345877032638913486446065,0x139ba0e7f931f09466c0fb27fc8ddb5e77ce9d1e2bdc953a5f22765bf779452f,1773455431,2026-03-14T02:30:31+00:00,0.78,clob_prices_history
17398942423057686582491252867921221591924525918102079345877032638913486446065,0x139ba0e7f931f09466c0fb27fc8ddb5e77ce9d1e2bdc953a5f22765bf779452f,1773456325,2026-03-14T02:45:25+00:00,0.78,clob_prices_history
17398942423057686582491252867921221591924525918102079345877032638913486446065,0x139ba0e7f931f09466c0fb27fc8ddb5e77ce9d1e2bdc953a5f22765bf779452f,1773457242,2026-03-14T03:00:42+00:00,0.78,clob_prices_history
17398942423057686582491252867921221591924525918102079345877032638913486446065,0x139ba0e7f931f09466c0fb27fc8ddb5e77ce9d1e2bdc953a5f22765bf779452f,1773458125,2026-03-14T03:15:25+00:00,0.78,clob_prices_history
17398942423057686582491252867921221591924525918102079345877032638913486446065,0x139ba0e7f931f09466c0fb27fc8ddb5e77ce9d1e2bdc953a5f22765bf779452f,1773459031,2026-03-14T03:30:31+00:00,0.78,clob_prices_history
17398942423057686582491252867921221591924525918102079345877032638913486446065,0x139ba0e7f931f09466c0fb27fc8ddb5e77ce9d1e2bdc953a5f22765bf779452f,1773459924,2026-03-14T03:45:24+00:00,0.78,clob_prices_history
17398942423057686582491252867921221591924525918102079345877032638913486446065,0x139ba0e7f931f09466c0fb27fc8ddb5e77ce9d1e2bdc953a5f22765bf779452f,1773460827,2026-03-14T04:00:27+00:00,0.78,clob_prices_history
17398942423057686582491252867921221591924525918102079345877032638913486446065,0x139ba0e7f931f09466c0fb27fc8ddb5e77ce9d1e2bdc953a5f22765bf779452f,1773461726,2026-03-14T04:15:26+00:00,0.78,clob_prices_history
17398942423057686582491252867921221591924525918102079345877032638913486446065,0x139ba0e7f931f09466c0fb27fc8ddb5e77ce9d1e2bdc953a5f22765bf779452f,1773462630,2026-03-14T04:30:30+00:00,0.78,clob_prices_history
17398942423057686582491252867921221591924525918102079345877032638913486446065,0x139ba0e7f931f09466c0fb27fc8ddb5e77ce9d1e2bdc953a5f22765bf779452f,1773463527,2026-03-14T04:45:27+00:00,0.78,clob_prices_history
17398942423057686582491252867921221591924525918102079345877032638913486446065,0x139ba0e7f931f09466c0fb27fc8ddb5e77ce9d1e2bdc953a5f22765bf779452f,1773464427,2026-03-14T05:00:27+00:00,0.78,clob_prices_history
17398942423057686582491252867921221591924525918102079345877032638913486446065,0x139ba0e7f931f09466c0fb27fc8ddb5e77ce9d1e2bdc953a5f22765bf779452f,1773465328,2026-03-14T05:15:28+00:00,0.78,clob_prices_history
17398942423057686582491252867921221591924525918102079345877032638913486446065,0x139ba0e7f931f09466c0fb27fc8ddb5e77ce9d1e2bdc953a5f22765bf779452f,1773466229,2026-03-14T05:30:29+00:00,0.78,clob_prices_history
17398942423057686582491252867921221591924525918102079345877032638913486446065,0x139ba0e7f931f09466c0fb27fc8ddb5e77ce9d1e2bdc953a5f22765bf779452f,1773467127,2026-03-14T05:45:27+00:00,0.78,clob_prices_history
17398942423057686582491252867921221591924525918102079345877032638913486446065,0x139ba0e7f931f09466c0fb27fc8ddb5e77ce9d1e2bdc953a5f22765bf779452f,1773468039,2026-03-14T06:00:39+00:00,0.78,clob_prices_history
17398942423057686582491252867921221591924525918102079345877032638913486446065,0x139ba0e7f931f09466c0fb27fc8ddb5e77ce9d1e2bdc953a5f22765bf779452f,1773468930,2026-03-14T06:15:30+00:00,0.78,clob_prices_history
17398942423057686582491252867921221591924525918102079345877032638913486446065,0x139ba0e7f931f09466c0fb27fc8ddb5e77ce9d1e2bdc953a5f22765bf779452f,1773469828,2026-03-14T06:30:28+00:00,0.78,clob_prices_history
17398942423057686582491252867921221591924525918102079345877032638913486446065,0x139ba0e7f931f09466c0fb27fc8ddb5e77ce9d1e2bdc953a5f22765bf779452f,1773470740,2026-03-14T06:45:40+00:00,0.78,clob_prices_history
17398942423057686582491252867921221591924525918102079345877032638913486446065,0x139ba0e7f931f09466c0fb27fc8ddb5e77ce9d1e2bdc953a5f22765bf779452f,1773471627,2026-03-14T07:00:27+00:00,0.78,clob_prices_history
17398942423057686582491252867921221591924525918102079345877032638913486446065,0x139ba0e7f931f09466c0fb27fc8ddb5e77ce9d1e2bdc953a5f22765bf779452f,1773472526,2026-03-14T07:15:26+00:00,0.78,clob_prices_history
17398942423057686582491252867921221591924525918102079345877032638913486446065,0x139ba0e7f931f09466c0fb27fc8ddb5e77ce9d1e2bdc953a5f22765bf779452f,1773473430,2026-03-14T07:30:30+00:00,0.78,clob_prices_history
17398942423057686582491252867921221591924525918102079345877032638913486446065,0x139ba0e7f931f09466c0fb27fc8ddb5e77ce9d1e2bdc953a5f22765bf779452f,1773474328,2026-03-14T07:45:28+00:00,0.78,clob_prices_history
17398942423057686582491252867921221591924525918102079345877032638913486446065,0x139ba0e7f931f09466c0fb27fc8ddb5e77ce9d1e2bdc953a5f22765bf779452f,1773475229,2026-03-14T08:00:29+00:00,0.78,clob_prices_history
17398942423057686582491252867921221591924525918102079345877032638913486446065,0x139ba0e7f931f09466c0fb27fc8ddb5e77ce9d1e2bdc953a5f22765bf779452f,1773476126,2026-03-14T08:15:26+00:00,0.78,clob_prices_history
17398942423057686582491252867921221591924525918102079345877032638913486446065,0x139ba0e7f931f09466c0fb27fc8ddb5e77ce9d1e2bdc953a5f22765bf779452f,1773477026,2026-03-14T08:30:26+00:00,0.78,clob_prices_history
17398942423057686582491252867921221591924525918102079345877032638913486446065,0x139ba0e7f931f09466c0fb27fc8ddb5e77ce9d1e2bdc953a5f22765bf779452f,1773477939,2026-03-14T08:45:39+00:00,0.78,clob_prices_history
17398942423057686582491252867921221591924525918102079345877032638913486446065,0x139ba0e7f931f09466c0fb27fc8ddb5e77ce9d1e2bdc953a5f22765bf779452f,1773478839,2026-03-14T09:00:39+00:00,0.78,clob_prices_history
17398942423057686582491252867921221591924525918102079345877032638913486446065,0x139ba0e7f931f09466c0fb27fc8ddb5e77ce9d1e2bdc953a5f22765bf779452f,1773479726,2026-03-14T09:15:26+00:00,0.78,clob_prices_history
17398942423057686582491252867921221591924525918102079345877032638913486446065,0x139ba0e7f931f09466c0fb27fc8ddb5e77ce9d1e2bdc953a5f22765bf779452f,1773480628,2026-03-14T09:30:28+00:00,0.78,clob_prices_history
17398942423057686582491252867921221591924525918102079345877032638913486446065,0x139ba0e7f931f09466c0fb27fc8ddb5e77ce9d1e2bdc953a5f22765bf779452f,1773481529,2026-03-14T09:45:29+00:00,0.78,clob_prices_history
17398942423057686582491252867921221591924525918102079345877032638913486446065,0x139ba0e7f931f09466c0fb27fc8ddb5e77ce9d1e2bdc953a5f22765bf779452f,1773482427,2026-03-14T10:00:27+00:00,0.78,clob_prices_history
17398942423057686582491252867921221591924525918102079345877032638913486446065,0x139ba0e7f931f09466c0fb27fc8ddb5e77ce9d1e2bdc953a5f22765bf779452f,1773483341,2026-03-14T10:15:41+00:00,0.78,clob_prices_history
17398942423057686582491252867921221591924525918102079345877032638913486446065,0x139ba0e7f931f09466c0fb27fc8ddb5e77ce9d1e2bdc953a5f22765bf779452f,1773484227,2026-03-14T10:30:27+00:00,0.78,clob_prices_history
17398942423057686582491252867921221591924525918102079345877032638913486446065,0x139ba0e7f931f09466c0fb27fc8ddb5e77ce9d1e2bdc953a5f22765bf779452f,1773485127,2026-03-14T10:45:27+00:00,0.78,clob_prices_history
17398942423057686582491252867921221591924525918102079345877032638913486446065,0x139ba0e7f931f09466c0fb27fc8ddb5e77ce9d1e2bdc953a5f22765bf779452f,1773486029,2026-03-14T11:00:29+00:00,0.78,clob_prices_history
17398942423057686582491252867921221591924525918102079345877032638913486446065,0x139ba0e7f931f09466c0fb27fc8ddb5e77ce9d1e2bdc953a5f22765bf779452f,1773486924,2026-03-14T11:15:24+00:00,0.78,clob_prices_history
17398942423057686582491252867921221591924525918102079345877032638913486446065,0x139ba0e7f931f09466c0fb27fc8ddb5e77ce9d1e2bdc953a5f22765bf779452f,1773487839,2026-03-14T11:30:39+00:00,0.78,clob_prices_history
17398942423057686582491252867921221591924525918102079345877032638913486446065,0x139ba0e7f931f09466c0fb27fc8ddb5e77ce9d1e2bdc953a5f22765bf779452f,1773488726,2026-03-14T11:45:26+00:00,0.78,clob_prices_history
17398942423057686582491252867921221591924525918102079345877032638913486446065,0x139ba0e7f931f09466c0fb27fc8ddb5e77ce9d1e2bdc953a5f22765bf779452f,1773489645,2026-03-14T12:00:45+00:00,0.78,clob_prices_history
17398942423057686582491252867921221591924525918102079345877032638913486446065,0x139ba0e7f931f09466c0fb27fc8ddb5e77ce9d1e2bdc953a5f22765bf779452f,1773490526,2026-03-14T12:15:26+00:00,0.78,clob_prices_history
17398942423057686582491252867921221591924525918102079345877032638913486446065,0x139ba0e7f931f09466c0fb27fc8ddb5e77ce9d1e2bdc953a5f22765bf779452f,1773491439,2026-03-14T12:30:39+00:00,0.78,clob_prices_history
17398942423057686582491252867921221591924525918102079345877032638913486446065,0x139ba0e7f931f09466c0fb27fc8ddb5e77ce9d1e2bdc953a5f22765bf779452f,1773492337,2026-03-14T12:45:37+00:00,0.78,clob_prices_history
17398942423057686582491252867921221591924525918102079345877032638913486446065,0x139ba0e7f931f09466c0fb27fc8ddb5e77ce9d1e2bdc953a5f22765bf779452f,1773493241,2026-03-14T13:00:41+00:00,0.78,clob_prices_history
17398942423057686582491252867921221591924525918102079345877032638913486446065,0x139ba0e7f931f09466c0fb27fc8ddb5e77ce9d1e2bdc953a5f22765bf779452f,1773494128,2026-03-14T13:15:28+00:00,0.78,clob_prices_history
17398942423057686582491252867921221591924525918102079345877032638913486446065,0x139ba0e7f931f09466c0fb27fc8ddb5e77ce9d1e2bdc953a5f22765bf779452f,1773495032,2026-03-14T13:30:32+00:00,0.78,clob_prices_history
17398942423057686582491252867921221591924525918102079345877032638913486446065,0x139ba0e7f931f09466c0fb27fc8ddb5e77ce9d1e2bdc953a5f22765bf779452f,1773495933,2026-03-14T13:45:33+00:00,0.78,clob_prices_history
17398942423057686582491252867921221591924525918102079345877032638913486446065,0x139ba0e7f931f09466c0fb27fc8ddb5e77ce9d1e2bdc953a5f22765bf779452f,1773496831,2026-03-14T14:00:31+00:00,0.78,clob_prices_history
17398942423057686582491252867921221591924525918102079345877032638913486446065,0x139ba0e7f931f09466c0fb27fc8ddb5e77ce9d1e2bdc953a5f22765bf779452f,1773497728,2026-03-14T14:15:28+00:00,0.78,clob_prices_history
17398942423057686582491252867921221591924525918102079345877032638913486446065,0x139ba0e7f931f09466c0fb27fc8ddb5e77ce9d1e2bdc953a5f22765bf779452f,1773498628,2026-03-14T14:30:28+00:00,0.78,clob_prices_history
17398942423057686582491252867921221591924525918102079345877032638913486446065,0x139ba0e7f931f09466c0fb27fc8ddb5e77ce9d1e2bdc953a5f22765bf779452f,1773499528,2026-03-14T14:45:28+00:00,0.78,clob_prices_history
17398942423057686582491252867921221591924525918102079345877032638913486446065,0x139ba0e7f931f09466c0fb27fc8ddb5e77ce9d1e2bdc953a5f22765bf779452f,1773500440,2026-03-14T15:00:40+00:00,0.78,clob_prices_history
17398942423057686582491252867921221591924525918102079345877032638913486446065,0x139ba0e7f931f09466c0fb27fc8ddb5e77ce9d1e2bdc953a5f22765bf779452f,1773501326,2026-03-14T15:15:26+00:00,0.78,clob_prices_history
17398942423057686582491252867921221591924525918102079345877032638913486446065,0x139ba0e7f931f09466c0fb27fc8ddb5e77ce9d1e2bdc953a5f22765bf779452f,1773502234,2026-03-14T15:30:34+00:00,0.78,clob_prices_history
17398942423057686582491252867921221591924525918102079345877032638913486446065,0x139ba0e7f931f09466c0fb27fc8ddb5e77ce9d1e2bdc953a5f22765bf779452f,1773503125,2026-03-14T15:45:25+00:00,0.775,clob_prices_history
17398942423057686582491252867921221591924525918102079345877032638913486446065,0x139ba0e7f931f09466c0fb27fc8ddb5e77ce9d1e2bdc953a5f22765bf779452f,1773504031,2026-03-14T16:00:31+00:00,0.775,clob_prices_history
17398942423057686582491252867921221591924525918102079345877032638913486446065,0x139ba0e7f931f09466c0fb27fc8ddb5e77ce9d1e2bdc953a5f22765bf779452f,1773504925,2026-03-14T16:15:25+00:00,0.775,clob_prices_history
17398942423057686582491252867921221591924525918102079345877032638913486446065,0x139ba0e7f931f09466c0fb27fc8ddb5e77ce9d1e2bdc953a5f22765bf779452f,1773505829,2026-03-14T16:30:29+00:00,0.775,clob_prices_history
17398942423057686582491252867921221591924525918102079345877032638913486446065,0x139ba0e7f931f09466c0fb27fc8ddb5e77ce9d1e2bdc953a5f22765bf779452f,1773506729,2026-03-14T16:45:29+00:00,0.775,clob_prices_history
17398942423057686582491252867921221591924525918102079345877032638913486446065,0x139ba0e7f931f09466c0fb27fc8ddb5e77ce9d1e2bdc953a5f22765bf779452f,1773507649,2026-03-14T17:00:49+00:00,0.775,clob_prices_history
17398942423057686582491252867921221591924525918102079345877032638913486446065,0x139ba0e7f931f09466c0fb27fc8ddb5e77ce9d1e2bdc953a5f22765bf779452f,1773508527,2026-03-14T17:15:27+00:00,0.775,clob_prices_history
17398942423057686582491252867921221591924525918102079345877032638913486446065,0x139ba0e7f931f09466c0fb27fc8ddb5e77ce9d1e2bdc953a5f22765bf779452f,1773509429,2026-03-14T17:30:29+00:00,0.775,clob_prices_history
17398942423057686582491252867921221591924525918102079345877032638913486446065,0x139ba0e7f931f09466c0fb27fc8ddb5e77ce9d1e2bdc953a5f22765bf779452f,1773510325,2026-03-14T17:45:25+00:00,0.775,clob_prices_history
17398942423057686582491252867921221591924525918102079345877032638913486446065,0x139ba0e7f931f09466c0fb27fc8ddb5e77ce9d1e2bdc953a5f22765bf779452f,1773511238,2026-03-14T18:00:38+00:00,0.775,clob_prices_history
17398942423057686582491252867921221591924525918102079345877032638913486446065,0x139ba0e7f931f09466c0fb27fc8ddb5e77ce9d1e2bdc953a5f22765bf779452f,1773512127,2026-03-14T18:15:27+00:00,0.775,clob_prices_history
17398942423057686582491252867921221591924525918102079345877032638913486446065,0x139ba0e7f931f09466c0fb27fc8ddb5e77ce9d1e2bdc953a5f22765bf779452f,1773513029,2026-03-14T18:30:29+00:00,0.775,clob_prices_history
17398942423057686582491252867921221591924525918102079345877032638913486446065,0x139ba0e7f931f09466c0fb27fc8ddb5e77ce9d1e2bdc953a5f22765bf779452f,1773513924,2026-03-14T18:45:24+00:00,0.775,clob_prices_history
17398942423057686582491252867921221591924525918102079345877032638913486446065,0x139ba0e7f931f09466c0fb27fc8ddb5e77ce9d1e2bdc953a5f22765bf779452f,1773514830,2026-03-14T19:00:30+00:00,0.775,clob_prices_history
17398942423057686582491252867921221591924525918102079345877032638913486446065,0x139ba0e7f931f09466c0fb27fc8ddb5e77ce9d1e2bdc953a5f22765bf779452f,1773515738,2026-03-14T19:15:38+00:00,0.775,clob_prices_history
17398942423057686582491252867921221591924525918102079345877032638913486446065,0x139ba0e7f931f09466c0fb27fc8ddb5e77ce9d1e2bdc953a5f22765bf779452f,1773516626,2026-03-14T19:30:26+00:00,0.775,clob_prices_history
17398942423057686582491252867921221591924525918102079345877032638913486446065,0x139ba0e7f931f09466c0fb27fc8ddb5e77ce9d1e2bdc953a5f22765bf779452f,1773517526,2026-03-14T19:45:26+00:00,0.775,clob_prices_history
17398942423057686582491252867921221591924525918102079345877032638913486446065,0x139ba0e7f931f09466c0fb27fc8ddb5e77ce9d1e2bdc953a5f22765bf779452f,1773518427,2026-03-14T20:00:27+00:00,0.775,clob_prices_history
17398942423057686582491252867921221591924525918102079345877032638913486446065,0x139ba0e7f931f09466c0fb27fc8ddb5e77ce9d1e2bdc953a5f22765bf779452f,1773519325,2026-03-14T20:15:25+00:00,0.775,clob_prices_history
17398942423057686582491252867921221591924525918102079345877032638913486446065,0x139ba0e7f931f09466c0fb27fc8ddb5e77ce9d1e2bdc953a5f22765bf779452f,1773520239,2026-03-14T20:30:39+00:00,0.775,clob_prices_history
17398942423057686582491252867921221591924525918102079345877032638913486446065,0x139ba0e7f931f09466c0fb27fc8ddb5e77ce9d1e2bdc953a5f22765bf779452f,1773521125,2026-03-14T20:45:25+00:00,0.775,clob_prices_history
17398942423057686582491252867921221591924525918102079345877032638913486446065,0x139ba0e7f931f09466c0fb27fc8ddb5e77ce9d1e2bdc953a5f22765bf779452f,1773522040,2026-03-14T21:00:40+00:00,0.775,clob_prices_history
17398942423057686582491252867921221591924525918102079345877032638913486446065,0x139ba0e7f931f09466c0fb27fc8ddb5e77ce9d1e2bdc953a5f22765bf779452f,1773522931,2026-03-14T21:15:31+00:00,0.775,clob_prices_history
17398942423057686582491252867921221591924525918102079345877032638913486446065,0x139ba0e7f931f09466c0fb27fc8ddb5e77ce9d1e2bdc953a5f22765bf779452f,1773523825,2026-03-14T21:30:25+00:00,0.775,clob_prices_history
17398942423057686582491252867921221591924525918102079345877032638913486446065,0x139ba0e7f931f09466c0fb27fc8ddb5e77ce9d1e2bdc953a5f22765bf779452f,1773524741,2026-03-14T21:45:41+00:00,0.775,clob_prices_history
17398942423057686582491252867921221591924525918102079345877032638913486446065,0x139ba0e7f931f09466c0fb27fc8ddb5e77ce9d1e2bdc953a5f22765bf779452f,1773525633,2026-03-14T22:00:33+00:00,0.775,clob_prices_history
17398942423057686582491252867921221591924525918102079345877032638913486446065,0x139ba0e7f931f09466c0fb27fc8ddb5e77ce9d1e2bdc953a5f22765bf779452f,1773526538,2026-03-14T22:15:38+00:00,0.775,clob_prices_history
17398942423057686582491252867921221591924525918102079345877032638913486446065,0x139ba0e7f931f09466c0fb27fc8ddb5e77ce9d1e2bdc953a5f22765bf779452f,1773527428,2026-03-14T22:30:28+00:00,0.775,clob_prices_history
17398942423057686582491252867921221591924525918102079345877032638913486446065,0x139ba0e7f931f09466c0fb27fc8ddb5e77ce9d1e2bdc953a5f22765bf779452f,1773528337,2026-03-14T22:45:37+00:00,0.775,clob_prices_history
17398942423057686582491252867921221591924525918102079345877032638913486446065,0x139ba0e7f931f09466c0fb27fc8ddb5e77ce9d1e2bdc953a5f22765bf779452f,1773529227,2026-03-14T23:00:27+00:00,0.775,clob_prices_history
17398942423057686582491252867921221591924525918102079345877032638913486446065,0x139ba0e7f931f09466c0fb27fc8ddb5e77ce9d1e2bdc953a5f22765bf779452f,1773530127,2026-03-14T23:15:27+00:00,0.775,clob_prices_history
17398942423057686582491252867921221591924525918102079345877032638913486446065,0x139ba0e7f931f09466c0fb27fc8ddb5e77ce9d1e2bdc953a5f22765bf779452f,1773531030,2026-03-14T23:30:30+00:00,0.775,clob_prices_history
17398942423057686582491252867921221591924525918102079345877032638913486446065,0x139ba0e7f931f09466c0fb27fc8ddb5e77ce9d1e2bdc953a5f22765bf779452f,1773531926,2026-03-14T23:45:26+00:00,0.775,clob_prices_history
17398942423057686582491252867921221591924525918102079345877032638913486446065,0x139ba0e7f931f09466c0fb27fc8ddb5e77ce9d1e2bdc953a5f22765bf779452f,1773532843,2026-03-15T00:00:43+00:00,0.775,clob_prices_history
17398942423057686582491252867921221591924525918102079345877032638913486446065,0x139ba0e7f931f09466c0fb27fc8ddb5e77ce9d1e2bdc953a5f22765bf779452f,1773533728,2026-03-15T00:15:28+00:00,0.775,clob_prices_history
17398942423057686582491252867921221591924525918102079345877032638913486446065,0x139ba0e7f931f09466c0fb27fc8ddb5e77ce9d1e2bdc953a5f22765bf779452f,1773534629,2026-03-15T00:30:29+00:00,0.775,clob_prices_history
17398942423057686582491252867921221591924525918102079345877032638913486446065,0x139ba0e7f931f09466c0fb27fc8ddb5e77ce9d1e2bdc953a5f22765bf779452f,1773535528,2026-03-15T00:45:28+00:00,0.775,clob_prices_history
17398942423057686582491252867921221591924525918102079345877032638913486446065,0x139ba0e7f931f09466c0fb27fc8ddb5e77ce9d1e2bdc953a5f22765bf779452f,1773536427,2026-03-15T01:00:27+00:00,0.775,clob_prices_history
17398942423057686582491252867921221591924525918102079345877032638913486446065,0x139ba0e7f931f09466c0fb27fc8ddb5e77ce9d1e2bdc953a5f22765bf779452f,1773537329,2026-03-15T01:15:29+00:00,0.775,clob_prices_history
17398942423057686582491252867921221591924525918102079345877032638913486446065,0x139ba0e7f931f09466c0fb27fc8ddb5e77ce9d1e2bdc953a5f22765bf779452f,1773538228,2026-03-15T01:30:28+00:00,0.775,clob_prices_history
17398942423057686582491252867921221591924525918102079345877032638913486446065,0x139ba0e7f931f09466c0fb27fc8ddb5e77ce9d1e2bdc953a5f22765bf779452f,1773539127,2026-03-15T01:45:27+00:00,0.775,clob_prices_history
17398942423057686582491252867921221591924525918102079345877032638913486446065,0x139ba0e7f931f09466c0fb27fc8ddb5e77ce9d1e2bdc953a5f22765bf779452f,1773540029,2026-03-15T02:00:29+00:00,0.775,clob_prices_history
17398942423057686582491252867921221591924525918102079345877032638913486446065,0x139ba0e7f931f09466c0fb27fc8ddb5e77ce9d1e2bdc953a5f22765bf779452f,1773540926,2026-03-15T02:15:26+00:00,0.775,clob_prices_history
17398942423057686582491252867921221591924525918102079345877032638913486446065,0x139ba0e7f931f09466c0fb27fc8ddb5e77ce9d1e2bdc953a5f22765bf779452f,1773541826,2026-03-15T02:30:26+00:00,0.775,clob_prices_history
17398942423057686582491252867921221591924525918102079345877032638913486446065,0x139ba0e7f931f09466c0fb27fc8ddb5e77ce9d1e2bdc953a5f22765bf779452f,1773542724,2026-03-15T02:45:24+00:00,0.775,clob_prices_history
17398942423057686582491252867921221591924525918102079345877032638913486446065,0x139ba0e7f931f09466c0fb27fc8ddb5e77ce9d1e2bdc953a5f22765bf779452f,1773543641,2026-03-15T03:00:41+00:00,0.775,clob_prices_history
17398942423057686582491252867921221591924525918102079345877032638913486446065,0x139ba0e7f931f09466c0fb27fc8ddb5e77ce9d1e2bdc953a5f22765bf779452f,1773544527,2026-03-15T03:15:27+00:00,0.775,clob_prices_history
17398942423057686582491252867921221591924525918102079345877032638913486446065,0x139ba0e7f931f09466c0fb27fc8ddb5e77ce9d1e2bdc953a5f22765bf779452f,1773545427,2026-03-15T03:30:27+00:00,0.775,clob_prices_history
17398942423057686582491252867921221591924525918102079345877032638913486446065,0x139ba0e7f931f09466c0fb27fc8ddb5e77ce9d1e2bdc953a5f22765bf779452f,1773546326,2026-03-15T03:45:26+00:00,0.775,clob_prices_history
17398942423057686582491252867921221591924525918102079345877032638913486446065,0x139ba0e7f931f09466c0fb27fc8ddb5e77ce9d1e2bdc953a5f22765bf779452f,1773547228,2026-03-15T04:00:28+00:00,0.775,clob_prices_history
17398942423057686582491252867921221591924525918102079345877032638913486446065,0x139ba0e7f931f09466c0fb27fc8ddb5e77ce9d1e2bdc953a5f22765bf779452f,1773548125,2026-03-15T04:15:25+00:00,0.775,clob_prices_history
17398942423057686582491252867921221591924525918102079345877032638913486446065,0x139ba0e7f931f09466c0fb27fc8ddb5e77ce9d1e2bdc953a5f22765bf779452f,1773549029,2026-03-15T04:30:29+00:00,0.775,clob_prices_history
17398942423057686582491252867921221591924525918102079345877032638913486446065,0x139ba0e7f931f09466c0fb27fc8ddb5e77ce9d1e2bdc953a5f22765bf779452f,1773549927,2026-03-15T04:45:27+00:00,0.775,clob_prices_history
17398942423057686582491252867921221591924525918102079345877032638913486446065,0x139ba0e7f931f09466c0fb27fc8ddb5e77ce9d1e2bdc953a5f22765bf779452f,1773550827,2026-03-15T05:00:27+00:00,0.775,clob_prices_history
17398942423057686582491252867921221591924525918102079345877032638913486446065,0x139ba0e7f931f09466c0fb27fc8ddb5e77ce9d1e2bdc953a5f22765bf779452f,1773551724,2026-03-15T05:15:24+00:00,0.775,clob_prices_history
17398942423057686582491252867921221591924525918102079345877032638913486446065,0x139ba0e7f931f09466c0fb27fc8ddb5e77ce9d1e2bdc953a5f22765bf779452f,1773552630,2026-03-15T05:30:30+00:00,0.775,clob_prices_history
17398942423057686582491252867921221591924525918102079345877032638913486446065,0x139ba0e7f931f09466c0fb27fc8ddb5e77ce9d1e2bdc953a5f22765bf779452f,1773553525,2026-03-15T05:45:25+00:00,0.775,clob_prices_history
17398942423057686582491252867921221591924525918102079345877032638913486446065,0x139ba0e7f931f09466c0fb27fc8ddb5e77ce9d1e2bdc953a5f22765bf779452f,1773554437,2026-03-15T06:00:37+00:00,0.775,clob_prices_history
17398942423057686582491252867921221591924525918102079345877032638913486446065,0x139ba0e7f931f09466c0fb27fc8ddb5e77ce9d1e2bdc953a5f22765bf779452f,1773555324,2026-03-15T06:15:24+00:00,0.775,clob_prices_history
17398942423057686582491252867921221591924525918102079345877032638913486446065,0x139ba0e7f931f09466c0fb27fc8ddb5e77ce9d1e2bdc953a5f22765bf779452f,1773556237,2026-03-15T06:30:37+00:00,0.775,clob_prices_history
17398942423057686582491252867921221591924525918102079345877032638913486446065,0x139ba0e7f931f09466c0fb27fc8ddb5e77ce9d1e2bdc953a5f22765bf779452f,1773557125,2026-03-15T06:45:25+00:00,0.775,clob_prices_history
17398942423057686582491252867921221591924525918102079345877032638913486446065,0x139ba0e7f931f09466c0fb27fc8ddb5e77ce9d1e2bdc953a5f22765bf779452f,1773558027,2026-03-15T07:00:27+00:00,0.775,clob_prices_history
17398942423057686582491252867921221591924525918102079345877032638913486446065,0x139ba0e7f931f09466c0fb27fc8ddb5e77ce9d1e2bdc953a5f22765bf779452f,1773558925,2026-03-15T07:15:25+00:00,0.775,clob_prices_history
17398942423057686582491252867921221591924525918102079345877032638913486446065,0x139ba0e7f931f09466c0fb27fc8ddb5e77ce9d1e2bdc953a5f22765bf779452f,1773559828,2026-03-15T07:30:28+00:00,0.775,clob_prices_history
17398942423057686582491252867921221591924525918102079345877032638913486446065,0x139ba0e7f931f09466c0fb27fc8ddb5e77ce9d1e2bdc953a5f22765bf779452f,1773560724,2026-03-15T07:45:24+00:00,0.775,clob_prices_history
17398942423057686582491252867921221591924525918102079345877032638913486446065,0x139ba0e7f931f09466c0fb27fc8ddb5e77ce9d1e2bdc953a5f22765bf779452f,1773561630,2026-03-15T08:00:30+00:00,0.775,clob_prices_history
17398942423057686582491252867921221591924525918102079345877032638913486446065,0x139ba0e7f931f09466c0fb27fc8ddb5e77ce9d1e2bdc953a5f22765bf779452f,1773562524,2026-03-15T08:15:24+00:00,0.775,clob_prices_history
17398942423057686582491252867921221591924525918102079345877032638913486446065,0x139ba0e7f931f09466c0fb27fc8ddb5e77ce9d1e2bdc953a5f22765bf779452f,1773563427,2026-03-15T08:30:27+00:00,0.775,clob_prices_history
17398942423057686582491252867921221591924525918102079345877032638913486446065,0x139ba0e7f931f09466c0fb27fc8ddb5e77ce9d1e2bdc953a5f22765bf779452f,1773564323,2026-03-15T08:45:23+00:00,0.775,clob_prices_history
17398942423057686582491252867921221591924525918102079345877032638913486446065,0x139ba0e7f931f09466c0fb27fc8ddb5e77ce9d1e2bdc953a5f22765bf779452f,1773565239,2026-03-15T09:00:39+00:00,0.775,clob_prices_history
17398942423057686582491252867921221591924525918102079345877032638913486446065,0x139ba0e7f931f09466c0fb27fc8ddb5e77ce9d1e2bdc953a5f22765bf779452f,1773566125,2026-03-15T09:15:25+00:00,0.775,clob_prices_history
17398942423057686582491252867921221591924525918102079345877032638913486446065,0x139ba0e7f931f09466c0fb27fc8ddb5e77ce9d1e2bdc953a5f22765bf779452f,1773567026,2026-03-15T09:30:26+00:00,0.775,clob_prices_history
17398942423057686582491252867921221591924525918102079345877032638913486446065,0x139ba0e7f931f09466c0fb27fc8ddb5e77ce9d1e2bdc953a5f22765bf779452f,1773567922,2026-03-15T09:45:22+00:00,0.775,clob_prices_history
17398942423057686582491252867921221591924525918102079345877032638913486446065,0x139ba0e7f931f09466c0fb27fc8ddb5e77ce9d1e2bdc953a5f22765bf779452f,1773568837,2026-03-15T10:00:37+00:00,0.775,clob_prices_history
17398942423057686582491252867921221591924525918102079345877032638913486446065,0x139ba0e7f931f09466c0fb27fc8ddb5e77ce9d1e2bdc953a5f22765bf779452f,1773569725,2026-03-15T10:15:25+00:00,0.775,clob_prices_history
17398942423057686582491252867921221591924525918102079345877032638913486446065,0x139ba0e7f931f09466c0fb27fc8ddb5e77ce9d1e2bdc953a5f22765bf779452f,1773570628,2026-03-15T10:30:28+00:00,0.775,clob_prices_history
17398942423057686582491252867921221591924525918102079345877032638913486446065,0x139ba0e7f931f09466c0fb27fc8ddb5e77ce9d1e2bdc953a5f22765bf779452f,1773571529,2026-03-15T10:45:29+00:00,0.775,clob_prices_history
17398942423057686582491252867921221591924525918102079345877032638913486446065,0x139ba0e7f931f09466c0fb27fc8ddb5e77ce9d1e2bdc953a5f22765bf779452f,1773572427,2026-03-15T11:00:27+00:00,0.775,clob_prices_history
17398942423057686582491252867921221591924525918102079345877032638913486446065,0x139ba0e7f931f09466c0fb27fc8ddb5e77ce9d1e2bdc953a5f22765bf779452f,1773573325,2026-03-15T11:15:25+00:00,0.775,clob_prices_history
17398942423057686582491252867921221591924525918102079345877032638913486446065,0x139ba0e7f931f09466c0fb27fc8ddb5e77ce9d1e2bdc953a5f22765bf779452f,1773574227,2026-03-15T11:30:27+00:00,0.775,clob_prices_history
17398942423057686582491252867921221591924525918102079345877032638913486446065,0x139ba0e7f931f09466c0fb27fc8ddb5e77ce9d1e2bdc953a5f22765bf779452f,1773575124,2026-03-15T11:45:24+00:00,0.775,clob_prices_history
17398942423057686582491252867921221591924525918102079345877032638913486446065,0x139ba0e7f931f09466c0fb27fc8ddb5e77ce9d1e2bdc953a5f22765bf779452f,1773576040,2026-03-15T12:00:40+00:00,0.775,clob_prices_history
17398942423057686582491252867921221591924525918102079345877032638913486446065,0x139ba0e7f931f09466c0fb27fc8ddb5e77ce9d1e2bdc953a5f22765bf779452f,1773576924,2026-03-15T12:15:24+00:00,0.775,clob_prices_history
17398942423057686582491252867921221591924525918102079345877032638913486446065,0x139ba0e7f931f09466c0fb27fc8ddb5e77ce9d1e2bdc953a5f22765bf779452f,1773577843,2026-03-15T12:30:43+00:00,0.775,clob_prices_history
17398942423057686582491252867921221591924525918102079345877032638913486446065,0x139ba0e7f931f09466c0fb27fc8ddb5e77ce9d1e2bdc953a5f22765bf779452f,1773578743,2026-03-15T12:45:43+00:00,0.775,clob_prices_history
17398942423057686582491252867921221591924525918102079345877032638913486446065,0x139ba0e7f931f09466c0fb27fc8ddb5e77ce9d1e2bdc953a5f22765bf779452f,1773579628,2026-03-15T13:00:28+00:00,0.775,clob_prices_history
17398942423057686582491252867921221591924525918102079345877032638913486446065,0x139ba0e7f931f09466c0fb27fc8ddb5e77ce9d1e2bdc953a5f22765bf779452f,1773580528,2026-03-15T13:15:28+00:00,0.77,clob_prices_history
17398942423057686582491252867921221591924525918102079345877032638913486446065,0x139ba0e7f931f09466c0fb27fc8ddb5e77ce9d1e2bdc953a5f22765bf779452f,1773581428,2026-03-15T13:30:28+00:00,0.775,clob_prices_history
17398942423057686582491252867921221591924525918102079345877032638913486446065,0x139ba0e7f931f09466c0fb27fc8ddb5e77ce9d1e2bdc953a5f22765bf779452f,1773582326,2026-03-15T13:45:26+00:00,0.775,clob_prices_history
17398942423057686582491252867921221591924525918102079345877032638913486446065,0x139ba0e7f931f09466c0fb27fc8ddb5e77ce9d1e2bdc953a5f22765bf779452f,1773583233,2026-03-15T14:00:33+00:00,0.775,clob_prices_history
17398942423057686582491252867921221591924525918102079345877032638913486446065,0x139ba0e7f931f09466c0fb27fc8ddb5e77ce9d1e2bdc953a5f22765bf779452f,1773584126,2026-03-15T14:15:26+00:00,0.775,clob_prices_history
17398942423057686582491252867921221591924525918102079345877032638913486446065,0x139ba0e7f931f09466c0fb27fc8ddb5e77ce9d1e2bdc953a5f22765bf779452f,1773585029,2026-03-15T14:30:29+00:00,0.775,clob_prices_history
17398942423057686582491252867921221591924525918102079345877032638913486446065,0x139ba0e7f931f09466c0fb27fc8ddb5e77ce9d1e2bdc953a5f22765bf779452f,1773585923,2026-03-15T14:45:23+00:00,0.78,clob_prices_history
17398942423057686582491252867921221591924525918102079345877032638913486446065,0x139ba0e7f931f09466c0fb27fc8ddb5e77ce9d1e2bdc953a5f22765bf779452f,1773586844,2026-03-15T15:00:44+00:00,0.78,clob_prices_history
17398942423057686582491252867921221591924525918102079345877032638913486446065,0x139ba0e7f931f09466c0fb27fc8ddb5e77ce9d1e2bdc953a5f22765bf779452f,1773587727,2026-03-15T15:15:27+00:00,0.78,clob_prices_history
17398942423057686582491252867921221591924525918102079345877032638913486446065,0x139ba0e7f931f09466c0fb27fc8ddb5e77ce9d1e2bdc953a5f22765bf779452f,1773588627,2026-03-15T15:30:27+00:00,0.78,clob_prices_history
17398942423057686582491252867921221591924525918102079345877032638913486446065,0x139ba0e7f931f09466c0fb27fc8ddb5e77ce9d1e2bdc953a5f22765bf779452f,1773589526,2026-03-15T15:45:26+00:00,0.78,clob_prices_history
17398942423057686582491252867921221591924525918102079345877032638913486446065,0x139ba0e7f931f09466c0fb27fc8ddb5e77ce9d1e2bdc953a5f22765bf779452f,1773590429,2026-03-15T16:00:29+00:00,0.78,clob_prices_history
17398942423057686582491252867921221591924525918102079345877032638913486446065,0x139ba0e7f931f09466c0fb27fc8ddb5e77ce9d1e2bdc953a5f22765bf779452f,1773591326,2026-03-15T16:15:26+00:00,0.78,clob_prices_history
17398942423057686582491252867921221591924525918102079345877032638913486446065,0x139ba0e7f931f09466c0fb27fc8ddb5e77ce9d1e2bdc953a5f22765bf779452f,1773592229,2026-03-15T16:30:29+00:00,0.78,clob_prices_history
17398942423057686582491252867921221591924525918102079345877032638913486446065,0x139ba0e7f931f09466c0fb27fc8ddb5e77ce9d1e2bdc953a5f22765bf779452f,1773593126,2026-03-15T16:45:26+00:00,0.78,clob_prices_history
17398942423057686582491252867921221591924525918102079345877032638913486446065,0x139ba0e7f931f09466c0fb27fc8ddb5e77ce9d1e2bdc953a5f22765bf779452f,1773594042,2026-03-15T17:00:42+00:00,0.78,clob_prices_history
17398942423057686582491252867921221591924525918102079345877032638913486446065,0x139ba0e7f931f09466c0fb27fc8ddb5e77ce9d1e2bdc953a5f22765bf779452f,1773594928,2026-03-15T17:15:28+00:00,0.78,clob_prices_history
17398942423057686582491252867921221591924525918102079345877032638913486446065,0x139ba0e7f931f09466c0fb27fc8ddb5e77ce9d1e2bdc953a5f22765bf779452f,1773595830,2026-03-15T17:30:30+00:00,0.78,clob_prices_history
17398942423057686582491252867921221591924525918102079345877032638913486446065,0x139ba0e7f931f09466c0fb27fc8ddb5e77ce9d1e2bdc953a5f22765bf779452f,1773596725,2026-03-15T17:45:25+00:00,0.78,clob_prices_history
17398942423057686582491252867921221591924525918102079345877032638913486446065,0x139ba0e7f931f09466c0fb27fc8ddb5e77ce9d1e2bdc953a5f22765bf779452f,1773597641,2026-03-15T18:00:41+00:00,0.78,clob_prices_history
17398942423057686582491252867921221591924525918102079345877032638913486446065,0x139ba0e7f931f09466c0fb27fc8ddb5e77ce9d1e2bdc953a5f22765bf779452f,1773598524,2026-03-15T18:15:24+00:00,0.78,clob_prices_history
17398942423057686582491252867921221591924525918102079345877032638913486446065,0x139ba0e7f931f09466c0fb27fc8ddb5e77ce9d1e2bdc953a5f22765bf779452f,1773599429,2026-03-15T18:30:29+00:00,0.78,clob_prices_history
17398942423057686582491252867921221591924525918102079345877032638913486446065,0x139ba0e7f931f09466c0fb27fc8ddb5e77ce9d1e2bdc953a5f22765bf779452f,1773600327,2026-03-15T18:45:27+00:00,0.78,clob_prices_history
17398942423057686582491252867921221591924525918102079345877032638913486446065,0x139ba0e7f931f09466c0fb27fc8ddb5e77ce9d1e2bdc953a5f22765bf779452f,1773601232,2026-03-15T19:00:32+00:00,0.78,clob_prices_history
17398942423057686582491252867921221591924525918102079345877032638913486446065,0x139ba0e7f931f09466c0fb27fc8ddb5e77ce9d1e2bdc953a5f22765bf779452f,1773602126,2026-03-15T19:15:26+00:00,0.78,clob_prices_history
17398942423057686582491252867921221591924525918102079345877032638913486446065,0x139ba0e7f931f09466c0fb27fc8ddb5e77ce9d1e2bdc953a5f22765bf779452f,1773603028,2026-03-15T19:30:28+00:00,0.78,clob_prices_history
17398942423057686582491252867921221591924525918102079345877032638913486446065,0x139ba0e7f931f09466c0fb27fc8ddb5e77ce9d1e2bdc953a5f22765bf779452f,1773603926,2026-03-15T19:45:26+00:00,0.78,clob_prices_history
17398942423057686582491252867921221591924525918102079345877032638913486446065,0x139ba0e7f931f09466c0fb27fc8ddb5e77ce9d1e2bdc953a5f22765bf779452f,1773604833,2026-03-15T20:00:33+00:00,0.78,clob_prices_history
17398942423057686582491252867921221591924525918102079345877032638913486446065,0x139ba0e7f931f09466c0fb27fc8ddb5e77ce9d1e2bdc953a5f22765bf779452f,1773605724,2026-03-15T20:15:24+00:00,0.78,clob_prices_history
17398942423057686582491252867921221591924525918102079345877032638913486446065,0x139ba0e7f931f09466c0fb27fc8ddb5e77ce9d1e2bdc953a5f22765bf779452f,1773606630,2026-03-15T20:30:30+00:00,0.78,clob_prices_history
17398942423057686582491252867921221591924525918102079345877032638913486446065,0x139ba0e7f931f09466c0fb27fc8ddb5e77ce9d1e2bdc953a5f22765bf779452f,1773607525,2026-03-15T20:45:25+00:00,0.78,clob_prices_history
17398942423057686582491252867921221591924525918102079345877032638913486446065,0x139ba0e7f931f09466c0fb27fc8ddb5e77ce9d1e2bdc953a5f22765bf779452f,1773608439,2026-03-15T21:00:39+00:00,0.78,clob_prices_history
17398942423057686582491252867921221591924525918102079345877032638913486446065,0x139ba0e7f931f09466c0fb27fc8ddb5e77ce9d1e2bdc953a5f22765bf779452f,1773609327,2026-03-15T21:15:27+00:00,0.78,clob_prices_history
17398942423057686582491252867921221591924525918102079345877032638913486446065,0x139ba0e7f931f09466c0fb27fc8ddb5e77ce9d1e2bdc953a5f22765bf779452f,1773610228,2026-03-15T21:30:28+00:00,0.78,clob_prices_history
17398942423057686582491252867921221591924525918102079345877032638913486446065,0x139ba0e7f931f09466c0fb27fc8ddb5e77ce9d1e2bdc953a5f22765bf779452f,1773611125,2026-03-15T21:45:25+00:00,0.78,clob_prices_history
17398942423057686582491252867921221591924525918102079345877032638913486446065,0x139ba0e7f931f09466c0fb27fc8ddb5e77ce9d1e2bdc953a5f22765bf779452f,1773612034,2026-03-15T22:00:34+00:00,0.785,clob_prices_history
17398942423057686582491252867921221591924525918102079345877032638913486446065,0x139ba0e7f931f09466c0fb27fc8ddb5e77ce9d1e2bdc953a5f22765bf779452f,1773612927,2026-03-15T22:15:27+00:00,0.795,clob_prices_history
17398942423057686582491252867921221591924525918102079345877032638913486446065,0x139ba0e7f931f09466c0fb27fc8ddb5e77ce9d1e2bdc953a5f22765bf779452f,1773613831,2026-03-15T22:30:31+00:00,0.795,clob_prices_history
17398942423057686582491252867921221591924525918102079345877032638913486446065,0x139ba0e7f931f09466c0fb27fc8ddb5e77ce9d1e2bdc953a5f22765bf779452f,1773614724,2026-03-15T22:45:24+00:00,0.795,clob_prices_history
17398942423057686582491252867921221591924525918102079345877032638913486446065,0x139ba0e7f931f09466c0fb27fc8ddb5e77ce9d1e2bdc953a5f22765bf779452f,1773615631,2026-03-15T23:00:31+00:00,0.795,clob_prices_history
17398942423057686582491252867921221591924525918102079345877032638913486446065,0x139ba0e7f931f09466c0fb27fc8ddb5e77ce9d1e2bdc953a5f22765bf779452f,1773616526,2026-03-15T23:15:26+00:00,0.795,clob_prices_history
17398942423057686582491252867921221591924525918102079345877032638913486446065,0x139ba0e7f931f09466c0fb27fc8ddb5e77ce9d1e2bdc953a5f22765bf779452f,1773617429,2026-03-15T23:30:29+00:00,0.795,clob_prices_history
17398942423057686582491252867921221591924525918102079345877032638913486446065,0x139ba0e7f931f09466c0fb27fc8ddb5e77ce9d1e2bdc953a5f22765bf779452f,1773618326,2026-03-15T23:45:26+00:00,0.795,clob_prices_history
17398942423057686582491252867921221591924525918102079345877032638913486446065,0x139ba0e7f931f09466c0fb27fc8ddb5e77ce9d1e2bdc953a5f22765bf779452f,1773619254,2026-03-16T00:00:54+00:00,0.795,clob_prices_history
17398942423057686582491252867921221591924525918102079345877032638913486446065,0x139ba0e7f931f09466c0fb27fc8ddb5e77ce9d1e2bdc953a5f22765bf779452f,1773620128,2026-03-16T00:15:28+00:00,0.795,clob_prices_history
17398942423057686582491252867921221591924525918102079345877032638913486446065,0x139ba0e7f931f09466c0fb27fc8ddb5e77ce9d1e2bdc953a5f22765bf779452f,1773621027,2026-03-16T00:30:27+00:00,0.795,clob_prices_history
17398942423057686582491252867921221591924525918102079345877032638913486446065,0x139ba0e7f931f09466c0fb27fc8ddb5e77ce9d1e2bdc953a5f22765bf779452f,1773621936,2026-03-16T00:45:36+00:00,0.795,clob_prices_history
17398942423057686582491252867921221591924525918102079345877032638913486446065,0x139ba0e7f931f09466c0fb27fc8ddb5e77ce9d1e2bdc953a5f22765bf779452f,1773622827,2026-03-16T01:00:27+00:00,0.795,clob_prices_history
17398942423057686582491252867921221591924525918102079345877032638913486446065,0x139ba0e7f931f09466c0fb27fc8ddb5e77ce9d1e2bdc953a5f22765bf779452f,1773623726,2026-03-16T01:15:26+00:00,0.795,clob_prices_history
17398942423057686582491252867921221591924525918102079345877032638913486446065,0x139ba0e7f931f09466c0fb27fc8ddb5e77ce9d1e2bdc953a5f22765bf779452f,1773624628,2026-03-16T01:30:28+00:00,0.795,clob_prices_history
17398942423057686582491252867921221591924525918102079345877032638913486446065,0x139ba0e7f931f09466c0fb27fc8ddb5e77ce9d1e2bdc953a5f22765bf779452f,1773625527,2026-03-16T01:45:27+00:00,0.795,clob_prices_history
17398942423057686582491252867921221591924525918102079345877032638913486446065,0x139ba0e7f931f09466c0fb27fc8ddb5e77ce9d1e2bdc953a5f22765bf779452f,1773626428,2026-03-16T02:00:28+00:00,0.795,clob_prices_history
17398942423057686582491252867921221591924525918102079345877032638913486446065,0x139ba0e7f931f09466c0fb27fc8ddb5e77ce9d1e2bdc953a5f22765bf779452f,1773627325,2026-03-16T02:15:25+00:00,0.795,clob_prices_history
17398942423057686582491252867921221591924525918102079345877032638913486446065,0x139ba0e7f931f09466c0fb27fc8ddb5e77ce9d1e2bdc953a5f22765bf779452f,1773628226,2026-03-16T02:30:26+00:00,0.795,clob_prices_history
17398942423057686582491252867921221591924525918102079345877032638913486446065,0x139ba0e7f931f09466c0fb27fc8ddb5e77ce9d1e2bdc953a5f22765bf779452f,1773629123,2026-03-16T02:45:23+00:00,0.795,clob_prices_history
17398942423057686582491252867921221591924525918102079345877032638913486446065,0x139ba0e7f931f09466c0fb27fc8ddb5e77ce9d1e2bdc953a5f22765bf779452f,1773630034,2026-03-16T03:00:34+00:00,0.795,clob_prices_history
17398942423057686582491252867921221591924525918102079345877032638913486446065,0x139ba0e7f931f09466c0fb27fc8ddb5e77ce9d1e2bdc953a5f22765bf779452f,1773630926,2026-03-16T03:15:26+00:00,0.795,clob_prices_history
17398942423057686582491252867921221591924525918102079345877032638913486446065,0x139ba0e7f931f09466c0fb27fc8ddb5e77ce9d1e2bdc953a5f22765bf779452f,1773631825,2026-03-16T03:30:25+00:00,0.795,clob_prices_history
17398942423057686582491252867921221591924525918102079345877032638913486446065,0x139ba0e7f931f09466c0fb27fc8ddb5e77ce9d1e2bdc953a5f22765bf779452f,1773632742,2026-03-16T03:45:42+00:00,0.795,clob_prices_history
17398942423057686582491252867921221591924525918102079345877032638913486446065,0x139ba0e7f931f09466c0fb27fc8ddb5e77ce9d1e2bdc953a5f22765bf779452f,1773633630,2026-03-16T04:00:30+00:00,0.795,clob_prices_history
17398942423057686582491252867921221591924525918102079345877032638913486446065,0x139ba0e7f931f09466c0fb27fc8ddb5e77ce9d1e2bdc953a5f22765bf779452f,1773634524,2026-03-16T04:15:24+00:00,0.795,clob_prices_history
17398942423057686582491252867921221591924525918102079345877032638913486446065,0x139ba0e7f931f09466c0fb27fc8ddb5e77ce9d1e2bdc953a5f22765bf779452f,1773635427,2026-03-16T04:30:27+00:00,0.795,clob_prices_history
17398942423057686582491252867921221591924525918102079345877032638913486446065,0x139ba0e7f931f09466c0fb27fc8ddb5e77ce9d1e2bdc953a5f22765bf779452f,1773636324,2026-03-16T04:45:24+00:00,0.795,clob_prices_history
17398942423057686582491252867921221591924525918102079345877032638913486446065,0x139ba0e7f931f09466c0fb27fc8ddb5e77ce9d1e2bdc953a5f22765bf779452f,1773637227,2026-03-16T05:00:27+00:00,0.795,clob_prices_history
17398942423057686582491252867921221591924525918102079345877032638913486446065,0x139ba0e7f931f09466c0fb27fc8ddb5e77ce9d1e2bdc953a5f22765bf779452f,1773638128,2026-03-16T05:15:28+00:00,0.795,clob_prices_history
17398942423057686582491252867921221591924525918102079345877032638913486446065,0x139ba0e7f931f09466c0fb27fc8ddb5e77ce9d1e2bdc953a5f22765bf779452f,1773639025,2026-03-16T05:30:25+00:00,0.795,clob_prices_history
17398942423057686582491252867921221591924525918102079345877032638913486446065,0x139ba0e7f931f09466c0fb27fc8ddb5e77ce9d1e2bdc953a5f22765bf779452f,1773639924,2026-03-16T05:45:24+00:00,0.795,clob_prices_history
17398942423057686582491252867921221591924525918102079345877032638913486446065,0x139ba0e7f931f09466c0fb27fc8ddb5e77ce9d1e2bdc953a5f22765bf779452f,1773640846,2026-03-16T06:00:46+00:00,0.795,clob_prices_history
17398942423057686582491252867921221591924525918102079345877032638913486446065,0x139ba0e7f931f09466c0fb27fc8ddb5e77ce9d1e2bdc953a5f22765bf779452f,1773641723,2026-03-16T06:15:23+00:00,0.795,clob_prices_history
17398942423057686582491252867921221591924525918102079345877032638913486446065,0x139ba0e7f931f09466c0fb27fc8ddb5e77ce9d1e2bdc953a5f22765bf779452f,1773642629,2026-03-16T06:30:29+00:00,0.8,clob_prices_history
17398942423057686582491252867921221591924525918102079345877032638913486446065,0x139ba0e7f931f09466c0fb27fc8ddb5e77ce9d1e2bdc953a5f22765bf779452f,1773643525,2026-03-16T06:45:25+00:00,0.8,clob_prices_history
17398942423057686582491252867921221591924525918102079345877032638913486446065,0x139ba0e7f931f09466c0fb27fc8ddb5e77ce9d1e2bdc953a5f22765bf779452f,1773644425,2026-03-16T07:00:25+00:00,0.8,clob_prices_history
17398942423057686582491252867921221591924525918102079345877032638913486446065,0x139ba0e7f931f09466c0fb27fc8ddb5e77ce9d1e2bdc953a5f22765bf779452f,1773645328,2026-03-16T07:15:28+00:00,0.8,clob_prices_history
17398942423057686582491252867921221591924525918102079345877032638913486446065,0x139ba0e7f931f09466c0fb27fc8ddb5e77ce9d1e2bdc953a5f22765bf779452f,1773646226,2026-03-16T07:30:26+00:00,0.8,clob_prices_history
17398942423057686582491252867921221591924525918102079345877032638913486446065,0x139ba0e7f931f09466c0fb27fc8ddb5e77ce9d1e2bdc953a5f22765bf779452f,1773647125,2026-03-16T07:45:25+00:00,0.8,clob_prices_history
17398942423057686582491252867921221591924525918102079345877032638913486446065,0x139ba0e7f931f09466c0fb27fc8ddb5e77ce9d1e2bdc953a5f22765bf779452f,1773648028,2026-03-16T08:00:28+00:00,0.8,clob_prices_history
17398942423057686582491252867921221591924525918102079345877032638913486446065,0x139ba0e7f931f09466c0fb27fc8ddb5e77ce9d1e2bdc953a5f22765bf779452f,1773648925,2026-03-16T08:15:25+00:00,0.8,clob_prices_history
17398942423057686582491252867921221591924525918102079345877032638913486446065,0x139ba0e7f931f09466c0fb27fc8ddb5e77ce9d1e2bdc953a5f22765bf779452f,1773649825,2026-03-16T08:30:25+00:00,0.8,clob_prices_history
17398942423057686582491252867921221591924525918102079345877032638913486446065,0x139ba0e7f931f09466c0fb27fc8ddb5e77ce9d1e2bdc953a5f22765bf779452f,1773650726,2026-03-16T08:45:26+00:00,0.795,clob_prices_history
17398942423057686582491252867921221591924525918102079345877032638913486446065,0x139ba0e7f931f09466c0fb27fc8ddb5e77ce9d1e2bdc953a5f22765bf779452f,1773651630,2026-03-16T09:00:30+00:00,0.795,clob_prices_history
17398942423057686582491252867921221591924525918102079345877032638913486446065,0x139ba0e7f931f09466c0fb27fc8ddb5e77ce9d1e2bdc953a5f22765bf779452f,1773652525,2026-03-16T09:15:25+00:00,0.8,clob_prices_history
17398942423057686582491252867921221591924525918102079345877032638913486446065,0x139ba0e7f931f09466c0fb27fc8ddb5e77ce9d1e2bdc953a5f22765bf779452f,1773653424,2026-03-16T09:30:24+00:00,0.8,clob_prices_history
17398942423057686582491252867921221591924525918102079345877032638913486446065,0x139ba0e7f931f09466c0fb27fc8ddb5e77ce9d1e2bdc953a5f22765bf779452f,1773654323,2026-03-16T09:45:23+00:00,0.8,clob_prices_history
17398942423057686582491252867921221591924525918102079345877032638913486446065,0x139ba0e7f931f09466c0fb27fc8ddb5e77ce9d1e2bdc953a5f22765bf779452f,1773655229,2026-03-16T10:00:29+00:00,0.8,clob_prices_history
17398942423057686582491252867921221591924525918102079345877032638913486446065,0x139ba0e7f931f09466c0fb27fc8ddb5e77ce9d1e2bdc953a5f22765bf779452f,1773656127,2026-03-16T10:15:27+00:00,0.8,clob_prices_history
17398942423057686582491252867921221591924525918102079345877032638913486446065,0x139ba0e7f931f09466c0fb27fc8ddb5e77ce9d1e2bdc953a5f22765bf779452f,1773657031,2026-03-16T10:30:31+00:00,0.8,clob_prices_history
17398942423057686582491252867921221591924525918102079345877032638913486446065,0x139ba0e7f931f09466c0fb27fc8ddb5e77ce9d1e2bdc953a5f22765bf779452f,1773657927,2026-03-16T10:45:27+00:00,0.805,clob_prices_history
17398942423057686582491252867921221591924525918102079345877032638913486446065,0x139ba0e7f931f09466c0fb27fc8ddb5e77ce9d1e2bdc953a5f22765bf779452f,1773658826,2026-03-16T11:00:26+00:00,0.805,clob_prices_history
17398942423057686582491252867921221591924525918102079345877032638913486446065,0x139ba0e7f931f09466c0fb27fc8ddb5e77ce9d1e2bdc953a5f22765bf779452f,1773659728,2026-03-16T11:15:28+00:00,0.805,clob_prices_history
17398942423057686582491252867921221591924525918102079345877032638913486446065,0x139ba0e7f931f09466c0fb27fc8ddb5e77ce9d1e2bdc953a5f22765bf779452f,1773660627,2026-03-16T11:30:27+00:00,0.805,clob_prices_history
17398942423057686582491252867921221591924525918102079345877032638913486446065,0x139ba0e7f931f09466c0fb27fc8ddb5e77ce9d1e2bdc953a5f22765bf779452f,1773661528,2026-03-16T11:45:28+00:00,0.805,clob_prices_history
17398942423057686582491252867921221591924525918102079345877032638913486446065,0x139ba0e7f931f09466c0fb27fc8ddb5e77ce9d1e2bdc953a5f22765bf779452f,1773662429,2026-03-16T12:00:29+00:00,0.805,clob_prices_history
17398942423057686582491252867921221591924525918102079345877032638913486446065,0x139ba0e7f931f09466c0fb27fc8ddb5e77ce9d1e2bdc953a5f22765bf779452f,1773663324,2026-03-16T12:15:24+00:00,0.805,clob_prices_history
17398942423057686582491252867921221591924525918102079345877032638913486446065,0x139ba0e7f931f09466c0fb27fc8ddb5e77ce9d1e2bdc953a5f22765bf779452f,1773664229,2026-03-16T12:30:29+00:00,0.805,clob_prices_history
17398942423057686582491252867921221591924525918102079345877032638913486446065,0x139ba0e7f931f09466c0fb27fc8ddb5e77ce9d1e2bdc953a5f22765bf779452f,1773665125,2026-03-16T12:45:25+00:00,0.805,clob_prices_history
17398942423057686582491252867921221591924525918102079345877032638913486446065,0x139ba0e7f931f09466c0fb27fc8ddb5e77ce9d1e2bdc953a5f22765bf779452f,1773666031,2026-03-16T13:00:31+00:00,0.805,clob_prices_history
17398942423057686582491252867921221591924525918102079345877032638913486446065,0x139ba0e7f931f09466c0fb27fc8ddb5e77ce9d1e2bdc953a5f22765bf779452f,1773666926,2026-03-16T13:15:26+00:00,0.805,clob_prices_history
17398942423057686582491252867921221591924525918102079345877032638913486446065,0x139ba0e7f931f09466c0fb27fc8ddb5e77ce9d1e2bdc953a5f22765bf779452f,1773667829,2026-03-16T13:30:29+00:00,0.805,clob_prices_history
17398942423057686582491252867921221591924525918102079345877032638913486446065,0x139ba0e7f931f09466c0fb27fc8ddb5e77ce9d1e2bdc953a5f22765bf779452f,1773668726,2026-03-16T13:45:26+00:00,0.805,clob_prices_history
17398942423057686582491252867921221591924525918102079345877032638913486446065,0x139ba0e7f931f09466c0fb27fc8ddb5e77ce9d1e2bdc953a5f22765bf779452f,1773669632,2026-03-16T14:00:32+00:00,0.805,clob_prices_history
17398942423057686582491252867921221591924525918102079345877032638913486446065,0x139ba0e7f931f09466c0fb27fc8ddb5e77ce9d1e2bdc953a5f22765bf779452f,1773670526,2026-03-16T14:15:26+00:00,0.805,clob_prices_history
17398942423057686582491252867921221591924525918102079345877032638913486446065,0x139ba0e7f931f09466c0fb27fc8ddb5e77ce9d1e2bdc953a5f22765bf779452f,1773671427,2026-03-16T14:30:27+00:00,0.805,clob_prices_history
17398942423057686582491252867921221591924525918102079345877032638913486446065,0x139ba0e7f931f09466c0fb27fc8ddb5e77ce9d1e2bdc953a5f22765bf779452f,1773672331,2026-03-16T14:45:31+00:00,0.805,clob_prices_history
17398942423057686582491252867921221591924525918102079345877032638913486446065,0x139ba0e7f931f09466c0fb27fc8ddb5e77ce9d1e2bdc953a5f22765bf779452f,1773673231,2026-03-16T15:00:31+00:00,0.805,clob_prices_history
17398942423057686582491252867921221591924525918102079345877032638913486446065,0x139ba0e7f931f09466c0fb27fc8ddb5e77ce9d1e2bdc953a5f22765bf779452f,1773674128,2026-03-16T15:15:28+00:00,0.805,clob_prices_history
17398942423057686582491252867921221591924525918102079345877032638913486446065,0x139ba0e7f931f09466c0fb27fc8ddb5e77ce9d1e2bdc953a5f22765bf779452f,1773675028,2026-03-16T15:30:28+00:00,0.805,clob_prices_history
17398942423057686582491252867921221591924525918102079345877032638913486446065,0x139ba0e7f931f09466c0fb27fc8ddb5e77ce9d1e2bdc953a5f22765bf779452f,1773675926,2026-03-16T15:45:26+00:00,0.805,clob_prices_history
17398942423057686582491252867921221591924525918102079345877032638913486446065,0x139ba0e7f931f09466c0fb27fc8ddb5e77ce9d1e2bdc953a5f22765bf779452f,1773676830,2026-03-16T16:00:30+00:00,0.805,clob_prices_history
17398942423057686582491252867921221591924525918102079345877032638913486446065,0x139ba0e7f931f09466c0fb27fc8ddb5e77ce9d1e2bdc953a5f22765bf779452f,1773677733,2026-03-16T16:15:33+00:00,0.805,clob_prices_history
17398942423057686582491252867921221591924525918102079345877032638913486446065,0x139ba0e7f931f09466c0fb27fc8ddb5e77ce9d1e2bdc953a5f22765bf779452f,1773678629,2026-03-16T16:30:29+00:00,0.805,clob_prices_history
17398942423057686582491252867921221591924525918102079345877032638913486446065,0x139ba0e7f931f09466c0fb27fc8ddb5e77ce9d1e2bdc953a5f22765bf779452f,1773679527,2026-03-16T16:45:27+00:00,0.805,clob_prices_history
17398942423057686582491252867921221591924525918102079345877032638913486446065,0x139ba0e7f931f09466c0fb27fc8ddb5e77ce9d1e2bdc953a5f22765bf779452f,1773680430,2026-03-16T17:00:30+00:00,0.805,clob_prices_history
17398942423057686582491252867921221591924525918102079345877032638913486446065,0x139ba0e7f931f09466c0fb27fc8ddb5e77ce9d1e2bdc953a5f22765bf779452f,1773681327,2026-03-16T17:15:27+00:00,0.805,clob_prices_history
17398942423057686582491252867921221591924525918102079345877032638913486446065,0x139ba0e7f931f09466c0fb27fc8ddb5e77ce9d1e2bdc953a5f22765bf779452f,1773682229,2026-03-16T17:30:29+00:00,0.805,clob_prices_history
17398942423057686582491252867921221591924525918102079345877032638913486446065,0x139ba0e7f931f09466c0fb27fc8ddb5e77ce9d1e2bdc953a5f22765bf779452f,1773683128,2026-03-16T17:45:28+00:00,0.805,clob_prices_history
17398942423057686582491252867921221591924525918102079345877032638913486446065,0x139ba0e7f931f09466c0fb27fc8ddb5e77ce9d1e2bdc953a5f22765bf779452f,1773684031,2026-03-16T18:00:31+00:00,0.805,clob_prices_history
17398942423057686582491252867921221591924525918102079345877032638913486446065,0x139ba0e7f931f09466c0fb27fc8ddb5e77ce9d1e2bdc953a5f22765bf779452f,1773684928,2026-03-16T18:15:28+00:00,0.805,clob_prices_history
17398942423057686582491252867921221591924525918102079345877032638913486446065,0x139ba0e7f931f09466c0fb27fc8ddb5e77ce9d1e2bdc953a5f22765bf779452f,1773685831,2026-03-16T18:30:31+00:00,0.805,clob_prices_history
17398942423057686582491252867921221591924525918102079345877032638913486446065,0x139ba0e7f931f09466c0fb27fc8ddb5e77ce9d1e2bdc953a5f22765bf779452f,1773686728,2026-03-16T18:45:28+00:00,0.805,clob_prices_history
17398942423057686582491252867921221591924525918102079345877032638913486446065,0x139ba0e7f931f09466c0fb27fc8ddb5e77ce9d1e2bdc953a5f22765bf779452f,1773687635,2026-03-16T19:00:35+00:00,0.805,clob_prices_history
17398942423057686582491252867921221591924525918102079345877032638913486446065,0x139ba0e7f931f09466c0fb27fc8ddb5e77ce9d1e2bdc953a5f22765bf779452f,1773688529,2026-03-16T19:15:29+00:00,0.805,clob_prices_history
17398942423057686582491252867921221591924525918102079345877032638913486446065,0x139ba0e7f931f09466c0fb27fc8ddb5e77ce9d1e2bdc953a5f22765bf779452f,1773689441,2026-03-16T19:30:41+00:00,0.805,clob_prices_history
17398942423057686582491252867921221591924525918102079345877032638913486446065,0x139ba0e7f931f09466c0fb27fc8ddb5e77ce9d1e2bdc953a5f22765bf779452f,1773690327,2026-03-16T19:45:27+00:00,0.805,clob_prices_history
17398942423057686582491252867921221591924525918102079345877032638913486446065,0x139ba0e7f931f09466c0fb27fc8ddb5e77ce9d1e2bdc953a5f22765bf779452f,1773691229,2026-03-16T20:00:29+00:00,0.805,clob_prices_history
17398942423057686582491252867921221591924525918102079345877032638913486446065,0x139ba0e7f931f09466c0fb27fc8ddb5e77ce9d1e2bdc953a5f22765bf779452f,1773692128,2026-03-16T20:15:28+00:00,0.805,clob_prices_history
17398942423057686582491252867921221591924525918102079345877032638913486446065,0x139ba0e7f931f09466c0fb27fc8ddb5e77ce9d1e2bdc953a5f22765bf779452f,1773693043,2026-03-16T20:30:43+00:00,0.805,clob_prices_history
17398942423057686582491252867921221591924525918102079345877032638913486446065,0x139ba0e7f931f09466c0fb27fc8ddb5e77ce9d1e2bdc953a5f22765bf779452f,1773693927,2026-03-16T20:45:27+00:00,0.805,clob_prices_history
17398942423057686582491252867921221591924525918102079345877032638913486446065,0x139ba0e7f931f09466c0fb27fc8ddb5e77ce9d1e2bdc953a5f22765bf779452f,1773694837,2026-03-16T21:00:37+00:00,0.805,clob_prices_history
17398942423057686582491252867921221591924525918102079345877032638913486446065,0x139ba0e7f931f09466c0fb27fc8ddb5e77ce9d1e2bdc953a5f22765bf779452f,1773695729,2026-03-16T21:15:29+00:00,0.805,clob_prices_history
17398942423057686582491252867921221591924525918102079345877032638913486446065,0x139ba0e7f931f09466c0fb27fc8ddb5e77ce9d1e2bdc953a5f22765bf779452f,1773696628,2026-03-16T21:30:28+00:00,0.805,clob_prices_history
17398942423057686582491252867921221591924525918102079345877032638913486446065,0x139ba0e7f931f09466c0fb27fc8ddb5e77ce9d1e2bdc953a5f22765bf779452f,1773697530,2026-03-16T21:45:30+00:00,0.805,clob_prices_history
17398942423057686582491252867921221591924525918102079345877032638913486446065,0x139ba0e7f931f09466c0fb27fc8ddb5e77ce9d1e2bdc953a5f22765bf779452f,1773698432,2026-03-16T22:00:32+00:00,0.805,clob_prices_history
17398942423057686582491252867921221591924525918102079345877032638913486446065,0x139ba0e7f931f09466c0fb27fc8ddb5e77ce9d1e2bdc953a5f22765bf779452f,1773699328,2026-03-16T22:15:28+00:00,0.795,clob_prices_history
17398942423057686582491252867921221591924525918102079345877032638913486446065,0x139ba0e7f931f09466c0fb27fc8ddb5e77ce9d1e2bdc953a5f22765bf779452f,1773700229,2026-03-16T22:30:29+00:00,0.795,clob_prices_history
17398942423057686582491252867921221591924525918102079345877032638913486446065,0x139ba0e7f931f09466c0fb27fc8ddb5e77ce9d1e2bdc953a5f22765bf779452f,1773701127,2026-03-16T22:45:27+00:00,0.795,clob_prices_history
17398942423057686582491252867921221591924525918102079345877032638913486446065,0x139ba0e7f931f09466c0fb27fc8ddb5e77ce9d1e2bdc953a5f22765bf779452f,1773702032,2026-03-16T23:00:32+00:00,0.795,clob_prices_history
17398942423057686582491252867921221591924525918102079345877032638913486446065,0x139ba0e7f931f09466c0fb27fc8ddb5e77ce9d1e2bdc953a5f22765bf779452f,1773702930,2026-03-16T23:15:30+00:00,0.795,clob_prices_history
17398942423057686582491252867921221591924525918102079345877032638913486446065,0x139ba0e7f931f09466c0fb27fc8ddb5e77ce9d1e2bdc953a5f22765bf779452f,1773703841,2026-03-16T23:30:41+00:00,0.795,clob_prices_history
17398942423057686582491252867921221591924525918102079345877032638913486446065,0x139ba0e7f931f09466c0fb27fc8ddb5e77ce9d1e2bdc953a5f22765bf779452f,1773704729,2026-03-16T23:45:29+00:00,0.795,clob_prices_history
17398942423057686582491252867921221591924525918102079345877032638913486446065,0x139ba0e7f931f09466c0fb27fc8ddb5e77ce9d1e2bdc953a5f22765bf779452f,1773705635,2026-03-17T00:00:35+00:00,0.775,clob_prices_history
17398942423057686582491252867921221591924525918102079345877032638913486446065,0x139ba0e7f931f09466c0fb27fc8ddb5e77ce9d1e2bdc953a5f22765bf779452f,1773706535,2026-03-17T00:15:35+00:00,0.775,clob_prices_history
17398942423057686582491252867921221591924525918102079345877032638913486446065,0x139ba0e7f931f09466c0fb27fc8ddb5e77ce9d1e2bdc953a5f22765bf779452f,1773707433,2026-03-17T00:30:33+00:00,0.775,clob_prices_history
17398942423057686582491252867921221591924525918102079345877032638913486446065,0x139ba0e7f931f09466c0fb27fc8ddb5e77ce9d1e2bdc953a5f22765bf779452f,1773708331,2026-03-17T00:45:31+00:00,0.775,clob_prices_history
17398942423057686582491252867921221591924525918102079345877032638913486446065,0x139ba0e7f931f09466c0fb27fc8ddb5e77ce9d1e2bdc953a5f22765bf779452f,1773709231,2026-03-17T01:00:31+00:00,0.78,clob_prices_history
17398942423057686582491252867921221591924525918102079345877032638913486446065,0x139ba0e7f931f09466c0fb27fc8ddb5e77ce9d1e2bdc953a5f22765bf779452f,1773710130,2026-03-17T01:15:30+00:00,0.78,clob_prices_history
17398942423057686582491252867921221591924525918102079345877032638913486446065,0x139ba0e7f931f09466c0fb27fc8ddb5e77ce9d1e2bdc953a5f22765bf779452f,1773711033,2026-03-17T01:30:33+00:00,0.795,clob_prices_history
17398942423057686582491252867921221591924525918102079345877032638913486446065,0x139ba0e7f931f09466c0fb27fc8ddb5e77ce9d1e2bdc953a5f22765bf779452f,1773711928,2026-03-17T01:45:28+00:00,0.795,clob_prices_history
17398942423057686582491252867921221591924525918102079345877032638913486446065,0x139ba0e7f931f09466c0fb27fc8ddb5e77ce9d1e2bdc953a5f22765bf779452f,1773712832,2026-03-17T02:00:32+00:00,0.79,clob_prices_history
17398942423057686582491252867921221591924525918102079345877032638913486446065,0x139ba0e7f931f09466c0fb27fc8ddb5e77ce9d1e2bdc953a5f22765bf779452f,1773713729,2026-03-17T02:15:29+00:00,0.795,clob_prices_history
17398942423057686582491252867921221591924525918102079345877032638913486446065,0x139ba0e7f931f09466c0fb27fc8ddb5e77ce9d1e2bdc953a5f22765bf779452f,1773714630,2026-03-17T02:30:30+00:00,0.805,clob_prices_history
17398942423057686582491252867921221591924525918102079345877032638913486446065,0x139ba0e7f931f09466c0fb27fc8ddb5e77ce9d1e2bdc953a5f22765bf779452f,1773715535,2026-03-17T02:45:35+00:00,0.805,clob_prices_history
17398942423057686582491252867921221591924525918102079345877032638913486446065,0x139ba0e7f931f09466c0fb27fc8ddb5e77ce9d1e2bdc953a5f22765bf779452f,1773716433,2026-03-17T03:00:33+00:00,0.8,clob_prices_history
17398942423057686582491252867921221591924525918102079345877032638913486446065,0x139ba0e7f931f09466c0fb27fc8ddb5e77ce9d1e2bdc953a5f22765bf779452f,1773717329,2026-03-17T03:15:29+00:00,0.795,clob_prices_history
17398942423057686582491252867921221591924525918102079345877032638913486446065,0x139ba0e7f931f09466c0fb27fc8ddb5e77ce9d1e2bdc953a5f22765bf779452f,1773718238,2026-03-17T03:30:38+00:00,0.795,clob_prices_history
17398942423057686582491252867921221591924525918102079345877032638913486446065,0x139ba0e7f931f09466c0fb27fc8ddb5e77ce9d1e2bdc953a5f22765bf779452f,1773719132,2026-03-17T03:45:32+00:00,0.795,clob_prices_history
17398942423057686582491252867921221591924525918102079345877032638913486446065,0x139ba0e7f931f09466c0fb27fc8ddb5e77ce9d1e2bdc953a5f22765bf779452f,1773720035,2026-03-17T04:00:35+00:00,0.805,clob_prices_history
17398942423057686582491252867921221591924525918102079345877032638913486446065,0x139ba0e7f931f09466c0fb27fc8ddb5e77ce9d1e2bdc953a5f22765bf779452f,1773720930,2026-03-17T04:15:30+00:00,0.805,clob_prices_history
17398942423057686582491252867921221591924525918102079345877032638913486446065,0x139ba0e7f931f09466c0fb27fc8ddb5e77ce9d1e2bdc953a5f22765bf779452f,1773721834,2026-03-17T04:30:34+00:00,0.805,clob_prices_history
17398942423057686582491252867921221591924525918102079345877032638913486446065,0x139ba0e7f931f09466c0fb27fc8ddb5e77ce9d1e2bdc953a5f22765bf779452f,1773722731,2026-03-17T04:45:31+00:00,0.805,clob_prices_history
17398942423057686582491252867921221591924525918102079345877032638913486446065,0x139ba0e7f931f09466c0fb27fc8ddb5e77ce9d1e2bdc953a5f22765bf779452f,1773723647,2026-03-17T05:00:47+00:00,0.805,clob_prices_history
17398942423057686582491252867921221591924525918102079345877032638913486446065,0x139ba0e7f931f09466c0fb27fc8ddb5e77ce9d1e2bdc953a5f22765bf779452f,1773724531,2026-03-17T05:15:31+00:00,0.805,clob_prices_history
17398942423057686582491252867921221591924525918102079345877032638913486446065,0x139ba0e7f931f09466c0fb27fc8ddb5e77ce9d1e2bdc953a5f22765bf779452f,1773725430,2026-03-17T05:30:30+00:00,0.805,clob_prices_history
17398942423057686582491252867921221591924525918102079345877032638913486446065,0x139ba0e7f931f09466c0fb27fc8ddb5e77ce9d1e2bdc953a5f22765bf779452f,1773726327,2026-03-17T05:45:27+00:00,0.805,clob_prices_history
17398942423057686582491252867921221591924525918102079345877032638913486446065,0x139ba0e7f931f09466c0fb27fc8ddb5e77ce9d1e2bdc953a5f22765bf779452f,1773727234,2026-03-17T06:00:34+00:00,0.805,clob_prices_history
17398942423057686582491252867921221591924525918102079345877032638913486446065,0x139ba0e7f931f09466c0fb27fc8ddb5e77ce9d1e2bdc953a5f22765bf779452f,1773728129,2026-03-17T06:15:29+00:00,0.805,clob_prices_history
17398942423057686582491252867921221591924525918102079345877032638913486446065,0x139ba0e7f931f09466c0fb27fc8ddb5e77ce9d1e2bdc953a5f22765bf779452f,1773729031,2026-03-17T06:30:31+00:00,0.805,clob_prices_history
17398942423057686582491252867921221591924525918102079345877032638913486446065,0x139ba0e7f931f09466c0fb27fc8ddb5e77ce9d1e2bdc953a5f22765bf779452f,1773729927,2026-03-17T06:45:27+00:00,0.805,clob_prices_history
17398942423057686582491252867921221591924525918102079345877032638913486446065,0x139ba0e7f931f09466c0fb27fc8ddb5e77ce9d1e2bdc953a5f22765bf779452f,1773730835,2026-03-17T07:00:35+00:00,0.805,clob_prices_history
17398942423057686582491252867921221591924525918102079345877032638913486446065,0x139ba0e7f931f09466c0fb27fc8ddb5e77ce9d1e2bdc953a5f22765bf779452f,1773731738,2026-03-17T07:15:38+00:00,0.805,clob_prices_history
17398942423057686582491252867921221591924525918102079345877032638913486446065,0x139ba0e7f931f09466c0fb27fc8ddb5e77ce9d1e2bdc953a5f22765bf779452f,1773732633,2026-03-17T07:30:33+00:00,0.805,clob_prices_history
17398942423057686582491252867921221591924525918102079345877032638913486446065,0x139ba0e7f931f09466c0fb27fc8ddb5e77ce9d1e2bdc953a5f22765bf779452f,1773733531,2026-03-17T07:45:31+00:00,0.805,clob_prices_history
17398942423057686582491252867921221591924525918102079345877032638913486446065,0x139ba0e7f931f09466c0fb27fc8ddb5e77ce9d1e2bdc953a5f22765bf779452f,1773734434,2026-03-17T08:00:34+00:00,0.805,clob_prices_history
17398942423057686582491252867921221591924525918102079345877032638913486446065,0x139ba0e7f931f09466c0fb27fc8ddb5e77ce9d1e2bdc953a5f22765bf779452f,1773735328,2026-03-17T08:15:28+00:00,0.805,clob_prices_history
17398942423057686582491252867921221591924525918102079345877032638913486446065,0x139ba0e7f931f09466c0fb27fc8ddb5e77ce9d1e2bdc953a5f22765bf779452f,1773736231,2026-03-17T08:30:31+00:00,0.805,clob_prices_history
17398942423057686582491252867921221591924525918102079345877032638913486446065,0x139ba0e7f931f09466c0fb27fc8ddb5e77ce9d1e2bdc953a5f22765bf779452f,1773737131,2026-03-17T08:45:31+00:00,0.805,clob_prices_history
17398942423057686582491252867921221591924525918102079345877032638913486446065,0x139ba0e7f931f09466c0fb27fc8ddb5e77ce9d1e2bdc953a5f22765bf779452f,1773738036,2026-03-17T09:00:36+00:00,0.805,clob_prices_history
17398942423057686582491252867921221591924525918102079345877032638913486446065,0x139ba0e7f931f09466c0fb27fc8ddb5e77ce9d1e2bdc953a5f22765bf779452f,1773738927,2026-03-17T09:15:27+00:00,0.805,clob_prices_history
17398942423057686582491252867921221591924525918102079345877032638913486446065,0x139ba0e7f931f09466c0fb27fc8ddb5e77ce9d1e2bdc953a5f22765bf779452f,1773739834,2026-03-17T09:30:34+00:00,0.805,clob_prices_history
17398942423057686582491252867921221591924525918102079345877032638913486446065,0x139ba0e7f931f09466c0fb27fc8ddb5e77ce9d1e2bdc953a5f22765bf779452f,1773740738,2026-03-17T09:45:38+00:00,0.805,clob_prices_history
17398942423057686582491252867921221591924525918102079345877032638913486446065,0x139ba0e7f931f09466c0fb27fc8ddb5e77ce9d1e2bdc953a5f22765bf779452f,1773741635,2026-03-17T10:00:35+00:00,0.805,clob_prices_history
17398942423057686582491252867921221591924525918102079345877032638913486446065,0x139ba0e7f931f09466c0fb27fc8ddb5e77ce9d1e2bdc953a5f22765bf779452f,1773742533,2026-03-17T10:15:33+00:00,0.805,clob_prices_history
17398942423057686582491252867921221591924525918102079345877032638913486446065,0x139ba0e7f931f09466c0fb27fc8ddb5e77ce9d1e2bdc953a5f22765bf779452f,1773743433,2026-03-17T10:30:33+00:00,0.805,clob_prices_history
17398942423057686582491252867921221591924525918102079345877032638913486446065,0x139ba0e7f931f09466c0fb27fc8ddb5e77ce9d1e2bdc953a5f22765bf779452f,1773744330,2026-03-17T10:45:30+00:00,0.805,clob_prices_history
17398942423057686582491252867921221591924525918102079345877032638913486446065,0x139ba0e7f931f09466c0fb27fc8ddb5e77ce9d1e2bdc953a5f22765bf779452f,1773745232,2026-03-17T11:00:32+00:00,0.785,clob_prices_history
17398942423057686582491252867921221591924525918102079345877032638913486446065,0x139ba0e7f931f09466c0fb27fc8ddb5e77ce9d1e2bdc953a5f22765bf779452f,1773746132,2026-03-17T11:15:32+00:00,0.78,clob_prices_history
17398942423057686582491252867921221591924525918102079345877032638913486446065,0x139ba0e7f931f09466c0fb27fc8ddb5e77ce9d1e2bdc953a5f22765bf779452f,1773747029,2026-03-17T11:30:29+00:00,0.765,clob_prices_history
17398942423057686582491252867921221591924525918102079345877032638913486446065,0x139ba0e7f931f09466c0fb27fc8ddb5e77ce9d1e2bdc953a5f22765bf779452f,1773747930,2026-03-17T11:45:30+00:00,0.76,clob_prices_history
17398942423057686582491252867921221591924525918102079345877032638913486446065,0x139ba0e7f931f09466c0fb27fc8ddb5e77ce9d1e2bdc953a5f22765bf779452f,1773748838,2026-03-17T12:00:38+00:00,0.755,clob_prices_history
17398942423057686582491252867921221591924525918102079345877032638913486446065,0x139ba0e7f931f09466c0fb27fc8ddb5e77ce9d1e2bdc953a5f22765bf779452f,1773749728,2026-03-17T12:15:28+00:00,0.755,clob_prices_history
17398942423057686582491252867921221591924525918102079345877032638913486446065,0x139ba0e7f931f09466c0fb27fc8ddb5e77ce9d1e2bdc953a5f22765bf779452f,1773750641,2026-03-17T12:30:41+00:00,0.755,clob_prices_history
17398942423057686582491252867921221591924525918102079345877032638913486446065,0x139ba0e7f931f09466c0fb27fc8ddb5e77ce9d1e2bdc953a5f22765bf779452f,1773751527,2026-03-17T12:45:27+00:00,0.755,clob_prices_history
17398942423057686582491252867921221591924525918102079345877032638913486446065,0x139ba0e7f931f09466c0fb27fc8ddb5e77ce9d1e2bdc953a5f22765bf779452f,1773752433,2026-03-17T13:00:33+00:00,0.745,clob_prices_history
17398942423057686582491252867921221591924525918102079345877032638913486446065,0x139ba0e7f931f09466c0fb27fc8ddb5e77ce9d1e2bdc953a5f22765bf779452f,1773753327,2026-03-17T13:15:27+00:00,0.74,clob_prices_history
17398942423057686582491252867921221591924525918102079345877032638913486446065,0x139ba0e7f931f09466c0fb27fc8ddb5e77ce9d1e2bdc953a5f22765bf779452f,1773754235,2026-03-17T13:30:35+00:00,0.725,clob_prices_history
17398942423057686582491252867921221591924525918102079345877032638913486446065,0x139ba0e7f931f09466c0fb27fc8ddb5e77ce9d1e2bdc953a5f22765bf779452f,1773755132,2026-03-17T13:45:32+00:00,0.725,clob_prices_history
17398942423057686582491252867921221591924525918102079345877032638913486446065,0x139ba0e7f931f09466c0fb27fc8ddb5e77ce9d1e2bdc953a5f22765bf779452f,1773756034,2026-03-17T14:00:34+00:00,0.725,clob_prices_history
17398942423057686582491252867921221591924525918102079345877032638913486446065,0x139ba0e7f931f09466c0fb27fc8ddb5e77ce9d1e2bdc953a5f22765bf779452f,1773756934,2026-03-17T14:15:34+00:00,0.725,clob_prices_history
17398942423057686582491252867921221591924525918102079345877032638913486446065,0x139ba0e7f931f09466c0fb27fc8ddb5e77ce9d1e2bdc953a5f22765bf779452f,1773757832,2026-03-17T14:30:32+00:00,0.73,clob_prices_history
17398942423057686582491252867921221591924525918102079345877032638913486446065,0x139ba0e7f931f09466c0fb27fc8ddb5e77ce9d1e2bdc953a5f22765bf779452f,1773758730,2026-03-17T14:45:30+00:00,0.725,clob_prices_history
17398942423057686582491252867921221591924525918102079345877032638913486446065,0x139ba0e7f931f09466c0fb27fc8ddb5e77ce9d1e2bdc953a5f22765bf779452f,1773759639,2026-03-17T15:00:39+00:00,0.725,clob_prices_history
17398942423057686582491252867921221591924525918102079345877032638913486446065,0x139ba0e7f931f09466c0fb27fc8ddb5e77ce9d1e2bdc953a5f22765bf779452f,1773760532,2026-03-17T15:15:32+00:00,0.745,clob_prices_history
17398942423057686582491252867921221591924525918102079345877032638913486446065,0x139ba0e7f931f09466c0fb27fc8ddb5e77ce9d1e2bdc953a5f22765bf779452f,1773761449,2026-03-17T15:30:49+00:00,0.745,clob_prices_history
17398942423057686582491252867921221591924525918102079345877032638913486446065,0x139ba0e7f931f09466c0fb27fc8ddb5e77ce9d1e2bdc953a5f22765bf779452f,1773762330,2026-03-17T15:45:30+00:00,0.745,clob_prices_history
17398942423057686582491252867921221591924525918102079345877032638913486446065,0x139ba0e7f931f09466c0fb27fc8ddb5e77ce9d1e2bdc953a5f22765bf779452f,1773763234,2026-03-17T16:00:34+00:00,0.745,clob_prices_history
17398942423057686582491252867921221591924525918102079345877032638913486446065,0x139ba0e7f931f09466c0fb27fc8ddb5e77ce9d1e2bdc953a5f22765bf779452f,1773764131,2026-03-17T16:15:31+00:00,0.745,clob_prices_history
17398942423057686582491252867921221591924525918102079345877032638913486446065,0x139ba0e7f931f09466c0fb27fc8ddb5e77ce9d1e2bdc953a5f22765bf779452f,1773765035,2026-03-17T16:30:35+00:00,0.745,clob_prices_history
17398942423057686582491252867921221591924525918102079345877032638913486446065,0x139ba0e7f931f09466c0fb27fc8ddb5e77ce9d1e2bdc953a5f22765bf779452f,1773765933,2026-03-17T16:45:33+00:00,0.745,clob_prices_history
17398942423057686582491252867921221591924525918102079345877032638913486446065,0x139ba0e7f931f09466c0fb27fc8ddb5e77ce9d1e2bdc953a5f22765bf779452f,1773766833,2026-03-17T17:00:33+00:00,0.75,clob_prices_history
17398942423057686582491252867921221591924525918102079345877032638913486446065,0x139ba0e7f931f09466c0fb27fc8ddb5e77ce9d1e2bdc953a5f22765bf779452f,1773767731,2026-03-17T17:15:31+00:00,0.745,clob_prices_history
17398942423057686582491252867921221591924525918102079345877032638913486446065,0x139ba0e7f931f09466c0fb27fc8ddb5e77ce9d1e2bdc953a5f22765bf779452f,1773768633,2026-03-17T17:30:33+00:00,0.75,clob_prices_history
17398942423057686582491252867921221591924525918102079345877032638913486446065,0x139ba0e7f931f09466c0fb27fc8ddb5e77ce9d1e2bdc953a5f22765bf779452f,1773769546,2026-03-17T17:45:46+00:00,0.745,clob_prices_history
17398942423057686582491252867921221591924525918102079345877032638913486446065,0x139ba0e7f931f09466c0fb27fc8ddb5e77ce9d1e2bdc953a5f22765bf779452f,1773770438,2026-03-17T18:00:38+00:00,0.745,clob_prices_history
17398942423057686582491252867921221591924525918102079345877032638913486446065,0x139ba0e7f931f09466c0fb27fc8ddb5e77ce9d1e2bdc953a5f22765bf779452f,1773771334,2026-03-17T18:15:34+00:00,0.745,clob_prices_history
17398942423057686582491252867921221591924525918102079345877032638913486446065,0x139ba0e7f931f09466c0fb27fc8ddb5e77ce9d1e2bdc953a5f22765bf779452f,1773772232,2026-03-17T18:30:32+00:00,0.745,clob_prices_history
17398942423057686582491252867921221591924525918102079345877032638913486446065,0x139ba0e7f931f09466c0fb27fc8ddb5e77ce9d1e2bdc953a5f22765bf779452f,1773773130,2026-03-17T18:45:30+00:00,0.745,clob_prices_history
17398942423057686582491252867921221591924525918102079345877032638913486446065,0x139ba0e7f931f09466c0fb27fc8ddb5e77ce9d1e2bdc953a5f22765bf779452f,1773774035,2026-03-17T19:00:35+00:00,0.745,clob_prices_history
17398942423057686582491252867921221591924525918102079345877032638913486446065,0x139ba0e7f931f09466c0fb27fc8ddb5e77ce9d1e2bdc953a5f22765bf779452f,1773774944,2026-03-17T19:15:44+00:00,0.745,clob_prices_history
17398942423057686582491252867921221591924525918102079345877032638913486446065,0x139ba0e7f931f09466c0fb27fc8ddb5e77ce9d1e2bdc953a5f22765bf779452f,1773775846,2026-03-17T19:30:46+00:00,0.735,clob_prices_history
17398942423057686582491252867921221591924525918102079345877032638913486446065,0x139ba0e7f931f09466c0fb27fc8ddb5e77ce9d1e2bdc953a5f22765bf779452f,1773776735,2026-03-17T19:45:35+00:00,0.705,clob_prices_history
17398942423057686582491252867921221591924525918102079345877032638913486446065,0x139ba0e7f931f09466c0fb27fc8ddb5e77ce9d1e2bdc953a5f22765bf779452f,1773777637,2026-03-17T20:00:37+00:00,0.705,clob_prices_history
17398942423057686582491252867921221591924525918102079345877032638913486446065,0x139ba0e7f931f09466c0fb27fc8ddb5e77ce9d1e2bdc953a5f22765bf779452f,1773778531,2026-03-17T20:15:31+00:00,0.71,clob_prices_history
17398942423057686582491252867921221591924525918102079345877032638913486446065,0x139ba0e7f931f09466c0fb27fc8ddb5e77ce9d1e2bdc953a5f22765bf779452f,1773779436,2026-03-17T20:30:36+00:00,0.725,clob_prices_history
17398942423057686582491252867921221591924525918102079345877032638913486446065,0x139ba0e7f931f09466c0fb27fc8ddb5e77ce9d1e2bdc953a5f22765bf779452f,1773780331,2026-03-17T20:45:31+00:00,0.73,clob_prices_history
17398942423057686582491252867921221591924525918102079345877032638913486446065,0x139ba0e7f931f09466c0fb27fc8ddb5e77ce9d1e2bdc953a5f22765bf779452f,1773781238,2026-03-17T21:00:38+00:00,0.73,clob_prices_history
17398942423057686582491252867921221591924525918102079345877032638913486446065,0x139ba0e7f931f09466c0fb27fc8ddb5e77ce9d1e2bdc953a5f22765bf779452f,1773782131,2026-03-17T21:15:31+00:00,0.73,clob_prices_history
17398942423057686582491252867921221591924525918102079345877032638913486446065,0x139ba0e7f931f09466c0fb27fc8ddb5e77ce9d1e2bdc953a5f22765bf779452f,1773783034,2026-03-17T21:30:34+00:00,0.725,clob_prices_history
17398942423057686582491252867921221591924525918102079345877032638913486446065,0x139ba0e7f931f09466c0fb27fc8ddb5e77ce9d1e2bdc953a5f22765bf779452f,1773783931,2026-03-17T21:45:31+00:00,0.73,clob_prices_history
17398942423057686582491252867921221591924525918102079345877032638913486446065,0x139ba0e7f931f09466c0fb27fc8ddb5e77ce9d1e2bdc953a5f22765bf779452f,1773784809,2026-03-17T22:00:09+00:00,0.725,clob_prices_history
17398942423057686582491252867921221591924525918102079345877032638913486446065,0x139ba0e7f931f09466c0fb27fc8ddb5e77ce9d1e2bdc953a5f22765bf779452f,1773784854,2026-03-17T22:00:54+00:00,0.725,clob_prices_history
17398942423057686582491252867921221591924525918102079345877032638913486446065,0x139ba0e7f931f09466c0fb27fc8ddb5e77ce9d1e2bdc953a5f22765bf779452f,1773785733,2026-03-17T22:15:33+00:00,0.725,clob_prices_history
17398942423057686582491252867921221591924525918102079345877032638913486446065,0x139ba0e7f931f09466c0fb27fc8ddb5e77ce9d1e2bdc953a5f22765bf779452f,1773786631,2026-03-17T22:30:31+00:00,0.725,clob_prices_history
17398942423057686582491252867921221591924525918102079345877032638913486446065,0x139ba0e7f931f09466c0fb27fc8ddb5e77ce9d1e2bdc953a5f22765bf779452f,1773787534,2026-03-17T22:45:34+00:00,0.725,clob_prices_history
17398942423057686582491252867921221591924525918102079345877032638913486446065,0x139ba0e7f931f09466c0fb27fc8ddb5e77ce9d1e2bdc953a5f22765bf779452f,1773788431,2026-03-17T23:00:31+00:00,0.725,clob_prices_history
17398942423057686582491252867921221591924525918102079345877032638913486446065,0x139ba0e7f931f09466c0fb27fc8ddb5e77ce9d1e2bdc953a5f22765bf779452f,1773789333,2026-03-17T23:15:33+00:00,0.7,clob_prices_history
17398942423057686582491252867921221591924525918102079345877032638913486446065,0x139ba0e7f931f09466c0fb27fc8ddb5e77ce9d1e2bdc953a5f22765bf779452f,1773790230,2026-03-17T23:30:30+00:00,0.69,clob_prices_history
17398942423057686582491252867921221591924525918102079345877032638913486446065,0x139ba0e7f931f09466c0fb27fc8ddb5e77ce9d1e2bdc953a5f22765bf779452f,1773791128,2026-03-17T23:45:28+00:00,0.69,clob_prices_history
17398942423057686582491252867921221591924525918102079345877032638913486446065,0x139ba0e7f931f09466c0fb27fc8ddb5e77ce9d1e2bdc953a5f22765bf779452f,1773792037,2026-03-18T00:00:37+00:00,0.69,clob_prices_history
17398942423057686582491252867921221591924525918102079345877032638913486446065,0x139ba0e7f931f09466c0fb27fc8ddb5e77ce9d1e2bdc953a5f22765bf779452f,1773792943,2026-03-18T00:15:43+00:00,0.69,clob_prices_history
17398942423057686582491252867921221591924525918102079345877032638913486446065,0x139ba0e7f931f09466c0fb27fc8ddb5e77ce9d1e2bdc953a5f22765bf779452f,1773793833,2026-03-18T00:30:33+00:00,0.69,clob_prices_history
17398942423057686582491252867921221591924525918102079345877032638913486446065,0x139ba0e7f931f09466c0fb27fc8ddb5e77ce9d1e2bdc953a5f22765bf779452f,1773794731,2026-03-18T00:45:31+00:00,0.69,clob_prices_history
17398942423057686582491252867921221591924525918102079345877032638913486446065,0x139ba0e7f931f09466c0fb27fc8ddb5e77ce9d1e2bdc953a5f22765bf779452f,1773795632,2026-03-18T01:00:32+00:00,0.69,clob_prices_history
17398942423057686582491252867921221591924525918102079345877032638913486446065,0x139ba0e7f931f09466c0fb27fc8ddb5e77ce9d1e2bdc953a5f22765bf779452f,1773796528,2026-03-18T01:15:28+00:00,0.69,clob_prices_history
17398942423057686582491252867921221591924525918102079345877032638913486446065,0x139ba0e7f931f09466c0fb27fc8ddb5e77ce9d1e2bdc953a5f22765bf779452f,1773797449,2026-03-18T01:30:49+00:00,0.69,clob_prices_history
17398942423057686582491252867921221591924525918102079345877032638913486446065,0x139ba0e7f931f09466c0fb27fc8ddb5e77ce9d1e2bdc953a5f22765bf779452f,1773798330,2026-03-18T01:45:30+00:00,0.69,clob_prices_history
17398942423057686582491252867921221591924525918102079345877032638913486446065,0x139ba0e7f931f09466c0fb27fc8ddb5e77ce9d1e2bdc953a5f22765bf779452f,1773799232,2026-03-18T02:00:32+00:00,0.69,clob_prices_history
17398942423057686582491252867921221591924525918102079345877032638913486446065,0x139ba0e7f931f09466c0fb27fc8ddb5e77ce9d1e2bdc953a5f22765bf779452f,1773800130,2026-03-18T02:15:30+00:00,0.69,clob_prices_history
17398942423057686582491252867921221591924525918102079345877032638913486446065,0x139ba0e7f931f09466c0fb27fc8ddb5e77ce9d1e2bdc953a5f22765bf779452f,1773801032,2026-03-18T02:30:32+00:00,0.69,clob_prices_history
17398942423057686582491252867921221591924525918102079345877032638913486446065,0x139ba0e7f931f09466c0fb27fc8ddb5e77ce9d1e2bdc953a5f22765bf779452f,1773801930,2026-03-18T02:45:30+00:00,0.69,clob_prices_history
17398942423057686582491252867921221591924525918102079345877032638913486446065,0x139ba0e7f931f09466c0fb27fc8ddb5e77ce9d1e2bdc953a5f22765bf779452f,1773802835,2026-03-18T03:00:35+00:00,0.69,clob_prices_history
17398942423057686582491252867921221591924525918102079345877032638913486446065,0x139ba0e7f931f09466c0fb27fc8ddb5e77ce9d1e2bdc953a5f22765bf779452f,1773803728,2026-03-18T03:15:28+00:00,0.69,clob_prices_history
17398942423057686582491252867921221591924525918102079345877032638913486446065,0x139ba0e7f931f09466c0fb27fc8ddb5e77ce9d1e2bdc953a5f22765bf779452f,1773804630,2026-03-18T03:30:30+00:00,0.69,clob_prices_history
17398942423057686582491252867921221591924525918102079345877032638913486446065,0x139ba0e7f931f09466c0fb27fc8ddb5e77ce9d1e2bdc953a5f22765bf779452f,1773805527,2026-03-18T03:45:27+00:00,0.69,clob_prices_history
17398942423057686582491252867921221591924525918102079345877032638913486446065,0x139ba0e7f931f09466c0fb27fc8ddb5e77ce9d1e2bdc953a5f22765bf779452f,1773806430,2026-03-18T04:00:30+00:00,0.69,clob_prices_history
17398942423057686582491252867921221591924525918102079345877032638913486446065,0x139ba0e7f931f09466c0fb27fc8ddb5e77ce9d1e2bdc953a5f22765bf779452f,1773807331,2026-03-18T04:15:31+00:00,0.69,clob_prices_history
17398942423057686582491252867921221591924525918102079345877032638913486446065,0x139ba0e7f931f09466c0fb27fc8ddb5e77ce9d1e2bdc953a5f22765bf779452f,1773808233,2026-03-18T04:30:33+00:00,0.69,clob_prices_history
17398942423057686582491252867921221591924525918102079345877032638913486446065,0x139ba0e7f931f09466c0fb27fc8ddb5e77ce9d1e2bdc953a5f22765bf779452f,1773809129,2026-03-18T04:45:29+00:00,0.69,clob_prices_history
17398942423057686582491252867921221591924525918102079345877032638913486446065,0x139ba0e7f931f09466c0fb27fc8ddb5e77ce9d1e2bdc953a5f22765bf779452f,1773810035,2026-03-18T05:00:35+00:00,0.69,clob_prices_history
17398942423057686582491252867921221591924525918102079345877032638913486446065,0x139ba0e7f931f09466c0fb27fc8ddb5e77ce9d1e2bdc953a5f22765bf779452f,1773810929,2026-03-18T05:15:29+00:00,0.69,clob_prices_history
17398942423057686582491252867921221591924525918102079345877032638913486446065,0x139ba0e7f931f09466c0fb27fc8ddb5e77ce9d1e2bdc953a5f22765bf779452f,1773811833,2026-03-18T05:30:33+00:00,0.69,clob_prices_history
17398942423057686582491252867921221591924525918102079345877032638913486446065,0x139ba0e7f931f09466c0fb27fc8ddb5e77ce9d1e2bdc953a5f22765bf779452f,1773812733,2026-03-18T05:45:33+00:00,0.69,clob_prices_history
17398942423057686582491252867921221591924525918102079345877032638913486446065,0x139ba0e7f931f09466c0fb27fc8ddb5e77ce9d1e2bdc953a5f22765bf779452f,1773813637,2026-03-18T06:00:37+00:00,0.69,clob_prices_history
17398942423057686582491252867921221591924525918102079345877032638913486446065,0x139ba0e7f931f09466c0fb27fc8ddb5e77ce9d1e2bdc953a5f22765bf779452f,1773814532,2026-03-18T06:15:32+00:00,0.69,clob_prices_history
17398942423057686582491252867921221591924525918102079345877032638913486446065,0x139ba0e7f931f09466c0fb27fc8ddb5e77ce9d1e2bdc953a5f22765bf779452f,1773815432,2026-03-18T06:30:32+00:00,0.69,clob_prices_history
17398942423057686582491252867921221591924525918102079345877032638913486446065,0x139ba0e7f931f09466c0fb27fc8ddb5e77ce9d1e2bdc953a5f22765bf779452f,1773816331,2026-03-18T06:45:31+00:00,0.69,clob_prices_history
17398942423057686582491252867921221591924525918102079345877032638913486446065,0x139ba0e7f931f09466c0fb27fc8ddb5e77ce9d1e2bdc953a5f22765bf779452f,1773817235,2026-03-18T07:00:35+00:00,0.69,clob_prices_history
17398942423057686582491252867921221591924525918102079345877032638913486446065,0x139ba0e7f931f09466c0fb27fc8ddb5e77ce9d1e2bdc953a5f22765bf779452f,1773818130,2026-03-18T07:15:30+00:00,0.69,clob_prices_history
17398942423057686582491252867921221591924525918102079345877032638913486446065,0x139ba0e7f931f09466c0fb27fc8ddb5e77ce9d1e2bdc953a5f22765bf779452f,1773819033,2026-03-18T07:30:33+00:00,0.69,clob_prices_history
17398942423057686582491252867921221591924525918102079345877032638913486446065,0x139ba0e7f931f09466c0fb27fc8ddb5e77ce9d1e2bdc953a5f22765bf779452f,1773819931,2026-03-18T07:45:31+00:00,0.69,clob_prices_history
17398942423057686582491252867921221591924525918102079345877032638913486446065,0x139ba0e7f931f09466c0fb27fc8ddb5e77ce9d1e2bdc953a5f22765bf779452f,1773820830,2026-03-18T08:00:30+00:00,0.69,clob_prices_history
17398942423057686582491252867921221591924525918102079345877032638913486446065,0x139ba0e7f931f09466c0fb27fc8ddb5e77ce9d1e2bdc953a5f22765bf779452f,1773821732,2026-03-18T08:15:32+00:00,0.69,clob_prices_history
17398942423057686582491252867921221591924525918102079345877032638913486446065,0x139ba0e7f931f09466c0fb27fc8ddb5e77ce9d1e2bdc953a5f22765bf779452f,1773822633,2026-03-18T08:30:33+00:00,0.69,clob_prices_history
17398942423057686582491252867921221591924525918102079345877032638913486446065,0x139ba0e7f931f09466c0fb27fc8ddb5e77ce9d1e2bdc953a5f22765bf779452f,1773823528,2026-03-18T08:45:28+00:00,0.69,clob_prices_history
17398942423057686582491252867921221591924525918102079345877032638913486446065,0x139ba0e7f931f09466c0fb27fc8ddb5e77ce9d1e2bdc953a5f22765bf779452f,1773824443,2026-03-18T09:00:43+00:00,0.69,clob_prices_history
17398942423057686582491252867921221591924525918102079345877032638913486446065,0x139ba0e7f931f09466c0fb27fc8ddb5e77ce9d1e2bdc953a5f22765bf779452f,1773825341,2026-03-18T09:15:41+00:00,0.69,clob_prices_history
17398942423057686582491252867921221591924525918102079345877032638913486446065,0x139ba0e7f931f09466c0fb27fc8ddb5e77ce9d1e2bdc953a5f22765bf779452f,1773826231,2026-03-18T09:30:31+00:00,0.69,clob_prices_history
17398942423057686582491252867921221591924525918102079345877032638913486446065,0x139ba0e7f931f09466c0fb27fc8ddb5e77ce9d1e2bdc953a5f22765bf779452f,1773827129,2026-03-18T09:45:29+00:00,0.69,clob_prices_history
17398942423057686582491252867921221591924525918102079345877032638913486446065,0x139ba0e7f931f09466c0fb27fc8ddb5e77ce9d1e2bdc953a5f22765bf779452f,1773828034,2026-03-18T10:00:34+00:00,0.69,clob_prices_history
17398942423057686582491252867921221591924525918102079345877032638913486446065,0x139ba0e7f931f09466c0fb27fc8ddb5e77ce9d1e2bdc953a5f22765bf779452f,1773828933,2026-03-18T10:15:33+00:00,0.69,clob_prices_history
17398942423057686582491252867921221591924525918102079345877032638913486446065,0x139ba0e7f931f09466c0fb27fc8ddb5e77ce9d1e2bdc953a5f22765bf779452f,1773829830,2026-03-18T10:30:30+00:00,0.69,clob_prices_history
17398942423057686582491252867921221591924525918102079345877032638913486446065,0x139ba0e7f931f09466c0fb27fc8ddb5e77ce9d1e2bdc953a5f22765bf779452f,1773830737,2026-03-18T10:45:37+00:00,0.69,clob_prices_history
17398942423057686582491252867921221591924525918102079345877032638913486446065,0x139ba0e7f931f09466c0fb27fc8ddb5e77ce9d1e2bdc953a5f22765bf779452f,1773831632,2026-03-18T11:00:32+00:00,0.69,clob_prices_history
17398942423057686582491252867921221591924525918102079345877032638913486446065,0x139ba0e7f931f09466c0fb27fc8ddb5e77ce9d1e2bdc953a5f22765bf779452f,1773832529,2026-03-18T11:15:29+00:00,0.69,clob_prices_history
17398942423057686582491252867921221591924525918102079345877032638913486446065,0x139ba0e7f931f09466c0fb27fc8ddb5e77ce9d1e2bdc953a5f22765bf779452f,1773833436,2026-03-18T11:30:36+00:00,0.69,clob_prices_history
17398942423057686582491252867921221591924525918102079345877032638913486446065,0x139ba0e7f931f09466c0fb27fc8ddb5e77ce9d1e2bdc953a5f22765bf779452f,1773834328,2026-03-18T11:45:28+00:00,0.685,clob_prices_history
17398942423057686582491252867921221591924525918102079345877032638913486446065,0x139ba0e7f931f09466c0fb27fc8ddb5e77ce9d1e2bdc953a5f22765bf779452f,1773835249,2026-03-18T12:00:49+00:00,0.685,clob_prices_history
17398942423057686582491252867921221591924525918102079345877032638913486446065,0x139ba0e7f931f09466c0fb27fc8ddb5e77ce9d1e2bdc953a5f22765bf779452f,1773836131,2026-03-18T12:15:31+00:00,0.685,clob_prices_history
17398942423057686582491252867921221591924525918102079345877032638913486446065,0x139ba0e7f931f09466c0fb27fc8ddb5e77ce9d1e2bdc953a5f22765bf779452f,1773837034,2026-03-18T12:30:34+00:00,0.685,clob_prices_history
17398942423057686582491252867921221591924525918102079345877032638913486446065,0x139ba0e7f931f09466c0fb27fc8ddb5e77ce9d1e2bdc953a5f22765bf779452f,1773837932,2026-03-18T12:45:32+00:00,0.695,clob_prices_history
17398942423057686582491252867921221591924525918102079345877032638913486446065,0x139ba0e7f931f09466c0fb27fc8ddb5e77ce9d1e2bdc953a5f22765bf779452f,1773838831,2026-03-18T13:00:31+00:00,0.695,clob_prices_history
17398942423057686582491252867921221591924525918102079345877032638913486446065,0x139ba0e7f931f09466c0fb27fc8ddb5e77ce9d1e2bdc953a5f22765bf779452f,1773839730,2026-03-18T13:15:30+00:00,0.695,clob_prices_history
17398942423057686582491252867921221591924525918102079345877032638913486446065,0x139ba0e7f931f09466c0fb27fc8ddb5e77ce9d1e2bdc953a5f22765bf779452f,1773840635,2026-03-18T13:30:35+00:00,0.695,clob_prices_history
17398942423057686582491252867921221591924525918102079345877032638913486446065,0x139ba0e7f931f09466c0fb27fc8ddb5e77ce9d1e2bdc953a5f22765bf779452f,1773841529,2026-03-18T13:45:29+00:00,0.695,clob_prices_history
17398942423057686582491252867921221591924525918102079345877032638913486446065,0x139ba0e7f931f09466c0fb27fc8ddb5e77ce9d1e2bdc953a5f22765bf779452f,1773842435,2026-03-18T14:00:35+00:00,0.695,clob_prices_history
17398942423057686582491252867921221591924525918102079345877032638913486446065,0x139ba0e7f931f09466c0fb27fc8ddb5e77ce9d1e2bdc953a5f22765bf779452f,1773843333,2026-03-18T14:15:33+00:00,0.695,clob_prices_history
17398942423057686582491252867921221591924525918102079345877032638913486446065,0x139ba0e7f931f09466c0fb27fc8ddb5e77ce9d1e2bdc953a5f22765bf779452f,1773844234,2026-03-18T14:30:34+00:00,0.695,clob_prices_history
17398942423057686582491252867921221591924525918102079345877032638913486446065,0x139ba0e7f931f09466c0fb27fc8ddb5e77ce9d1e2bdc953a5f22765bf779452f,1773845132,2026-03-18T14:45:32+00:00,0.695,clob_prices_history
17398942423057686582491252867921221591924525918102079345877032638913486446065,0x139ba0e7f931f09466c0fb27fc8ddb5e77ce9d1e2bdc953a5f22765bf779452f,1773846047,2026-03-18T15:00:47+00:00,0.695,clob_prices_history
17398942423057686582491252867921221591924525918102079345877032638913486446065,0x139ba0e7f931f09466c0fb27fc8ddb5e77ce9d1e2bdc953a5f22765bf779452f,1773846933,2026-03-18T15:15:33+00:00,0.695,clob_prices_history
17398942423057686582491252867921221591924525918102079345877032638913486446065,0x139ba0e7f931f09466c0fb27fc8ddb5e77ce9d1e2bdc953a5f22765bf779452f,1773847833,2026-03-18T15:30:33+00:00,0.695,clob_prices_history
17398942423057686582491252867921221591924525918102079345877032638913486446065,0x139ba0e7f931f09466c0fb27fc8ddb5e77ce9d1e2bdc953a5f22765bf779452f,1773848732,2026-03-18T15:45:32+00:00,0.695,clob_prices_history
17398942423057686582491252867921221591924525918102079345877032638913486446065,0x139ba0e7f931f09466c0fb27fc8ddb5e77ce9d1e2bdc953a5f22765bf779452f,1773849636,2026-03-18T16:00:36+00:00,0.695,clob_prices_history
17398942423057686582491252867921221591924525918102079345877032638913486446065,0x139ba0e7f931f09466c0fb27fc8ddb5e77ce9d1e2bdc953a5f22765bf779452f,1773850528,2026-03-18T16:15:28+00:00,0.695,clob_prices_history
17398942423057686582491252867921221591924525918102079345877032638913486446065,0x139ba0e7f931f09466c0fb27fc8ddb5e77ce9d1e2bdc953a5f22765bf779452f,1773851434,2026-03-18T16:30:34+00:00,0.695,clob_prices_history
17398942423057686582491252867921221591924525918102079345877032638913486446065,0x139ba0e7f931f09466c0fb27fc8ddb5e77ce9d1e2bdc953a5f22765bf779452f,1773852328,2026-03-18T16:45:28+00:00,0.695,clob_prices_history
17398942423057686582491252867921221591924525918102079345877032638913486446065,0x139ba0e7f931f09466c0fb27fc8ddb5e77ce9d1e2bdc953a5f22765bf779452f,1773853231,2026-03-18T17:00:31+00:00,0.695,clob_prices_history
17398942423057686582491252867921221591924525918102079345877032638913486446065,0x139ba0e7f931f09466c0fb27fc8ddb5e77ce9d1e2bdc953a5f22765bf779452f,1773854129,2026-03-18T17:15:29+00:00,0.695,clob_prices_history
17398942423057686582491252867921221591924525918102079345877032638913486446065,0x139ba0e7f931f09466c0fb27fc8ddb5e77ce9d1e2bdc953a5f22765bf779452f,1773855033,2026-03-18T17:30:33+00:00,0.695,clob_prices_history
17398942423057686582491252867921221591924525918102079345877032638913486446065,0x139ba0e7f931f09466c0fb27fc8ddb5e77ce9d1e2bdc953a5f22765bf779452f,1773855929,2026-03-18T17:45:29+00:00,0.695,clob_prices_history
17398942423057686582491252867921221591924525918102079345877032638913486446065,0x139ba0e7f931f09466c0fb27fc8ddb5e77ce9d1e2bdc953a5f22765bf779452f,1773856845,2026-03-18T18:00:45+00:00,0.695,clob_prices_history
17398942423057686582491252867921221591924525918102079345877032638913486446065,0x139ba0e7f931f09466c0fb27fc8ddb5e77ce9d1e2bdc953a5f22765bf779452f,1773857731,2026-03-18T18:15:31+00:00,0.695,clob_prices_history
17398942423057686582491252867921221591924525918102079345877032638913486446065,0x139ba0e7f931f09466c0fb27fc8ddb5e77ce9d1e2bdc953a5f22765bf779452f,1773858633,2026-03-18T18:30:33+00:00,0.695,clob_prices_history
17398942423057686582491252867921221591924525918102079345877032638913486446065,0x139ba0e7f931f09466c0fb27fc8ddb5e77ce9d1e2bdc953a5f22765bf779452f,1773859533,2026-03-18T18:45:33+00:00,0.695,clob_prices_history
17398942423057686582491252867921221591924525918102079345877032638913486446065,0x139ba0e7f931f09466c0fb27fc8ddb5e77ce9d1e2bdc953a5f22765bf779452f,1773860436,2026-03-18T19:00:36+00:00,0.695,clob_prices_history
17398942423057686582491252867921221591924525918102079345877032638913486446065,0x139ba0e7f931f09466c0fb27fc8ddb5e77ce9d1e2bdc953a5f22765bf779452f,1773861337,2026-03-18T19:15:37+00:00,0.695,clob_prices_history
17398942423057686582491252867921221591924525918102079345877032638913486446065,0x139ba0e7f931f09466c0fb27fc8ddb5e77ce9d1e2bdc953a5f22765bf779452f,1773862234,2026-03-18T19:30:34+00:00,0.695,clob_prices_history
17398942423057686582491252867921221591924525918102079345877032638913486446065,0x139ba0e7f931f09466c0fb27fc8ddb5e77ce9d1e2bdc953a5f22765bf779452f,1773863133,2026-03-18T19:45:33+00:00,0.695,clob_prices_history
17398942423057686582491252867921221591924525918102079345877032638913486446065,0x139ba0e7f931f09466c0fb27fc8ddb5e77ce9d1e2bdc953a5f22765bf779452f,1773864045,2026-03-18T20:00:45+00:00,0.695,clob_prices_history
17398942423057686582491252867921221591924525918102079345877032638913486446065,0x139ba0e7f931f09466c0fb27fc8ddb5e77ce9d1e2bdc953a5f22765bf779452f,1773864933,2026-03-18T20:15:33+00:00,0.695,clob_prices_history
17398942423057686582491252867921221591924525918102079345877032638913486446065,0x139ba0e7f931f09466c0fb27fc8ddb5e77ce9d1e2bdc953a5f22765bf779452f,1773865831,2026-03-18T20:30:31+00:00,0.695,clob_prices_history
17398942423057686582491252867921221591924525918102079345877032638913486446065,0x139ba0e7f931f09466c0fb27fc8ddb5e77ce9d1e2bdc953a5f22765bf779452f,1773866731,2026-03-18T20:45:31+00:00,0.695,clob_prices_history
17398942423057686582491252867921221591924525918102079345877032638913486446065,0x139ba0e7f931f09466c0fb27fc8ddb5e77ce9d1e2bdc953a5f22765bf779452f,1773867643,2026-03-18T21:00:43+00:00,0.695,clob_prices_history
17398942423057686582491252867921221591924525918102079345877032638913486446065,0x139ba0e7f931f09466c0fb27fc8ddb5e77ce9d1e2bdc953a5f22765bf779452f,1773868527,2026-03-18T21:15:27+00:00,0.695,clob_prices_history
17398942423057686582491252867921221591924525918102079345877032638913486446065,0x139ba0e7f931f09466c0fb27fc8ddb5e77ce9d1e2bdc953a5f22765bf779452f,1773869431,2026-03-18T21:30:31+00:00,0.695,clob_prices_history
17398942423057686582491252867921221591924525918102079345877032638913486446065,0x139ba0e7f931f09466c0fb27fc8ddb5e77ce9d1e2bdc953a5f22765bf779452f,1773870328,2026-03-18T21:45:28+00:00,0.695,clob_prices_history
17398942423057686582491252867921221591924525918102079345877032638913486446065,0x139ba0e7f931f09466c0fb27fc8ddb5e77ce9d1e2bdc953a5f22765bf779452f,1773871237,2026-03-18T22:00:37+00:00,0.695,clob_prices_history
17398942423057686582491252867921221591924525918102079345877032638913486446065,0x139ba0e7f931f09466c0fb27fc8ddb5e77ce9d1e2bdc953a5f22765bf779452f,1773872126,2026-03-18T22:15:26+00:00,0.695,clob_prices_history
17398942423057686582491252867921221591924525918102079345877032638913486446065,0x139ba0e7f931f09466c0fb27fc8ddb5e77ce9d1e2bdc953a5f22765bf779452f,1773873030,2026-03-18T22:30:30+00:00,0.695,clob_prices_history
17398942423057686582491252867921221591924525918102079345877032638913486446065,0x139ba0e7f931f09466c0fb27fc8ddb5e77ce9d1e2bdc953a5f22765bf779452f,1773873928,2026-03-18T22:45:28+00:00,0.695,clob_prices_history
17398942423057686582491252867921221591924525918102079345877032638913486446065,0x139ba0e7f931f09466c0fb27fc8ddb5e77ce9d1e2bdc953a5f22765bf779452f,1773874829,2026-03-18T23:00:29+00:00,0.695,clob_prices_history
17398942423057686582491252867921221591924525918102079345877032638913486446065,0x139ba0e7f931f09466c0fb27fc8ddb5e77ce9d1e2bdc953a5f22765bf779452f,1773875729,2026-03-18T23:15:29+00:00,0.695,clob_prices_history
17398942423057686582491252867921221591924525918102079345877032638913486446065,0x139ba0e7f931f09466c0fb27fc8ddb5e77ce9d1e2bdc953a5f22765bf779452f,1773876630,2026-03-18T23:30:30+00:00,0.695,clob_prices_history
17398942423057686582491252867921221591924525918102079345877032638913486446065,0x139ba0e7f931f09466c0fb27fc8ddb5e77ce9d1e2bdc953a5f22765bf779452f,1773877526,2026-03-18T23:45:26+00:00,0.695,clob_prices_history
17398942423057686582491252867921221591924525918102079345877032638913486446065,0x139ba0e7f931f09466c0fb27fc8ddb5e77ce9d1e2bdc953a5f22765bf779452f,1773878447,2026-03-19T00:00:47+00:00,0.695,clob_prices_history
17398942423057686582491252867921221591924525918102079345877032638913486446065,0x139ba0e7f931f09466c0fb27fc8ddb5e77ce9d1e2bdc953a5f22765bf779452f,1773879328,2026-03-19T00:15:28+00:00,0.695,clob_prices_history
17398942423057686582491252867921221591924525918102079345877032638913486446065,0x139ba0e7f931f09466c0fb27fc8ddb5e77ce9d1e2bdc953a5f22765bf779452f,1773880232,2026-03-19T00:30:32+00:00,0.695,clob_prices_history
17398942423057686582491252867921221591924525918102079345877032638913486446065,0x139ba0e7f931f09466c0fb27fc8ddb5e77ce9d1e2bdc953a5f22765bf779452f,1773881130,2026-03-19T00:45:30+00:00,0.695,clob_prices_history
17398942423057686582491252867921221591924525918102079345877032638913486446065,0x139ba0e7f931f09466c0fb27fc8ddb5e77ce9d1e2bdc953a5f22765bf779452f,1773882032,2026-03-19T01:00:32+00:00,0.695,clob_prices_history
17398942423057686582491252867921221591924525918102079345877032638913486446065,0x139ba0e7f931f09466c0fb27fc8ddb5e77ce9d1e2bdc953a5f22765bf779452f,1773882931,2026-03-19T01:15:31+00:00,0.705,clob_prices_history
17398942423057686582491252867921221591924525918102079345877032638913486446065,0x139ba0e7f931f09466c0fb27fc8ddb5e77ce9d1e2bdc953a5f22765bf779452f,1773883832,2026-03-19T01:30:32+00:00,0.705,clob_prices_history
17398942423057686582491252867921221591924525918102079345877032638913486446065,0x139ba0e7f931f09466c0fb27fc8ddb5e77ce9d1e2bdc953a5f22765bf779452f,1773884733,2026-03-19T01:45:33+00:00,0.705,clob_prices_history
17398942423057686582491252867921221591924525918102079345877032638913486446065,0x139ba0e7f931f09466c0fb27fc8ddb5e77ce9d1e2bdc953a5f22765bf779452f,1773885632,2026-03-19T02:00:32+00:00,0.75,clob_prices_history
17398942423057686582491252867921221591924525918102079345877032638913486446065,0x139ba0e7f931f09466c0fb27fc8ddb5e77ce9d1e2bdc953a5f22765bf779452f,1773886531,2026-03-19T02:15:31+00:00,0.75,clob_prices_history
17398942423057686582491252867921221591924525918102079345877032638913486446065,0x139ba0e7f931f09466c0fb27fc8ddb5e77ce9d1e2bdc953a5f22765bf779452f,1773887432,2026-03-19T02:30:32+00:00,0.745,clob_prices_history
17398942423057686582491252867921221591924525918102079345877032638913486446065,0x139ba0e7f931f09466c0fb27fc8ddb5e77ce9d1e2bdc953a5f22765bf779452f,1773888336,2026-03-19T02:45:36+00:00,0.75,clob_prices_history
17398942423057686582491252867921221591924525918102079345877032638913486446065,0x139ba0e7f931f09466c0fb27fc8ddb5e77ce9d1e2bdc953a5f22765bf779452f,1773889242,2026-03-19T03:00:42+00:00,0.77,clob_prices_history
17398942423057686582491252867921221591924525918102079345877032638913486446065,0x139ba0e7f931f09466c0fb27fc8ddb5e77ce9d1e2bdc953a5f22765bf779452f,1773890130,2026-03-19T03:15:30+00:00,0.77,clob_prices_history
17398942423057686582491252867921221591924525918102079345877032638913486446065,0x139ba0e7f931f09466c0fb27fc8ddb5e77ce9d1e2bdc953a5f22765bf779452f,1773891034,2026-03-19T03:30:34+00:00,0.78,clob_prices_history
17398942423057686582491252867921221591924525918102079345877032638913486446065,0x139ba0e7f931f09466c0fb27fc8ddb5e77ce9d1e2bdc953a5f22765bf779452f,1773891929,2026-03-19T03:45:29+00:00,0.78,clob_prices_history
17398942423057686582491252867921221591924525918102079345877032638913486446065,0x139ba0e7f931f09466c0fb27fc8ddb5e77ce9d1e2bdc953a5f22765bf779452f,1773892834,2026-03-19T04:00:34+00:00,0.78,clob_prices_history
17398942423057686582491252867921221591924525918102079345877032638913486446065,0x139ba0e7f931f09466c0fb27fc8ddb5e77ce9d1e2bdc953a5f22765bf779452f,1773893732,2026-03-19T04:15:32+00:00,0.785,clob_prices_history
17398942423057686582491252867921221591924525918102079345877032638913486446065,0x139ba0e7f931f09466c0fb27fc8ddb5e77ce9d1e2bdc953a5f22765bf779452f,1773894632,2026-03-19T04:30:32+00:00,0.785,clob_prices_history
17398942423057686582491252867921221591924525918102079345877032638913486446065,0x139ba0e7f931f09466c0fb27fc8ddb5e77ce9d1e2bdc953a5f22765bf779452f,1773895530,2026-03-19T04:45:30+00:00,0.785,clob_prices_history
17398942423057686582491252867921221591924525918102079345877032638913486446065,0x139ba0e7f931f09466c0fb27fc8ddb5e77ce9d1e2bdc953a5f22765bf779452f,1773896431,2026-03-19T05:00:31+00:00,0.785,clob_prices_history
17398942423057686582491252867921221591924525918102079345877032638913486446065,0x139ba0e7f931f09466c0fb27fc8ddb5e77ce9d1e2bdc953a5f22765bf779452f,1773897330,2026-03-19T05:15:30+00:00,0.78,clob_prices_history
17398942423057686582491252867921221591924525918102079345877032638913486446065,0x139ba0e7f931f09466c0fb27fc8ddb5e77ce9d1e2bdc953a5f22765bf779452f,1773898238,2026-03-19T05:30:38+00:00,0.78,clob_prices_history
17398942423057686582491252867921221591924525918102079345877032638913486446065,0x139ba0e7f931f09466c0fb27fc8ddb5e77ce9d1e2bdc953a5f22765bf779452f,1773899129,2026-03-19T05:45:29+00:00,0.78,clob_prices_history
17398942423057686582491252867921221591924525918102079345877032638913486446065,0x139ba0e7f931f09466c0fb27fc8ddb5e77ce9d1e2bdc953a5f22765bf779452f,1773900055,2026-03-19T06:00:55+00:00,0.79,clob_prices_history
17398942423057686582491252867921221591924525918102079345877032638913486446065,0x139ba0e7f931f09466c0fb27fc8ddb5e77ce9d1e2bdc953a5f22765bf779452f,1773900927,2026-03-19T06:15:27+00:00,0.79,clob_prices_history
17398942423057686582491252867921221591924525918102079345877032638913486446065,0x139ba0e7f931f09466c0fb27fc8ddb5e77ce9d1e2bdc953a5f22765bf779452f,1773901836,2026-03-19T06:30:36+00:00,0.795,clob_prices_history
17398942423057686582491252867921221591924525918102079345877032638913486446065,0x139ba0e7f931f09466c0fb27fc8ddb5e77ce9d1e2bdc953a5f22765bf779452f,1773902729,2026-03-19T06:45:29+00:00,0.785,clob_prices_history
17398942423057686582491252867921221591924525918102079345877032638913486446065,0x139ba0e7f931f09466c0fb27fc8ddb5e77ce9d1e2bdc953a5f22765bf779452f,1773903645,2026-03-19T07:00:45+00:00,0.785,clob_prices_history
17398942423057686582491252867921221591924525918102079345877032638913486446065,0x139ba0e7f931f09466c0fb27fc8ddb5e77ce9d1e2bdc953a5f22765bf779452f,1773904528,2026-03-19T07:15:28+00:00,0.785,clob_prices_history
17398942423057686582491252867921221591924525918102079345877032638913486446065,0x139ba0e7f931f09466c0fb27fc8ddb5e77ce9d1e2bdc953a5f22765bf779452f,1773905431,2026-03-19T07:30:31+00:00,0.785,clob_prices_history
17398942423057686582491252867921221591924525918102079345877032638913486446065,0x139ba0e7f931f09466c0fb27fc8ddb5e77ce9d1e2bdc953a5f22765bf779452f,1773906331,2026-03-19T07:45:31+00:00,0.79,clob_prices_history
17398942423057686582491252867921221591924525918102079345877032638913486446065,0x139ba0e7f931f09466c0fb27fc8ddb5e77ce9d1e2bdc953a5f22765bf779452f,1773907232,2026-03-19T08:00:32+00:00,0.79,clob_prices_history
17398942423057686582491252867921221591924525918102079345877032638913486446065,0x139ba0e7f931f09466c0fb27fc8ddb5e77ce9d1e2bdc953a5f22765bf779452f,1773908130,2026-03-19T08:15:30+00:00,0.8,clob_prices_history
17398942423057686582491252867921221591924525918102079345877032638913486446065,0x139ba0e7f931f09466c0fb27fc8ddb5e77ce9d1e2bdc953a5f22765bf779452f,1773909029,2026-03-19T08:30:29+00:00,0.8,clob_prices_history
17398942423057686582491252867921221591924525918102079345877032638913486446065,0x139ba0e7f931f09466c0fb27fc8ddb5e77ce9d1e2bdc953a5f22765bf779452f,1773909939,2026-03-19T08:45:39+00:00,0.805,clob_prices_history
17398942423057686582491252867921221591924525918102079345877032638913486446065,0x139ba0e7f931f09466c0fb27fc8ddb5e77ce9d1e2bdc953a5f22765bf779452f,1773910855,2026-03-19T09:00:55+00:00,0.805,clob_prices_history
17398942423057686582491252867921221591924525918102079345877032638913486446065,0x139ba0e7f931f09466c0fb27fc8ddb5e77ce9d1e2bdc953a5f22765bf779452f,1773911725,2026-03-19T09:15:25+00:00,0.805,clob_prices_history
17398942423057686582491252867921221591924525918102079345877032638913486446065,0x139ba0e7f931f09466c0fb27fc8ddb5e77ce9d1e2bdc953a5f22765bf779452f,1773912635,2026-03-19T09:30:35+00:00,0.79,clob_prices_history
17398942423057686582491252867921221591924525918102079345877032638913486446065,0x139ba0e7f931f09466c0fb27fc8ddb5e77ce9d1e2bdc953a5f22765bf779452f,1773913528,2026-03-19T09:45:28+00:00,0.79,clob_prices_history
17398942423057686582491252867921221591924525918102079345877032638913486446065,0x139ba0e7f931f09466c0fb27fc8ddb5e77ce9d1e2bdc953a5f22765bf779452f,1773914432,2026-03-19T10:00:32+00:00,0.8,clob_prices_history
17398942423057686582491252867921221591924525918102079345877032638913486446065,0x139ba0e7f931f09466c0fb27fc8ddb5e77ce9d1e2bdc953a5f22765bf779452f,1773915325,2026-03-19T10:15:25+00:00,0.8,clob_prices_history
17398942423057686582491252867921221591924525918102079345877032638913486446065,0x139ba0e7f931f09466c0fb27fc8ddb5e77ce9d1e2bdc953a5f22765bf779452f,1773916229,2026-03-19T10:30:29+00:00,0.8,clob_prices_history
17398942423057686582491252867921221591924525918102079345877032638913486446065,0x139ba0e7f931f09466c0fb27fc8ddb5e77ce9d1e2bdc953a5f22765bf779452f,1773917126,2026-03-19T10:45:26+00:00,0.8,clob_prices_history
17398942423057686582491252867921221591924525918102079345877032638913486446065,0x139ba0e7f931f09466c0fb27fc8ddb5e77ce9d1e2bdc953a5f22765bf779452f,1773918044,2026-03-19T11:00:44+00:00,0.795,clob_prices_history
17398942423057686582491252867921221591924525918102079345877032638913486446065,0x139ba0e7f931f09466c0fb27fc8ddb5e77ce9d1e2bdc953a5f22765bf779452f,1773918928,2026-03-19T11:15:28+00:00,0.785,clob_prices_history
17398942423057686582491252867921221591924525918102079345877032638913486446065,0x139ba0e7f931f09466c0fb27fc8ddb5e77ce9d1e2bdc953a5f22765bf779452f,1773919832,2026-03-19T11:30:32+00:00,0.78,clob_prices_history
17398942423057686582491252867921221591924525918102079345877032638913486446065,0x139ba0e7f931f09466c0fb27fc8ddb5e77ce9d1e2bdc953a5f22765bf779452f,1773920726,2026-03-19T11:45:26+00:00,0.79,clob_prices_history
17398942423057686582491252867921221591924525918102079345877032638913486446065,0x139ba0e7f931f09466c0fb27fc8ddb5e77ce9d1e2bdc953a5f22765bf779452f,1773921635,2026-03-19T12:00:35+00:00,0.79,clob_prices_history
17398942423057686582491252867921221591924525918102079345877032638913486446065,0x139ba0e7f931f09466c0fb27fc8ddb5e77ce9d1e2bdc953a5f22765bf779452f,1773922532,2026-03-19T12:15:32+00:00,0.79,clob_prices_history
17398942423057686582491252867921221591924525918102079345877032638913486446065,0x139ba0e7f931f09466c0fb27fc8ddb5e77ce9d1e2bdc953a5f22765bf779452f,1773923437,2026-03-19T12:30:37+00:00,0.79,clob_prices_history
17398942423057686582491252867921221591924525918102079345877032638913486446065,0x139ba0e7f931f09466c0fb27fc8ddb5e77ce9d1e2bdc953a5f22765bf779452f,1773924331,2026-03-19T12:45:31+00:00,0.79,clob_prices_history
17398942423057686582491252867921221591924525918102079345877032638913486446065,0x139ba0e7f931f09466c0fb27fc8ddb5e77ce9d1e2bdc953a5f22765bf779452f,1773925233,2026-03-19T13:00:33+00:00,0.8,clob_prices_history
17398942423057686582491252867921221591924525918102079345877032638913486446065,0x139ba0e7f931f09466c0fb27fc8ddb5e77ce9d1e2bdc953a5f22765bf779452f,1773926129,2026-03-19T13:15:29+00:00,0.795,clob_prices_history
17398942423057686582491252867921221591924525918102079345877032638913486446065,0x139ba0e7f931f09466c0fb27fc8ddb5e77ce9d1e2bdc953a5f22765bf779452f,1773927043,2026-03-19T13:30:43+00:00,0.785,clob_prices_history
17398942423057686582491252867921221591924525918102079345877032638913486446065,0x139ba0e7f931f09466c0fb27fc8ddb5e77ce9d1e2bdc953a5f22765bf779452f,1773927931,2026-03-19T13:45:31+00:00,0.785,clob_prices_history
17398942423057686582491252867921221591924525918102079345877032638913486446065,0x139ba0e7f931f09466c0fb27fc8ddb5e77ce9d1e2bdc953a5f22765bf779452f,1773928833,2026-03-19T14:00:33+00:00,0.785,clob_prices_history
17398942423057686582491252867921221591924525918102079345877032638913486446065,0x139ba0e7f931f09466c0fb27fc8ddb5e77ce9d1e2bdc953a5f22765bf779452f,1773929731,2026-03-19T14:15:31+00:00,0.785,clob_prices_history
17398942423057686582491252867921221591924525918102079345877032638913486446065,0x139ba0e7f931f09466c0fb27fc8ddb5e77ce9d1e2bdc953a5f22765bf779452f,1773930639,2026-03-19T14:30:39+00:00,0.785,clob_prices_history
17398942423057686582491252867921221591924525918102079345877032638913486446065,0x139ba0e7f931f09466c0fb27fc8ddb5e77ce9d1e2bdc953a5f22765bf779452f,1773931531,2026-03-19T14:45:31+00:00,0.785,clob_prices_history
17398942423057686582491252867921221591924525918102079345877032638913486446065,0x139ba0e7f931f09466c0fb27fc8ddb5e77ce9d1e2bdc953a5f22765bf779452f,1773932436,2026-03-19T15:00:36+00:00,0.785,clob_prices_history
17398942423057686582491252867921221591924525918102079345877032638913486446065,0x139ba0e7f931f09466c0fb27fc8ddb5e77ce9d1e2bdc953a5f22765bf779452f,1773933329,2026-03-19T15:15:29+00:00,0.785,clob_prices_history
17398942423057686582491252867921221591924525918102079345877032638913486446065,0x139ba0e7f931f09466c0fb27fc8ddb5e77ce9d1e2bdc953a5f22765bf779452f,1773934235,2026-03-19T15:30:35+00:00,0.785,clob_prices_history
17398942423057686582491252867921221591924525918102079345877032638913486446065,0x139ba0e7f931f09466c0fb27fc8ddb5e77ce9d1e2bdc953a5f22765bf779452f,1773935136,2026-03-19T15:45:36+00:00,0.785,clob_prices_history
17398942423057686582491252867921221591924525918102079345877032638913486446065,0x139ba0e7f931f09466c0fb27fc8ddb5e77ce9d1e2bdc953a5f22765bf779452f,1773936033,2026-03-19T16:00:33+00:00,0.785,clob_prices_history
17398942423057686582491252867921221591924525918102079345877032638913486446065,0x139ba0e7f931f09466c0fb27fc8ddb5e77ce9d1e2bdc953a5f22765bf779452f,1773936931,2026-03-19T16:15:31+00:00,0.785,clob_prices_history
17398942423057686582491252867921221591924525918102079345877032638913486446065,0x139ba0e7f931f09466c0fb27fc8ddb5e77ce9d1e2bdc953a5f22765bf779452f,1773937835,2026-03-19T16:30:35+00:00,0.785,clob_prices_history
17398942423057686582491252867921221591924525918102079345877032638913486446065,0x139ba0e7f931f09466c0fb27fc8ddb5e77ce9d1e2bdc953a5f22765bf779452f,1773938732,2026-03-19T16:45:32+00:00,0.785,clob_prices_history
17398942423057686582491252867921221591924525918102079345877032638913486446065,0x139ba0e7f931f09466c0fb27fc8ddb5e77ce9d1e2bdc953a5f22765bf779452f,1773939655,2026-03-19T17:00:55+00:00,0.785,clob_prices_history
17398942423057686582491252867921221591924525918102079345877032638913486446065,0x139ba0e7f931f09466c0fb27fc8ddb5e77ce9d1e2bdc953a5f22765bf779452f,1773940546,2026-03-19T17:15:46+00:00,0.785,clob_prices_history
17398942423057686582491252867921221591924525918102079345877032638913486446065,0x139ba0e7f931f09466c0fb27fc8ddb5e77ce9d1e2bdc953a5f22765bf779452f,1773941437,2026-03-19T17:30:37+00:00,0.785,clob_prices_history
17398942423057686582491252867921221591924525918102079345877032638913486446065,0x139ba0e7f931f09466c0fb27fc8ddb5e77ce9d1e2bdc953a5f22765bf779452f,1773942332,2026-03-19T17:45:32+00:00,0.785,clob_prices_history
17398942423057686582491252867921221591924525918102079345877032638913486446065,0x139ba0e7f931f09466c0fb27fc8ddb5e77ce9d1e2bdc953a5f22765bf779452f,1773943238,2026-03-19T18:00:38+00:00,0.78,clob_prices_history
17398942423057686582491252867921221591924525918102079345877032638913486446065,0x139ba0e7f931f09466c0fb27fc8ddb5e77ce9d1e2bdc953a5f22765bf779452f,1773944131,2026-03-19T18:15:31+00:00,0.78,clob_prices_history
17398942423057686582491252867921221591924525918102079345877032638913486446065,0x139ba0e7f931f09466c0fb27fc8ddb5e77ce9d1e2bdc953a5f22765bf779452f,1773945033,2026-03-19T18:30:33+00:00,0.78,clob_prices_history
17398942423057686582491252867921221591924525918102079345877032638913486446065,0x139ba0e7f931f09466c0fb27fc8ddb5e77ce9d1e2bdc953a5f22765bf779452f,1773945931,2026-03-19T18:45:31+00:00,0.78,clob_prices_history
17398942423057686582491252867921221591924525918102079345877032638913486446065,0x139ba0e7f931f09466c0fb27fc8ddb5e77ce9d1e2bdc953a5f22765bf779452f,1773946834,2026-03-19T19:00:34+00:00,0.78,clob_prices_history
17398942423057686582491252867921221591924525918102079345877032638913486446065,0x139ba0e7f931f09466c0fb27fc8ddb5e77ce9d1e2bdc953a5f22765bf779452f,1773947733,2026-03-19T19:15:33+00:00,0.78,clob_prices_history
17398942423057686582491252867921221591924525918102079345877032638913486446065,0x139ba0e7f931f09466c0fb27fc8ddb5e77ce9d1e2bdc953a5f22765bf779452f,1773948636,2026-03-19T19:30:36+00:00,0.78,clob_prices_history
17398942423057686582491252867921221591924525918102079345877032638913486446065,0x139ba0e7f931f09466c0fb27fc8ddb5e77ce9d1e2bdc953a5f22765bf779452f,1773949532,2026-03-19T19:45:32+00:00,0.78,clob_prices_history
17398942423057686582491252867921221591924525918102079345877032638913486446065,0x139ba0e7f931f09466c0fb27fc8ddb5e77ce9d1e2bdc953a5f22765bf779452f,1773950434,2026-03-19T20:00:34+00:00,0.78,clob_prices_history
17398942423057686582491252867921221591924525918102079345877032638913486446065,0x139ba0e7f931f09466c0fb27fc8ddb5e77ce9d1e2bdc953a5f22765bf779452f,1773951330,2026-03-19T20:15:30+00:00,0.785,clob_prices_history
17398942423057686582491252867921221591924525918102079345877032638913486446065,0x139ba0e7f931f09466c0fb27fc8ddb5e77ce9d1e2bdc953a5f22765bf779452f,1773952232,2026-03-19T20:30:32+00:00,0.785,clob_prices_history
17398942423057686582491252867921221591924525918102079345877032638913486446065,0x139ba0e7f931f09466c0fb27fc8ddb5e77ce9d1e2bdc953a5f22765bf779452f,1773953130,2026-03-19T20:45:30+00:00,0.79,clob_prices_history
17398942423057686582491252867921221591924525918102079345877032638913486446065,0x139ba0e7f931f09466c0fb27fc8ddb5e77ce9d1e2bdc953a5f22765bf779452f,1773954038,2026-03-19T21:00:38+00:00,0.79,clob_prices_history
17398942423057686582491252867921221591924525918102079345877032638913486446065,0x139ba0e7f931f09466c0fb27fc8ddb5e77ce9d1e2bdc953a5f22765bf779452f,1773954935,2026-03-19T21:15:35+00:00,0.785,clob_prices_history
17398942423057686582491252867921221591924525918102079345877032638913486446065,0x139ba0e7f931f09466c0fb27fc8ddb5e77ce9d1e2bdc953a5f22765bf779452f,1773955832,2026-03-19T21:30:32+00:00,0.785,clob_prices_history
17398942423057686582491252867921221591924525918102079345877032638913486446065,0x139ba0e7f931f09466c0fb27fc8ddb5e77ce9d1e2bdc953a5f22765bf779452f,1773956729,2026-03-19T21:45:29+00:00,0.785,clob_prices_history
17398942423057686582491252867921221591924525918102079345877032638913486446065,0x139ba0e7f931f09466c0fb27fc8ddb5e77ce9d1e2bdc953a5f22765bf779452f,1773957635,2026-03-19T22:00:35+00:00,0.785,clob_prices_history
17398942423057686582491252867921221591924525918102079345877032638913486446065,0x139ba0e7f931f09466c0fb27fc8ddb5e77ce9d1e2bdc953a5f22765bf779452f,1773958529,2026-03-19T22:15:29+00:00,0.785,clob_prices_history
17398942423057686582491252867921221591924525918102079345877032638913486446065,0x139ba0e7f931f09466c0fb27fc8ddb5e77ce9d1e2bdc953a5f22765bf779452f,1773959435,2026-03-19T22:30:35+00:00,0.785,clob_prices_history
17398942423057686582491252867921221591924525918102079345877032638913486446065,0x139ba0e7f931f09466c0fb27fc8ddb5e77ce9d1e2bdc953a5f22765bf779452f,1773960327,2026-03-19T22:45:27+00:00,0.785,clob_prices_history
17398942423057686582491252867921221591924525918102079345877032638913486446065,0x139ba0e7f931f09466c0fb27fc8ddb5e77ce9d1e2bdc953a5f22765bf779452f,1773961234,2026-03-19T23:00:34+00:00,0.785,clob_prices_history
17398942423057686582491252867921221591924525918102079345877032638913486446065,0x139ba0e7f931f09466c0fb27fc8ddb5e77ce9d1e2bdc953a5f22765bf779452f,1773962131,2026-03-19T23:15:31+00:00,0.785,clob_prices_history
17398942423057686582491252867921221591924525918102079345877032638913486446065,0x139ba0e7f931f09466c0fb27fc8ddb5e77ce9d1e2bdc953a5f22765bf779452f,1773963048,2026-03-19T23:30:48+00:00,0.765,clob_prices_history
17398942423057686582491252867921221591924525918102079345877032638913486446065,0x139ba0e7f931f09466c0fb27fc8ddb5e77ce9d1e2bdc953a5f22765bf779452f,1773963932,2026-03-19T23:45:32+00:00,0.765,clob_prices_history
17398942423057686582491252867921221591924525918102079345877032638913486446065,0x139ba0e7f931f09466c0fb27fc8ddb5e77ce9d1e2bdc953a5f22765bf779452f,1773964841,2026-03-20T00:00:41+00:00,0.765,clob_prices_history
17398942423057686582491252867921221591924525918102079345877032638913486446065,0x139ba0e7f931f09466c0fb27fc8ddb5e77ce9d1e2bdc953a5f22765bf779452f,1773965730,2026-03-20T00:15:30+00:00,0.765,clob_prices_history
17398942423057686582491252867921221591924525918102079345877032638913486446065,0x139ba0e7f931f09466c0fb27fc8ddb5e77ce9d1e2bdc953a5f22765bf779452f,1773966633,2026-03-20T00:30:33+00:00,0.765,clob_prices_history
17398942423057686582491252867921221591924525918102079345877032638913486446065,0x139ba0e7f931f09466c0fb27fc8ddb5e77ce9d1e2bdc953a5f22765bf779452f,1773967544,2026-03-20T00:45:44+00:00,0.76,clob_prices_history
17398942423057686582491252867921221591924525918102079345877032638913486446065,0x139ba0e7f931f09466c0fb27fc8ddb5e77ce9d1e2bdc953a5f22765bf779452f,1773968432,2026-03-20T01:00:32+00:00,0.765,clob_prices_history
17398942423057686582491252867921221591924525918102079345877032638913486446065,0x139ba0e7f931f09466c0fb27fc8ddb5e77ce9d1e2bdc953a5f22765bf779452f,1773969338,2026-03-20T01:15:38+00:00,0.76,clob_prices_history
17398942423057686582491252867921221591924525918102079345877032638913486446065,0x139ba0e7f931f09466c0fb27fc8ddb5e77ce9d1e2bdc953a5f22765bf779452f,1773970239,2026-03-20T01:30:39+00:00,0.76,clob_prices_history
17398942423057686582491252867921221591924525918102079345877032638913486446065,0x139ba0e7f931f09466c0fb27fc8ddb5e77ce9d1e2bdc953a5f22765bf779452f,1773971124,2026-03-20T01:45:24+00:00,0.76,clob_prices_history
17398942423057686582491252867921221591924525918102079345877032638913486446065,0x139ba0e7f931f09466c0fb27fc8ddb5e77ce9d1e2bdc953a5f22765bf779452f,1773972051,2026-03-20T02:00:51+00:00,0.765,clob_prices_history
17398942423057686582491252867921221591924525918102079345877032638913486446065,0x139ba0e7f931f09466c0fb27fc8ddb5e77ce9d1e2bdc953a5f22765bf779452f,1773972930,2026-03-20T02:15:30+00:00,0.765,clob_prices_history
17398942423057686582491252867921221591924525918102079345877032638913486446065,0x139ba0e7f931f09466c0fb27fc8ddb5e77ce9d1e2bdc953a5f22765bf779452f,1773974736,2026-03-20T02:45:36+00:00,0.75,clob_prices_history
17398942423057686582491252867921221591924525918102079345877032638913486446065,0x139ba0e7f931f09466c0fb27fc8ddb5e77ce9d1e2bdc953a5f22765bf779452f,1773975658,2026-03-20T03:00:58+00:00,0.75,clob_prices_history
17398942423057686582491252867921221591924525918102079345877032638913486446065,0x139ba0e7f931f09466c0fb27fc8ddb5e77ce9d1e2bdc953a5f22765bf779452f,1773976546,2026-03-20T03:15:46+00:00,0.75,clob_prices_history
17398942423057686582491252867921221591924525918102079345877032638913486446065,0x139ba0e7f931f09466c0fb27fc8ddb5e77ce9d1e2bdc953a5f22765bf779452f,1773977440,2026-03-20T03:30:40+00:00,0.735,clob_prices_history
17398942423057686582491252867921221591924525918102079345877032638913486446065,0x139ba0e7f931f09466c0fb27fc8ddb5e77ce9d1e2bdc953a5f22765bf779452f,1773978334,2026-03-20T03:45:34+00:00,0.735,clob_prices_history
17398942423057686582491252867921221591924525918102079345877032638913486446065,0x139ba0e7f931f09466c0fb27fc8ddb5e77ce9d1e2bdc953a5f22765bf779452f,1773979241,2026-03-20T04:00:41+00:00,0.73,clob_prices_history
17398942423057686582491252867921221591924525918102079345877032638913486446065,0x139ba0e7f931f09466c0fb27fc8ddb5e77ce9d1e2bdc953a5f22765bf779452f,1773980137,2026-03-20T04:15:37+00:00,0.735,clob_prices_history
17398942423057686582491252867921221591924525918102079345877032638913486446065,0x139ba0e7f931f09466c0fb27fc8ddb5e77ce9d1e2bdc953a5f22765bf779452f,1773981039,2026-03-20T04:30:39+00:00,0.735,clob_prices_history
17398942423057686582491252867921221591924525918102079345877032638913486446065,0x139ba0e7f931f09466c0fb27fc8ddb5e77ce9d1e2bdc953a5f22765bf779452f,1773981928,2026-03-20T04:45:28+00:00,0.73,clob_prices_history
17398942423057686582491252867921221591924525918102079345877032638913486446065,0x139ba0e7f931f09466c0fb27fc8ddb5e77ce9d1e2bdc953a5f22765bf779452f,1773982834,2026-03-20T05:00:34+00:00,0.725,clob_prices_history
17398942423057686582491252867921221591924525918102079345877032638913486446065,0x139ba0e7f931f09466c0fb27fc8ddb5e77ce9d1e2bdc953a5f22765bf779452f,1773983730,2026-03-20T05:15:30+00:00,0.725,clob_prices_history
17398942423057686582491252867921221591924525918102079345877032638913486446065,0x139ba0e7f931f09466c0fb27fc8ddb5e77ce9d1e2bdc953a5f22765bf779452f,1773984631,2026-03-20T05:30:31+00:00,0.725,clob_prices_history
17398942423057686582491252867921221591924525918102079345877032638913486446065,0x139ba0e7f931f09466c0fb27fc8ddb5e77ce9d1e2bdc953a5f22765bf779452f,1773985528,2026-03-20T05:45:28+00:00,0.725,clob_prices_history
17398942423057686582491252867921221591924525918102079345877032638913486446065,0x139ba0e7f931f09466c0fb27fc8ddb5e77ce9d1e2bdc953a5f22765bf779452f,1773986445,2026-03-20T06:00:45+00:00,0.715,clob_prices_history
17398942423057686582491252867921221591924525918102079345877032638913486446065,0x139ba0e7f931f09466c0fb27fc8ddb5e77ce9d1e2bdc953a5f22765bf779452f,1773987331,2026-03-20T06:15:31+00:00,0.715,clob_prices_history
17398942423057686582491252867921221591924525918102079345877032638913486446065,0x139ba0e7f931f09466c0fb27fc8ddb5e77ce9d1e2bdc953a5f22765bf779452f,1773988236,2026-03-20T06:30:36+00:00,0.715,clob_prices_history
17398942423057686582491252867921221591924525918102079345877032638913486446065,0x139ba0e7f931f09466c0fb27fc8ddb5e77ce9d1e2bdc953a5f22765bf779452f,1773989128,2026-03-20T06:45:28+00:00,0.715,clob_prices_history
17398942423057686582491252867921221591924525918102079345877032638913486446065,0x139ba0e7f931f09466c0fb27fc8ddb5e77ce9d1e2bdc953a5f22765bf779452f,1773990033,2026-03-20T07:00:33+00:00,0.7,clob_prices_history
17398942423057686582491252867921221591924525918102079345877032638913486446065,0x139ba0e7f931f09466c0fb27fc8ddb5e77ce9d1e2bdc953a5f22765bf779452f,1773990930,2026-03-20T07:15:30+00:00,0.7,clob_prices_history
17398942423057686582491252867921221591924525918102079345877032638913486446065,0x139ba0e7f931f09466c0fb27fc8ddb5e77ce9d1e2bdc953a5f22765bf779452f,1773991834,2026-03-20T07:30:34+00:00,0.695,clob_prices_history
17398942423057686582491252867921221591924525918102079345877032638913486446065,0x139ba0e7f931f09466c0fb27fc8ddb5e77ce9d1e2bdc953a5f22765bf779452f,1773992730,2026-03-20T07:45:30+00:00,0.69,clob_prices_history
17398942423057686582491252867921221591924525918102079345877032638913486446065,0x139ba0e7f931f09466c0fb27fc8ddb5e77ce9d1e2bdc953a5f22765bf779452f,1773993633,2026-03-20T08:00:33+00:00,0.695,clob_prices_history
17398942423057686582491252867921221591924525918102079345877032638913486446065,0x139ba0e7f931f09466c0fb27fc8ddb5e77ce9d1e2bdc953a5f22765bf779452f,1773994529,2026-03-20T08:15:29+00:00,0.695,clob_prices_history
17398942423057686582491252867921221591924525918102079345877032638913486446065,0x139ba0e7f931f09466c0fb27fc8ddb5e77ce9d1e2bdc953a5f22765bf779452f,1773995430,2026-03-20T08:30:30+00:00,0.685,clob_prices_history
17398942423057686582491252867921221591924525918102079345877032638913486446065,0x139ba0e7f931f09466c0fb27fc8ddb5e77ce9d1e2bdc953a5f22765bf779452f,1773996334,2026-03-20T08:45:34+00:00,0.73,clob_prices_history
17398942423057686582491252867921221591924525918102079345877032638913486446065,0x139ba0e7f931f09466c0fb27fc8ddb5e77ce9d1e2bdc953a5f22765bf779452f,1773997236,2026-03-20T09:00:36+00:00,0.74,clob_prices_history
17398942423057686582491252867921221591924525918102079345877032638913486446065,0x139ba0e7f931f09466c0fb27fc8ddb5e77ce9d1e2bdc953a5f22765bf779452f,1773998132,2026-03-20T09:15:32+00:00,0.74,clob_prices_history
17398942423057686582491252867921221591924525918102079345877032638913486446065,0x139ba0e7f931f09466c0fb27fc8ddb5e77ce9d1e2bdc953a5f22765bf779452f,1773999031,2026-03-20T09:30:31+00:00,0.74,clob_prices_history
17398942423057686582491252867921221591924525918102079345877032638913486446065,0x139ba0e7f931f09466c0fb27fc8ddb5e77ce9d1e2bdc953a5f22765bf779452f,1773999926,2026-03-20T09:45:26+00:00,0.74,clob_prices_history
17398942423057686582491252867921221591924525918102079345877032638913486446065,0x139ba0e7f931f09466c0fb27fc8ddb5e77ce9d1e2bdc953a5f22765bf779452f,1774000850,2026-03-20T10:00:50+00:00,0.74,clob_prices_history
17398942423057686582491252867921221591924525918102079345877032638913486446065,0x139ba0e7f931f09466c0fb27fc8ddb5e77ce9d1e2bdc953a5f22765bf779452f,1774001730,2026-03-20T10:15:30+00:00,0.74,clob_prices_history
17398942423057686582491252867921221591924525918102079345877032638913486446065,0x139ba0e7f931f09466c0fb27fc8ddb5e77ce9d1e2bdc953a5f22765bf779452f,1774002640,2026-03-20T10:30:40+00:00,0.74,clob_prices_history
17398942423057686582491252867921221591924525918102079345877032638913486446065,0x139ba0e7f931f09466c0fb27fc8ddb5e77ce9d1e2bdc953a5f22765bf779452f,1774003538,2026-03-20T10:45:38+00:00,0.74,clob_prices_history
17398942423057686582491252867921221591924525918102079345877032638913486446065,0x139ba0e7f931f09466c0fb27fc8ddb5e77ce9d1e2bdc953a5f22765bf779452f,1774004430,2026-03-20T11:00:30+00:00,0.725,clob_prices_history
17398942423057686582491252867921221591924525918102079345877032638913486446065,0x139ba0e7f931f09466c0fb27fc8ddb5e77ce9d1e2bdc953a5f22765bf779452f,1774005328,2026-03-20T11:15:28+00:00,0.73,clob_prices_history
17398942423057686582491252867921221591924525918102079345877032638913486446065,0x139ba0e7f931f09466c0fb27fc8ddb5e77ce9d1e2bdc953a5f22765bf779452f,1774006234,2026-03-20T11:30:34+00:00,0.74,clob_prices_history
17398942423057686582491252867921221591924525918102079345877032638913486446065,0x139ba0e7f931f09466c0fb27fc8ddb5e77ce9d1e2bdc953a5f22765bf779452f,1774007141,2026-03-20T11:45:41+00:00,0.73,clob_prices_history
17398942423057686582491252867921221591924525918102079345877032638913486446065,0x139ba0e7f931f09466c0fb27fc8ddb5e77ce9d1e2bdc953a5f22765bf779452f,1774008036,2026-03-20T12:00:36+00:00,0.735,clob_prices_history
17398942423057686582491252867921221591924525918102079345877032638913486446065,0x139ba0e7f931f09466c0fb27fc8ddb5e77ce9d1e2bdc953a5f22765bf779452f,1774008927,2026-03-20T12:15:27+00:00,0.735,clob_prices_history
17398942423057686582491252867921221591924525918102079345877032638913486446065,0x139ba0e7f931f09466c0fb27fc8ddb5e77ce9d1e2bdc953a5f22765bf779452f,1774009838,2026-03-20T12:30:38+00:00,0.735,clob_prices_history
17398942423057686582491252867921221591924525918102079345877032638913486446065,0x139ba0e7f931f09466c0fb27fc8ddb5e77ce9d1e2bdc953a5f22765bf779452f,1774010732,2026-03-20T12:45:32+00:00,0.735,clob_prices_history
17398942423057686582491252867921221591924525918102079345877032638913486446065,0x139ba0e7f931f09466c0fb27fc8ddb5e77ce9d1e2bdc953a5f22765bf779452f,1774011630,2026-03-20T13:00:30+00:00,0.735,clob_prices_history
17398942423057686582491252867921221591924525918102079345877032638913486446065,0x139ba0e7f931f09466c0fb27fc8ddb5e77ce9d1e2bdc953a5f22765bf779452f,1774012529,2026-03-20T13:15:29+00:00,0.74,clob_prices_history
17398942423057686582491252867921221591924525918102079345877032638913486446065,0x139ba0e7f931f09466c0fb27fc8ddb5e77ce9d1e2bdc953a5f22765bf779452f,1774013430,2026-03-20T13:30:30+00:00,0.74,clob_prices_history
17398942423057686582491252867921221591924525918102079345877032638913486446065,0x139ba0e7f931f09466c0fb27fc8ddb5e77ce9d1e2bdc953a5f22765bf779452f,1774014332,2026-03-20T13:45:32+00:00,0.74,clob_prices_history
17398942423057686582491252867921221591924525918102079345877032638913486446065,0x139ba0e7f931f09466c0fb27fc8ddb5e77ce9d1e2bdc953a5f22765bf779452f,1774015236,2026-03-20T14:00:36+00:00,0.74,clob_prices_history
17398942423057686582491252867921221591924525918102079345877032638913486446065,0x139ba0e7f931f09466c0fb27fc8ddb5e77ce9d1e2bdc953a5f22765bf779452f,1774016130,2026-03-20T14:15:30+00:00,0.74,clob_prices_history
17398942423057686582491252867921221591924525918102079345877032638913486446065,0x139ba0e7f931f09466c0fb27fc8ddb5e77ce9d1e2bdc953a5f22765bf779452f,1774017031,2026-03-20T14:30:31+00:00,0.75,clob_prices_history
17398942423057686582491252867921221591924525918102079345877032638913486446065,0x139ba0e7f931f09466c0fb27fc8ddb5e77ce9d1e2bdc953a5f22765bf779452f,1774017929,2026-03-20T14:45:29+00:00,0.75,clob_prices_history
17398942423057686582491252867921221591924525918102079345877032638913486446065,0x139ba0e7f931f09466c0fb27fc8ddb5e77ce9d1e2bdc953a5f22765bf779452f,1774018838,2026-03-20T15:00:38+00:00,0.75,clob_prices_history
17398942423057686582491252867921221591924525918102079345877032638913486446065,0x139ba0e7f931f09466c0fb27fc8ddb5e77ce9d1e2bdc953a5f22765bf779452f,1774019733,2026-03-20T15:15:33+00:00,0.75,clob_prices_history
17398942423057686582491252867921221591924525918102079345877032638913486446065,0x139ba0e7f931f09466c0fb27fc8ddb5e77ce9d1e2bdc953a5f22765bf779452f,1774020633,2026-03-20T15:30:33+00:00,0.75,clob_prices_history
17398942423057686582491252867921221591924525918102079345877032638913486446065,0x139ba0e7f931f09466c0fb27fc8ddb5e77ce9d1e2bdc953a5f22765bf779452f,1774021530,2026-03-20T15:45:30+00:00,0.75,clob_prices_history
17398942423057686582491252867921221591924525918102079345877032638913486446065,0x139ba0e7f931f09466c0fb27fc8ddb5e77ce9d1e2bdc953a5f22765bf779452f,1774022431,2026-03-20T16:00:31+00:00,0.75,clob_prices_history
17398942423057686582491252867921221591924525918102079345877032638913486446065,0x139ba0e7f931f09466c0fb27fc8ddb5e77ce9d1e2bdc953a5f22765bf779452f,1774023328,2026-03-20T16:15:28+00:00,0.75,clob_prices_history
17398942423057686582491252867921221591924525918102079345877032638913486446065,0x139ba0e7f931f09466c0fb27fc8ddb5e77ce9d1e2bdc953a5f22765bf779452f,1774024233,2026-03-20T16:30:33+00:00,0.75,clob_prices_history
17398942423057686582491252867921221591924525918102079345877032638913486446065,0x139ba0e7f931f09466c0fb27fc8ddb5e77ce9d1e2bdc953a5f22765bf779452f,1774025138,2026-03-20T16:45:38+00:00,0.75,clob_prices_history
17398942423057686582491252867921221591924525918102079345877032638913486446065,0x139ba0e7f931f09466c0fb27fc8ddb5e77ce9d1e2bdc953a5f22765bf779452f,1774026031,2026-03-20T17:00:31+00:00,0.75,clob_prices_history
17398942423057686582491252867921221591924525918102079345877032638913486446065,0x139ba0e7f931f09466c0fb27fc8ddb5e77ce9d1e2bdc953a5f22765bf779452f,1774026942,2026-03-20T17:15:42+00:00,0.75,clob_prices_history
17398942423057686582491252867921221591924525918102079345877032638913486446065,0x139ba0e7f931f09466c0fb27fc8ddb5e77ce9d1e2bdc953a5f22765bf779452f,1774027829,2026-03-20T17:30:29+00:00,0.75,clob_prices_history
17398942423057686582491252867921221591924525918102079345877032638913486446065,0x139ba0e7f931f09466c0fb27fc8ddb5e77ce9d1e2bdc953a5f22765bf779452f,1774028726,2026-03-20T17:45:26+00:00,0.75,clob_prices_history
17398942423057686582491252867921221591924525918102079345877032638913486446065,0x139ba0e7f931f09466c0fb27fc8ddb5e77ce9d1e2bdc953a5f22765bf779452f,1774029641,2026-03-20T18:00:41+00:00,0.75,clob_prices_history
17398942423057686582491252867921221591924525918102079345877032638913486446065,0x139ba0e7f931f09466c0fb27fc8ddb5e77ce9d1e2bdc953a5f22765bf779452f,1774030527,2026-03-20T18:15:27+00:00,0.75,clob_prices_history
17398942423057686582491252867921221591924525918102079345877032638913486446065,0x139ba0e7f931f09466c0fb27fc8ddb5e77ce9d1e2bdc953a5f22765bf779452f,1774031430,2026-03-20T18:30:30+00:00,0.75,clob_prices_history
17398942423057686582491252867921221591924525918102079345877032638913486446065,0x139ba0e7f931f09466c0fb27fc8ddb5e77ce9d1e2bdc953a5f22765bf779452f,1774032328,2026-03-20T18:45:28+00:00,0.75,clob_prices_history
17398942423057686582491252867921221591924525918102079345877032638913486446065,0x139ba0e7f931f09466c0fb27fc8ddb5e77ce9d1e2bdc953a5f22765bf779452f,1774033233,2026-03-20T19:00:33+00:00,0.75,clob_prices_history
17398942423057686582491252867921221591924525918102079345877032638913486446065,0x139ba0e7f931f09466c0fb27fc8ddb5e77ce9d1e2bdc953a5f22765bf779452f,1774034134,2026-03-20T19:15:34+00:00,0.75,clob_prices_history
17398942423057686582491252867921221591924525918102079345877032638913486446065,0x139ba0e7f931f09466c0fb27fc8ddb5e77ce9d1e2bdc953a5f22765bf779452f,1774035030,2026-03-20T19:30:30+00:00,0.75,clob_prices_history
17398942423057686582491252867921221591924525918102079345877032638913486446065,0x139ba0e7f931f09466c0fb27fc8ddb5e77ce9d1e2bdc953a5f22765bf779452f,1774035911,2026-03-20T19:45:11+00:00,0.75,clob_prices_history
17398942423057686582491252867921221591924525918102079345877032638913486446065,0x139ba0e7f931f09466c0fb27fc8ddb5e77ce9d1e2bdc953a5f22765bf779452f,1774036834,2026-03-20T20:00:34+00:00,0.75,clob_prices_history
17398942423057686582491252867921221591924525918102079345877032638913486446065,0x139ba0e7f931f09466c0fb27fc8ddb5e77ce9d1e2bdc953a5f22765bf779452f,1774037729,2026-03-20T20:15:29+00:00,0.75,clob_prices_history
17398942423057686582491252867921221591924525918102079345877032638913486446065,0x139ba0e7f931f09466c0fb27fc8ddb5e77ce9d1e2bdc953a5f22765bf779452f,1774038638,2026-03-20T20:30:38+00:00,0.75,clob_prices_history
17398942423057686582491252867921221591924525918102079345877032638913486446065,0x139ba0e7f931f09466c0fb27fc8ddb5e77ce9d1e2bdc953a5f22765bf779452f,1774039529,2026-03-20T20:45:29+00:00,0.75,clob_prices_history
17398942423057686582491252867921221591924525918102079345877032638913486446065,0x139ba0e7f931f09466c0fb27fc8ddb5e77ce9d1e2bdc953a5f22765bf779452f,1774040444,2026-03-20T21:00:44+00:00,0.75,clob_prices_history
17398942423057686582491252867921221591924525918102079345877032638913486446065,0x139ba0e7f931f09466c0fb27fc8ddb5e77ce9d1e2bdc953a5f22765bf779452f,1774041334,2026-03-20T21:15:34+00:00,0.75,clob_prices_history
17398942423057686582491252867921221591924525918102079345877032638913486446065,0x139ba0e7f931f09466c0fb27fc8ddb5e77ce9d1e2bdc953a5f22765bf779452f,1774042237,2026-03-20T21:30:37+00:00,0.755,clob_prices_history
17398942423057686582491252867921221591924525918102079345877032638913486446065,0x139ba0e7f931f09466c0fb27fc8ddb5e77ce9d1e2bdc953a5f22765bf779452f,1774043130,2026-03-20T21:45:30+00:00,0.76,clob_prices_history
17398942423057686582491252867921221591924525918102079345877032638913486446065,0x139ba0e7f931f09466c0fb27fc8ddb5e77ce9d1e2bdc953a5f22765bf779452f,1774044039,2026-03-20T22:00:39+00:00,0.76,clob_prices_history
17398942423057686582491252867921221591924525918102079345877032638913486446065,0x139ba0e7f931f09466c0fb27fc8ddb5e77ce9d1e2bdc953a5f22765bf779452f,1774044929,2026-03-20T22:15:29+00:00,0.76,clob_prices_history
17398942423057686582491252867921221591924525918102079345877032638913486446065,0x139ba0e7f931f09466c0fb27fc8ddb5e77ce9d1e2bdc953a5f22765bf779452f,1774045847,2026-03-20T22:30:47+00:00,0.76,clob_prices_history
17398942423057686582491252867921221591924525918102079345877032638913486446065,0x139ba0e7f931f09466c0fb27fc8ddb5e77ce9d1e2bdc953a5f22765bf779452f,1774046729,2026-03-20T22:45:29+00:00,0.76,clob_prices_history
17398942423057686582491252867921221591924525918102079345877032638913486446065,0x139ba0e7f931f09466c0fb27fc8ddb5e77ce9d1e2bdc953a5f22765bf779452f,1774047636,2026-03-20T23:00:36+00:00,0.76,clob_prices_history
17398942423057686582491252867921221591924525918102079345877032638913486446065,0x139ba0e7f931f09466c0fb27fc8ddb5e77ce9d1e2bdc953a5f22765bf779452f,1774048535,2026-03-20T23:15:35+00:00,0.76,clob_prices_history
17398942423057686582491252867921221591924525918102079345877032638913486446065,0x139ba0e7f931f09466c0fb27fc8ddb5e77ce9d1e2bdc953a5f22765bf779452f,1774049434,2026-03-20T23:30:34+00:00,0.76,clob_prices_history
17398942423057686582491252867921221591924525918102079345877032638913486446065,0x139ba0e7f931f09466c0fb27fc8ddb5e77ce9d1e2bdc953a5f22765bf779452f,1774050329,2026-03-20T23:45:29+00:00,0.76,clob_prices_history
17398942423057686582491252867921221591924525918102079345877032638913486446065,0x139ba0e7f931f09466c0fb27fc8ddb5e77ce9d1e2bdc953a5f22765bf779452f,1774051239,2026-03-21T00:00:39+00:00,0.76,clob_prices_history
17398942423057686582491252867921221591924525918102079345877032638913486446065,0x139ba0e7f931f09466c0fb27fc8ddb5e77ce9d1e2bdc953a5f22765bf779452f,1774052130,2026-03-21T00:15:30+00:00,0.76,clob_prices_history
17398942423057686582491252867921221591924525918102079345877032638913486446065,0x139ba0e7f931f09466c0fb27fc8ddb5e77ce9d1e2bdc953a5f22765bf779452f,1774053034,2026-03-21T00:30:34+00:00,0.76,clob_prices_history
17398942423057686582491252867921221591924525918102079345877032638913486446065,0x139ba0e7f931f09466c0fb27fc8ddb5e77ce9d1e2bdc953a5f22765bf779452f,1774053929,2026-03-21T00:45:29+00:00,0.76,clob_prices_history
17398942423057686582491252867921221591924525918102079345877032638913486446065,0x139ba0e7f931f09466c0fb27fc8ddb5e77ce9d1e2bdc953a5f22765bf779452f,1774054837,2026-03-21T01:00:37+00:00,0.76,clob_prices_history
17398942423057686582491252867921221591924525918102079345877032638913486446065,0x139ba0e7f931f09466c0fb27fc8ddb5e77ce9d1e2bdc953a5f22765bf779452f,1774055731,2026-03-21T01:15:31+00:00,0.76,clob_prices_history
17398942423057686582491252867921221591924525918102079345877032638913486446065,0x139ba0e7f931f09466c0fb27fc8ddb5e77ce9d1e2bdc953a5f22765bf779452f,1774056633,2026-03-21T01:30:33+00:00,0.76,clob_prices_history
17398942423057686582491252867921221591924525918102079345877032638913486446065,0x139ba0e7f931f09466c0fb27fc8ddb5e77ce9d1e2bdc953a5f22765bf779452f,1774057531,2026-03-21T01:45:31+00:00,0.76,clob_prices_history
17398942423057686582491252867921221591924525918102079345877032638913486446065,0x139ba0e7f931f09466c0fb27fc8ddb5e77ce9d1e2bdc953a5f22765bf779452f,1774058447,2026-03-21T02:00:47+00:00,0.76,clob_prices_history
17398942423057686582491252867921221591924525918102079345877032638913486446065,0x139ba0e7f931f09466c0fb27fc8ddb5e77ce9d1e2bdc953a5f22765bf779452f,1774059329,2026-03-21T02:15:29+00:00,0.76,clob_prices_history
17398942423057686582491252867921221591924525918102079345877032638913486446065,0x139ba0e7f931f09466c0fb27fc8ddb5e77ce9d1e2bdc953a5f22765bf779452f,1774060230,2026-03-21T02:30:30+00:00,0.76,clob_prices_history
17398942423057686582491252867921221591924525918102079345877032638913486446065,0x139ba0e7f931f09466c0fb27fc8ddb5e77ce9d1e2bdc953a5f22765bf779452f,1774061133,2026-03-21T02:45:33+00:00,0.76,clob_prices_history
17398942423057686582491252867921221591924525918102079345877032638913486446065,0x139ba0e7f931f09466c0fb27fc8ddb5e77ce9d1e2bdc953a5f22765bf779452f,1774062031,2026-03-21T03:00:31+00:00,0.76,clob_prices_history
17398942423057686582491252867921221591924525918102079345877032638913486446065,0x139ba0e7f931f09466c0fb27fc8ddb5e77ce9d1e2bdc953a5f22765bf779452f,1774062930,2026-03-21T03:15:30+00:00,0.76,clob_prices_history
17398942423057686582491252867921221591924525918102079345877032638913486446065,0x139ba0e7f931f09466c0fb27fc8ddb5e77ce9d1e2bdc953a5f22765bf779452f,1774063843,2026-03-21T03:30:43+00:00,0.76,clob_prices_history
17398942423057686582491252867921221591924525918102079345877032638913486446065,0x139ba0e7f931f09466c0fb27fc8ddb5e77ce9d1e2bdc953a5f22765bf779452f,1774064726,2026-03-21T03:45:26+00:00,0.76,clob_prices_history
17398942423057686582491252867921221591924525918102079345877032638913486446065,0x139ba0e7f931f09466c0fb27fc8ddb5e77ce9d1e2bdc953a5f22765bf779452f,1774065633,2026-03-21T04:00:33+00:00,0.76,clob_prices_history
17398942423057686582491252867921221591924525918102079345877032638913486446065,0x139ba0e7f931f09466c0fb27fc8ddb5e77ce9d1e2bdc953a5f22765bf779452f,1774066530,2026-03-21T04:15:30+00:00,0.76,clob_prices_history
17398942423057686582491252867921221591924525918102079345877032638913486446065,0x139ba0e7f931f09466c0fb27fc8ddb5e77ce9d1e2bdc953a5f22765bf779452f,1774067431,2026-03-21T04:30:31+00:00,0.78,clob_prices_history
17398942423057686582491252867921221591924525918102079345877032638913486446065,0x139ba0e7f931f09466c0fb27fc8ddb5e77ce9d1e2bdc953a5f22765bf779452f,1774068327,2026-03-21T04:45:27+00:00,0.795,clob_prices_history
17398942423057686582491252867921221591924525918102079345877032638913486446065,0x139ba0e7f931f09466c0fb27fc8ddb5e77ce9d1e2bdc953a5f22765bf779452f,1774069232,2026-03-21T05:00:32+00:00,0.795,clob_prices_history
17398942423057686582491252867921221591924525918102079345877032638913486446065,0x139ba0e7f931f09466c0fb27fc8ddb5e77ce9d1e2bdc953a5f22765bf779452f,1774070131,2026-03-21T05:15:31+00:00,0.795,clob_prices_history
17398942423057686582491252867921221591924525918102079345877032638913486446065,0x139ba0e7f931f09466c0fb27fc8ddb5e77ce9d1e2bdc953a5f22765bf779452f,1774071046,2026-03-21T05:30:46+00:00,0.795,clob_prices_history
17398942423057686582491252867921221591924525918102079345877032638913486446065,0x139ba0e7f931f09466c0fb27fc8ddb5e77ce9d1e2bdc953a5f22765bf779452f,1774071940,2026-03-21T05:45:40+00:00,0.795,clob_prices_history
17398942423057686582491252867921221591924525918102079345877032638913486446065,0x139ba0e7f931f09466c0fb27fc8ddb5e77ce9d1e2bdc953a5f22765bf779452f,1774072835,2026-03-21T06:00:35+00:00,0.795,clob_prices_history
17398942423057686582491252867921221591924525918102079345877032638913486446065,0x139ba0e7f931f09466c0fb27fc8ddb5e77ce9d1e2bdc953a5f22765bf779452f,1774073729,2026-03-21T06:15:29+00:00,0.795,clob_prices_history
17398942423057686582491252867921221591924525918102079345877032638913486446065,0x139ba0e7f931f09466c0fb27fc8ddb5e77ce9d1e2bdc953a5f22765bf779452f,1774074631,2026-03-21T06:30:31+00:00,0.805,clob_prices_history
17398942423057686582491252867921221591924525918102079345877032638913486446065,0x139ba0e7f931f09466c0fb27fc8ddb5e77ce9d1e2bdc953a5f22765bf779452f,1774075528,2026-03-21T06:45:28+00:00,0.805,clob_prices_history
17398942423057686582491252867921221591924525918102079345877032638913486446065,0x139ba0e7f931f09466c0fb27fc8ddb5e77ce9d1e2bdc953a5f22765bf779452f,1774076432,2026-03-21T07:00:32+00:00,0.805,clob_prices_history
17398942423057686582491252867921221591924525918102079345877032638913486446065,0x139ba0e7f931f09466c0fb27fc8ddb5e77ce9d1e2bdc953a5f22765bf779452f,1774077327,2026-03-21T07:15:27+00:00,0.805,clob_prices_history
17398942423057686582491252867921221591924525918102079345877032638913486446065,0x139ba0e7f931f09466c0fb27fc8ddb5e77ce9d1e2bdc953a5f22765bf779452f,1774078237,2026-03-21T07:30:37+00:00,0.805,clob_prices_history
17398942423057686582491252867921221591924525918102079345877032638913486446065,0x139ba0e7f931f09466c0fb27fc8ddb5e77ce9d1e2bdc953a5f22765bf779452f,1774079125,2026-03-21T07:45:25+00:00,0.805,clob_prices_history
17398942423057686582491252867921221591924525918102079345877032638913486446065,0x139ba0e7f931f09466c0fb27fc8ddb5e77ce9d1e2bdc953a5f22765bf779452f,1774080031,2026-03-21T08:00:31+00:00,0.805,clob_prices_history
17398942423057686582491252867921221591924525918102079345877032638913486446065,0x139ba0e7f931f09466c0fb27fc8ddb5e77ce9d1e2bdc953a5f22765bf779452f,1774080930,2026-03-21T08:15:30+00:00,0.805,clob_prices_history
17398942423057686582491252867921221591924525918102079345877032638913486446065,0x139ba0e7f931f09466c0fb27fc8ddb5e77ce9d1e2bdc953a5f22765bf779452f,1774081830,2026-03-21T08:30:30+00:00,0.79,clob_prices_history
17398942423057686582491252867921221591924525918102079345877032638913486446065,0x139ba0e7f931f09466c0fb27fc8ddb5e77ce9d1e2bdc953a5f22765bf779452f,1774082729,2026-03-21T08:45:29+00:00,0.805,clob_prices_history
17398942423057686582491252867921221591924525918102079345877032638913486446065,0x139ba0e7f931f09466c0fb27fc8ddb5e77ce9d1e2bdc953a5f22765bf779452f,1774083630,2026-03-21T09:00:30+00:00,0.805,clob_prices_history
17398942423057686582491252867921221591924525918102079345877032638913486446065,0x139ba0e7f931f09466c0fb27fc8ddb5e77ce9d1e2bdc953a5f22765bf779452f,1774084526,2026-03-21T09:15:26+00:00,0.805,clob_prices_history
17398942423057686582491252867921221591924525918102079345877032638913486446065,0x139ba0e7f931f09466c0fb27fc8ddb5e77ce9d1e2bdc953a5f22765bf779452f,1774085429,2026-03-21T09:30:29+00:00,0.805,clob_prices_history
17398942423057686582491252867921221591924525918102079345877032638913486446065,0x139ba0e7f931f09466c0fb27fc8ddb5e77ce9d1e2bdc953a5f22765bf779452f,1774086329,2026-03-21T09:45:29+00:00,0.805,clob_prices_history
17398942423057686582491252867921221591924525918102079345877032638913486446065,0x139ba0e7f931f09466c0fb27fc8ddb5e77ce9d1e2bdc953a5f22765bf779452f,1774087228,2026-03-21T10:00:28+00:00,0.81,clob_prices_history
17398942423057686582491252867921221591924525918102079345877032638913486446065,0x139ba0e7f931f09466c0fb27fc8ddb5e77ce9d1e2bdc953a5f22765bf779452f,1774088126,2026-03-21T10:15:26+00:00,0.81,clob_prices_history
17398942423057686582491252867921221591924525918102079345877032638913486446065,0x139ba0e7f931f09466c0fb27fc8ddb5e77ce9d1e2bdc953a5f22765bf779452f,1774089033,2026-03-21T10:30:33+00:00,0.81,clob_prices_history
17398942423057686582491252867921221591924525918102079345877032638913486446065,0x139ba0e7f931f09466c0fb27fc8ddb5e77ce9d1e2bdc953a5f22765bf779452f,1774089927,2026-03-21T10:45:27+00:00,0.81,clob_prices_history
17398942423057686582491252867921221591924525918102079345877032638913486446065,0x139ba0e7f931f09466c0fb27fc8ddb5e77ce9d1e2bdc953a5f22765bf779452f,1774090834,2026-03-21T11:00:34+00:00,0.81,clob_prices_history
17398942423057686582491252867921221591924525918102079345877032638913486446065,0x139ba0e7f931f09466c0fb27fc8ddb5e77ce9d1e2bdc953a5f22765bf779452f,1774091728,2026-03-21T11:15:28+00:00,0.81,clob_prices_history
17398942423057686582491252867921221591924525918102079345877032638913486446065,0x139ba0e7f931f09466c0fb27fc8ddb5e77ce9d1e2bdc953a5f22765bf779452f,1774092632,2026-03-21T11:30:32+00:00,0.81,clob_prices_history
17398942423057686582491252867921221591924525918102079345877032638913486446065,0x139ba0e7f931f09466c0fb27fc8ddb5e77ce9d1e2bdc953a5f22765bf779452f,1774093527,2026-03-21T11:45:27+00:00,0.805,clob_prices_history
17398942423057686582491252867921221591924525918102079345877032638913486446065,0x139ba0e7f931f09466c0fb27fc8ddb5e77ce9d1e2bdc953a5f22765bf779452f,1774094433,2026-03-21T12:00:33+00:00,0.81,clob_prices_history
17398942423057686582491252867921221591924525918102079345877032638913486446065,0x139ba0e7f931f09466c0fb27fc8ddb5e77ce9d1e2bdc953a5f22765bf779452f,1774095341,2026-03-21T12:15:41+00:00,0.82,clob_prices_history
17398942423057686582491252867921221591924525918102079345877032638913486446065,0x139ba0e7f931f09466c0fb27fc8ddb5e77ce9d1e2bdc953a5f22765bf779452f,1774096236,2026-03-21T12:30:36+00:00,0.82,clob_prices_history
17398942423057686582491252867921221591924525918102079345877032638913486446065,0x139ba0e7f931f09466c0fb27fc8ddb5e77ce9d1e2bdc953a5f22765bf779452f,1774097133,2026-03-21T12:45:33+00:00,0.82,clob_prices_history
17398942423057686582491252867921221591924525918102079345877032638913486446065,0x139ba0e7f931f09466c0fb27fc8ddb5e77ce9d1e2bdc953a5f22765bf779452f,1774098035,2026-03-21T13:00:35+00:00,0.82,clob_prices_history
17398942423057686582491252867921221591924525918102079345877032638913486446065,0x139ba0e7f931f09466c0fb27fc8ddb5e77ce9d1e2bdc953a5f22765bf779452f,1774098927,2026-03-21T13:15:27+00:00,0.82,clob_prices_history
17398942423057686582491252867921221591924525918102079345877032638913486446065,0x139ba0e7f931f09466c0fb27fc8ddb5e77ce9d1e2bdc953a5f22765bf779452f,1774099838,2026-03-21T13:30:38+00:00,0.82,clob_prices_history
17398942423057686582491252867921221591924525918102079345877032638913486446065,0x139ba0e7f931f09466c0fb27fc8ddb5e77ce9d1e2bdc953a5f22765bf779452f,1774100728,2026-03-21T13:45:28+00:00,0.82,clob_prices_history
17398942423057686582491252867921221591924525918102079345877032638913486446065,0x139ba0e7f931f09466c0fb27fc8ddb5e77ce9d1e2bdc953a5f22765bf779452f,1774101637,2026-03-21T14:00:37+00:00,0.83,clob_prices_history
17398942423057686582491252867921221591924525918102079345877032638913486446065,0x139ba0e7f931f09466c0fb27fc8ddb5e77ce9d1e2bdc953a5f22765bf779452f,1774102529,2026-03-21T14:15:29+00:00,0.83,clob_prices_history
17398942423057686582491252867921221591924525918102079345877032638913486446065,0x139ba0e7f931f09466c0fb27fc8ddb5e77ce9d1e2bdc953a5f22765bf779452f,1774103433,2026-03-21T14:30:33+00:00,0.83,clob_prices_history
17398942423057686582491252867921221591924525918102079345877032638913486446065,0x139ba0e7f931f09466c0fb27fc8ddb5e77ce9d1e2bdc953a5f22765bf779452f,1774104328,2026-03-21T14:45:28+00:00,0.83,clob_prices_history
17398942423057686582491252867921221591924525918102079345877032638913486446065,0x139ba0e7f931f09466c0fb27fc8ddb5e77ce9d1e2bdc953a5f22765bf779452f,1774105240,2026-03-21T15:00:40+00:00,0.83,clob_prices_history
17398942423057686582491252867921221591924525918102079345877032638913486446065,0x139ba0e7f931f09466c0fb27fc8ddb5e77ce9d1e2bdc953a5f22765bf779452f,1774106129,2026-03-21T15:15:29+00:00,0.835,clob_prices_history
17398942423057686582491252867921221591924525918102079345877032638913486446065,0x139ba0e7f931f09466c0fb27fc8ddb5e77ce9d1e2bdc953a5f22765bf779452f,1774107032,2026-03-21T15:30:32+00:00,0.835,clob_prices_history
17398942423057686582491252867921221591924525918102079345877032638913486446065,0x139ba0e7f931f09466c0fb27fc8ddb5e77ce9d1e2bdc953a5f22765bf779452f,1774107931,2026-03-21T15:45:31+00:00,0.835,clob_prices_history
17398942423057686582491252867921221591924525918102079345877032638913486446065,0x139ba0e7f931f09466c0fb27fc8ddb5e77ce9d1e2bdc953a5f22765bf779452f,1774108848,2026-03-21T16:00:48+00:00,0.85,clob_prices_history
17398942423057686582491252867921221591924525918102079345877032638913486446065,0x139ba0e7f931f09466c0fb27fc8ddb5e77ce9d1e2bdc953a5f22765bf779452f,1774109728,2026-03-21T16:15:28+00:00,0.85,clob_prices_history
17398942423057686582491252867921221591924525918102079345877032638913486446065,0x139ba0e7f931f09466c0fb27fc8ddb5e77ce9d1e2bdc953a5f22765bf779452f,1774110646,2026-03-21T16:30:46+00:00,0.85,clob_prices_history
17398942423057686582491252867921221591924525918102079345877032638913486446065,0x139ba0e7f931f09466c0fb27fc8ddb5e77ce9d1e2bdc953a5f22765bf779452f,1774111529,2026-03-21T16:45:29+00:00,0.85,clob_prices_history
17398942423057686582491252867921221591924525918102079345877032638913486446065,0x139ba0e7f931f09466c0fb27fc8ddb5e77ce9d1e2bdc953a5f22765bf779452f,1774112444,2026-03-21T17:00:44+00:00,0.85,clob_prices_history
17398942423057686582491252867921221591924525918102079345877032638913486446065,0x139ba0e7f931f09466c0fb27fc8ddb5e77ce9d1e2bdc953a5f22765bf779452f,1774113331,2026-03-21T17:15:31+00:00,0.85,clob_prices_history
17398942423057686582491252867921221591924525918102079345877032638913486446065,0x139ba0e7f931f09466c0fb27fc8ddb5e77ce9d1e2bdc953a5f22765bf779452f,1774114243,2026-03-21T17:30:43+00:00,0.85,clob_prices_history
17398942423057686582491252867921221591924525918102079345877032638913486446065,0x139ba0e7f931f09466c0fb27fc8ddb5e77ce9d1e2bdc953a5f22765bf779452f,1774115130,2026-03-21T17:45:30+00:00,0.85,clob_prices_history
17398942423057686582491252867921221591924525918102079345877032638913486446065,0x139ba0e7f931f09466c0fb27fc8ddb5e77ce9d1e2bdc953a5f22765bf779452f,1774116036,2026-03-21T18:00:36+00:00,0.85,clob_prices_history
17398942423057686582491252867921221591924525918102079345877032638913486446065,0x139ba0e7f931f09466c0fb27fc8ddb5e77ce9d1e2bdc953a5f22765bf779452f,1774116927,2026-03-21T18:15:27+00:00,0.85,clob_prices_history
17398942423057686582491252867921221591924525918102079345877032638913486446065,0x139ba0e7f931f09466c0fb27fc8ddb5e77ce9d1e2bdc953a5f22765bf779452f,1774117833,2026-03-21T18:30:33+00:00,0.85,clob_prices_history
17398942423057686582491252867921221591924525918102079345877032638913486446065,0x139ba0e7f931f09466c0fb27fc8ddb5e77ce9d1e2bdc953a5f22765bf779452f,1774118729,2026-03-21T18:45:29+00:00,0.85,clob_prices_history
17398942423057686582491252867921221591924525918102079345877032638913486446065,0x139ba0e7f931f09466c0fb27fc8ddb5e77ce9d1e2bdc953a5f22765bf779452f,1774119633,2026-03-21T19:00:33+00:00,0.85,clob_prices_history
17398942423057686582491252867921221591924525918102079345877032638913486446065,0x139ba0e7f931f09466c0fb27fc8ddb5e77ce9d1e2bdc953a5f22765bf779452f,1774120531,2026-03-21T19:15:31+00:00,0.85,clob_prices_history
17398942423057686582491252867921221591924525918102079345877032638913486446065,0x139ba0e7f931f09466c0fb27fc8ddb5e77ce9d1e2bdc953a5f22765bf779452f,1774121431,2026-03-21T19:30:31+00:00,0.85,clob_prices_history
17398942423057686582491252867921221591924525918102079345877032638913486446065,0x139ba0e7f931f09466c0fb27fc8ddb5e77ce9d1e2bdc953a5f22765bf779452f,1774122327,2026-03-21T19:45:27+00:00,0.85,clob_prices_history
17398942423057686582491252867921221591924525918102079345877032638913486446065,0x139ba0e7f931f09466c0fb27fc8ddb5e77ce9d1e2bdc953a5f22765bf779452f,1774123231,2026-03-21T20:00:31+00:00,0.85,clob_prices_history
17398942423057686582491252867921221591924525918102079345877032638913486446065,0x139ba0e7f931f09466c0fb27fc8ddb5e77ce9d1e2bdc953a5f22765bf779452f,1774124129,2026-03-21T20:15:29+00:00,0.855,clob_prices_history
17398942423057686582491252867921221591924525918102079345877032638913486446065,0x139ba0e7f931f09466c0fb27fc8ddb5e77ce9d1e2bdc953a5f22765bf779452f,1774125043,2026-03-21T20:30:43+00:00,0.855,clob_prices_history
17398942423057686582491252867921221591924525918102079345877032638913486446065,0x139ba0e7f931f09466c0fb27fc8ddb5e77ce9d1e2bdc953a5f22765bf779452f,1774125928,2026-03-21T20:45:28+00:00,0.855,clob_prices_history
17398942423057686582491252867921221591924525918102079345877032638913486446065,0x139ba0e7f931f09466c0fb27fc8ddb5e77ce9d1e2bdc953a5f22765bf779452f,1774126834,2026-03-21T21:00:34+00:00,0.855,clob_prices_history
17398942423057686582491252867921221591924525918102079345877032638913486446065,0x139ba0e7f931f09466c0fb27fc8ddb5e77ce9d1e2bdc953a5f22765bf779452f,1774127728,2026-03-21T21:15:28+00:00,0.855,clob_prices_history
17398942423057686582491252867921221591924525918102079345877032638913486446065,0x139ba0e7f931f09466c0fb27fc8ddb5e77ce9d1e2bdc953a5f22765bf779452f,1774128630,2026-03-21T21:30:30+00:00,0.855,clob_prices_history
17398942423057686582491252867921221591924525918102079345877032638913486446065,0x139ba0e7f931f09466c0fb27fc8ddb5e77ce9d1e2bdc953a5f22765bf779452f,1774129528,2026-03-21T21:45:28+00:00,0.855,clob_prices_history
17398942423057686582491252867921221591924525918102079345877032638913486446065,0x139ba0e7f931f09466c0fb27fc8ddb5e77ce9d1e2bdc953a5f22765bf779452f,1774130434,2026-03-21T22:00:34+00:00,0.855,clob_prices_history
17398942423057686582491252867921221591924525918102079345877032638913486446065,0x139ba0e7f931f09466c0fb27fc8ddb5e77ce9d1e2bdc953a5f22765bf779452f,1774131333,2026-03-21T22:15:33+00:00,0.855,clob_prices_history
17398942423057686582491252867921221591924525918102079345877032638913486446065,0x139ba0e7f931f09466c0fb27fc8ddb5e77ce9d1e2bdc953a5f22765bf779452f,1774132231,2026-03-21T22:30:31+00:00,0.855,clob_prices_history
17398942423057686582491252867921221591924525918102079345877032638913486446065,0x139ba0e7f931f09466c0fb27fc8ddb5e77ce9d1e2bdc953a5f22765bf779452f,1774133127,2026-03-21T22:45:27+00:00,0.855,clob_prices_history
17398942423057686582491252867921221591924525918102079345877032638913486446065,0x139ba0e7f931f09466c0fb27fc8ddb5e77ce9d1e2bdc953a5f22765bf779452f,1774134030,2026-03-21T23:00:30+00:00,0.855,clob_prices_history
17398942423057686582491252867921221591924525918102079345877032638913486446065,0x139ba0e7f931f09466c0fb27fc8ddb5e77ce9d1e2bdc953a5f22765bf779452f,1774134939,2026-03-21T23:15:39+00:00,0.855,clob_prices_history
17398942423057686582491252867921221591924525918102079345877032638913486446065,0x139ba0e7f931f09466c0fb27fc8ddb5e77ce9d1e2bdc953a5f22765bf779452f,1774135831,2026-03-21T23:30:31+00:00,0.855,clob_prices_history
17398942423057686582491252867921221591924525918102079345877032638913486446065,0x139ba0e7f931f09466c0fb27fc8ddb5e77ce9d1e2bdc953a5f22765bf779452f,1774136730,2026-03-21T23:45:30+00:00,0.86,clob_prices_history
17398942423057686582491252867921221591924525918102079345877032638913486446065,0x139ba0e7f931f09466c0fb27fc8ddb5e77ce9d1e2bdc953a5f22765bf779452f,1774137637,2026-03-22T00:00:37+00:00,0.86,clob_prices_history
17398942423057686582491252867921221591924525918102079345877032638913486446065,0x139ba0e7f931f09466c0fb27fc8ddb5e77ce9d1e2bdc953a5f22765bf779452f,1774138528,2026-03-22T00:15:28+00:00,0.86,clob_prices_history
17398942423057686582491252867921221591924525918102079345877032638913486446065,0x139ba0e7f931f09466c0fb27fc8ddb5e77ce9d1e2bdc953a5f22765bf779452f,1774139430,2026-03-22T00:30:30+00:00,0.86,clob_prices_history
17398942423057686582491252867921221591924525918102079345877032638913486446065,0x139ba0e7f931f09466c0fb27fc8ddb5e77ce9d1e2bdc953a5f22765bf779452f,1774140329,2026-03-22T00:45:29+00:00,0.86,clob_prices_history
17398942423057686582491252867921221591924525918102079345877032638913486446065,0x139ba0e7f931f09466c0fb27fc8ddb5e77ce9d1e2bdc953a5f22765bf779452f,1774141231,2026-03-22T01:00:31+00:00,0.86,clob_prices_history
17398942423057686582491252867921221591924525918102079345877032638913486446065,0x139ba0e7f931f09466c0fb27fc8ddb5e77ce9d1e2bdc953a5f22765bf779452f,1774142129,2026-03-22T01:15:29+00:00,0.86,clob_prices_history
17398942423057686582491252867921221591924525918102079345877032638913486446065,0x139ba0e7f931f09466c0fb27fc8ddb5e77ce9d1e2bdc953a5f22765bf779452f,1774143033,2026-03-22T01:30:33+00:00,0.86,clob_prices_history
17398942423057686582491252867921221591924525918102079345877032638913486446065,0x139ba0e7f931f09466c0fb27fc8ddb5e77ce9d1e2bdc953a5f22765bf779452f,1774143922,2026-03-22T01:45:22+00:00,0.86,clob_prices_history
17398942423057686582491252867921221591924525918102079345877032638913486446065,0x139ba0e7f931f09466c0fb27fc8ddb5e77ce9d1e2bdc953a5f22765bf779452f,1774144826,2026-03-22T02:00:26+00:00,0.86,clob_prices_history
17398942423057686582491252867921221591924525918102079345877032638913486446065,0x139ba0e7f931f09466c0fb27fc8ddb5e77ce9d1e2bdc953a5f22765bf779452f,1774145723,2026-03-22T02:15:23+00:00,0.86,clob_prices_history
17398942423057686582491252867921221591924525918102079345877032638913486446065,0x139ba0e7f931f09466c0fb27fc8ddb5e77ce9d1e2bdc953a5f22765bf779452f,1774146626,2026-03-22T02:30:26+00:00,0.86,clob_prices_history
17398942423057686582491252867921221591924525918102079345877032638913486446065,0x139ba0e7f931f09466c0fb27fc8ddb5e77ce9d1e2bdc953a5f22765bf779452f,1774147523,2026-03-22T02:45:23+00:00,0.86,clob_prices_history
17398942423057686582491252867921221591924525918102079345877032638913486446065,0x139ba0e7f931f09466c0fb27fc8ddb5e77ce9d1e2bdc953a5f22765bf779452f,1774148427,2026-03-22T03:00:27+00:00,0.86,clob_prices_history
17398942423057686582491252867921221591924525918102079345877032638913486446065,0x139ba0e7f931f09466c0fb27fc8ddb5e77ce9d1e2bdc953a5f22765bf779452f,1774149321,2026-03-22T03:15:21+00:00,0.86,clob_prices_history
17398942423057686582491252867921221591924525918102079345877032638913486446065,0x139ba0e7f931f09466c0fb27fc8ddb5e77ce9d1e2bdc953a5f22765bf779452f,1774150241,2026-03-22T03:30:41+00:00,0.86,clob_prices_history
17398942423057686582491252867921221591924525918102079345877032638913486446065,0x139ba0e7f931f09466c0fb27fc8ddb5e77ce9d1e2bdc953a5f22765bf779452f,1774151124,2026-03-22T03:45:24+00:00,0.86,clob_prices_history
17398942423057686582491252867921221591924525918102079345877032638913486446065,0x139ba0e7f931f09466c0fb27fc8ddb5e77ce9d1e2bdc953a5f22765bf779452f,1774152027,2026-03-22T04:00:27+00:00,0.86,clob_prices_history
17398942423057686582491252867921221591924525918102079345877032638913486446065,0x139ba0e7f931f09466c0fb27fc8ddb5e77ce9d1e2bdc953a5f22765bf779452f,1774152924,2026-03-22T04:15:24+00:00,0.86,clob_prices_history
17398942423057686582491252867921221591924525918102079345877032638913486446065,0x139ba0e7f931f09466c0fb27fc8ddb5e77ce9d1e2bdc953a5f22765bf779452f,1774153827,2026-03-22T04:30:27+00:00,0.86,clob_prices_history
17398942423057686582491252867921221591924525918102079345877032638913486446065,0x139ba0e7f931f09466c0fb27fc8ddb5e77ce9d1e2bdc953a5f22765bf779452f,1774154722,2026-03-22T04:45:22+00:00,0.86,clob_prices_history
17398942423057686582491252867921221591924525918102079345877032638913486446065,0x139ba0e7f931f09466c0fb27fc8ddb5e77ce9d1e2bdc953a5f22765bf779452f,1774155629,2026-03-22T05:00:29+00:00,0.86,clob_prices_history
17398942423057686582491252867921221591924525918102079345877032638913486446065,0x139ba0e7f931f09466c0fb27fc8ddb5e77ce9d1e2bdc953a5f22765bf779452f,1774156523,2026-03-22T05:15:23+00:00,0.86,clob_prices_history
17398942423057686582491252867921221591924525918102079345877032638913486446065,0x139ba0e7f931f09466c0fb27fc8ddb5e77ce9d1e2bdc953a5f22765bf779452f,1774157427,2026-03-22T05:30:27+00:00,0.86,clob_prices_history
17398942423057686582491252867921221591924525918102079345877032638913486446065,0x139ba0e7f931f09466c0fb27fc8ddb5e77ce9d1e2bdc953a5f22765bf779452f,1774158337,2026-03-22T05:45:37+00:00,0.86,clob_prices_history
17398942423057686582491252867921221591924525918102079345877032638913486446065,0x139ba0e7f931f09466c0fb27fc8ddb5e77ce9d1e2bdc953a5f22765bf779452f,1774159229,2026-03-22T06:00:29+00:00,0.865,clob_prices_history
17398942423057686582491252867921221591924525918102079345877032638913486446065,0x139ba0e7f931f09466c0fb27fc8ddb5e77ce9d1e2bdc953a5f22765bf779452f,1774160122,2026-03-22T06:15:22+00:00,0.87,clob_prices_history
17398942423057686582491252867921221591924525918102079345877032638913486446065,0x139ba0e7f931f09466c0fb27fc8ddb5e77ce9d1e2bdc953a5f22765bf779452f,1774161025,2026-03-22T06:30:25+00:00,0.87,clob_prices_history
17398942423057686582491252867921221591924525918102079345877032638913486446065,0x139ba0e7f931f09466c0fb27fc8ddb5e77ce9d1e2bdc953a5f22765bf779452f,1774161923,2026-03-22T06:45:23+00:00,0.87,clob_prices_history
17398942423057686582491252867921221591924525918102079345877032638913486446065,0x139ba0e7f931f09466c0fb27fc8ddb5e77ce9d1e2bdc953a5f22765bf779452f,1774162825,2026-03-22T07:00:25+00:00,0.87,clob_prices_history
17398942423057686582491252867921221591924525918102079345877032638913486446065,0x139ba0e7f931f09466c0fb27fc8ddb5e77ce9d1e2bdc953a5f22765bf779452f,1774163722,2026-03-22T07:15:22+00:00,0.87,clob_prices_history
17398942423057686582491252867921221591924525918102079345877032638913486446065,0x139ba0e7f931f09466c0fb27fc8ddb5e77ce9d1e2bdc953a5f22765bf779452f,1774164627,2026-03-22T07:30:27+00:00,0.87,clob_prices_history
17398942423057686582491252867921221591924525918102079345877032638913486446065,0x139ba0e7f931f09466c0fb27fc8ddb5e77ce9d1e2bdc953a5f22765bf779452f,1774165534,2026-03-22T07:45:34+00:00,0.87,clob_prices_history
17398942423057686582491252867921221591924525918102079345877032638913486446065,0x139ba0e7f931f09466c0fb27fc8ddb5e77ce9d1e2bdc953a5f22765bf779452f,1774166427,2026-03-22T08:00:27+00:00,0.87,clob_prices_history
17398942423057686582491252867921221591924525918102079345877032638913486446065,0x139ba0e7f931f09466c0fb27fc8ddb5e77ce9d1e2bdc953a5f22765bf779452f,1774167327,2026-03-22T08:15:27+00:00,0.87,clob_prices_history
17398942423057686582491252867921221591924525918102079345877032638913486446065,0x139ba0e7f931f09466c0fb27fc8ddb5e77ce9d1e2bdc953a5f22765bf779452f,1774168225,2026-03-22T08:30:25+00:00,0.87,clob_prices_history
17398942423057686582491252867921221591924525918102079345877032638913486446065,0x139ba0e7f931f09466c0fb27fc8ddb5e77ce9d1e2bdc953a5f22765bf779452f,1774169122,2026-03-22T08:45:22+00:00,0.87,clob_prices_history
17398942423057686582491252867921221591924525918102079345877032638913486446065,0x139ba0e7f931f09466c0fb27fc8ddb5e77ce9d1e2bdc953a5f22765bf779452f,1774170027,2026-03-22T09:00:27+00:00,0.87,clob_prices_history
17398942423057686582491252867921221591924525918102079345877032638913486446065,0x139ba0e7f931f09466c0fb27fc8ddb5e77ce9d1e2bdc953a5f22765bf779452f,1774170925,2026-03-22T09:15:25+00:00,0.87,clob_prices_history
17398942423057686582491252867921221591924525918102079345877032638913486446065,0x139ba0e7f931f09466c0fb27fc8ddb5e77ce9d1e2bdc953a5f22765bf779452f,1774171841,2026-03-22T09:30:41+00:00,0.875,clob_prices_history
17398942423057686582491252867921221591924525918102079345877032638913486446065,0x139ba0e7f931f09466c0fb27fc8ddb5e77ce9d1e2bdc953a5f22765bf779452f,1774172721,2026-03-22T09:45:21+00:00,0.875,clob_prices_history
17398942423057686582491252867921221591924525918102079345877032638913486446065,0x139ba0e7f931f09466c0fb27fc8ddb5e77ce9d1e2bdc953a5f22765bf779452f,1774173627,2026-03-22T10:00:27+00:00,0.875,clob_prices_history
17398942423057686582491252867921221591924525918102079345877032638913486446065,0x139ba0e7f931f09466c0fb27fc8ddb5e77ce9d1e2bdc953a5f22765bf779452f,1774174523,2026-03-22T10:15:23+00:00,0.875,clob_prices_history
17398942423057686582491252867921221591924525918102079345877032638913486446065,0x139ba0e7f931f09466c0fb27fc8ddb5e77ce9d1e2bdc953a5f22765bf779452f,1774175425,2026-03-22T10:30:25+00:00,0.875,clob_prices_history
17398942423057686582491252867921221591924525918102079345877032638913486446065,0x139ba0e7f931f09466c0fb27fc8ddb5e77ce9d1e2bdc953a5f22765bf779452f,1774176323,2026-03-22T10:45:23+00:00,0.875,clob_prices_history
17398942423057686582491252867921221591924525918102079345877032638913486446065,0x139ba0e7f931f09466c0fb27fc8ddb5e77ce9d1e2bdc953a5f22765bf779452f,1774177225,2026-03-22T11:00:25+00:00,0.875,clob_prices_history
17398942423057686582491252867921221591924525918102079345877032638913486446065,0x139ba0e7f931f09466c0fb27fc8ddb5e77ce9d1e2bdc953a5f22765bf779452f,1774178124,2026-03-22T11:15:24+00:00,0.875,clob_prices_history
17398942423057686582491252867921221591924525918102079345877032638913486446065,0x139ba0e7f931f09466c0fb27fc8ddb5e77ce9d1e2bdc953a5f22765bf779452f,1774179027,2026-03-22T11:30:27+00:00,0.875,clob_prices_history
17398942423057686582491252867921221591924525918102079345877032638913486446065,0x139ba0e7f931f09466c0fb27fc8ddb5e77ce9d1e2bdc953a5f22765bf779452f,1774179939,2026-03-22T11:45:39+00:00,0.875,clob_prices_history
17398942423057686582491252867921221591924525918102079345877032638913486446065,0x139ba0e7f931f09466c0fb27fc8ddb5e77ce9d1e2bdc953a5f22765bf779452f,1774180843,2026-03-22T12:00:43+00:00,0.875,clob_prices_history
17398942423057686582491252867921221591924525918102079345877032638913486446065,0x139ba0e7f931f09466c0fb27fc8ddb5e77ce9d1e2bdc953a5f22765bf779452f,1774181724,2026-03-22T12:15:24+00:00,0.875,clob_prices_history
17398942423057686582491252867921221591924525918102079345877032638913486446065,0x139ba0e7f931f09466c0fb27fc8ddb5e77ce9d1e2bdc953a5f22765bf779452f,1774182624,2026-03-22T12:30:24+00:00,0.875,clob_prices_history
17398942423057686582491252867921221591924525918102079345877032638913486446065,0x139ba0e7f931f09466c0fb27fc8ddb5e77ce9d1e2bdc953a5f22765bf779452f,1774183522,2026-03-22T12:45:22+00:00,0.875,clob_prices_history
17398942423057686582491252867921221591924525918102079345877032638913486446065,0x139ba0e7f931f09466c0fb27fc8ddb5e77ce9d1e2bdc953a5f22765bf779452f,1774184435,2026-03-22T13:00:35+00:00,0.875,clob_prices_history
17398942423057686582491252867921221591924525918102079345877032638913486446065,0x139ba0e7f931f09466c0fb27fc8ddb5e77ce9d1e2bdc953a5f22765bf779452f,1774185323,2026-03-22T13:15:23+00:00,0.875,clob_prices_history
17398942423057686582491252867921221591924525918102079345877032638913486446065,0x139ba0e7f931f09466c0fb27fc8ddb5e77ce9d1e2bdc953a5f22765bf779452f,1774186239,2026-03-22T13:30:39+00:00,0.875,clob_prices_history
17398942423057686582491252867921221591924525918102079345877032638913486446065,0x139ba0e7f931f09466c0fb27fc8ddb5e77ce9d1e2bdc953a5f22765bf779452f,1774187123,2026-03-22T13:45:23+00:00,0.875,clob_prices_history
17398942423057686582491252867921221591924525918102079345877032638913486446065,0x139ba0e7f931f09466c0fb27fc8ddb5e77ce9d1e2bdc953a5f22765bf779452f,1774188026,2026-03-22T14:00:26+00:00,0.875,clob_prices_history
17398942423057686582491252867921221591924525918102079345877032638913486446065,0x139ba0e7f931f09466c0fb27fc8ddb5e77ce9d1e2bdc953a5f22765bf779452f,1774188923,2026-03-22T14:15:23+00:00,0.875,clob_prices_history
17398942423057686582491252867921221591924525918102079345877032638913486446065,0x139ba0e7f931f09466c0fb27fc8ddb5e77ce9d1e2bdc953a5f22765bf779452f,1774189827,2026-03-22T14:30:27+00:00,0.875,clob_prices_history
17398942423057686582491252867921221591924525918102079345877032638913486446065,0x139ba0e7f931f09466c0fb27fc8ddb5e77ce9d1e2bdc953a5f22765bf779452f,1774190723,2026-03-22T14:45:23+00:00,0.875,clob_prices_history
17398942423057686582491252867921221591924525918102079345877032638913486446065,0x139ba0e7f931f09466c0fb27fc8ddb5e77ce9d1e2bdc953a5f22765bf779452f,1774191627,2026-03-22T15:00:27+00:00,0.875,clob_prices_history
17398942423057686582491252867921221591924525918102079345877032638913486446065,0x139ba0e7f931f09466c0fb27fc8ddb5e77ce9d1e2bdc953a5f22765bf779452f,1774192523,2026-03-22T15:15:23+00:00,0.875,clob_prices_history
17398942423057686582491252867921221591924525918102079345877032638913486446065,0x139ba0e7f931f09466c0fb27fc8ddb5e77ce9d1e2bdc953a5f22765bf779452f,1774193427,2026-03-22T15:30:27+00:00,0.875,clob_prices_history
17398942423057686582491252867921221591924525918102079345877032638913486446065,0x139ba0e7f931f09466c0fb27fc8ddb5e77ce9d1e2bdc953a5f22765bf779452f,1774194336,2026-03-22T15:45:36+00:00,0.875,clob_prices_history
17398942423057686582491252867921221591924525918102079345877032638913486446065,0x139ba0e7f931f09466c0fb27fc8ddb5e77ce9d1e2bdc953a5f22765bf779452f,1774195229,2026-03-22T16:00:29+00:00,0.875,clob_prices_history
17398942423057686582491252867921221591924525918102079345877032638913486446065,0x139ba0e7f931f09466c0fb27fc8ddb5e77ce9d1e2bdc953a5f22765bf779452f,1774196124,2026-03-22T16:15:24+00:00,0.875,clob_prices_history
17398942423057686582491252867921221591924525918102079345877032638913486446065,0x139ba0e7f931f09466c0fb27fc8ddb5e77ce9d1e2bdc953a5f22765bf779452f,1774197025,2026-03-22T16:30:25+00:00,0.875,clob_prices_history
17398942423057686582491252867921221591924525918102079345877032638913486446065,0x139ba0e7f931f09466c0fb27fc8ddb5e77ce9d1e2bdc953a5f22765bf779452f,1774197923,2026-03-22T16:45:23+00:00,0.875,clob_prices_history
17398942423057686582491252867921221591924525918102079345877032638913486446065,0x139ba0e7f931f09466c0fb27fc8ddb5e77ce9d1e2bdc953a5f22765bf779452f,1774198849,2026-03-22T17:00:49+00:00,0.875,clob_prices_history
17398942423057686582491252867921221591924525918102079345877032638913486446065,0x139ba0e7f931f09466c0fb27fc8ddb5e77ce9d1e2bdc953a5f22765bf779452f,1774199724,2026-03-22T17:15:24+00:00,0.875,clob_prices_history
17398942423057686582491252867921221591924525918102079345877032638913486446065,0x139ba0e7f931f09466c0fb27fc8ddb5e77ce9d1e2bdc953a5f22765bf779452f,1774200646,2026-03-22T17:30:46+00:00,0.875,clob_prices_history
17398942423057686582491252867921221591924525918102079345877032638913486446065,0x139ba0e7f931f09466c0fb27fc8ddb5e77ce9d1e2bdc953a5f22765bf779452f,1774201523,2026-03-22T17:45:23+00:00,0.875,clob_prices_history
17398942423057686582491252867921221591924525918102079345877032638913486446065,0x139ba0e7f931f09466c0fb27fc8ddb5e77ce9d1e2bdc953a5f22765bf779452f,1774202429,2026-03-22T18:00:29+00:00,0.875,clob_prices_history
17398942423057686582491252867921221591924525918102079345877032638913486446065,0x139ba0e7f931f09466c0fb27fc8ddb5e77ce9d1e2bdc953a5f22765bf779452f,1774203322,2026-03-22T18:15:22+00:00,0.875,clob_prices_history
17398942423057686582491252867921221591924525918102079345877032638913486446065,0x139ba0e7f931f09466c0fb27fc8ddb5e77ce9d1e2bdc953a5f22765bf779452f,1774204228,2026-03-22T18:30:28+00:00,0.875,clob_prices_history
17398942423057686582491252867921221591924525918102079345877032638913486446065,0x139ba0e7f931f09466c0fb27fc8ddb5e77ce9d1e2bdc953a5f22765bf779452f,1774205124,2026-03-22T18:45:24+00:00,0.875,clob_prices_history
17398942423057686582491252867921221591924525918102079345877032638913486446065,0x139ba0e7f931f09466c0fb27fc8ddb5e77ce9d1e2bdc953a5f22765bf779452f,1774206029,2026-03-22T19:00:29+00:00,0.875,clob_prices_history
17398942423057686582491252867921221591924525918102079345877032638913486446065,0x139ba0e7f931f09466c0fb27fc8ddb5e77ce9d1e2bdc953a5f22765bf779452f,1774206926,2026-03-22T19:15:26+00:00,0.875,clob_prices_history
17398942423057686582491252867921221591924525918102079345877032638913486446065,0x139ba0e7f931f09466c0fb27fc8ddb5e77ce9d1e2bdc953a5f22765bf779452f,1774207829,2026-03-22T19:30:29+00:00,0.875,clob_prices_history
17398942423057686582491252867921221591924525918102079345877032638913486446065,0x139ba0e7f931f09466c0fb27fc8ddb5e77ce9d1e2bdc953a5f22765bf779452f,1774208726,2026-03-22T19:45:26+00:00,0.875,clob_prices_history
17398942423057686582491252867921221591924525918102079345877032638913486446065,0x139ba0e7f931f09466c0fb27fc8ddb5e77ce9d1e2bdc953a5f22765bf779452f,1774209627,2026-03-22T20:00:27+00:00,0.875,clob_prices_history
17398942423057686582491252867921221591924525918102079345877032638913486446065,0x139ba0e7f931f09466c0fb27fc8ddb5e77ce9d1e2bdc953a5f22765bf779452f,1774210525,2026-03-22T20:15:25+00:00,0.875,clob_prices_history
17398942423057686582491252867921221591924525918102079345877032638913486446065,0x139ba0e7f931f09466c0fb27fc8ddb5e77ce9d1e2bdc953a5f22765bf779452f,1774211428,2026-03-22T20:30:28+00:00,0.875,clob_prices_history
17398942423057686582491252867921221591924525918102079345877032638913486446065,0x139ba0e7f931f09466c0fb27fc8ddb5e77ce9d1e2bdc953a5f22765bf779452f,1774212329,2026-03-22T20:45:29+00:00,0.875,clob_prices_history
17398942423057686582491252867921221591924525918102079345877032638913486446065,0x139ba0e7f931f09466c0fb27fc8ddb5e77ce9d1e2bdc953a5f22765bf779452f,1774213229,2026-03-22T21:00:29+00:00,0.875,clob_prices_history
17398942423057686582491252867921221591924525918102079345877032638913486446065,0x139ba0e7f931f09466c0fb27fc8ddb5e77ce9d1e2bdc953a5f22765bf779452f,1774214127,2026-03-22T21:15:27+00:00,0.875,clob_prices_history
17398942423057686582491252867921221591924525918102079345877032638913486446065,0x139ba0e7f931f09466c0fb27fc8ddb5e77ce9d1e2bdc953a5f22765bf779452f,1774215028,2026-03-22T21:30:28+00:00,0.875,clob_prices_history
17398942423057686582491252867921221591924525918102079345877032638913486446065,0x139ba0e7f931f09466c0fb27fc8ddb5e77ce9d1e2bdc953a5f22765bf779452f,1774215926,2026-03-22T21:45:26+00:00,0.875,clob_prices_history
17398942423057686582491252867921221591924525918102079345877032638913486446065,0x139ba0e7f931f09466c0fb27fc8ddb5e77ce9d1e2bdc953a5f22765bf779452f,1774216828,2026-03-22T22:00:28+00:00,0.875,clob_prices_history
17398942423057686582491252867921221591924525918102079345877032638913486446065,0x139ba0e7f931f09466c0fb27fc8ddb5e77ce9d1e2bdc953a5f22765bf779452f,1774217724,2026-03-22T22:15:24+00:00,0.875,clob_prices_history
17398942423057686582491252867921221591924525918102079345877032638913486446065,0x139ba0e7f931f09466c0fb27fc8ddb5e77ce9d1e2bdc953a5f22765bf779452f,1774218628,2026-03-22T22:30:28+00:00,0.875,clob_prices_history
17398942423057686582491252867921221591924525918102079345877032638913486446065,0x139ba0e7f931f09466c0fb27fc8ddb5e77ce9d1e2bdc953a5f22765bf779452f,1774219525,2026-03-22T22:45:25+00:00,0.875,clob_prices_history
17398942423057686582491252867921221591924525918102079345877032638913486446065,0x139ba0e7f931f09466c0fb27fc8ddb5e77ce9d1e2bdc953a5f22765bf779452f,1774220431,2026-03-22T23:00:31+00:00,0.875,clob_prices_history
17398942423057686582491252867921221591924525918102079345877032638913486446065,0x139ba0e7f931f09466c0fb27fc8ddb5e77ce9d1e2bdc953a5f22765bf779452f,1774221327,2026-03-22T23:15:27+00:00,0.875,clob_prices_history
17398942423057686582491252867921221591924525918102079345877032638913486446065,0x139ba0e7f931f09466c0fb27fc8ddb5e77ce9d1e2bdc953a5f22765bf779452f,1774222228,2026-03-22T23:30:28+00:00,0.875,clob_prices_history
17398942423057686582491252867921221591924525918102079345877032638913486446065,0x139ba0e7f931f09466c0fb27fc8ddb5e77ce9d1e2bdc953a5f22765bf779452f,1774223132,2026-03-22T23:45:32+00:00,0.875,clob_prices_history
17398942423057686582491252867921221591924525918102079345877032638913486446065,0x139ba0e7f931f09466c0fb27fc8ddb5e77ce9d1e2bdc953a5f22765bf779452f,1774224031,2026-03-23T00:00:31+00:00,0.875,clob_prices_history
17398942423057686582491252867921221591924525918102079345877032638913486446065,0x139ba0e7f931f09466c0fb27fc8ddb5e77ce9d1e2bdc953a5f22765bf779452f,1774224925,2026-03-23T00:15:25+00:00,0.875,clob_prices_history
17398942423057686582491252867921221591924525918102079345877032638913486446065,0x139ba0e7f931f09466c0fb27fc8ddb5e77ce9d1e2bdc953a5f22765bf779452f,1774225827,2026-03-23T00:30:27+00:00,0.875,clob_prices_history
17398942423057686582491252867921221591924525918102079345877032638913486446065,0x139ba0e7f931f09466c0fb27fc8ddb5e77ce9d1e2bdc953a5f22765bf779452f,1774226724,2026-03-23T00:45:24+00:00,0.875,clob_prices_history
17398942423057686582491252867921221591924525918102079345877032638913486446065,0x139ba0e7f931f09466c0fb27fc8ddb5e77ce9d1e2bdc953a5f22765bf779452f,1774227627,2026-03-23T01:00:27+00:00,0.875,clob_prices_history
17398942423057686582491252867921221591924525918102079345877032638913486446065,0x139ba0e7f931f09466c0fb27fc8ddb5e77ce9d1e2bdc953a5f22765bf779452f,1774228528,2026-03-23T01:15:28+00:00,0.875,clob_prices_history
17398942423057686582491252867921221591924525918102079345877032638913486446065,0x139ba0e7f931f09466c0fb27fc8ddb5e77ce9d1e2bdc953a5f22765bf779452f,1774229427,2026-03-23T01:30:27+00:00,0.875,clob_prices_history
17398942423057686582491252867921221591924525918102079345877032638913486446065,0x139ba0e7f931f09466c0fb27fc8ddb5e77ce9d1e2bdc953a5f22765bf779452f,1774230325,2026-03-23T01:45:25+00:00,0.875,clob_prices_history
17398942423057686582491252867921221591924525918102079345877032638913486446065,0x139ba0e7f931f09466c0fb27fc8ddb5e77ce9d1e2bdc953a5f22765bf779452f,1774231229,2026-03-23T02:00:29+00:00,0.875,clob_prices_history
17398942423057686582491252867921221591924525918102079345877032638913486446065,0x139ba0e7f931f09466c0fb27fc8ddb5e77ce9d1e2bdc953a5f22765bf779452f,1774232125,2026-03-23T02:15:25+00:00,0.875,clob_prices_history
17398942423057686582491252867921221591924525918102079345877032638913486446065,0x139ba0e7f931f09466c0fb27fc8ddb5e77ce9d1e2bdc953a5f22765bf779452f,1774233030,2026-03-23T02:30:30+00:00,0.875,clob_prices_history
17398942423057686582491252867921221591924525918102079345877032638913486446065,0x139ba0e7f931f09466c0fb27fc8ddb5e77ce9d1e2bdc953a5f22765bf779452f,1774233930,2026-03-23T02:45:30+00:00,0.875,clob_prices_history
17398942423057686582491252867921221591924525918102079345877032638913486446065,0x139ba0e7f931f09466c0fb27fc8ddb5e77ce9d1e2bdc953a5f22765bf779452f,1774234832,2026-03-23T03:00:32+00:00,0.875,clob_prices_history
17398942423057686582491252867921221591924525918102079345877032638913486446065,0x139ba0e7f931f09466c0fb27fc8ddb5e77ce9d1e2bdc953a5f22765bf779452f,1774235726,2026-03-23T03:15:26+00:00,0.875,clob_prices_history
17398942423057686582491252867921221591924525918102079345877032638913486446065,0x139ba0e7f931f09466c0fb27fc8ddb5e77ce9d1e2bdc953a5f22765bf779452f,1774236629,2026-03-23T03:30:29+00:00,0.875,clob_prices_history
17398942423057686582491252867921221591924525918102079345877032638913486446065,0x139ba0e7f931f09466c0fb27fc8ddb5e77ce9d1e2bdc953a5f22765bf779452f,1774237537,2026-03-23T03:45:37+00:00,0.875,clob_prices_history
17398942423057686582491252867921221591924525918102079345877032638913486446065,0x139ba0e7f931f09466c0fb27fc8ddb5e77ce9d1e2bdc953a5f22765bf779452f,1774238425,2026-03-23T04:00:25+00:00,0.875,clob_prices_history
17398942423057686582491252867921221591924525918102079345877032638913486446065,0x139ba0e7f931f09466c0fb27fc8ddb5e77ce9d1e2bdc953a5f22765bf779452f,1774239334,2026-03-23T04:15:34+00:00,0.875,clob_prices_history
17398942423057686582491252867921221591924525918102079345877032638913486446065,0x139ba0e7f931f09466c0fb27fc8ddb5e77ce9d1e2bdc953a5f22765bf779452f,1774240228,2026-03-23T04:30:28+00:00,0.875,clob_prices_history
17398942423057686582491252867921221591924525918102079345877032638913486446065,0x139ba0e7f931f09466c0fb27fc8ddb5e77ce9d1e2bdc953a5f22765bf779452f,1774241125,2026-03-23T04:45:25+00:00,0.875,clob_prices_history
17398942423057686582491252867921221591924525918102079345877032638913486446065,0x139ba0e7f931f09466c0fb27fc8ddb5e77ce9d1e2bdc953a5f22765bf779452f,1774242032,2026-03-23T05:00:32+00:00,0.875,clob_prices_history
17398942423057686582491252867921221591924525918102079345877032638913486446065,0x139ba0e7f931f09466c0fb27fc8ddb5e77ce9d1e2bdc953a5f22765bf779452f,1774242924,2026-03-23T05:15:24+00:00,0.875,clob_prices_history
17398942423057686582491252867921221591924525918102079345877032638913486446065,0x139ba0e7f931f09466c0fb27fc8ddb5e77ce9d1e2bdc953a5f22765bf779452f,1774243827,2026-03-23T05:30:27+00:00,0.875,clob_prices_history
17398942423057686582491252867921221591924525918102079345877032638913486446065,0x139ba0e7f931f09466c0fb27fc8ddb5e77ce9d1e2bdc953a5f22765bf779452f,1774244723,2026-03-23T05:45:23+00:00,0.875,clob_prices_history
17398942423057686582491252867921221591924525918102079345877032638913486446065,0x139ba0e7f931f09466c0fb27fc8ddb5e77ce9d1e2bdc953a5f22765bf779452f,1774245632,2026-03-23T06:00:32+00:00,0.875,clob_prices_history
17398942423057686582491252867921221591924525918102079345877032638913486446065,0x139ba0e7f931f09466c0fb27fc8ddb5e77ce9d1e2bdc953a5f22765bf779452f,1774246526,2026-03-23T06:15:26+00:00,0.875,clob_prices_history
17398942423057686582491252867921221591924525918102079345877032638913486446065,0x139ba0e7f931f09466c0fb27fc8ddb5e77ce9d1e2bdc953a5f22765bf779452f,1774247429,2026-03-23T06:30:29+00:00,0.875,clob_prices_history
17398942423057686582491252867921221591924525918102079345877032638913486446065,0x139ba0e7f931f09466c0fb27fc8ddb5e77ce9d1e2bdc953a5f22765bf779452f,1774248340,2026-03-23T06:45:40+00:00,0.875,clob_prices_history
17398942423057686582491252867921221591924525918102079345877032638913486446065,0x139ba0e7f931f09466c0fb27fc8ddb5e77ce9d1e2bdc953a5f22765bf779452f,1774249229,2026-03-23T07:00:29+00:00,0.875,clob_prices_history
17398942423057686582491252867921221591924525918102079345877032638913486446065,0x139ba0e7f931f09466c0fb27fc8ddb5e77ce9d1e2bdc953a5f22765bf779452f,1774250124,2026-03-23T07:15:24+00:00,0.875,clob_prices_history
17398942423057686582491252867921221591924525918102079345877032638913486446065,0x139ba0e7f931f09466c0fb27fc8ddb5e77ce9d1e2bdc953a5f22765bf779452f,1774251029,2026-03-23T07:30:29+00:00,0.875,clob_prices_history
17398942423057686582491252867921221591924525918102079345877032638913486446065,0x139ba0e7f931f09466c0fb27fc8ddb5e77ce9d1e2bdc953a5f22765bf779452f,1774251924,2026-03-23T07:45:24+00:00,0.875,clob_prices_history
17398942423057686582491252867921221591924525918102079345877032638913486446065,0x139ba0e7f931f09466c0fb27fc8ddb5e77ce9d1e2bdc953a5f22765bf779452f,1774252832,2026-03-23T08:00:32+00:00,0.875,clob_prices_history
17398942423057686582491252867921221591924525918102079345877032638913486446065,0x139ba0e7f931f09466c0fb27fc8ddb5e77ce9d1e2bdc953a5f22765bf779452f,1774253727,2026-03-23T08:15:27+00:00,0.875,clob_prices_history
17398942423057686582491252867921221591924525918102079345877032638913486446065,0x139ba0e7f931f09466c0fb27fc8ddb5e77ce9d1e2bdc953a5f22765bf779452f,1774254627,2026-03-23T08:30:27+00:00,0.875,clob_prices_history
17398942423057686582491252867921221591924525918102079345877032638913486446065,0x139ba0e7f931f09466c0fb27fc8ddb5e77ce9d1e2bdc953a5f22765bf779452f,1774255524,2026-03-23T08:45:24+00:00,0.875,clob_prices_history
17398942423057686582491252867921221591924525918102079345877032638913486446065,0x139ba0e7f931f09466c0fb27fc8ddb5e77ce9d1e2bdc953a5f22765bf779452f,1774256441,2026-03-23T09:00:41+00:00,0.875,clob_prices_history
17398942423057686582491252867921221591924525918102079345877032638913486446065,0x139ba0e7f931f09466c0fb27fc8ddb5e77ce9d1e2bdc953a5f22765bf779452f,1774257322,2026-03-23T09:15:22+00:00,0.875,clob_prices_history
17398942423057686582491252867921221591924525918102079345877032638913486446065,0x139ba0e7f931f09466c0fb27fc8ddb5e77ce9d1e2bdc953a5f22765bf779452f,1774258226,2026-03-23T09:30:26+00:00,0.875,clob_prices_history
17398942423057686582491252867921221591924525918102079345877032638913486446065,0x139ba0e7f931f09466c0fb27fc8ddb5e77ce9d1e2bdc953a5f22765bf779452f,1774259124,2026-03-23T09:45:24+00:00,0.875,clob_prices_history
17398942423057686582491252867921221591924525918102079345877032638913486446065,0x139ba0e7f931f09466c0fb27fc8ddb5e77ce9d1e2bdc953a5f22765bf779452f,1774260027,2026-03-23T10:00:27+00:00,0.875,clob_prices_history
17398942423057686582491252867921221591924525918102079345877032638913486446065,0x139ba0e7f931f09466c0fb27fc8ddb5e77ce9d1e2bdc953a5f22765bf779452f,1774260921,2026-03-23T10:15:21+00:00,0.875,clob_prices_history
17398942423057686582491252867921221591924525918102079345877032638913486446065,0x139ba0e7f931f09466c0fb27fc8ddb5e77ce9d1e2bdc953a5f22765bf779452f,1774261825,2026-03-23T10:30:25+00:00,0.875,clob_prices_history
17398942423057686582491252867921221591924525918102079345877032638913486446065,0x139ba0e7f931f09466c0fb27fc8ddb5e77ce9d1e2bdc953a5f22765bf779452f,1774262727,2026-03-23T10:45:27+00:00,0.875,clob_prices_history
17398942423057686582491252867921221591924525918102079345877032638913486446065,0x139ba0e7f931f09466c0fb27fc8ddb5e77ce9d1e2bdc953a5f22765bf779452f,1774263625,2026-03-23T11:00:25+00:00,0.875,clob_prices_history
17398942423057686582491252867921221591924525918102079345877032638913486446065,0x139ba0e7f931f09466c0fb27fc8ddb5e77ce9d1e2bdc953a5f22765bf779452f,1774264540,2026-03-23T11:15:40+00:00,0.875,clob_prices_history
17398942423057686582491252867921221591924525918102079345877032638913486446065,0x139ba0e7f931f09466c0fb27fc8ddb5e77ce9d1e2bdc953a5f22765bf779452f,1774265440,2026-03-23T11:30:40+00:00,0.875,clob_prices_history
17398942423057686582491252867921221591924525918102079345877032638913486446065,0x139ba0e7f931f09466c0fb27fc8ddb5e77ce9d1e2bdc953a5f22765bf779452f,1774266322,2026-03-23T11:45:22+00:00,0.875,clob_prices_history
17398942423057686582491252867921221591924525918102079345877032638913486446065,0x139ba0e7f931f09466c0fb27fc8ddb5e77ce9d1e2bdc953a5f22765bf779452f,1774267229,2026-03-23T12:00:29+00:00,0.875,clob_prices_history
17398942423057686582491252867921221591924525918102079345877032638913486446065,0x139ba0e7f931f09466c0fb27fc8ddb5e77ce9d1e2bdc953a5f22765bf779452f,1774268124,2026-03-23T12:15:24+00:00,0.875,clob_prices_history
17398942423057686582491252867921221591924525918102079345877032638913486446065,0x139ba0e7f931f09466c0fb27fc8ddb5e77ce9d1e2bdc953a5f22765bf779452f,1774269028,2026-03-23T12:30:28+00:00,0.875,clob_prices_history
17398942423057686582491252867921221591924525918102079345877032638913486446065,0x139ba0e7f931f09466c0fb27fc8ddb5e77ce9d1e2bdc953a5f22765bf779452f,1774269925,2026-03-23T12:45:25+00:00,0.875,clob_prices_history
17398942423057686582491252867921221591924525918102079345877032638913486446065,0x139ba0e7f931f09466c0fb27fc8ddb5e77ce9d1e2bdc953a5f22765bf779452f,1774270831,2026-03-23T13:00:31+00:00,0.875,clob_prices_history
17398942423057686582491252867921221591924525918102079345877032638913486446065,0x139ba0e7f931f09466c0fb27fc8ddb5e77ce9d1e2bdc953a5f22765bf779452f,1774271726,2026-03-23T13:15:26+00:00,0.875,clob_prices_history
17398942423057686582491252867921221591924525918102079345877032638913486446065,0x139ba0e7f931f09466c0fb27fc8ddb5e77ce9d1e2bdc953a5f22765bf779452f,1774272629,2026-03-23T13:30:29+00:00,0.875,clob_prices_history
17398942423057686582491252867921221591924525918102079345877032638913486446065,0x139ba0e7f931f09466c0fb27fc8ddb5e77ce9d1e2bdc953a5f22765bf779452f,1774273526,2026-03-23T13:45:26+00:00,0.875,clob_prices_history
17398942423057686582491252867921221591924525918102079345877032638913486446065,0x139ba0e7f931f09466c0fb27fc8ddb5e77ce9d1e2bdc953a5f22765bf779452f,1774274427,2026-03-23T14:00:27+00:00,0.875,clob_prices_history
17398942423057686582491252867921221591924525918102079345877032638913486446065,0x139ba0e7f931f09466c0fb27fc8ddb5e77ce9d1e2bdc953a5f22765bf779452f,1774275329,2026-03-23T14:15:29+00:00,0.875,clob_prices_history
17398942423057686582491252867921221591924525918102079345877032638913486446065,0x139ba0e7f931f09466c0fb27fc8ddb5e77ce9d1e2bdc953a5f22765bf779452f,1774276223,2026-03-23T14:30:23+00:00,0.875,clob_prices_history
17398942423057686582491252867921221591924525918102079345877032638913486446065,0x139ba0e7f931f09466c0fb27fc8ddb5e77ce9d1e2bdc953a5f22765bf779452f,1774277121,2026-03-23T14:45:21+00:00,0.875,clob_prices_history
17398942423057686582491252867921221591924525918102079345877032638913486446065,0x139ba0e7f931f09466c0fb27fc8ddb5e77ce9d1e2bdc953a5f22765bf779452f,1774278024,2026-03-23T15:00:24+00:00,0.875,clob_prices_history
17398942423057686582491252867921221591924525918102079345877032638913486446065,0x139ba0e7f931f09466c0fb27fc8ddb5e77ce9d1e2bdc953a5f22765bf779452f,1774278921,2026-03-23T15:15:21+00:00,0.875,clob_prices_history
17398942423057686582491252867921221591924525918102079345877032638913486446065,0x139ba0e7f931f09466c0fb27fc8ddb5e77ce9d1e2bdc953a5f22765bf779452f,1774279827,2026-03-23T15:30:27+00:00,0.875,clob_prices_history
17398942423057686582491252867921221591924525918102079345877032638913486446065,0x139ba0e7f931f09466c0fb27fc8ddb5e77ce9d1e2bdc953a5f22765bf779452f,1774280722,2026-03-23T15:45:22+00:00,0.875,clob_prices_history
17398942423057686582491252867921221591924525918102079345877032638913486446065,0x139ba0e7f931f09466c0fb27fc8ddb5e77ce9d1e2bdc953a5f22765bf779452f,1774281626,2026-03-23T16:00:26+00:00,0.875,clob_prices_history
17398942423057686582491252867921221591924525918102079345877032638913486446065,0x139ba0e7f931f09466c0fb27fc8ddb5e77ce9d1e2bdc953a5f22765bf779452f,1774282522,2026-03-23T16:15:22+00:00,0.875,clob_prices_history
17398942423057686582491252867921221591924525918102079345877032638913486446065,0x139ba0e7f931f09466c0fb27fc8ddb5e77ce9d1e2bdc953a5f22765bf779452f,1774283435,2026-03-23T16:30:35+00:00,0.875,clob_prices_history
17398942423057686582491252867921221591924525918102079345877032638913486446065,0x139ba0e7f931f09466c0fb27fc8ddb5e77ce9d1e2bdc953a5f22765bf779452f,1774284323,2026-03-23T16:45:23+00:00,0.875,clob_prices_history
17398942423057686582491252867921221591924525918102079345877032638913486446065,0x139ba0e7f931f09466c0fb27fc8ddb5e77ce9d1e2bdc953a5f22765bf779452f,1774285236,2026-03-23T17:00:36+00:00,0.875,clob_prices_history
17398942423057686582491252867921221591924525918102079345877032638913486446065,0x139ba0e7f931f09466c0fb27fc8ddb5e77ce9d1e2bdc953a5f22765bf779452f,1774286124,2026-03-23T17:15:24+00:00,0.875,clob_prices_history
17398942423057686582491252867921221591924525918102079345877032638913486446065,0x139ba0e7f931f09466c0fb27fc8ddb5e77ce9d1e2bdc953a5f22765bf779452f,1774287024,2026-03-23T17:30:24+00:00,0.875,clob_prices_history
17398942423057686582491252867921221591924525918102079345877032638913486446065,0x139ba0e7f931f09466c0fb27fc8ddb5e77ce9d1e2bdc953a5f22765bf779452f,1774287922,2026-03-23T17:45:22+00:00,0.875,clob_prices_history
17398942423057686582491252867921221591924525918102079345877032638913486446065,0x139ba0e7f931f09466c0fb27fc8ddb5e77ce9d1e2bdc953a5f22765bf779452f,1774288826,2026-03-23T18:00:26+00:00,0.875,clob_prices_history
17398942423057686582491252867921221591924525918102079345877032638913486446065,0x139ba0e7f931f09466c0fb27fc8ddb5e77ce9d1e2bdc953a5f22765bf779452f,1774289724,2026-03-23T18:15:24+00:00,0.875,clob_prices_history
17398942423057686582491252867921221591924525918102079345877032638913486446065,0x139ba0e7f931f09466c0fb27fc8ddb5e77ce9d1e2bdc953a5f22765bf779452f,1774290626,2026-03-23T18:30:26+00:00,0.875,clob_prices_history
17398942423057686582491252867921221591924525918102079345877032638913486446065,0x139ba0e7f931f09466c0fb27fc8ddb5e77ce9d1e2bdc953a5f22765bf779452f,1774291524,2026-03-23T18:45:24+00:00,0.875,clob_prices_history
17398942423057686582491252867921221591924525918102079345877032638913486446065,0x139ba0e7f931f09466c0fb27fc8ddb5e77ce9d1e2bdc953a5f22765bf779452f,1774292442,2026-03-23T19:00:42+00:00,0.875,clob_prices_history
17398942423057686582491252867921221591924525918102079345877032638913486446065,0x139ba0e7f931f09466c0fb27fc8ddb5e77ce9d1e2bdc953a5f22765bf779452f,1774293326,2026-03-23T19:15:26+00:00,0.875,clob_prices_history
17398942423057686582491252867921221591924525918102079345877032638913486446065,0x139ba0e7f931f09466c0fb27fc8ddb5e77ce9d1e2bdc953a5f22765bf779452f,1774294226,2026-03-23T19:30:26+00:00,0.875,clob_prices_history
17398942423057686582491252867921221591924525918102079345877032638913486446065,0x139ba0e7f931f09466c0fb27fc8ddb5e77ce9d1e2bdc953a5f22765bf779452f,1774295125,2026-03-23T19:45:25+00:00,0.875,clob_prices_history
17398942423057686582491252867921221591924525918102079345877032638913486446065,0x139ba0e7f931f09466c0fb27fc8ddb5e77ce9d1e2bdc953a5f22765bf779452f,1774296027,2026-03-23T20:00:27+00:00,0.875,clob_prices_history
17398942423057686582491252867921221591924525918102079345877032638913486446065,0x139ba0e7f931f09466c0fb27fc8ddb5e77ce9d1e2bdc953a5f22765bf779452f,1774296923,2026-03-23T20:15:23+00:00,0.875,clob_prices_history
17398942423057686582491252867921221591924525918102079345877032638913486446065,0x139ba0e7f931f09466c0fb27fc8ddb5e77ce9d1e2bdc953a5f22765bf779452f,1774297827,2026-03-23T20:30:27+00:00,0.875,clob_prices_history
17398942423057686582491252867921221591924525918102079345877032638913486446065,0x139ba0e7f931f09466c0fb27fc8ddb5e77ce9d1e2bdc953a5f22765bf779452f,1774298724,2026-03-23T20:45:24+00:00,0.875,clob_prices_history
17398942423057686582491252867921221591924525918102079345877032638913486446065,0x139ba0e7f931f09466c0fb27fc8ddb5e77ce9d1e2bdc953a5f22765bf779452f,1774299629,2026-03-23T21:00:29+00:00,0.875,clob_prices_history
17398942423057686582491252867921221591924525918102079345877032638913486446065,0x139ba0e7f931f09466c0fb27fc8ddb5e77ce9d1e2bdc953a5f22765bf779452f,1774300538,2026-03-23T21:15:38+00:00,0.875,clob_prices_history
17398942423057686582491252867921221591924525918102079345877032638913486446065,0x139ba0e7f931f09466c0fb27fc8ddb5e77ce9d1e2bdc953a5f22765bf779452f,1774301429,2026-03-23T21:30:29+00:00,0.875,clob_prices_history
17398942423057686582491252867921221591924525918102079345877032638913486446065,0x139ba0e7f931f09466c0fb27fc8ddb5e77ce9d1e2bdc953a5f22765bf779452f,1774302325,2026-03-23T21:45:25+00:00,0.875,clob_prices_history
17398942423057686582491252867921221591924525918102079345877032638913486446065,0x139ba0e7f931f09466c0fb27fc8ddb5e77ce9d1e2bdc953a5f22765bf779452f,1774303228,2026-03-23T22:00:28+00:00,0.875,clob_prices_history
17398942423057686582491252867921221591924525918102079345877032638913486446065,0x139ba0e7f931f09466c0fb27fc8ddb5e77ce9d1e2bdc953a5f22765bf779452f,1774304127,2026-03-23T22:15:27+00:00,0.875,clob_prices_history
17398942423057686582491252867921221591924525918102079345877032638913486446065,0x139ba0e7f931f09466c0fb27fc8ddb5e77ce9d1e2bdc953a5f22765bf779452f,1774305026,2026-03-23T22:30:26+00:00,0.875,clob_prices_history
17398942423057686582491252867921221591924525918102079345877032638913486446065,0x139ba0e7f931f09466c0fb27fc8ddb5e77ce9d1e2bdc953a5f22765bf779452f,1774305926,2026-03-23T22:45:26+00:00,0.875,clob_prices_history
17398942423057686582491252867921221591924525918102079345877032638913486446065,0x139ba0e7f931f09466c0fb27fc8ddb5e77ce9d1e2bdc953a5f22765bf779452f,1774306827,2026-03-23T23:00:27+00:00,0.875,clob_prices_history
17398942423057686582491252867921221591924525918102079345877032638913486446065,0x139ba0e7f931f09466c0fb27fc8ddb5e77ce9d1e2bdc953a5f22765bf779452f,1774307724,2026-03-23T23:15:24+00:00,0.875,clob_prices_history
17398942423057686582491252867921221591924525918102079345877032638913486446065,0x139ba0e7f931f09466c0fb27fc8ddb5e77ce9d1e2bdc953a5f22765bf779452f,1774308630,2026-03-23T23:30:30+00:00,0.875,clob_prices_history
17398942423057686582491252867921221591924525918102079345877032638913486446065,0x139ba0e7f931f09466c0fb27fc8ddb5e77ce9d1e2bdc953a5f22765bf779452f,1774309527,2026-03-23T23:45:27+00:00,0.875,clob_prices_history
17398942423057686582491252867921221591924525918102079345877032638913486446065,0x139ba0e7f931f09466c0fb27fc8ddb5e77ce9d1e2bdc953a5f22765bf779452f,1774310428,2026-03-24T00:00:28+00:00,0.875,clob_prices_history
17398942423057686582491252867921221591924525918102079345877032638913486446065,0x139ba0e7f931f09466c0fb27fc8ddb5e77ce9d1e2bdc953a5f22765bf779452f,1774311324,2026-03-24T00:15:24+00:00,0.875,clob_prices_history
17398942423057686582491252867921221591924525918102079345877032638913486446065,0x139ba0e7f931f09466c0fb27fc8ddb5e77ce9d1e2bdc953a5f22765bf779452f,1774312223,2026-03-24T00:30:23+00:00,0.875,clob_prices_history
17398942423057686582491252867921221591924525918102079345877032638913486446065,0x139ba0e7f931f09466c0fb27fc8ddb5e77ce9d1e2bdc953a5f22765bf779452f,1774313123,2026-03-24T00:45:23+00:00,0.875,clob_prices_history
17398942423057686582491252867921221591924525918102079345877032638913486446065,0x139ba0e7f931f09466c0fb27fc8ddb5e77ce9d1e2bdc953a5f22765bf779452f,1774314024,2026-03-24T01:00:24+00:00,0.875,clob_prices_history
17398942423057686582491252867921221591924525918102079345877032638913486446065,0x139ba0e7f931f09466c0fb27fc8ddb5e77ce9d1e2bdc953a5f22765bf779452f,1774314923,2026-03-24T01:15:23+00:00,0.875,clob_prices_history
17398942423057686582491252867921221591924525918102079345877032638913486446065,0x139ba0e7f931f09466c0fb27fc8ddb5e77ce9d1e2bdc953a5f22765bf779452f,1774315824,2026-03-24T01:30:24+00:00,0.875,clob_prices_history
17398942423057686582491252867921221591924525918102079345877032638913486446065,0x139ba0e7f931f09466c0fb27fc8ddb5e77ce9d1e2bdc953a5f22765bf779452f,1774316725,2026-03-24T01:45:25+00:00,0.875,clob_prices_history
17398942423057686582491252867921221591924525918102079345877032638913486446065,0x139ba0e7f931f09466c0fb27fc8ddb5e77ce9d1e2bdc953a5f22765bf779452f,1774317627,2026-03-24T02:00:27+00:00,0.875,clob_prices_history
17398942423057686582491252867921221591924525918102079345877032638913486446065,0x139ba0e7f931f09466c0fb27fc8ddb5e77ce9d1e2bdc953a5f22765bf779452f,1774318523,2026-03-24T02:15:23+00:00,0.875,clob_prices_history
17398942423057686582491252867921221591924525918102079345877032638913486446065,0x139ba0e7f931f09466c0fb27fc8ddb5e77ce9d1e2bdc953a5f22765bf779452f,1774319423,2026-03-24T02:30:23+00:00,0.875,clob_prices_history
17398942423057686582491252867921221591924525918102079345877032638913486446065,0x139ba0e7f931f09466c0fb27fc8ddb5e77ce9d1e2bdc953a5f22765bf779452f,1774320324,2026-03-24T02:45:24+00:00,0.875,clob_prices_history
17398942423057686582491252867921221591924525918102079345877032638913486446065,0x139ba0e7f931f09466c0fb27fc8ddb5e77ce9d1e2bdc953a5f22765bf779452f,1774321226,2026-03-24T03:00:26+00:00,0.875,clob_prices_history
17398942423057686582491252867921221591924525918102079345877032638913486446065,0x139ba0e7f931f09466c0fb27fc8ddb5e77ce9d1e2bdc953a5f22765bf779452f,1774322127,2026-03-24T03:15:27+00:00,0.875,clob_prices_history
17398942423057686582491252867921221591924525918102079345877032638913486446065,0x139ba0e7f931f09466c0fb27fc8ddb5e77ce9d1e2bdc953a5f22765bf779452f,1774323024,2026-03-24T03:30:24+00:00,0.875,clob_prices_history
17398942423057686582491252867921221591924525918102079345877032638913486446065,0x139ba0e7f931f09466c0fb27fc8ddb5e77ce9d1e2bdc953a5f22765bf779452f,1774323923,2026-03-24T03:45:23+00:00,0.875,clob_prices_history
17398942423057686582491252867921221591924525918102079345877032638913486446065,0x139ba0e7f931f09466c0fb27fc8ddb5e77ce9d1e2bdc953a5f22765bf779452f,1774324828,2026-03-24T04:00:28+00:00,0.875,clob_prices_history
17398942423057686582491252867921221591924525918102079345877032638913486446065,0x139ba0e7f931f09466c0fb27fc8ddb5e77ce9d1e2bdc953a5f22765bf779452f,1774325723,2026-03-24T04:15:23+00:00,0.875,clob_prices_history
17398942423057686582491252867921221591924525918102079345877032638913486446065,0x139ba0e7f931f09466c0fb27fc8ddb5e77ce9d1e2bdc953a5f22765bf779452f,1774326625,2026-03-24T04:30:25+00:00,0.875,clob_prices_history
17398942423057686582491252867921221591924525918102079345877032638913486446065,0x139ba0e7f931f09466c0fb27fc8ddb5e77ce9d1e2bdc953a5f22765bf779452f,1774327523,2026-03-24T04:45:23+00:00,0.875,clob_prices_history
17398942423057686582491252867921221591924525918102079345877032638913486446065,0x139ba0e7f931f09466c0fb27fc8ddb5e77ce9d1e2bdc953a5f22765bf779452f,1774328429,2026-03-24T05:00:29+00:00,0.875,clob_prices_history
17398942423057686582491252867921221591924525918102079345877032638913486446065,0x139ba0e7f931f09466c0fb27fc8ddb5e77ce9d1e2bdc953a5f22765bf779452f,1774329324,2026-03-24T05:15:24+00:00,0.875,clob_prices_history
17398942423057686582491252867921221591924525918102079345877032638913486446065,0x139ba0e7f931f09466c0fb27fc8ddb5e77ce9d1e2bdc953a5f22765bf779452f,1774330227,2026-03-24T05:30:27+00:00,0.875,clob_prices_history
17398942423057686582491252867921221591924525918102079345877032638913486446065,0x139ba0e7f931f09466c0fb27fc8ddb5e77ce9d1e2bdc953a5f22765bf779452f,1774331126,2026-03-24T05:45:26+00:00,0.875,clob_prices_history
17398942423057686582491252867921221591924525918102079345877032638913486446065,0x139ba0e7f931f09466c0fb27fc8ddb5e77ce9d1e2bdc953a5f22765bf779452f,1774332030,2026-03-24T06:00:30+00:00,0.875,clob_prices_history
17398942423057686582491252867921221591924525918102079345877032638913486446065,0x139ba0e7f931f09466c0fb27fc8ddb5e77ce9d1e2bdc953a5f22765bf779452f,1774332924,2026-03-24T06:15:24+00:00,0.875,clob_prices_history
17398942423057686582491252867921221591924525918102079345877032638913486446065,0x139ba0e7f931f09466c0fb27fc8ddb5e77ce9d1e2bdc953a5f22765bf779452f,1774333826,2026-03-24T06:30:26+00:00,0.875,clob_prices_history
17398942423057686582491252867921221591924525918102079345877032638913486446065,0x139ba0e7f931f09466c0fb27fc8ddb5e77ce9d1e2bdc953a5f22765bf779452f,1774334727,2026-03-24T06:45:27+00:00,0.875,clob_prices_history
17398942423057686582491252867921221591924525918102079345877032638913486446065,0x139ba0e7f931f09466c0fb27fc8ddb5e77ce9d1e2bdc953a5f22765bf779452f,1774335625,2026-03-24T07:00:25+00:00,0.875,clob_prices_history
17398942423057686582491252867921221591924525918102079345877032638913486446065,0x139ba0e7f931f09466c0fb27fc8ddb5e77ce9d1e2bdc953a5f22765bf779452f,1774336539,2026-03-24T07:15:39+00:00,0.875,clob_prices_history
17398942423057686582491252867921221591924525918102079345877032638913486446065,0x139ba0e7f931f09466c0fb27fc8ddb5e77ce9d1e2bdc953a5f22765bf779452f,1774337425,2026-03-24T07:30:25+00:00,0.875,clob_prices_history
17398942423057686582491252867921221591924525918102079345877032638913486446065,0x139ba0e7f931f09466c0fb27fc8ddb5e77ce9d1e2bdc953a5f22765bf779452f,1774338326,2026-03-24T07:45:26+00:00,0.875,clob_prices_history
17398942423057686582491252867921221591924525918102079345877032638913486446065,0x139ba0e7f931f09466c0fb27fc8ddb5e77ce9d1e2bdc953a5f22765bf779452f,1774339225,2026-03-24T08:00:25+00:00,0.875,clob_prices_history
17398942423057686582491252867921221591924525918102079345877032638913486446065,0x139ba0e7f931f09466c0fb27fc8ddb5e77ce9d1e2bdc953a5f22765bf779452f,1774340127,2026-03-24T08:15:27+00:00,0.875,clob_prices_history
17398942423057686582491252867921221591924525918102079345877032638913486446065,0x139ba0e7f931f09466c0fb27fc8ddb5e77ce9d1e2bdc953a5f22765bf779452f,1774341028,2026-03-24T08:30:28+00:00,0.875,clob_prices_history
17398942423057686582491252867921221591924525918102079345877032638913486446065,0x139ba0e7f931f09466c0fb27fc8ddb5e77ce9d1e2bdc953a5f22765bf779452f,1774341927,2026-03-24T08:45:27+00:00,0.875,clob_prices_history
17398942423057686582491252867921221591924525918102079345877032638913486446065,0x139ba0e7f931f09466c0fb27fc8ddb5e77ce9d1e2bdc953a5f22765bf779452f,1774342828,2026-03-24T09:00:28+00:00,0.875,clob_prices_history
17398942423057686582491252867921221591924525918102079345877032638913486446065,0x139ba0e7f931f09466c0fb27fc8ddb5e77ce9d1e2bdc953a5f22765bf779452f,1774343723,2026-03-24T09:15:23+00:00,0.875,clob_prices_history
17398942423057686582491252867921221591924525918102079345877032638913486446065,0x139ba0e7f931f09466c0fb27fc8ddb5e77ce9d1e2bdc953a5f22765bf779452f,1774344625,2026-03-24T09:30:25+00:00,0.875,clob_prices_history
17398942423057686582491252867921221591924525918102079345877032638913486446065,0x139ba0e7f931f09466c0fb27fc8ddb5e77ce9d1e2bdc953a5f22765bf779452f,1774345526,2026-03-24T09:45:26+00:00,0.875,clob_prices_history
17398942423057686582491252867921221591924525918102079345877032638913486446065,0x139ba0e7f931f09466c0fb27fc8ddb5e77ce9d1e2bdc953a5f22765bf779452f,1774346424,2026-03-24T10:00:24+00:00,0.875,clob_prices_history
17398942423057686582491252867921221591924525918102079345877032638913486446065,0x139ba0e7f931f09466c0fb27fc8ddb5e77ce9d1e2bdc953a5f22765bf779452f,1774347327,2026-03-24T10:15:27+00:00,0.875,clob_prices_history
17398942423057686582491252867921221591924525918102079345877032638913486446065,0x139ba0e7f931f09466c0fb27fc8ddb5e77ce9d1e2bdc953a5f22765bf779452f,1774348225,2026-03-24T10:30:25+00:00,0.875,clob_prices_history
17398942423057686582491252867921221591924525918102079345877032638913486446065,0x139ba0e7f931f09466c0fb27fc8ddb5e77ce9d1e2bdc953a5f22765bf779452f,1774349127,2026-03-24T10:45:27+00:00,0.875,clob_prices_history
17398942423057686582491252867921221591924525918102079345877032638913486446065,0x139ba0e7f931f09466c0fb27fc8ddb5e77ce9d1e2bdc953a5f22765bf779452f,1774350047,2026-03-24T11:00:47+00:00,0.875,clob_prices_history
17398942423057686582491252867921221591924525918102079345877032638913486446065,0x139ba0e7f931f09466c0fb27fc8ddb5e77ce9d1e2bdc953a5f22765bf779452f,1774350927,2026-03-24T11:15:27+00:00,0.875,clob_prices_history
17398942423057686582491252867921221591924525918102079345877032638913486446065,0x139ba0e7f931f09466c0fb27fc8ddb5e77ce9d1e2bdc953a5f22765bf779452f,1774351826,2026-03-24T11:30:26+00:00,0.875,clob_prices_history
17398942423057686582491252867921221591924525918102079345877032638913486446065,0x139ba0e7f931f09466c0fb27fc8ddb5e77ce9d1e2bdc953a5f22765bf779452f,1774352728,2026-03-24T11:45:28+00:00,0.875,clob_prices_history
17398942423057686582491252867921221591924525918102079345877032638913486446065,0x139ba0e7f931f09466c0fb27fc8ddb5e77ce9d1e2bdc953a5f22765bf779452f,1774353634,2026-03-24T12:00:34+00:00,0.875,clob_prices_history
17398942423057686582491252867921221591924525918102079345877032638913486446065,0x139ba0e7f931f09466c0fb27fc8ddb5e77ce9d1e2bdc953a5f22765bf779452f,1774354527,2026-03-24T12:15:27+00:00,0.875,clob_prices_history
17398942423057686582491252867921221591924525918102079345877032638913486446065,0x139ba0e7f931f09466c0fb27fc8ddb5e77ce9d1e2bdc953a5f22765bf779452f,1774355431,2026-03-24T12:30:31+00:00,0.875,clob_prices_history
17398942423057686582491252867921221591924525918102079345877032638913486446065,0x139ba0e7f931f09466c0fb27fc8ddb5e77ce9d1e2bdc953a5f22765bf779452f,1774356331,2026-03-24T12:45:31+00:00,0.865,clob_prices_history
17398942423057686582491252867921221591924525918102079345877032638913486446065,0x139ba0e7f931f09466c0fb27fc8ddb5e77ce9d1e2bdc953a5f22765bf779452f,1774357244,2026-03-24T13:00:44+00:00,0.865,clob_prices_history
17398942423057686582491252867921221591924525918102079345877032638913486446065,0x139ba0e7f931f09466c0fb27fc8ddb5e77ce9d1e2bdc953a5f22765bf779452f,1774358132,2026-03-24T13:15:32+00:00,0.865,clob_prices_history
17398942423057686582491252867921221591924525918102079345877032638913486446065,0x139ba0e7f931f09466c0fb27fc8ddb5e77ce9d1e2bdc953a5f22765bf779452f,1774359031,2026-03-24T13:30:31+00:00,0.865,clob_prices_history
17398942423057686582491252867921221591924525918102079345877032638913486446065,0x139ba0e7f931f09466c0fb27fc8ddb5e77ce9d1e2bdc953a5f22765bf779452f,1774359932,2026-03-24T13:45:32+00:00,0.865,clob_prices_history
17398942423057686582491252867921221591924525918102079345877032638913486446065,0x139ba0e7f931f09466c0fb27fc8ddb5e77ce9d1e2bdc953a5f22765bf779452f,1774360833,2026-03-24T14:00:33+00:00,0.865,clob_prices_history
17398942423057686582491252867921221591924525918102079345877032638913486446065,0x139ba0e7f931f09466c0fb27fc8ddb5e77ce9d1e2bdc953a5f22765bf779452f,1774361731,2026-03-24T14:15:31+00:00,0.865,clob_prices_history
17398942423057686582491252867921221591924525918102079345877032638913486446065,0x139ba0e7f931f09466c0fb27fc8ddb5e77ce9d1e2bdc953a5f22765bf779452f,1774362637,2026-03-24T14:30:37+00:00,0.865,clob_prices_history
17398942423057686582491252867921221591924525918102079345877032638913486446065,0x139ba0e7f931f09466c0fb27fc8ddb5e77ce9d1e2bdc953a5f22765bf779452f,1774363528,2026-03-24T14:45:28+00:00,0.865,clob_prices_history
17398942423057686582491252867921221591924525918102079345877032638913486446065,0x139ba0e7f931f09466c0fb27fc8ddb5e77ce9d1e2bdc953a5f22765bf779452f,1774364437,2026-03-24T15:00:37+00:00,0.865,clob_prices_history
17398942423057686582491252867921221591924525918102079345877032638913486446065,0x139ba0e7f931f09466c0fb27fc8ddb5e77ce9d1e2bdc953a5f22765bf779452f,1774365333,2026-03-24T15:15:33+00:00,0.865,clob_prices_history
17398942423057686582491252867921221591924525918102079345877032638913486446065,0x139ba0e7f931f09466c0fb27fc8ddb5e77ce9d1e2bdc953a5f22765bf779452f,1774366237,2026-03-24T15:30:37+00:00,0.865,clob_prices_history
17398942423057686582491252867921221591924525918102079345877032638913486446065,0x139ba0e7f931f09466c0fb27fc8ddb5e77ce9d1e2bdc953a5f22765bf779452f,1774367134,2026-03-24T15:45:34+00:00,0.865,clob_prices_history
17398942423057686582491252867921221591924525918102079345877032638913486446065,0x139ba0e7f931f09466c0fb27fc8ddb5e77ce9d1e2bdc953a5f22765bf779452f,1774368032,2026-03-24T16:00:32+00:00,0.865,clob_prices_history
17398942423057686582491252867921221591924525918102079345877032638913486446065,0x139ba0e7f931f09466c0fb27fc8ddb5e77ce9d1e2bdc953a5f22765bf779452f,1774368932,2026-03-24T16:15:32+00:00,0.865,clob_prices_history
17398942423057686582491252867921221591924525918102079345877032638913486446065,0x139ba0e7f931f09466c0fb27fc8ddb5e77ce9d1e2bdc953a5f22765bf779452f,1774369832,2026-03-24T16:30:32+00:00,0.865,clob_prices_history
17398942423057686582491252867921221591924525918102079345877032638913486446065,0x139ba0e7f931f09466c0fb27fc8ddb5e77ce9d1e2bdc953a5f22765bf779452f,1774370735,2026-03-24T16:45:35+00:00,0.865,clob_prices_history
17398942423057686582491252867921221591924525918102079345877032638913486446065,0x139ba0e7f931f09466c0fb27fc8ddb5e77ce9d1e2bdc953a5f22765bf779452f,1774371633,2026-03-24T17:00:33+00:00,0.865,clob_prices_history
17398942423057686582491252867921221591924525918102079345877032638913486446065,0x139ba0e7f931f09466c0fb27fc8ddb5e77ce9d1e2bdc953a5f22765bf779452f,1774372531,2026-03-24T17:15:31+00:00,0.865,clob_prices_history
17398942423057686582491252867921221591924525918102079345877032638913486446065,0x139ba0e7f931f09466c0fb27fc8ddb5e77ce9d1e2bdc953a5f22765bf779452f,1774373440,2026-03-24T17:30:40+00:00,0.865,clob_prices_history
17398942423057686582491252867921221591924525918102079345877032638913486446065,0x139ba0e7f931f09466c0fb27fc8ddb5e77ce9d1e2bdc953a5f22765bf779452f,1774374329,2026-03-24T17:45:29+00:00,0.865,clob_prices_history
17398942423057686582491252867921221591924525918102079345877032638913486446065,0x139ba0e7f931f09466c0fb27fc8ddb5e77ce9d1e2bdc953a5f22765bf779452f,1774375242,2026-03-24T18:00:42+00:00,0.865,clob_prices_history
17398942423057686582491252867921221591924525918102079345877032638913486446065,0x139ba0e7f931f09466c0fb27fc8ddb5e77ce9d1e2bdc953a5f22765bf779452f,1774376130,2026-03-24T18:15:30+00:00,0.865,clob_prices_history
17398942423057686582491252867921221591924525918102079345877032638913486446065,0x139ba0e7f931f09466c0fb27fc8ddb5e77ce9d1e2bdc953a5f22765bf779452f,1774377032,2026-03-24T18:30:32+00:00,0.865,clob_prices_history
17398942423057686582491252867921221591924525918102079345877032638913486446065,0x139ba0e7f931f09466c0fb27fc8ddb5e77ce9d1e2bdc953a5f22765bf779452f,1774377932,2026-03-24T18:45:32+00:00,0.865,clob_prices_history
17398942423057686582491252867921221591924525918102079345877032638913486446065,0x139ba0e7f931f09466c0fb27fc8ddb5e77ce9d1e2bdc953a5f22765bf779452f,1774378833,2026-03-24T19:00:33+00:00,0.865,clob_prices_history
17398942423057686582491252867921221591924525918102079345877032638913486446065,0x139ba0e7f931f09466c0fb27fc8ddb5e77ce9d1e2bdc953a5f22765bf779452f,1774379730,2026-03-24T19:15:30+00:00,0.865,clob_prices_history
17398942423057686582491252867921221591924525918102079345877032638913486446065,0x139ba0e7f931f09466c0fb27fc8ddb5e77ce9d1e2bdc953a5f22765bf779452f,1774380635,2026-03-24T19:30:35+00:00,0.865,clob_prices_history
17398942423057686582491252867921221591924525918102079345877032638913486446065,0x139ba0e7f931f09466c0fb27fc8ddb5e77ce9d1e2bdc953a5f22765bf779452f,1774381535,2026-03-24T19:45:35+00:00,0.865,clob_prices_history
17398942423057686582491252867921221591924525918102079345877032638913486446065,0x139ba0e7f931f09466c0fb27fc8ddb5e77ce9d1e2bdc953a5f22765bf779452f,1774382436,2026-03-24T20:00:36+00:00,0.865,clob_prices_history
17398942423057686582491252867921221591924525918102079345877032638913486446065,0x139ba0e7f931f09466c0fb27fc8ddb5e77ce9d1e2bdc953a5f22765bf779452f,1774383333,2026-03-24T20:15:33+00:00,0.865,clob_prices_history
17398942423057686582491252867921221591924525918102079345877032638913486446065,0x139ba0e7f931f09466c0fb27fc8ddb5e77ce9d1e2bdc953a5f22765bf779452f,1774384235,2026-03-24T20:30:35+00:00,0.865,clob_prices_history
17398942423057686582491252867921221591924525918102079345877032638913486446065,0x139ba0e7f931f09466c0fb27fc8ddb5e77ce9d1e2bdc953a5f22765bf779452f,1774385130,2026-03-24T20:45:30+00:00,0.865,clob_prices_history
17398942423057686582491252867921221591924525918102079345877032638913486446065,0x139ba0e7f931f09466c0fb27fc8ddb5e77ce9d1e2bdc953a5f22765bf779452f,1774386048,2026-03-24T21:00:48+00:00,0.865,clob_prices_history
17398942423057686582491252867921221591924525918102079345877032638913486446065,0x139ba0e7f931f09466c0fb27fc8ddb5e77ce9d1e2bdc953a5f22765bf779452f,1774386928,2026-03-24T21:15:28+00:00,0.865,clob_prices_history
17398942423057686582491252867921221591924525918102079345877032638913486446065,0x139ba0e7f931f09466c0fb27fc8ddb5e77ce9d1e2bdc953a5f22765bf779452f,1774387833,2026-03-24T21:30:33+00:00,0.865,clob_prices_history
17398942423057686582491252867921221591924525918102079345877032638913486446065,0x139ba0e7f931f09466c0fb27fc8ddb5e77ce9d1e2bdc953a5f22765bf779452f,1774388727,2026-03-24T21:45:27+00:00,0.865,clob_prices_history
17398942423057686582491252867921221591924525918102079345877032638913486446065,0x139ba0e7f931f09466c0fb27fc8ddb5e77ce9d1e2bdc953a5f22765bf779452f,1774389631,2026-03-24T22:00:31+00:00,0.865,clob_prices_history
17398942423057686582491252867921221591924525918102079345877032638913486446065,0x139ba0e7f931f09466c0fb27fc8ddb5e77ce9d1e2bdc953a5f22765bf779452f,1774390529,2026-03-24T22:15:29+00:00,0.865,clob_prices_history
17398942423057686582491252867921221591924525918102079345877032638913486446065,0x139ba0e7f931f09466c0fb27fc8ddb5e77ce9d1e2bdc953a5f22765bf779452f,1774391435,2026-03-24T22:30:35+00:00,0.865,clob_prices_history
17398942423057686582491252867921221591924525918102079345877032638913486446065,0x139ba0e7f931f09466c0fb27fc8ddb5e77ce9d1e2bdc953a5f22765bf779452f,1774392329,2026-03-24T22:45:29+00:00,0.865,clob_prices_history
17398942423057686582491252867921221591924525918102079345877032638913486446065,0x139ba0e7f931f09466c0fb27fc8ddb5e77ce9d1e2bdc953a5f22765bf779452f,1774393234,2026-03-24T23:00:34+00:00,0.865,clob_prices_history
17398942423057686582491252867921221591924525918102079345877032638913486446065,0x139ba0e7f931f09466c0fb27fc8ddb5e77ce9d1e2bdc953a5f22765bf779452f,1774394132,2026-03-24T23:15:32+00:00,0.865,clob_prices_history
17398942423057686582491252867921221591924525918102079345877032638913486446065,0x139ba0e7f931f09466c0fb27fc8ddb5e77ce9d1e2bdc953a5f22765bf779452f,1774395036,2026-03-24T23:30:36+00:00,0.865,clob_prices_history
17398942423057686582491252867921221591924525918102079345877032638913486446065,0x139ba0e7f931f09466c0fb27fc8ddb5e77ce9d1e2bdc953a5f22765bf779452f,1774395932,2026-03-24T23:45:32+00:00,0.865,clob_prices_history
17398942423057686582491252867921221591924525918102079345877032638913486446065,0x139ba0e7f931f09466c0fb27fc8ddb5e77ce9d1e2bdc953a5f22765bf779452f,1774396842,2026-03-25T00:00:42+00:00,0.865,clob_prices_history
17398942423057686582491252867921221591924525918102079345877032638913486446065,0x139ba0e7f931f09466c0fb27fc8ddb5e77ce9d1e2bdc953a5f22765bf779452f,1774397730,2026-03-25T00:15:30+00:00,0.865,clob_prices_history
17398942423057686582491252867921221591924525918102079345877032638913486446065,0x139ba0e7f931f09466c0fb27fc8ddb5e77ce9d1e2bdc953a5f22765bf779452f,1774398633,2026-03-25T00:30:33+00:00,0.865,clob_prices_history
17398942423057686582491252867921221591924525918102079345877032638913486446065,0x139ba0e7f931f09466c0fb27fc8ddb5e77ce9d1e2bdc953a5f22765bf779452f,1774399531,2026-03-25T00:45:31+00:00,0.865,clob_prices_history
17398942423057686582491252867921221591924525918102079345877032638913486446065,0x139ba0e7f931f09466c0fb27fc8ddb5e77ce9d1e2bdc953a5f22765bf779452f,1774400432,2026-03-25T01:00:32+00:00,0.865,clob_prices_history
17398942423057686582491252867921221591924525918102079345877032638913486446065,0x139ba0e7f931f09466c0fb27fc8ddb5e77ce9d1e2bdc953a5f22765bf779452f,1774401331,2026-03-25T01:15:31+00:00,0.865,clob_prices_history
17398942423057686582491252867921221591924525918102079345877032638913486446065,0x139ba0e7f931f09466c0fb27fc8ddb5e77ce9d1e2bdc953a5f22765bf779452f,1774402231,2026-03-25T01:30:31+00:00,0.865,clob_prices_history
17398942423057686582491252867921221591924525918102079345877032638913486446065,0x139ba0e7f931f09466c0fb27fc8ddb5e77ce9d1e2bdc953a5f22765bf779452f,1774403131,2026-03-25T01:45:31+00:00,0.865,clob_prices_history
17398942423057686582491252867921221591924525918102079345877032638913486446065,0x139ba0e7f931f09466c0fb27fc8ddb5e77ce9d1e2bdc953a5f22765bf779452f,1774404034,2026-03-25T02:00:34+00:00,0.865,clob_prices_history
17398942423057686582491252867921221591924525918102079345877032638913486446065,0x139ba0e7f931f09466c0fb27fc8ddb5e77ce9d1e2bdc953a5f22765bf779452f,1774404930,2026-03-25T02:15:30+00:00,0.865,clob_prices_history
17398942423057686582491252867921221591924525918102079345877032638913486446065,0x139ba0e7f931f09466c0fb27fc8ddb5e77ce9d1e2bdc953a5f22765bf779452f,1774405835,2026-03-25T02:30:35+00:00,0.865,clob_prices_history
17398942423057686582491252867921221591924525918102079345877032638913486446065,0x139ba0e7f931f09466c0fb27fc8ddb5e77ce9d1e2bdc953a5f22765bf779452f,1774406730,2026-03-25T02:45:30+00:00,0.865,clob_prices_history
17398942423057686582491252867921221591924525918102079345877032638913486446065,0x139ba0e7f931f09466c0fb27fc8ddb5e77ce9d1e2bdc953a5f22765bf779452f,1774407636,2026-03-25T03:00:36+00:00,0.865,clob_prices_history
17398942423057686582491252867921221591924525918102079345877032638913486446065,0x139ba0e7f931f09466c0fb27fc8ddb5e77ce9d1e2bdc953a5f22765bf779452f,1774408533,2026-03-25T03:15:33+00:00,0.865,clob_prices_history
17398942423057686582491252867921221591924525918102079345877032638913486446065,0x139ba0e7f931f09466c0fb27fc8ddb5e77ce9d1e2bdc953a5f22765bf779452f,1774409434,2026-03-25T03:30:34+00:00,0.865,clob_prices_history
17398942423057686582491252867921221591924525918102079345877032638913486446065,0x139ba0e7f931f09466c0fb27fc8ddb5e77ce9d1e2bdc953a5f22765bf779452f,1774410329,2026-03-25T03:45:29+00:00,0.865,clob_prices_history
17398942423057686582491252867921221591924525918102079345877032638913486446065,0x139ba0e7f931f09466c0fb27fc8ddb5e77ce9d1e2bdc953a5f22765bf779452f,1774411236,2026-03-25T04:00:36+00:00,0.865,clob_prices_history
17398942423057686582491252867921221591924525918102079345877032638913486446065,0x139ba0e7f931f09466c0fb27fc8ddb5e77ce9d1e2bdc953a5f22765bf779452f,1774412131,2026-03-25T04:15:31+00:00,0.865,clob_prices_history
17398942423057686582491252867921221591924525918102079345877032638913486446065,0x139ba0e7f931f09466c0fb27fc8ddb5e77ce9d1e2bdc953a5f22765bf779452f,1774413045,2026-03-25T04:30:45+00:00,0.865,clob_prices_history
17398942423057686582491252867921221591924525918102079345877032638913486446065,0x139ba0e7f931f09466c0fb27fc8ddb5e77ce9d1e2bdc953a5f22765bf779452f,1774413932,2026-03-25T04:45:32+00:00,0.865,clob_prices_history
17398942423057686582491252867921221591924525918102079345877032638913486446065,0x139ba0e7f931f09466c0fb27fc8ddb5e77ce9d1e2bdc953a5f22765bf779452f,1774414836,2026-03-25T05:00:36+00:00,0.865,clob_prices_history
17398942423057686582491252867921221591924525918102079345877032638913486446065,0x139ba0e7f931f09466c0fb27fc8ddb5e77ce9d1e2bdc953a5f22765bf779452f,1774415741,2026-03-25T05:15:41+00:00,0.865,clob_prices_history
17398942423057686582491252867921221591924525918102079345877032638913486446065,0x139ba0e7f931f09466c0fb27fc8ddb5e77ce9d1e2bdc953a5f22765bf779452f,1774416635,2026-03-25T05:30:35+00:00,0.865,clob_prices_history
17398942423057686582491252867921221591924525918102079345877032638913486446065,0x139ba0e7f931f09466c0fb27fc8ddb5e77ce9d1e2bdc953a5f22765bf779452f,1774417530,2026-03-25T05:45:30+00:00,0.865,clob_prices_history
17398942423057686582491252867921221591924525918102079345877032638913486446065,0x139ba0e7f931f09466c0fb27fc8ddb5e77ce9d1e2bdc953a5f22765bf779452f,1774418440,2026-03-25T06:00:40+00:00,0.865,clob_prices_history
17398942423057686582491252867921221591924525918102079345877032638913486446065,0x139ba0e7f931f09466c0fb27fc8ddb5e77ce9d1e2bdc953a5f22765bf779452f,1774419329,2026-03-25T06:15:29+00:00,0.87,clob_prices_history
17398942423057686582491252867921221591924525918102079345877032638913486446065,0x139ba0e7f931f09466c0fb27fc8ddb5e77ce9d1e2bdc953a5f22765bf779452f,1774420237,2026-03-25T06:30:37+00:00,0.87,clob_prices_history
17398942423057686582491252867921221591924525918102079345877032638913486446065,0x139ba0e7f931f09466c0fb27fc8ddb5e77ce9d1e2bdc953a5f22765bf779452f,1774421133,2026-03-25T06:45:33+00:00,0.87,clob_prices_history
17398942423057686582491252867921221591924525918102079345877032638913486446065,0x139ba0e7f931f09466c0fb27fc8ddb5e77ce9d1e2bdc953a5f22765bf779452f,1774422033,2026-03-25T07:00:33+00:00,0.87,clob_prices_history
17398942423057686582491252867921221591924525918102079345877032638913486446065,0x139ba0e7f931f09466c0fb27fc8ddb5e77ce9d1e2bdc953a5f22765bf779452f,1774422933,2026-03-25T07:15:33+00:00,0.87,clob_prices_history
17398942423057686582491252867921221591924525918102079345877032638913486446065,0x139ba0e7f931f09466c0fb27fc8ddb5e77ce9d1e2bdc953a5f22765bf779452f,1774423833,2026-03-25T07:30:33+00:00,0.87,clob_prices_history
17398942423057686582491252867921221591924525918102079345877032638913486446065,0x139ba0e7f931f09466c0fb27fc8ddb5e77ce9d1e2bdc953a5f22765bf779452f,1774424732,2026-03-25T07:45:32+00:00,0.87,clob_prices_history
17398942423057686582491252867921221591924525918102079345877032638913486446065,0x139ba0e7f931f09466c0fb27fc8ddb5e77ce9d1e2bdc953a5f22765bf779452f,1774425632,2026-03-25T08:00:32+00:00,0.87,clob_prices_history
17398942423057686582491252867921221591924525918102079345877032638913486446065,0x139ba0e7f931f09466c0fb27fc8ddb5e77ce9d1e2bdc953a5f22765bf779452f,1774426531,2026-03-25T08:15:31+00:00,0.87,clob_prices_history
17398942423057686582491252867921221591924525918102079345877032638913486446065,0x139ba0e7f931f09466c0fb27fc8ddb5e77ce9d1e2bdc953a5f22765bf779452f,1774427432,2026-03-25T08:30:32+00:00,0.87,clob_prices_history
17398942423057686582491252867921221591924525918102079345877032638913486446065,0x139ba0e7f931f09466c0fb27fc8ddb5e77ce9d1e2bdc953a5f22765bf779452f,1774428332,2026-03-25T08:45:32+00:00,0.87,clob_prices_history
17398942423057686582491252867921221591924525918102079345877032638913486446065,0x139ba0e7f931f09466c0fb27fc8ddb5e77ce9d1e2bdc953a5f22765bf779452f,1774429239,2026-03-25T09:00:39+00:00,0.87,clob_prices_history
17398942423057686582491252867921221591924525918102079345877032638913486446065,0x139ba0e7f931f09466c0fb27fc8ddb5e77ce9d1e2bdc953a5f22765bf779452f,1774430133,2026-03-25T09:15:33+00:00,0.87,clob_prices_history
17398942423057686582491252867921221591924525918102079345877032638913486446065,0x139ba0e7f931f09466c0fb27fc8ddb5e77ce9d1e2bdc953a5f22765bf779452f,1774431036,2026-03-25T09:30:36+00:00,0.87,clob_prices_history
17398942423057686582491252867921221591924525918102079345877032638913486446065,0x139ba0e7f931f09466c0fb27fc8ddb5e77ce9d1e2bdc953a5f22765bf779452f,1774431932,2026-03-25T09:45:32+00:00,0.87,clob_prices_history
17398942423057686582491252867921221591924525918102079345877032638913486446065,0x139ba0e7f931f09466c0fb27fc8ddb5e77ce9d1e2bdc953a5f22765bf779452f,1774432837,2026-03-25T10:00:37+00:00,0.87,clob_prices_history
17398942423057686582491252867921221591924525918102079345877032638913486446065,0x139ba0e7f931f09466c0fb27fc8ddb5e77ce9d1e2bdc953a5f22765bf779452f,1774433730,2026-03-25T10:15:30+00:00,0.87,clob_prices_history
17398942423057686582491252867921221591924525918102079345877032638913486446065,0x139ba0e7f931f09466c0fb27fc8ddb5e77ce9d1e2bdc953a5f22765bf779452f,1774434635,2026-03-25T10:30:35+00:00,0.87,clob_prices_history
17398942423057686582491252867921221591924525918102079345877032638913486446065,0x139ba0e7f931f09466c0fb27fc8ddb5e77ce9d1e2bdc953a5f22765bf779452f,1774435531,2026-03-25T10:45:31+00:00,0.87,clob_prices_history
17398942423057686582491252867921221591924525918102079345877032638913486446065,0x139ba0e7f931f09466c0fb27fc8ddb5e77ce9d1e2bdc953a5f22765bf779452f,1774436438,2026-03-25T11:00:38+00:00,0.87,clob_prices_history
17398942423057686582491252867921221591924525918102079345877032638913486446065,0x139ba0e7f931f09466c0fb27fc8ddb5e77ce9d1e2bdc953a5f22765bf779452f,1774437330,2026-03-25T11:15:30+00:00,0.87,clob_prices_history
17398942423057686582491252867921221591924525918102079345877032638913486446065,0x139ba0e7f931f09466c0fb27fc8ddb5e77ce9d1e2bdc953a5f22765bf779452f,1774438234,2026-03-25T11:30:34+00:00,0.87,clob_prices_history
17398942423057686582491252867921221591924525918102079345877032638913486446065,0x139ba0e7f931f09466c0fb27fc8ddb5e77ce9d1e2bdc953a5f22765bf779452f,1774439132,2026-03-25T11:45:32+00:00,0.87,clob_prices_history
17398942423057686582491252867921221591924525918102079345877032638913486446065,0x139ba0e7f931f09466c0fb27fc8ddb5e77ce9d1e2bdc953a5f22765bf779452f,1774440045,2026-03-25T12:00:45+00:00,0.87,clob_prices_history
17398942423057686582491252867921221591924525918102079345877032638913486446065,0x139ba0e7f931f09466c0fb27fc8ddb5e77ce9d1e2bdc953a5f22765bf779452f,1774440934,2026-03-25T12:15:34+00:00,0.87,clob_prices_history
17398942423057686582491252867921221591924525918102079345877032638913486446065,0x139ba0e7f931f09466c0fb27fc8ddb5e77ce9d1e2bdc953a5f22765bf779452f,1774441839,2026-03-25T12:30:39+00:00,0.87,clob_prices_history
17398942423057686582491252867921221591924525918102079345877032638913486446065,0x139ba0e7f931f09466c0fb27fc8ddb5e77ce9d1e2bdc953a5f22765bf779452f,1774442730,2026-03-25T12:45:30+00:00,0.87,clob_prices_history
17398942423057686582491252867921221591924525918102079345877032638913486446065,0x139ba0e7f931f09466c0fb27fc8ddb5e77ce9d1e2bdc953a5f22765bf779452f,1774443637,2026-03-25T13:00:37+00:00,0.87,clob_prices_history
17398942423057686582491252867921221591924525918102079345877032638913486446065,0x139ba0e7f931f09466c0fb27fc8ddb5e77ce9d1e2bdc953a5f22765bf779452f,1774444531,2026-03-25T13:15:31+00:00,0.87,clob_prices_history
17398942423057686582491252867921221591924525918102079345877032638913486446065,0x139ba0e7f931f09466c0fb27fc8ddb5e77ce9d1e2bdc953a5f22765bf779452f,1774445441,2026-03-25T13:30:41+00:00,0.87,clob_prices_history
17398942423057686582491252867921221591924525918102079345877032638913486446065,0x139ba0e7f931f09466c0fb27fc8ddb5e77ce9d1e2bdc953a5f22765bf779452f,1774446332,2026-03-25T13:45:32+00:00,0.87,clob_prices_history
17398942423057686582491252867921221591924525918102079345877032638913486446065,0x139ba0e7f931f09466c0fb27fc8ddb5e77ce9d1e2bdc953a5f22765bf779452f,1774447246,2026-03-25T14:00:46+00:00,0.865,clob_prices_history
17398942423057686582491252867921221591924525918102079345877032638913486446065,0x139ba0e7f931f09466c0fb27fc8ddb5e77ce9d1e2bdc953a5f22765bf779452f,1774448137,2026-03-25T14:15:37+00:00,0.865,clob_prices_history
17398942423057686582491252867921221591924525918102079345877032638913486446065,0x139ba0e7f931f09466c0fb27fc8ddb5e77ce9d1e2bdc953a5f22765bf779452f,1774449039,2026-03-25T14:30:39+00:00,0.865,clob_prices_history
17398942423057686582491252867921221591924525918102079345877032638913486446065,0x139ba0e7f931f09466c0fb27fc8ddb5e77ce9d1e2bdc953a5f22765bf779452f,1774449932,2026-03-25T14:45:32+00:00,0.865,clob_prices_history
17398942423057686582491252867921221591924525918102079345877032638913486446065,0x139ba0e7f931f09466c0fb27fc8ddb5e77ce9d1e2bdc953a5f22765bf779452f,1774450842,2026-03-25T15:00:42+00:00,0.865,clob_prices_history
17398942423057686582491252867921221591924525918102079345877032638913486446065,0x139ba0e7f931f09466c0fb27fc8ddb5e77ce9d1e2bdc953a5f22765bf779452f,1774451733,2026-03-25T15:15:33+00:00,0.865,clob_prices_history
17398942423057686582491252867921221591924525918102079345877032638913486446065,0x139ba0e7f931f09466c0fb27fc8ddb5e77ce9d1e2bdc953a5f22765bf779452f,1774452636,2026-03-25T15:30:36+00:00,0.865,clob_prices_history
17398942423057686582491252867921221591924525918102079345877032638913486446065,0x139ba0e7f931f09466c0fb27fc8ddb5e77ce9d1e2bdc953a5f22765bf779452f,1774453532,2026-03-25T15:45:32+00:00,0.865,clob_prices_history
17398942423057686582491252867921221591924525918102079345877032638913486446065,0x139ba0e7f931f09466c0fb27fc8ddb5e77ce9d1e2bdc953a5f22765bf779452f,1774454437,2026-03-25T16:00:37+00:00,0.865,clob_prices_history
17398942423057686582491252867921221591924525918102079345877032638913486446065,0x139ba0e7f931f09466c0fb27fc8ddb5e77ce9d1e2bdc953a5f22765bf779452f,1774455348,2026-03-25T16:15:48+00:00,0.865,clob_prices_history
17398942423057686582491252867921221591924525918102079345877032638913486446065,0x139ba0e7f931f09466c0fb27fc8ddb5e77ce9d1e2bdc953a5f22765bf779452f,1774456234,2026-03-25T16:30:34+00:00,0.865,clob_prices_history
17398942423057686582491252867921221591924525918102079345877032638913486446065,0x139ba0e7f931f09466c0fb27fc8ddb5e77ce9d1e2bdc953a5f22765bf779452f,1774457131,2026-03-25T16:45:31+00:00,0.865,clob_prices_history
17398942423057686582491252867921221591924525918102079345877032638913486446065,0x139ba0e7f931f09466c0fb27fc8ddb5e77ce9d1e2bdc953a5f22765bf779452f,1774458034,2026-03-25T17:00:34+00:00,0.865,clob_prices_history
17398942423057686582491252867921221591924525918102079345877032638913486446065,0x139ba0e7f931f09466c0fb27fc8ddb5e77ce9d1e2bdc953a5f22765bf779452f,1774458931,2026-03-25T17:15:31+00:00,0.865,clob_prices_history
17398942423057686582491252867921221591924525918102079345877032638913486446065,0x139ba0e7f931f09466c0fb27fc8ddb5e77ce9d1e2bdc953a5f22765bf779452f,1774459834,2026-03-25T17:30:34+00:00,0.865,clob_prices_history
17398942423057686582491252867921221591924525918102079345877032638913486446065,0x139ba0e7f931f09466c0fb27fc8ddb5e77ce9d1e2bdc953a5f22765bf779452f,1774460732,2026-03-25T17:45:32+00:00,0.865,clob_prices_history
17398942423057686582491252867921221591924525918102079345877032638913486446065,0x139ba0e7f931f09466c0fb27fc8ddb5e77ce9d1e2bdc953a5f22765bf779452f,1774461642,2026-03-25T18:00:42+00:00,0.865,clob_prices_history
17398942423057686582491252867921221591924525918102079345877032638913486446065,0x139ba0e7f931f09466c0fb27fc8ddb5e77ce9d1e2bdc953a5f22765bf779452f,1774462532,2026-03-25T18:15:32+00:00,0.865,clob_prices_history
17398942423057686582491252867921221591924525918102079345877032638913486446065,0x139ba0e7f931f09466c0fb27fc8ddb5e77ce9d1e2bdc953a5f22765bf779452f,1774463446,2026-03-25T18:30:46+00:00,0.865,clob_prices_history
17398942423057686582491252867921221591924525918102079345877032638913486446065,0x139ba0e7f931f09466c0fb27fc8ddb5e77ce9d1e2bdc953a5f22765bf779452f,1774464341,2026-03-25T18:45:41+00:00,0.865,clob_prices_history
17398942423057686582491252867921221591924525918102079345877032638913486446065,0x139ba0e7f931f09466c0fb27fc8ddb5e77ce9d1e2bdc953a5f22765bf779452f,1774465237,2026-03-25T19:00:37+00:00,0.865,clob_prices_history
17398942423057686582491252867921221591924525918102079345877032638913486446065,0x139ba0e7f931f09466c0fb27fc8ddb5e77ce9d1e2bdc953a5f22765bf779452f,1774466133,2026-03-25T19:15:33+00:00,0.865,clob_prices_history
17398942423057686582491252867921221591924525918102079345877032638913486446065,0x139ba0e7f931f09466c0fb27fc8ddb5e77ce9d1e2bdc953a5f22765bf779452f,1774467036,2026-03-25T19:30:36+00:00,0.865,clob_prices_history
17398942423057686582491252867921221591924525918102079345877032638913486446065,0x139ba0e7f931f09466c0fb27fc8ddb5e77ce9d1e2bdc953a5f22765bf779452f,1774467935,2026-03-25T19:45:35+00:00,0.865,clob_prices_history
17398942423057686582491252867921221591924525918102079345877032638913486446065,0x139ba0e7f931f09466c0fb27fc8ddb5e77ce9d1e2bdc953a5f22765bf779452f,1774468837,2026-03-25T20:00:37+00:00,0.865,clob_prices_history
17398942423057686582491252867921221591924525918102079345877032638913486446065,0x139ba0e7f931f09466c0fb27fc8ddb5e77ce9d1e2bdc953a5f22765bf779452f,1774469731,2026-03-25T20:15:31+00:00,0.865,clob_prices_history
17398942423057686582491252867921221591924525918102079345877032638913486446065,0x139ba0e7f931f09466c0fb27fc8ddb5e77ce9d1e2bdc953a5f22765bf779452f,1774470638,2026-03-25T20:30:38+00:00,0.865,clob_prices_history
17398942423057686582491252867921221591924525918102079345877032638913486446065,0x139ba0e7f931f09466c0fb27fc8ddb5e77ce9d1e2bdc953a5f22765bf779452f,1774471530,2026-03-25T20:45:30+00:00,0.865,clob_prices_history
17398942423057686582491252867921221591924525918102079345877032638913486446065,0x139ba0e7f931f09466c0fb27fc8ddb5e77ce9d1e2bdc953a5f22765bf779452f,1774472438,2026-03-25T21:00:38+00:00,0.865,clob_prices_history
17398942423057686582491252867921221591924525918102079345877032638913486446065,0x139ba0e7f931f09466c0fb27fc8ddb5e77ce9d1e2bdc953a5f22765bf779452f,1774473328,2026-03-25T21:15:28+00:00,0.865,clob_prices_history
17398942423057686582491252867921221591924525918102079345877032638913486446065,0x139ba0e7f931f09466c0fb27fc8ddb5e77ce9d1e2bdc953a5f22765bf779452f,1774474232,2026-03-25T21:30:32+00:00,0.865,clob_prices_history
17398942423057686582491252867921221591924525918102079345877032638913486446065,0x139ba0e7f931f09466c0fb27fc8ddb5e77ce9d1e2bdc953a5f22765bf779452f,1774475129,2026-03-25T21:45:29+00:00,0.865,clob_prices_history
17398942423057686582491252867921221591924525918102079345877032638913486446065,0x139ba0e7f931f09466c0fb27fc8ddb5e77ce9d1e2bdc953a5f22765bf779452f,1774476033,2026-03-25T22:00:33+00:00,0.865,clob_prices_history
17398942423057686582491252867921221591924525918102079345877032638913486446065,0x139ba0e7f931f09466c0fb27fc8ddb5e77ce9d1e2bdc953a5f22765bf779452f,1774476932,2026-03-25T22:15:32+00:00,0.865,clob_prices_history
17398942423057686582491252867921221591924525918102079345877032638913486446065,0x139ba0e7f931f09466c0fb27fc8ddb5e77ce9d1e2bdc953a5f22765bf779452f,1774477846,2026-03-25T22:30:46+00:00,0.865,clob_prices_history
17398942423057686582491252867921221591924525918102079345877032638913486446065,0x139ba0e7f931f09466c0fb27fc8ddb5e77ce9d1e2bdc953a5f22765bf779452f,1774478732,2026-03-25T22:45:32+00:00,0.865,clob_prices_history
17398942423057686582491252867921221591924525918102079345877032638913486446065,0x139ba0e7f931f09466c0fb27fc8ddb5e77ce9d1e2bdc953a5f22765bf779452f,1774479634,2026-03-25T23:00:34+00:00,0.865,clob_prices_history
17398942423057686582491252867921221591924525918102079345877032638913486446065,0x139ba0e7f931f09466c0fb27fc8ddb5e77ce9d1e2bdc953a5f22765bf779452f,1774480532,2026-03-25T23:15:32+00:00,0.865,clob_prices_history
17398942423057686582491252867921221591924525918102079345877032638913486446065,0x139ba0e7f931f09466c0fb27fc8ddb5e77ce9d1e2bdc953a5f22765bf779452f,1774481451,2026-03-25T23:30:51+00:00,0.865,clob_prices_history
17398942423057686582491252867921221591924525918102079345877032638913486446065,0x139ba0e7f931f09466c0fb27fc8ddb5e77ce9d1e2bdc953a5f22765bf779452f,1774482332,2026-03-25T23:45:32+00:00,0.865,clob_prices_history
17398942423057686582491252867921221591924525918102079345877032638913486446065,0x139ba0e7f931f09466c0fb27fc8ddb5e77ce9d1e2bdc953a5f22765bf779452f,1774483246,2026-03-26T00:00:46+00:00,0.865,clob_prices_history
17398942423057686582491252867921221591924525918102079345877032638913486446065,0x139ba0e7f931f09466c0fb27fc8ddb5e77ce9d1e2bdc953a5f22765bf779452f,1774484133,2026-03-26T00:15:33+00:00,0.855,clob_prices_history
17398942423057686582491252867921221591924525918102079345877032638913486446065,0x139ba0e7f931f09466c0fb27fc8ddb5e77ce9d1e2bdc953a5f22765bf779452f,1774485033,2026-03-26T00:30:33+00:00,0.855,clob_prices_history
17398942423057686582491252867921221591924525918102079345877032638913486446065,0x139ba0e7f931f09466c0fb27fc8ddb5e77ce9d1e2bdc953a5f22765bf779452f,1774485930,2026-03-26T00:45:30+00:00,0.855,clob_prices_history
17398942423057686582491252867921221591924525918102079345877032638913486446065,0x139ba0e7f931f09466c0fb27fc8ddb5e77ce9d1e2bdc953a5f22765bf779452f,1774486838,2026-03-26T01:00:38+00:00,0.855,clob_prices_history
17398942423057686582491252867921221591924525918102079345877032638913486446065,0x139ba0e7f931f09466c0fb27fc8ddb5e77ce9d1e2bdc953a5f22765bf779452f,1774487732,2026-03-26T01:15:32+00:00,0.855,clob_prices_history
17398942423057686582491252867921221591924525918102079345877032638913486446065,0x139ba0e7f931f09466c0fb27fc8ddb5e77ce9d1e2bdc953a5f22765bf779452f,1774488641,2026-03-26T01:30:41+00:00,0.855,clob_prices_history
17398942423057686582491252867921221591924525918102079345877032638913486446065,0x139ba0e7f931f09466c0fb27fc8ddb5e77ce9d1e2bdc953a5f22765bf779452f,1774489544,2026-03-26T01:45:44+00:00,0.855,clob_prices_history
17398942423057686582491252867921221591924525918102079345877032638913486446065,0x139ba0e7f931f09466c0fb27fc8ddb5e77ce9d1e2bdc953a5f22765bf779452f,1774490435,2026-03-26T02:00:35+00:00,0.855,clob_prices_history
17398942423057686582491252867921221591924525918102079345877032638913486446065,0x139ba0e7f931f09466c0fb27fc8ddb5e77ce9d1e2bdc953a5f22765bf779452f,1774491328,2026-03-26T02:15:28+00:00,0.855,clob_prices_history
17398942423057686582491252867921221591924525918102079345877032638913486446065,0x139ba0e7f931f09466c0fb27fc8ddb5e77ce9d1e2bdc953a5f22765bf779452f,1774492237,2026-03-26T02:30:37+00:00,0.855,clob_prices_history
17398942423057686582491252867921221591924525918102079345877032638913486446065,0x139ba0e7f931f09466c0fb27fc8ddb5e77ce9d1e2bdc953a5f22765bf779452f,1774493132,2026-03-26T02:45:32+00:00,0.855,clob_prices_history
17398942423057686582491252867921221591924525918102079345877032638913486446065,0x139ba0e7f931f09466c0fb27fc8ddb5e77ce9d1e2bdc953a5f22765bf779452f,1774494042,2026-03-26T03:00:42+00:00,0.855,clob_prices_history
17398942423057686582491252867921221591924525918102079345877032638913486446065,0x139ba0e7f931f09466c0fb27fc8ddb5e77ce9d1e2bdc953a5f22765bf779452f,1774494931,2026-03-26T03:15:31+00:00,0.855,clob_prices_history
17398942423057686582491252867921221591924525918102079345877032638913486446065,0x139ba0e7f931f09466c0fb27fc8ddb5e77ce9d1e2bdc953a5f22765bf779452f,1774495837,2026-03-26T03:30:37+00:00,0.855,clob_prices_history
17398942423057686582491252867921221591924525918102079345877032638913486446065,0x139ba0e7f931f09466c0fb27fc8ddb5e77ce9d1e2bdc953a5f22765bf779452f,1774496731,2026-03-26T03:45:31+00:00,0.855,clob_prices_history
17398942423057686582491252867921221591924525918102079345877032638913486446065,0x139ba0e7f931f09466c0fb27fc8ddb5e77ce9d1e2bdc953a5f22765bf779452f,1774497638,2026-03-26T04:00:38+00:00,0.855,clob_prices_history
17398942423057686582491252867921221591924525918102079345877032638913486446065,0x139ba0e7f931f09466c0fb27fc8ddb5e77ce9d1e2bdc953a5f22765bf779452f,1774498530,2026-03-26T04:15:30+00:00,0.855,clob_prices_history
17398942423057686582491252867921221591924525918102079345877032638913486446065,0x139ba0e7f931f09466c0fb27fc8ddb5e77ce9d1e2bdc953a5f22765bf779452f,1774499437,2026-03-26T04:30:37+00:00,0.855,clob_prices_history
17398942423057686582491252867921221591924525918102079345877032638913486446065,0x139ba0e7f931f09466c0fb27fc8ddb5e77ce9d1e2bdc953a5f22765bf779452f,1774500339,2026-03-26T04:45:39+00:00,0.855,clob_prices_history
17398942423057686582491252867921221591924525918102079345877032638913486446065,0x139ba0e7f931f09466c0fb27fc8ddb5e77ce9d1e2bdc953a5f22765bf779452f,1774501234,2026-03-26T05:00:34+00:00,0.855,clob_prices_history
17398942423057686582491252867921221591924525918102079345877032638913486446065,0x139ba0e7f931f09466c0fb27fc8ddb5e77ce9d1e2bdc953a5f22765bf779452f,1774502133,2026-03-26T05:15:33+00:00,0.855,clob_prices_history
17398942423057686582491252867921221591924525918102079345877032638913486446065,0x139ba0e7f931f09466c0fb27fc8ddb5e77ce9d1e2bdc953a5f22765bf779452f,1774503038,2026-03-26T05:30:38+00:00,0.855,clob_prices_history
17398942423057686582491252867921221591924525918102079345877032638913486446065,0x139ba0e7f931f09466c0fb27fc8ddb5e77ce9d1e2bdc953a5f22765bf779452f,1774503933,2026-03-26T05:45:33+00:00,0.855,clob_prices_history
17398942423057686582491252867921221591924525918102079345877032638913486446065,0x139ba0e7f931f09466c0fb27fc8ddb5e77ce9d1e2bdc953a5f22765bf779452f,1774504845,2026-03-26T06:00:45+00:00,0.855,clob_prices_history
17398942423057686582491252867921221591924525918102079345877032638913486446065,0x139ba0e7f931f09466c0fb27fc8ddb5e77ce9d1e2bdc953a5f22765bf779452f,1774505731,2026-03-26T06:15:31+00:00,0.855,clob_prices_history
17398942423057686582491252867921221591924525918102079345877032638913486446065,0x139ba0e7f931f09466c0fb27fc8ddb5e77ce9d1e2bdc953a5f22765bf779452f,1774506638,2026-03-26T06:30:38+00:00,0.855,clob_prices_history
17398942423057686582491252867921221591924525918102079345877032638913486446065,0x139ba0e7f931f09466c0fb27fc8ddb5e77ce9d1e2bdc953a5f22765bf779452f,1774507527,2026-03-26T06:45:27+00:00,0.855,clob_prices_history
17398942423057686582491252867921221591924525918102079345877032638913486446065,0x139ba0e7f931f09466c0fb27fc8ddb5e77ce9d1e2bdc953a5f22765bf779452f,1774508447,2026-03-26T07:00:47+00:00,0.855,clob_prices_history
17398942423057686582491252867921221591924525918102079345877032638913486446065,0x139ba0e7f931f09466c0fb27fc8ddb5e77ce9d1e2bdc953a5f22765bf779452f,1774509329,2026-03-26T07:15:29+00:00,0.855,clob_prices_history
17398942423057686582491252867921221591924525918102079345877032638913486446065,0x139ba0e7f931f09466c0fb27fc8ddb5e77ce9d1e2bdc953a5f22765bf779452f,1774510237,2026-03-26T07:30:37+00:00,0.855,clob_prices_history
17398942423057686582491252867921221591924525918102079345877032638913486446065,0x139ba0e7f931f09466c0fb27fc8ddb5e77ce9d1e2bdc953a5f22765bf779452f,1774511128,2026-03-26T07:45:28+00:00,0.855,clob_prices_history
17398942423057686582491252867921221591924525918102079345877032638913486446065,0x139ba0e7f931f09466c0fb27fc8ddb5e77ce9d1e2bdc953a5f22765bf779452f,1774512039,2026-03-26T08:00:39+00:00,0.855,clob_prices_history
17398942423057686582491252867921221591924525918102079345877032638913486446065,0x139ba0e7f931f09466c0fb27fc8ddb5e77ce9d1e2bdc953a5f22765bf779452f,1774512931,2026-03-26T08:15:31+00:00,0.855,clob_prices_history
17398942423057686582491252867921221591924525918102079345877032638913486446065,0x139ba0e7f931f09466c0fb27fc8ddb5e77ce9d1e2bdc953a5f22765bf779452f,1774513832,2026-03-26T08:30:32+00:00,0.855,clob_prices_history
17398942423057686582491252867921221591924525918102079345877032638913486446065,0x139ba0e7f931f09466c0fb27fc8ddb5e77ce9d1e2bdc953a5f22765bf779452f,1774514731,2026-03-26T08:45:31+00:00,0.855,clob_prices_history
17398942423057686582491252867921221591924525918102079345877032638913486446065,0x139ba0e7f931f09466c0fb27fc8ddb5e77ce9d1e2bdc953a5f22765bf779452f,1774515638,2026-03-26T09:00:38+00:00,0.855,clob_prices_history
17398942423057686582491252867921221591924525918102079345877032638913486446065,0x139ba0e7f931f09466c0fb27fc8ddb5e77ce9d1e2bdc953a5f22765bf779452f,1774516531,2026-03-26T09:15:31+00:00,0.855,clob_prices_history
17398942423057686582491252867921221591924525918102079345877032638913486446065,0x139ba0e7f931f09466c0fb27fc8ddb5e77ce9d1e2bdc953a5f22765bf779452f,1774517432,2026-03-26T09:30:32+00:00,0.855,clob_prices_history
17398942423057686582491252867921221591924525918102079345877032638913486446065,0x139ba0e7f931f09466c0fb27fc8ddb5e77ce9d1e2bdc953a5f22765bf779452f,1774518332,2026-03-26T09:45:32+00:00,0.855,clob_prices_history
17398942423057686582491252867921221591924525918102079345877032638913486446065,0x139ba0e7f931f09466c0fb27fc8ddb5e77ce9d1e2bdc953a5f22765bf779452f,1774519240,2026-03-26T10:00:40+00:00,0.855,clob_prices_history
17398942423057686582491252867921221591924525918102079345877032638913486446065,0x139ba0e7f931f09466c0fb27fc8ddb5e77ce9d1e2bdc953a5f22765bf779452f,1774520132,2026-03-26T10:15:32+00:00,0.855,clob_prices_history
17398942423057686582491252867921221591924525918102079345877032638913486446065,0x139ba0e7f931f09466c0fb27fc8ddb5e77ce9d1e2bdc953a5f22765bf779452f,1774521034,2026-03-26T10:30:34+00:00,0.855,clob_prices_history
17398942423057686582491252867921221591924525918102079345877032638913486446065,0x139ba0e7f931f09466c0fb27fc8ddb5e77ce9d1e2bdc953a5f22765bf779452f,1774521932,2026-03-26T10:45:32+00:00,0.855,clob_prices_history
17398942423057686582491252867921221591924525918102079345877032638913486446065,0x139ba0e7f931f09466c0fb27fc8ddb5e77ce9d1e2bdc953a5f22765bf779452f,1774522832,2026-03-26T11:00:32+00:00,0.855,clob_prices_history
17398942423057686582491252867921221591924525918102079345877032638913486446065,0x139ba0e7f931f09466c0fb27fc8ddb5e77ce9d1e2bdc953a5f22765bf779452f,1774523730,2026-03-26T11:15:30+00:00,0.855,clob_prices_history
17398942423057686582491252867921221591924525918102079345877032638913486446065,0x139ba0e7f931f09466c0fb27fc8ddb5e77ce9d1e2bdc953a5f22765bf779452f,1774524633,2026-03-26T11:30:33+00:00,0.855,clob_prices_history
17398942423057686582491252867921221591924525918102079345877032638913486446065,0x139ba0e7f931f09466c0fb27fc8ddb5e77ce9d1e2bdc953a5f22765bf779452f,1774525531,2026-03-26T11:45:31+00:00,0.855,clob_prices_history
17398942423057686582491252867921221591924525918102079345877032638913486446065,0x139ba0e7f931f09466c0fb27fc8ddb5e77ce9d1e2bdc953a5f22765bf779452f,1774526457,2026-03-26T12:00:57+00:00,0.855,clob_prices_history
17398942423057686582491252867921221591924525918102079345877032638913486446065,0x139ba0e7f931f09466c0fb27fc8ddb5e77ce9d1e2bdc953a5f22765bf779452f,1774527330,2026-03-26T12:15:30+00:00,0.855,clob_prices_history
17398942423057686582491252867921221591924525918102079345877032638913486446065,0x139ba0e7f931f09466c0fb27fc8ddb5e77ce9d1e2bdc953a5f22765bf779452f,1774528250,2026-03-26T12:30:50+00:00,0.855,clob_prices_history
17398942423057686582491252867921221591924525918102079345877032638913486446065,0x139ba0e7f931f09466c0fb27fc8ddb5e77ce9d1e2bdc953a5f22765bf779452f,1774529130,2026-03-26T12:45:30+00:00,0.855,clob_prices_history
17398942423057686582491252867921221591924525918102079345877032638913486446065,0x139ba0e7f931f09466c0fb27fc8ddb5e77ce9d1e2bdc953a5f22765bf779452f,1774530048,2026-03-26T13:00:48+00:00,0.855,clob_prices_history
17398942423057686582491252867921221591924525918102079345877032638913486446065,0x139ba0e7f931f09466c0fb27fc8ddb5e77ce9d1e2bdc953a5f22765bf779452f,1774530931,2026-03-26T13:15:31+00:00,0.855,clob_prices_history
17398942423057686582491252867921221591924525918102079345877032638913486446065,0x139ba0e7f931f09466c0fb27fc8ddb5e77ce9d1e2bdc953a5f22765bf779452f,1774531838,2026-03-26T13:30:38+00:00,0.855,clob_prices_history
17398942423057686582491252867921221591924525918102079345877032638913486446065,0x139ba0e7f931f09466c0fb27fc8ddb5e77ce9d1e2bdc953a5f22765bf779452f,1774532732,2026-03-26T13:45:32+00:00,0.855,clob_prices_history
17398942423057686582491252867921221591924525918102079345877032638913486446065,0x139ba0e7f931f09466c0fb27fc8ddb5e77ce9d1e2bdc953a5f22765bf779452f,1774533638,2026-03-26T14:00:38+00:00,0.855,clob_prices_history
17398942423057686582491252867921221591924525918102079345877032638913486446065,0x139ba0e7f931f09466c0fb27fc8ddb5e77ce9d1e2bdc953a5f22765bf779452f,1774534532,2026-03-26T14:15:32+00:00,0.855,clob_prices_history
17398942423057686582491252867921221591924525918102079345877032638913486446065,0x139ba0e7f931f09466c0fb27fc8ddb5e77ce9d1e2bdc953a5f22765bf779452f,1774535434,2026-03-26T14:30:34+00:00,0.855,clob_prices_history
17398942423057686582491252867921221591924525918102079345877032638913486446065,0x139ba0e7f931f09466c0fb27fc8ddb5e77ce9d1e2bdc953a5f22765bf779452f,1774536330,2026-03-26T14:45:30+00:00,0.855,clob_prices_history
17398942423057686582491252867921221591924525918102079345877032638913486446065,0x139ba0e7f931f09466c0fb27fc8ddb5e77ce9d1e2bdc953a5f22765bf779452f,1774537242,2026-03-26T15:00:42+00:00,0.855,clob_prices_history
17398942423057686582491252867921221591924525918102079345877032638913486446065,0x139ba0e7f931f09466c0fb27fc8ddb5e77ce9d1e2bdc953a5f22765bf779452f,1774538130,2026-03-26T15:15:30+00:00,0.855,clob_prices_history
17398942423057686582491252867921221591924525918102079345877032638913486446065,0x139ba0e7f931f09466c0fb27fc8ddb5e77ce9d1e2bdc953a5f22765bf779452f,1774539034,2026-03-26T15:30:34+00:00,0.855,clob_prices_history
17398942423057686582491252867921221591924525918102079345877032638913486446065,0x139ba0e7f931f09466c0fb27fc8ddb5e77ce9d1e2bdc953a5f22765bf779452f,1774539930,2026-03-26T15:45:30+00:00,0.855,clob_prices_history
17398942423057686582491252867921221591924525918102079345877032638913486446065,0x139ba0e7f931f09466c0fb27fc8ddb5e77ce9d1e2bdc953a5f22765bf779452f,1774540841,2026-03-26T16:00:41+00:00,0.855,clob_prices_history
17398942423057686582491252867921221591924525918102079345877032638913486446065,0x139ba0e7f931f09466c0fb27fc8ddb5e77ce9d1e2bdc953a5f22765bf779452f,1774541729,2026-03-26T16:15:29+00:00,0.855,clob_prices_history
17398942423057686582491252867921221591924525918102079345877032638913486446065,0x139ba0e7f931f09466c0fb27fc8ddb5e77ce9d1e2bdc953a5f22765bf779452f,1774542634,2026-03-26T16:30:34+00:00,0.855,clob_prices_history
17398942423057686582491252867921221591924525918102079345877032638913486446065,0x139ba0e7f931f09466c0fb27fc8ddb5e77ce9d1e2bdc953a5f22765bf779452f,1774543533,2026-03-26T16:45:33+00:00,0.855,clob_prices_history
17398942423057686582491252867921221591924525918102079345877032638913486446065,0x139ba0e7f931f09466c0fb27fc8ddb5e77ce9d1e2bdc953a5f22765bf779452f,1774545332,2026-03-26T17:15:32+00:00,0.855,clob_prices_history
17398942423057686582491252867921221591924525918102079345877032638913486446065,0x139ba0e7f931f09466c0fb27fc8ddb5e77ce9d1e2bdc953a5f22765bf779452f,1774547131,2026-03-26T17:45:31+00:00,0.855,clob_prices_history
17398942423057686582491252867921221591924525918102079345877032638913486446065,0x139ba0e7f931f09466c0fb27fc8ddb5e77ce9d1e2bdc953a5f22765bf779452f,1774548041,2026-03-26T18:00:41+00:00,0.855,clob_prices_history
17398942423057686582491252867921221591924525918102079345877032638913486446065,0x139ba0e7f931f09466c0fb27fc8ddb5e77ce9d1e2bdc953a5f22765bf779452f,1774548939,2026-03-26T18:15:39+00:00,0.855,clob_prices_history
17398942423057686582491252867921221591924525918102079345877032638913486446065,0x139ba0e7f931f09466c0fb27fc8ddb5e77ce9d1e2bdc953a5f22765bf779452f,1774549842,2026-03-26T18:30:42+00:00,0.855,clob_prices_history
17398942423057686582491252867921221591924525918102079345877032638913486446065,0x139ba0e7f931f09466c0fb27fc8ddb5e77ce9d1e2bdc953a5f22765bf779452f,1774550734,2026-03-26T18:45:34+00:00,0.855,clob_prices_history
17398942423057686582491252867921221591924525918102079345877032638913486446065,0x139ba0e7f931f09466c0fb27fc8ddb5e77ce9d1e2bdc953a5f22765bf779452f,1774551646,2026-03-26T19:00:46+00:00,0.855,clob_prices_history
17398942423057686582491252867921221591924525918102079345877032638913486446065,0x139ba0e7f931f09466c0fb27fc8ddb5e77ce9d1e2bdc953a5f22765bf779452f,1774552538,2026-03-26T19:15:38+00:00,0.855,clob_prices_history
17398942423057686582491252867921221591924525918102079345877032638913486446065,0x139ba0e7f931f09466c0fb27fc8ddb5e77ce9d1e2bdc953a5f22765bf779452f,1774553442,2026-03-26T19:30:42+00:00,0.855,clob_prices_history
17398942423057686582491252867921221591924525918102079345877032638913486446065,0x139ba0e7f931f09466c0fb27fc8ddb5e77ce9d1e2bdc953a5f22765bf779452f,1774554333,2026-03-26T19:45:33+00:00,0.855,clob_prices_history
17398942423057686582491252867921221591924525918102079345877032638913486446065,0x139ba0e7f931f09466c0fb27fc8ddb5e77ce9d1e2bdc953a5f22765bf779452f,1774555239,2026-03-26T20:00:39+00:00,0.855,clob_prices_history
17398942423057686582491252867921221591924525918102079345877032638913486446065,0x139ba0e7f931f09466c0fb27fc8ddb5e77ce9d1e2bdc953a5f22765bf779452f,1774556133,2026-03-26T20:15:33+00:00,0.855,clob_prices_history
17398942423057686582491252867921221591924525918102079345877032638913486446065,0x139ba0e7f931f09466c0fb27fc8ddb5e77ce9d1e2bdc953a5f22765bf779452f,1774557039,2026-03-26T20:30:39+00:00,0.855,clob_prices_history
17398942423057686582491252867921221591924525918102079345877032638913486446065,0x139ba0e7f931f09466c0fb27fc8ddb5e77ce9d1e2bdc953a5f22765bf779452f,1774557929,2026-03-26T20:45:29+00:00,0.855,clob_prices_history
17398942423057686582491252867921221591924525918102079345877032638913486446065,0x139ba0e7f931f09466c0fb27fc8ddb5e77ce9d1e2bdc953a5f22765bf779452f,1774558846,2026-03-26T21:00:46+00:00,0.855,clob_prices_history
17398942423057686582491252867921221591924525918102079345877032638913486446065,0x139ba0e7f931f09466c0fb27fc8ddb5e77ce9d1e2bdc953a5f22765bf779452f,1774559730,2026-03-26T21:15:30+00:00,0.855,clob_prices_history
17398942423057686582491252867921221591924525918102079345877032638913486446065,0x139ba0e7f931f09466c0fb27fc8ddb5e77ce9d1e2bdc953a5f22765bf779452f,1774560637,2026-03-26T21:30:37+00:00,0.855,clob_prices_history
17398942423057686582491252867921221591924525918102079345877032638913486446065,0x139ba0e7f931f09466c0fb27fc8ddb5e77ce9d1e2bdc953a5f22765bf779452f,1774561533,2026-03-26T21:45:33+00:00,0.855,clob_prices_history
17398942423057686582491252867921221591924525918102079345877032638913486446065,0x139ba0e7f931f09466c0fb27fc8ddb5e77ce9d1e2bdc953a5f22765bf779452f,1774562440,2026-03-26T22:00:40+00:00,0.855,clob_prices_history
17398942423057686582491252867921221591924525918102079345877032638913486446065,0x139ba0e7f931f09466c0fb27fc8ddb5e77ce9d1e2bdc953a5f22765bf779452f,1774563337,2026-03-26T22:15:37+00:00,0.855,clob_prices_history
17398942423057686582491252867921221591924525918102079345877032638913486446065,0x139ba0e7f931f09466c0fb27fc8ddb5e77ce9d1e2bdc953a5f22765bf779452f,1774564239,2026-03-26T22:30:39+00:00,0.855,clob_prices_history
17398942423057686582491252867921221591924525918102079345877032638913486446065,0x139ba0e7f931f09466c0fb27fc8ddb5e77ce9d1e2bdc953a5f22765bf779452f,1774565131,2026-03-26T22:45:31+00:00,0.855,clob_prices_history
17398942423057686582491252867921221591924525918102079345877032638913486446065,0x139ba0e7f931f09466c0fb27fc8ddb5e77ce9d1e2bdc953a5f22765bf779452f,1774566037,2026-03-26T23:00:37+00:00,0.855,clob_prices_history
17398942423057686582491252867921221591924525918102079345877032638913486446065,0x139ba0e7f931f09466c0fb27fc8ddb5e77ce9d1e2bdc953a5f22765bf779452f,1774566932,2026-03-26T23:15:32+00:00,0.855,clob_prices_history
17398942423057686582491252867921221591924525918102079345877032638913486446065,0x139ba0e7f931f09466c0fb27fc8ddb5e77ce9d1e2bdc953a5f22765bf779452f,1774567839,2026-03-26T23:30:39+00:00,0.855,clob_prices_history
17398942423057686582491252867921221591924525918102079345877032638913486446065,0x139ba0e7f931f09466c0fb27fc8ddb5e77ce9d1e2bdc953a5f22765bf779452f,1774568734,2026-03-26T23:45:34+00:00,0.855,clob_prices_history
17398942423057686582491252867921221591924525918102079345877032638913486446065,0x139ba0e7f931f09466c0fb27fc8ddb5e77ce9d1e2bdc953a5f22765bf779452f,1774569653,2026-03-27T00:00:53+00:00,0.855,clob_prices_history
17398942423057686582491252867921221591924525918102079345877032638913486446065,0x139ba0e7f931f09466c0fb27fc8ddb5e77ce9d1e2bdc953a5f22765bf779452f,1774570547,2026-03-27T00:15:47+00:00,0.855,clob_prices_history
17398942423057686582491252867921221591924525918102079345877032638913486446065,0x139ba0e7f931f09466c0fb27fc8ddb5e77ce9d1e2bdc953a5f22765bf779452f,1774571439,2026-03-27T00:30:39+00:00,0.855,clob_prices_history
17398942423057686582491252867921221591924525918102079345877032638913486446065,0x139ba0e7f931f09466c0fb27fc8ddb5e77ce9d1e2bdc953a5f22765bf779452f,1774572346,2026-03-27T00:45:46+00:00,0.855,clob_prices_history
17398942423057686582491252867921221591924525918102079345877032638913486446065,0x139ba0e7f931f09466c0fb27fc8ddb5e77ce9d1e2bdc953a5f22765bf779452f,1774573246,2026-03-27T01:00:46+00:00,0.855,clob_prices_history
17398942423057686582491252867921221591924525918102079345877032638913486446065,0x139ba0e7f931f09466c0fb27fc8ddb5e77ce9d1e2bdc953a5f22765bf779452f,1774574131,2026-03-27T01:15:31+00:00,0.855,clob_prices_history
17398942423057686582491252867921221591924525918102079345877032638913486446065,0x139ba0e7f931f09466c0fb27fc8ddb5e77ce9d1e2bdc953a5f22765bf779452f,1774575043,2026-03-27T01:30:43+00:00,0.855,clob_prices_history
17398942423057686582491252867921221591924525918102079345877032638913486446065,0x139ba0e7f931f09466c0fb27fc8ddb5e77ce9d1e2bdc953a5f22765bf779452f,1774575935,2026-03-27T01:45:35+00:00,0.855,clob_prices_history
17398942423057686582491252867921221591924525918102079345877032638913486446065,0x139ba0e7f931f09466c0fb27fc8ddb5e77ce9d1e2bdc953a5f22765bf779452f,1774576846,2026-03-27T02:00:46+00:00,0.855,clob_prices_history
17398942423057686582491252867921221591924525918102079345877032638913486446065,0x139ba0e7f931f09466c0fb27fc8ddb5e77ce9d1e2bdc953a5f22765bf779452f,1774577732,2026-03-27T02:15:32+00:00,0.855,clob_prices_history
17398942423057686582491252867921221591924525918102079345877032638913486446065,0x139ba0e7f931f09466c0fb27fc8ddb5e77ce9d1e2bdc953a5f22765bf779452f,1774578637,2026-03-27T02:30:37+00:00,0.855,clob_prices_history
17398942423057686582491252867921221591924525918102079345877032638913486446065,0x139ba0e7f931f09466c0fb27fc8ddb5e77ce9d1e2bdc953a5f22765bf779452f,1774579551,2026-03-27T02:45:51+00:00,0.855,clob_prices_history
17398942423057686582491252867921221591924525918102079345877032638913486446065,0x139ba0e7f931f09466c0fb27fc8ddb5e77ce9d1e2bdc953a5f22765bf779452f,1774580450,2026-03-27T03:00:50+00:00,0.855,clob_prices_history
17398942423057686582491252867921221591924525918102079345877032638913486446065,0x139ba0e7f931f09466c0fb27fc8ddb5e77ce9d1e2bdc953a5f22765bf779452f,1774581335,2026-03-27T03:15:35+00:00,0.855,clob_prices_history
17398942423057686582491252867921221591924525918102079345877032638913486446065,0x139ba0e7f931f09466c0fb27fc8ddb5e77ce9d1e2bdc953a5f22765bf779452f,1774582239,2026-03-27T03:30:39+00:00,0.855,clob_prices_history
17398942423057686582491252867921221591924525918102079345877032638913486446065,0x139ba0e7f931f09466c0fb27fc8ddb5e77ce9d1e2bdc953a5f22765bf779452f,1774583136,2026-03-27T03:45:36+00:00,0.855,clob_prices_history
17398942423057686582491252867921221591924525918102079345877032638913486446065,0x139ba0e7f931f09466c0fb27fc8ddb5e77ce9d1e2bdc953a5f22765bf779452f,1774584041,2026-03-27T04:00:41+00:00,0.855,clob_prices_history
17398942423057686582491252867921221591924525918102079345877032638913486446065,0x139ba0e7f931f09466c0fb27fc8ddb5e77ce9d1e2bdc953a5f22765bf779452f,1774584937,2026-03-27T04:15:37+00:00,0.855,clob_prices_history
17398942423057686582491252867921221591924525918102079345877032638913486446065,0x139ba0e7f931f09466c0fb27fc8ddb5e77ce9d1e2bdc953a5f22765bf779452f,1774585839,2026-03-27T04:30:39+00:00,0.855,clob_prices_history
17398942423057686582491252867921221591924525918102079345877032638913486446065,0x139ba0e7f931f09466c0fb27fc8ddb5e77ce9d1e2bdc953a5f22765bf779452f,1774586731,2026-03-27T04:45:31+00:00,0.855,clob_prices_history
17398942423057686582491252867921221591924525918102079345877032638913486446065,0x139ba0e7f931f09466c0fb27fc8ddb5e77ce9d1e2bdc953a5f22765bf779452f,1774587643,2026-03-27T05:00:43+00:00,0.855,clob_prices_history
17398942423057686582491252867921221591924525918102079345877032638913486446065,0x139ba0e7f931f09466c0fb27fc8ddb5e77ce9d1e2bdc953a5f22765bf779452f,1774588536,2026-03-27T05:15:36+00:00,0.855,clob_prices_history
17398942423057686582491252867921221591924525918102079345877032638913486446065,0x139ba0e7f931f09466c0fb27fc8ddb5e77ce9d1e2bdc953a5f22765bf779452f,1774589453,2026-03-27T05:30:53+00:00,0.855,clob_prices_history
17398942423057686582491252867921221591924525918102079345877032638913486446065,0x139ba0e7f931f09466c0fb27fc8ddb5e77ce9d1e2bdc953a5f22765bf779452f,1774590338,2026-03-27T05:45:38+00:00,0.855,clob_prices_history
17398942423057686582491252867921221591924525918102079345877032638913486446065,0x139ba0e7f931f09466c0fb27fc8ddb5e77ce9d1e2bdc953a5f22765bf779452f,1774591249,2026-03-27T06:00:49+00:00,0.855,clob_prices_history
17398942423057686582491252867921221591924525918102079345877032638913486446065,0x139ba0e7f931f09466c0fb27fc8ddb5e77ce9d1e2bdc953a5f22765bf779452f,1774592132,2026-03-27T06:15:32+00:00,0.855,clob_prices_history
17398942423057686582491252867921221591924525918102079345877032638913486446065,0x139ba0e7f931f09466c0fb27fc8ddb5e77ce9d1e2bdc953a5f22765bf779452f,1774593040,2026-03-27T06:30:40+00:00,0.855,clob_prices_history
17398942423057686582491252867921221591924525918102079345877032638913486446065,0x139ba0e7f931f09466c0fb27fc8ddb5e77ce9d1e2bdc953a5f22765bf779452f,1774593934,2026-03-27T06:45:34+00:00,0.855,clob_prices_history
17398942423057686582491252867921221591924525918102079345877032638913486446065,0x139ba0e7f931f09466c0fb27fc8ddb5e77ce9d1e2bdc953a5f22765bf779452f,1774594840,2026-03-27T07:00:40+00:00,0.855,clob_prices_history
17398942423057686582491252867921221591924525918102079345877032638913486446065,0x139ba0e7f931f09466c0fb27fc8ddb5e77ce9d1e2bdc953a5f22765bf779452f,1774595731,2026-03-27T07:15:31+00:00,0.855,clob_prices_history
17398942423057686582491252867921221591924525918102079345877032638913486446065,0x139ba0e7f931f09466c0fb27fc8ddb5e77ce9d1e2bdc953a5f22765bf779452f,1774596641,2026-03-27T07:30:41+00:00,0.855,clob_prices_history
17398942423057686582491252867921221591924525918102079345877032638913486446065,0x139ba0e7f931f09466c0fb27fc8ddb5e77ce9d1e2bdc953a5f22765bf779452f,1774597531,2026-03-27T07:45:31+00:00,0.855,clob_prices_history
17398942423057686582491252867921221591924525918102079345877032638913486446065,0x139ba0e7f931f09466c0fb27fc8ddb5e77ce9d1e2bdc953a5f22765bf779452f,1774598437,2026-03-27T08:00:37+00:00,0.855,clob_prices_history
17398942423057686582491252867921221591924525918102079345877032638913486446065,0x139ba0e7f931f09466c0fb27fc8ddb5e77ce9d1e2bdc953a5f22765bf779452f,1774599337,2026-03-27T08:15:37+00:00,0.855,clob_prices_history
17398942423057686582491252867921221591924525918102079345877032638913486446065,0x139ba0e7f931f09466c0fb27fc8ddb5e77ce9d1e2bdc953a5f22765bf779452f,1774600242,2026-03-27T08:30:42+00:00,0.855,clob_prices_history
17398942423057686582491252867921221591924525918102079345877032638913486446065,0x139ba0e7f931f09466c0fb27fc8ddb5e77ce9d1e2bdc953a5f22765bf779452f,1774601147,2026-03-27T08:45:47+00:00,0.855,clob_prices_history
17398942423057686582491252867921221591924525918102079345877032638913486446065,0x139ba0e7f931f09466c0fb27fc8ddb5e77ce9d1e2bdc953a5f22765bf779452f,1774602046,2026-03-27T09:00:46+00:00,0.855,clob_prices_history
17398942423057686582491252867921221591924525918102079345877032638913486446065,0x139ba0e7f931f09466c0fb27fc8ddb5e77ce9d1e2bdc953a5f22765bf779452f,1774602934,2026-03-27T09:15:34+00:00,0.855,clob_prices_history
17398942423057686582491252867921221591924525918102079345877032638913486446065,0x139ba0e7f931f09466c0fb27fc8ddb5e77ce9d1e2bdc953a5f22765bf779452f,1774603840,2026-03-27T09:30:40+00:00,0.855,clob_prices_history
17398942423057686582491252867921221591924525918102079345877032638913486446065,0x139ba0e7f931f09466c0fb27fc8ddb5e77ce9d1e2bdc953a5f22765bf779452f,1774604735,2026-03-27T09:45:35+00:00,0.855,clob_prices_history
17398942423057686582491252867921221591924525918102079345877032638913486446065,0x139ba0e7f931f09466c0fb27fc8ddb5e77ce9d1e2bdc953a5f22765bf779452f,1774605637,2026-03-27T10:00:37+00:00,0.855,clob_prices_history
17398942423057686582491252867921221591924525918102079345877032638913486446065,0x139ba0e7f931f09466c0fb27fc8ddb5e77ce9d1e2bdc953a5f22765bf779452f,1774606532,2026-03-27T10:15:32+00:00,0.855,clob_prices_history
17398942423057686582491252867921221591924525918102079345877032638913486446065,0x139ba0e7f931f09466c0fb27fc8ddb5e77ce9d1e2bdc953a5f22765bf779452f,1774607438,2026-03-27T10:30:38+00:00,0.855,clob_prices_history
17398942423057686582491252867921221591924525918102079345877032638913486446065,0x139ba0e7f931f09466c0fb27fc8ddb5e77ce9d1e2bdc953a5f22765bf779452f,1774608335,2026-03-27T10:45:35+00:00,0.855,clob_prices_history
17398942423057686582491252867921221591924525918102079345877032638913486446065,0x139ba0e7f931f09466c0fb27fc8ddb5e77ce9d1e2bdc953a5f22765bf779452f,1774609241,2026-03-27T11:00:41+00:00,0.855,clob_prices_history
17398942423057686582491252867921221591924525918102079345877032638913486446065,0x139ba0e7f931f09466c0fb27fc8ddb5e77ce9d1e2bdc953a5f22765bf779452f,1774610147,2026-03-27T11:15:47+00:00,0.855,clob_prices_history
17398942423057686582491252867921221591924525918102079345877032638913486446065,0x139ba0e7f931f09466c0fb27fc8ddb5e77ce9d1e2bdc953a5f22765bf779452f,1774611042,2026-03-27T11:30:42+00:00,0.855,clob_prices_history
17398942423057686582491252867921221591924525918102079345877032638913486446065,0x139ba0e7f931f09466c0fb27fc8ddb5e77ce9d1e2bdc953a5f22765bf779452f,1774611935,2026-03-27T11:45:35+00:00,0.855,clob_prices_history
17398942423057686582491252867921221591924525918102079345877032638913486446065,0x139ba0e7f931f09466c0fb27fc8ddb5e77ce9d1e2bdc953a5f22765bf779452f,1774612851,2026-03-27T12:00:51+00:00,0.855,clob_prices_history
17398942423057686582491252867921221591924525918102079345877032638913486446065,0x139ba0e7f931f09466c0fb27fc8ddb5e77ce9d1e2bdc953a5f22765bf779452f,1774613733,2026-03-27T12:15:33+00:00,0.855,clob_prices_history
17398942423057686582491252867921221591924525918102079345877032638913486446065,0x139ba0e7f931f09466c0fb27fc8ddb5e77ce9d1e2bdc953a5f22765bf779452f,1774614640,2026-03-27T12:30:40+00:00,0.855,clob_prices_history
17398942423057686582491252867921221591924525918102079345877032638913486446065,0x139ba0e7f931f09466c0fb27fc8ddb5e77ce9d1e2bdc953a5f22765bf779452f,1774615541,2026-03-27T12:45:41+00:00,0.855,clob_prices_history
17398942423057686582491252867921221591924525918102079345877032638913486446065,0x139ba0e7f931f09466c0fb27fc8ddb5e77ce9d1e2bdc953a5f22765bf779452f,1774616449,2026-03-27T13:00:49+00:00,0.855,clob_prices_history
17398942423057686582491252867921221591924525918102079345877032638913486446065,0x139ba0e7f931f09466c0fb27fc8ddb5e77ce9d1e2bdc953a5f22765bf779452f,1774617336,2026-03-27T13:15:36+00:00,0.855,clob_prices_history
17398942423057686582491252867921221591924525918102079345877032638913486446065,0x139ba0e7f931f09466c0fb27fc8ddb5e77ce9d1e2bdc953a5f22765bf779452f,1774618242,2026-03-27T13:30:42+00:00,0.855,clob_prices_history
17398942423057686582491252867921221591924525918102079345877032638913486446065,0x139ba0e7f931f09466c0fb27fc8ddb5e77ce9d1e2bdc953a5f22765bf779452f,1774619138,2026-03-27T13:45:38+00:00,0.855,clob_prices_history
17398942423057686582491252867921221591924525918102079345877032638913486446065,0x139ba0e7f931f09466c0fb27fc8ddb5e77ce9d1e2bdc953a5f22765bf779452f,1774620043,2026-03-27T14:00:43+00:00,0.855,clob_prices_history
17398942423057686582491252867921221591924525918102079345877032638913486446065,0x139ba0e7f931f09466c0fb27fc8ddb5e77ce9d1e2bdc953a5f22765bf779452f,1774620939,2026-03-27T14:15:39+00:00,0.855,clob_prices_history
17398942423057686582491252867921221591924525918102079345877032638913486446065,0x139ba0e7f931f09466c0fb27fc8ddb5e77ce9d1e2bdc953a5f22765bf779452f,1774621839,2026-03-27T14:30:39+00:00,0.855,clob_prices_history
17398942423057686582491252867921221591924525918102079345877032638913486446065,0x139ba0e7f931f09466c0fb27fc8ddb5e77ce9d1e2bdc953a5f22765bf779452f,1774622736,2026-03-27T14:45:36+00:00,0.855,clob_prices_history
17398942423057686582491252867921221591924525918102079345877032638913486446065,0x139ba0e7f931f09466c0fb27fc8ddb5e77ce9d1e2bdc953a5f22765bf779452f,1774623648,2026-03-27T15:00:48+00:00,0.855,clob_prices_history
17398942423057686582491252867921221591924525918102079345877032638913486446065,0x139ba0e7f931f09466c0fb27fc8ddb5e77ce9d1e2bdc953a5f22765bf779452f,1774624535,2026-03-27T15:15:35+00:00,0.855,clob_prices_history
17398942423057686582491252867921221591924525918102079345877032638913486446065,0x139ba0e7f931f09466c0fb27fc8ddb5e77ce9d1e2bdc953a5f22765bf779452f,1774625439,2026-03-27T15:30:39+00:00,0.855,clob_prices_history
17398942423057686582491252867921221591924525918102079345877032638913486446065,0x139ba0e7f931f09466c0fb27fc8ddb5e77ce9d1e2bdc953a5f22765bf779452f,1774626337,2026-03-27T15:45:37+00:00,0.855,clob_prices_history
17398942423057686582491252867921221591924525918102079345877032638913486446065,0x139ba0e7f931f09466c0fb27fc8ddb5e77ce9d1e2bdc953a5f22765bf779452f,1774627242,2026-03-27T16:00:42+00:00,0.855,clob_prices_history
17398942423057686582491252867921221591924525918102079345877032638913486446065,0x139ba0e7f931f09466c0fb27fc8ddb5e77ce9d1e2bdc953a5f22765bf779452f,1774628133,2026-03-27T16:15:33+00:00,0.855,clob_prices_history
17398942423057686582491252867921221591924525918102079345877032638913486446065,0x139ba0e7f931f09466c0fb27fc8ddb5e77ce9d1e2bdc953a5f22765bf779452f,1774629041,2026-03-27T16:30:41+00:00,0.855,clob_prices_history
17398942423057686582491252867921221591924525918102079345877032638913486446065,0x139ba0e7f931f09466c0fb27fc8ddb5e77ce9d1e2bdc953a5f22765bf779452f,1774629940,2026-03-27T16:45:40+00:00,0.855,clob_prices_history
17398942423057686582491252867921221591924525918102079345877032638913486446065,0x139ba0e7f931f09466c0fb27fc8ddb5e77ce9d1e2bdc953a5f22765bf779452f,1774631735,2026-03-27T17:15:35+00:00,0.855,clob_prices_history
17398942423057686582491252867921221591924525918102079345877032638913486446065,0x139ba0e7f931f09466c0fb27fc8ddb5e77ce9d1e2bdc953a5f22765bf779452f,1774632652,2026-03-27T17:30:52+00:00,0.855,clob_prices_history
17398942423057686582491252867921221591924525918102079345877032638913486446065,0x139ba0e7f931f09466c0fb27fc8ddb5e77ce9d1e2bdc953a5f22765bf779452f,1774633537,2026-03-27T17:45:37+00:00,0.855,clob_prices_history
17398942423057686582491252867921221591924525918102079345877032638913486446065,0x139ba0e7f931f09466c0fb27fc8ddb5e77ce9d1e2bdc953a5f22765bf779452f,1774634456,2026-03-27T18:00:56+00:00,0.855,clob_prices_history
17398942423057686582491252867921221591924525918102079345877032638913486446065,0x139ba0e7f931f09466c0fb27fc8ddb5e77ce9d1e2bdc953a5f22765bf779452f,1774635336,2026-03-27T18:15:36+00:00,0.855,clob_prices_history
17398942423057686582491252867921221591924525918102079345877032638913486446065,0x139ba0e7f931f09466c0fb27fc8ddb5e77ce9d1e2bdc953a5f22765bf779452f,1774636240,2026-03-27T18:30:40+00:00,0.855,clob_prices_history
17398942423057686582491252867921221591924525918102079345877032638913486446065,0x139ba0e7f931f09466c0fb27fc8ddb5e77ce9d1e2bdc953a5f22765bf779452f,1774637133,2026-03-27T18:45:33+00:00,0.855,clob_prices_history
17398942423057686582491252867921221591924525918102079345877032638913486446065,0x139ba0e7f931f09466c0fb27fc8ddb5e77ce9d1e2bdc953a5f22765bf779452f,1774638043,2026-03-27T19:00:43+00:00,0.855,clob_prices_history
17398942423057686582491252867921221591924525918102079345877032638913486446065,0x139ba0e7f931f09466c0fb27fc8ddb5e77ce9d1e2bdc953a5f22765bf779452f,1774638938,2026-03-27T19:15:38+00:00,0.855,clob_prices_history
17398942423057686582491252867921221591924525918102079345877032638913486446065,0x139ba0e7f931f09466c0fb27fc8ddb5e77ce9d1e2bdc953a5f22765bf779452f,1774639858,2026-03-27T19:30:58+00:00,0.855,clob_prices_history
17398942423057686582491252867921221591924525918102079345877032638913486446065,0x139ba0e7f931f09466c0fb27fc8ddb5e77ce9d1e2bdc953a5f22765bf779452f,1774640736,2026-03-27T19:45:36+00:00,0.855,clob_prices_history
17398942423057686582491252867921221591924525918102079345877032638913486446065,0x139ba0e7f931f09466c0fb27fc8ddb5e77ce9d1e2bdc953a5f22765bf779452f,1774641654,2026-03-27T20:00:54+00:00,0.855,clob_prices_history
17398942423057686582491252867921221591924525918102079345877032638913486446065,0x139ba0e7f931f09466c0fb27fc8ddb5e77ce9d1e2bdc953a5f22765bf779452f,1774642540,2026-03-27T20:15:40+00:00,0.855,clob_prices_history
17398942423057686582491252867921221591924525918102079345877032638913486446065,0x139ba0e7f931f09466c0fb27fc8ddb5e77ce9d1e2bdc953a5f22765bf779452f,1774643444,2026-03-27T20:30:44+00:00,0.855,clob_prices_history
17398942423057686582491252867921221591924525918102079345877032638913486446065,0x139ba0e7f931f09466c0fb27fc8ddb5e77ce9d1e2bdc953a5f22765bf779452f,1774644338,2026-03-27T20:45:38+00:00,0.855,clob_prices_history
17398942423057686582491252867921221591924525918102079345877032638913486446065,0x139ba0e7f931f09466c0fb27fc8ddb5e77ce9d1e2bdc953a5f22765bf779452f,1774645254,2026-03-27T21:00:54+00:00,0.855,clob_prices_history
17398942423057686582491252867921221591924525918102079345877032638913486446065,0x139ba0e7f931f09466c0fb27fc8ddb5e77ce9d1e2bdc953a5f22765bf779452f,1774646135,2026-03-27T21:15:35+00:00,0.855,clob_prices_history
17398942423057686582491252867921221591924525918102079345877032638913486446065,0x139ba0e7f931f09466c0fb27fc8ddb5e77ce9d1e2bdc953a5f22765bf779452f,1774647042,2026-03-27T21:30:42+00:00,0.855,clob_prices_history
17398942423057686582491252867921221591924525918102079345877032638913486446065,0x139ba0e7f931f09466c0fb27fc8ddb5e77ce9d1e2bdc953a5f22765bf779452f,1774647939,2026-03-27T21:45:39+00:00,0.855,clob_prices_history
17398942423057686582491252867921221591924525918102079345877032638913486446065,0x139ba0e7f931f09466c0fb27fc8ddb5e77ce9d1e2bdc953a5f22765bf779452f,1774648843,2026-03-27T22:00:43+00:00,0.855,clob_prices_history
17398942423057686582491252867921221591924525918102079345877032638913486446065,0x139ba0e7f931f09466c0fb27fc8ddb5e77ce9d1e2bdc953a5f22765bf779452f,1774649734,2026-03-27T22:15:34+00:00,0.855,clob_prices_history
17398942423057686582491252867921221591924525918102079345877032638913486446065,0x139ba0e7f931f09466c0fb27fc8ddb5e77ce9d1e2bdc953a5f22765bf779452f,1774650645,2026-03-27T22:30:45+00:00,0.855,clob_prices_history
17398942423057686582491252867921221591924525918102079345877032638913486446065,0x139ba0e7f931f09466c0fb27fc8ddb5e77ce9d1e2bdc953a5f22765bf779452f,1774651535,2026-03-27T22:45:35+00:00,0.855,clob_prices_history
17398942423057686582491252867921221591924525918102079345877032638913486446065,0x139ba0e7f931f09466c0fb27fc8ddb5e77ce9d1e2bdc953a5f22765bf779452f,1774652456,2026-03-27T23:00:56+00:00,0.855,clob_prices_history
17398942423057686582491252867921221591924525918102079345877032638913486446065,0x139ba0e7f931f09466c0fb27fc8ddb5e77ce9d1e2bdc953a5f22765bf779452f,1774653353,2026-03-27T23:15:53+00:00,0.855,clob_prices_history
17398942423057686582491252867921221591924525918102079345877032638913486446065,0x139ba0e7f931f09466c0fb27fc8ddb5e77ce9d1e2bdc953a5f22765bf779452f,1774654239,2026-03-27T23:30:39+00:00,0.855,clob_prices_history
17398942423057686582491252867921221591924525918102079345877032638913486446065,0x139ba0e7f931f09466c0fb27fc8ddb5e77ce9d1e2bdc953a5f22765bf779452f,1774655138,2026-03-27T23:45:38+00:00,0.855,clob_prices_history
17398942423057686582491252867921221591924525918102079345877032638913486446065,0x139ba0e7f931f09466c0fb27fc8ddb5e77ce9d1e2bdc953a5f22765bf779452f,1774656057,2026-03-28T00:00:57+00:00,0.855,clob_prices_history
17398942423057686582491252867921221591924525918102079345877032638913486446065,0x139ba0e7f931f09466c0fb27fc8ddb5e77ce9d1e2bdc953a5f22765bf779452f,1774656938,2026-03-28T00:15:38+00:00,0.855,clob_prices_history
17398942423057686582491252867921221591924525918102079345877032638913486446065,0x139ba0e7f931f09466c0fb27fc8ddb5e77ce9d1e2bdc953a5f22765bf779452f,1774657839,2026-03-28T00:30:39+00:00,0.855,clob_prices_history
17398942423057686582491252867921221591924525918102079345877032638913486446065,0x139ba0e7f931f09466c0fb27fc8ddb5e77ce9d1e2bdc953a5f22765bf779452f,1774658739,2026-03-28T00:45:39+00:00,0.855,clob_prices_history
17398942423057686582491252867921221591924525918102079345877032638913486446065,0x139ba0e7f931f09466c0fb27fc8ddb5e77ce9d1e2bdc953a5f22765bf779452f,1774659644,2026-03-28T01:00:44+00:00,0.855,clob_prices_history
17398942423057686582491252867921221591924525918102079345877032638913486446065,0x139ba0e7f931f09466c0fb27fc8ddb5e77ce9d1e2bdc953a5f22765bf779452f,1774660540,2026-03-28T01:15:40+00:00,0.855,clob_prices_history
17398942423057686582491252867921221591924525918102079345877032638913486446065,0x139ba0e7f931f09466c0fb27fc8ddb5e77ce9d1e2bdc953a5f22765bf779452f,1774661444,2026-03-28T01:30:44+00:00,0.855,clob_prices_history
17398942423057686582491252867921221591924525918102079345877032638913486446065,0x139ba0e7f931f09466c0fb27fc8ddb5e77ce9d1e2bdc953a5f22765bf779452f,1774662335,2026-03-28T01:45:35+00:00,0.855,clob_prices_history
17398942423057686582491252867921221591924525918102079345877032638913486446065,0x139ba0e7f931f09466c0fb27fc8ddb5e77ce9d1e2bdc953a5f22765bf779452f,1774663243,2026-03-28T02:00:43+00:00,0.855,clob_prices_history
17398942423057686582491252867921221591924525918102079345877032638913486446065,0x139ba0e7f931f09466c0fb27fc8ddb5e77ce9d1e2bdc953a5f22765bf779452f,1774664135,2026-03-28T02:15:35+00:00,0.855,clob_prices_history
17398942423057686582491252867921221591924525918102079345877032638913486446065,0x139ba0e7f931f09466c0fb27fc8ddb5e77ce9d1e2bdc953a5f22765bf779452f,1774665043,2026-03-28T02:30:43+00:00,0.855,clob_prices_history
17398942423057686582491252867921221591924525918102079345877032638913486446065,0x139ba0e7f931f09466c0fb27fc8ddb5e77ce9d1e2bdc953a5f22765bf779452f,1774665933,2026-03-28T02:45:33+00:00,0.855,clob_prices_history
17398942423057686582491252867921221591924525918102079345877032638913486446065,0x139ba0e7f931f09466c0fb27fc8ddb5e77ce9d1e2bdc953a5f22765bf779452f,1774666850,2026-03-28T03:00:50+00:00,0.855,clob_prices_history
17398942423057686582491252867921221591924525918102079345877032638913486446065,0x139ba0e7f931f09466c0fb27fc8ddb5e77ce9d1e2bdc953a5f22765bf779452f,1774667736,2026-03-28T03:15:36+00:00,0.855,clob_prices_history
17398942423057686582491252867921221591924525918102079345877032638913486446065,0x139ba0e7f931f09466c0fb27fc8ddb5e77ce9d1e2bdc953a5f22765bf779452f,1774668641,2026-03-28T03:30:41+00:00,0.855,clob_prices_history
17398942423057686582491252867921221591924525918102079345877032638913486446065,0x139ba0e7f931f09466c0fb27fc8ddb5e77ce9d1e2bdc953a5f22765bf779452f,1774669534,2026-03-28T03:45:34+00:00,0.855,clob_prices_history
17398942423057686582491252867921221591924525918102079345877032638913486446065,0x139ba0e7f931f09466c0fb27fc8ddb5e77ce9d1e2bdc953a5f22765bf779452f,1774670443,2026-03-28T04:00:43+00:00,0.855,clob_prices_history
17398942423057686582491252867921221591924525918102079345877032638913486446065,0x139ba0e7f931f09466c0fb27fc8ddb5e77ce9d1e2bdc953a5f22765bf779452f,1774671347,2026-03-28T04:15:47+00:00,0.855,clob_prices_history
17398942423057686582491252867921221591924525918102079345877032638913486446065,0x139ba0e7f931f09466c0fb27fc8ddb5e77ce9d1e2bdc953a5f22765bf779452f,1774672243,2026-03-28T04:30:43+00:00,0.855,clob_prices_history
17398942423057686582491252867921221591924525918102079345877032638913486446065,0x139ba0e7f931f09466c0fb27fc8ddb5e77ce9d1e2bdc953a5f22765bf779452f,1774673135,2026-03-28T04:45:35+00:00,0.855,clob_prices_history
17398942423057686582491252867921221591924525918102079345877032638913486446065,0x139ba0e7f931f09466c0fb27fc8ddb5e77ce9d1e2bdc953a5f22765bf779452f,1774674040,2026-03-28T05:00:40+00:00,0.855,clob_prices_history
17398942423057686582491252867921221591924525918102079345877032638913486446065,0x139ba0e7f931f09466c0fb27fc8ddb5e77ce9d1e2bdc953a5f22765bf779452f,1774674939,2026-03-28T05:15:39+00:00,0.855,clob_prices_history
17398942423057686582491252867921221591924525918102079345877032638913486446065,0x139ba0e7f931f09466c0fb27fc8ddb5e77ce9d1e2bdc953a5f22765bf779452f,1774675851,2026-03-28T05:30:51+00:00,0.855,clob_prices_history
17398942423057686582491252867921221591924525918102079345877032638913486446065,0x139ba0e7f931f09466c0fb27fc8ddb5e77ce9d1e2bdc953a5f22765bf779452f,1774676736,2026-03-28T05:45:36+00:00,0.855,clob_prices_history
17398942423057686582491252867921221591924525918102079345877032638913486446065,0x139ba0e7f931f09466c0fb27fc8ddb5e77ce9d1e2bdc953a5f22765bf779452f,1774677656,2026-03-28T06:00:56+00:00,0.855,clob_prices_history
17398942423057686582491252867921221591924525918102079345877032638913486446065,0x139ba0e7f931f09466c0fb27fc8ddb5e77ce9d1e2bdc953a5f22765bf779452f,1774678536,2026-03-28T06:15:36+00:00,0.855,clob_prices_history
17398942423057686582491252867921221591924525918102079345877032638913486446065,0x139ba0e7f931f09466c0fb27fc8ddb5e77ce9d1e2bdc953a5f22765bf779452f,1774679445,2026-03-28T06:30:45+00:00,0.855,clob_prices_history
17398942423057686582491252867921221591924525918102079345877032638913486446065,0x139ba0e7f931f09466c0fb27fc8ddb5e77ce9d1e2bdc953a5f22765bf779452f,1774680337,2026-03-28T06:45:37+00:00,0.855,clob_prices_history
17398942423057686582491252867921221591924525918102079345877032638913486446065,0x139ba0e7f931f09466c0fb27fc8ddb5e77ce9d1e2bdc953a5f22765bf779452f,1774681242,2026-03-28T07:00:42+00:00,0.855,clob_prices_history
17398942423057686582491252867921221591924525918102079345877032638913486446065,0x139ba0e7f931f09466c0fb27fc8ddb5e77ce9d1e2bdc953a5f22765bf779452f,1774682136,2026-03-28T07:15:36+00:00,0.855,clob_prices_history
17398942423057686582491252867921221591924525918102079345877032638913486446065,0x139ba0e7f931f09466c0fb27fc8ddb5e77ce9d1e2bdc953a5f22765bf779452f,1774683043,2026-03-28T07:30:43+00:00,0.855,clob_prices_history
17398942423057686582491252867921221591924525918102079345877032638913486446065,0x139ba0e7f931f09466c0fb27fc8ddb5e77ce9d1e2bdc953a5f22765bf779452f,1774683952,2026-03-28T07:45:52+00:00,0.855,clob_prices_history
17398942423057686582491252867921221591924525918102079345877032638913486446065,0x139ba0e7f931f09466c0fb27fc8ddb5e77ce9d1e2bdc953a5f22765bf779452f,1774684846,2026-03-28T08:00:46+00:00,0.855,clob_prices_history
17398942423057686582491252867921221591924525918102079345877032638913486446065,0x139ba0e7f931f09466c0fb27fc8ddb5e77ce9d1e2bdc953a5f22765bf779452f,1774685740,2026-03-28T08:15:40+00:00,0.855,clob_prices_history
17398942423057686582491252867921221591924525918102079345877032638913486446065,0x139ba0e7f931f09466c0fb27fc8ddb5e77ce9d1e2bdc953a5f22765bf779452f,1774686658,2026-03-28T08:30:58+00:00,0.855,clob_prices_history
17398942423057686582491252867921221591924525918102079345877032638913486446065,0x139ba0e7f931f09466c0fb27fc8ddb5e77ce9d1e2bdc953a5f22765bf779452f,1774687534,2026-03-28T08:45:34+00:00,0.855,clob_prices_history
17398942423057686582491252867921221591924525918102079345877032638913486446065,0x139ba0e7f931f09466c0fb27fc8ddb5e77ce9d1e2bdc953a5f22765bf779452f,1774688455,2026-03-28T09:00:55+00:00,0.855,clob_prices_history
17398942423057686582491252867921221591924525918102079345877032638913486446065,0x139ba0e7f931f09466c0fb27fc8ddb5e77ce9d1e2bdc953a5f22765bf779452f,1774689337,2026-03-28T09:15:37+00:00,0.855,clob_prices_history
17398942423057686582491252867921221591924525918102079345877032638913486446065,0x139ba0e7f931f09466c0fb27fc8ddb5e77ce9d1e2bdc953a5f22765bf779452f,1774690244,2026-03-28T09:30:44+00:00,0.855,clob_prices_history
17398942423057686582491252867921221591924525918102079345877032638913486446065,0x139ba0e7f931f09466c0fb27fc8ddb5e77ce9d1e2bdc953a5f22765bf779452f,1774691138,2026-03-28T09:45:38+00:00,0.855,clob_prices_history
17398942423057686582491252867921221591924525918102079345877032638913486446065,0x139ba0e7f931f09466c0fb27fc8ddb5e77ce9d1e2bdc953a5f22765bf779452f,1774692053,2026-03-28T10:00:53+00:00,0.855,clob_prices_history
17398942423057686582491252867921221591924525918102079345877032638913486446065,0x139ba0e7f931f09466c0fb27fc8ddb5e77ce9d1e2bdc953a5f22765bf779452f,1774692939,2026-03-28T10:15:39+00:00,0.855,clob_prices_history
17398942423057686582491252867921221591924525918102079345877032638913486446065,0x139ba0e7f931f09466c0fb27fc8ddb5e77ce9d1e2bdc953a5f22765bf779452f,1774693842,2026-03-28T10:30:42+00:00,0.855,clob_prices_history
17398942423057686582491252867921221591924525918102079345877032638913486446065,0x139ba0e7f931f09466c0fb27fc8ddb5e77ce9d1e2bdc953a5f22765bf779452f,1774694738,2026-03-28T10:45:38+00:00,0.855,clob_prices_history
17398942423057686582491252867921221591924525918102079345877032638913486446065,0x139ba0e7f931f09466c0fb27fc8ddb5e77ce9d1e2bdc953a5f22765bf779452f,1774695654,2026-03-28T11:00:54+00:00,0.855,clob_prices_history
17398942423057686582491252867921221591924525918102079345877032638913486446065,0x139ba0e7f931f09466c0fb27fc8ddb5e77ce9d1e2bdc953a5f22765bf779452f,1774696537,2026-03-28T11:15:37+00:00,0.855,clob_prices_history
17398942423057686582491252867921221591924525918102079345877032638913486446065,0x139ba0e7f931f09466c0fb27fc8ddb5e77ce9d1e2bdc953a5f22765bf779452f,1774697449,2026-03-28T11:30:49+00:00,0.855,clob_prices_history
17398942423057686582491252867921221591924525918102079345877032638913486446065,0x139ba0e7f931f09466c0fb27fc8ddb5e77ce9d1e2bdc953a5f22765bf779452f,1774698336,2026-03-28T11:45:36+00:00,0.855,clob_prices_history
17398942423057686582491252867921221591924525918102079345877032638913486446065,0x139ba0e7f931f09466c0fb27fc8ddb5e77ce9d1e2bdc953a5f22765bf779452f,1774699257,2026-03-28T12:00:57+00:00,0.855,clob_prices_history
17398942423057686582491252867921221591924525918102079345877032638913486446065,0x139ba0e7f931f09466c0fb27fc8ddb5e77ce9d1e2bdc953a5f22765bf779452f,1774700137,2026-03-28T12:15:37+00:00,0.855,clob_prices_history
17398942423057686582491252867921221591924525918102079345877032638913486446065,0x139ba0e7f931f09466c0fb27fc8ddb5e77ce9d1e2bdc953a5f22765bf779452f,1774701045,2026-03-28T12:30:45+00:00,0.855,clob_prices_history
17398942423057686582491252867921221591924525918102079345877032638913486446065,0x139ba0e7f931f09466c0fb27fc8ddb5e77ce9d1e2bdc953a5f22765bf779452f,1774701939,2026-03-28T12:45:39+00:00,0.855,clob_prices_history
17398942423057686582491252867921221591924525918102079345877032638913486446065,0x139ba0e7f931f09466c0fb27fc8ddb5e77ce9d1e2bdc953a5f22765bf779452f,1774703740,2026-03-28T13:15:40+00:00,0.855,clob_prices_history
17398942423057686582491252867921221591924525918102079345877032638913486446065,0x139ba0e7f931f09466c0fb27fc8ddb5e77ce9d1e2bdc953a5f22765bf779452f,1774704648,2026-03-28T13:30:48+00:00,0.855,clob_prices_history
17398942423057686582491252867921221591924525918102079345877032638913486446065,0x139ba0e7f931f09466c0fb27fc8ddb5e77ce9d1e2bdc953a5f22765bf779452f,1774705544,2026-03-28T13:45:44+00:00,0.855,clob_prices_history
17398942423057686582491252867921221591924525918102079345877032638913486446065,0x139ba0e7f931f09466c0fb27fc8ddb5e77ce9d1e2bdc953a5f22765bf779452f,1774706458,2026-03-28T14:00:58+00:00,0.855,clob_prices_history
17398942423057686582491252867921221591924525918102079345877032638913486446065,0x139ba0e7f931f09466c0fb27fc8ddb5e77ce9d1e2bdc953a5f22765bf779452f,1774707337,2026-03-28T14:15:37+00:00,0.855,clob_prices_history
17398942423057686582491252867921221591924525918102079345877032638913486446065,0x139ba0e7f931f09466c0fb27fc8ddb5e77ce9d1e2bdc953a5f22765bf779452f,1774708247,2026-03-28T14:30:47+00:00,0.855,clob_prices_history
17398942423057686582491252867921221591924525918102079345877032638913486446065,0x139ba0e7f931f09466c0fb27fc8ddb5e77ce9d1e2bdc953a5f22765bf779452f,1774709138,2026-03-28T14:45:38+00:00,0.855,clob_prices_history
17398942423057686582491252867921221591924525918102079345877032638913486446065,0x139ba0e7f931f09466c0fb27fc8ddb5e77ce9d1e2bdc953a5f22765bf779452f,1774710949,2026-03-28T15:15:49+00:00,0.855,clob_prices_history
17398942423057686582491252867921221591924525918102079345877032638913486446065,0x139ba0e7f931f09466c0fb27fc8ddb5e77ce9d1e2bdc953a5f22765bf779452f,1774711846,2026-03-28T15:30:46+00:00,0.855,clob_prices_history
17398942423057686582491252867921221591924525918102079345877032638913486446065,0x139ba0e7f931f09466c0fb27fc8ddb5e77ce9d1e2bdc953a5f22765bf779452f,1774712739,2026-03-28T15:45:39+00:00,0.855,clob_prices_history
17398942423057686582491252867921221591924525918102079345877032638913486446065,0x139ba0e7f931f09466c0fb27fc8ddb5e77ce9d1e2bdc953a5f22765bf779452f,1774713648,2026-03-28T16:00:48+00:00,0.855,clob_prices_history
17398942423057686582491252867921221591924525918102079345877032638913486446065,0x139ba0e7f931f09466c0fb27fc8ddb5e77ce9d1e2bdc953a5f22765bf779452f,1774714538,2026-03-28T16:15:38+00:00,0.855,clob_prices_history
17398942423057686582491252867921221591924525918102079345877032638913486446065,0x139ba0e7f931f09466c0fb27fc8ddb5e77ce9d1e2bdc953a5f22765bf779452f,1774715448,2026-03-28T16:30:48+00:00,0.855,clob_prices_history
17398942423057686582491252867921221591924525918102079345877032638913486446065,0x139ba0e7f931f09466c0fb27fc8ddb5e77ce9d1e2bdc953a5f22765bf779452f,1774716343,2026-03-28T16:45:43+00:00,0.855,clob_prices_history
17398942423057686582491252867921221591924525918102079345877032638913486446065,0x139ba0e7f931f09466c0fb27fc8ddb5e77ce9d1e2bdc953a5f22765bf779452f,1774718140,2026-03-28T17:15:40+00:00,0.855,clob_prices_history
17398942423057686582491252867921221591924525918102079345877032638913486446065,0x139ba0e7f931f09466c0fb27fc8ddb5e77ce9d1e2bdc953a5f22765bf779452f,1774719052,2026-03-28T17:30:52+00:00,0.855,clob_prices_history
17398942423057686582491252867921221591924525918102079345877032638913486446065,0x139ba0e7f931f09466c0fb27fc8ddb5e77ce9d1e2bdc953a5f22765bf779452f,1774719940,2026-03-28T17:45:40+00:00,0.855,clob_prices_history
17398942423057686582491252867921221591924525918102079345877032638913486446065,0x139ba0e7f931f09466c0fb27fc8ddb5e77ce9d1e2bdc953a5f22765bf779452f,1774721742,2026-03-28T18:15:42+00:00,0.855,clob_prices_history
17398942423057686582491252867921221591924525918102079345877032638913486446065,0x139ba0e7f931f09466c0fb27fc8ddb5e77ce9d1e2bdc953a5f22765bf779452f,1774722650,2026-03-28T18:30:50+00:00,0.855,clob_prices_history
17398942423057686582491252867921221591924525918102079345877032638913486446065,0x139ba0e7f931f09466c0fb27fc8ddb5e77ce9d1e2bdc953a5f22765bf779452f,1774723538,2026-03-28T18:45:38+00:00,0.855,clob_prices_history
17398942423057686582491252867921221591924525918102079345877032638913486446065,0x139ba0e7f931f09466c0fb27fc8ddb5e77ce9d1e2bdc953a5f22765bf779452f,1774724448,2026-03-28T19:00:48+00:00,0.855,clob_prices_history
17398942423057686582491252867921221591924525918102079345877032638913486446065,0x139ba0e7f931f09466c0fb27fc8ddb5e77ce9d1e2bdc953a5f22765bf779452f,1774725339,2026-03-28T19:15:39+00:00,0.855,clob_prices_history
17398942423057686582491252867921221591924525918102079345877032638913486446065,0x139ba0e7f931f09466c0fb27fc8ddb5e77ce9d1e2bdc953a5f22765bf779452f,1774726259,2026-03-28T19:30:59+00:00,0.855,clob_prices_history
17398942423057686582491252867921221591924525918102079345877032638913486446065,0x139ba0e7f931f09466c0fb27fc8ddb5e77ce9d1e2bdc953a5f22765bf779452f,1774727158,2026-03-28T19:45:58+00:00,0.855,clob_prices_history
17398942423057686582491252867921221591924525918102079345877032638913486446065,0x139ba0e7f931f09466c0fb27fc8ddb5e77ce9d1e2bdc953a5f22765bf779452f,1774728047,2026-03-28T20:00:47+00:00,0.855,clob_prices_history
17398942423057686582491252867921221591924525918102079345877032638913486446065,0x139ba0e7f931f09466c0fb27fc8ddb5e77ce9d1e2bdc953a5f22765bf779452f,1774728945,2026-03-28T20:15:45+00:00,0.855,clob_prices_history
17398942423057686582491252867921221591924525918102079345877032638913486446065,0x139ba0e7f931f09466c0fb27fc8ddb5e77ce9d1e2bdc953a5f22765bf779452f,1774729845,2026-03-28T20:30:45+00:00,0.855,clob_prices_history
17398942423057686582491252867921221591924525918102079345877032638913486446065,0x139ba0e7f931f09466c0fb27fc8ddb5e77ce9d1e2bdc953a5f22765bf779452f,1774730744,2026-03-28T20:45:44+00:00,0.855,clob_prices_history
17398942423057686582491252867921221591924525918102079345877032638913486446065,0x139ba0e7f931f09466c0fb27fc8ddb5e77ce9d1e2bdc953a5f22765bf779452f,1774731656,2026-03-28T21:00:56+00:00,0.855,clob_prices_history
17398942423057686582491252867921221591924525918102079345877032638913486446065,0x139ba0e7f931f09466c0fb27fc8ddb5e77ce9d1e2bdc953a5f22765bf779452f,1774732540,2026-03-28T21:15:40+00:00,0.855,clob_prices_history
17398942423057686582491252867921221591924525918102079345877032638913486446065,0x139ba0e7f931f09466c0fb27fc8ddb5e77ce9d1e2bdc953a5f22765bf779452f,1774733444,2026-03-28T21:30:44+00:00,0.855,clob_prices_history
17398942423057686582491252867921221591924525918102079345877032638913486446065,0x139ba0e7f931f09466c0fb27fc8ddb5e77ce9d1e2bdc953a5f22765bf779452f,1774734353,2026-03-28T21:45:53+00:00,0.855,clob_prices_history
17398942423057686582491252867921221591924525918102079345877032638913486446065,0x139ba0e7f931f09466c0fb27fc8ddb5e77ce9d1e2bdc953a5f22765bf779452f,1774735253,2026-03-28T22:00:53+00:00,0.855,clob_prices_history
17398942423057686582491252867921221591924525918102079345877032638913486446065,0x139ba0e7f931f09466c0fb27fc8ddb5e77ce9d1e2bdc953a5f22765bf779452f,1774736141,2026-03-28T22:15:41+00:00,0.855,clob_prices_history
17398942423057686582491252867921221591924525918102079345877032638913486446065,0x139ba0e7f931f09466c0fb27fc8ddb5e77ce9d1e2bdc953a5f22765bf779452f,1774737046,2026-03-28T22:30:46+00:00,0.855,clob_prices_history
17398942423057686582491252867921221591924525918102079345877032638913486446065,0x139ba0e7f931f09466c0fb27fc8ddb5e77ce9d1e2bdc953a5f22765bf779452f,1774737939,2026-03-28T22:45:39+00:00,0.855,clob_prices_history
17398942423057686582491252867921221591924525918102079345877032638913486446065,0x139ba0e7f931f09466c0fb27fc8ddb5e77ce9d1e2bdc953a5f22765bf779452f,1774738852,2026-03-28T23:00:52+00:00,0.855,clob_prices_history
17398942423057686582491252867921221591924525918102079345877032638913486446065,0x139ba0e7f931f09466c0fb27fc8ddb5e77ce9d1e2bdc953a5f22765bf779452f,1774739741,2026-03-28T23:15:41+00:00,0.855,clob_prices_history
17398942423057686582491252867921221591924525918102079345877032638913486446065,0x139ba0e7f931f09466c0fb27fc8ddb5e77ce9d1e2bdc953a5f22765bf779452f,1774740656,2026-03-28T23:30:56+00:00,0.855,clob_prices_history
17398942423057686582491252867921221591924525918102079345877032638913486446065,0x139ba0e7f931f09466c0fb27fc8ddb5e77ce9d1e2bdc953a5f22765bf779452f,1774741540,2026-03-28T23:45:40+00:00,0.855,clob_prices_history
17398942423057686582491252867921221591924525918102079345877032638913486446065,0x139ba0e7f931f09466c0fb27fc8ddb5e77ce9d1e2bdc953a5f22765bf779452f,1774744256,2026-03-29T00:30:56+00:00,0.855,clob_prices_history
17398942423057686582491252867921221591924525918102079345877032638913486446065,0x139ba0e7f931f09466c0fb27fc8ddb5e77ce9d1e2bdc953a5f22765bf779452f,1774745140,2026-03-29T00:45:40+00:00,0.855,clob_prices_history
17398942423057686582491252867921221591924525918102079345877032638913486446065,0x139ba0e7f931f09466c0fb27fc8ddb5e77ce9d1e2bdc953a5f22765bf779452f,1774746056,2026-03-29T01:00:56+00:00,0.855,clob_prices_history
17398942423057686582491252867921221591924525918102079345877032638913486446065,0x139ba0e7f931f09466c0fb27fc8ddb5e77ce9d1e2bdc953a5f22765bf779452f,1774746944,2026-03-29T01:15:44+00:00,0.855,clob_prices_history
17398942423057686582491252867921221591924525918102079345877032638913486446065,0x139ba0e7f931f09466c0fb27fc8ddb5e77ce9d1e2bdc953a5f22765bf779452f,1774747843,2026-03-29T01:30:43+00:00,0.855,clob_prices_history
17398942423057686582491252867921221591924525918102079345877032638913486446065,0x139ba0e7f931f09466c0fb27fc8ddb5e77ce9d1e2bdc953a5f22765bf779452f,1774748743,2026-03-29T01:45:43+00:00,0.855,clob_prices_history
17398942423057686582491252867921221591924525918102079345877032638913486446065,0x139ba0e7f931f09466c0fb27fc8ddb5e77ce9d1e2bdc953a5f22765bf779452f,1774749658,2026-03-29T02:00:58+00:00,0.855,clob_prices_history
17398942423057686582491252867921221591924525918102079345877032638913486446065,0x139ba0e7f931f09466c0fb27fc8ddb5e77ce9d1e2bdc953a5f22765bf779452f,1774750540,2026-03-29T02:15:40+00:00,0.855,clob_prices_history
17398942423057686582491252867921221591924525918102079345877032638913486446065,0x139ba0e7f931f09466c0fb27fc8ddb5e77ce9d1e2bdc953a5f22765bf779452f,1774752340,2026-03-29T02:45:40+00:00,0.855,clob_prices_history
17398942423057686582491252867921221591924525918102079345877032638913486446065,0x139ba0e7f931f09466c0fb27fc8ddb5e77ce9d1e2bdc953a5f22765bf779452f,1774753259,2026-03-29T03:00:59+00:00,0.855,clob_prices_history
17398942423057686582491252867921221591924525918102079345877032638913486446065,0x139ba0e7f931f09466c0fb27fc8ddb5e77ce9d1e2bdc953a5f22765bf779452f,1774754154,2026-03-29T03:15:54+00:00,0.855,clob_prices_history
17398942423057686582491252867921221591924525918102079345877032638913486446065,0x139ba0e7f931f09466c0fb27fc8ddb5e77ce9d1e2bdc953a5f22765bf779452f,1774755939,2026-03-29T03:45:39+00:00,0.855,clob_prices_history
17398942423057686582491252867921221591924525918102079345877032638913486446065,0x139ba0e7f931f09466c0fb27fc8ddb5e77ce9d1e2bdc953a5f22765bf779452f,1774756850,2026-03-29T04:00:50+00:00,0.855,clob_prices_history
17398942423057686582491252867921221591924525918102079345877032638913486446065,0x139ba0e7f931f09466c0fb27fc8ddb5e77ce9d1e2bdc953a5f22765bf779452f,1774757745,2026-03-29T04:15:45+00:00,0.855,clob_prices_history
17398942423057686582491252867921221591924525918102079345877032638913486446065,0x139ba0e7f931f09466c0fb27fc8ddb5e77ce9d1e2bdc953a5f22765bf779452f,1774758649,2026-03-29T04:30:49+00:00,0.855,clob_prices_history
17398942423057686582491252867921221591924525918102079345877032638913486446065,0x139ba0e7f931f09466c0fb27fc8ddb5e77ce9d1e2bdc953a5f22765bf779452f,1774759542,2026-03-29T04:45:42+00:00,0.855,clob_prices_history
17398942423057686582491252867921221591924525918102079345877032638913486446065,0x139ba0e7f931f09466c0fb27fc8ddb5e77ce9d1e2bdc953a5f22765bf779452f,1774760458,2026-03-29T05:00:58+00:00,0.855,clob_prices_history
17398942423057686582491252867921221591924525918102079345877032638913486446065,0x139ba0e7f931f09466c0fb27fc8ddb5e77ce9d1e2bdc953a5f22765bf779452f,1774761340,2026-03-29T05:15:40+00:00,0.855,clob_prices_history
17398942423057686582491252867921221591924525918102079345877032638913486446065,0x139ba0e7f931f09466c0fb27fc8ddb5e77ce9d1e2bdc953a5f22765bf779452f,1774763139,2026-03-29T05:45:39+00:00,0.855,clob_prices_history
17398942423057686582491252867921221591924525918102079345877032638913486446065,0x139ba0e7f931f09466c0fb27fc8ddb5e77ce9d1e2bdc953a5f22765bf779452f,1774764945,2026-03-29T06:15:45+00:00,0.855,clob_prices_history
17398942423057686582491252867921221591924525918102079345877032638913486446065,0x139ba0e7f931f09466c0fb27fc8ddb5e77ce9d1e2bdc953a5f22765bf779452f,1774766742,2026-03-29T06:45:42+00:00,0.855,clob_prices_history
17398942423057686582491252867921221591924525918102079345877032638913486446065,0x139ba0e7f931f09466c0fb27fc8ddb5e77ce9d1e2bdc953a5f22765bf779452f,1774767656,2026-03-29T07:00:56+00:00,0.855,clob_prices_history
17398942423057686582491252867921221591924525918102079345877032638913486446065,0x139ba0e7f931f09466c0fb27fc8ddb5e77ce9d1e2bdc953a5f22765bf779452f,1774768540,2026-03-29T07:15:40+00:00,0.855,clob_prices_history
17398942423057686582491252867921221591924525918102079345877032638913486446065,0x139ba0e7f931f09466c0fb27fc8ddb5e77ce9d1e2bdc953a5f22765bf779452f,1774769458,2026-03-29T07:30:58+00:00,0.855,clob_prices_history
17398942423057686582491252867921221591924525918102079345877032638913486446065,0x139ba0e7f931f09466c0fb27fc8ddb5e77ce9d1e2bdc953a5f22765bf779452f,1774770344,2026-03-29T07:45:44+00:00,0.855,clob_prices_history
17398942423057686582491252867921221591924525918102079345877032638913486446065,0x139ba0e7f931f09466c0fb27fc8ddb5e77ce9d1e2bdc953a5f22765bf779452f,1774771253,2026-03-29T08:00:53+00:00,0.855,clob_prices_history
17398942423057686582491252867921221591924525918102079345877032638913486446065,0x139ba0e7f931f09466c0fb27fc8ddb5e77ce9d1e2bdc953a5f22765bf779452f,1774772105,2026-03-29T08:15:05+00:00,0.855,clob_prices_history
17398942423057686582491252867921221591924525918102079345877032638913486446065,0x139ba0e7f931f09466c0fb27fc8ddb5e77ce9d1e2bdc953a5f22765bf779452f,1774772159,2026-03-29T08:15:59+00:00,0.855,clob_prices_history
17398942423057686582491252867921221591924525918102079345877032638913486446065,0x139ba0e7f931f09466c0fb27fc8ddb5e77ce9d1e2bdc953a5f22765bf779452f,1774773053,2026-03-29T08:30:53+00:00,0.855,clob_prices_history
17398942423057686582491252867921221591924525918102079345877032638913486446065,0x139ba0e7f931f09466c0fb27fc8ddb5e77ce9d1e2bdc953a5f22765bf779452f,1774773944,2026-03-29T08:45:44+00:00,0.855,clob_prices_history
17398942423057686582491252867921221591924525918102079345877032638913486446065,0x139ba0e7f931f09466c0fb27fc8ddb5e77ce9d1e2bdc953a5f22765bf779452f,1774775741,2026-03-29T09:15:41+00:00,0.855,clob_prices_history
17398942423057686582491252867921221591924525918102079345877032638913486446065,0x139ba0e7f931f09466c0fb27fc8ddb5e77ce9d1e2bdc953a5f22765bf779452f,1774776645,2026-03-29T09:30:45+00:00,0.855,clob_prices_history
17398942423057686582491252867921221591924525918102079345877032638913486446065,0x139ba0e7f931f09466c0fb27fc8ddb5e77ce9d1e2bdc953a5f22765bf779452f,1774777546,2026-03-29T09:45:46+00:00,0.855,clob_prices_history
17398942423057686582491252867921221591924525918102079345877032638913486446065,0x139ba0e7f931f09466c0fb27fc8ddb5e77ce9d1e2bdc953a5f22765bf779452f,1774778459,2026-03-29T10:00:59+00:00,0.855,clob_prices_history
17398942423057686582491252867921221591924525918102079345877032638913486446065,0x139ba0e7f931f09466c0fb27fc8ddb5e77ce9d1e2bdc953a5f22765bf779452f,1774779340,2026-03-29T10:15:40+00:00,0.855,clob_prices_history
17398942423057686582491252867921221591924525918102079345877032638913486446065,0x139ba0e7f931f09466c0fb27fc8ddb5e77ce9d1e2bdc953a5f22765bf779452f,1774780251,2026-03-29T10:30:51+00:00,0.855,clob_prices_history
17398942423057686582491252867921221591924525918102079345877032638913486446065,0x139ba0e7f931f09466c0fb27fc8ddb5e77ce9d1e2bdc953a5f22765bf779452f,1774781143,2026-03-29T10:45:43+00:00,0.855,clob_prices_history
17398942423057686582491252867921221591924525918102079345877032638913486446065,0x139ba0e7f931f09466c0fb27fc8ddb5e77ce9d1e2bdc953a5f22765bf779452f,1774782058,2026-03-29T11:00:58+00:00,0.855,clob_prices_history
17398942423057686582491252867921221591924525918102079345877032638913486446065,0x139ba0e7f931f09466c0fb27fc8ddb5e77ce9d1e2bdc953a5f22765bf779452f,1774782945,2026-03-29T11:15:45+00:00,0.855,clob_prices_history
17398942423057686582491252867921221591924525918102079345877032638913486446065,0x139ba0e7f931f09466c0fb27fc8ddb5e77ce9d1e2bdc953a5f22765bf779452f,1774784740,2026-03-29T11:45:40+00:00,0.855,clob_prices_history
17398942423057686582491252867921221591924525918102079345877032638913486446065,0x139ba0e7f931f09466c0fb27fc8ddb5e77ce9d1e2bdc953a5f22765bf779452f,1774786554,2026-03-29T12:15:54+00:00,0.855,clob_prices_history
17398942423057686582491252867921221591924525918102079345877032638913486446065,0x139ba0e7f931f09466c0fb27fc8ddb5e77ce9d1e2bdc953a5f22765bf779452f,1774787458,2026-03-29T12:30:58+00:00,0.855,clob_prices_history
17398942423057686582491252867921221591924525918102079345877032638913486446065,0x139ba0e7f931f09466c0fb27fc8ddb5e77ce9d1e2bdc953a5f22765bf779452f,1774788343,2026-03-29T12:45:43+00:00,0.855,clob_prices_history
17398942423057686582491252867921221591924525918102079345877032638913486446065,0x139ba0e7f931f09466c0fb27fc8ddb5e77ce9d1e2bdc953a5f22765bf779452f,1774790141,2026-03-29T13:15:41+00:00,0.855,clob_prices_history
17398942423057686582491252867921221591924525918102079345877032638913486446065,0x139ba0e7f931f09466c0fb27fc8ddb5e77ce9d1e2bdc953a5f22765bf779452f,1774791944,2026-03-29T13:45:44+00:00,0.855,clob_prices_history
17398942423057686582491252867921221591924525918102079345877032638913486446065,0x139ba0e7f931f09466c0fb27fc8ddb5e77ce9d1e2bdc953a5f22765bf779452f,1774792856,2026-03-29T14:00:56+00:00,0.855,clob_prices_history
17398942423057686582491252867921221591924525918102079345877032638913486446065,0x139ba0e7f931f09466c0fb27fc8ddb5e77ce9d1e2bdc953a5f22765bf779452f,1774793741,2026-03-29T14:15:41+00:00,0.855,clob_prices_history
17398942423057686582491252867921221591924525918102079345877032638913486446065,0x139ba0e7f931f09466c0fb27fc8ddb5e77ce9d1e2bdc953a5f22765bf779452f,1774794651,2026-03-29T14:30:51+00:00,0.855,clob_prices_history
17398942423057686582491252867921221591924525918102079345877032638913486446065,0x139ba0e7f931f09466c0fb27fc8ddb5e77ce9d1e2bdc953a5f22765bf779452f,1774795552,2026-03-29T14:45:52+00:00,0.855,clob_prices_history
17398942423057686582491252867921221591924525918102079345877032638913486446065,0x139ba0e7f931f09466c0fb27fc8ddb5e77ce9d1e2bdc953a5f22765bf779452f,1774797345,2026-03-29T15:15:45+00:00,0.855,clob_prices_history
17398942423057686582491252867921221591924525918102079345877032638913486446065,0x139ba0e7f931f09466c0fb27fc8ddb5e77ce9d1e2bdc953a5f22765bf779452f,1774798252,2026-03-29T15:30:52+00:00,0.855,clob_prices_history
17398942423057686582491252867921221591924525918102079345877032638913486446065,0x139ba0e7f931f09466c0fb27fc8ddb5e77ce9d1e2bdc953a5f22765bf779452f,1774799144,2026-03-29T15:45:44+00:00,0.855,clob_prices_history
17398942423057686582491252867921221591924525918102079345877032638913486446065,0x139ba0e7f931f09466c0fb27fc8ddb5e77ce9d1e2bdc953a5f22765bf779452f,1774800052,2026-03-29T16:00:52+00:00,0.855,clob_prices_history
17398942423057686582491252867921221591924525918102079345877032638913486446065,0x139ba0e7f931f09466c0fb27fc8ddb5e77ce9d1e2bdc953a5f22765bf779452f,1774800948,2026-03-29T16:15:48+00:00,0.855,clob_prices_history
17398942423057686582491252867921221591924525918102079345877032638913486446065,0x139ba0e7f931f09466c0fb27fc8ddb5e77ce9d1e2bdc953a5f22765bf779452f,1774801858,2026-03-29T16:30:58+00:00,0.855,clob_prices_history
17398942423057686582491252867921221591924525918102079345877032638913486446065,0x139ba0e7f931f09466c0fb27fc8ddb5e77ce9d1e2bdc953a5f22765bf779452f,1774802743,2026-03-29T16:45:43+00:00,0.855,clob_prices_history
17398942423057686582491252867921221591924525918102079345877032638913486446065,0x139ba0e7f931f09466c0fb27fc8ddb5e77ce9d1e2bdc953a5f22765bf779452f,1774804546,2026-03-29T17:15:46+00:00,0.855,clob_prices_history
17398942423057686582491252867921221591924525918102079345877032638913486446065,0x139ba0e7f931f09466c0fb27fc8ddb5e77ce9d1e2bdc953a5f22765bf779452f,1774806343,2026-03-29T17:45:43+00:00,0.855,clob_prices_history
17398942423057686582491252867921221591924525918102079345877032638913486446065,0x139ba0e7f931f09466c0fb27fc8ddb5e77ce9d1e2bdc953a5f22765bf779452f,1774808144,2026-03-29T18:15:44+00:00,0.855,clob_prices_history
17398942423057686582491252867921221591924525918102079345877032638913486446065,0x139ba0e7f931f09466c0fb27fc8ddb5e77ce9d1e2bdc953a5f22765bf779452f,1774809946,2026-03-29T18:45:46+00:00,0.855,clob_prices_history
17398942423057686582491252867921221591924525918102079345877032638913486446065,0x139ba0e7f931f09466c0fb27fc8ddb5e77ce9d1e2bdc953a5f22765bf779452f,1774810852,2026-03-29T19:00:52+00:00,0.855,clob_prices_history
17398942423057686582491252867921221591924525918102079345877032638913486446065,0x139ba0e7f931f09466c0fb27fc8ddb5e77ce9d1e2bdc953a5f22765bf779452f,1774811743,2026-03-29T19:15:43+00:00,0.855,clob_prices_history
17398942423057686582491252867921221591924525918102079345877032638913486446065,0x139ba0e7f931f09466c0fb27fc8ddb5e77ce9d1e2bdc953a5f22765bf779452f,1774813550,2026-03-29T19:45:50+00:00,0.855,clob_prices_history
17398942423057686582491252867921221591924525918102079345877032638913486446065,0x139ba0e7f931f09466c0fb27fc8ddb5e77ce9d1e2bdc953a5f22765bf779452f,1774814455,2026-03-29T20:00:55+00:00,0.755,clob_prices_history
17398942423057686582491252867921221591924525918102079345877032638913486446065,0x139ba0e7f931f09466c0fb27fc8ddb5e77ce9d1e2bdc953a5f22765bf779452f,1774815349,2026-03-29T20:15:49+00:00,0.785,clob_prices_history
17398942423057686582491252867921221591924525918102079345877032638913486446065,0x139ba0e7f931f09466c0fb27fc8ddb5e77ce9d1e2bdc953a5f22765bf779452f,1774817152,2026-03-29T20:45:52+00:00,0.81,clob_prices_history
17398942423057686582491252867921221591924525918102079345877032638913486446065,0x139ba0e7f931f09466c0fb27fc8ddb5e77ce9d1e2bdc953a5f22765bf779452f,1774818952,2026-03-29T21:15:52+00:00,0.835,clob_prices_history
17398942423057686582491252867921221591924525918102079345877032638913486446065,0x139ba0e7f931f09466c0fb27fc8ddb5e77ce9d1e2bdc953a5f22765bf779452f,1774820752,2026-03-29T21:45:52+00:00,0.87,clob_prices_history
17398942423057686582491252867921221591924525918102079345877032638913486446065,0x139ba0e7f931f09466c0fb27fc8ddb5e77ce9d1e2bdc953a5f22765bf779452f,1774822553,2026-03-29T22:15:53+00:00,0.87,clob_prices_history
17398942423057686582491252867921221591924525918102079345877032638913486446065,0x139ba0e7f931f09466c0fb27fc8ddb5e77ce9d1e2bdc953a5f22765bf779452f,1774824352,2026-03-29T22:45:52+00:00,0.87,clob_prices_history
17398942423057686582491252867921221591924525918102079345877032638913486446065,0x139ba0e7f931f09466c0fb27fc8ddb5e77ce9d1e2bdc953a5f22765bf779452f,1774826147,2026-03-29T23:15:47+00:00,0.87,clob_prices_history
17398942423057686582491252867921221591924525918102079345877032638913486446065,0x139ba0e7f931f09466c0fb27fc8ddb5e77ce9d1e2bdc953a5f22765bf779452f,1774827952,2026-03-29T23:45:52+00:00,0.87,clob_prices_history
17398942423057686582491252867921221591924525918102079345877032638913486446065,0x139ba0e7f931f09466c0fb27fc8ddb5e77ce9d1e2bdc953a5f22765bf779452f,1774829745,2026-03-30T00:15:45+00:00,0.87,clob_prices_history
17398942423057686582491252867921221591924525918102079345877032638913486446065,0x139ba0e7f931f09466c0fb27fc8ddb5e77ce9d1e2bdc953a5f22765bf779452f,1774831557,2026-03-30T00:45:57+00:00,0.87,clob_prices_history
17398942423057686582491252867921221591924525918102079345877032638913486446065,0x139ba0e7f931f09466c0fb27fc8ddb5e77ce9d1e2bdc953a5f22765bf779452f,1774832457,2026-03-30T01:00:57+00:00,0.87,clob_prices_history
17398942423057686582491252867921221591924525918102079345877032638913486446065,0x139ba0e7f931f09466c0fb27fc8ddb5e77ce9d1e2bdc953a5f22765bf779452f,1774833346,2026-03-30T01:15:46+00:00,0.87,clob_prices_history
17398942423057686582491252867921221591924525918102079345877032638913486446065,0x139ba0e7f931f09466c0fb27fc8ddb5e77ce9d1e2bdc953a5f22765bf779452f,1774835145,2026-03-30T01:45:45+00:00,0.87,clob_prices_history
17398942423057686582491252867921221591924525918102079345877032638913486446065,0x139ba0e7f931f09466c0fb27fc8ddb5e77ce9d1e2bdc953a5f22765bf779452f,1774836058,2026-03-30T02:00:58+00:00,0.87,clob_prices_history
17398942423057686582491252867921221591924525918102079345877032638913486446065,0x139ba0e7f931f09466c0fb27fc8ddb5e77ce9d1e2bdc953a5f22765bf779452f,1774836946,2026-03-30T02:15:46+00:00,0.87,clob_prices_history
17398942423057686582491252867921221591924525918102079345877032638913486446065,0x139ba0e7f931f09466c0fb27fc8ddb5e77ce9d1e2bdc953a5f22765bf779452f,1774838744,2026-03-30T02:45:44+00:00,0.87,clob_prices_history
17398942423057686582491252867921221591924525918102079345877032638913486446065,0x139ba0e7f931f09466c0fb27fc8ddb5e77ce9d1e2bdc953a5f22765bf779452f,1774840543,2026-03-30T03:15:43+00:00,0.87,clob_prices_history
17398942423057686582491252867921221591924525918102079345877032638913486446065,0x139ba0e7f931f09466c0fb27fc8ddb5e77ce9d1e2bdc953a5f22765bf779452f,1774841456,2026-03-30T03:30:56+00:00,0.87,clob_prices_history
17398942423057686582491252867921221591924525918102079345877032638913486446065,0x139ba0e7f931f09466c0fb27fc8ddb5e77ce9d1e2bdc953a5f22765bf779452f,1774842346,2026-03-30T03:45:46+00:00,0.87,clob_prices_history
17398942423057686582491252867921221591924525918102079345877032638913486446065,0x139ba0e7f931f09466c0fb27fc8ddb5e77ce9d1e2bdc953a5f22765bf779452f,1774844145,2026-03-30T04:15:45+00:00,0.87,clob_prices_history
17398942423057686582491252867921221591924525918102079345877032638913486446065,0x139ba0e7f931f09466c0fb27fc8ddb5e77ce9d1e2bdc953a5f22765bf779452f,1774845949,2026-03-30T04:45:49+00:00,0.87,clob_prices_history
17398942423057686582491252867921221591924525918102079345877032638913486446065,0x139ba0e7f931f09466c0fb27fc8ddb5e77ce9d1e2bdc953a5f22765bf779452f,1774847746,2026-03-30T05:15:46+00:00,0.87,clob_prices_history
17398942423057686582491252867921221591924525918102079345877032638913486446065,0x139ba0e7f931f09466c0fb27fc8ddb5e77ce9d1e2bdc953a5f22765bf779452f,1774849547,2026-03-30T05:45:47+00:00,0.87,clob_prices_history
17398942423057686582491252867921221591924525918102079345877032638913486446065,0x139ba0e7f931f09466c0fb27fc8ddb5e77ce9d1e2bdc953a5f22765bf779452f,1774851345,2026-03-30T06:15:45+00:00,0.87,clob_prices_history
17398942423057686582491252867921221591924525918102079345877032638913486446065,0x139ba0e7f931f09466c0fb27fc8ddb5e77ce9d1e2bdc953a5f22765bf779452f,1774853146,2026-03-30T06:45:46+00:00,0.87,clob_prices_history
17398942423057686582491252867921221591924525918102079345877032638913486446065,0x139ba0e7f931f09466c0fb27fc8ddb5e77ce9d1e2bdc953a5f22765bf779452f,1774854945,2026-03-30T07:15:45+00:00,0.87,clob_prices_history
17398942423057686582491252867921221591924525918102079345877032638913486446065,0x139ba0e7f931f09466c0fb27fc8ddb5e77ce9d1e2bdc953a5f22765bf779452f,1774856746,2026-03-30T07:45:46+00:00,0.87,clob_prices_history
17398942423057686582491252867921221591924525918102079345877032638913486446065,0x139ba0e7f931f09466c0fb27fc8ddb5e77ce9d1e2bdc953a5f22765bf779452f,1774857658,2026-03-30T08:00:58+00:00,0.87,clob_prices_history
17398942423057686582491252867921221591924525918102079345877032638913486446065,0x139ba0e7f931f09466c0fb27fc8ddb5e77ce9d1e2bdc953a5f22765bf779452f,1774858547,2026-03-30T08:15:47+00:00,0.87,clob_prices_history
17398942423057686582491252867921221591924525918102079345877032638913486446065,0x139ba0e7f931f09466c0fb27fc8ddb5e77ce9d1e2bdc953a5f22765bf779452f,1774859453,2026-03-30T08:30:53+00:00,0.87,clob_prices_history
17398942423057686582491252867921221591924525918102079345877032638913486446065,0x139ba0e7f931f09466c0fb27fc8ddb5e77ce9d1e2bdc953a5f22765bf779452f,1774860346,2026-03-30T08:45:46+00:00,0.87,clob_prices_history
17398942423057686582491252867921221591924525918102079345877032638913486446065,0x139ba0e7f931f09466c0fb27fc8ddb5e77ce9d1e2bdc953a5f22765bf779452f,1774862145,2026-03-30T09:15:45+00:00,0.87,clob_prices_history
17398942423057686582491252867921221591924525918102079345877032638913486446065,0x139ba0e7f931f09466c0fb27fc8ddb5e77ce9d1e2bdc953a5f22765bf779452f,1774863059,2026-03-30T09:30:59+00:00,0.87,clob_prices_history
17398942423057686582491252867921221591924525918102079345877032638913486446065,0x139ba0e7f931f09466c0fb27fc8ddb5e77ce9d1e2bdc953a5f22765bf779452f,1774863945,2026-03-30T09:45:45+00:00,0.87,clob_prices_history
17398942423057686582491252867921221591924525918102079345877032638913486446065,0x139ba0e7f931f09466c0fb27fc8ddb5e77ce9d1e2bdc953a5f22765bf779452f,1774864852,2026-03-30T10:00:52+00:00,0.87,clob_prices_history
17398942423057686582491252867921221591924525918102079345877032638913486446065,0x139ba0e7f931f09466c0fb27fc8ddb5e77ce9d1e2bdc953a5f22765bf779452f,1774865744,2026-03-30T10:15:44+00:00,0.87,clob_prices_history
17398942423057686582491252867921221591924525918102079345877032638913486446065,0x139ba0e7f931f09466c0fb27fc8ddb5e77ce9d1e2bdc953a5f22765bf779452f,1774867545,2026-03-30T10:45:45+00:00,0.87,clob_prices_history
17398942423057686582491252867921221591924525918102079345877032638913486446065,0x139ba0e7f931f09466c0fb27fc8ddb5e77ce9d1e2bdc953a5f22765bf779452f,1774869347,2026-03-30T11:15:47+00:00,0.87,clob_prices_history
17398942423057686582491252867921221591924525918102079345877032638913486446065,0x139ba0e7f931f09466c0fb27fc8ddb5e77ce9d1e2bdc953a5f22765bf779452f,1774871151,2026-03-30T11:45:51+00:00,0.87,clob_prices_history
17398942423057686582491252867921221591924525918102079345877032638913486446065,0x139ba0e7f931f09466c0fb27fc8ddb5e77ce9d1e2bdc953a5f22765bf779452f,1774872944,2026-03-30T12:15:44+00:00,0.87,clob_prices_history
17398942423057686582491252867921221591924525918102079345877032638913486446065,0x139ba0e7f931f09466c0fb27fc8ddb5e77ce9d1e2bdc953a5f22765bf779452f,1774874750,2026-03-30T12:45:50+00:00,0.87,clob_prices_history
17398942423057686582491252867921221591924525918102079345877032638913486446065,0x139ba0e7f931f09466c0fb27fc8ddb5e77ce9d1e2bdc953a5f22765bf779452f,1774876551,2026-03-30T13:15:51+00:00,0.87,clob_prices_history
17398942423057686582491252867921221591924525918102079345877032638913486446065,0x139ba0e7f931f09466c0fb27fc8ddb5e77ce9d1e2bdc953a5f22765bf779452f,1774878356,2026-03-30T13:45:56+00:00,0.87,clob_prices_history
17398942423057686582491252867921221591924525918102079345877032638913486446065,0x139ba0e7f931f09466c0fb27fc8ddb5e77ce9d1e2bdc953a5f22765bf779452f,1774880155,2026-03-30T14:15:55+00:00,0.87,clob_prices_history
17398942423057686582491252867921221591924525918102079345877032638913486446065,0x139ba0e7f931f09466c0fb27fc8ddb5e77ce9d1e2bdc953a5f22765bf779452f,1774881951,2026-03-30T14:45:51+00:00,0.87,clob_prices_history
17398942423057686582491252867921221591924525918102079345877032638913486446065,0x139ba0e7f931f09466c0fb27fc8ddb5e77ce9d1e2bdc953a5f22765bf779452f,1774883745,2026-03-30T15:15:45+00:00,0.87,clob_prices_history
17398942423057686582491252867921221591924525918102079345877032638913486446065,0x139ba0e7f931f09466c0fb27fc8ddb5e77ce9d1e2bdc953a5f22765bf779452f,1774885555,2026-03-30T15:45:55+00:00,0.87,clob_prices_history
17398942423057686582491252867921221591924525918102079345877032638913486446065,0x139ba0e7f931f09466c0fb27fc8ddb5e77ce9d1e2bdc953a5f22765bf779452f,1774886458,2026-03-30T16:00:58+00:00,0.87,clob_prices_history
17398942423057686582491252867921221591924525918102079345877032638913486446065,0x139ba0e7f931f09466c0fb27fc8ddb5e77ce9d1e2bdc953a5f22765bf779452f,1774887352,2026-03-30T16:15:52+00:00,0.87,clob_prices_history
17398942423057686582491252867921221591924525918102079345877032638913486446065,0x139ba0e7f931f09466c0fb27fc8ddb5e77ce9d1e2bdc953a5f22765bf779452f,1774889156,2026-03-30T16:45:56+00:00,0.875,clob_prices_history
17398942423057686582491252867921221591924525918102079345877032638913486446065,0x139ba0e7f931f09466c0fb27fc8ddb5e77ce9d1e2bdc953a5f22765bf779452f,1774890955,2026-03-30T17:15:55+00:00,0.875,clob_prices_history
17398942423057686582491252867921221591924525918102079345877032638913486446065,0x139ba0e7f931f09466c0fb27fc8ddb5e77ce9d1e2bdc953a5f22765bf779452f,1774892754,2026-03-30T17:45:54+00:00,0.875,clob_prices_history
17398942423057686582491252867921221591924525918102079345877032638913486446065,0x139ba0e7f931f09466c0fb27fc8ddb5e77ce9d1e2bdc953a5f22765bf779452f,1774894506,2026-03-30T18:15:06+00:00,0.875,clob_prices_history
17398942423057686582491252867921221591924525918102079345877032638913486446065,0x139ba0e7f931f09466c0fb27fc8ddb5e77ce9d1e2bdc953a5f22765bf779452f,1774896358,2026-03-30T18:45:58+00:00,0.875,clob_prices_history
17398942423057686582491252867921221591924525918102079345877032638913486446065,0x139ba0e7f931f09466c0fb27fc8ddb5e77ce9d1e2bdc953a5f22765bf779452f,1774898148,2026-03-30T19:15:48+00:00,0.875,clob_prices_history
17398942423057686582491252867921221591924525918102079345877032638913486446065,0x139ba0e7f931f09466c0fb27fc8ddb5e77ce9d1e2bdc953a5f22765bf779452f,1774899948,2026-03-30T19:45:48+00:00,0.87,clob_prices_history
17398942423057686582491252867921221591924525918102079345877032638913486446065,0x139ba0e7f931f09466c0fb27fc8ddb5e77ce9d1e2bdc953a5f22765bf779452f,1774901759,2026-03-30T20:15:59+00:00,0.87,clob_prices_history
17398942423057686582491252867921221591924525918102079345877032638913486446065,0x139ba0e7f931f09466c0fb27fc8ddb5e77ce9d1e2bdc953a5f22765bf779452f,1774903548,2026-03-30T20:45:48+00:00,0.875,clob_prices_history
17398942423057686582491252867921221591924525918102079345877032638913486446065,0x139ba0e7f931f09466c0fb27fc8ddb5e77ce9d1e2bdc953a5f22765bf779452f,1774905348,2026-03-30T21:15:48+00:00,0.875,clob_prices_history
17398942423057686582491252867921221591924525918102079345877032638913486446065,0x139ba0e7f931f09466c0fb27fc8ddb5e77ce9d1e2bdc953a5f22765bf779452f,1774907157,2026-03-30T21:45:57+00:00,0.875,clob_prices_history
17398942423057686582491252867921221591924525918102079345877032638913486446065,0x139ba0e7f931f09466c0fb27fc8ddb5e77ce9d1e2bdc953a5f22765bf779452f,1774908056,2026-03-30T22:00:56+00:00,0.875,clob_prices_history
17398942423057686582491252867921221591924525918102079345877032638913486446065,0x139ba0e7f931f09466c0fb27fc8ddb5e77ce9d1e2bdc953a5f22765bf779452f,1774908946,2026-03-30T22:15:46+00:00,0.875,clob_prices_history
17398942423057686582491252867921221591924525918102079345877032638913486446065,0x139ba0e7f931f09466c0fb27fc8ddb5e77ce9d1e2bdc953a5f22765bf779452f,1774910747,2026-03-30T22:45:47+00:00,0.875,clob_prices_history
17398942423057686582491252867921221591924525918102079345877032638913486446065,0x139ba0e7f931f09466c0fb27fc8ddb5e77ce9d1e2bdc953a5f22765bf779452f,1774911659,2026-03-30T23:00:59+00:00,0.875,clob_prices_history
17398942423057686582491252867921221591924525918102079345877032638913486446065,0x139ba0e7f931f09466c0fb27fc8ddb5e77ce9d1e2bdc953a5f22765bf779452f,1774912547,2026-03-30T23:15:47+00:00,0.875,clob_prices_history
17398942423057686582491252867921221591924525918102079345877032638913486446065,0x139ba0e7f931f09466c0fb27fc8ddb5e77ce9d1e2bdc953a5f22765bf779452f,1774914347,2026-03-30T23:45:47+00:00,0.875,clob_prices_history
17398942423057686582491252867921221591924525918102079345877032638913486446065,0x139ba0e7f931f09466c0fb27fc8ddb5e77ce9d1e2bdc953a5f22765bf779452f,1774916150,2026-03-31T00:15:50+00:00,0.875,clob_prices_history
17398942423057686582491252867921221591924525918102079345877032638913486446065,0x139ba0e7f931f09466c0fb27fc8ddb5e77ce9d1e2bdc953a5f22765bf779452f,1774917954,2026-03-31T00:45:54+00:00,0.875,clob_prices_history
17398942423057686582491252867921221591924525918102079345877032638913486446065,0x139ba0e7f931f09466c0fb27fc8ddb5e77ce9d1e2bdc953a5f22765bf779452f,1774919753,2026-03-31T01:15:53+00:00,0.875,clob_prices_history
17398942423057686582491252867921221591924525918102079345877032638913486446065,0x139ba0e7f931f09466c0fb27fc8ddb5e77ce9d1e2bdc953a5f22765bf779452f,1774920657,2026-03-31T01:30:57+00:00,0.875,clob_prices_history
17398942423057686582491252867921221591924525918102079345877032638913486446065,0x139ba0e7f931f09466c0fb27fc8ddb5e77ce9d1e2bdc953a5f22765bf779452f,1774921555,2026-03-31T01:45:55+00:00,0.875,clob_prices_history
17398942423057686582491252867921221591924525918102079345877032638913486446065,0x139ba0e7f931f09466c0fb27fc8ddb5e77ce9d1e2bdc953a5f22765bf779452f,1774923349,2026-03-31T02:15:49+00:00,0.875,clob_prices_history
17398942423057686582491252867921221591924525918102079345877032638913486446065,0x139ba0e7f931f09466c0fb27fc8ddb5e77ce9d1e2bdc953a5f22765bf779452f,1774925147,2026-03-31T02:45:47+00:00,0.875,clob_prices_history
17398942423057686582491252867921221591924525918102079345877032638913486446065,0x139ba0e7f931f09466c0fb27fc8ddb5e77ce9d1e2bdc953a5f22765bf779452f,1774926947,2026-03-31T03:15:47+00:00,0.875,clob_prices_history
17398942423057686582491252867921221591924525918102079345877032638913486446065,0x139ba0e7f931f09466c0fb27fc8ddb5e77ce9d1e2bdc953a5f22765bf779452f,1774928750,2026-03-31T03:45:50+00:00,0.875,clob_prices_history
17398942423057686582491252867921221591924525918102079345877032638913486446065,0x139ba0e7f931f09466c0fb27fc8ddb5e77ce9d1e2bdc953a5f22765bf779452f,1774929658,2026-03-31T04:00:58+00:00,0.875,clob_prices_history
17398942423057686582491252867921221591924525918102079345877032638913486446065,0x139ba0e7f931f09466c0fb27fc8ddb5e77ce9d1e2bdc953a5f22765bf779452f,1774930551,2026-03-31T04:15:51+00:00,0.875,clob_prices_history
17398942423057686582491252867921221591924525918102079345877032638913486446065,0x139ba0e7f931f09466c0fb27fc8ddb5e77ce9d1e2bdc953a5f22765bf779452f,1774931445,2026-03-31T04:30:45+00:00,0.875,clob_prices_history
17398942423057686582491252867921221591924525918102079345877032638913486446065,0x139ba0e7f931f09466c0fb27fc8ddb5e77ce9d1e2bdc953a5f22765bf779452f,1774932319,2026-03-31T04:45:19+00:00,0.875,clob_prices_history
17398942423057686582491252867921221591924525918102079345877032638913486446065,0x139ba0e7f931f09466c0fb27fc8ddb5e77ce9d1e2bdc953a5f22765bf779452f,1774933256,2026-03-31T05:00:56+00:00,0.875,clob_prices_history
17398942423057686582491252867921221591924525918102079345877032638913486446065,0x139ba0e7f931f09466c0fb27fc8ddb5e77ce9d1e2bdc953a5f22765bf779452f,1774934151,2026-03-31T05:15:51+00:00,0.875,clob_prices_history
17398942423057686582491252867921221591924525918102079345877032638913486446065,0x139ba0e7f931f09466c0fb27fc8ddb5e77ce9d1e2bdc953a5f22765bf779452f,1774935954,2026-03-31T05:45:54+00:00,0.875,clob_prices_history
17398942423057686582491252867921221591924525918102079345877032638913486446065,0x139ba0e7f931f09466c0fb27fc8ddb5e77ce9d1e2bdc953a5f22765bf779452f,1774937750,2026-03-31T06:15:50+00:00,0.875,clob_prices_history
17398942423057686582491252867921221591924525918102079345877032638913486446065,0x139ba0e7f931f09466c0fb27fc8ddb5e77ce9d1e2bdc953a5f22765bf779452f,1774939556,2026-03-31T06:45:56+00:00,0.875,clob_prices_history
17398942423057686582491252867921221591924525918102079345877032638913486446065,0x139ba0e7f931f09466c0fb27fc8ddb5e77ce9d1e2bdc953a5f22765bf779452f,1774943153,2026-03-31T07:45:53+00:00,0.875,clob_prices_history
17398942423057686582491252867921221591924525918102079345877032638913486446065,0x139ba0e7f931f09466c0fb27fc8ddb5e77ce9d1e2bdc953a5f22765bf779452f,1774944951,2026-03-31T08:15:51+00:00,0.875,clob_prices_history
17398942423057686582491252867921221591924525918102079345877032638913486446065,0x139ba0e7f931f09466c0fb27fc8ddb5e77ce9d1e2bdc953a5f22765bf779452f,1774945806,2026-03-31T08:30:06+00:00,0.875,clob_prices_history
17398942423057686582491252867921221591924525918102079345877032638913486446065,0x139ba0e7f931f09466c0fb27fc8ddb5e77ce9d1e2bdc953a5f22765bf779452f,1774946752,2026-03-31T08:45:52+00:00,0.87,clob_prices_history
17398942423057686582491252867921221591924525918102079345877032638913486446065,0x139ba0e7f931f09466c0fb27fc8ddb5e77ce9d1e2bdc953a5f22765bf779452f,1774948555,2026-03-31T09:15:55+00:00,0.87,clob_prices_history
17398942423057686582491252867921221591924525918102079345877032638913486446065,0x139ba0e7f931f09466c0fb27fc8ddb5e77ce9d1e2bdc953a5f22765bf779452f,1774950350,2026-03-31T09:45:50+00:00,0.87,clob_prices_history
17398942423057686582491252867921221591924525918102079345877032638913486446065,0x139ba0e7f931f09466c0fb27fc8ddb5e77ce9d1e2bdc953a5f22765bf779452f,1774952152,2026-03-31T10:15:52+00:00,0.87,clob_prices_history
17398942423057686582491252867921221591924525918102079345877032638913486446065,0x139ba0e7f931f09466c0fb27fc8ddb5e77ce9d1e2bdc953a5f22765bf779452f,1774953948,2026-03-31T10:45:48+00:00,0.86,clob_prices_history
17398942423057686582491252867921221591924525918102079345877032638913486446065,0x139ba0e7f931f09466c0fb27fc8ddb5e77ce9d1e2bdc953a5f22765bf779452f,1774955755,2026-03-31T11:15:55+00:00,0.86,clob_prices_history
17398942423057686582491252867921221591924525918102079345877032638913486446065,0x139ba0e7f931f09466c0fb27fc8ddb5e77ce9d1e2bdc953a5f22765bf779452f,1774957554,2026-03-31T11:45:54+00:00,0.85,clob_prices_history
17398942423057686582491252867921221591924525918102079345877032638913486446065,0x139ba0e7f931f09466c0fb27fc8ddb5e77ce9d1e2bdc953a5f22765bf779452f,1774959356,2026-03-31T12:15:56+00:00,0.85,clob_prices_history
17398942423057686582491252867921221591924525918102079345877032638913486446065,0x139ba0e7f931f09466c0fb27fc8ddb5e77ce9d1e2bdc953a5f22765bf779452f,1774961103,2026-03-31T12:45:03+00:00,0.85,clob_prices_history
17398942423057686582491252867921221591924525918102079345877032638913486446065,0x139ba0e7f931f09466c0fb27fc8ddb5e77ce9d1e2bdc953a5f22765bf779452f,1774962951,2026-03-31T13:15:51+00:00,0.85,clob_prices_history
17398942423057686582491252867921221591924525918102079345877032638913486446065,0x139ba0e7f931f09466c0fb27fc8ddb5e77ce9d1e2bdc953a5f22765bf779452f,1774964759,2026-03-31T13:45:59+00:00,0.85,clob_prices_history
17398942423057686582491252867921221591924525918102079345877032638913486446065,0x139ba0e7f931f09466c0fb27fc8ddb5e77ce9d1e2bdc953a5f22765bf779452f,1774967428,2026-03-31T14:30:28+00:00,0.85,clob_prices_history
17398942423057686582491252867921221591924525918102079345877032638913486446065,0x139ba0e7f931f09466c0fb27fc8ddb5e77ce9d1e2bdc953a5f22765bf779452f,1774968303,2026-03-31T14:45:03+00:00,0.85,clob_prices_history
17398942423057686582491252867921221591924525918102079345877032638913486446065,0x139ba0e7f931f09466c0fb27fc8ddb5e77ce9d1e2bdc953a5f22765bf779452f,1774970152,2026-03-31T15:15:52+00:00,0.845,clob_prices_history
17398942423057686582491252867921221591924525918102079345877032638913486446065,0x139ba0e7f931f09466c0fb27fc8ddb5e77ce9d1e2bdc953a5f22765bf779452f,1774971958,2026-03-31T15:45:58+00:00,0.845,clob_prices_history
17398942423057686582491252867921221591924525918102079345877032638913486446065,0x139ba0e7f931f09466c0fb27fc8ddb5e77ce9d1e2bdc953a5f22765bf779452f,1774973752,2026-03-31T16:15:52+00:00,0.845,clob_prices_history
17398942423057686582491252867921221591924525918102079345877032638913486446065,0x139ba0e7f931f09466c0fb27fc8ddb5e77ce9d1e2bdc953a5f22765bf779452f,1774974606,2026-03-31T16:30:06+00:00,0.845,clob_prices_history
17398942423057686582491252867921221591924525918102079345877032638913486446065,0x139ba0e7f931f09466c0fb27fc8ddb5e77ce9d1e2bdc953a5f22765bf779452f,1774976434,2026-03-31T17:00:34+00:00,0.845,clob_prices_history
17398942423057686582491252867921221591924525918102079345877032638913486446065,0x139ba0e7f931f09466c0fb27fc8ddb5e77ce9d1e2bdc953a5f22765bf779452f,1774977308,2026-03-31T17:15:08+00:00,0.845,clob_prices_history
17398942423057686582491252867921221591924525918102079345877032638913486446065,0x139ba0e7f931f09466c0fb27fc8ddb5e77ce9d1e2bdc953a5f22765bf779452f,1774978248,2026-03-31T17:30:48+00:00,0.845,clob_prices_history
17398942423057686582491252867921221591924525918102079345877032638913486446065,0x139ba0e7f931f09466c0fb27fc8ddb5e77ce9d1e2bdc953a5f22765bf779452f,1774979109,2026-03-31T17:45:09+00:00,0.845,clob_prices_history
17398942423057686582491252867921221591924525918102079345877032638913486446065,0x139ba0e7f931f09466c0fb27fc8ddb5e77ce9d1e2bdc953a5f22765bf779452f,1774980959,2026-03-31T18:15:59+00:00,0.845,clob_prices_history
17398942423057686582491252867921221591924525918102079345877032638913486446065,0x139ba0e7f931f09466c0fb27fc8ddb5e77ce9d1e2bdc953a5f22765bf779452f,1774982758,2026-03-31T18:45:58+00:00,0.845,clob_prices_history
17398942423057686582491252867921221591924525918102079345877032638913486446065,0x139ba0e7f931f09466c0fb27fc8ddb5e77ce9d1e2bdc953a5f22765bf779452f,1774984505,2026-03-31T19:15:05+00:00,0.845,clob_prices_history
17398942423057686582491252867921221591924525918102079345877032638913486446065,0x139ba0e7f931f09466c0fb27fc8ddb5e77ce9d1e2bdc953a5f22765bf779452f,1774985423,2026-03-31T19:30:23+00:00,0.845,clob_prices_history
17398942423057686582491252867921221591924525918102079345877032638913486446065,0x139ba0e7f931f09466c0fb27fc8ddb5e77ce9d1e2bdc953a5f22765bf779452f,1774986343,2026-03-31T19:45:43+00:00,0.845,clob_prices_history
17398942423057686582491252867921221591924525918102079345877032638913486446065,0x139ba0e7f931f09466c0fb27fc8ddb5e77ce9d1e2bdc953a5f22765bf779452f,1774987201,2026-03-31T20:00:01+00:00,0.845,clob_prices_history
17398942423057686582491252867921221591924525918102079345877032638913486446065,0x139ba0e7f931f09466c0fb27fc8ddb5e77ce9d1e2bdc953a5f22765bf779452f,1774988156,2026-03-31T20:15:56+00:00,0.845,clob_prices_history
17398942423057686582491252867921221591924525918102079345877032638913486446065,0x139ba0e7f931f09466c0fb27fc8ddb5e77ce9d1e2bdc953a5f22765bf779452f,1774989901,2026-03-31T20:45:01+00:00,0.845,clob_prices_history
17398942423057686582491252867921221591924525918102079345877032638913486446065,0x139ba0e7f931f09466c0fb27fc8ddb5e77ce9d1e2bdc953a5f22765bf779452f,1774991700,2026-03-31T21:15:00+00:00,0.845,clob_prices_history
17398942423057686582491252867921221591924525918102079345877032638913486446065,0x139ba0e7f931f09466c0fb27fc8ddb5e77ce9d1e2bdc953a5f22765bf779452f,1774991756,2026-03-31T21:15:56+00:00,0.845,clob_prices_history
17398942423057686582491252867921221591924525918102079345877032638913486446065,0x139ba0e7f931f09466c0fb27fc8ddb5e77ce9d1e2bdc953a5f22765bf779452f,1774995350,2026-03-31T22:15:50+00:00,0.845,clob_prices_history
17398942423057686582491252867921221591924525918102079345877032638913486446065,0x139ba0e7f931f09466c0fb27fc8ddb5e77ce9d1e2bdc953a5f22765bf779452f,1774997106,2026-03-31T22:45:06+00:00,0.845,clob_prices_history
17398942423057686582491252867921221591924525918102079345877032638913486446065,0x139ba0e7f931f09466c0fb27fc8ddb5e77ce9d1e2bdc953a5f22765bf779452f,1774998952,2026-03-31T23:15:52+00:00,0.845,clob_prices_history
17398942423057686582491252867921221591924525918102079345877032638913486446065,0x139ba0e7f931f09466c0fb27fc8ddb5e77ce9d1e2bdc953a5f22765bf779452f,1774999856,2026-03-31T23:30:56+00:00,0.845,clob_prices_history
17398942423057686582491252867921221591924525918102079345877032638913486446065,0x139ba0e7f931f09466c0fb27fc8ddb5e77ce9d1e2bdc953a5f22765bf779452f,1775000752,2026-03-31T23:45:52+00:00,0.845,clob_prices_history
